r,z,u_r,u_z,u_swirl,p,T
0,0,0,0,-0.00024038207,0,1700.12274
0,0.000357650242,1.73869938e-06,-3.36104391e-06,-0.000238108945,-0.0210613847,1700.27798
0,0.000741017226,3.54332143e-06,-1.02560549e-05,-0.000235681394,-0.0651080415,1700.48749
0,0.00115195011,5.40531648e-06,-2.31965587e-05,-0.000233088827,-0.112732793,1700.68128
0,0.00159243101,7.32437469e-06,-4.25628838e-05,-0.000230320662,-0.164517691,1700.86481
0,0.00206458457,9.2985146e-06,-6.97054037e-05,-0.00022736633,-0.218532892,1701.04113
0,0.0025706882,1.13224696e-05,-0.000105766881,-0.000224215077,-0.275133185,1701.21196
0,0.00311318307,1.33897662e-05,-0.000152131067,-0.00022085596,-0.334118178,1701.37827
0,0.00369468589,1.54921602e-05,-0.000210273727,-0.000217277907,-0.39556196,1701.54048
0,0.00431800152,1.76197074e-05,-0.000281828276,-0.000213469797,-0.459456089,1701.69865
0,0.00498613648,1.97605172e-05,-0.000368566304,-0.000209420575,-0.525810706,1701.85255
0,0.0057023135,2.1900623e-05,-0.000472402671,-0.000205119386,-0.5946132,1702.00164
0,0.00646998704,2.40237996e-05,-0.000595385191,-0.000200555743,-0.665839003,1702.14513
0,0.00729285993,2.61115008e-05,-0.000739682145,-0.000195719704,-0.739448103,1702.28198
0,0.00817490128,2.81427354e-05,-0.000907560915,-0.000190602075,-0.815387543,1702.41087
0,0.00912036556,3.009398e-05,-0.00110135899,-0.000185194636,-0.893597905,1702.53019
0,0.0101338132,3.19392552e-05,-0.00132343963,-0.000179490383,-0.974000328,1702.63803
0,0.0112201325,3.36497838e-05,-0.00157614238,-0.000173483797,-1.05653003,1702.73222
0,0.0123845633,3.51943698e-05,-0.00186169721,-0.0001671711,-1.14108185,1702.81036
0,0.0136327222,3.65388402e-05,-0.00218216002,-0.000160550529,-1.22764481,1702.86994
0,0.0149706296,3.76479419e-05,-0.00253924119,-0.000153622563,-1.31604616,1702.90835
0,0.0164047389,3.84822811e-05,-0.00293427599,-0.000146390116,-1.40647452,1702.92388
0,0.0179419674,3.90051041e-05,-0.00336784,-0.000138858673,-1.49850006,1702.9152
0,0.0195897299,3.91720306e-05,-0.00383993911,-0.000131036348,-1.59287405,1702.88133
0,0.0213559743,3.89514672e-05,-0.00434907812,-0.000122933811,-1.68837391,1702.82292
0,0.0232492201,3.82928829e-05,-0.004893198,-0.000114564129,-1.78720001,1702.74189
0,0.0252785992,3.71825676e-05,-0.00546735198,-0.000105942379,-1.88601704,1702.64118
0,0.0274539002,3.5560524e-05,-0.00606672112,-9.70852334e-05,-1.99040079,1702.52441
0,0.0297856156,3.34556557e-05,-0.00668097072,-8.80102064e-05,-2.09204302,1702.39525
0,0.0322849924,3.07910327e-05,-0.00730233675,-7.87351204e-05,-2.20339597,1702.2568
0,0.0349640862,2.76682038e-05,-0.0079126226,-6.92770813e-05,-2.30605739,1702.11112
0,0.0378358195,2.39701636e-05,-0.00850168993,-5.96522588e-05,-2.42304374,1701.95895
0,0.040914044,1.97929761e-05,-0.00904021356,-4.98750679e-05,-2.52576129,1701.79987
0,0.0442136074,1.505809e-05,-0.00951170199,-3.99585241e-05,-2.66327303,1701.63249
0,0.0477504251,1.02804314e-05,-0.00987553805,-2.99143926e-05,-2.76092002,1701.45473
0,0.0515415566,4.99419382e-06,-0.0101175985,-1.97562564e-05,-2.94345796,1701.26402
0,0.0556052884,5.41280719e-08,-0.0102301287,-9.50181074e-06,-3.06954695,1701.05729
0,0.0599612217,-4.64003049e-06,-0.0101017577,8.22607821e-07,-3.18038041,1700.83092
0,0.0646303672,-9.69650727e-06,-0.00978560869,1.1173673e-05,-3.42427699,1700.58049
0,0.0696352464,-1.37746491e-05,-0.00923099382,2.14879328e-05,-3.5993508,1700.30013
0,0.075,-1.69603674e-05,-0.00842251357,3.16797565e-05,-3.84715078,1699.98194
0,0.0803647536,-1.88250913e-05,-0.00747525927,4.09981208e-05,-4.0923982,1699.64061
0,0.0853696328,-1.96955381e-05,-0.00648306178,4.88994989e-05,-4.36786053,1699.29545
0,0.0900387783,-1.95556948e-05,-0.0055192217,5.55761046e-05,-4.63193249,1698.94341
0,0.0943947116,-1.8854413e-05,-0.00460597228,6.12052071e-05,-4.91467652,1698.58164
0,0.0984584434,-1.76333853e-05,-0.00377710754,6.59426557e-05,-5.18835076,1698.20741
0,0.102249575,-1.61659021e-05,-0.0030378182,6.99261174e-05,-5.46795362,1697.8179
0,0.105786393,-1.45075804e-05,-0.00239681253,7.32747102e-05,-5.73809346,1697.41064
0,0.109085956,-1.28130895e-05,-0.00184914655,7.60914122e-05,-6.006229,1696.98464
0,0.112164181,-1.111934e-05,-0.00139127469,7.84637696e-05,-6.26403143,1696.5398
0,0.115035914,-9.50319962e-06,-0.00101398661,8.04655713e-05,-6.51495046,1696.07633
0,0.117715008,-7.98134472e-06,-0.000709054584,8.21584234e-05,-6.75466348,1695.59527
0,0.120214384,-6.58970289e-06,-0.000466691595,8.35935528e-05,-6.98538989,1695.09857
0,0.1225461,-5.32680159e-06,-0.000277907627,8.48132756e-05,-7.2043319,1694.58905
0,0.124721401,-4.20982362e-06,-0.000134207377,8.5852509e-05,-7.41406178,1694.07022
0,0.12675078,-3.22142236e-06,-2.75086176e-05,8.67399701e-05,-7.61138329,1693.54601
0,0.128644026,-2.37481997e-06,4.86402908e-05,8.7499344e-05,-7.80066833,1693.02057
0,0.13041027,-1.63877653e-06,0.000100879509,8.81501508e-05,-7.97653613,1692.49801
0,0.132058033,-1.0301556e-06,0.000133675246,8.8708586e-05,-8.14647331,1691.98223
0,0.133595261,-5.09437586e-07,0.000151982239,8.9188096e-05,-8.30174568,1691.47673
0,0.13502937,-9.63969582e-08,0.000159930687,8.95999359e-05,-8.45270396,1690.98455
0,0.136367278,2.34502824e-07,0.000158139452,8.99535641e-05,-8.5938286,1690.50821
0,0.137615437,5.01435984e-07,0.000151331141,9.02569596e-05,-8.72354326,1690.04963
0,0.138779867,6.95932405e-07,0.000140888656,9.05169322e-05,-8.84855238,1689.61026
0,0.139866187,8.44379267e-07,0.000127784308,9.07392772e-05,-8.96326918,1689.19104
0,0.140879634,9.37266229e-07,0.000113662378,9.09289965e-05,-9.07285326,1688.7925
0,0.141825099,9.95697295e-07,9.89971207e-05,9.10903906e-05,-9.17400434,1688.41483
0,0.14270714,1.0160261e-06,8.47145545e-05,9.12271908e-05,-9.26967004,1688.05788
0,0.143530013,1.01068721e-06,7.10806831e-05,9.13426412e-05,-9.35851639,1687.72132
0,0.144297686,9.80178563e-07,5.85107809e-05,9.14395697e-05,-9.44199131,1687.40459
0,0.145013864,9.31418232e-07,4.7130662e-05,9.15204429e-05,-9.51976216,1687.107
0,0.145681998,8.66565389e-07,3.70722623e-05,9.15874243e-05,-9.59258816,1686.82779
0,0.146305314,7.90033805e-07,2.83607237e-05,9.16424022e-05,-9.66045987,1686.56609
0,0.146886817,7.03523581e-07,2.09698641e-05,9.16870348e-05,-9.72402108,1686.32104
0,0.147429312,6.10908153e-07,1.48835763e-05,9.1722771e-05,-9.78303701,1686.09176
0,0.147935415,5.11804951e-07,9.95471919e-06,9.17508757e-05,-9.83871412,1685.87737
0,0.148407569,4.11940025e-07,6.24278192e-06,9.17724547e-05,-9.88940471,1685.67702
0,0.14884805,3.06621661e-07,3.40749923e-06,9.17884648e-05,-9.93880556,1685.4899
0,0.149258983,2.07359287e-07,1.76311139e-06,9.1799732e-05,-9.9805217,1685.31519
0,0.14964235,1.03975575e-07,1.41965718e-07,9.180694e-05,-10.025534,1685.15216
0,0.15,0,0,9.1810726e-05,-10.0530063,1685.02892
0.000219181974,0.15,0,0,0.000183621452,-10.0528732,1685
0.000220027669,0.14964235,2.05688181e-07,1.39017114e-07,0.000183613514,-10.0256144,1685.1521
0.000220934173,0.149258983,4.09858092e-07,1.76206497e-06,0.000183599071,-9.98073051,1685.31514
0.00022190586,0.14884805,6.06250129e-07,3.4053382e-06,0.000183576533,-9.93907219,1685.48983
0.000222947415,0.148407569,8.14199541e-07,6.23954412e-06,0.000183544511,-9.88980449,1685.67694
0.000224063863,0.147935415,1.01156729e-06,9.95206673e-06,0.000183501354,-9.83918492,1685.87728
0.000225260588,0.147429312,1.20726114e-06,1.48798924e-05,0.000183445146,-9.78361093,1686.09166
0.000226543365,0.146886817,1.39013509e-06,2.09659475e-05,0.000183373678,-9.72467072,1686.32092
0.000227918378,0.146305314,1.56083976e-06,2.83559578e-05,0.000183284419,-9.66118763,1686.56596
0.000229392262,0.145681998,1.71174456e-06,3.70667414e-05,0.000183174471,-9.59337493,1686.82764
0.000230972125,0.145013864,1.83946806e-06,4.71242519e-05,0.000183040521,-9.5205991,1687.10683
0.000232665587,0.144297686,1.93526122e-06,5.85032511e-05,0.00018287879,-9.44285467,1687.40439
0.000234480818,0.143530013,1.99482168e-06,7.10722823e-05,0.000182684955,-9.35939298,1687.7211
0.000236426572,0.14270714,2.00448557e-06,8.47047994e-05,0.000182454081,-9.27052408,1688.05763
0.000238512235,0.141825099,1.96305114e-06,9.89870046e-05,0.000182180515,-9.17482136,1688.41454
0.000240747867,0.140879634,1.84639527e-06,0.000113651072,0.000181857771,-9.07358004,1688.79219
0.000243144252,0.139866187,1.66064719e-06,0.000127774078,0.000181478388,-8.96388764,1689.19069
0.000245712948,0.138779867,1.36583611e-06,0.000140878462,0.000181033768,-8.8489923,1689.60986
0.000248466345,0.137615437,9.77315573e-07,0.00015132522,0.000180513909,-8.72379313,1690.04919
0.000251417725,0.136367278,4.48426231e-07,0.000158135053,0.000179907226,-8.59376651,1690.50772
0.000254581322,0.13502937,-2.10151016e-07,0.000159934052,0.000179200104,-8.45242554,1690.98402
0.000257972398,0.133595261,-1.03224803e-06,0.000152000435,0.00017837659,-8.30104895,1691.47615
0.000261607308,0.132058033,-2.0634325e-06,0.000133705465,0.000177417777,-8.14522374,1691.9816
0.000265503585,0.13041027,-3.27278396e-06,0.000100935954,0.000176301162,-7.97469768,1692.49735
0.000269680022,0.128644026,-4.73433279e-06,4.87258091e-05,0.000174999868,-7.79820995,1693.01986
0.000274156766,0.12675078,-6.41572531e-06,-2.7377748e-05,0.000173481517,-7.60818791,1693.54527
0.000278955408,0.124721401,-8.3780287e-06,-0.000134021525,0.00017170709,-7.41005105,1694.06944
0.000284099095,0.1225461,-1.05958146e-05,-0.000277646352,0.000169629242,-7.1994259,1694.58825
0.000289612638,0.120214384,-1.31033161e-05,-0.00046633776,0.000167190572,-6.97950273,1695.09775
0.000295522631,0.117715008,-1.58664771e-05,-0.00070858034,0.000164321286,-6.74774768,1695.59444
0.00030185758,0.115035914,-1.8888232e-05,-0.00101336965,0.000160936804,-6.5069362,1696.07551
0.000308648042,0.112164181,-2.20975836e-05,-0.00139047719,0.000156934737,-6.25493474,1696.53898
0.00031592677,0.109085956,-2.54609438e-05,-0.00184814866,0.000152191951,-5.99601276,1696.98384
0.000323728873,0.105786393,-2.88267931e-05,-0.00239556445,0.000146560965,-5.72689835,1697.40986
0.000332091984,0.102249575,-3.21197229e-05,-0.00303632262,0.000139866801,-5.45576869,1697.81715
0.000341056442,0.0984584434,-3.50367306e-05,-0.00377529512,0.000131903641,-5.17555817,1698.2067
0.000350665488,0.0943947116,-3.74625405e-05,-0.00460392066,0.000122433394,-4.90128058,1698.58096
0.000360965469,0.0900387783,-3.88624251e-05,-0.00551683142,0.000111180923,-4.61870291,1698.94277
0.000372006067,0.0853696328,-3.91427547e-05,-0.00648058741,9.78346977e-05,-4.35467936,1699.29485
0.000383840537,0.0803647536,-3.74361309e-05,-0.00747251233,8.20404457e-05,-4.08066668,1699.64005
0.000396525961,0.075,-3.37408573e-05,-0.00842024581,6.34101412e-05,-3.83637042,1699.98148
0.000409211385,0.0696352464,-2.74601797e-05,-0.0092290728,4.3025716e-05,-3.59135899,1700.29985
0.000421045854,0.0646303672,-1.93728433e-05,-0.00978472883,2.23925957e-05,-3.41787958,1700.5804
0.000432086453,0.0599612217,-9.29317615e-06,-0.0101011206,1.6860434e-06,-3.17900122,1700.83096
0.000442386434,0.0556052884,1.16998621e-07,-0.0102300659,-1.89669369e-05,-3.06935287,1701.05743
0.000445081285,0.15,0,0,0.000372870407,-10.0525107,1685
0.000446834408,0.14964235,4.1095513e-07,1.33472337e-07,0.000372883644,-10.0256415,1685.15211
0.000448713589,0.149258983,8.17227962e-07,1.76380489e-06,0.000372886001,-9.98087728,1685.31514
0.000450727892,0.14884805,1.210099e-06,3.40414344e-06,0.000372873963,-9.93916023,1685.48984
0.000451995479,0.0515415566,9.99103561e-06,-0.010117884,-3.9479671e-05,-2.94714144,1701.26424
0.000452887032,0.148407569,1.62414267e-06,6.23545348e-06,0.000372844766,-9.89008065,1685.67695
0.000455201426,0.147935415,2.01856157e-06,9.95152035e-06,0.000372795146,-9.8394669,1685.87728
0.000457682234,0.147429312,2.40868397e-06,1.48779049e-05,0.000372721312,-9.78400114,1686.09166
0.000460341425,0.146886817,2.7738957e-06,2.09654424e-05,0.000372618869,-9.72510328,1686.32092
0.000460959937,0.0477504251,2.05309796e-05,-0.00987592888,-5.97994561e-05,-2.76731204,1701.45499
0.000463191825,0.146305314,3.114537e-06,2.83552738e-05,0.000372482779,-9.66168669,1686.56595
0.000466247181,0.145681998,3.41595091e-06,3.70666295e-05,0.000372307247,-9.59390924,1686.82763
0.000469323049,0.0442136074,3.00451877e-05,-0.00951231092,-7.98909484e-05,-2.6726671,1701.63277
0.000469522232,0.145013864,3.67101369e-06,4.71244618e-05,0.000372085627,-9.52116879,1687.10682
0.000473032774,0.144297686,3.8625656e-06,5.8503536e-05,0.000371810328,-9.44342929,1687.40438
0.000476795741,0.143530013,3.98159123e-06,7.10731315e-05,0.000371472634,-9.35996898,1687.72108
0.000477125152,0.040914044,3.94861018e-05,-0.00904075411,-9.97269953e-05,-2.53728244,1701.80016
0.000480829284,0.14270714,4.00136471e-06,8.47052898e-05,0.000371062584,-9.27105727,1688.05761
0.00048440388,0.0378358195,4.77431292e-05,-0.00850232688,-0.000119284105,-2.43660553,1701.95924
0.000485152857,0.141825099,3.91851439e-06,9.89883495e-05,0.000370568733,-9.17531118,1688.41452
0.000489787315,0.140879634,3.68617422e-06,0.000113651985,0.000369977928,-9.073963,1688.79216
0.000491194342,0.0349640862,5.50504589e-05,-0.00791321927,-0.000138536267,-2.32103722,1702.1114
0.000494755013,0.139866187,3.31461761e-06,0.000127775602,0.000369275013,-8.96415606,1689.19066
0.000497529291,0.0322849924,6.12467301e-05,-0.00730292511,-0.000157454678,-2.21980092,1702.25707
0.000500079912,0.138779867,2.72632688e-06,0.000140881101,0.000368442487,-8.84908059,1689.60984
0.000503439283,0.0297856156,6.65371643e-05,-0.00668150185,-0.000176007014,-2.10954449,1702.3955
0.000505787696,0.137615437,1.94780779e-06,0.000151326853,0.000367459971,-8.72365778,1690.04916
0.000508952826,0.0274539002,7.07221072e-05,-0.00606720397,-0.000194159076,-2.00877256,1702.52465
0.000511905897,0.136367278,8.92572299e-07,0.000158138011,0.000366303814,-8.59335151,1690.50769
0.000514096513,0.0252785992,7.39481945e-05,-0.00546777483,-0.000211875229,-1.90499933,1702.64142
0.000518464025,0.13502937,-4.30448878e-07,0.000159934754,0.000364946198,-8.45175812,1690.98399
0.000518895156,0.0232492201,7.61579708e-05,-0.00489356579,-0.000229120449,-1.80654102,1702.74213
0.000523371899,0.0213559743,7.746931e-05,-0.00434939153,-0.000245861397,-1.70785854,1702.82317
0.000525493714,0.133595261,-2.07947288e-06,0.000152004878,0.000363354489,-8.30003117,1691.47612
0.000527548337,0.0195897299,7.79099822e-05,-0.00384020252,-0.000262067922,-1.6122885,1702.88159
0.000531444614,0.0179419674,7.75798005e-05,-0.00336805772,-0.000277713895,-1.51767106,1702.91549
0.000533028871,0.132058033,-4.13504538e-06,0.000133708621,0.00036148997,-8.1436421,1691.98157
0.000535079524,0.0164047389,7.65419828e-05,-0.00293445244,-0.00029277798,-1.42523638,1702.92422
0.000538470599,0.0149706296,7.48844512e-05,-0.00253938111,-0.000307243955,-1.33426512,1702.90875
0.000541105841,0.13041027,-6.55843143e-06,0.00010093895,0.000359306536,-7.97259877,1692.49732
0.000541634197,0.0136327222,7.26804589e-05,-0.00218226759,-0.000321100853,-1.24520051,1702.87039
0.000544585576,0.0123845633,7.000823e-05,-0.00186177676,-0.000334342854,-1.15787779,1702.8109
0.000547338974,0.0112201325,6.69379366e-05,-0.00157619757,-0.000346969004,-1.07248466,1702.73286
0.000549763583,0.128644026,-9.48623815e-06,4.8730409e-05,0.000356749067,-7.7954638,1693.01984
0.00054990767,0.0101338132,6.35374619e-05,-0.00132347391,-0.00035898284,-0.989049727,1702.63878
0.000552304054,0.00912036556,5.98688452e-05,-0.00110137542,-0.000370391919,-0.90769247,1702.53108
0.000554539686,0.00817490128,5.59892704e-05,-0.000907562267,-0.000381207291,-0.828491806,1702.41193
0.000556625349,0.00729285993,5.19503845e-05,-0.000739670836,-0.000391442969,-0.751538497,1702.28324
0.000558571104,0.00646998704,4.77989291e-05,-0.000595363348,-0.0004011154,-0.676903067,1702.14662
0.000559043858,0.12675078,-1.28578103e-05,-2.73737714e-05,0.000353751141,-7.60476713,1693.54525
0.000560386334,0.0057023135,4.35766227e-05,-0.000472372165,-0.000410242977,-0.604647864,1702.0034
0.000562079797,0.00498613648,3.93203143e-05,-0.000368528794,-0.000418845592,-0.534821285,1701.85465
0.000563659659,0.00431800152,3.50622204e-05,-0.000281785294,-0.000426944226,-0.467455217,1701.70117
0.000565133543,0.00369468589,3.08300564e-05,-0.000210226757,-0.000434560591,-0.402568793,1701.54351
0.000566508557,0.00311318307,2.66474449e-05,-0.000152081484,-0.000441716803,-0.340157972,1701.38196
0.000567791333,0.0025706882,2.25341583e-05,-0.000105716098,-0.000448435104,-0.280234797,1701.21654
0.000568988059,0.00206458457,1.85066189e-05,-6.96545046e-05,-0.000454737645,-0.222731168,1701.04695
0.000568991429,0.124721401,-1.67924941e-05,-0.000134015596,0.000350232664,-7.40583491,1694.06943
0.000570104507,0.00159243101,1.45777071e-05,-4.25134819e-05,-0.000460646302,-0.167844656,1700.87247
0.000571146062,0.00115195011,1.07576422e-05,-2.31495147e-05,-0.000466182555,-0.115237326,1700.69187
0.000572117748,0.000741017226,7.0513099e-06,-1.02136946e-05,-0.000471367415,-0.0668179905,1700.50313
0.000573024252,0.000357650242,3.46221311e-06,-3.32814001e-06,-0.000476221495,-0.0219923269,1700.30294
0.000573869947,0,0,0,-0.000480764139,-0.000558538939,1700.08602
0.000579654277,0.1225461,-2.12428456e-05,-0.000277640655,0.000346096419,-7.19437507,1694.58825
0.000591083834,0.120214384,-2.62760969e-05,-0.000466330491,0.000341224495,-6.97351616,1695.09777
0.000603335231,0.117715008,-3.18259093e-05,-0.000708571812,0.000335473482,-6.74079206,1695.59449
0.000616467561,0.115035914,-3.7897936e-05,-0.00101335936,0.000328669531,-6.49894803,1696.0756
0.000630544167,0.112164181,-4.4351031e-05,-0.00139046398,0.000320602123,-6.24591692,1696.53911
0.000645632948,0.109085956,-5.11178845e-05,-0.00184813318,0.000311017998,-5.98596142,1696.98403
0.000661806683,0.105786393,-5.7894911e-05,-0.00239554486,0.000299613721,-5.71589633,1697.41014
0.000679143387,0.102249575,-6.45293395e-05,-0.00303629918,0.000286029117,-5.44388233,1697.81752
0.000686430473,0.15,0,0,0.00057506262,-10.0519836,1685
0.000689136354,0.14964235,6.2788705e-07,1.2591592e-07,0.00057508429,-10.0255735,1685.15212
0.0006920368,0.149258983,1.24930328e-06,1.77189946e-06,0.000575089622,-9.98078407,1685.31515
0.000695145802,0.14884805,1.85403194e-06,3.40562744e-06,0.000575072964,-9.93882374,1685.48984
0.000697726681,0.0984584434,-7.0415372e-05,-0.00377525747,0.000269840367,-5.16302488,1698.20718
0.000698478356,0.148407569,2.48520415e-06,6.23186167e-06,0.000575029994,-9.88988669,1685.67696
0.000702050537,0.147935415,3.0903448e-06,9.95329026e-06,0.000574955664,-9.83914902,1685.87729
0.000705879574,0.147429312,3.68616555e-06,1.48773017e-05,0.000574844127,-9.78371098,1686.09166
0.000709983937,0.146886817,4.24551654e-06,2.09668717e-05,0.000574688612,-9.72475657,1686.32092
0.000714383423,0.146305314,4.76629757e-06,2.83561056e-05,0.000574481349,-9.66133081,1686.56594
0.000717646202,0.0943947116,-7.53185776e-05,-0.00460387752,0.000250556932,-4.88831692,1698.58157
0.000719099253,0.145681998,5.22767086e-06,3.7067986e-05,0.000574213403,-9.59351784,1686.82761
0.000724154174,0.145013864,5.61770032e-06,4.71258962e-05,0.000573874535,-9.52076256,1687.1068
0.000729572566,0.144297686,5.91107577e-06,5.85046066e-05,0.000573453036,-9.44299207,1687.40435
0.000735380568,0.143530013,6.09289295e-06,7.10746905e-05,0.000572935471,-9.35952637,1687.72105
0.000738998031,0.0900387783,-7.8165549e-05,-0.00551677042,0.000227611663,-4.60572513,1698.94353
0.000741606192,0.14270714,6.12384089e-06,8.47057533e-05,0.000572306477,-9.2705838,1688.05758
0.000748279467,0.141825099,5.9965366e-06,9.89897966e-05,0.000571548404,-9.17485136,1688.41448
0.000755432583,0.140879634,5.64226976e-06,0.000113652054,0.000570640967,-9.07347284,1688.79212
0.000761885158,0.0853696328,-7.8762867e-05,-0.00648052513,0.00020036201,-4.34203968,1699.29579
0.000763100042,0.139866187,5.07320533e-06,0.000127776314,0.000569560789,-8.96369641,1689.19061
0.000771318827,0.138779867,4.17486543e-06,0.00014088256,0.000568280875,-8.84860457,1689.60978
0.000780128581,0.137615437,2.98459698e-06,0.00015132633,0.00056676979,-8.72319149,1690.04911
0.000786417976,0.0803647536,-7.53773533e-05,-0.00747241756,0.00016807689,-4.06901992,1699.64117
0.000789571799,0.136367278,1.37272069e-06,0.000158140809,0.000564991051,-8.59291612,1690.50763
0.000799694028,0.13502937,-6.56224608e-07,0.000159932662,0.00056290174,-8.45134841,1690.98393
0.000810544094,0.133595261,-3.18120081e-06,0.000152006831,0.000560451513,-8.2997162,1691.47606
0.000812714821,0.075,-6.79830178e-05,-0.00842010614,0.000129955141,-3.82620916,1699.98279
0.000822174331,0.132058033,-6.31868582e-06,0.000133707916,0.000557580633,-8.14337127,1691.98151
0.000834640837,0.13041027,-1.00267418e-05,0.000100938407,0.000554217968,-7.97246075,1692.49726
0.000839011666,0.0696352464,-5.54328124e-05,-0.00922890267,8.8206308e-05,-3.58337844,1700.30134
0.000848003743,0.128644026,-1.45002969e-05,4.87318292e-05,0.00055027847,-7.7953529,1693.01979
0.000862327506,0.12675078,-1.96579312e-05,-2.73739747e-05,0.000545659657,-7.60480211,1693.54521
0.000863544484,0.0646303672,-3.91773841e-05,-0.00978453802,4.59160885e-05,-3.41236801,1700.58202
0.000877681215,0.124721401,-2.56746559e-05,-0.000134012536,0.000540237945,-7.40597245,1694.06942
0.000886431611,0.0599612217,-1.88492573e-05,-0.0101008796,3.44882663e-06,-3.17738043,1700.83268
0.000894138928,0.1225461,-3.24819808e-05,-0.000277638233,0.00053386333,-7.19467803,1694.58827
0.00090778344,0.0556052884,2.51059339e-07,-0.0102297747,-3.89306015e-05,-3.06964536,1701.05919
0.000911780028,0.120214384,-4.01789701e-05,-0.000466325224,0.000526353876,-6.97396301,1695.09782
0.000927702961,0.0515415566,2.02754185e-05,-0.0101176666,-8.104072e-05,-2.94970667,1701.26601
0.000930689607,0.117715008,-4.86673427e-05,-0.000708564263,0.000517488302,-6.74142409,1695.59459
0.000946286256,0.0477504251,4.15731457e-05,-0.00987578557,-0.000122770255,-2.77318667,1701.45674
0.000950958874,0.115035914,-5.79535138e-05,-0.00101334818,0.000506998351,-6.49975523,1696.07576
0.000956088417,0.15,0,0,0.00080097072,-10.0513523,1685
0.000959766394,0.14964235,8.7176469e-07,1.15571225e-07,0.000800924556,-10.0254752,1685.15212
0.000963622959,0.0442136074,6.0821304e-05,-0.00951207211,-0.000164044074,-2.680829,1701.63447
0.000963708835,0.149258983,1.73788451e-06,1.78313279e-06,0.000800851076,-9.98066963,1685.31516
0.000967934756,0.14884805,2.58503913e-06,3.40789092e-06,0.000800742036,-9.93844898,1685.48986
0.000972464541,0.148407569,3.46033679e-06,6.22752202e-06,0.000800591097,-9.88970205,1685.67697
0.000972685597,0.112164181,-6.78235454e-05,-0.00139044696,0.000494559191,-6.24692549,1696.53936
0.000977320039,0.147935415,4.30482841e-06,9.95583437e-06,0.000800390948,-9.83884674,1685.8773
0.000979796695,0.040914044,7.98717012e-05,-0.00904043367,-0.00020480425,-2.54783896,1701.80178
0.00098252467,0.147429312,5.1321924e-06,1.48770216e-05,0.000800133184,-9.78346036,1686.09165
0.000988103539,0.146886817,5.91100107e-06,2.09692181e-05,0.000799808118,-9.72446036,1686.3209
0.000994083555,0.146305314,6.63437594e-06,2.8357756e-05,0.000799404687,-9.66104058,1686.56592
0.000994885475,0.0378358195,9.64688768e-05,-0.00850208244,-0.000245000676,-2.4489384,1701.96077
0.000995974575,0.109085956,-7.8173035e-05,-0.00184811066,0.000479780029,-5.98715643,1696.98439
0.00100049356,0.145681998,7.27570635e-06,3.70702785e-05,0.000798910207,-9.59320158,1686.82758
0.00100736448,0.145013864,7.81676803e-06,4.7128278e-05,0.000798310198,-9.52044213,1687.10676
0.00100896208,0.0349640862,0.000111153052,-0.00791300833,-0.000284578354,-2.33485578,1702.11283
0.00101472945,0.144297686,8.22389634e-06,5.8506358e-05,0.000797588153,-9.44264436,1687.40431
0.00102093814,0.105786393,-8.85389261e-05,-0.00239551256,0.000462192655,-5.7172947,1697.41064
0.00102209441,0.0322849924,0.000123656177,-0.00730273652,-0.000323476782,-2.23484056,1702.2584
0.00102262399,0.143530013,8.47458641e-06,7.10771508e-05,0.000796725182,-9.35918022,1687.721
0.00103108619,0.14270714,8.51674986e-06,8.47065347e-05,0.000795699748,-9.27019984,1688.05752
0.00103434581,0.0297856156,0.000134335717,-0.00668132769,-0.000361628398,-2.12567814,1702.39672
0.00104015686,0.141825099,8.33656325e-06,9.89920879e-05,0.000794487164,-9.17448483,1688.41442
0.00104577536,0.0274539002,0.000142800437,-0.00606703307,-0.000398961927,-2.02564181,1702.52577
0.0010476967,0.102249575,-9.86841911e-05,-0.00303625707,0.000441241282,-5.44543283,1697.81819
0.00104987976,0.140879634,7.8435058e-06,0.000113652061,0.000793059125,-9.07305443,1688.79204
0.00105643821,0.0252785992,0.000149328671,-0.00546761273,-0.000435403273,-1.92245523,1702.64246
0.00106030178,0.139866187,7.0488247e-06,0.000127777533,0.000791383091,-8.96330756,1689.19053
0.00106638578,0.0232492201,0.000153809997,-0.00489340715,-0.000470879691,-1.82427441,1702.74311
0.00107147319,0.138779867,5.80063734e-06,0.000140884052,0.000789421544,-8.84816043,1689.6097
0.00107566606,0.0213559743,0.000156475568,-0.00434924093,-0.000505321997,-1.72571322,1702.82412
0.00107637933,0.0984584434,-0.000107688559,-0.00377519129,0.000416271935,-5.16474858,1698.20804
0.00108344788,0.137615437,4.14628042e-06,0.000151325746,0.000787130893,-8.72275616,1690.04901
0.0010843238,0.0195897299,0.000157384935,-0.00384005618,-0.000538667629,-1.63002934,1702.88254
0.00109240077,0.0179419674,0.000156736214,-0.00336791787,-0.000570862375,-1.53515633,1702.91647
0.0010962836,0.136367278,1.90670476e-06,0.000158145813,0.000784460614,-8.59247315,1690.50753
0.00109993593,0.0164047389,0.000154658836,-0.00293431647,-0.000601861925,-1.44229546,1702.92529
0.00110696562,0.0149706296,0.000151328719,-0.00253924955,-0.000631632543,-1.35078131,1702.90996
0.00110712438,0.0943947116,-0.000115188456,-0.00460379699,0.000386527668,-4.89015379,1698.58267
0.00111004227,0.13502937,-9.13767274e-07,0.000159928757,0.00078135137,-8.45087397,1690.98383
0.00111352375,0.0136327222,0.000146894384,-0.0021821388,-0.000660151352,-1.26105565,1702.87178
0.00111964195,0.0123845633,0.000141513097,-0.00186165087,-0.000687406097,-1.17298588,1702.81253
0.00112479026,0.133595261,-4.42199727e-06,0.000152009314,0.000777733632,-8.29930277,1691.47596
0.00112534973,0.0112201325,0.000135326826,-0.00157607376,-0.000713394572,-1.08676939,1702.73479
0.00113067463,0.0101338132,0.000128472218,-0.00132335189,-0.00073812384,-1.00245517,1702.64108
0.00113564233,0.00912036556,0.000121074424,-0.00110125491,-0.000761609261,-0.920176187,1702.53382
0.00114008014,0.0900387783,-0.000119546821,-0.00551665743,0.000351133312,-4.60766619,1698.94491
0.00114027679,0.00817490128,0.000113248718,-0.000907443306,-0.000783873408,-0.840026581,1702.41521
0.0011405987,0.132058033,-8.77431635e-06,0.00013370654,0.000773524994,-8.14287689,1691.98141
0.00114460036,0.00729285993,0.000105099234,-0.000739553439,-0.000804944977,-0.762109334,1702.28714
0.0011486339,0.00646998704,9.67200776e-05,-0.000595247686,-0.00082485769,-0.686507336,1702.15128
0.00115239687,0.0057023135,8.81952363e-05,-0.000472258546,-0.000843649296,-0.613293271,1702.00896
0.00115590741,0.00498613648,7.95988535e-05,-0.000368417687,-0.00086136064,-0.54252503,1701.86128
0.00115754384,0.13041027,-1.39206506e-05,0.00010093706,0.000768627431,-7.97204218,1692.49717
0.00115918246,0.00431800152,7.09956764e-05,-0.000281677399,-0.000878034825,-0.474243052,1701.7091
0.00116223782,0.00369468589,6.24413926e-05,-0.000210123174,-0.000893716464,-0.408474497,1701.55305
0.00116508822,0.00311318307,5.39834524e-05,-0.000151983487,-0.000908451009,-0.345223813,1701.39356
0.00116774741,0.0025706882,4.56616565e-05,-0.000105625459,-0.000922284184,-0.284507083,1701.23081
0.00117022822,0.00206458457,3.75090679e-05,-6.9572399e-05,-0.000935261515,-0.226267339,1701.06482
0.00117254261,0.00159243101,2.95517468e-05,-4.24425838e-05,-0.000947427958,-0.170693963,1700.8954
0.00117470175,0.00115195011,2.18100401e-05,-2.30886038e-05,-0.00095882759,-0.117490142,1700.72223
0.00117540558,0.0853696328,-0.000120460667,-0.00648040058,0.000309097312,-4.34397017,1699.29748
0.00117570741,0.128644026,-2.01165777e-05,4.87332731e-05,0.000762923815,-7.79487535,1693.01971
0.00117671605,0.000741017226,1.42963282e-05,-1.01664047e-05,-0.000969503391,-0.0684794391,1700.5449
0.00117859523,0.000357650242,7.02351893e-06,-3.29871434e-06,-0.000979497084,-0.0231464703,1700.3631
0.00118034836,0,0,0,-0.000988846279,-0.00153298185,1700.17692
0.00119517703,0.12675078,-2.72648084e-05,-2.73748314e-05,0.000756273123,-7.60438661,1693.54515
0.00121327108,0.0803647536,-0.000115286671,-0.00747223576,0.000259291503,-4.07092528,1699.6432
0.00121604661,0.124721401,-3.55948678e-05,-0.000134008689,0.000748505366,-7.40551999,1694.06939
0.00123841681,0.1225461,-4.50172989e-05,-0.00027763524,0.000739414333,-7.19426573,1694.58828
0.00124414705,0.15,0,0,0.00104229415,-10.0506008,1685
0.00124884502,0.14964235,1.13060494e-06,1.06168026e-07,0.00104216009,-10.0252942,1685.15213
0.00125385929,0.075,-0.000103977629,-0.00841984515,0.000200479451,-3.82791282,1699.98517
0.0012538808,0.149258983,2.25770816e-06,1.79688771e-06,0.00104198593,-9.98048574,1685.31517
0.00125927867,0.14884805,3.36577061e-06,3.4124036e-06,0.00104176072,-9.93797889,1685.48987
0.00126239553,0.120214384,-5.5662449e-05,-0.000466317872,0.000728750003,-6.97354755,1695.09789
0.00126506468,0.148407569,4.50011911e-06,6.2240062e-06,0.00104147589,-9.88943553,1685.67698
0.00127126672,0.147935415,5.6005551e-06,9.95992375e-06,0.00104112169,-9.83846732,1685.8773
0.00127791473,0.147429312,6.67404839e-06,1.48781549e-05,0.00104068689,-9.78313364,1686.09164
0.00128504075,0.146886817,7.68696967e-06,2.0973062e-05,0.00104015865,-9.72409379,1686.32089
0.00128809844,0.117715008,-6.7397111e-05,-0.000708553279,0.00071620842,-6.74104784,1695.59474
0.00129267918,0.146305314,8.62588734e-06,2.83608385e-05,0.00103952234,-9.66068234,1686.56589
0.0012944475,0.0696352464,-8.48051058e-05,-0.00922854292,0.000136069628,-3.58502874,1700.30403
0.00130086684,0.145681998,9.45898049e-06,3.70739011e-05,0.00103876122,-9.59282084,1686.82754
0.00130964323,0.145013864,1.01605565e-05,4.71319023e-05,0.00103785623,-9.52006073,1687.1067
0.00131564951,0.115035914,-8.0224973e-05,-0.00101333164,0.00070142123,-6.49939067,1696.07601
0.00131905068,0.144297686,1.06889416e-05,5.85089724e-05,0.0010367857,-9.44223761,1687.40424
0.00132913458,0.143530013,1.10123827e-05,7.10805221e-05,0.00103552488,-9.35878005,1687.72092
0.001332313,0.0646303672,-5.99447623e-05,-0.00978412825,7.08229513e-05,-3.41368222,1700.58496
0.00133994356,0.14270714,1.10669416e-05,8.47075565e-05,0.00103404561,-9.26975888,1688.05743
0.00134518163,0.112164181,-9.3851644e-05,-0.00139042096,0.000683942568,-6.24660421,1696.53975
0.00135152975,0.141825099,1.08291874e-05,9.8994997e-05,0.00103231565,-9.17406971,1688.41432
0.00136394904,0.140879634,1.01892296e-05,0.000113651673,0.00103029813,-9.07257622,1688.79194
0.00136763844,0.0599612217,-2.89213081e-05,-0.0101004418,5.30186426e-06,-3.17854529,1700.83578
0.00137683725,0.109085956,-0.000108128516,-0.00184807595,0.000663236253,-5.98685325,1696.98495
0.00137726134,0.139866187,9.15244022e-06,0.000127778902,0.00102795072,-8.96287411,1689.19042
0.00139153086,0.138779867,7.53325717e-06,0.000140885208,0.00102522467,-8.84765287,1689.60957
0.0014005942,0.0556052884,3.83186892e-07,-0.0102292256,-6.00847479e-05,-3.06972679,1701.06238
0.00140682642,0.137615437,5.38263143e-06,0.000151324112,0.00102206346,-8.72226862,1690.04888
0.00141076906,0.105786393,-0.000122417124,-0.0023954608,0.000638660184,-5.71704741,1697.41142
0.00142322181,0.136367278,2.47518406e-06,0.000158151991,0.0010184016,-8.59196454,1690.50739
0.00143133925,0.0515415566,3.10554342e-05,-0.0101172658,-0.000125056811,-2.94918965,1701.26922
0.0014407961,0.13502937,-1.18668649e-06,0.000159922599,0.00101416231,-8.45031322,1690.98368
0.00144714072,0.102249575,-0.000136383494,-0.00303618994,0.000609452478,-5.44519221,1697.81924
0.00145963407,0.133595261,-5.74292994e-06,0.000152011804,0.00100925569,-8.29881071,1691.47581
0.00146002188,0.0477504251,6.36140451e-05,-0.00987543758,-0.000189442443,-2.77210898,1701.45991
0.00147982657,0.132058033,-1.13829915e-05,0.000133703975,0.00100357528,-8.14226393,1691.98127
0.00148612768,0.0984584434,-0.000148766681,-0.00377508794,0.000574717195,-5.16457895,1698.20939
0.00148678044,0.0442136074,9.30748043e-05,-0.00951155818,-0.000253125641,-2.67913672,1701.63754
0.00150147102,0.13041027,-1.80605566e-05,0.000100934228,0.00099699452,-7.97151421,1692.49704
0.00151174401,0.040914044,0.000122173041,-0.00903984252,-0.000316016939,-2.5462027,1701.80472
0.0015246718,0.128644026,-2.60862659e-05,4.87347555e-05,0.00098936229,-7.79424378,1693.0196
0.00152791798,0.0943947116,-0.00015905681,-0.00460367205,0.000533417974,-4.89000426,1698.58439
0.00153503298,0.0378358195,0.000147550329,-0.0085016044,-0.000378038887,-2.44709483,1701.96354
0.00154954083,0.12675078,-3.53512754e-05,-2.73762726e-05,0.000980496735,-7.60381193,1693.54507
0.00155675971,0.0349640862,0.000170008973,-0.00791259649,-0.000439106539,-2.33284767,1702.11541
0.00157271321,0.0900387783,-0.000165006223,-0.00551648038,0.000484357305,-4.60761463,1698.94706
0.00157619805,0.124721401,-4.61346073e-05,-0.000134003766,0.000970178724,-7.4048702,1694.06935
0.00157702897,0.0322849924,0.000189144108,-0.00730236188,-0.000499126486,-2.23257138,1702.26079
0.00159025102,0.15,0,0,0.00133224552,-10.0497092,1685
0.00159593855,0.0297856156,0.000205480078,-0.00668098494,-0.000557994438,-2.12333096,1702.39893
0.00159592757,0.14964235,1.43994653e-06,9.64075137e-08,0.00133179969,-10.024973,1685.15213
0.00160201229,0.149258983,2.88031641e-06,1.81275046e-06,0.00133128527,-9.98014778,1685.31518
0.00160477206,0.1225461,-5.83334331e-05,-0.00027763084,0.00095814255,-7.19364173,1694.5883
0.00160853454,0.14884805,4.30339069e-06,3.41785006e-06,0.00133068748,-9.93733407,1685.48987
0.00161357965,0.0274539002,0.000218439806,-0.00606670151,-0.000615600343,-2.02310042,1702.5278
0.00161552576,0.148407569,5.74646463e-06,6.21997084e-06,0.00132999444,-9.88900344,1685.67697
0.00162072942,0.0853696328,-0.000166187838,-0.0064802054,0.000426179373,-4.34392209,1699.30011
0.00162301968,0.147935415,7.15267097e-06,9.96435626e-06,0.00132919271,-9.83793155,1685.87728
0.00163003737,0.0252785992,0.000228429286,-0.005467304,-0.00067182983,-1.91987846,1702.64434
0.00163105245,0.147429312,8.51842119e-06,1.48799208e-05,0.00132826702,-9.78264659,1686.09162
0.00163540067,0.120214384,-7.21057992e-05,-0.000466306967,0.000944066141,-6.97288574,1695.098
0.00163966282,0.146886817,9.80911771e-06,2.09777904e-05,0.00132720006,-9.72356988,1686.32085
0.00164539108,0.0232492201,0.000235296254,-0.00489311209,-0.000726570597,-1.82159269,1702.74489
0.00164889231,0.146305314,1.1002667e-05,2.83650234e-05,0.00132597223,-9.66016444,1686.56584
0.00165878544,0.145681998,1.20615579e-05,3.70787196e-05,0.0013245613,-9.59228044,1686.82747
0.00165971484,0.0213559743,0.000239381752,-0.0043489682,-0.000779715855,-1.72303314,1702.82583
0.00166823163,0.117715008,-8.72840715e-05,-0.00070853675,0.00092755808,-6.7403986,1695.59496
0.00166938994,0.145013864,1.29507041e-05,4.71369013e-05,0.00132294212,-9.51951877,1687.10662
0.00167219823,0.0803647536,-0.000158969512,-0.00747194818,0.000357342583,-4.07096774,1699.64636
0.00167307774,0.0195897299,0.000240786014,-0.00383979958,-0.00083116903,-1.62732325,1702.88426
0.00168075695,0.144297686,1.3619753e-05,5.85127323e-05,0.00132108625,-9.44166886,1687.40414
0.00168554425,0.0179419674,0.000239805366,-0.0033676815,-0.000880846445,-1.53249,1702.91825
0.00169294131,0.143530013,1.40250165e-05,7.10853412e-05,0.00131896144,-9.35821985,1687.72081
0.00169717449,0.0164047389,0.000236642125,-0.00293409611,-0.000928679701,-1.43966547,1702.92724
0.00170342328,0.115035914,-0.000103865323,-0.0010133067,0.000908144149,-6.49871404,1696.07637
0.00170600177,0.14270714,1.40905743e-05,8.47093167e-05,0.00131653119,-9.26915223,1688.05731
0.00170802455,0.0149706296,0.000231562243,-0.00253904618,-0.000974616723,-1.348226,1702.91215
0.00171814678,0.0136327222,0.000224794349,-0.00218194967,-0.0010186222,-1.25858258,1702.87429
0.00172000135,0.141825099,1.37787334e-05,9.89994712e-05,0.00131375393,-9.1734969,1688.41418
0.00172736789,0.075,-0.000143293458,-0.00841944503,0.000276158614,-3.82791352,1699.98885
0.00172759,0.0123845633,0.00021657759,-0.00186147585,-0.00106067721,-1.17061832,1702.81546
0.00173500756,0.140879634,1.29618191e-05,0.000113651601,0.00131058234,-9.07192582,1688.79179
0.00173639975,0.0112201325,0.000207129688,-0.00157591143,-0.00110077833,-1.08451833,1702.73826
0.00174114539,0.112164181,-0.000121472593,-0.00139038194,0.000885250523,-6.24594049,1696.5403
0.00174461854,0.0101338132,0.000196658866,-0.00132320157,-0.00113893647,-1.00033557,1702.64522
0.00175109279,0.139866187,1.16324013e-05,0.000127781829,0.00130696238,-8.96228457,1689.19025
0.001752286,0.00912036556,0.000185356165,-0.00110111559,-0.00117517531,-0.918199143,1702.53877
0.00175943911,0.00817490128,0.000173397519,-0.000907314452,-0.00120952965,-0.83820334,1702.4211
0.00176611239,0.00729285993,0.000160941915,-0.000739434421,-0.00124204379,-0.760448949,1702.29416
0.00176833462,0.138779867,9.57407525e-06,0.000140887582,0.00130283206,-8.8469641,1689.60938
0.00177233801,0.00646998704,0.000148132749,-0.000595138035,-0.00127276975,-0.685018648,1702.15963
0.00177814601,0.0057023135,0.000135097955,-0.000472157884,-0.00130176579,-0.611984256,1702.01888
0.00178157989,0.109085956,-0.000139907242,-0.00184802352,0.000858187354,-5.98616777,1696.98574
0.00178253755,0.0696352464,-0.00011679667,-0.00922798957,0.000187343747,-3.5852157,1700.3082
0.00178356441,0.00498613648,0.000121950437,-0.000368325795,-0.00132909492,-0.541403034,1701.87308
0.00178681623,0.137615437,6.83406314e-06,0.000151322776,0.00129811981,-8.72161395,1690.04868
0.00178861933,0.00431800152,0.00010878874,-0.000281594257,-0.00135482365,-0.47331517,1701.72315
0.00179333516,0.00369468589,9.56976353e-05,-0.00021004912,-0.00137902081,-0.40774746,1701.56985
0.00179773464,0.00311318307,8.27493193e-05,-0.000151918984,-0.00140175651,-0.34470613,1701.41375
0.00180183901,0.0025706882,7.0004488e-05,-0.000105571616,-0.00142310128,-0.284205558,1701.25528
0.00180566804,0.00206458457,5.75135835e-05,-6.95293678e-05,-0.00144312533,-0.226197706,1701.09476
0.00180662674,0.136367278,3.1408814e-06,0.000158161492,0.00129274302,-8.59127665,1690.50718
0.00180924022,0.00159243101,4.53168488e-05,-4.2413101e-05,-0.00146189796,-0.170856817,1700.93246
0.00181257278,0.00115195011,3.34457441e-05,-2.30669755e-05,-0.00147948703,-0.117940286,1700.76866
0.00181568178,0.000741017226,2.19221833e-05,-1.01641244e-05,-0.00149595862,-0.0691026039,1700.60373
0.00181858223,0.000357650242,1.07699898e-05,-3.29299545e-06,-0.0015113767,-0.0241684582,1700.43824
0.00182128811,0,0,0,-0.00152579868,-0.00292360255,1700.27299
0.00182492182,0.105786393,-0.000158347701,-0.00239538248,0.000826128833,-5.71639106,1697.41253
0.00182786173,0.13502937,-1.50621159e-06,0.000159915588,0.0012866051,-8.44957162,1690.98347
0.00183400636,0.0646303672,-8.24929292e-05,-0.00978344329,9.74566468e-05,-3.41356031,1700.58949
0.00185062361,0.133595261,-7.28790641e-06,0.000152017208,0.0012795933,-8.2981548,1691.47559
0.00187138024,0.102249575,-0.000176352393,-0.00303608848,0.000788095375,-5.44450906,1697.82072
0.00187502218,0.132058033,-1.44219976e-05,0.000133702683,0.00127157445,-8.14145509,1691.98106
0.00188202257,0.0599612217,-3.98546945e-05,-0.0100997432,7.25896139e-06,-3.17911832,1700.84056
0.00190117513,0.13041027,-2.28754695e-05,0.000100933001,0.00126239057,-7.9708162,1692.49685
0.00192117924,0.0984584434,-0.000192306564,-0.00377493732,0.000742935623,-5.16395203,1698.21129
0.0019268178,0.0556052884,5.26102222e-07,-0.0102284468,-8.26976143e-05,-3.06974106,1701.0673
0.00192920859,0.128644026,-3.30073947e-05,4.87400626e-05,0.00125185333,-7.79339997,1693.01943
0.00195925779,0.12675078,-4.47049354e-05,-2.73745834e-05,0.00123973649,-7.60304009,1693.54495
0.00196286749,0.15,0,0,0.00164440794,-10.0487368,1685
0.0019686081,0.0515415566,4.27125454e-05,-0.0101166044,-0.000172037254,-2.94922651,1701.27416
0.0019695619,0.14964235,1.77273311e-06,8.96947422e-08,0.00164359663,-10.02447,1685.15213
0.00197455903,0.0943947116,-0.000205537628,-0.00460348938,0.0006893184,-4.88937147,1698.58682
0.00197673767,0.149258983,3.5502177e-06,1.82661964e-06,0.00164268402,-9.97963797,1685.31517
0.00198442941,0.14884805,5.31258402e-06,3.42389137e-06,0.00164165126,-9.93656096,1685.48985
0.00199146767,0.124721401,-5.82905094e-05,-0.000133992795,0.00122576772,-7.40401352,1694.06929
0.00199267422,0.148407569,7.08773513e-06,6.21691987e-06,0.00164048281,-9.88840807,1685.67695
0.00200151188,0.147935415,8.82210808e-06,9.96915041e-06,0.00163916118,-9.83726008,1685.87725
0.00200759506,0.0477504251,8.74724301e-05,-0.00987484216,-0.00026053128,-2.7722059,1701.46477
0.002010985,0.147429312,1.05018975e-05,1.4882771e-05,0.00163766662,-9.78200527,1686.09157
0.00202113929,0.146886817,1.20907366e-05,2.09832677e-05,0.00163597691,-9.72289963,1686.32079
0.00202599359,0.1225461,-7.36503136e-05,-0.00027761943,0.00120961724,-7.1928186,1694.58833
0.00203177707,0.0900387783,-0.000213162649,-0.00551622543,0.000625706252,-4.60708987,1698.95009
0.00203202372,0.146305314,1.35576214e-05,2.83702933e-05,0.00163406702,-9.6594945,1686.56576
0.00204369079,0.145681998,1.48587524e-05,3.7084543e-05,0.0016319087,-9.59159032,1686.82737
0.00204396673,0.0442136074,0.000127982775,-0.00951078516,-0.000348026849,-2.67880928,1701.64226
0.00205619678,0.145013864,1.59489167e-05,4.71430229e-05,0.00162947016,-9.51882376,1687.1065
0.0020630021,0.120214384,-9.09622002e-05,-0.000466285895,0.00119088564,-6.97200296,1695.09815
0.00206960201,0.144297686,1.67686818e-05,5.85175749e-05,0.00162671559,-9.44094814,1687.40401
0.00207789853,0.040914044,0.000167916916,-0.00903892856,-0.000434406545,-2.54643204,1701.80922
0.00208397113,0.143530013,1.7260997e-05,7.10913438e-05,0.00162360462,-9.35750473,1687.72066
0.00209310937,0.0853696328,-0.000214610327,-0.00647992005,0.000550359398,-4.34339911,1699.30383
0.00209937347,0.14270714,1.73384083e-05,8.47118721e-05,0.00162009167,-9.26839038,1688.05714
0.00210267168,0.117715008,-0.000110019709,-0.000708506813,0.00116908799,-6.73951961,1695.59527
0.00210955415,0.0378358195,0.000202816915,-0.00850085151,-0.000519568471,-2.44731074,1701.96779
0.00211588331,0.141825099,1.69453391e-05,9.90052469e-05,0.0016161251,-9.17276783,1688.41399
0.00213358028,0.140879634,1.59393939e-05,0.000113651888,0.00161164633,-9.07111308,1688.79158
0.00213908627,0.0349640862,0.000233709104,-0.00791194376,-0.000603399842,-2.33305608,1702.11937
0.0021451937,0.115035914,-0.000130804251,-0.00101326408,0.00114363728,-6.49778868,1696.07689
0.00215254974,0.139866187,1.42933093e-05,0.000127786323,0.00160658871,-8.96153917,1689.19002
0.00215885174,0.0803647536,-0.000205219498,-0.00747153722,0.000461300732,-4.07056327,1699.6508
0.00216663734,0.0322849924,0.000260007992,-0.00730176795,-0.000685775729,-2.23268796,1702.26445
0.00217288321,0.138779867,1.17661742e-05,0.000140890857,0.00160087601,-8.84610263,1689.60914
0.00219077325,0.112164181,-0.000152845522,-0.0013903183,0.00111382382,-6.24502435,1696.54109
0.00219234024,0.0297856156,0.000282432878,-0.00668044138,-0.000766555782,-2.12357761,1702.4023
0.00219467874,0.137615437,8.39143235e-06,0.000151321926,0.00159442055,-8.72079997,1690.04841
0.00221631897,0.0274539002,0.000300224303,-0.00606617818,-0.000845591312,-2.0232919,1702.53091
0.00221804147,0.136367278,3.85664164e-06,0.000158173377,0.00158712135,-8.59041091,1690.5069
0.0022293213,0.075,-0.000184905025,-0.00841888551,0.000356365096,-3.82748125,1699.99404
0.00223868917,0.0252785992,0.000313916652,-0.0054668181,-0.000922727425,-1.92018573,1702.64722
0.00223963019,0.109085956,-0.00017587969,-0.00184793988,0.00107879527,-5.98521208,1696.98688
0.0022430841,0.13502937,-1.84712709e-06,0.000159908041,0.00157886072,-8.44865512,1690.98318
0.00225955875,0.0232492201,0.000323328867,-0.00489265031,-0.000997811764,-1.82188431,1702.7476
0.00226992741,0.133595261,-8.94400213e-06,0.000152025264,0.00156950154,-8.2973263,1691.47531
0.00227902837,0.0213559743,0.000328912166,-0.00434854341,-0.00107069935,-1.72341023,1702.82845
0.00229200017,0.105786393,-0.000198880339,-0.00239525992,0.00103753237,-5.71546462,1697.41413
0.00229719194,0.0195897299,0.000330819223,-0.00383940301,-0.00114125903,-1.6277171,1702.88687
0.00229870088,0.132058033,-1.76749581e-05,0.000133702973,0.00155888213,-8.14045576,1691.98079
0.00229979086,0.0696352464,-0.000150681727,-0.00922720141,0.000241658688,-3.58498181,1700.31406
0.00231413708,0.0179419674,0.000329448074,-0.00336731906,-0.00120937718,-1.53295375,1702.92097
0.0023295433,0.13041027,-2.80327671e-05,0.0001009341,0.00154681113,-7.96993891,1692.49659
0.00232994552,0.0164047389,0.000325083657,-0.00293376197,-0.00127496101,-1.44016917,1702.93021
0.0023446935,0.0149706296,0.000318087398,-0.00253874163,-0.00133794002,-1.34879403,1702.91548
0.0023481358,0.102249575,-0.000221277478,-0.00303593272,0.000988827299,-5.44353906,1697.82284
0.00235845218,0.0136327222,0.000308775908,-0.0021816708,-0.00139826657,-1.25920441,1702.87809
0.00236260343,0.128644026,-4.04135108e-05,4.87494697e-05,0.00153306064,-7.79235905,1693.01922
0.00236553324,0.0646303672,-0.000106364049,-0.00978243118,0.000125647448,-3.41310504,1700.59587
0.0023712879,0.0123845633,0.000297476058,-0.00186122208,-0.00145591542,-1.17130436,1702.81992
0.00238326259,0.0112201325,0.00028448792,-0.00157568059,-0.00151088252,-1.08526676,1702.74354
0.002394434,0.0101338132,0.000270096966,-0.00132299252,-0.00156318336,-1.00115033,1702.65151
0.00239804075,0.12675078,-5.47148037e-05,-2.73689062e-05,0.00151735729,-7.60207938,1693.54479
0.00240485602,0.00912036556,0.000254565356,-0.00110092662,-0.00161285087,-0.919080413,1702.54625
0.00240830785,0.0984584434,-0.000241070079,-0.0037747138,0.000931262398,-5.16304802,1698.21401
0.00241239922,0.15,0,0,0.00202100675,-10.0474262,1685
0.00241457892,0.00817490128,0.00023813446,-0.000907144276,-0.00165993322,-0.839152204,1702.43
0.00242003642,0.14964235,2.17470874e-06,8.77840425e-08,0.0020195164,-10.0236427,1685.15211
0.00242364959,0.00729285993,0.000221022689,-0.000739281715,-0.00170449147,-0.761464131,1702.30474
0.00242686553,0.0599612217,-5.14572248e-05,-0.0100987626,9.30232867e-06,-3.17973756,1700.84728
0.00242822277,0.149258983,4.35912374e-06,1.84101762e-06,0.00201787007,-9.97884258,1685.31513
0.00243211179,0.00646998704,0.000203426669,-0.000595001639,-0.0017465973,-0.686098555,1702.17217
0.00243602617,0.124721401,-7.12931095e-05,-0.000133974855,0.00149937235,-7.40294462,1694.06922
0.00243699776,0.14884805,6.53095539e-06,3.43367988e-06,0.00201604339,-9.93548966,1685.4898
0.00244000633,0.0057023135,0.000185521756,-0.000472036699,-0.00178633084,-0.613126561,1702.03373
0.00244640371,0.148407569,8.70474815e-06,6.2168794e-06,0.00201401559,-9.88750186,1685.67688
0.0024473713,0.00498613648,0.000167462699,-0.000368218861,-0.00182377874,-0.542604638,1701.89063
0.00245424222,0.00431800152,0.00014938457,-0.000281500823,-0.00185903236,-0.474572886,1701.74392
0.00245648599,0.147935415,1.08319598e-05,9.9765778e-06,0.0020117635,-9.83628967,1685.87717
0.00246065222,0.00369468589,0.000131403663,-0.000209968761,-0.00189218621,-0.409057732,1701.59444
0.00246663224,0.00311318307,0.000113618965,-0.000151851297,-0.00192333656,-0.346066979,1701.44292
0.00246729324,0.147429312,1.28878825e-05,1.48884957e-05,0.00200926122,-9.78105434,1686.09148
0.00247221111,0.0025706882,9.61138129e-05,-0.000105516764,-0.00195258017,-0.285613556,1701.28999
0.00247280655,0.0943947116,-0.000257397947,-0.00460322155,0.000863201009,-4.88844302,1698.59026
0.00247674293,0.1225461,-9.0030188e-05,-0.000277599542,0.00147870805,-7.19177741,1694.58838
0.00247741574,0.00206458457,7.8957543e-05,-6.94863808e-05,-0.00198001335,-0.227658614,1701.1362
0.00247887757,0.146886817,1.48322412e-05,2.09912707e-05,0.00200647979,-9.72192384,1686.32067
0.00248227124,0.00159243101,6.22059472e-05,-4.23835116e-05,-0.00200573109,-0.172363237,1700.98209
0.00248408358,0.0556052884,6.70936116e-07,-0.0102273892,-0.000106676138,-3.06971155,1701.07419
0.00248680102,0.00115195011,4.59029519e-05,-2.30436791e-05,-0.00202982639,-0.11953175,1700.82822
0.00249102694,0.000741017226,3.00817522e-05,-1.01592283e-05,-0.00205238974,-0.0706492028,1700.67519
0.00249129488,0.146305314,1.66243118e-05,2.83781383e-05,0.00200338686,-9.65851456,1686.56562
0.00249496939,0.000357650242,1.47736582e-05,-3.28167632e-06,-0.00207350869,-0.0258908222,1700.52372
0.00249864736,0,0,0,-0.00209326182,-0.00490628065,1700.37452
0.00250460505,0.145681998,1.82123377e-05,3.70926491e-05,0.00199994622,-9.59059112,1686.82722
0.00251887229,0.145013864,1.95393238e-05,4.71512232e-05,0.00199611734,-9.51781723,1687.10633
0.00252038741,0.120214384,-0.000111116398,-0.000466253182,0.00145488309,-6.97088828,1695.09836
0.0025341654,0.144297686,2.05349573e-05,5.85242255e-05,0.00199185493,-9.43991671,1687.40381
0.00253746336,0.0515415566,5.50378825e-05,-0.0101156701,-0.000221812959,-2.94926783,1701.28109
0.00254194301,0.0900387783,-0.000266694404,-0.00551585591,0.000782755509,-4.6062988,1698.95438
0.00255055817,0.143530013,2.11262057e-05,7.10990979e-05,0.00198710822,-9.35647676,1687.72043
0.00256717014,0.117715008,-0.000134311081,-0.000708461318,0.00142731349,-6.7384162,1695.59569
0.00256812965,0.14270714,2.1213012e-05,8.47154951e-05,0.00198182028,-9.26731457,1688.05689
0.0025869646,0.141825099,2.07166342e-05,9.9012581e-05,0.00197592699,-9.17172558,1688.41372
0.00258726236,0.0477504251,0.000112727367,-0.00987396611,-0.000335820968,-2.77263213,1701.4716
0.00260715387,0.140879634,1.94818263e-05,0.00011365219,0.00196935604,-9.0699795,1688.79128
0.00261605072,0.0853696328,-0.000268224744,-0.00647950831,0.000687793374,-4.34259554,1699.30905
0.00261731677,0.115035914,-0.00015957305,-0.00101320095,0.00139529285,-6.49663837,1696.07759
0.00262879485,0.139866187,1.74513159e-05,0.000127792338,0.00196202559,-8.96048736,1689.18969
0.00263372079,0.0442136074,0.000164959562,-0.00950969629,-0.000448509865,-2.67871297,1701.64888
0.00265199192,0.138779867,1.43667177e-05,0.000140894328,0.00195384254,-8.84491429,1689.60878
0.00267106918,0.112164181,-0.000186336073,-0.00139022654,0.00135796782,-6.24388577,1696.54215
0.00267685697,0.137615437,1.02331925e-05,0.00015132061,0.00194470035,-8.71968073,1690.04804
0.00267706272,0.040914044,0.000216283541,-0.00903766777,-0.00055973395,-2.54703392,1701.81554
0.00269548711,0.0803647536,-0.000256229453,-0.00747095148,0.000575895093,-4.06991837,1699.65701
0.00270350993,0.136367278,4.70389394e-06,0.00015818733,0.00193447682,-8.58921766,1690.50651
0.00271749722,0.0378358195,0.000261198835,-0.00849979052,-0.000669366408,-2.44797094,1701.97374
0.00272868664,0.109085956,-0.000214260644,-0.00184782059,0.00131431427,-5.98402393,1696.9884
0.00273207936,0.13502937,-2.24752984e-06,0.000159897964,0.00192303016,-8.44741739,1690.98278
0.00275521932,0.0349640862,0.000300969332,-0.00791102211,-0.000777265868,-2.33371855,1702.12492
0.00276270308,0.133595261,-1.08925267e-05,0.000152035289,0.00191019569,-8.29618831,1691.4749
0.00278063536,0.075,-0.000230601473,-0.00841811912,0.000444414646,-3.82676656,1700.00127
0.00279041098,0.0322849924,0.000334828583,-0.00730092894,-0.000883274838,-2.23323775,1702.26959
0.00279044706,0.105786393,-0.000242108328,-0.0023950871,0.00126310868,-5.71431389,1697.41624
0.00279552878,0.132058033,-2.14885214e-05,0.000133703688,0.00189577992,-8.13912334,1691.9804
0.00282324193,0.0297856156,0.000363665891,-0.00667967394,-0.000987215506,-2.12430506,1702.40702
0.00283071481,0.13041027,-3.40711623e-05,0.00010093668,0.00187955445,-7.9687523,1692.49623
0.00285387055,0.0274539002,0.000386553113,-0.00606544133,-0.00108889884,-2.02395547,1702.53526
0.00285664836,0.102249575,-0.00026916331,-0.00303571545,0.00120290224,-5.44233749,1697.82564
0.00286578361,0.0696352464,-0.000187757607,-0.00922609379,0.000301043472,-3.58449086,1700.32218
0.00286843087,0.128644026,-4.9058327e-05,4.87630521e-05,0.00186124789,-7.79098364,1693.01892
0.00288244455,0.0252785992,0.00040413954,-0.00546613491,-0.00118812759,-1.92098994,1702.65125
0.0029088589,0.12675078,-6.63742124e-05,-2.735899e-05,0.00184053538,-7.60080219,1693.54457
0.00290910178,0.0232492201,0.000416230493,-0.0048920025,-0.00128470743,-1.82265809,1702.75139
0.00292536756,0.15,0,0,0.00245075008,-10.045903,1685
0.00292760984,0.0984584434,-0.000293025121,-0.00377440898,0.00113199653,-5.16193155,1698.21759
0.00293397081,0.0213559743,0.000423382299,-0.00434794798,-0.00137845336,-1.72426709,1702.83212
0.00293391077,0.14964235,2.63251517e-06,8.46325714e-08,0.00244834291,-10.0224659,1685.15208
0.00294306828,0.149258983,5.27996107e-06,1.84867046e-06,0.00244570823,-9.97768673,1685.31507
0.00294522001,0.0646303672,-0.000132385249,-0.0097809885,0.000156341175,-3.41240847,1700.60467
0.0029521939,0.124721401,-8.63939242e-05,-0.000133948245,0.00181702686,-7.40154462,1694.06912
0.00295288425,0.14884805,7.9174696e-06,3.43939474e-06,0.00244281502,-9.93411528,1685.48971
0.00295717159,0.0195897299,0.000425811232,-0.00383884826,-0.00146919795,-1.62856712,1702.89054
0.00296340604,0.148407569,1.05452971e-05,6.21450173e-06,0.00243963611,-9.88623531,1685.67676
0.00297468439,0.147935415,1.31180568e-05,9.98024361e-06,0.00243614137,-9.83498139,1685.87702
0.00297881603,0.0179419674,0.000424017453,-0.00336681242,-0.00155679624,-1.5338519,1702.92478
0.00298677372,0.147429312,1.56007585e-05,1.48916876e-05,0.00243229739,-9.77975381,1686.09131
0.00299864489,0.1225461,-0.000109002655,-0.000277568643,0.00179025116,-7.19041985,1694.58845
0.00299900854,0.0164047389,0.00041837669,-0.00293329576,-0.00164112988,-1.44107508,1702.93437
0.00299973232,0.146886817,1.79474249e-05,2.09966743e-05,0.00242806709,-9.72060216,1686.32049
0.00300367378,0.0943947116,-0.000312619227,-0.00460285854,0.00104843313,-4.88729039,1698.59479
0.0030136227,0.146305314,2.01072994e-05,2.83840409e-05,0.00242340929,-9.65718305,1686.56542
0.0030178465,0.0149706296,0.000409349179,-0.00253831721,-0.00172210908,-1.34973028,1702.92011
0.00301932771,0.0599612217,-6.4119223e-05,-0.0100974157,1.14707066e-05,-3.18050511,1700.85652
0.00302851187,0.145681998,2.20189218e-05,3.70992465e-05,0.00241827823,-9.5892408,1686.82699
0.00303542079,0.0136327222,0.000397345688,-0.00218128306,-0.00179967339,-1.26015569,1702.88339
0.00304447165,0.145013864,2.3612414e-05,4.71584135e-05,0.00241262305,-9.51645528,1687.10608
0.00304843592,0.120214384,-0.000134390425,-0.000466204248,0.00175963875,-6.96945549,1695.09866
0.00305181618,0.0123845633,0.000382784964,-0.00186086976,-0.00187379103,-1.1722792,1702.82613
0.003061579,0.144297686,2.48047831e-05,5.85305976e-05,0.00240638724,-9.43853124,1687.40353
0.00306711175,0.0112201325,0.000366054321,-0.00157536062,-0.00194445744,-1.08626214,1702.75089
0.00307991646,0.143530013,2.55053753e-05,7.11071999e-05,0.00239950787,-9.35508758,1687.72012
0.00308138126,0.0101338132,0.000347520832,-0.00132270332,-0.00201169307,-1.00217071,1702.66023
0.00308520709,0.0900387783,-0.000323673246,-0.00551535857,0.000949955973,-4.60532095,1698.96001
0.00308846418,0.0556052884,8.21822301e-07,-0.0102259722,-0.000132736869,-3.06960439,1701.08366
0.00309469356,0.00912036556,0.000327521933,-0.00110066596,-0.00207554075,-0.920127095,1702.55662
0.00309957246,0.14270714,2.55997904e-05,8.47203612e-05,0.00239191473,-9.26588021,1688.05654
0.00310180717,0.117715008,-0.00016228157,-0.000708393254,0.00172449959,-6.73700662,1695.59629
0.00310711286,0.00817490128,0.000306367972,-0.000906910342,-0.00213606282,-0.840228721,1702.44231
0.00311869905,0.00729285993,0.0002843402,-0.000739072729,-0.00219333817,-0.762573198,1702.31932
0.00312064183,0.141825099,2.49829199e-05,9.90222166e-05,0.00238352928,-9.17031313,1688.41334
0.00312950802,0.00646998704,0.000261691529,-0.000594816121,-0.00224745928,-0.687243733,1702.18938
0.00313959192,0.0057023135,0.000238647345,-0.000471873315,-0.00229852948,-0.614312467,1702.05399
0.00314322618,0.140879634,2.34867456e-05,0.000113654987,0.00237426346,-9.06847861,1688.79086
0.00314899938,0.00498613648,0.00021540654,-0.000368076436,-0.0023466604,-0.543836619,1701.91445
0.00315296288,0.0515415566,6.83703917e-05,-0.0101143983,-0.000275725793,-2.94927311,1701.29057
0.00315777577,0.00431800152,0.000192142671,-0.000281378379,-0.00239196973,-0.475857519,1701.77184
0.00315901606,0.115035914,-0.000192594207,-0.00101310731,0.00168399984,-6.49517536,1696.07858
0.00316596343,0.00369468589,0.000169005295,-0.000209865642,-0.00243457912,-0.410402951,1701.62714
0.00316743445,0.139866187,2.10169084e-05,0.000127803125,0.00236401812,-8.95905828,1689.18924
0.00317260302,0.0853696328,-0.000325253213,-0.00647895426,0.000834019608,-4.3415929,1699.31589
0.00317360185,0.00311318307,0.000146121758,-0.000151766836,-0.00247461247,-0.347482941,1701.48118
0.00318072788,0.0025706882,0.000123599392,-0.000105450595,-0.0025121943,-0.287110343,1701.33471
0.00318737588,0.00206458457,0.000101527353,-6.94368594e-05,-0.00254744849,-0.229256643,1701.18843
0.00319338341,0.138779867,1.73026602e-05,0.000140902048,0.00235268103,-8.84334057,1689.6083
0.00319357793,0.00159243101,7.99778166e-05,-4.23509516e-05,-0.00258049719,-0.174068292,1701.04297
0.00319936393,0.00115195011,5.90083431e-05,-2.30204258e-05,-0.00261145997,-0.12138601,1700.89896
0.00320476181,0.000741017226,3.8664216e-05,-1.01544399e-05,-0.00264045314,-0.0725478686,1700.75703
0.00320979758,0.000357650242,1.89844848e-05,-3.27423438e-06,-0.00266758925,-0.0280181847,1700.6178
0.00321313493,0.0477504251,0.000139996548,-0.00987273462,-0.000417167863,-2.77324143,1701.48091
0.00321449555,0,0,0,-0.00269296937,-0.00729153334,1700.48182
0.00322033854,0.112164181,-0.000224651696,-0.00139009263,0.00163713349,-6.24244405,1696.54362
0.00322119823,0.137615437,1.23076717e-05,0.000151325061,0.00234012452,-8.7181826,1690.04752
0.00325101306,0.136367278,5.65853461e-06,0.000158208707,0.00232620268,-8.5876306,1690.50597
0.00326628313,0.0803647536,-0.000310461356,-0.00747017072,0.000697740324,-4.06912389,1699.66515
0.00326927056,0.0442136074,0.000204870377,-0.00950820717,-0.000556851246,-2.6786863,1701.65788
0.00328297172,0.13502937,-2.70017398e-06,0.000159894008,0.00231074703,-8.44579932,1690.98223
0.00328607039,0.109085956,-0.000258017917,-0.00184764699,0.00158269473,-5.98252434,1696.9905
0.00331722836,0.133595261,-1.30860261e-05,0.000152055916,0.0022935626,-8.29465048,1691.47436
0.00332164054,0.040914044,0.000268330206,-0.00903598296,-0.000694615653,-2.54791808,1701.82412
0.00335394821,0.132058033,-2.57716309e-05,0.000133714968,0.00227442104,-8.13740013,1691.97988
0.00335652868,0.105786393,-0.00029121914,-0.0023948383,0.00151924518,-5.71286697,1697.41917
0.00336669929,0.075,-0.000279125946,-0.0084171261,0.000537965987,-3.8258437,1700.01071
0.00337049747,0.0378358195,0.000323892401,-0.00849835334,-0.000830320772,-2.4489261,1701.98181
0.0033933084,0.13041027,-4.08474127e-05,0.000100952799,0.00225305363,-7.96716785,1692.49576
0.00341607702,0.0349640862,0.000373104653,-0.00790977214,-0.000963805889,-2.33468184,1702.13243
0.00343205325,0.102249575,-0.0003233621,-0.00303540423,0.00144508375,-5.44083396,1697.82949
0.00343549876,0.128644026,-5.87415242e-05,4.87931337e-05,0.00222914184,-7.78920935,1693.01852
0.00345859904,0.0322849924,0.000414988025,-0.00729978891,-0.00109488831,-2.23406458,1702.27652
0.00346711545,0.0696352464,-0.000227107181,-0.00922463769,0.000364081078,-3.58380957,1700.33278
0.00348072282,0.12675078,-7.94194752e-05,-2.73304498e-05,0.00220230523,-7.59912554,1693.54429
0.00349804094,0.15,0,0,0.00293051178,-10.0439116,1685
0.00349826863,0.0297856156,0.000450592228,-0.00667863188,-0.00122335852,-2.12536391,1702.4134
0.00350746878,0.14964235,3.14712905e-06,8.85552751e-08,0.00292697481,-10.0208027,1685.15204
0.00351300839,0.0984584434,-0.000351611272,-0.00377398213,0.00135822022,-5.16053896,1698.22247
0.00351757453,0.149258983,6.3118151e-06,1.85183374e-06,0.0029231236,-9.97610531,1685.31498
0.00352840693,0.14884805,9.46730676e-06,3.44706919e-06,0.00291891951,-9.93234924,1685.48957
0.0035291987,0.124721401,-0.00010326156,-0.000133898229,0.00217208779,-7.39974129,1694.069
0.00353527713,0.0274539002,0.000478841339,-0.00606444426,-0.00134899156,-2.02495195,1702.54112
0.00354001823,0.148407569,1.26023839e-05,6.21565896e-06,0.00291432783,-9.8845423,1685.67657
0.00355246443,0.147935415,1.56708914e-05,9.98605695e-06,0.00290931033,-9.83325513,1685.8768
0.00356079556,0.0646303672,-0.000159988046,-0.00977907007,0.000188873586,-3.41154215,1700.61613
0.00356580558,0.147429312,1.86290931e-05,1.48971314e-05,0.00290382486,-9.77802354,1686.09107
0.00356980305,0.0252785992,0.000500492084,-0.00546521242,-0.0014715512,-1.92216684,1702.65668
0.00358010602,0.146886817,2.14233498e-05,2.10033928e-05,0.00289782489,-9.71885014,1686.32022
0.00358116022,0.1225461,-0.00013016533,-0.000277510154,0.0021379396,-7.18866038,1694.58856
0.00359543473,0.146305314,2.39921471e-05,2.8390974e-05,0.00289125906,-9.65541745,1686.56512
0.00359978459,0.0943947116,-0.000374638641,-0.00460235086,0.00125636439,-4.88585071,1698.60094
0.00360201293,0.0232492201,0.000515357853,-0.00489113055,-0.0015908038,-1.82381253,1702.75649
0.00361186565,0.145681998,2.62627427e-05,3.71065469e-05,0.00288407064,-9.587457,1686.82667
0.00362947802,0.145013864,2.81514283e-05,4.71660761e-05,0.00287619694,-9.51465673,1687.10572
0.00363206214,0.0213559743,0.000524098595,-0.00434714774,-0.00170652649,-1.72552835,1702.83704
0.00363685802,0.120214384,-0.000160307656,-0.000466121324,0.00209919686,-6.96761302,1695.09907
0.00364819149,0.0599612217,-7.76195221e-05,-0.0100956599,1.37059739e-05,-3.18147443,1700.86855
0.00364835681,0.144297686,2.95606668e-05,5.85375254e-05,0.00286756865,-9.43671046,1687.40314
0.0036600956,0.0195897299,0.000527009297,-0.0038381048,-0.00181851741,-1.62983155,1702.89545
0.00366859307,0.143530013,3.03810678e-05,7.11155097e-05,0.00285810896,-9.35325715,1687.71969
0.00368624854,0.0179419674,0.000524695481,-0.00336613445,-0.00192660189,-1.53517942,1702.92989
0.00369028442,0.14270714,3.04813809e-05,8.47258808e-05,0.00284773266,-9.26400919,1688.05607
0.00369280041,0.0900387783,-0.000387418422,-0.00551467289,0.00113688303,-4.60410075,1698.96761
0.00369656075,0.117715008,-0.000193377437,-0.000708283367,0.00205505637,-6.73517654,1695.5971
0.00371064711,0.0164047389,0.000517634184,-0.00293267369,-0.00203063762,-1.44242088,1702.93991
0.00371353547,0.141825099,2.97286074e-05,9.90324684e-05,0.00283634497,-9.16845201,1688.41283
0.0037297248,0.0556052884,9.73047801e-07,-0.0102241561,-0.000160457354,-3.06939767,1701.09595
0.00373340899,0.0149706296,0.0005063898,-0.00253775215,-0.00213051713,-1.35111803,1702.9263
0.00373845839,0.140879634,2.79395538e-05,0.000113658511,0.00282384014,-9.06653636,1688.79031
0.00375464398,0.0136327222,0.000491474814,-0.00218076865,-0.00222616875,-1.26156971,1702.89045
0.0037605564,0.115035914,-0.000229237169,-0.001012963,0.00200454877,-6.49327388,1696.0799
0.00376517338,0.139866187,2.49788963e-05,0.000127815743,0.00281009969,-8.95717957,1689.18864
0.0037744545,0.0123845633,0.000473405261,-0.0018604039,-0.0023175559,-1.17372838,1702.8344
0.00379250451,0.0853696328,-0.000388781066,-0.0064781863,0.000996811832,-4.34033966,1699.32509
0.0037929361,0.0112201325,0.000452661198,-0.00157493913,-0.00240467526,-1.08774429,1702.76065
0.00379380931,0.138779867,2.05654729e-05,0.000140910284,0.00279499017,-8.84131935,1689.60767
0.00380578874,0.0515415566,8.25009656e-05,-0.0101127491,-0.000332979704,-2.94918538,1701.30287
0.00381017793,0.0101338132,0.000429696129,-0.00132232384,-0.00248755409,-1.00369138,1702.67178
0.0038245043,0.137615437,1.46109867e-05,0.000151331775,0.00277836055,-8.71624033,1690.04686
0.00382626316,0.00912036556,0.000404927374,-0.00110032564,-0.002566247,-0.921688884,1702.5703
0.00382915363,0.112164181,-0.000267092749,-0.00138989418,0.00194650614,-6.24057031,1696.5456
0.00384126937,0.00817490128,0.000378738079,-0.000906606776,-0.00264083244,-0.841836118,1702.45848
0.00385526895,0.00729285993,0.000351475591,-0.000738803523,-0.00271140909,-0.76423025,1702.33838
0.0038574064,0.136367278,6.7223675e-06,0.000158232518,0.00276003886,-8.58557988,1690.50528
0.00386832942,0.00646998704,0.000323452057,-0.000594579211,-0.00277809221,-0.688955028,1702.21177
0.00387675022,0.0477504251,0.000168891627,-0.00987110235,-0.000503492963,-2.7739984,1701.493
0.00388051377,0.0057023135,0.000294945418,-0.000471666882,-0.00284101027,-0.616083377,1702.08019
0.00389188078,0.00498613648,0.000266200866,-0.000367898847,-0.00290030185,-0.545673286,1701.94499
0.00389267431,0.13502937,-3.19749219e-06,0.000159891581,0.00273982743,-8.44372435,1690.98153
0.0038993778,0.0803647536,-0.000370620808,-0.00746911015,0.000832800562,-4.06813421,1699.67602
0.00390248528,0.00431800152,0.000237432277,-0.000281228074,-0.00295611283,-0.477766587,1701.80732
0.00390268333,0.109085956,-0.000306388699,-0.0018473954,0.0018795306,-5.98058096,1696.9933
0.00391237842,0.00369468589,0.000208824035,-0.000209741261,-0.00300859389,-0.41239111,1701.66822
0.00392160791,0.00311318307,0.000180533346,-0.000151666878,-0.00305789831,-0.349558451,1701.52858
0.00393021827,0.0025706882,0.000152692552,-0.0001053737,-0.00310418009,-0.289283387,1701.38922
0.00393047816,0.133595261,-1.55082397e-05,0.000152080824,0.00271749824,-8.29263882,1691.47367
0.00393825104,0.00206458457,0.000125411552,-6.93802751e-05,-0.00314759232,-0.231542051,1701.25086
0.00394295152,0.0442136074,0.000247209745,-0.00950626516,-0.000671765743,-2.67873994,1701.66955
0.00394574497,0.00159243101,9.87802622e-05,-4.23140385e-05,-0.00318828592,-0.176462149,1701.11417
0.00395273619,0.00115195011,7.28707984e-05,-2.29942715e-05,-0.00322640853,-0.123924033,1700.97974
0.00395925843,0.000741017226,4.77403849e-05,-1.01514682e-05,-0.00326210374,-0.0751104186,1700.84812
0.00396534315,0.000357650242,2.34369036e-05,-3.26027129e-06,-0.00329551045,-0.0308307802,1700.71981
0.0039710197,0,0,0,-0.00332675352,-0.010395817,1700.59523
0.00397100028,0.132058033,-3.05007999e-05,0.000133731093,0.00269278515,-8.13520788,1691.97921
0.00398150017,0.105786393,-0.00034540294,-0.00239448606,0.0018019574,-5.71099219,1697.42304
0.00400471194,0.040914044,0.000323442606,-0.00903383027,-0.000837625063,-2.54904891,1701.83523
0.00401393579,0.075,-0.000332682516,-0.00841579987,0.000641192572,-3.82473796,1700.02326
0.00401443613,0.13041027,-4.83274586e-05,0.000100976562,0.00266537587,-7.96509868,1692.49516
0.00406099523,0.128644026,-6.94194828e-05,4.8833517e-05,0.00263490106,-7.78694837,1693.01802
0.0040623294,0.0378358195,0.000390244555,-0.00849650305,-0.00100091844,-2.45003273,1701.99225
0.0040659843,0.102249575,-0.000383030899,-0.00303497053,0.00171182042,-5.43889726,1697.83458
0.00411090215,0.12675078,-9.37953864e-05,-2.72886923e-05,0.00260092061,-7.5969509,1693.54394
0.00411608181,0.0349640862,0.000449449772,-0.00790815719,-0.0011614666,-2.33580513,1702.14215
0.00412849378,0.0696352464,-0.000270346543,-0.00922271196,0.000433316771,-3.58295405,1700.34679
0.00415654325,0.0984584434,-0.00041597789,-0.00377340044,0.00160682449,-5.15874823,1698.2289
0.0041643976,0.124721401,-0.000121829368,-0.000133830167,0.00256290783,-7.39743337,1694.06887
0.00416622844,0.0322849924,0.000499833046,-0.00729830843,-0.00131906181,-2.23501905,1702.28549
0.00417380227,0.15,0,0,0.00349663625,-10.0413716,1685
0.00418399681,0.14964235,3.75360668e-06,9.43176248e-08,0.00349153404,-10.0184928,1685.15197
0.00419492437,0.149258983,7.52694589e-06,1.85150381e-06,0.00348600042,-9.97383107,1685.31485
0.00420663768,0.14884805,1.12911139e-05,3.4497735e-06,0.00347998712,-9.92991468,1685.48937
0.00421301117,0.0297856156,0.000542583305,-0.00667727755,-0.00147346247,-2.12659549,1702.42164
0.00421919324,0.148407569,1.50228235e-05,6.21250301e-06,0.0034734498,-9.88214975,1685.67631
0.00422173964,0.1225461,-0.000153439397,-0.000277428027,0.00252022868,-7.18638869,1694.58873
0.00423265159,0.147935415,1.86732881e-05,9.98615164e-06,0.00346633987,-9.83083396,1685.87648
0.00423536707,0.0646303672,-0.00019021326,-0.0097765199,0.00022442149,-3.41048544,1700.63122
0.00424707767,0.147429312,2.21893254e-05,1.48971795e-05,0.00345860404,-9.77559521,1686.09069
0.00425361381,0.0943947116,-0.000442615943,-0.0046016656,0.00148433458,-4.88400084,1698.60901
0.00425665565,0.0274539002,0.000576499614,-0.00606315134,-0.00162440675,-2.02611504,1702.54869
0.00426254105,0.146886817,2.55074845e-05,2.10048093e-05,0.0034501839,-9.71640426,1686.3198
0.00427911632,0.146305314,2.8553949e-05,2.83932652e-05,0.00344101533,-9.65295646,1686.56468
0.00428320484,0.120214384,-0.000188776632,-0.000466007152,0.00247211877,-6.96524937,1695.09964
0.00429688342,0.145681998,3.12425152e-05,3.71099129e-05,0.00343102797,-9.58497775,1686.82619
0.00429737241,0.0252785992,0.000602431375,-0.00546401772,-0.00177161825,-1.92353954,1702.66368
0.00431592807,0.145013864,3.34736457e-05,4.71707068e-05,0.00342014447,-9.51216021,1687.10521
0.00433507117,0.0599612217,-9.24527882e-05,-0.010093357,1.60413534e-05,-3.1826949,1700.8843
0.00433535783,0.0232492201,0.000620220834,-0.00489000415,-0.00191482259,-1.82516701,1702.76307
0.00433634212,0.144297686,3.51324272e-05,5.85428035e-05,0.00340827978,-9.43419131,1687.40259
0.00434908968,0.117715008,-0.00022749484,-0.000708132609,0.00241765449,-6.73282863,1695.59819
0.0043576642,0.0900387783,-0.000457138783,-0.00551375576,0.00134132729,-4.60253801,1698.97753
0.00435822404,0.143530013,3.6088456e-05,7.11231277e-05,0.00339534018,-9.35072253,1687.71909
0.00437079515,0.0213559743,0.000630626279,-0.00434611476,-0.00205375766,-1.72700709,1702.84338
0.00438167936,0.14270714,3.61898896e-05,8.47325135e-05,0.00338122237,-9.26143693,1688.05542
0.00440385528,0.0195897299,0.000634034537,-0.00383714722,-0.00218818583,-1.63132245,1702.90178
0.00440682124,0.141825099,3.52735016e-05,9.9044953e-05,0.00336581207,-9.16587863,1688.41212
0.00441971194,0.115035914,-0.00026938765,-0.00101276661,0.00235572257,-6.49085376,1696.08166
0.00442808699,0.0556052884,1.131067e-06,-0.0102217978,-0.000190754276,-3.06910437,1701.112
0.00443377094,0.140879634,3.31360584e-05,0.000113666179,0.00334898249,-9.06388883,1688.78954
0.0044346977,0.0179419674,0.000631157945,-0.00336526192,-0.00231790163,-1.53674578,1702.93646
0.00446265844,0.139866187,2.95974442e-05,0.000127835155,0.00333059232,-8.95458023,1689.18783
0.00446347117,0.0164047389,0.00062258375,-0.00293187483,-0.00244273796,-1.44401664,1702.94703
0.00446919631,0.0853696328,-0.000458083425,-0.00647716419,0.00117440775,-4.33872577,1699.33704
0.00449031448,0.0149706296,0.000608985046,-0.00253702757,-0.0025625691,-1.35276734,1702.93423
0.0044936231,0.138779867,2.43640625e-05,0.00014092572,0.00331048335,-8.83857964,1689.6068
0.00449541229,0.112164181,-0.000313539822,-0.0013896265,0.0022849835,-6.23819198,1696.5482
0.00451486319,0.0515415566,9.78541736e-05,-0.010110594,-0.000395275555,-2.94896441,1701.31888
0.00451535711,0.0136327222,0.000590982683,-0.00218011081,-0.00267731196,-1.26325789,1702.89952
0.00452681426,0.137615437,1.72874795e-05,0.000151349492,0.00328847754,-8.71357718,1690.04595
0.00453871984,0.0123845633,0.000569195194,-0.00185980971,-0.00278692524,-1.17546466,1702.84497
0.00456051538,0.0112201325,0.000544200654,-0.00157440328,-0.00289140724,-1.08952732,1702.77309
0.00456239202,0.136367278,7.95668198e-06,0.000158268755,0.00326437303,-8.58280247,1690.50435
0.00457655584,0.109085956,-0.000359248795,-0.00184705674,0.00220383629,-5.97813268,1696.99695
0.00458084884,0.0101338132,0.000516543771,-0.00132184287,-0.00299079268,-1.00552713,1702.68648
0.0045887481,0.0803647536,-0.000436094477,-0.00746770744,0.000979749335,-4.06688798,1699.69009
0.00459581833,0.0477504251,0.000200187618,-0.00986894498,-0.00059714007,-2.77495217,1701.50866
0.0045998183,0.00912036556,0.000486726441,-0.00109989581,-0.00308514883,-0.923580672,1702.58765
0.004600528,0.13502937,-3.77882891e-06,0.000159903236,0.00323793905,-8.44093079,1690.98058
0.00461751528,0.00817490128,0.000455208841,-0.000906224952,-0.00317457137,-0.843788729,1702.47891
0.00463402511,0.00729285993,0.000422408074,-0.000738466659,-0.00325918006,-0.766248462,1702.36233
0.00464140612,0.133595261,-1.83173806e-05,0.00015212412,0.00320891036,-8.28988546,1691.47274
0.00464942745,0.00646998704,0.000388698805,-0.000594284524,-0.00333911434,-0.691044368,1702.23973
0.004663534,0.105786393,-0.000404534552,-0.0023940157,0.00211037774,-5.70862777,1697.42808
0.00466379657,0.0057023135,0.000354414569,-0.000471411884,-0.00341452941,-0.61825006,1702.11269
0.0046713429,0.0442136074,0.00029303353,-0.00950373674,-0.000796119989,-2.67881579,1701.68464
0.0046772018,0.00498613648,0.000319849535,-0.000367681337,-0.00348559239,-0.547924737,1701.98257
0.00468522358,0.132058033,-3.59757172e-05,0.000133767925,0.00317697868,-8.13229,1691.97833
0.00468970779,0.00431800152,0.000285260313,-0.000281045956,-0.00355247903,-0.480110852,1701.85058
0.00470137486,0.00369468589,0.000250868239,-0.000209592473,-0.00361537072,-0.414836773,1701.71775
0.00471225929,0.00311318307,0.000216862102,-0.000151548953,-0.00367445185,-0.352118286,1701.58503
0.00471689623,0.075,-0.000390784063,-0.00841409759,0.000753181906,-3.82337389,1700.03943
0.00472241357,0.0025706882,0.000183400716,-0.000105284247,-0.00372990758,-0.29196786,1701.45321
0.0047318867,0.00206458457,0.00015061659,-6.93156308e-05,-0.00378192191,-0.234362942,1701.323
0.00473219172,0.13041027,-5.69702977e-05,0.000101026515,0.00314178345,-7.9622875,1692.49436
0.00474072436,0.00159243101,0.000118618696,-4.2272433e-05,-0.00383067615,-0.17942092,1701.19504
0.00474180119,0.040914044,0.00038287032,-0.00903109403,-0.000992049545,-2.55039802,1701.84956
0.00474896917,0.00115195011,8.74942151e-05,-2.2966309e-05,-0.00387634766,-0.127054334,1701.06984
0.00475666091,0.000741017226,5.73132115e-05,-1.01482058e-05,-0.00391910883,-0.0783016507,1700.94788
0.00475676631,0.102249575,-0.000448046679,-0.00303439254,0.00200236275,-5.43646826,1697.84116
0.00476383668,0.000357650242,2.81322862e-05,-3.2477505e-06,-0.00395912643,-0.0342970835,1700.82953
0.00477053109,0,0,0,-0.00399655059,-0.0141541724,1700.71508
0.0047825371,0.128644026,-8.1733636e-05,4.89048701e-05,0.00310289944,-7.78395277,1693.01736
0.00480753304,0.0378358195,0.00046165713,-0.00849414018,-0.00118478044,-2.45134,1702.0057
0.00483650254,0.12675078,-0.000110343619,-2.72102152e-05,0.00305982133,-7.59403261,1693.5435
0.00484504436,0.0696352464,-0.000317127272,-0.00922024471,0.00050819432,-3.58189888,1700.36477
0.00485670245,0.0984584434,-0.000486010236,-0.00377263716,0.00187717674,-5.15649765,1698.23717
0.00486885552,0.0349640862,0.000531504072,-0.00790608754,-0.00137412844,-2.33717132,1702.15463
0.00489110446,0.15,0,0,0.00409756189,-10.0382384,1685
0.00489434835,0.124721401,-0.000143158801,-0.00013371801,0.00301194557,-7.39438389,1694.06873
0.00490210175,0.14964235,4.39647289e-06,1.04923704e-07,0.00409078788,-10.0155747,1685.1519
0.0049138898,0.149258983,8.81544525e-06,1.84282385e-06,0.00408345727,-9.970994,1685.3147
0.00492606441,0.0322849924,0.000590916567,-0.00729640322,-0.00155987179,-2.23618186,1702.29699
0.00492652547,0.14884805,1.32243848e-05,3.45028087e-06,0.0040755117,-9.92695066,1685.48914
0.0049400697,0.148407569,1.7590474e-05,6.21017813e-06,0.00406689653,-9.87919896,1685.676
0.00495458783,0.147935415,2.18591955e-05,9.98649109e-06,0.00405755212,-9.82785514,1685.87608
0.00495635355,0.1225461,-0.00018012072,-0.000277292762,0.00295854711,-7.18337309,1694.58899
0.00496382448,0.0943947116,-0.000516445987,-0.00460076467,0.00173182518,-4.88168547,1698.61935
0.00496459616,0.0646303672,-0.000222846178,-0.00977327662,0.000262708323,-3.40919925,1700.65051
0.00497014987,0.147429312,2.59677349e-05,1.48973961e-05,0.00404741336,-9.77260215,1686.09022
0.00497943566,0.0297856156,0.000641202757,-0.00667553498,-0.00174174546,-2.12809473,1702.43218
0.00498683091,0.146886817,2.98420958e-05,2.10056499e-05,0.00403640913,-9.71339021,1686.31927
0.00500471138,0.146305314,3.33959224e-05,2.83944074e-05,0.00402446176,-9.64992317,1686.5641
0.00502281722,0.120214384,-0.000221339794,-0.000465829071,0.0028987532,-6.96214116,1695.10044
0.00502387755,0.145681998,3.65284265e-05,3.7111741e-05,0.00401148632,-9.58192289,1686.82557
0.00502922669,0.0274539002,0.000681072515,-0.00606149312,-0.00191945767,-2.02754739,1702.55836
0.00504442186,0.145013864,3.91233709e-05,4.71736124e-05,0.00399738987,-9.50908309,1687.10455
0.0050664434,0.144297686,4.10471163e-05,5.85467497e-05,0.0039820706,-9.43108793,1687.40188
0.00507567768,0.0252785992,0.000711457376,-0.00546248893,-0.00209269735,-1.92521648,1702.67262
0.00507612827,0.0599612217,-0.000108564962,-0.0100904269,1.84149312e-05,-3.18416258,1700.90438
0.00507864909,0.0900387783,-0.000532748165,-0.0055125619,0.00156287913,-4.60057326,1698.99022
0.00509004839,0.143530013,4.21474368e-05,7.1129431e-05,0.00396541691,-9.34759525,1687.71833
0.00509405994,0.117715008,-0.00026643084,-0.000707903635,0.00283151115,-6.7297427,1695.59969
0.0051153507,0.14270714,4.22496949e-05,8.47390851e-05,0.00394730622,-9.25827214,1688.05459
0.00511901267,0.0232492201,0.000732256877,-0.00488856798,-0.00226115377,-1.82683649,1702.77146
0.00514247235,0.141825099,4.11608322e-05,9.90570442e-05,0.00392760351,-9.16269831,1688.41122
0.0051594407,0.0213559743,0.000744326924,-0.00434479985,-0.00242452927,-1.72882154,1702.85145
0.00517042535,0.115035914,-0.000315095374,-0.00101247627,0.00275555396,-6.48769058,1696.08405
0.00517154419,0.140879634,3.86529878e-05,0.000113675256,0.00390615957,-9.06064261,1688.78859
0.00518017866,0.0556052884,1.29468529e-06,-0.0102188157,-0.000223530299,-3.06870967,1701.1324
0.00519715677,0.0195897299,0.000748163716,-0.00383593204,-0.00258255364,-1.63316297,1702.90981
0.00520173012,0.0853696328,-0.000533091414,-0.00647582493,0.00136649894,-4.33670371,1699.35225
0.00520270642,0.139866187,3.45029107e-05,0.000127856557,0.00388280885,-8.95135994,1689.18681
0.0052323428,0.0179419674,0.000744591607,-0.00336415637,-0.00273499349,-1.53867648,1702.94479
0.00523610937,0.138779867,2.83988349e-05,0.000140943435,0.00385736689,-8.83523004,1689.60573
0.00525228179,0.112164181,-0.000366283476,-0.00138924146,0.00266935977,-6.23507161,1696.55171
0.0052651685,0.0164047389,0.000734319567,-0.00293086555,-0.00288165955,-1.44599135,1702.95602
0.00527191415,0.137615437,2.01325121e-05,0.000151373501,0.00382962685,-8.71028995,1690.04484
0.00527724922,0.0515415566,0.000114366662,-0.0101078582,-0.000462403837,-2.94864604,1701.33917
0.00529579221,0.0149706296,0.000718136483,-0.00253611411,-0.00302241045,-1.35480953,1702.94423
0.00531029346,0.136367278,9.27225243e-06,0.000158310998,0.0037993552,-8.57939044,1690.50321
0.00532436165,0.0136327222,0.000696779782,-0.00217928417,-0.00315715419,-1.26535422,1702.91092
0.00533366127,0.0803647536,-0.000506837195,-0.00746589044,0.00113836808,-4.06533295,1699.70793
0.0053400241,0.109085956,-0.000419108499,-0.00184657685,0.00257111279,-5.97493405,1697.00184
0.00535101461,0.0123845633,0.000670977156,-0.0018590655,-0.00328584723,-1.17762447,1702.85823
0.00535143243,0.13502937,-4.38996225e-06,0.000159924175,0.003766286,-8.43749763,1690.97944
0.00536780816,0.0477504251,0.000233761704,-0.00986616668,-0.000697827201,-2.77609511,1701.52848
0.00537587965,0.0112201325,0.000641410993,-0.00157373485,-0.00340849201,-1.09175056,1702.78864
0.00539552947,0.133595261,-2.12883088e-05,0.000152177625,0.00373011458,-8.28646915,1691.47161
0.00539907672,0.0101338132,0.000608722657,-0.00132124532,-0.00352513319,-1.00782022,1702.70476
0.0054207177,0.00912036556,0.000573503598,-0.00109936416,-0.00363585324,-0.925948005,1702.60913
0.00543407549,0.105786393,-0.000471311733,-0.00239336106,0.00245865935,-5.70554147,1697.43481
0.00544090698,0.00817490128,0.000536295476,-0.000905754909,-0.00374076757,-0.846235873,1702.50407
0.00544279731,0.132058033,-4.17758764e-05,0.000133819014,0.00369048792,-8.12871938,1691.97727
0.0054522923,0.0442136074,0.000342206205,-0.00950054242,-0.000929592977,-2.67901193,1701.70368
0.00545974193,0.00729285993,0.000497588956,-0.000738054234,-0.00384001942,-0.7687812,1702.39166
0.00547507889,0.075,-0.000453408127,-0.00841193757,0.000873789163,-3.82174454,1700.05986
0.00547731341,0.00646998704,0.000457824488,-0.000593926084,-0.00393377493,-0.693669671,1702.27375
0.00549346393,0.13041027,-6.6127163e-05,0.000101095034,0.00364699432,-7.95878976,1692.49341
0.00549370617,0.0057023135,0.000417393996,-0.000471104025,-0.00402221833,-0.620975654,1702.15194
0.00550899929,0.00498613648,0.000376643044,-0.00036742096,-0.00410554764,-0.550759237,1702.02759
0.00552326652,0.00431800152,0.000335873136,-0.000280830154,-0.00418397072,-0.483063432,1701.9019
0.00553110913,0.040914044,0.000446443077,-0.00902771411,-0.00115755721,-2.55201692,1701.86761
0.00553488962,0.102249575,-0.000521247471,-0.00303359614,0.00232946232,-5.43331849,1697.84989
0.00553657669,0.00369468589,0.000295344472,-0.000209418069,-0.0042577018,-0.417918202,1701.77591
0.00554777372,0.128644026,-9.4783498e-05,4.89986779e-05,0.0035991493,-7.7802809,1693.0166
0.005548994,0.00311318307,0.000255278592,-0.000151412417,-0.00432695845,-0.355341143,1701.65053
0.00556057834,0.0025706882,0.000215862401,-0.000105181954,-0.00439195896,-0.295338772,1701.52653
0.00557138559,0.00206458457,0.000177252336,-6.9242642e-05,-0.00445292011,-0.237893787,1701.40459
0.00558146787,0.00159243101,0.000139576651,-4.22258849e-05,-0.00451005538,-0.183112555,1701.28524
0.00559087382,0.00115195011,0.00010293821,-2.29357916e-05,-0.00456357349,-0.130931755,1701.16895
0.00559964881,0.000741017226,6.74201295e-05,-1.01456948e-05,-0.00461367727,-0.0822512225,1701.0561
0.00560463883,0.0378358195,0.000537947032,-0.00849120723,-0.00138158765,-2.45288847,1702.0226
0.00560598863,0.12675078,-0.000127880939,-2.71026758e-05,0.00354637845,-7.5904082,1693.54301
0.00560783516,0.000357650242,3.30882888e-05,-3.23265127e-06,-0.00466056279,-0.0385473411,1700.94696
0.00561547236,0,0,0,-0.00470440689,-0.0187141791,1700.84175
0.00561649651,0.0696352464,-0.000367428081,-0.00921715617,0.000588618645,-3.58059582,1700.3874
0.00564295277,0.0984584434,-0.000564623456,-0.00377160665,0.00218057609,-5.15357894,1698.24806
0.00566838948,0.124721401,-0.000165763131,-0.00013357089,0.00348799681,-7.39062962,1694.06861
0.00567323607,0.0349640862,0.000619099282,-0.00790350364,-0.00160150484,-2.33882504,1702.1703
0.00573527724,0.1225461,-0.000208396747,-0.000277112707,0.00342318295,-7.17963198,1694.58939
0.00573723171,0.0322849924,0.000688097122,-0.0072940137,-0.0018170808,-2.23761306,1702.3114
0.00574349164,0.15,0,0,0.00481165607,-10.0338079,1685
0.00574842766,0.0646303672,-0.000257889361,-0.00976922187,0.000303663561,-3.40766525,1700.67472
0.0057551124,0.14964235,5.16428525e-06,1.26185382e-07,0.00480261785,-10.0113978,1685.15181
0.00575878617,0.0943947116,-0.000599040418,-0.00459955268,0.00200863727,-4.87870543,1698.63292
0.00576756875,0.149258983,1.0351509e-05,1.83079734e-06,0.00479285657,-9.96695695,1685.31451
0.00578092078,0.14884805,1.55251645e-05,3.45300611e-06,0.00478230104,-9.92279377,1685.48885
0.00579523287,0.148407569,2.06428221e-05,6.21088031e-06,0.00477088351,-9.87504397,1685.6756
0.00579693445,0.0297856156,0.000746335968,-0.00667334672,-0.00202803294,-2.12991682,1702.44538
0.00580697455,0.120214384,-0.000255846439,-0.000465596071,0.00335094944,-6.95830166,1695.10151
0.00581057407,0.147935415,2.56429635e-05,9.98888276e-06,0.0047585303,-9.82367243,1685.87557
0.00582701838,0.147429312,3.04520872e-05,1.48985769e-05,0.00474516129,-9.76840412,1686.08961
0.00584464512,0.146886817,3.49833293e-05,2.10062517e-05,0.00473068938,-9.70917165,1686.31857
0.00585263225,0.0274539002,0.00079247498,-0.00605941598,-0.00223404389,-2.02931348,1702.57046
0.00586353929,0.146305314,3.91351865e-05,2.83944219e-05,0.00471501981,-9.64568715,1686.56331
0.0058715087,0.0599612217,-0.000125991173,-0.0100867685,2.07596998e-05,-3.18583409,1700.92952
0.00588294853,0.0900387783,-0.000617065083,-0.00551097491,0.0018098038,-4.59804292,1699.00676
0.00588382723,0.117715008,-0.000307689607,-0.000707604884,0.00327010698,-6.72591261,1695.60163
0.00588379205,0.145681998,4.27896627e-05,3.71117575e-05,0.00469804946,-9.57766677,1686.82471
0.00590459377,0.0252785992,0.000827516059,-0.0054605763,-0.00243477129,-1.92725654,1702.68377
0.00590550108,0.145013864,4.58108431e-05,4.71743193e-05,0.00467966603,-9.50480483,1687.10362
0.00592877109,0.144297686,4.80428808e-05,5.85486137e-05,0.00465974715,-9.426784,1687.40088
0.00595306965,0.0232492201,0.000851442588,-0.00488677655,-0.0026298706,-1.82888449,1702.78191
0.00595371432,0.143530013,4.93082134e-05,7.11337915e-05,0.00463815927,-9.34326577,1687.71726
0.00596620598,0.115035914,-0.000363522397,-0.0010121002,0.00317922598,-6.48377465,1696.08709
0.00598045109,0.14270714,4.94048552e-05,8.47448922e-05,0.00461475636,-9.25390792,1688.05345
0.0059863333,0.0556052884,1.45758292e-06,-0.0102150931,-0.00025886649,-3.0682824,1701.15788
0.0059982937,0.0213559743,0.000865207152,-0.004343161,-0.00281901064,-1.73103175,1702.8615
0.00600911036,0.141825099,4.8106819e-05,9.90687724e-05,0.00458937836,-9.158314,1688.41
0.00601603876,0.0853696328,-0.000616419817,-0.00647404436,0.00157978896,-4.33410772,1699.37199
0.00603983037,0.140879634,4.51553283e-05,0.000113685758,0.00456184922,-9.0561993,1688.78728
0.00604048407,0.0195897299,0.00086943104,-0.0038344211,-0.0030018903,-1.63541505,1702.9198
0.00605450816,0.112164181,-0.000422160798,-0.00138874786,0.0030765918,-6.2312015,1696.55612
0.00607275929,0.139866187,4.02808317e-05,0.0001278811,0.00453197469,-8.94693121,1689.18543
0.00607984425,0.0179419674,0.000865055999,-0.00336278279,-0.0031782498,-1.54103161,1702.95512
0.00609345533,0.0515415566,0.000132067278,-0.0101044161,-0.000534474421,-2.9481875,1701.36446
0.00610805595,0.138779867,3.31464042e-05,0.000140964809,0.00449953933,-8.8306791,1689.60429
0.0061165641,0.0164047389,0.000852923077,-0.00292961426,-0.00334787927,-1.44840537,1702.96713
0.00614589061,0.137615437,2.34783721e-05,0.000151405543,0.00446430273,-8.70580588,1690.04335
0.00614915968,0.109085956,-0.000482511785,-0.00184596325,0.00296016157,-5.97098651,1697.00795
0.00615082074,0.0149706296,0.000833944221,-0.00253498326,-0.00351062324,-1.35730414,1702.95656
0.0061586988,0.0803647536,-0.000585152635,-0.00746349616,0.00131378947,-4.06336584,1699.73094
0.0061827794,0.0136327222,0.000808981303,-0.00217826336,-0.00366638247,-1.26791799,1702.92497
0.00618644576,0.136367278,1.08225455e-05,0.000158363766,0.0044259947,-8.57477246,1690.50169
0.00619339147,0.0477504251,0.000269646693,-0.00986262743,-0.000805705262,-2.77745703,1701.55312
0.00621259423,0.0123845633,0.000778877947,-0.00185814884,-0.00381511296,-1.18026651,1702.8745
0.00622991703,0.13502937,-5.09713618e-06,0.000159958497,0.00438430912,-8.43285904,1690.97793
0.00624040905,0.0112201325,0.000744427208,-0.00157291434,-0.00395682313,-1.09447225,1702.80764
0.00625061709,0.105786393,-0.000542039096,-0.00239254526,0.00282751587,-5.70172061,1697.44301
0.00626635801,0.0101338132,0.000706372795,-0.00132051453,-0.00409156962,-1.01062845,1702.72701
0.00627651407,0.133595261,-2.47505624e-05,0.000152248561,0.00433889655,-8.28184409,1691.47014
0.00628662378,0.0442136074,0.000394790743,-0.009496563,-0.00107238675,-2.67940748,1701.72732
0.00629056629,0.00912036556,0.000665400809,-0.00109871667,-0.00421945217,-0.928848219,1702.63514
0.00631161678,0.075,-0.000522465644,-0.00840917908,0.00100658937,-3.81982531,1700.08605
0.00631315064,0.00817490128,0.000622139024,-0.000905184987,-0.00434060804,-0.849234593,1702.53437
0.00632646167,0.132058033,-4.8533988e-05,0.000133893055,0.00428935375,-8.12394285,1691.97589
0.00633422,0.00729285993,0.000577155794,-0.000737556607,-0.00445520621,-0.771885154,1702.42678
0.00635387601,0.00646998704,0.000530960968,-0.000593496009,-0.00456344168,-0.696886901,1702.31422
0.00635936977,0.102249575,-0.000598764654,-0.00303260306,0.00267581177,-5.42942784,1697.86053
0.00637221346,0.0057023135,0.000484008048,-0.000470737021,-0.00466553001,-0.62431532,1702.19826
0.00637360194,0.040914044,0.000514227238,-0.00902361164,-0.00133440958,-2.55395983,1701.88998
0.00638000074,0.13041027,-7.6781959e-05,0.000101193398,0.00423521195,-7.95407733,1692.49221
0.00638932082,0.00498613648,0.000436696802,-0.000367112832,-0.0047617023,-0.55423045,1702.08027
0.00640528059,0.00431800152,0.000389376079,-0.000280576698,-0.00485220074,-0.486676055,1701.96143
0.00642016976,0.00369468589,0.00034234672,-0.00020921493,-0.00493727457,-0.421686407,1701.84273
0.00643406015,0.00311318307,0.000295865059,-0.000151254804,-0.0050171766,-0.359274805,1701.72504
0.00643738952,0.128644026,-0.000109946534,4.91303997e-05,0.00417592114,-7.7754018,1693.01565
0.00644701875,0.0025706882,0.000250148006,-0.000105064878,-0.00509216027,-0.299444602,1701.60907
0.00645474549,0.0378358195,0.00061920533,-0.00848762037,-0.00159166793,-2.45469238,1702.04351
0.00645910807,0.00206458457,0.000205376781,-6.91600124e-05,-0.00516247707,-0.242185724,1701.49542
0.00646453475,0.0696352464,-0.000422649373,-0.00921325994,0.000676744987,-3.57906351,1700.41626
0.00647038643,0.00159243101,0.000161699875,-4.21734858e-05,-0.00522837451,-0.187588996,1701.38458
0.00647594228,0.0984584434,-0.000647870873,-0.00377031586,0.00250175479,-5.14995996,1698.26151
0.00648090822,0.00115195011,0.00011923672,-2.29025006e-05,-0.00529009445,-0.135612393,1701.27692
0.00649072419,0.000741017226,7.80837974e-05,-1.01430782e-05,-0.00534787183,-0.0870276561,1701.17274
0.00649890482,0.12675078,-0.00014822226,-2.694729e-05,0.00411083096,-7.58556717,1693.54243
0.0064998817,0.000357650242,3.83162842e-05,-3.21720591e-06,-0.00540193365,-0.04364957,1701.07227
0.0065084249,0,0,0,-0.00545248503,-0.0241345794,1700.97562
0.00653044584,0.0349640862,0.000712359435,-0.00790032514,-0.00184399542,-2.3408075,1702.18965
0.00656484336,0.124721401,-0.000191932924,-0.000133364471,0.00403916752,-7.38566656,1694.06855
0.0066008969,0.0943947116,-0.000686479037,-0.00459802811,0.00230158978,-4.87504071,1698.64965
0.0066010681,0.0322849924,0.000791534738,-0.00729105823,-0.00209116449,-2.23935701,1702.32918
0.0066071948,0.0646303672,-0.000296229273,-0.0097641387,0.000348245722,-3.40582697,1700.70542
0.0066355232,0.1225461,-0.00024106673,-0.000276857636,0.00396000472,-7.174679,1694.59002
0.00666695294,0.0297856156,0.000858168188,-0.006670637,-0.00233288003,-2.13211141,1702.46165
0.00667972464,0.15,0,0,0.00559599276,-10.028479,1685
0.00669191987,0.14964235,5.99980403e-06,1.44097979e-07,0.00558437289,-10.0062144,1685.15171
0.006704992,0.149258983,1.20255792e-05,1.81443697e-06,0.00557184092,-9.96183427,1685.3143
0.00671128525,0.120214384,-0.000295628124,-0.000465270307,0.00387223118,-6.95325657,1695.10304
0.00671900407,0.14884805,1.80367385e-05,3.44646326e-06,0.00555831146,-9.91756637,1685.48852
0.00672841814,0.0274539002,0.000910914202,-0.00605685039,-0.00256880243,-2.03146849,1702.58534
0.00673402367,0.148407569,2.39786411e-05,6.20252383e-06,0.005543702,-9.86979173,1685.67515
0.00673483635,0.0900387783,-0.000706335076,-0.00550899364,0.00207104068,-4.59490741,1699.02711
0.00674028502,0.0599612217,-0.000145177317,-0.0100821813,2.30305284e-05,-3.18773383,1700.96126
0.00675012326,0.147935415,2.9780987e-05,9.9810798e-06,0.00552792312,-9.818388,1685.875
0.00676738048,0.147429312,3.53580628e-05,1.48899015e-05,0.00551087793,-9.7631015,1686.0889
0.00678576018,0.0252785992,0.00095083393,-0.00545821722,-0.00279856058,-1.92971491,1702.6975
0.00678587858,0.146886817,4.06087548e-05,2.09976226e-05,0.00549246139,-9.70384801,1686.31773
0.00679249495,0.117715008,-0.000355146922,-0.00070718911,0.00377451075,-6.72088358,1695.60433
0.00680570678,0.146305314,4.54151879e-05,2.83860775e-05,0.00547255966,-9.6403412,1686.56235
0.00682696072,0.145681998,4.96407879e-05,3.71043042e-05,0.00545104932,-9.57229607,1686.82363
0.00683925564,0.0232492201,0.000978019973,-0.00488457421,-0.00302177795,-1.83137122,1702.79475
0.00684974292,0.145013864,5.31280939e-05,4.71686521e-05,0.00542779653,-9.49940671,1687.10244
0.00686444739,0.0556052884,1.61957999e-06,-0.0102104358,-0.000297645373,-3.06781337,1701.1899
0.00687416327,0.144297686,5.56967876e-05,5.85456654e-05,0.005402656,-9.42135478,1687.39961
0.00687840669,0.0853696328,-0.000704602662,-0.0064718069,0.00180535041,-4.3309113,1699.3962
0.00687954401,0.115035914,-0.000419085844,-0.00101158012,0.00366523991,-6.47867225,1696.09126
0.00688916255,0.0213559743,0.000993521751,-0.00434114848,-0.00323809118,-1.7336985,1702.87382
0.00690033955,0.143530013,5.71416881e-05,7.11349862e-05,0.00537546979,-9.33780344,1687.71591
0.00692839803,0.14270714,5.72304214e-05,8.47503164e-05,0.00534606589,-9.24840654,1688.052
0.00693572165,0.0195897299,0.000998100174,-0.00383257077,-0.00344716941,-1.63814327,1702.93203
0.00695847406,0.141825099,5.57022049e-05,9.90820946e-05,0.0053142566,-9.15278095,1688.40846
0.00697285231,0.112164181,-0.000486111009,-0.00138807301,0.00354249895,-6.2261676,1696.5621
0.0069791575,0.0179419674,0.000992820761,-0.00336110278,-0.00364872751,-1.54387754,1702.96774
0.00698028078,0.0515415566,0.000151336144,-0.0101000731,-0.00061306506,-2.94756873,1701.39613
0.00699071268,0.140879634,5.2262996e-05,0.000113702183,0.00527983639,-9.05060868,1688.78565
0.00701967962,0.0164047389,0.000978666417,-0.00292808768,-0.00384253606,-1.45132799,1702.98066
0.00702526942,0.139866187,4.65968477e-05,0.00012791438,0.00524257942,-8.94133124,1689.18371
0.0070323004,0.0803647536,-0.00066803988,-0.00746051143,0.00149920409,-4.06094941,1699.75909
0.00705748347,0.0149706296,0.00095667998,-0.00253360629,-0.0040284267,-1.36032282,1702.97155
0.00706231096,0.138779867,3.83325565e-05,0.000140999395,0.00520223626,-8.8249676,1689.6025
0.00707286991,0.109085956,-0.000554872689,-0.00184512903,0.00340400475,-5.96589519,1697.01613
0.00708834393,0.0477504251,0.000308524429,-0.00985808442,-0.000922926107,-2.77906016,1701.58388
0.00709275139,0.0136327222,0.000927855677,-0.00217702402,-0.00420629431,-1.27102358,1702.94198
0.00710201595,0.137615437,2.71315943e-05,0.000151456678,0.00515852972,-8.70013362,1690.04152
0.00712565349,0.0123845633,0.000893160252,-0.00185703935,-0.00437609593,-1.18346778,1702.89412
0.00714457592,0.136367278,1.25110054e-05,0.000158438956,0.0051111497,-8.5689725,1690.49984
0.00715634847,0.0112201325,0.000853503986,-0.00157192513,-0.00453784765,-1.09777216,1702.83046
0.00718007926,0.105786393,-0.000622528708,-0.00239147263,0.00324705794,-5.69680207,1697.45366
0.0071849844,0.0101338132,0.000809738954,-0.00131963736,-0.00469161993,-1.01403454,1702.75361
0.00718915806,0.0442136074,0.000451697628,-0.00949161105,-0.00122712422,-2.68012738,1701.75675
0.00719019615,0.13502937,-5.874137e-06,0.000160024381,0.00505974637,-8.42703071,1690.97609
0.00719725981,0.075,-0.000595565163,-0.00840581154,0.00114683774,-3.81743534,1700.118
0.00721169939,0.00912036556,0.000762651271,-0.00109794339,-0.00483753174,-0.932367157,1702.66609
0.00723662231,0.00817490128,0.00071295967,-0.000904508187,-0.00497574427,-0.852874265,1702.57022
0.0072390967,0.133595261,-2.85329384e-05,0.000152355155,0.00500392174,-8.27600172,1691.46837
0.00725987336,0.00729285993,0.00066131455,-0.000736969304,-0.00510645439,-0.775653716,1702.46807
0.00728156471,0.00646998704,0.000608299043,-0.000592991823,-0.00522988818,-0.700793482,1702.36146
0.00728320946,0.040914044,0.000587303864,-0.00901865531,-0.00152561298,-2.55627551,1701.91774
0.00729151342,0.132058033,-5.59129206e-05,0.000134011971,0.00494321829,-8.1179643,1691.97426
0.00729499747,0.102249575,-0.000686699048,-0.00303129576,0.00306849961,-5.42444591,1697.8743
0.00730180097,0.0057023135,0.000554431623,-0.000470310005,-0.00534629479,-0.628370043,1702.25195
0.00732067976,0.00498613648,0.000500169373,-0.00036675736,-0.0054559407,-0.558444003,1702.14087
0.00733829214,0.00431800152,0.000445911167,-0.000280286749,-0.00555910464,-0.491061701,1702.02934
0.00734769915,0.13041027,-8.84044487e-05,0.000101345574,0.00487710578,-7.94813181,1692.4908
0.00735472305,0.00369468589,0.000392000473,-0.000208984488,-0.00565607306,-0.426254661,1701.91831
0.00736221921,0.0696352464,-0.000481033642,-0.0092085653,0.000769669495,-3.57712329,1700.45138
0.00737005176,0.00311318307,0.000338730774,-0.000151077546,-0.00574713622,-0.364032872,1701.80857
0.00737095176,0.0378358195,0.000706652127,-0.00848325007,-0.00181833628,-2.45674393,1702.0694
0.0073843522,0.0025706882,0.000286350569,-0.000104934367,-0.00583258476,-0.304401137,1701.70077
0.00739769335,0.00206458457,0.000235066842,-6.90688621e-05,-0.00591270695,-0.247352217,1701.59544
0.00740792491,0.128644026,-0.000126479171,4.93257596e-05,0.00480496375,-7.76930552,1693.01458
0.00741013955,0.00159243101,0.00018504951,-4.2116039e-05,-0.00598778626,-0.192962057,1701.49299
0.00741817883,0.0984584434,-0.000742009351,-0.00376860236,0.00286467555,-5.14533358,1698.27917
0.00742175085,0.00115195011,0.00013643525,-2.28669131e-05,-0.00605809958,-0.141206218,1701.39374
0.00743258325,0.000741017226,8.93341498e-05,-1.01405501e-05,-0.00612391573,-0.0927372944,1701.29791
0.007442689,0.000357650242,4.38310385e-05,-3.20128638e-06,-0.00618549434,-0.0497066273,1701.20567
0.00745211684,0,0,0,-0.0062430705,-0.0305175514,1701.11711
0.0074528082,0.0349640862,0.000812596935,-0.00789642924,-0.00210516009,-2.34314835,1702.21357
0.00747248118,0.12675078,-0.000170384584,-2.67152425e-05,0.00472606038,-7.57948291,1693.54184
0.00751611293,0.0646303672,-0.000336753823,-0.00975804298,0.000395061978,-3.40368677,1700.74273
0.00752917361,0.0322849924,0.000902586876,-0.00728741426,-0.00238587326,-2.24149529,1702.3511
0.00754167935,0.124721401,-0.000220428657,-0.000133068854,0.00463952663,-7.37947065,1694.06863
0.00755021752,0.0943947116,-0.000785005117,-0.00459600171,0.00263142836,-4.87040178,1698.67151
0.00760041633,0.0297856156,0.000978071467,-0.00666729439,-0.0026601808,-2.13476274,1702.48166
0.0076158532,0.1225461,-0.000276615183,-0.000276495336,0.00454432459,-7.16847746,1694.59098
0.00765968326,0.0599612217,-0.00016565573,-0.0100766563,2.50617181e-05,-3.18976309,1700.99976
0.00766688,0.0274539002,0.00103774874,-0.00605369532,-0.00292773076,-2.03410269,1702.60363
0.00769175042,0.0900387783,-0.000806585145,-0.0055063903,0.0023640462,-4.59092509,1699.05351
0.0076953605,0.120214384,-0.000338884104,-0.000464818445,0.00443921079,-6.94696959,1695.10515
0.0077288852,0.0252785992,0.00108273611,-0.00545532076,-0.00318813165,-1.93267983,1702.71432
0.00772974842,0.15,0,0,0.00647565858,-10.0213065,1685
0.00774240629,0.14964235,6.94237853e-06,1.75447325e-07,0.00646098771,-9.99929243,1685.1516
0.00775597431,0.149258983,1.39129123e-05,1.78956124e-06,0.00644518273,-9.95510898,1685.31406
0.00777051794,0.14884805,2.08635721e-05,3.44436984e-06,0.00642814191,-9.91075515,1685.48815
0.00778058474,0.117715008,-0.000406710255,-0.000706621893,0.00432269292,-6.71460788,1695.60791
0.00778610733,0.148407569,2.77302615e-05,6.2021121e-06,0.00640976569,-9.86294819,1685.67463
0.00778673101,0.0232492201,0.00111326332,-0.00488188002,-0.00344098163,-1.83438947,1702.81047
0.00779362272,0.0556052884,1.7620629e-06,-0.0102048253,-0.000339048828,-3.06736107,1701.2287
0.00780281766,0.147935415,3.44317399e-05,9.98198907e-06,0.00638994646,-9.8115111,1685.87433
0.00782072955,0.147429312,4.08690892e-05,1.4889783e-05,0.00636856794,-9.75620383,1686.08808
0.00783992939,0.146886817,4.69257592e-05,2.09967915e-05,0.0063455045,-9.69692304,1686.31674
0.00784069646,0.0213559743,0.001130483,-0.00433868988,-0.00368589086,-1.73691376,1702.88886
0.0078434602,0.0853696328,-0.000803221996,-0.00646885655,0.00205730586,-4.32689801,1699.4274
0.00786050979,0.146305314,5.2465641e-05,2.83842149e-05,0.00632062038,-9.63338746,1686.5612
0.00787193702,0.115035914,-0.000479407371,-0.00101087953,0.0041929828,-6.47232972,1696.09668
0.00788257001,0.145681998,5.73308833e-05,3.71018779e-05,0.00629376891,-9.5653128,1686.82233
0.00789104183,0.0195897299,0.00113531238,-0.00383031712,-0.00392250358,-1.64144179,1702.94691
0.00790621647,0.145013864,6.13399341e-05,4.71663922e-05,0.00626479153,-9.49239234,1687.10099
0.00791857734,0.0515415566,0.000171786092,-0.0100947613,-0.00069658127,-2.94674591,1701.43444
0.00793156322,0.144297686,6.42851082e-05,5.85445776e-05,0.00623351674,-9.41430648,1687.39803
0.00793800997,0.0179419674,0.00112895119,-0.00335905974,-0.00415051374,-1.54730883,1702.98305
0.00795873252,0.143530013,6.59303389e-05,7.11365063e-05,0.00619975884,-9.33071914,1687.7142
0.00796985795,0.112164181,-0.000555477564,-0.001387181,0.00404794354,-6.21988528,1696.5698
0.00798182743,0.0164047389,0.0011125358,-0.00292623614,-0.00436967639,-1.45485495,1702.99702
0.00798785543,0.14270714,6.60089936e-05,8.47553073e-05,0.00616331638,-9.24128257,1688.05018
0.00800607863,0.0803647536,-0.000760396144,-0.00745664461,0.00170539415,-4.05791591,1699.79513
0.0080190724,0.141825099,6.42220731e-05,9.90939789e-05,0.00612397041,-9.14562174,1688.40652
0.00802270556,0.0149706296,0.00108725007,-0.00253193966,-0.00457981413,-1.36396201,1702.98961
0.00803514985,0.0477504251,0.00034962964,-0.00985237979,-0.001047295,-2.78092899,1701.62105
0.00805253403,0.140879634,6.02351135e-05,0.000113718387,0.0060814822,-9.04339726,1688.7836
0.00806084153,0.0136327222,0.00105422987,-0.00217552829,-0.00478081959,-1.27476824,1702.96239
0.00807481986,0.109085956,-0.00063328669,-0.0018440378,0.00388503802,-5.95956166,1697.02655
0.0080884017,0.139866187,5.36837533e-05,0.000127947364,0.00603559043,-8.93410457,1689.18157
0.00809641929,0.0123845633,0.00101457364,-0.00185570432,-0.00497265441,-1.1873262,1702.91755
0.00812684844,0.138779867,4.41545642e-05,0.000141035114,0.00598600762,-8.81764119,1689.60028
0.00812961045,0.0112201325,0.000969316298,-0.00157073924,-0.0051553459,-1.10174882,1702.85758
0.00814390253,0.0442136074,0.000511878891,-0.0094856302,-0.00139115951,-2.68131488,1701.79226
0.00816057511,0.0101338132,0.000919425004,-0.00131859023,-0.0053289817,-1.01813788,1702.78506
0.00816805967,0.137615437,3.12435285e-05,0.000151514676,0.00593241572,-8.69284164,1690.03925
0.0081803901,0.075,-0.000676624034,-0.0084015001,0.0013020203,-3.81427935,1700.15865
0.00818732903,0.105786393,-0.000709673804,-0.00239008933,0.00370127288,-5.69067138,1697.46715
0.00818946262,0.00912036556,0.000865791717,-0.00109702483,-0.00549370338,-0.936605249,1702.70248
0.00821223418,0.136367278,1.44308169e-05,0.000158524367,0.00587446035,-8.5615374,1690.49756
0.00821641231,0.00817490128,0.000809231239,-0.000903708737,-0.00564969937,-0.857256469,1702.61211
0.00824155419,0.00729285993,0.000750480496,-0.000736279985,-0.00579719761,-0.780189991,1702.51601
0.00824535994,0.040914044,0.000664464641,-0.00901287083,-0.00172819654,-2.55897653,1701.95122
0.00825958505,0.13502937,-6.70069378e-06,0.00016010412,0.00581174339,-8.41956052,1690.97385
0.00826500952,0.00646998704,0.000690199826,-0.000592404092,-0.00593645838,-0.705494336,1702.41594
0.00828689143,0.0057023135,0.000628976098,-0.000469815852,-0.00606776736,-0.633245489,1702.31342
0.00830730548,0.00498613648,0.000567326675,-0.000366348897,-0.00619142929,-0.563505211,1702.20972
0.00830792815,0.102249575,-0.000781794163,-0.00302961572,0.00349315621,-5.41827044,1697.89169
0.00831034068,0.133595261,-3.27036727e-05,0.000152480466,0.00574381349,-8.26852669,1691.46624
0.00832635013,0.00431800152,0.000505702488,-0.000279956261,-0.00630776221,-0.496323585,1702.10591
0.00834001146,0.0378358195,0.000799017639,-0.00847806666,-0.00205840372,-2.45904462,1702.1006
0.00834411724,0.00369468589,0.000444492336,-0.000208723887,-0.0064170924,-0.431725446,1702.00285
0.00835470156,0.0696352464,-0.000545409608,-0.00920268073,0.000871891103,-3.57455355,1700.49578
0.00836069251,0.00311318307,0.000384028796,-0.000150878479,-0.00651975005,-0.369719453,1701.90127
0.00836474587,0.132058033,-6.40816368e-05,0.0001341603,0.00567015377,-8.11034854,1691.97232
0.00837615589,0.0025706882,0.000324592784,-0.000104788889,-0.00661606539,-0.310312761,1701.80175
0.00839058196,0.00206458457,0.000266418249,-6.89679716e-05,-0.00670636566,-0.253497393,1701.70474
0.00840404032,0.00159243101,0.000209697262,-4.20526614e-05,-0.00679097241,-0.19933627,1701.6106
0.00841659587,0.00115195011,0.000154584184,-2.28285397e-05,-0.0068701995,-0.14781875,1701.51957
0.00842306305,0.13041027,-0.000101281045,0.000101535576,0.00559016699,-7.94053612,1692.48916
0.00842830918,0.000741017226,0.000101202756,-1.01372503e-05,-0.00694435146,-0.0994900617,1701.43183
0.00842831363,0.0349640862,0.000918500332,-0.00789177073,-0.0023816826,-2.34590064,1702.24235
0.0084371989,0.0984584434,-0.00084371922,-0.00376642513,0.00325665728,-5.139584,1698.30135
0.00843923675,0.000357650242,4.96474252e-05,-3.18565902e-06,-0.00701372228,-0.0568252271,1701.34751
0.00844943128,0,0,0,-0.00707857865,-0.0379629794,1701.26665
0.00848557352,0.128644026,-0.000144799815,4.95711877e-05,0.00550315632,-7.76156804,1693.0134
0.00851069239,0.0322849924,0.0010199335,-0.0072830227,-0.00269784001,-2.24407879,1702.37747
0.00851731999,0.0646303672,-0.000381325372,-0.00975052732,0.000446111611,-3.40114544,1700.78963
0.00855257878,0.12675078,-0.000194933147,-2.64180603e-05,0.00540830185,-7.57174175,1693.5413
0.00857576484,0.0943947116,-0.000891323553,-0.00459342839,0.00298720106,-4.86467665,1698.69881
0.00858754507,0.0297856156,0.00110476425,-0.00666326198,-0.00300658201,-2.13792281,1702.50572
0.00862440203,0.124721401,-0.000251976199,-0.000132691342,0.00530463205,-7.37162819,1694.06895
0.00865924238,0.0274539002,0.00117176519,-0.00604989723,-0.00330754436,-2.03727698,1702.62559
0.00866902977,0.0599612217,-0.000188337095,-0.0100698093,2.67743434e-05,-3.19193818,1701.04792
0.00870138972,0.1225461,-0.00031593943,-0.000276028144,0.00519098895,-7.16062,1694.59245
0.00872429432,0.0900387783,-0.000914662264,-0.00550311762,0.00267962428,-4.58597731,1699.08633
0.00872613014,0.0252785992,0.00122209856,-0.00545183627,-0.00360031433,-1.93621028,1702.73451
0.00878391319,0.120214384,-0.000386692486,-0.000464235791,0.00506598768,-6.93903701,1695.10811
0.00878853098,0.0232492201,0.00125614924,-0.00487864817,-0.00388446386,-1.83800476,1702.82931
0.00881056267,0.0556052884,1.88080411e-06,-0.0101979145,-0.000384871753,-3.06695129,1701.277
0.0088467459,0.0213559743,0.00127517628,-0.00433574297,-0.00415957549,-1.74074391,1702.90687
0.00887237048,0.117715008,-0.000463642331,-0.000705889746,0.00492796924,-6.70668766,1695.61276
0.00888350378,0.0853696328,-0.000909369639,-0.0064651361,0.00232822332,-4.3219723,1699.46602
0.00890105569,0.0195897299,0.00128026343,-0.00382762255,-0.00442526752,-1.64538112,1702.96471
0.00894260136,0.0515415566,0.000194229772,-0.0100881021,-0.000788224612,-2.9456601,1701.48194
0.0089517223,0.0179419674,0.00127275252,-0.00335662006,-0.00468121203,-1.55139841,1703.00131
0.00895660089,0.15,0,0,0.00750346405,-10.0119686,1685
0.00896718827,0.115035914,-0.000545933963,-0.00100997393,0.00477494901,-6.46435857,1696.10388
0.00896946832,0.14964235,8.03654183e-06,2.09592127e-07,0.00748494619,-9.99007013,1685.15146
0.00898326097,0.149258983,1.61052919e-05,1.76544525e-06,0.00746501669,-9.94595251,1685.31378
0.00899804539,0.14884805,2.41504337e-05,3.43167235e-06,0.00744355401,-9.90151206,1685.48771
0.00899899014,0.0164047389,0.0012539416,-0.00292403029,-0.00492714798,-1.45906224,1703.01647
0.00901389287,0.148407569,3.2094233e-05,6.18744014e-06,0.0074204377,-9.85365223,1685.67402
0.00903087987,0.147935415,3.98423576e-05,9.9655286e-06,0.00739553795,-9.80217549,1685.87354
0.00904308719,0.0149706296,0.00122516385,-0.00252995787,-0.00516288862,-1.3683003,1703.011
0.00904908831,0.147429312,4.72801068e-05,1.4871279e-05,0.00736871491,-9.74684681,1686.08709
0.00905416114,0.0803647536,-0.000859706973,-0.0074518519,0.00192667615,-4.05417803,1699.83956
0.00906578273,0.0477504251,0.000394339328,-0.00984495789,-0.00118315715,-2.78316321,1701.66696
0.00906860602,0.146886817,5.42725177e-05,2.09781618e-05,0.0073398179,-9.68754909,1686.31556
0.00906882391,0.112164181,-0.000631885401,-0.00138603365,0.00460455985,-6.21201064,1696.57987
0.00908422616,0.0136327222,0.0011877045,-0.00217375436,-0.0053883244,-1.27923319,1702.98646
0.00908952714,0.146305314,6.06622086e-05,2.83669664e-05,0.00730868465,-9.62399805,1686.55981
0.0091119526,0.145681998,6.62669138e-05,3.7087384e-05,0.00727514039,-9.55590299,1686.82074
0.00912260547,0.0123845633,0.00114280139,-0.00185412535,-0.00560342206,-1.19192571,1702.94507
0.00913599055,0.145013864,7.08772237e-05,4.7155734e-05,0.00723899684,-9.48295928,1687.0992
0.00915841024,0.0112201325,0.00109162108,-0.00156934139,-0.00580822088,-1.10648864,1702.88928
0.00916175694,0.144297686,7.4253916e-05,5.85389992e-05,0.00720005107,-9.40484745,1687.39604
0.00917776764,0.109085956,-0.00071954642,-0.00184263231,0.00441399632,-5.95168382,1697.04006
0.00918070093,0.0442136074,0.000577125277,-0.00947827586,-0.00156975805,-2.68310741,1701.83597
0.00918937606,0.143530013,7.61253937e-05,7.1137673e-05,0.00715808422,-9.321231,1687.71203
0.00919181319,0.0101338132,0.00103525242,-0.00131736083,-0.00600282687,-1.02302762,1702.82164
0.00921898113,0.14270714,7.61854326e-05,8.47647444e-05,0.00711285986,-9.23176089,1688.04784
0.00922297543,0.00912036556,0.000974699211,-0.00109595142,-0.0061874056,-0.941654603,1702.74456
0.00923708958,0.075,-0.000763533662,-0.00839617758,0.00146815499,-3.81042168,1700.20853
0.00925071494,0.141825099,7.40912691e-05,9.91151281e-05,0.00706412207,-9.13606677,1688.40404
0.00925204726,0.00817490128,0.000910877781,-0.000902779582,-0.00636217436,-0.862476256,1702.6603
0.00927916892,0.00729285993,0.00084461656,-0.000735483799,-0.00652739403,-0.785591925,1702.57082
0.00928473056,0.140879634,6.94615806e-05,0.000113750842,0.00701159299,-9.03379489,1688.78099
0.00928791028,0.040914044,0.00074789933,-0.00900609169,-0.00194815621,-2.56211923,1701.99229
0.00929454493,0.105786393,-0.000805411137,-0.00238830496,0.00419995644,-5.68304682,1697.48466
0.00930447122,0.00646998704,0.000776657668,-0.000591730006,-0.00668336107,-0.711089836,1702.47784
0.00932119206,0.139866187,6.18781919e-05,0.000128002539,0.00695496983,-8.92447704,1689.17884
0.00932807622,0.0057023135,0.000707660511,-0.000469253343,-0.00683039986,-0.639045511,1702.38281
0.00935009776,0.00498613648,0.000638206036,-0.000365887359,-0.00696885557,-0.569524374,1702.28694
0.00936027532,0.138779867,5.08763567e-05,0.000141102464,0.00689392099,-8.80792275,1689.59747
0.00937064206,0.00431800152,0.000568800225,-0.000279585504,-0.0070990878,-0.502571177,1702.1912
0.00938792788,0.0378358195,0.000898763582,-0.00847182116,-0.00231843552,-2.46168279,1702.13877
0.00938980823,0.00369468589,0.000499880272,-0.000208433748,-0.007221465,-0.438208217,1702.09639
0.00940216884,0.137615437,3.59830635e-05,0.000151614047,0.00682808129,-8.68314015,1690.0364
0.00940768871,0.00311318307,0.000431820035,-0.000150658629,-0.0073363595,-0.376447936,1702.00317
0.00941971906,0.102249575,-0.000886092351,-0.00302744847,0.00395859915,-5.41064925,1697.91408
0.00942001801,0.0696352464,-0.000614217446,-0.00919554834,0.000980940693,-3.57151072,1700.55005
0.00942436974,0.0025706882,0.000364934664,-0.000104629367,-0.00744414344,-0.317293035,1701.91204
0.00943993179,0.00206458457,0.000299486796,-6.88581532e-05,-0.0075451852,-0.260735653,1701.82338
0.00944707472,0.136367278,1.66304047e-05,0.000158659644,0.00675704562,-8.55171456,1690.49472
0.00945444992,0.00159243101,0.000235691826,-4.19839209e-05,-0.00763984658,-0.206827375,1701.73749
0.00946799415,0.00115195011,0.000173722683,-2.27877465e-05,-0.0077284805,-0.155567122,1701.65456
0.00948062982,0.000741017226,0.000113717203,-1.01325425e-05,-0.00781142921,-0.107406662,1701.57474
0.00948123619,0.0349640862,0.00103267711,-0.00788611752,-0.00268056017,-2.34921398,1702.27748
0.00949241787,0.000357650242,5.57798422e-05,-3.17089988e-06,-0.00788902296,-0.0651195644,1701.49811
0.00949520953,0.13502937,-7.67264814e-06,0.000160249659,0.00668036082,-8.40970318,1690.97109
0.00950341516,0,0,0,-0.00796156208,-0.0465772122,1701.42469
0.00954680547,0.133595261,-3.75306354e-05,0.000152683748,0.0065975153,-8.25864158,1691.46364
0.0095538938,0.0984584434,-0.000955105481,-0.00376365676,0.00368550233,-5.1324732,1698.3295
0.00956828525,0.0322849924,0.00114626082,-0.00727766891,-0.00303437669,-2.24721412,1702.40958
0.00959067538,0.0646303672,-0.000429017902,-0.00974163635,0.000500162936,-3.39819746,1700.84675
0.0096021114,0.132058033,-7.35097146e-05,0.000134403196,0.00650792565,-8.10033874,1691.97001
0.00964949494,0.0297856156,0.0012409345,-0.0066583491,-0.00337961052,-2.14169478,1702.53495
0.00966139408,0.13041027,-0.000116112259,0.0001018387,0.00641092008,-7.93053501,1692.48729
0.00969771634,0.0943947116,-0.00100754239,-0.00459014825,0.00337566072,-4.85765226,1698.73323
0.00972493947,0.128644026,-0.000165868748,4.99512173e-05,0.00630571727,-7.75143884,1693.01216
0.009725257,0.0274539002,0.00131560105,-0.0060452868,-0.00371589959,-2.04110098,1702.65222
0.00974988484,0.0599612217,-0.000212838032,-0.010061589,2.79371393e-05,-3.19411975,1701.1064
0.00979305408,0.12675078,-0.000223116357,-2.59615625e-05,0.00619140058,-7.56160053,1693.54094
0.00979593683,0.0252785992,0.00137146721,-0.00544761449,-0.00404282154,-1.94041779,1702.75893
0.0098518804,0.0900387783,-0.00103261439,-0.00549898358,0.00302344957,-4.57987116,1699.12748
0.00986187537,0.0232492201,0.00140910064,-0.00487474856,-0.00435993223,-1.84233224,1702.85205
0.00986606645,0.124721401,-0.000288137732,-0.000132127222,0.00606688653,-7.36140224,1694.06976
0.00989841432,0.0556052884,1.96278394e-06,-0.0101896271,-0.000434548118,-3.06657514,1701.33551
0.00992339068,0.0213559743,0.00142988024,-0.0043321945,-0.00466679498,-1.7453059,1702.92855
0.00994432875,0.1225461,-0.000360936661,-0.000275340496,0.00593088672,-7.15037981,1694.5948
0.00998077945,0.0195897299,0.00143507322,-0.0038243895,-0.00496300949,-1.65008018,1702.98605
0.0100171296,0.0853696328,-0.00102495267,-0.00646041134,0.00262267838,-4.31597543,1699.5142
0.0100282185,0.120214384,-0.000441301747,-0.000463394705,0.00578186353,-6.92874295,1695.11244
0.0100343185,0.0179419674,0.00142617841,-0.00335370009,-0.00524823253,-1.55626717,1703.02314
0.0100369803,0.0515415566,0.000218398328,-0.0100799247,-0.000886804942,-2.94439696,1701.53934
0.0100842661,0.0164047389,0.00140466853,-0.00292139909,-0.00552219287,-1.46407248,1703.03962
0.0101181403,0.117715008,-0.000528549949,-0.00070485221,0.00561797877,-6.69642092,1695.61958
0.0101308632,0.0149706296,0.00137203856,-0.00252760106,-0.00578469995,-1.37346218,1703.03632
0.010166251,0.0477504251,0.000442029798,-0.00983567798,-0.0013288454,-2.78580528,1701.72231
0.0101743344,0.0136327222,0.00132973367,-0.00217165223,-0.00603564725,-1.28454447,1703.01482
0.010194261,0.0803647536,-0.000967657885,-0.00744587474,0.0021665164,-4.0495924,1699.89467
0.0102145279,0.115035914,-0.000621629598,-0.00100870894,0.00543703787,-6.45407474,1696.11378
0.0102148896,0.0123845633,0.00127914116,-0.00185226106,-0.00627501156,-1.19739443,1702.97731
0.0102527242,0.0112201325,0.00122156789,-0.00156769767,-0.00650284892,-1.11212179,1702.9262
0.0102601588,0.15,0,0,0.00859553014,-10.0006988,1685
0.0102732311,0.14964235,9.18917974e-06,2.36182157e-07,0.00857290137,-9.97892745,1685.15132
0.0102868501,0.0442136074,0.000646505085,-0.00946955493,-0.00176090018,-2.68556625,1701.88857
0.0102872432,0.149258983,1.84218549e-05,1.74584593e-06,0.00854856433,-9.93490697,1685.31348
0.0102880209,0.0101338132,0.00115823204,-0.00131592167,-0.00671928823,-1.02883579,1702.86397
0.010302263,0.14884805,2.76297548e-05,3.4270707e-06,0.0085223765,-9.89040892,1685.48724
0.0103178462,0.112164181,-0.000718644631,-0.00138445818,0.00523642902,-6.20185765,1696.59352
0.0103183627,0.148407569,3.67205768e-05,6.18578743e-06,0.00849419518,-9.84251384,1685.67337
0.0103209498,0.00912036556,0.00109025598,-0.00109470128,-0.00692452344,-0.94764935,1702.79298
0.01033562,0.147935415,4.55840707e-05,9.96691393e-06,0.00846386685,-9.79100555,1685.87269
0.0103516698,0.00817490128,0.00101866342,-0.000901703571,-0.00711880492,-0.86866981,1702.7154
0.0103541183,0.147429312,5.4087987e-05,1.48747196e-05,0.00843122648,-9.73565208,1686.08604
0.0103739466,0.146886817,6.20773521e-05,2.09839529e-05,0.00839609669,-9.67632201,1686.31428
0.0103803291,0.00729285993,0.000944379287,-0.000734567508,-0.00730243048,-0.791997037,1702.63311
0.0103841289,0.075,-0.00085768415,-0.00838954502,0.00164760294,-3.80585542,1700.27009
0.0103952007,0.146305314,6.93723985e-05,2.83745767e-05,0.00835828688,-9.61273477,1686.55831
0.0103993593,0.040914044,0.00083662082,-0.00899829495,-0.0021832251,-2.56569107,1702.04163
0.0104070659,0.00646998704,0.000868231864,-0.000590959617,-0.00747573663,-0.717718712,1702.54775
0.0104179831,0.145681998,7.57654362e-05,3.70966333e-05,0.00831759232,-9.54460139,1686.81901
0.0104285936,0.109085956,-0.000817269314,-0.00184071942,0.00501306362,-5.94155453,1697.05818
0.0104320091,0.0057023135,0.000790956727,-0.000468614982,-0.00763909002,-0.645911361,1702.46067
0.0104424037,0.145013864,8.1017643e-05,4.71668892e-05,0.008273793,-9.47161621,1687.09723
0.0104552791,0.00498613648,0.00071320107,-0.000365367633,-0.00779287973,-0.576640511,1702.37301
0.0104685802,0.144297686,8.48564024e-05,5.85527236e-05,0.00822665252,-9.39345959,1687.39384
0.0104769881,0.00431800152,0.000635529315,-0.000279171086,-0.0079375102,-0.50994409,1702.28567
0.0104966389,0.143530013,8.69725247e-05,7.11551979e-05,0.00817591659,-9.30979522,1687.70961
0.0104972409,0.00369468589,0.00055842909,-0.000208111649,-0.00807339503,-0.445844366,1702.19936
0.0105043212,0.0378358195,0.00100486235,-0.00846444102,-0.00259600681,-2.46468428,1702.18454
0.0105161351,0.00311318307,0.000482316479,-0.00015041645,-0.00820095167,-0.384355952,1702.11466
0.0105267151,0.14270714,8.70177172e-05,8.47876943e-05,0.00812131144,-9.22027341,1688.04522
0.0105337618,0.0025706882,0.000407542401,-0.000104454833,-0.00832059676,-0.325477517,1702.032
0.0105473043,0.105786393,-0.000913612068,-0.00238590678,0.00476331675,-5.67321955,1697.50803
0.0105502061,0.00206458457,0.000334399049,-6.87389011e-05,-0.00843274239,-0.269201431,1701.95171
0.010558954,0.141825099,8.46026119e-05,9.91466481e-05,0.00806254168,-9.12452645,1688.40124
0.0105655473,0.00159243101,0.000263125687,-4.19095194e-05,-0.00853779293,-0.215568812,1701.87402
0.0105739969,0.0696352464,-0.000688471281,-0.00918685463,0.00109816513,-3.56805364,1700.61671
0.0105798594,0.00115195011,0.000193914088,-2.27444243e-05,-0.00863614251,-0.164584564,1701.7991
0.0105932114,0.000741017226,0.000126916055,-1.01254871e-05,-0.00872817314,-0.116623022,1701.72705
0.010593511,0.140879634,7.92952974e-05,0.000113791965,0.00799928772,-9.02219527,1688.77803
0.0106022421,0.0349640862,0.00115405257,-0.00787938334,-0.00299928547,-2.35311706,1702.31955
0.0106056678,0.000357650242,6.22458544e-05,-3.15758411e-06,-0.0088142532,-0.0747170457,1701.65792
0.0106172886,0,0,0,-0.00889471843,-0.0564767154,1701.59172
0.0106305528,0.139866187,7.06214929e-05,0.000128063859,0.00793120257,-8.91283461,1689.17575
0.0106702582,0.138779867,5.80596546e-05,0.000141176449,0.00785790765,-8.79618558,1689.5943
0.0106745508,0.102249575,-0.00100366087,-0.00302455544,0.00448298456,-5.40091023,1697.94369
0.0106935944,0.0322849924,0.00128050884,-0.00727127194,-0.0033929577,-2.25099809,1702.44797
0.0107128184,0.137615437,4.10677562e-05,0.000151727489,0.00777898757,-8.67140569,1690.03319
0.0107511283,0.0646303672,-0.000480483505,-0.00973109482,0.000557701417,-3.39474987,1700.91662
0.0107584391,0.136367278,1.90219876e-05,0.000158812382,0.00769398319,-8.53981873,1690.49155
0.0107788187,0.0297856156,0.00138556536,-0.00665247464,-0.00377677627,-2.14616324,1702.56986
0.01080734,0.13502937,-8.64234655e-06,0.000160410708,0.00760238281,-8.39775339,1690.96804
0.0108109469,0.0984584434,-0.00108033944,-0.00376002407,0.00416724386,-5.12337049,1698.36628
0.010858326,0.0274539002,0.00146830102,-0.00603978931,-0.00415038696,-2.04567522,1702.68398
0.0108597571,0.133595261,-4.25887054e-05,0.000152909961,0.00750361079,-8.2466754,1691.46083
0.0109159433,0.132058033,-8.34491917e-05,0.000134685856,0.00739701293,-8.08822407,1691.96758
0.0109163775,0.0599612217,-0.000239491887,-0.0100516581,2.83065762e-05,-3.19623064,1701.17767
0.0109324998,0.0252785992,0.0015299669,-0.00544258394,-0.00451336239,-1.94539947,1702.78803
0.0109571506,0.0943947116,-0.00113782055,-0.00458585797,0.00381065438,-4.84874519,1698.77782
0.0109761695,0.13041027,-0.000131782414,0.00010219236,0.0072818382,-7.91841063,1692.48543
0.011001698,0.0232492201,0.00157133041,-0.004870116,-0.00486524569,-1.8474758,1702.87909
0.0110407263,0.128644026,-0.000188156888,5.03995733e-05,0.00715721558,-7.73918591,1693.01111
0.0110662542,0.0213559743,0.00159390181,-0.004327984,-0.00520558368,-1.75070469,1702.95429
0.0110705415,0.0556052884,2.00564181e-06,-0.0101794501,-0.000488936508,-3.06621637,1701.40656
0.011109925,0.12675078,-0.00025294851,-2.5415085e-05,0.00702212575,-7.54931446,1693.541
0.011113867,0.0900387783,-0.00116446164,-0.00549364317,0.00340713257,-4.57208777,1699.18038
0.01112648,0.0195897299,0.00159914313,-0.00382056319,-0.00553395973,-1.65564711,1703.01132
0.0111826657,0.0179419674,0.00158872276,-0.00335025015,-0.00585001737,-1.5620252,1703.04888
0.0111840995,0.124721401,-0.00032643274,-0.000131448277,0.00687536653,-7.3490342,1694.0713
0.0112143641,0.0515415566,0.000244627015,-0.0100698025,-0.00099369864,-2.94299961,1701.60883
0.0112350825,0.0164047389,0.00156429855,-0.00291829826,-0.00615347722,-1.46999796,1703.06681
0.0112636074,0.1225461,-0.000408598691,-0.00027450594,0.0067155113,-7.13798435,1694.59826
0.0112818521,0.0853696328,-0.00115369377,-0.00645430509,0.00295001354,-4.30844579,1699.57567
0.011283983,0.0149706296,0.00152753836,-0.00252483016,-0.00644414693,-1.37956239,1703.06592
0.0113296032,0.0136327222,0.00148005665,-0.00216918775,-0.00672192524,-1.29081886,1703.0478
0.0113485388,0.0477504251,0.000493181956,-0.00982443542,-0.00148617131,-2.78902558,1701.78914
0.0113488323,0.120214384,-0.000499154624,-0.000462369039,0.00654086068,-6.91630185,1695.11835
0.0113721632,0.0123845633,0.00142339936,-0.00185008192,-0.00698680133,-1.20385134,1703.01459
0.0114118682,0.0112201325,0.00135902209,-0.00156578271,-0.00723885047,-1.11876981,1702.96864
0.0114401853,0.117715008,-0.000597315729,-0.000703583865,0.00634938696,-6.68400526,1695.62855
0.0114489097,0.0101338132,0.00128828006,-0.00131425103,-0.00747822711,-1.03568646,1702.91236
0.0114619161,0.0803647536,-0.00108753354,-0.00743828507,0.00243198393,-4.04380611,1699.9645
0.0114737129,0.0442136074,0.000720637669,-0.00945926507,-0.00196676239,-2.68864074,1701.95192
0.0114834665,0.00912036556,0.00121242107,-0.00109325584,-0.00770515632,-0.954715726,1702.84802
0.0115157051,0.00817490128,0.00113258255,-0.000900464907,-0.00791992437,-0.875965719,1702.77767
0.011538107,0.115035914,-0.000701825593,-0.00100715678,0.00613867366,-6.44166417,1696.12653
0.0115457811,0.00729285993,0.00104979142,-0.000733517727,-0.00812286897,-0.799535938,1702.70311
0.0115738396,0.00646998704,0.000964967003,-0.00059008134,-0.00831436955,-0.72551388,1702.62585
0.0115904902,0.040914044,0.000931452845,-0.00898912656,-0.00243588482,-2.56975352,1702.10092
0.0116000159,0.0057023135,0.000878925409,-0.000467890901,-0.00849483803,-0.653976805,1702.54718
0.0116244362,0.00498613648,0.000792384037,-0.000364781081,-0.00866471027,-0.584983652,1702.46811
0.0116430698,0.112164181,-0.000810557999,-0.00138252791,0.00590585069,-6.18959311,1696.61084
0.0116472184,0.00431800152,0.000705968636,-0.000278705968,-0.0088244384,-0.51857226,1702.38947
0.0116549275,0.075,-0.000961750575,-0.00838117244,0.00184518654,-3.80021458,1700.34752
0.0116684724,0.00369468589,0.000620219485,-0.000207752255,-0.00897448402,-0.454768094,1702.3119
0.0116883006,0.00311318307,0.000535597149,-0.000150147567,-0.00911531237,-0.393580757,1702.23589
0.0116994339,0.0378358195,0.00111828959,-0.0084556616,-0.0028938535,-2.46815431,1702.23942
0.0117067987,0.0025706882,0.000452490072,-0.000104261895,-0.00924738728,-0.33500609,1702.16181
0.0117240559,0.00206458457,0.000371221302,-6.8607668e-05,-0.00937116705,-0.279036898,1702.08993
0.0117401555,0.00159243101,0.000292054965,-4.18276266e-05,-0.00948710103,-0.225705356,1702.02045
0.0117551751,0.00115195011,0.000215202365,-2.26973455e-05,-0.00959562691,-0.175019293,1701.95348
0.0117555798,0.109085956,-0.000920785065,-0.00183836734,0.00564753097,-5.92938151,1697.08093
0.0117691872,0.000741017226,0.000140829606,-1.01147097e-05,-0.00969716862,-0.127292119,1701.88911
0.0117822593,0.000357650242,6.90610151e-05,-3.14543338e-06,-0.00979213476,-0.0857681222,1701.82737
0.0117944545,0,0,0,-0.00988089862,-0.0678075287,1701.76826
0.0118010696,0.0349640862,0.00128366381,-0.00787132996,-0.00334080533,-2.3576841,1702.3699
0.0118479389,0.0696352464,-0.000770136791,-0.00917612664,0.00122634617,-3.56402096,1700.69999
0.0118761799,0.105786393,-0.00102821521,-0.00238296252,0.00535974944,-5.66141785,1697.53722
0.0118958874,0.0322849924,0.00142375206,-0.00726362276,-0.00377670352,-2.25552487,1702.49384
0.0118963478,0.15,0,0,0.00996626056,-9.98389864,1685
0.01190902,0.14964235,1.06568712e-05,2.7132447e-07,0.00993790954,-9.96229803,1685.15113
0.0119226033,0.149258983,2.13644352e-05,1.73023026e-06,0.00990744204,-9.9184342,1685.3131
0.0119371634,0.14884805,3.20353871e-05,3.43163034e-06,0.00987468755,-9.8738991,1685.48664
0.0119527704,0.148407569,4.25631991e-05,6.19421943e-06,0.00983947354,-9.82597948,1685.67254
0.0119694996,0.147935415,5.28197067e-05,9.97749386e-06,0.00980161484,-9.77445133,1685.87162
0.0119843447,0.0297856156,0.00153975135,-0.00664545063,-0.00420134087,-2.15142441,1702.6115
0.0119874318,0.147429312,6.26526785e-05,1.4885436e-05,0.00976091294,-9.7190892,1686.08471
0.0120054517,0.102249575,-0.00112816446,-0.0030209945,0.00503792029,-5.38928066,1697.98043
0.0120066533,0.146886817,7.18834592e-05,2.09950036e-05,0.00971715503,-9.65974623,1686.31268
0.012027257,0.146305314,8.03042072e-05,2.83861167e-05,0.00967011315,-9.59614403,1686.55642
0.0120280029,0.0646303672,-0.000536967562,-0.00971854183,0.000619796334,-3.39064419,1701.00339
0.0120493421,0.145681998,8.76748516e-05,3.7109608e-05,0.00961954316,-9.52799523,1686.81682
0.0120668681,0.0274539002,0.0016309583,-0.00603324024,-0.00461438142,-2.05110446,1702.7218
0.0120730153,0.145013864,9.37199596e-05,4.71826031e-05,0.00956518359,-9.45499366,1687.09476
0.0120983907,0.144297686,9.81255285e-05,5.8572991e-05,0.00950675443,-9.37681914,1687.39107
0.0121255907,0.143530013,0.000100535966,7.11824274e-05,0.00944395564,-9.29313542,1687.70655
0.0121438558,0.0252785992,0.00169867461,-0.00543659945,-0.00501540121,-1.95126305,1702.82262
0.0121440187,0.0984584434,-0.00121295237,-0.00375558516,0.00467679956,-5.11246232,1698.41151
0.0121547465,0.14270714,0.000100551361,8.48249048e-05,0.00937646537,-9.20359193,1688.04189
0.0121859987,0.141825099,9.77253035e-05,9.91982322e-05,0.00930393787,-9.10782164,1688.39765
0.012195988,0.0599612217,-0.000268921181,-0.0100395232,2.75230502e-05,-3.19816873,1701.26571
0.0122156791,0.0232492201,0.00174388478,-0.00486462489,-0.00540393702,-1.85354773,1702.91118
0.0122194982,0.140879634,9.15635664e-05,0.00011386133,0.0092260007,-9.00546061,1688.77424
0.0122554064,0.139866187,8.15241584e-05,0.000128161714,0.00914225136,-8.8960792,1689.17181
0.0122826843,0.0213559743,0.00176824661,-0.00432300292,-0.00577952468,-1.75705647,1702.98476
0.0122925493,0.0943947116,-0.00127573389,-0.00458059932,0.00427049142,-4.83814472,1698.83228
0.0122938966,0.138779867,6.70171593e-05,0.000141297611,0.00905225282,-8.77936863,1689.59026
0.0123351544,0.137615437,4.74195709e-05,0.000151905796,0.00895552785,-8.65463344,1690.02913
0.0123451948,0.0195897299,0.00177343001,-0.00381605119,-0.00614173595,-1.66220146,1703.04115
0.0123527044,0.0556052884,2.02605686e-06,-0.0101666234,-0.000549582143,-3.06582111,1701.49392
0.0123793788,0.136367278,2.20429117e-05,0.000159047607,0.00885155159,-8.52289447,1690.48758
0.012403512,0.0179419674,0.00176128832,-0.00334619224,-0.00649020539,-1.56879579,1703.07915
0.0124267832,0.13502937,-9.7737347e-06,0.000160667298,0.00873974193,-8.38079937,1690.9643
0.01245176,0.0900387783,-0.0013040354,-0.00548714141,0.00381243322,-4.56275585,1699.24467
0.0124579172,0.0164047389,0.00173367655,-0.00291466279,-0.00682464941,-1.47696479,1703.09862
0.0124775962,0.133595261,-4.87572804e-05,0.000153253715,0.00861944713,-8.22976418,1691.45748
0.0124989081,0.0515415566,0.000273466359,-0.010057296,-0.0011114293,-2.94168592,1701.69389
0.0125086728,0.0149706296,0.00169244828,-0.00252159193,-0.00714487767,-1.38673059,1703.10037
0.0125320628,0.132058033,-9.56045072e-05,0.000135120632,0.00848992985,-8.07119093,1691.96483
0.0125560237,0.0136327222,0.00163939807,-0.00216631818,-0.00745079786,-1.29818947,1703.08596
0.0125904459,0.13041027,-0.000150947099,0.000102732523,0.00835034713,-7.90140235,1692.48356
0.0126001982,0.0123845633,0.00157624064,-0.00184755441,-0.00774241525,-1.21143304,1703.05746
0.0126224188,0.0853696328,-0.0012899109,-0.00644683143,0.00329546451,-4.29952431,1699.65005
0.0126353042,0.0477504251,0.000548672478,-0.00981106191,-0.00165846102,-2.79296527,1701.87064
0.0126414094,0.0112201325,0.00150458938,-0.00156357089,-0.00801982803,-1.12657279,1703.01716
0.012653027,0.128644026,-0.000215386643,5.10759736e-05,0.00819972516,-7.72209398,1693.01046
0.0126798562,0.0101338132,0.00142594498,-0.00131232987,-0.00828321988,-1.04372342,1702.96735
0.0127157238,0.00912036556,0.00134168813,-0.00109160137,-0.00853285073,-0.963000659,1702.91019
0.012720108,0.12675078,-0.000289336025,-2.45923683e-05,0.00803692821,-7.5322273,1693.54198
0.0127491855,0.00817490128,0.00125307656,-0.000899054006,-0.00876904646,-0.884513534,1702.8476
0.0127625507,0.0442136074,0.000800728584,-0.00944706346,-0.0021913243,-2.69226799,1702.02889
0.0127804024,0.00729285993,0.00116124517,-0.000732328117,-0.00899218825,-0.808359925,1702.78127
0.0127920124,0.124721401,-0.000373053356,-0.000130437086,0.00786062091,-7.3319211,1694.07442
0.0128053486,0.0803647536,-0.00121438677,-0.007429107,0.00271177077,-4.03684358,1700.04862
0.0128095253,0.00646998704,0.00106720934,-0.000589091164,-0.00920270203,-0.734626765,1702.71259
0.0128366946,0.0057023135,0.000971869638,-0.000467079326,-0.00940104845,-0.663392924,1702.64273
0.0128620414,0.00498613648,0.00087601786,-0.000364127489,-0.00958771353,-0.594711983,1702.57262
0.0128690871,0.1225461,-0.000466491497,-0.000273272257,0.00766922313,-7.12089725,1694.60413
0.0128812614,0.040914044,0.00103391709,-0.00897818119,-0.00271064206,-2.57441746,1702.17273
0.0128856879,0.00431800152,0.000780344007,-0.000278190439,-0.00976320037,-0.528618714,1702.50298
0.0129077481,0.00369468589,0.000685443019,-0.000207356244,-0.00992802169,-0.465138973,1702.43438
0.0129283285,0.00311318307,0.000591822166,-0.000149853013,-0.0100826935,-0.404280004,1702.36722
0.0129475283,0.0025706882,0.000499908896,-0.000104051792,-0.0102277297,-0.346035765,1702.30183
0.0129517038,0.120214384,-0.000569251933,-0.000460865896,0.00746085754,-6.89924314,1695.12768
0.0129654402,0.00206458457,0.000410058209,-6.84656775e-05,-0.0103636375,-0.290398219,1702.23843
0.0129821505,0.00159243101,0.000322559862,-4.17393157e-05,-0.0104909139,-0.237392399,1702.17717
0.0129920088,0.0378358195,0.00124076139,-0.00844514152,-0.00321690193,-2.47229942,1702.3057
0.0129977399,0.00115195011,0.000237645155,-2.2647324e-05,-0.0106100424,-0.187026692,1702.11813
0.013001432,0.075,-0.00107172744,-0.00837104697,0.00205297474,-3.79354205,1700.44042
0.0130122835,0.000741017226,0.000155494687,-1.01000795e-05,-0.0107214912,-0.139570136,1702.06139
0.0130258516,0.000357650242,7.62428871e-05,-3.13476018e-06,-0.0108257112,-0.0984218569,1702.00697
0.0130385094,0,0,0,-0.0109231156,-0.0807117978,1701.95483
0.0130402611,0.117715008,-0.000680405344,-0.000701744974,0.00723329,-6.66704971,1695.64217
0.0130953271,0.0349640862,0.00142334476,-0.00786165202,-0.00371037436,-2.36308472,1702.43053
0.013135186,0.115035914,-0.000798438038,-0.00100492381,0.00698386485,-6.42481962,1696.1454
0.0131917147,0.0322849924,0.00157787484,-0.00725445524,-0.00419111878,-2.26100089,1702.54894
0.0131975155,0.0696352464,-0.000856350806,-0.00916342944,0.0013605726,-3.5595462,1700.79955
0.0132369365,0.112164181,-0.000920927261,-0.00137978521,0.00670943679,-6.17300905,1696.63599
0.0132816365,0.0297856156,0.00170538939,-0.00663703728,-0.00465899222,-2.1576805,1702.66139
0.0133460033,0.109085956,-0.00104466298,-0.00183504635,0.00640630507,-5.91303511,1697.11347
0.0133655263,0.0274539002,0.00180544532,-0.00602542924,-0.00511369713,-2.05760109,1702.76702
0.0133804453,0.0646303672,-0.000596603185,-0.00970425961,0.000684022981,-3.38587861,1701.10682
0.0134437886,0.0252785992,0.00187941184,-0.00542947393,-0.00555482936,-1.95822032,1702.86387
0.0134629126,0.105786393,-0.00116485775,-0.00237886173,0.00607015206,-5.64560793,1697.5783
0.0135168009,0.0232492201,0.0019285107,-0.00485811113,-0.00598193283,-1.86076124,1702.94935
0.013551104,0.0599612217,-0.000300213667,-0.0100251802,2.51886847e-05,-3.199664,1701.37039
0.0135849155,0.0213559743,0.00195457099,-0.00431710706,-0.00639454415,-1.76457409,1703.02088
0.0135882282,0.102249575,-0.00127600431,-0.00301607178,0.00569600415,-5.37384636,1698.03123
0.0136484609,0.0195897299,0.0019594881,-0.00381072768,-0.00679223374,-1.66995457,1703.07639
0.0136759366,0.15,0,0,0.0114571253,-9.96390983,1685
0.0136880657,0.14964235,1.22306732e-05,2.94508622e-07,0.0114224403,-9.94221044,1685.15093
0.013701067,0.149258983,2.4521592e-05,1.73202154e-06,0.0113851873,-9.89824753,1685.31268
0.0137077436,0.0179419674,0.00194532023,-0.00334141703,-0.00717463621,-1.5767893,1703.11474
0.0137103148,0.0556052884,2.02351188e-06,-0.0101507433,-0.000615250175,-3.06545332,1701.59756
0.0137150032,0.14884805,3.67718102e-05,3.42819545e-06,0.0113451653,-9.85370802,1685.486
0.0137225545,0.0984584434,-0.00136974328,-0.00374953244,0.00527820107,-5.09800318,1698.47324
0.0137299414,0.148407569,4.88552305e-05,6.19151223e-06,0.0113021688,-9.80576251,1685.67166
0.0137459537,0.147935415,6.06226947e-05,9.97653015e-06,0.011255978,-9.75420643,1685.87047
0.0137630495,0.0164047389,0.00191413515,-0.0029103981,-0.00754147201,-1.48518131,1703.13581
0.0137631174,0.147429312,7.18984541e-05,1.48877018e-05,0.0112063573,-9.69881972,1686.08328
0.0137815152,0.146886817,8.24770038e-05,2.1002345e-05,0.0111530552,-9.63945537,1686.31096
0.013801236,0.146305314,9.21197677e-05,2.84006895e-05,0.0110958024,-9.57583143,1686.5544
0.0138146455,0.0149706296,0.0018679876,-0.00251780503,-0.0078925604,-1.39517351,1703.14039
0.0138223748,0.145681998,0.000100551619,3.71335619e-05,0.0110343116,-9.50765686,1686.81449
0.0138450335,0.145013864,0.000107457298,4.72181466e-05,0.0109682759,-9.43462639,1687.0921
0.0138588454,0.0515415566,0.000304164374,-0.0100424051,-0.0012374654,-2.94073071,1701.79461
0.0138627803,0.0136327222,0.00180886551,-0.00216297396,-0.00822782508,-1.30686151,1703.13
0.0138665396,0.0943947116,-0.00143800751,-0.00457345646,0.00481040778,-4.82426748,1698.90593
0.0138693215,0.144297686,0.000112477934,5.86227435e-05,0.0108973673,-9.35641993,1687.3881
0.0138953559,0.143530013,0.000115207789,7.12495948e-05,0.0108212357,-9.27270116,1687.70327
0.0139076861,0.0123845633,0.00173866432,-0.00184461952,-0.00854729401,-1.22034359,1703.10663
0.0139232623,0.14270714,0.000115191295,8.49133628e-05,0.0107395065,-9.1831194,1688.03831
0.0139495797,0.0112201325,0.00165916554,-0.00156101249,-0.00885109462,-1.13573361,1703.07245
0.0139531754,0.141825099,0.000111920689,9.93130248e-05,0.010651779,-9.08730826,1688.39381
0.0139852393,0.140879634,0.000104834684,0.00011400783,0.0105576228,-8.98490184,1688.77018
0.0139886629,0.0101338132,0.00157202447,-0.00131011647,-0.00913944584,-1.05314865,1703.02961
0.0139974124,0.0477504251,0.000607122447,-0.00979584227,-0.00184217184,-2.79760872,1701.96696
0.0140196088,0.139866187,9.33183617e-05,0.000128350625,0.0104565749,-8.87547747,1689.16759
0.0140208779,0.0900387783,-0.00146746107,-0.00547842331,0.00428562024,-4.55051258,1699.3308
0.0140251244,0.00912036556,0.00147876275,-0.00108970282,-0.00941264812,-0.97270526,1702.98014
0.0140564496,0.138779867,7.6705619e-05,0.000141530006,0.0103481344,-8.75869808,1689.58597
0.0140591401,0.00817490128,0.00138076536,-0.000897441426,-0.00967107232,-0.894512775,1702.92582
0.0140908739,0.00729285993,0.00127928131,-0.000730973903,-0.00991514817,-0.818667976,1702.8682
0.0140959394,0.137615437,5.42884982e-05,0.000152212709,0.0102317568,-8.63396456,1690.02487
0.0141204789,0.00646998704,0.00117542727,-0.000587968185,-0.0101453529,-0.745258066,1702.80855
0.0141266842,0.0442136074,0.00088507588,-0.00943295054,-0.00243027414,-2.69621597,1702.11974
0.0141382687,0.136367278,2.53010058e-05,0.00015942948,0.0101068459,-8.50209704,1690.48348
0.0141480981,0.0057023135,0.00107019204,-0.000466162,-0.0103622004,-0.67435706,1702.7479
0.0141738645,0.00498613648,0.000964444898,-0.000363391463,-0.0105662311,-0.606015834,1702.68708
0.0141836417,0.13502937,-1.10093309e-05,0.000161097686,0.00997274314,-8.35995827,1690.96053
0.0141863138,0.0853696328,-0.00144850045,-0.00643682427,0.00369624354,-4.28802069,1699.74873
0.0141979024,0.00431800152,0.000858943182,-0.000277612113,-0.010758003,-0.540271033,1702.62671
0.0142203279,0.00369468589,0.000754338755,-0.000206913408,-0.0109380837,-0.477145209,1702.56729
0.0142322772,0.133595261,-5.5439155e-05,0.000153793031,0.00982871448,-8.20893122,1691.45428
0.014241249,0.00311318307,0.000651187013,-0.000149524519,-0.0111070433,-0.416642702,1702.50915
0.0142472843,0.040914044,0.00114203249,-0.0089653611,-0.00300262119,-2.57969411,1702.25737
0.0142607667,0.0025706882,0.000549955412,-0.000103817935,-0.0112654492,-0.358755645,1702.45257
0.0142789751,0.00206458457,0.000451031607,-6.83078928e-05,-0.0114138603,-0.303474731,1702.39771
0.0142844099,0.132058033,-0.000108763295,0.000135786132,0.00967393287,-8.05025711,1691.96247
0.0142959621,0.00159243101,0.000354731362,-4.16409898e-05,-0.0115528239,-0.250819646,1702.34469
0.0143118096,0.00115195011,0.000261306083,-2.2591951e-05,-0.011682872,-0.200797799,1702.29358
0.014326594,0.000741017226,0.000170950811,-1.00802879e-05,-0.0118045195,-0.153648347,1702.24444
0.0143403867,0.000357650242,8.38099107e-05,-3.1246945e-06,-0.0119182616,-0.112871923,1702.19726
0.0143402911,0.13041027,-0.000171684999,0.000103540632,0.00950745639,-7.88046928,1692.48239
0.0143532541,0,0,0,-0.0120245535,-0.0953852282,1702.15202
0.0143597943,0.0378358195,0.00137010976,-0.00843278241,-0.00355988654,-2.47720285,1702.38372
0.0143636453,0.0803647536,-0.00136126394,-0.0074170093,0.0030340507,-4.02780273,1700.15936
0.0144001905,0.128644026,-0.000244842461,5.20598505e-05,0.00932820077,-7.70109707,1693.01089
0.0144643969,0.12675078,-0.000328682376,-2.34134929e-05,0.00913490556,-7.51123069,1693.54454
0.0144647571,0.0349640862,0.00157084022,-0.00785025125,-0.00410248452,-2.3693551,1702.50183
0.0145332201,0.124721401,-0.000423446867,-0.00012901763,0.00892609301,-7.3109199,1694.07976
0.0145537278,0.075,-0.00119813886,-0.00835775174,0.0022902625,-3.78512277,1700.56172
0.0145626788,0.0322849924,0.00174060649,-0.00724368673,-0.00463057797,-2.26747162,1702.61368
0.014606992,0.1225461,-0.000529042345,-0.000271568807,0.00870001926,-7.09993834,1694.61298
0.0146540318,0.0297856156,0.00188026744,-0.00662715411,-0.00514409321,-2.16495846,1702.71996
0.0146860684,0.120214384,-0.000644957051,-0.000458822235,0.00845461775,-6.87835127,1695.14094
0.0147392567,0.0274539002,0.00198965084,-0.00601628485,-0.00564277448,-2.06520433,1702.82004
0.0147438104,0.0696352464,-0.00095485026,-0.00914724572,0.00151213634,-3.55423926,1700.92829
0.0147708308,0.117715008,-0.000770096409,-0.000699284901,0.00818743536,-6.64629861,1695.66086
0.0148187646,0.0252785992,0.00207020469,-0.00542114092,-0.00612623964,-1.9663177,1702.91218
0.014861688,0.115035914,-0.000902673373,-0.00100197286,0.00789556351,-6.40424978,1696.17065
0.0148929391,0.0232492201,0.00212339319,-0.00485051613,-0.00659404091,-1.86917156,1702.99399
0.0149211419,0.0646303672,-0.000664227412,-0.00968707316,0.000755018554,-3.3800202,1701.23934
0.0149590783,0.112164181,-0.00103993138,-0.00137621394,0.00757556675,-6.15276403,1696.66906
0.0149621378,0.0213559743,0.00215123254,-0.00431024492,-0.00704571648,-1.77332158,1703.06304
0.0150266946,0.0195897299,0.00215585272,-0.00380454858,-0.00748083593,-1.67897817,1703.11739
0.0150634713,0.109085956,-0.00117814001,-0.00183076337,0.00722341505,-5.89311877,1697.15569
0.0150865778,0.0599612217,-0.000335507768,-0.0100070654,2.04495427e-05,-3.20060719,1701.50344
0.0150869208,0.0179419674,0.00213953087,-0.00333588772,-0.00789903452,-1.58608597,1703.15597
0.015143107,0.0164047389,0.00210455862,-0.00290547433,-0.00830003747,-1.49473548,1703.17868
0.0151753708,0.105786393,-0.00131197457,-0.00237365819,0.00683442254,-5.62630227,1697.63093
0.0151955241,0.0149706296,0.00205320376,-0.00251344613,-0.00868367457,-1.40498683,1703.18627
0.0152409161,0.0556052884,1.97283104e-06,-0.0101295787,-0.000691289277,-3.06512594,1701.72833
0.015244425,0.0136327222,0.00198765835,-0.00215913767,-0.00904988685,-1.31693788,1703.1802
0.0152900456,0.0123845633,0.00191000913,-0.00184126511,-0.00939872658,-1.23069303,1703.16233
0.0152953163,0.102249575,-0.00143506214,-0.00300987302,0.00640321165,-5.35510065,1698.09557
0.0153326059,0.0112201325,0.00182221532,-0.00155810009,-0.00973035237,-1.14636891,1703.1347
0.0153723112,0.0101338132,0.00172609556,-0.00130760757,-0.0100450206,-1.06408487,1703.09931
0.0153849011,0.0515415566,0.00033847327,-0.0100238751,-0.0013808026,-2.94032303,1701.92085
0.0154093531,0.00912036556,0.0016233205,-0.00108756023,-0.0103430748,-0.983958056,1703.05802
0.0154238865,0.0984584434,-0.0015383024,-0.0037420011,0.0059236911,-5.08038757,1698.55071
0.0154439101,0.00817490128,0.00151540971,-0.00089562981,-0.0106249335,-0.906096478,1703.01246
0.015476149,0.00729285993,0.00140373278,-0.000729459366,-0.0108910779,-0.830596773,1702.96401
0.0155062252,0.00646998704,0.00128951313,-0.000586718525,-0.0111420394,-0.757549006,1702.91381
0.0155192275,0.0477504251,0.000671997676,-0.00977795807,-0.00204922763,-2.80318082,1702.08696
0.0155342839,0.0057023135,0.0011738337,-0.000465146018,-0.0113783883,-0.68701804,1702.86276
0.0155604604,0.00498613648,0.00105764565,-0.000362579812,-0.0116007227,-0.619051086,1702.81157
0.0155617015,0.0943947116,-0.00161230726,-0.0045645933,0.0053890753,-4.80750161,1698.99766
0.015584881,0.00431800152,0.000941776447,-0.000276977585,-0.0118096584,-0.553688343,1702.76078
0.0156076633,0.00369468589,0.000826938058,-0.000206429916,-0.0120058211,-0.490948621,1702.71078
0.0156289175,0.00311318307,0.000713736585,-0.000149167706,-0.0121898382,-0.430833757,1702.66186
0.0156445431,0.0442136074,0.000978519958,-0.00941581638,-0.0026978555,-2.70062621,1702.23228
0.0156487458,0.0025706882,0.000602681489,-0.000103565217,-0.0123623332,-0.373333562,1702.61423
0.0156672441,0.00206458457,0.000494194619,-6.81383498e-05,-0.01252392,-0.318437047,1702.56803
0.0156845014,0.00159243101,0.000388618914,-4.1535781e-05,-0.0126751988,-0.266159992,1702.52334
0.0157006011,0.00115195011,0.000286226726,-2.2533314e-05,-0.012816753,-0.21650771,1702.48022
0.0157094261,0.0900387783,-0.00164285655,-0.00546771684,0.00479191371,-4.53561669,1699.43736
0.0157156209,0.000741017226,0.000187228238,-1.00567387e-05,-0.0129491464,-0.169700923,1702.43869
0.015729633,0.000357650242,9.17782205e-05,-3.11542502e-06,-0.0130729212,-0.129294541,1702.39877
0.0157423249,0.15,0,0,0.0131882586,-9.93657528,1685
0.0157427052,0,0,0,-0.0131885773,-0.112009982,1702.36044
0.0157534375,0.14964235,1.40906023e-05,3.08012715e-07,0.0131458653,-9.91483857,1685.1507
0.0157614523,0.040914044,0.00126150307,-0.00894965104,-0.00332787041,-2.58591628,1702.36167
0.015765349,0.149258983,2.82445827e-05,1.74273441e-06,0.013100357,-9.87086115,1685.31222
0.0157781171,0.14884805,4.23440163e-05,3.43914432e-06,0.0130514962,-9.8263638,1685.48528
0.0157918033,0.148407569,5.62442059e-05,6.20790619e-06,0.0129990382,-9.77844156,1685.67066
0.0158064735,0.147935415,6.97732389e-05,9.99938769e-06,0.0129427213,-9.72689431,1685.86918
0.0158221987,0.147429312,8.2729119e-05,1.4917907e-05,0.012882266,-9.67150769,1686.08169
0.0158390545,0.146886817,9.48759384e-05,2.10406808e-05,0.0128173741,-9.61213487,1686.30905
0.0158571223,0.146305314,0.000105940091,2.84481494e-05,0.0127477278,-9.54849777,1686.55216
0.0158677727,0.0853696328,-0.00161850727,-0.00642452356,0.00412417707,-4.27421604,1699.87005
0.0158705192,0.0378358195,0.00151263978,-0.00841767239,-0.00394022321,-2.4832207,1702.47942
0.0158764893,0.145681998,0.000115606298,3.7191968e-05,0.0126729879,-9.48030964,1686.81191
0.0158972489,0.145013864,0.000123513607,4.72903306e-05,0.0125927937,-9.40726432,1687.08918
0.0159195012,0.144297686,0.000129251493,5.87124986e-05,0.0125067606,-9.3290415,1687.38483
0.0159433536,0.143530013,0.000132356279,7.13617378e-05,0.0124144792,-9.24530535,1687.69967
0.015968921,0.14270714,0.000132308056,8.50538165e-05,0.0123155131,-9.15570557,1688.0344
0.0159722697,0.0349640862,0.00173281691,-0.00783633402,-0.00453554821,-2.37684366,1702.5889
0.0159963269,0.141825099,0.000128528346,9.94891352e-05,0.0122093968,-9.05987677,1688.38964
0.0160257033,0.140879634,0.000120378875,0.000114227537,0.0120956323,-8.95745239,1688.76579
0.0160375053,0.0803647536,-0.0015185984,-0.00740229543,0.00337723063,-4.0167937,1700.29472
0.0160571921,0.139866187,0.00010716198,0.000128626692,0.011973686,-8.848014,1689.16308
0.0160671946,0.0322849924,0.00191876097,-0.00723062918,-0.00511417434,-2.27530609,1702.69239
0.0160909451,0.138779867,8.81238409e-05,0.000141865159,0.0118429833,-8.73120669,1689.58144
0.016127125,0.137615437,6.24612356e-05,0.000152659712,0.0117029018,-8.60653708,1690.02047
0.0161557519,0.0297856156,0.00207117344,-0.0066152042,-0.00567614917,-2.17364795,1702.79089
0.0161659065,0.136367278,2.93208509e-05,0.000159983658,0.0115527634,-8.47449335,1690.47939
0.0162074766,0.13502937,-1.21538871e-05,0.000161701275,0.0113918226,-8.33233209,1690.957
0.0162194423,0.075,-0.00133328986,-0.0083415431,0.00254190355,-3.7751548,1700.70921
0.0162383686,0.0274539002,0.00219019501,-0.00600529194,-0.00622130276,-2.07430563,1702.88402
0.0162520357,0.133595261,-6.28423428e-05,0.000154542886,0.0112192519,-8.18143983,1691.4516
0.0162997989,0.132058033,-0.000123598802,0.000136722171,0.0110341235,-8.02267991,1691.96102
0.0163154433,0.0252785992,0.00227739945,-0.00541115815,-0.00674931139,-1.97594787,1702.97026
0.0163509964,0.13041027,-0.000195204256,0.000104664211,0.0108353847,-7.85293942,1692.48263
0.0163873477,0.0232492201,0.00233452834,-0.00484146244,-0.0072597665,-1.87916649,1703.04744
0.0164013794,0.0696352464,-0.00106017263,-0.00912801747,0.00167168105,-3.54812211,1701.08401
0.0164058753,0.128644026,-0.000278337054,5.34190069e-05,0.0106218289,-7.67356371,1693.01341
0.0164544287,0.0213559743,0.00236382478,-0.0043020963,-0.0077522352,-1.78368323,1703.11329
0.0164647002,0.12675078,-0.000373471849,-2.17895163e-05,0.0103920581,-7.48375535,1693.55002
0.0165170098,0.0195897299,0.00236768329,-0.00379724352,-0.00822630987,-1.68964969,1703.166
0.016527755,0.124721401,-0.000480828634,-0.000127072826,0.0101444387,-7.28351531,1694.08902
0.0165711119,0.0646303672,-0.000736223354,-0.00966743988,0.000828214773,-3.37345266,1701.39891
0.0165753928,0.0179419674,0.00234863019,-0.00332937744,-0.00868164741,-1.59705714,1703.20456
0.0165953436,0.1225461,-0.000600248906,-0.000269245559,0.00987704883,-7.07265737,1694.62701
0.0166298595,0.0164047389,0.00230920574,-0.00289970204,-0.00911799652,-1.5059918,1703.22884
0.0166677922,0.120214384,-0.000731085744,-0.000456048058,0.00958761751,-6.85124069,1695.16087
0.0166806725,0.0149706296,0.00225191313,-0.00250835813,-0.00953521449,-1.4165288,1703.23956
0.0167280769,0.0136327222,0.00217916716,-0.0021546798,-0.00993327493,-1.32877054,1703.23806
0.0167294586,0.0599612217,-0.000372865995,-0.00998555967,1.26595358e-05,-3.20057666,1701.66301
0.0167454502,0.117715008,-0.000872040731,-0.000695965939,0.00927345668,-6.61944293,1695.68799
0.0167723013,0.0123845633,0.00209326201,-0.00183738507,-0.0103122684,-1.24282738,1703.22605
0.0168135591,0.0112201325,0.00199634823,-0.00155474722,-0.0106723973,-1.15881885,1703.20538
0.0168286922,0.115035914,-0.00102101214,-0.000998009735,0.00893138843,-6.37772316,1696.20642
0.0168520493,0.0101338132,0.00189041914,-0.00130473321,-0.0110139671,-1.07686618,1703.1779
0.0168771831,0.0556052884,1.87109687e-06,-0.0101037838,-0.000775166597,-3.06489994,1701.88465
0.0168879575,0.00912036556,0.00177730362,-0.00108511769,-0.0113373747,-0.997086971,1703.14526
0.0169179197,0.112164181,-0.00117484479,-0.00137145584,0.00855767092,-6.12672443,1696.71503
0.0169214569,0.00817490128,0.00165866344,-0.000893574835,-0.0116430959,-0.919587874,1703.10891
0.0169527092,0.00729285993,0.00153599467,-0.000727749394,-0.011931672,-0.84446583,1703.07006
0.016981865,0.00646998704,0.00141063176,-0.000585314155,-0.0122036966,-0.771806703,1703.0297
0.017009065,0.0057023135,0.00128375584,-0.000464009971,-0.0124598032,-0.701672676,1702.98859
0.017013563,0.109085956,-0.00132922399,-0.00182508386,0.00814792978,-5.86766178,1697.21348
0.0170149981,0.0515415566,0.000374714535,-0.010002195,-0.00153636306,-2.94081918,1702.07131
0.0170344404,0.00498613648,0.00115640302,-0.00036167658,-0.0127006537,-0.63411166,1702.94732
0.0170581136,0.00431800152,0.00102947257,-0.000276274504,-0.0129269278,-0.569159268,1702.90633
0.0170801987,0.00369468589,0.000903737617,-0.000205896375,-0.013139314,-0.50683128,1702.86595
0.0171008024,0.00311318307,0.000779855411,-0.000148775529,-0.0133385015,-0.44712807,1702.82639
0.0171160836,0.105786393,-0.00147819193,-0.00236682061,0.00769709931,-5.60172283,1697.70216
0.0171200239,0.0025706882,0.000658377426,-0.000103288504,-0.0135251741,-0.390037087,1702.78781
0.017137956,0.00206458457,0.000539759323,-6.7953438e-05,-0.013700004,-0.335545492,1702.75032
0.0171435683,0.0477504251,0.000740699207,-0.00975772939,-0.00227254418,-2.809274,1702.2296
0.0171546853,0.00159243101,0.000424370543,-4.14213868e-05,-0.0138636475,-0.283666258,1702.71399
0.0171702923,0.00115195011,0.000312503481,-2.24700056e-05,-0.014016742,-0.234402225,1702.67885
0.0171848523,0.000741017226,0.000204382524,-1.00296388e-05,-0.0141599027,-0.187962964,1702.64493
0.0171984357,0.000357650242,0.000100171769,-3.10622996e-06,-0.0142937209,-0.147926886,1702.61222
0.0172111079,0,0,0,-0.0144187433,-0.130828817,1702.58072
0.0172259759,0.102249575,-0.001614415,-0.00300175559,0.00719939011,-5.33140092,1698.18182
0.0172635139,0.0442136074,0.00107780772,-0.00939583673,-0.00298543488,-2.70551334,1702.36574
0.0173437699,0.0984584434,-0.00172793943,-0.0037322323,0.00664827932,-5.05812163,1698.65346
0.0173754133,0.040914044,0.00138841885,-0.00893115985,-0.00367659461,-2.59302678,1702.4851
0.0174700339,0.0943947116,-0.00180792666,-0.00455312753,0.00603654362,-4.78650549,1699.11797
0.0174798064,0.0378358195,0.00166401062,-0.00839992599,-0.00434728386,-2.49040798,1702.59244
0.0175771967,0.0349640862,0.00190474747,-0.00781997727,-0.00499838322,-2.38554078,1702.69154
0.0176053769,0.0900387783,-0.00183918498,-0.00545401312,0.00535631458,-4.51689533,1699.5757
0.0176680539,0.0322849924,0.00210775264,-0.00721534996,-0.00563040814,-2.28453265,1702.78505
0.0177504517,0.0853696328,-0.00180823195,-0.00640879459,0.00459917489,-4.25712828,1700.02602
0.0177528163,0.0297856156,0.00227360068,-0.00660122723,-0.00624354399,-2.18377385,1702.87426
0.0178318927,0.0274539002,0.00240274329,-0.00599247654,-0.0068377193,-2.08494558,1702.95909
0.0179056646,0.0252785992,0.00249690626,-0.00539953553,-0.00741267823,-1.98715896,1703.03828
0.017905958,0.0803647536,-0.00169364509,-0.00738373653,0.00375615094,-4.00300433,1700.46689
0.0179744878,0.0232492201,0.00255811757,-0.00483094923,-0.00796805963,-1.89080422,1703.1099
0.0180386942,0.0213559743,0.00258887031,-0.00429265181,-0.00850346625,-1.79572747,1703.17184
0.018072646,0.075,-0.00148306466,-0.008321067,0.00281776829,-3.76308231,1700.8949
0.0180980266,0.15,0,0,0.0151617665,-9.90098719,1685
0.0180985935,0.0195897299,0.00259183823,-0.00378879709,-0.00901851894,-1.70204668,1703.22242
0.0181076549,0.14964235,1.61959859e-05,3.11540639e-07,0.0151102681,-9.87922581,1685.15047
0.0181179755,0.149258983,3.24596108e-05,1.74491066e-06,0.0150550105,-9.83520516,1685.31173
0.0181290382,0.14884805,4.8654561e-05,3.44018588e-06,0.0149957137,-9.7906825,1685.48452
0.0181408964,0.148407569,6.46149341e-05,6.21028961e-06,0.0149320869,-9.7427456,1685.66962
0.0181536072,0.147935415,8.01436148e-05,1.00058179e-05,0.0148638199,-9.69118782,1685.86785
0.0181544748,0.0179419674,0.00256981509,-0.00332186676,-0.0095129013,-1.60978972,1703.26067
0.018167232,0.147429312,9.50085443e-05,1.49317114e-05,0.0147905817,-9.63579834,1686.08004
0.0181818365,0.146886817,0.000108938326,2.1066513e-05,0.0147120201,-9.57643296,1686.30708
0.0181974912,0.146305314,0.000121618581,2.84919944e-05,0.0146277602,-9.51280992,1686.54985
0.0182066074,0.0164047389,0.00252560521,-0.00289305903,-0.00998639028,-1.51904558,1703.28644
0.0182142714,0.145681998,0.000132687759,3.72605578e-05,0.0145374033,-9.44463705,1686.80925
0.0182322583,0.145013864,0.000141732529,4.73909958e-05,0.0144405258,-9.37160899,1687.08619
0.018239334,0.0696352464,-0.00117667551,-0.0091043716,0.00184460229,-3.54063276,1701.27849
0.0182515385,0.144297686,0.000148283538,5.88533905e-05,0.0143366777,-9.2934052,1687.38151
0.018255243,0.0149706296,0.0024619626,-0.00250251721,-0.0104388752,-1.42990302,1703.30037
0.018272205,0.143530013,0.00015181136,7.15518993e-05,0.0142253811,-9.20968885,1687.69604
0.0182943576,0.14270714,0.000151723191,8.5303204e-05,0.0141061282,-9.12010912,1688.03051
0.018300616,0.0136327222,0.00238153874,-0.00214957584,-0.0108703669,-1.3424707,1703.30364
0.018318103,0.141825099,0.000147360626,9.98089044e-05,0.0139783789,-9.02430045,1688.38553
0.0183429453,0.0123845633,0.0022868479,-0.00183295494,-0.0112809985,-1.25686497,1703.29779
0.0183435558,0.140879634,0.000137998765,0.000114629756,0.013841558,-8.92189425,1688.76155
0.0183708389,0.139866187,0.000122847107,0.00012912672,0.0136950509,-8.81247768,1689.15881
0.0183824351,0.0112201325,0.00218024345,-0.00155092991,-0.0116710208,-1.17320849,1703.28448
0.0183948403,0.0646303672,-0.000815313077,-0.00964342561,0.000905289874,-3.36607816,1701.59682
0.0184000836,0.138779867,0.00010105426,0.000142472664,0.0135381985,-8.69568618,1689.5773
0.0184192759,0.0101338132,0.00206390377,-0.00130147022,-0.0120407927,-1.09162401,1703.26532
0.0184314313,0.137615437,7.17126289e-05,0.000153413341,0.0133702906,-8.57108727,1690.01664
0.0184536454,0.00912036556,0.00193982498,-0.00108235328,-0.0123907693,-1.01222915,1703.24176
0.018465033,0.136367278,3.38688797e-05,0.000160891379,0.013190556,-8.43899676,1690.47614
0.0184857093,0.00817490128,0.00180981895,-0.000891256111,-0.0127214878,-0.935130609,1703.21506
0.0185010507,0.13502937,-1.34513604e-05,0.000162746731,0.0129981514,-8.29685,1690.95463
0.0185156223,0.00729285993,0.00167551518,-0.00072582609,-0.0130335542,-0.860425172,1703.18624
0.0185396584,0.133595261,-7.12235775e-05,0.000155798872,0.012792145,-8.14605796,1691.45052
0.0185399151,0.0599612217,-0.000413549041,-0.00995941892,4.30019089e-07,-3.19929036,1701.85972
0.0185435288,0.00646998704,0.00153836584,-0.000583738861,-0.0133276286,-0.788190534,1703.1561
0.0185695632,0.0057023135,0.00139965458,-0.000462738906,-0.0136044119,-0.718487696,1703.12528
0.0185810421,0.132058033,-0.000140377292,0.000138222499,0.0125714962,-7.98732517,1691.96174
0.0185938512,0.00498613648,0.00126050599,-0.000360668979,-0.0138646341,-0.651367231,1703.09425
0.0186165099,0.00431800152,0.00112189527,-0.000275492146,-0.0141090424,-0.586859699,1703.06335
0.0186254015,0.13041027,-0.000221772793,0.000106430434,0.0123350302,-7.81767896,1692.48576
0.0186376487,0.00369468589,0.000984659662,-0.00020530406,-0.0143383922,-0.524977459,1703.03281
0.0186573694,0.00311318307,0.00084950975,-0.000148341027,-0.0145534383,-0.465718433,1703.00281
0.0186729506,0.128644026,-0.000316138837,5.55026757e-05,0.0120814053,-7.63836704,1693.01969
0.0186752581,0.0556052884,1.72527434e-06,-0.0100733342,-0.00087078361,-3.06480031,1702.0763
0.0186757673,0.0025706882,0.000717040697,-0.000102982463,-0.0147549278,-0.409067675,1702.97346
0.018692931,0.00206458457,0.000587743208,-6.77492514e-05,-0.0149435948,-0.355010405,1702.94483
0.0187089433,0.00159243101,0.000462014088,-4.12952115e-05,-0.0151201549,-0.303557036,1702.91696
0.0187238815,0.00115195011,0.00034016635,-2.24003432e-05,-0.0152853022,-0.254707774,1702.88989
0.0187239186,0.12675078,-0.000423972301,-1.93486649e-05,0.0118090734,-7.44868374,1693.56036
0.0187378177,0.000741017226,0.000222439028,-9.9992818e-06,-0.0154397063,-0.208663339,1702.86362
0.0187508189,0.000357650242,0.000109005798,-3.09620109e-06,-0.0155840099,-0.169016229,1702.83818
0.0187629481,0,0,0,-0.0157188099,-0.152110161,1702.81354
0.0187785515,0.124721401,-0.000545463231,-0.00012420916,0.0115162314,-7.24859946,1694.10449
0.018801522,0.0515415566,0.000413948323,-0.00997623302,-0.00171009158,-2.94236412,1702.25487
0.0188371128,0.1225461,-0.000680371217,-0.000265888545,0.0112007652,-7.03796062,1694.64885
0.0188998848,0.120214384,-0.000827891214,-0.000452110309,0.0108601841,-6.8168333,1695.19052
0.0189193161,0.0477504251,0.00081520084,-0.00973345714,-0.00251971295,-2.81584712,1702.40285
0.0189671705,0.117715008,-0.000986483048,-0.000691337665,0.0104915494,-6.58542749,1695.72707
0.0190292084,0.0442136074,0.00118571437,-0.00937185683,-0.00330191565,-2.71122721,1702.52717
0.0190392944,0.115035914,-0.00115368819,-0.000992567642,0.0100913979,-6.34421159,1696.25671
0.0191166043,0.112164181,-0.00132588694,-0.0013650275,0.00965566572,-6.09389245,1696.77842
0.0191317289,0.040914044,0.00152602974,-0.00890890944,-0.00405872637,-2.6012989,1702.63387
0.0191994732,0.109085956,-0.0014981195,-0.0018175066,0.00917962008,-5.83563488,1697.29194
0.0192273723,0.0378358195,0.00182780462,-0.00837870869,-0.00479179087,-2.49908748,1702.72821
0.0192883007,0.105786393,-0.00166369353,-0.00235783122,0.00865780407,-5.57080441,1697.7976
0.0193165997,0.0349640862,0.00209044119,-0.00780044497,-0.00550229851,-2.39578993,1702.81446
0.0193835153,0.102249575,-0.00181423319,-0.00299117668,0.0080840111,-5.30173534,1698.29605
0.0193998417,0.0322849924,0.00231149188,-0.00719721183,-0.00619100242,-2.29548612,1702.89567
0.0194774997,0.0297856156,0.00249146317,-0.0065846706,-0.0068582677,-2.19567823,1702.97352
0.0194855763,0.0984584434,-0.00193879818,-0.0037196689,0.00745128998,-5.03025618,1698.78801
0.0195499483,0.0274539002,0.00263112994,-0.00597736413,-0.00750415498,-2.0974671,1703.04822
0.019594976,0.0943947116,-0.00202500207,-0.00453847387,0.00675199397,-4.76042831,1699.27385
0.019617537,0.0252785992,0.00273241803,-0.00538586875,-0.0081285054,-2.00030058,1703.11881
0.0196805917,0.0232492201,0.00279766702,-0.00481863443,-0.00873103006,-1.90443206,1703.1836
0.0197122421,0.0900387783,-0.00205654839,-0.00543671595,0.00597786621,-4.49356273,1699.75313
0.0197394167,0.0213559743,0.00282965643,-0.00428162526,-0.00931138768,-1.80980208,1703.24066
0.0197942956,0.0195897299,0.00283136619,-0.00377897182,-0.00986924581,-1.71651425,1703.28841
0.0198379401,0.0853696328,-0.00201778224,-0.00638900905,0.00512015139,-4.23611205,1700.22418
0.0198454931,0.0179419674,0.00280588497,-0.00331316106,-0.0104043308,-1.62462701,1703.3259
0.0198932563,0.0164047389,0.0027563043,-0.00288538757,-0.0109164625,-1.53423745,1703.35296
0.0199378154,0.0149706296,0.00268565028,-0.00249579708,-0.0114055755,-1.44544757,1703.37008
0.0199726764,0.0803647536,-0.00188648776,-0.00736072541,0.00416961031,-3.98588443,1700.68366
0.0199793854,0.0136327222,0.00259682964,-0.00214372588,-0.0118717297,-1.35837363,1703.37827
0.0200181669,0.0123845633,0.00249259302,-0.00182789694,-0.0123151123,-1.27313809,1703.37884
0.0200543469,0.0112201325,0.0023755105,-0.00154658878,-0.0127360326,-1.18986692,1703.37323
0.0200880999,0.0101338132,0.00224795731,-0.0012977743,-0.0131349127,-1.1086844,1703.36277
0.0201171009,0.075,-0.00164760063,-0.00829567283,0.00311655086,-3.74858344,1701.1266
0.0201195886,0.00912036556,0.00211210676,-0.00107923478,-0.0135122744,-1.02970716,1703.34871
0.0201489651,0.00817490128,0.00196992895,-0.000888650923,-0.013868725,-0.953041215,1703.33205
0.020176371,0.00729285993,0.00182319363,-0.000723674675,-0.0142049425,-0.87878321,1703.31363
0.0202019384,0.00646998704,0.0016734764,-0.000581984823,-0.0145216603,-0.807007698,1703.29407
0.0202257908,0.0057023135,0.00152216787,-0.000461329573,-0.0148196535,-0.737772069,1703.27387
0.0202480431,0.00498613648,0.00137048428,-0.000359556358,-0.015099726,-0.671123108,1703.25336
0.0202615254,0.0696352464,-0.00130445483,-0.00907569292,0.00202950227,-3.53131247,1701.51924
0.0202688026,0.00431800152,0.00121947921,-0.000274631801,-0.015362698,-0.607088468,1703.23279
0.0202881696,0.00369468589,0.0010700558,-0.000204655469,-0.0156093965,-0.545678629,1703.21231
0.0203062375,0.00311318307,0.000922979173,-0.000147867303,-0.0158406464,-0.486888833,1703.19204
0.0203230933,0.0025706882,0.000778888842,-0.000102650301,-0.0160572627,-0.430701681,1703.17205
0.0203388184,0.00206458457,0.000638310781,-6.75287124e-05,-0.0162600443,-0.377100459,1703.15238
0.0203534887,0.00159243101,0.000501669044,-4.11596729e-05,-0.0164497699,-0.326093024,1703.13306
0.0203671749,0.00115195011,0.000369296868,-2.23260281e-05,-0.0166271933,-0.277676993,1703.11411
0.0203799429,0.000741017226,0.000241447358,-9.96709049e-06,-0.0167930409,-0.232044505,1703.09554
0.0203918545,0.000357650242,0.000118302963,-3.08564147e-06,-0.0169480096,-0.19280032,1703.07738
0.0203962617,0.0646303672,-0.000901625061,-0.00961407516,0.000984767415,-3.35788817,1701.84022
0.020402967,0,0,0,-0.0170927489,-0.176091391,1703.05962
0.0205219597,0.0599612217,-0.000457442084,-0.00992822083,-1.77863264e-05,-3.19691057,1702.10029
0.0206190501,0.15,0,0,0.0172737742,-9.85772637,1685
0.0206270348,0.14964235,1.8459696e-05,3.13085049e-07,0.0172124214,-9.83597174,1685.15026
0.0206355936,0.149258983,3.6996995e-05,1.75042876e-06,0.0171466125,-9.79197126,1685.3113
0.0206392258,0.0556052884,1.49151483e-06,-0.0100386202,-0.000979756614,-3.06475458,1702.30949
0.0206447679,0.14884805,5.54548875e-05,3.45294531e-06,0.0170760218,-9.74747791,1685.48385
0.0206546018,0.148407569,7.36424841e-05,6.23457625e-06,0.0170003087,-9.6995729,1685.6687
0.0206651429,0.147935415,9.13336839e-05,1.00472278e-05,0.0169191104,-9.64804083,1685.86667
0.0206764419,0.147429312,0.000108263314,1.49962633e-05,0.0168320405,-9.59267384,1686.07859
0.0206885533,0.146886817,0.000124122526,2.1158315e-05,0.0167386885,-9.53332663,1686.30534
0.0207015356,0.146305314,0.00013855392,2.86151853e-05,0.0166386177,-9.46971873,1686.54783
0.0207154514,0.145681998,0.000151146745,3.7421432e-05,0.0165313652,-9.40156005,1686.80696
0.0207303678,0.145013864,0.000161431276,4.75966996e-05,0.0164164397,-9.32854479,1687.08362
0.0207463568,0.144297686,0.000168874665,5.91121786e-05,0.0162933205,-9.25035316,1687.3787
0.0207486254,0.0515415566,0.000456022424,-0.00994551735,-0.00190367471,-2.94475069,1702.47721
0.0207634955,0.143530013,0.000172877352,7.18735775e-05,0.0161614558,-9.16664884,1687.69302
0.0207818665,0.14270714,0.000172768844,8.56992717e-05,0.0160202608,-9.07708101,1688.02733
0.0208015584,0.141825099,0.000167805567,0.000100292787,0.0158691153,-8.98128458,1688.38227
0.0208226664,0.140879634,0.000157170093,0.000115216245,0.0157073604,-8.87889085,1688.75832
0.020845292,0.139866187,0.000139972449,0.000129835412,0.0155342947,-8.76949043,1689.15575
0.0208506864,0.0477504251,0.000895650669,-0.00970431382,-0.00279249391,-2.82286193,1702.61187
0.0208695446,0.138779867,0.000115256171,0.000143313794,0.0153491683,-8.65270599,1689.5746
0.020895541,0.137615437,8.20039273e-05,0.000154441343,0.0151511761,-8.52816108,1690.01456
0.0209234068,0.136367278,3.91497209e-05,0.000162059379,0.0149394476,-8.39592547,1690.47498
0.0209459011,0.0442136074,0.00130234575,-0.00934333814,-0.00364913535,-2.71808194,1702.72125
0.0209532761,0.13502937,-1.43833123e-05,0.000164068966,0.0147130342,-8.25401051,1690.95481
0.0209852933,0.133595261,-7.96889757e-05,0.000157487519,0.014470892,-8.10336188,1691.45253
0.0210196126,0.132058033,-0.000157796409,0.00014020682,0.0142118605,-7.94443935,1691.9662
0.0210347286,0.040914044,0.00167449653,-0.00888242675,-0.0044761853,-2.61086999,1702.81212
0.0210563996,0.13041027,-0.000249625946,0.000108682617,0.0139346341,-7.77499676,1692.49344
0.0210958318,0.128644026,-0.000355965454,5.81548553e-05,0.0136377275,-7.59578149,1693.03152
0.0211175975,0.0378358195,0.00200419377,-0.00835363281,-0.0052757504,-2.50946887,1702.8904
0.0211380994,0.12675078,-0.000477330827,-1.62610985e-05,0.0133194329,-7.40627329,1693.57744
0.0211834062,0.124721401,-0.000613881396,-0.000120604273,0.0129777677,-7.20640639,1694.12811
0.0211949074,0.0349640862,0.00229012288,-0.00777737513,-0.00604939064,-2.40781263,1702.96088
0.0212319708,0.1225461,-0.000765286757,-0.000261682158,0.0126104144,-6.9960643,1694.68053
0.0212670312,0.0322849924,0.00253024109,-0.00717589294,-0.0067981472,-2.3084243,1703.02711
0.0212840274,0.120214384,-0.000930572487,-0.000447197225,0.0122146512,-6.77532705,1695.23198
0.0213343169,0.0297856156,0.00272505668,-0.00656524076,-0.00752260577,-2.20964947,1703.09114
0.0213398271,0.117715008,-0.00110793582,-0.000685589378,0.0117872757,-6.54443615,1695.78022
0.021397089,0.0274539002,0.00287568117,-0.00595969188,-0.00822299285,-2.11216603,1703.15358
0.0213996391,0.115035914,-0.00129453835,-0.000985834761,0.0113245261,-6.30388179,1696.32365
0.0214556503,0.0252785992,0.00298428691,-0.0053699227,-0.00889927474,-2.01567642,1703.21375
0.0214637518,0.112164181,-0.00148625702,-0.00135711712,0.0108220025,-6.05442705,1696.86136
0.0215102832,0.0232492201,0.00305354949,-0.0048043079,-0.00955125816,-1.92035541,1703.2702
0.0215324746,0.109085956,-0.00167744922,-0.00180821547,0.0102745999,-5.79725041,1697.39311
0.0215612512,0.0213559743,0.00308657051,-0.00426882973,-0.0101786778,-1.82621494,1703.3212
0.0216061388,0.105786393,-0.00186062365,-0.00234686727,0.00967645676,-5.53382222,1697.91916
0.0216088003,0.0195897299,0.00308666381,-0.00376760151,-0.0107812654,-1.73336007,1703.36526
0.0216531597,0.0179419674,0.0030572407,-0.00330311319,-0.011358806,-1.64187646,1703.40144
0.0216850999,0.102249575,-0.00202633593,-0.00297830518,0.00902093842,-5.26636679,1698.43996
0.0216945434,0.0164047389,0.00300170369,-0.00287655754,-0.0119111761,-1.55187376,1703.42946
0.021733151,0.0149706296,0.00292337249,-0.00248808293,-0.0124383684,-1.46346756,1703.44967
0.0217691688,0.0136327222,0.0028254281,-0.00213702854,-0.012940504,-1.37678281,1703.46285
0.0217697386,0.0984584434,-0.00216254709,-0.00370448019,0.00830065767,-4.99702991,1698.95582
0.0218027705,0.0123845633,0.00271087418,-0.00182212141,-0.0134178347,-1.29194841,1703.47006
0.0218341181,0.0112201325,0.00258251205,-0.00154164449,-0.0138707388,-1.2090939,1703.47242
0.0218604632,0.0943947116,-0.00225529152,-0.00452078836,0.0075075425,-4.72949232,1699.46647
0.0218633629,0.0101338132,0.00244292611,-0.00129357532,-0.0142997108,-1.12834506,1703.47101
0.0218906459,0.00912036556,0.00229447742,-0.00107570029,-0.0147053482,-1.04981731,1703.4668
0.0219160988,0.00817490128,0.002139303,-0.000885704703,-0.0150883363,-0.973615935,1703.46056
0.0219398442,0.00729285993,0.00197931924,-0.00072124639,-0.0154494329,-0.899836093,1703.4529
0.0219577114,0.0900387783,-0.00228702804,-0.00541598991,0.0066329489,-4.46579456,1699.97053
0.0219619968,0.00646998704,0.00181623051,-0.000580009078,-0.0157894519,-0.828549607,1703.44427
0.0219826633,0.0057023135,0.00165153947,-0.000459745208,-0.016109249,-0.759811904,1703.43499
0.0220019435,0.00498613648,0.0014865581,-0.000358307505,-0.0164097077,-0.693665724,1703.42528
0.0220199303,0.00431800152,0.00132242103,-0.000273667291,-0.0166917269,-0.630134802,1703.41528
0.0220367106,0.00369468589,0.00116009912,-0.000203928903,-0.0169562106,-0.569226931,1703.40507
0.0220523653,0.00311318307,0.00100041332,-0.00014733676,-0.0172040579,-0.510934594,1703.39471
0.0220619522,0.0853696328,-0.00223990188,-0.00636530792,0.00566779355,-4.21134269,1700.4651
0.0220669697,0.0025706882,0.000844048284,-0.000102278154,-0.0174361558,-0.455237893,1703.38423
0.0220805946,0.00206458457,0.000691565614,-6.72813355e-05,-0.0176533725,-0.40211815,1703.37364
0.0220933054,0.00159243101,0.000543416651,-4.10073084e-05,-0.0178565526,-0.351580655,1703.36297
0.0221051636,0.00115195011,0.000399954609,-2.22422409e-05,-0.0180465129,-0.303620582,1703.35221
0.0221162263,0.000741017226,0.000261446196,-9.9304738e-06,-0.0182240397,-0.258422039,1703.34141
0.0221265469,0.000357650242,0.000128081993,-3.07356636e-06,-0.0183898864,-0.21960077,1703.33057
0.0221361752,0,0,0,-0.0185447579,-0.203096936,1703.31971
0.0221736884,0.0803647536,-0.00209077733,-0.00733342457,0.00460259202,-3.96549292,1700.94531
0.022293459,0.075,-0.00182186073,-0.00826547664,0.00342745069,-3.73171402,1701.40443
0.0224132295,0.0696352464,-0.00143979271,-0.00904207929,0.00221937174,-3.52005193,1701.80634
0.0225249657,0.0646303672,-0.000992925544,-0.00957945838,0.00106277485,-3.3488346,1702.12922
0.0226292065,0.0599612217,-0.000503490624,-0.00989211198,-4.32939962e-05,-3.19392367,1702.38483
0.0227264546,0.0556052884,1.15899596e-06,-0.00999978449,-0.00110131305,-3.0646956,1702.58446
0.0228171793,0.0515415566,0.000500063773,-0.00991001798,-0.00211468319,-2.94750367,1702.73877
0.022901818,0.0477504251,0.000980534436,-0.00967027779,-0.00308715924,-2.83036572,1702.85728
0.0229807791,0.0442136074,0.00142550015,-0.00931021436,-0.00402237198,-2.72617428,1702.94872
0.0230544433,0.040914044,0.00183126896,-0.00885161602,-0.00492351361,-2.6217673,1703.02073
0.0231231661,0.0378358195,0.00219037082,-0.00832461566,-0.00579318844,-2.52158585,1703.07993
0.0231872788,0.0349640862,0.00250087024,-0.00775066894,-0.00663335568,-2.42167245,1703.13178
0.0232470908,0.0322849924,0.00276106321,-0.0071512956,-0.00744536682,-2.32339981,1703.18032
0.0233028905,0.0297856156,0.00297151392,-0.00654284515,-0.00823004501,-2.22573195,1703.22809
0.0233549471,0.0274539002,0.00313365636,-0.0059393735,-0.0089877955,-2.12909427,1703.27607
0.0234035117,0.0252785992,0.0032499409,-0.00535162028,-0.00971871929,-2.03335748,1703.32394
0.0234488185,0.0232492201,0.00332339144,-0.00478790192,-0.0104227266,-1.93865801,1703.37051
0.023491086,0.0213559743,0.00335745454,-0.00425420849,-0.0110996347,-1.84506436,1703.41422
0.0235305183,0.0195897299,0.00335579641,-0.00375463993,-0.0117492449,-1.75269501,1703.45367
0.0235673053,0.0179419674,0.0033221709,-0.0032916872,-0.0123714056,-1.66166154,1703.48789
0.0236016246,0.0164047389,0.00326030972,-0.00286654256,-0.0129660546,-1.5720894,1703.5165
0.0236336418,0.0149706296,0.00317384338,-0.00247935727,-0.0135332474,-1.48410859,1703.53963
0.0236611192,0.15,0,0,0.0198222919,-9.79690015,1685
0.0236635112,0.0136327222,0.0030662429,-0.00212947432,-0.0140731704,-1.39785388,1703.55781
0.0236664661,0.14964235,2.12343068e-05,3.1834805e-07,0.0197484025,-9.77518472,1685.15009
0.0236721975,0.149258983,4.25492418e-05,1.7607406e-06,0.0196691742,-9.73125007,1685.31095
0.023678341,0.14884805,6.37626795e-05,3.47496986e-06,0.0195842246,-9.68681818,1685.48332
0.0236849263,0.148407569,8.46560358e-05,6.27155441e-06,0.0194931508,-9.63898651,1685.66798
0.0236913769,0.0123845633,0.00294077949,-0.00181562576,-0.0145861451,-1.31346093,1703.57178
0.0236919851,0.147935415,0.000104970286,1.01052718e-05,0.0193955242,-9.58753212,1685.86574
0.0236995514,0.147429312,0.000124401675,1.5082514e-05,0.0192908894,-9.53224889,1686.07746
0.0237076618,0.146886817,0.000142596768,2.12810956e-05,0.0191787629,-9.47298929,1686.30402
0.0237163553,0.146305314,0.000159146486,2.87836571e-05,0.0190586319,-9.40947204,1686.54632
0.0237173733,0.0112201325,0.00280049882,-0.00153610017,-0.0150726231,-1.23106308,1703.58235
0.023725674,0.145681998,0.000173580639,3.7649496e-05,0.0189299531,-9.341409,1686.80527
0.0237356627,0.145013864,0.000185363502,4.78974406e-05,0.0187921519,-9.26849624,1687.0818
0.0237416259,0.0101338132,0.00264820628,-0.00128888123,-0.0155331761,-1.15078754,1703.5903
0.0237463696,0.144297686,0.0001938882,5.94973716e-05,0.0186446201,-9.19041297,1687.37677
0.0237578465,0.143530013,0.00019847172,7.23600061e-05,0.0184867151,-9.10682209,1687.69106
0.0237642516,0.00912036556,0.00248646098,-0.00107176161,-0.0159684823,-1.0727505,1703.59628
0.0237701485,0.14270714,0.00019834952,8.63050407e-05,0.0183177578,-9.01737416,1688.02543
0.0237833352,0.141825099,0.000192674048,0.000101038284,0.01813703,-8.92170563,1688.38055
0.0237853595,0.00817490128,0.00231757576,-0.0008824324,-0.0163793099,-0.997058235,1703.60081
0.02379747,0.140879634,0.000180517235,0.000116123468,0.0179437712,-8.81944574,1688.75695
0.0238050514,0.00729285993,0.00214362197,-0.000718557573,-0.0167665011,-0.923797811,1703.60427
0.0238126212,0.139866187,0.000160871585,0.000130932543,0.0177371746,-8.7101927,1689.15494
0.0238234224,0.00646998704,0.00196643951,-0.000577827863,-0.0171309551,-0.853037139,1703.6069
0.0238288618,0.138779867,0.000132656235,0.000144616271,0.0175163814,-8.59356061,1689.57462
0.0238405611,0.0057023135,0.0017876482,-0.000458001924,-0.0174736129,-0.78483355,1703.60887
0.0238462702,0.137615437,9.47241753e-05,0.000156036523,0.017280473,-8.46923679,1690.01578
0.0238565501,0.00498613648,0.00160866037,-0.000356938062,-0.0177954423,-0.719225616,1703.61026
0.0238649304,0.136367278,4.58853932e-05,0.000163856064,0.0170284608,-8.33686912,1690.47785
0.0238714665,0.00431800152,0.0014306956,-0.000272613413,-0.0180974255,-0.65623294,1703.61111
0.0238849323,0.13502937,-1.50658535e-05,0.000166086981,0.0167592722,-8.19551947,1690.95988
0.0238853823,0.00369468589,0.00125479571,-0.000203137966,-0.0183805472,-0.595860097,1703.61142
0.0238983646,0.00311318307,0.00108183996,-0.000146761499,-0.0186457852,-0.538096759,1703.6112
0.0239063724,0.133595261,-8.93473688e-05,0.000160079997,0.016471733,-8.04527348,1691.46051
0.0239104761,0.0025706882,0.000912560042,-0.00010187637,-0.0188941025,-0.482920464,1703.61043
0.023921775,0.00206458457,0.000747554657,-6.70155279e-05,-0.01912644,-0.430310454,1703.6091
0.0239293542,0.132058033,-0.000178096964,0.000143226339,0.0161645433,-7.88612719,1691.97795
0.0239323161,0.00159243101,0.000587303444,-4.08444802e-05,-0.019343712,-0.380269323,1703.60723
0.02394215,0.00115195011,0.000432180302,-2.21533161e-05,-0.0195468015,-0.332789655,1703.60481
0.0239513243,0.000741017226,0.000282465955,-9.89186214e-06,-0.0197365576,-0.288047708,1703.60189
0.0239539885,0.13041027,-0.0002823189,0.000112052854,0.0158362483,-7.71716644,1692.50999
0.0239598831,0.000357650242,0.000138359553,-3.06093931e-06,-0.0199137935,-0.249668438,1703.59847
0.0239678678,0,0,0,-0.020079273,-0.233380189,1703.5946
0.0239803941,0.128644026,-0.000402847968,6.2086204e-05,0.0154851999,-7.5382624,1693.05412
0.0240086984,0.12675078,-0.000540211483,-1.17337691e-05,0.0151095113,-7.3491673,1693.60757
0.0240390379,0.124721401,-0.000694518865,-0.000115379332,0.0147070012,-7.14977567,1694.16749
0.024071559,0.1225461,-0.000865317355,-0.000255657405,0.0142751293,-6.94001737,1694.73113
0.0241064185,0.120214384,-0.00105141666,-0.000440243607,0.013810923,-6.7199939,1695.29602
0.0241437845,0.117715008,-0.00125068564,-0.000677551163,0.0133108981,-6.48998449,1695.86016
0.0241838374,0.115035914,-0.00145982218,-0.000976526699,0.012770977,-6.25051489,1696.42209
0.0242267702,0.112164181,-0.00167409201,-0.00134630984,0.012186411,-6.00240075,1696.981
0.0242727901,0.109085956,-0.00188705867,-0.00179565054,0.0115517151,-5.74685201,1697.53662
0.0243221191,0.105786393,-0.00209025799,-0.00233220917,0.0108606254,-5.485439,1698.08901
0.024374995,0.102249575,-0.00227300852,-0.00296125118,0.0101060953,-5.22034232,1698.63825
0.024431673,0.0984584434,-0.00242197117,-0.00368457612,0.00928033623,-4.95394242,1699.18404
0.0244924263,0.0943947116,-0.00252144698,-0.00449777276,0.00837491289,-4.68966195,1699.72517
0.0245575482,0.0900387783,-0.00255241394,-0.0053893095,0.00738088914,-4.43009607,1700.25903
0.0246273526,0.0853696328,-0.00249471003,-0.00633495841,0.00628898721,-4.17986142,1700.78117
0.0247021762,0.0803647536,-0.00232409698,-0.00729889863,0.0050896552,-3.93952247,1701.28482
0.0247823801,0.075,-0.00202003527,-0.00822742704,0.00377301022,-3.71071426,1701.76111
0.0248625839,0.0696352464,-0.00159298465,-0.00900035033,0.0024260033,-3.50566678,1702.17138
0.0249374076,0.0646303672,-0.00109581509,-0.00953654764,0.00114223693,-3.33808567,1702.49355
0.025007212,0.0599612217,-0.000555016205,-0.00984805894,-8.0426155e-05,-3.19015548,1702.7409
0.0250723338,0.0556052884,7.24494074e-07,-0.00995363599,-0.00124567952,-3.0645785,1702.92641
0.0251330872,0.0515415566,0.000548862435,-0.00986699073,-0.0023580858,-2.95070573,1703.06221
0.0251897652,0.0477504251,0.00107460968,-0.00962899714,-0.00342245077,-2.83881598,1703.15919
0.0252426411,0.0442136074,0.00156151418,-0.00927032625,-0.00444332452,-2.73603448,1703.22722
0.0252919701,0.040914044,0.00200390501,-0.00881453782,-0.0054246796,-2.63465511,1703.27499
0.02533799,0.0378358195,0.00239472182,-0.00828993402,-0.00636976158,-2.53613689,1703.31
0.0253809228,0.0349640862,0.00273154787,-0.00771882001,-0.00728104649,-2.43812144,1703.3384
0.0254209756,0.0322849924,0.00301302069,-0.0071221111,-0.00816029281,-2.34119568,1703.36487
0.0254583417,0.0297856156,0.00323985649,-0.00651635767,-0.00900864086,-2.24476604,1703.39245
0.0254932012,0.0274539002,0.00341384883,-0.00591544216,-0.00982674094,-2.14909228,1703.42256
0.0255257222,0.0252785992,0.00353780038,-0.00533014012,-0.010614885,-2.05417927,1703.45523
0.0255560617,0.0232492201,0.00361513841,-0.00476872154,-0.0113731347,-1.96016065,1703.48951
0.025584366,0.0213559743,0.0036497096,-0.00423717745,-0.0121014309,-1.86715487,1703.52404
0.0256107716,0.0195897299,0.00364557909,-0.00373959822,-0.0127996808,-1.77530353,1703.55744
0.0256354059,0.0179419674,0.00360688536,-0.00327847596,-0.0134678281,-1.68474568,1703.58868
0.0256583877,0.0164047389,0.00353772583,-0.00285500483,-0.0141059009,-1.59562596,1703.6172
0.0256798279,0.0149706296,0.00344207308,-0.00246934103,-0.0147140427,-1.50809028,1703.64287
0.0256998298,0.0136327222,0.00332371448,-0.00212083364,-0.0152925292,-1.42228467,1703.66588
0.0257184899,0.0123845633,0.00318621084,-0.00180822196,-0.015841772,-1.33835233,1703.68663
0.0257358983,0.0112201325,0.0030328702,-0.00152980238,-0.0163623154,-1.25643083,1703.70556
0.025752139,0.0101338132,0.00286673368,-0.00128356692,-0.0168548254,-1.17664881,1703.72308
0.0257672902,0.00912036556,0.00269057016,-0.00106731649,-0.0173200761,-1.09912296,1703.73951
0.025781425,0.00817490128,0.00250687788,-0.000878750971,-0.0177589326,-1.02395689,1703.75509
0.0257946116,0.00729285993,0.00231789091,-0.000715542034,-0.018172334,-0.951234088,1703.76994
0.0258069137,0.00646998704,0.00212558974,-0.000575388592,-0.0185612759,-0.881021551,1703.78409
0.0258183905,0.0057023135,0.00193171457,-0.000456057566,-0.0189267944,-0.813372681,1703.79754
0.0258290975,0.00498613648,0.00173778034,-0.000355414379,-0.0192699505,-0.748321326,1703.81024
0.0258390862,0.00431800152,0.00154509288,-0.000271443529,-0.019591817,-0.685884176,1703.82211
0.0258484049,0.00369468589,0.00135476538,-0.000202261824,-0.0198934665,-0.626062603,1703.83309
0.0258570984,0.00311318307,0.00116773523,-0.000146125495,-0.0201759613,-0.56884341,1703.84312
0.0258652088,0.0025706882,0.000984780432,-0.000101432923,-0.0204403451,-0.514201608,1703.85215
0.0258727751,0.00206458457,0.000806535645,-6.67226298e-05,-0.0206876364,-0.462114125,1703.86016
0.0258798339,0.00159243101,0.00063350739,-4.06653526e-05,-0.0209188227,-0.412580722,1703.86713
0.0258864191,0.00115195011,0.000466088608,-2.2056163e-05,-0.0211348565,-0.365591342,1703.87308
0.0258925626,0.000741017226,0.000304572279,-9.848737e-06,-0.0213366527,-0.321319226,1703.87804
0.025898294,0.000357650242,0.000149163667,-3.0461943e-06,-0.0215250861,-0.283392488,1703.88205
0.025903641,0,0,0,-0.0217009824,-0.267318478,1703.88515
0.0269008515,0.15,0,0,0.0225364035,-9.72441921,1685
0.0269033516,0.14964235,2.41871257e-05,3.22554995e-07,0.0224489953,-9.70272119,1685.15006
0.0269060315,0.149258983,4.84675774e-05,1.77164131e-06,0.0223552966,-9.6588436,1685.31088
0.0269089041,0.14884805,7.26330147e-05,3.49958607e-06,0.0222548639,-9.6144939,1685.48321
0.0269119832,0.148407569,9.64337577e-05,6.31957169e-06,0.0221472273,-9.56675422,1685.66784
0.0269152837,0.147935415,0.000119574527,1.01863091e-05,0.0220318875,-9.51539783,1685.86558
0.0269188216,0.147429312,0.000141708808,1.5206834e-05,0.0219083146,-9.46021669,1686.07729
0.0269226138,0.146886817,0.000162433011,2.14629538e-05,0.0217759467,-9.40106348,1686.30385
0.0269266787,0.146305314,0.000181281052,2.90391919e-05,0.021634189,-9.33765887,1686.54618
0.026931036,0.145681998,0.00019771831,3.79955668e-05,0.0214824122,-9.26971454,1686.80521
0.0269357065,0.145013864,0.000211136458,4.83525461e-05,0.0213199514,-9.19692326,1687.08187
0.0269407128,0.144297686,0.000220847318,6.00801259e-05,0.021146105,-9.11896269,1687.37705
0.0269460792,0.143530013,0.000226076953,7.3097378e-05,0.0209601327,-9.03549995,1687.69164
0.0269518314,0.14270714,0.000225963657,8.72226899e-05,0.0207612539,-8.94619005,1688.02644
0.0269579972,0.141825099,0.00021955449,0.000102156438,0.0205486451,-8.85066958,1688.38217
0.0269646063,0.140879634,0.000205804097,0.000117469575,0.0203214369,-8.7485645,1688.7594
0.0269716907,0.139866187,0.000183579149,0.000132539665,0.0200787096,-8.63947904,1689.15851
0.0269792845,0.138779867,0.000151665581,0.000146512215,0.0198194876,-8.52302106,1689.57966
0.0269874243,0.137615437,0.000108779309,0.00015827611,0.0195427307,-8.39889231,1690.02274
0.0269961494,0.136367278,5.35932107e-05,0.000166412648,0.019247324,-8.26662093,1690.48731
0.0270055019,0.13502937,-1.52390613e-05,0.000169026679,0.0189320627,-8.12571218,1690.97254
0.0270155269,0.133595261,-9.90471657e-05,0.000163609021,0.0185956333,-7.97575266,1691.47724
0.0270262727,0.132058033,-0.000199084221,0.00014725768,0.0182365881,-7.81667476,1691.99978
0.0270377912,0.13041027,-0.000316457886,0.000116587568,0.0178533136,-7.64818085,1692.53821
0.0270501379,0.128644026,-0.000452044905,6.72822398e-05,0.0174439895,-7.469674,1693.09021
0.0270633724,0.12675078,-0.00060638095,-5.82373906e-06,0.0170065402,-7.2810841,1693.6533
0.0270775585,0.124721401,-0.000779520257,-0.000108649891,0.0165385752,-7.08229003,1694.22491
0.0270927647,0.1225461,-0.000970876678,-0.000247996774,0.0160373211,-6.87326553,1694.80255
0.0271090643,0.120214384,-0.00117902831,-0.000431511084,0.0154995436,-6.65414043,1695.38403
0.0271265359,0.117715008,-0.001401493,-0.000667576307,0.014921466,-6.42523603,1695.96754
0.0271452638,0.115035914,-0.00163447503,-0.000965103382,0.0142986846,-6.18712281,1696.55182
0.0271653383,0.112164181,-0.00187258406,-0.00133318544,0.0136260921,-5.94067023,1697.13607
0.0271868562,0.109085956,-0.00210853766,-0.00178053357,0.012897816,-5.68712504,1697.71993
0.0272099215,0.105786393,-0.00233284279,-0.00231473859,0.0121071854,-5.42815282,1698.30318
0.0272346452,0.102249575,-0.00253354365,-0.00294106259,0.0112467413,-5.16595833,1698.88538
0.0272611466,0.0984584434,-0.00269588226,-0.00366119338,0.0103082997,-4.90306943,1699.46543
0.0272895536,0.0943947116,-0.00280239369,-0.00447084654,0.00928307435,-4.64278031,1700.04106
0.0273200033,0.0900387783,-0.00283240462,-0.00535829479,0.00816185813,-4.38804283,1700.60824
0.0273526424,0.0853696328,-0.00276348962,-0.00629973646,0.0069352106,-4.14297165,1701.16072
0.0273876284,0.0803647536,-0.00257006335,-0.00725907674,0.00559354914,-3.90890441,1701.68965
0.0274251301,0.075,-0.00222897677,-0.00818354083,0.00412703383,-3.68629009,1702.18382
0.0274626317,0.0696352464,-0.00175443404,-0.00895258331,0.00263314481,-3.48861151,1702.60177
0.0274976178,0.0646303672,-0.00120430851,-0.00948729927,0.00121513743,-3.32605626,1702.92143
0.0275302569,0.0599612217,-0.000609328747,-0.0097978237,-0.000130442552,-3.18548663,1703.15794
0.0275607065,0.0556052884,2.28416586e-07,-0.00990184346,-0.00140862944,-3.06438144,1703.32608
0.0275891135,0.0515415566,0.000600174461,-0.00981783265,-0.00262525247,-2.95440619,1703.43962
0.027615615,0.0477504251,0.00117367985,-0.00958178458,-0.00378625531,-2.84785815,1703.51099
0.0276403387,0.0442136074,0.00170462764,-0.0092249015,-0.00489717721,-2.74740696,1703.55139
0.0276634039,0.040914044,0.00218558596,-0.0087721849,-0.00596282631,-2.6492475,1703.57065
0.0276849218,0.0378358195,0.00260972785,-0.00825042274,-0.00698713255,-2.55284441,1703.57727
0.0277049964,0.0349640862,0.00297427273,-0.00768251282,-0.00797312145,-2.4569083,1703.57823
0.0277237243,0.0322849924,0.00327812125,-0.00708889559,-0.0089229833,-2.36156618,1703.5789
0.0277411959,0.0297856156,0.00352218738,-0.00648622564,-0.00983819407,-2.26652181,1703.58289
0.0277574954,0.0274539002,0.00370863333,-0.00588825634,-0.0107196632,-2.17195309,1703.59211
0.0277727016,0.0252785992,0.00384063722,-0.00530576637,-0.0115678843,-2.07796325,1703.60696
0.0277868877,0.0232492201,0.00392204564,-0.00474698837,-0.0123830783,-1.98471149,1703.62679
0.0278001222,0.0213559743,0.00395712851,-0.00421790717,-0.0131653162,-1.89236274,1703.65037
0.027812469,0.0195897299,0.0039503714,-0.00372260518,-0.0139146171,-1.80108883,1703.67635
0.0278239875,0.0179419674,0.00390631886,-0.00326357477,-0.014631025,-1.71105821,1703.70361
0.0278347333,0.0164047389,0.00382945422,-0.00284201287,-0.0153146632,-1.62243777,1703.73135
0.0278447583,0.0149706296,0.00372411127,-0.00245808151,-0.0159657685,-1.53539082,1703.75913
0.0278541107,0.0136327222,0.00359441127,-0.00211113726,-0.01658471,-1.45007596,1703.78678
0.0278628358,0.0123845633,0.00344422043,-0.00179992814,-0.0171719952,-1.36664487,1703.81427
0.0278709757,0.0112201325,0.00327712352,-0.00152275986,-0.0177282656,-1.28524001,1703.84164
0.0278785694,0.0101338132,0.00309641006,-0.0012776344,-0.0182542871,-1.20599088,1703.8689
0.0278856538,0.00912036556,0.00290507005,-0.00106236254,-0.0187509348,-1.12901357,1703.89603
0.027892263,0.00817490128,0.00270579669,-0.00087465494,-0.019219176,-1.05441204,1703.92293
0.0278984288,0.00729285993,0.00250099443,-0.000712192541,-0.0196600519,-0.982267686,1703.94946
0.027904181,0.00646998704,0.0022927915,-0.000572683318,-0.0200746599,-0.912643145,1703.97544
0.0279095473,0.0057023135,0.00208305496,-0.000453904068,-0.020464136,-0.845586964,1704.00066
0.0279145537,0.00498613648,0.00187340747,-0.000353728941,-0.0208296395,-0.78112916,1704.02495
0.0279192242,0.00431800152,0.0016652451,-0.000270150943,-0.0211723385,-0.719283461,1704.04811
0.0279235814,0.00369468589,0.00145975571,-0.000201294771,-0.0214933981,-0.660047896,1704.07
0.0279276463,0.00311318307,0.00125793737,-0.000145424086,-0.0217939696,-0.603406266,1704.09051
0.0279314386,0.0025706882,0.00106061648,-0.000100944158,-0.0220751817,-0.549330957,1704.10955
0.0279349764,0.00206458457,0.00086846516,-6.63998741e-05,-0.0223381342,-0.497796362,1704.12707
0.027938277,0.00159243101,0.000682017946,-4.04679037e-05,-0.0225838915,-0.44879925,1704.14306
0.0279413561,0.00115195011,0.00050168752,-2.19490485e-05,-0.0228134796,-0.402326813,1704.15753
0.0279442287,0.000741017226,0.000327779458,-9.80093385e-06,-0.023027882,-0.358550881,1704.17051
0.0279469085,0.000357650242,0.000160505303,-3.02982994e-06,-0.0232280386,-0.321099861,1704.18206
0.0279494087,0,0,0,-0.0234148407,-0.305252859,1704.19224
0.030111421,0,0,0,-0.0252260839,-0.347546324,1704.51681
0.0301127129,0.000357650242,0.000172409304,-3.01324378e-06,-0.0250284722,-0.363167609,1704.49954
0.0301140977,0.000741017226,0.000352146261,-9.75021121e-06,-0.0248166835,-0.400140473,1704.48043
0.030115582,0.00115195011,0.000539080649,-2.18328468e-05,-0.0245897577,-0.443414947,1704.4594
0.030117173,0.00159243101,0.000732995655,-4.02536562e-05,-0.0243466875,-0.489360521,1704.43636
0.0301188785,0.00206458457,0.000933574468,-6.60487804e-05,-0.0240864174,-0.537810834,1704.4113
0.0301207066,0.0025706882,0.00114038606,-0.000100411043,-0.0238078452,-0.588781563,1704.38417
0.0301226661,0.00311318307,0.00135286908,-0.000144657016,-0.0235098251,-0.642278655,1704.35503
0.0301247665,0.00369468589,0.00157031465,-0.000200234456,-0.0231911719,-0.698329964,1704.32392
0.030127018,0.00431800152,0.00179184834,-0.000268730051,-0.0228506663,-0.756965759,1704.29097
0.0301294313,0.00498613648,0.00201641108,-0.000351871426,-0.0224870623,-0.818205268,1704.25636
0.0301320182,0.0057023135,0.00224273943,-0.000451524504,-0.0220990959,-0.882053813,1704.22031
0.0301347911,0.00646998704,0.00246934525,-0.000569686208,-0.0216854958,-0.948501317,1704.18312
0.0301377634,0.00729285993,0.0026944954,-0.00070847183,-0.0212449964,-1.01752199,1704.14512
0.0301409494,0.00817490128,0.00291619173,-0.000870093066,-0.0207763517,-1.08907047,1704.10671
0.0301443644,0.00912036556,0.00313215188,-0.00105683052,-0.0202783525,-1.16308605,1704.06831
0.0301480251,0.0101338132,0.00333979303,-0.00127099083,-0.0197498435,-1.2394928,1704.03035
0.030151949,0.0112201325,0.00353621763,-0.00151485041,-0.0191897424,-1.31818994,1703.99328
0.030156155,0.0123845633,0.00371820225,-0.00179058644,-0.0185970585,-1.39905982,1703.95751
0.0301606634,0.0136327222,0.00388219348,-0.00210018416,-0.0179709108,-1.481971,1703.92348
0.030165496,0.0149706296,0.00402431105,-0.00244532566,-0.0173105425,-1.56677564,1703.89161
0.0301706761,0.0164047389,0.00414036082,-0.00282725142,-0.016615332,-1.65331268,1703.86241
0.0301762287,0.0179419674,0.00422586094,-0.00324659468,-0.0158847957,-1.74140935,1703.83649
0.0301821805,0.0195897299,0.00427608528,-0.0037031852,-0.0151185806,-1.83088249,1703.81468
0.0301885603,0.0213559743,0.00428612866,-0.00419582112,-0.0143164431,-1.9215393,1703.79807
0.0301953988,0.0232492201,0.00425099936,-0.00472200875,-0.0134782104,-2.01317813,1703.78795
0.0302027291,0.0252785992,0.00416574562,-0.00527767198,-0.0126037204,-2.10558925,1703.7857
0.0302105865,0.0274539002,0.00402562335,-0.00585683615,-0.0116927354,-2.19855791,1703.79239
0.0302190088,0.0297856156,0.00382631501,-0.00645130146,-0.0107448331,-2.29188335,1703.80843
0.0302280367,0.0322849924,0.00356420168,-0.00705030909,-0.00975926919,-2.38538882,1703.833
0.0302377138,0.0349640862,0.00323670795,-0.00764021216,-0.0087348161,-2.47889107,1703.86366
0.0302480867,0.0378358195,0.00284264899,-0.00820432928,-0.00766959049,-2.57247272,1703.89615
0.0302592054,0.040914044,0.00238286405,-0.00872259151,-0.00656088219,-2.66625945,1703.92431
0.0302711237,0.0442136074,0.00186035968,-0.00917174889,-0.00540500769,-2.76083478,1703.94018
0.0302838989,0.0477504251,0.00128185894,-0.00952619029,-0.00419721786,-2.85796622,1703.93416
0.0302975927,0.0515415566,0.00065629416,-0.0097598414,-0.00293170269,-2.95885627,1703.89504
0.0303122712,0.0556052884,-3.15968206e-07,-0.00984139826,-0.00160172924,-3.06400841,1703.81007
0.0303280052,0.0599612217,-0.000669098414,-0.00973839943,-0.000199966974,-3.1794056,1703.66503
0.0303448704,0.0646303672,-0.00132403255,-0.00942877663,0.00128097732,-3.31179927,1703.44421
0.0303629484,0.0696352464,-0.0019329487,-0.00889589212,0.00284782944,-3.46754258,1703.13066
0.0303823263,0.075,-0.00246074738,-0.00813109001,0.00450575077,-3.65644661,1702.70707
0.0304017041,0.0803647536,-0.00284363768,-0.00721142344,0.00614085982,-3.87104291,1702.19505
0.0304197821,0.0853696328,-0.00306340763,-0.00625738633,0.00764375016,-4.09735242,1701.6389
0.0304366474,0.0900387783,-0.00314561557,-0.00532092301,0.00902401408,-4.33569129,1701.05255
0.0304523813,0.0943947116,-0.00311746067,-0.00443823179,0.010291082,-4.58425735,1700.44731
0.0304670598,0.0984584434,-0.00300369481,-0.00363276187,0.0114544116,-4.83925622,1699.83148
0.0304807536,0.102249575,-0.00282688366,-0.00291636068,0.0125233721,-5.09750457,1699.2108
0.0304935288,0.105786393,-0.00260640302,-0.00229323198,0.0135070208,-5.35575644,1698.58893
0.0305054471,0.109085956,-0.00235862563,-0.00176178148,0.0144138842,-5.61135059,1697.96801
0.0305165659,0.112164181,-0.00209693774,-0.00131677465,0.0152518022,-5.86205443,1697.34919
0.0305269388,0.115035914,-0.00183201705,-0.000950691957,0.0160278378,-6.10613306,1696.73316
0.0305366158,0.117715008,-0.00157211328,-0.000654877221,0.0167482469,-6.34226388,1696.1205
0.0305456438,0.120214384,-0.00132337649,-0.000420289045,0.0174184999,-6.5695118,1695.51203
0.0305540661,0.1225461,-0.00109017909,-0.000238060153,0.0180433356,-6.78725144,1694.90893
0.0305619234,0.124721401,-0.000875419074,-9.98421428e-05,0.0186268365,-6.99511099,1694.31277
0.0305692537,0.12675078,-0.000680797971,1.97952609e-06,0.019172513,-7.19292302,1693.72549
0.0305760922,0.128644026,-0.000507068506,7.41934403e-05,0.0196833884,-7.38066679,1693.14927
0.030582472,0.13041027,-0.000354250729,0.000122677133,0.0201620792,-7.55846168,1692.58635
0.0305884238,0.132058033,-0.000221811588,0.000152649198,0.0206108672,-7.7262638,1692.03892
0.0305939764,0.133595261,-0.000108826076,0.000168352015,0.0210317626,-7.88488206,1691.509
0.0305991565,0.13502937,-1.40900444e-05,0.000173106062,0.0214265556,-8.03434635,1690.99829
0.0306039891,0.136367278,6.37776121e-05,0.000169957606,0.0217968601,-8.17471275,1690.50817
0.0306084976,0.137615437,0.000126242745,0.000161350174,0.0221441471,-8.30662413,1690.03966
0.0306127036,0.138779867,0.000174804631,0.000149132624,0.022469772,-8.430377,1689.5934
0.0306166274,0.139866187,0.000210949061,0.000134760616,0.0227749948,-8.546482,1689.16968
0.0306202881,0.140879634,0.000236112379,0.000119330722,0.0230609953,-8.65523254,1688.76851
0.0306237032,0.141825099,0.000251658332,0.00010370216,0.0233288849,-8.75702171,1688.38962
0.0306268891,0.14270714,0.000258863763,8.84919202e-05,0.0235797146,-8.85223796,1688.03255
0.0306298614,0.143530013,0.000258908679,7.41265718e-05,0.023814481,-8.94125665,1687.69666
0.0306326343,0.144297686,0.000252870067,6.09037304e-05,0.0240341307,-9.02444336,1687.38118
0.0306352212,0.145013864,0.000241724338,4.90013686e-05,0.0242395634,-9.10214397,1687.08527
0.0306376345,0.145681998,0.000226350244,3.84998022e-05,0.0244316343,-9.17468851,1686.80801
0.030639886,0.146305314,0.000207531089,2.94227654e-05,0.0246111558,-9.24239678,1686.54848
0.0306419864,0.146886817,0.00018595962,2.17446024e-05,0.024778899,-9.30557626,1686.30572
0.030643946,0.147429312,0.000162243677,1.5406181e-05,0.0249355949,-9.36451464,1686.07878
0.030645774,0.147935415,0.000136913395,1.03203636e-05,0.025081936,-9.41949004,1685.86676
0.0306474795,0.148407569,0.00011042791,6.40334281e-06,0.0252185769,-9.47064878,1685.66873
0.0306490705,0.14884805,8.31820476e-05,3.5464483e-06,0.0253461363,-9.5181966,1685.48385
0.0306505549,0.149258983,5.5512882e-05,1.7936444e-06,0.0254651973,-9.56236121,1685.31129
0.0306519396,0.14964235,2.77057773e-05,3.31000977e-07,0.0255763098,-9.60606507,1685.15025
0.0306532315,0.15,0,0,0.0256799899,-9.62768168,1685
0.0323962834,0,0,0,-0.0271402456,-0.394661172,1704.85985
0.0324017707,0.000357650242,0.000184889094,-2.99467438e-06,-0.0269314434,-0.410045999,1704.8354
0.0324076526,0.000741017226,0.00037769328,-9.69308128e-06,-0.0267076099,-0.446517914,1704.80862
0.0324139575,0.00115195011,0.000578288341,-2.17027704e-05,-0.0264677129,-0.489265032,1704.77941
0.0324207156,0.00159243101,0.000786452802,-4.00145902e-05,-0.0262106748,-0.534656664,1704.74769
0.0324279597,0.00206458457,0.0010018587,-6.5657103e-05,-0.0259353646,-0.582532593,1704.7134
0.0324357247,0.0025706882,0.00122405607,-9.98167515e-05,-0.0256405999,-0.63291052,1704.67652
0.0324440481,0.00311318307,0.00145245576,-0.000143802876,-0.0253251501,-0.685799209,1704.63709
0.0324529699,0.00369468589,0.00168631105,-0.000199054646,-0.0249877399,-0.741229,1704.59519
0.0324625333,0.00431800152,0.00192469788,-0.000267149794,-0.0246270552,-0.799232785,1704.55099
0.0324727842,0.00498613648,0.00216649395,-0.00034980609,-0.0242417503,-0.859832806,1704.50471
0.0324837723,0.0057023135,0.00241035714,-0.000448878774,-0.0238304571,-0.923037826,1704.45667
0.0324955505,0.00646998704,0.00265470332,-0.000566353297,-0.0233917957,-0.988841788,1704.40729
0.0325081756,0.00729285993,0.00289768393,-0.000704332628,-0.022924388,-1.05722382,1704.35705
0.0325217085,0.00817490128,0.00313716394,-0.000865016363,-0.0224268725,-1.12814499,1704.30657
0.0325362145,0.00912036556,0.0033707004,-0.00105067138,-0.0218979212,-1.20154292,1704.2565
0.0325517635,0.0101338132,0.0035955233,-0.00126358923,-0.0213362584,-1.27734211,1704.20761
0.0325684306,0.0112201325,0.0038085196,-0.00150603208,-0.0207406796,-1.35544983,1704.16071
0.0325862961,0.0123845633,0.00400622044,-0.00178016256,-0.0201100716,-1.43574798,1704.11666
0.0326054463,0.0136327222,0.00418479461,-0.00208795141,-0.0194434307,-1.51810134,1704.07636
0.0326259734,0.0149706296,0.00434005031,-0.00243106635,-0.0187398777,-1.60235602,1704.04077
0.0326479765,0.0164047389,0.00446744721,-0.00281073446,-0.017998669,-1.68834042,1704.01091
0.0326715618,0.0179419674,0.0045621224,-0.00322757715,-0.0172191987,-1.77586581,1703.98792
0.0326968429,0.0195897299,0.00461893473,-0.00368141477,-0.0164009894,-1.86472661,1703.97307
0.0327239419,0.0213559743,0.00463253233,-0.00417103967,-0.0155436691,-1.95470054,1703.96781
0.0327529894,0.0232492201,0.00459744959,-0.00469395731,-0.0146469272,-2.04554863,1703.97365
0.0327841256,0.0252785992,0.0045082407,-0.00524609857,-0.0137104481,-2.1370166,1703.99201
0.0328175006,0.0274539002,0.00435965839,-0.00582150378,-0.0127338166,-2.22883611,1704.02385
0.0328532754,0.0297856156,0.00414688576,-0.0064120073,-0.0117163951,-2.3207518,1704.0693
0.0328916226,0.0322849924,0.00386583217,-0.00700688742,-0.0106571716,-2.4125059,1704.12706
0.0329327272,0.0349640862,0.0035134998,-0.00759259372,-0.00955457861,-2.50387528,1704.19413
0.0329767873,0.0378358195,0.00308839858,-0.00815248416,-0.00840629723,-2.59480228,1704.26548
0.0330240156,0.040914044,0.00259113204,-0.00866677018,-0.00720906027,-2.68548385,1704.33404
0.0330746399,0.0442136074,0.00202484677,-0.00911207639,-0.00595847739,-2.7760876,1704.39076
0.0331289042,0.0477504251,0.00139631237,-0.00946359114,-0.00464891577,-2.86898865,1704.42473
0.0331870704,0.0515415566,0.00071566902,-0.00969463391,-0.00327347977,-2.96397257,1704.42322
0.0332494191,0.0556052884,-7.99155222e-07,-0.00977411072,-0.00182413386,-3.06330633,1704.37178
0.0333162509,0.0599612217,-0.000732277444,-0.00967177103,-0.000292021963,-3.17180368,1704.2542
0.0333878882,0.0646303672,-0.00145078637,-0.00936324909,0.0013319854,-3.29543502,1704.05261
0.0334646766,0.0696352464,-0.00212193385,-0.00883277547,0.00305651837,-3.44274476,1703.74771
0.0335469865,0.075,-0.00270635856,-0.00807265835,0.00488869104,-3.62162208,1703.31986
0.0336292963,0.0803647536,-0.00313372493,-0.00715851243,0.00670345259,-3.82658726,1702.79005
0.0337060847,0.0853696328,-0.0033818276,-0.00621038654,0.00837869746,-4.04380696,1702.20545
0.0337777221,0.0900387783,-0.00347842372,-0.00527950244,0.0099236872,-4.27404329,1701.5829
0.0338445539,0.0943947116,-0.00345257466,-0.0044020292,0.0113476123,-4.51526724,1700.93632
0.0339069025,0.0984584434,-0.00333135692,-0.00360114237,0.0126598702,-4.76385504,1700.27627
0.0339650687,0.102249575,-0.00313938517,-0.00288875455,0.0138699257,-5.01648029,1699.61038
0.0340193331,0.105786393,-0.00289802047,-0.00226903899,0.0149870545,-5.26989554,1698.94385
0.0340699573,0.109085956,-0.0026253587,-0.0017404926,0.0160200904,-5.52135802,1698.28001
0.0341171856,0.112164181,-0.00233630765,-0.00129794471,0.0169772302,-5.76855496,1697.62091
0.0341612458,0.115035914,-0.00204281945,-0.000933952512,0.0178659138,-6.00965244,1696.96781
0.0342023504,0.117715008,-0.0017541764,-0.000639925974,0.018692774,-6.24326549,1696.32167
0.0342406976,0.120214384,-0.00147734828,-0.00040688679,0.0194636427,-6.46838963,1695.68342
0.0342764724,0.1225461,-0.00121733233,-0.000226018835,0.0201835974,-6.68433458,1695.05418
0.0343098474,0.124721401,-0.000977480496,-8.90133558e-05,0.0208570322,-6.89067038,1694.43536
0.0343409836,0.12675078,-0.000759802441,1.17118191e-05,0.0214877418,-7.08718215,1693.82864
0.0343700311,0.128644026,-0.000565237347,8.29267667e-05,0.0220790082,-7.27380321,1693.23588
0.0343971301,0.13041027,-0.000393893206,0.000130482468,0.0226336841,-7.45062953,1692.659
0.0344224112,0.132058033,-0.000245246552,0.00015960746,0.0231542682,-7.61755042,1692.09986
0.0344459964,0.133595261,-0.000118319589,0.000174533988,0.0236429714,-7.77541138,1691.56015
0.0344679996,0.13502937,-1.18103239e-05,0.000178546315,0.0241017719,-7.92421012,1691.04129
0.0344885267,0.136367278,7.57876004e-05,0.000174718693,0.0245324607,-8.06393924,1690.54439
0.0345076768,0.137615437,0.000146090252,0.000165485055,0.0249366778,-8.19528389,1690.07025
0.0345255423,0.138779867,0.000200757044,0.000152689034,0.0253159408,-8.31851712,1689.6193
0.0345422094,0.139866187,0.000241435764,0.000137798321,0.0256716659,-8.43413231,1689.19167
0.0345577585,0.140879634,0.000269729333,0.000121899277,0.0260051844,-8.54242465,1688.78723
0.0345722644,0.141825099,0.000287163883,0.00010585047,0.0263177543,-8.64378778,1688.40559
0.0345857973,0.14270714,0.000295171134,9.02668293e-05,0.0266105693,-8.73860511,1688.04619
0.0345984224,0.143530013,0.000295077465,7.55789916e-05,0.0268847642,-8.8272461,1687.70831
0.0346102006,0.144297686,0.000288099547,6.20734431e-05,0.0271414197,-8.91007163,1687.39113
0.0346211887,0.145013864,0.000275340882,4.99223114e-05,0.0273815654,-8.98742932,1687.09373
0.0346314397,0.145681998,0.000257792336,3.92103993e-05,0.0276061818,-9.05965262,1686.81518
0.0346410031,0.146305314,0.000236337868,2.99570616e-05,0.027816202,-9.12706011,1686.55451
0.0346499249,0.146886817,0.000211760235,2.21336006e-05,0.0280125132,-9.18995519,1686.31072
0.0346582482,0.147429312,0.000184747723,1.56780333e-05,0.0281959578,-9.24862533,1686.08287
0.0346660132,0.147935415,0.000155901261,1.05002407e-05,0.0283673349,-9.30334954,1685.87001
0.0346732574,0.148407569,0.000125741765,6.51359559e-06,0.0285274008,-9.3542731,1685.67123
0.0346800155,0.14884805,9.47175402e-05,3.60652897e-06,0.028676871,-9.40160044,1685.48565
0.0346863203,0.149258983,6.32114964e-05,1.8212715e-06,0.0288164209,-9.44555584,1685.31245
0.0346922022,0.14964235,3.15480043e-05,3.41574513e-07,0.0289466878,-9.48907996,1685.15081
0.0346976896,0.15,0,0,0.029068267,-9.51062097,1685
0.0348109763,0,0,0,-0.0291631739,-0.446952975,1705.2224
0.0348209299,0.000357650242,0.000197958343,-2.97480073e-06,-0.0289426644,-0.462092039,1705.19064
0.0348315992,0.000741017226,0.000404447635,-9.6312045e-06,-0.0287062301,-0.498042069,1705.15608
0.0348430356,0.00115195011,0.000619349925,-2.15618291e-05,-0.0284527629,-0.540236661,1705.11856
0.0348552944,0.00159243101,0.000842438898,-3.97551873e-05,-0.0281811112,-0.5850474,1705.078
0.0348684347,0.00206458457,0.00107337513,-6.52314304e-05,-0.0278900653,-0.63232105,1705.03431
0.0348825198,0.0025706882,0.00131168916,-9.91700076e-05,-0.0275783592,-0.682077144,1704.9875
0.0348976176,0.00311318307,0.00155676299,-0.000142871326,-0.0272446729,-0.734327168,1704.9376
0.0349138011,0.00369468589,0.00180781014,-0.000197765736,-0.0268876372,-0.78910357,1704.88471
0.0349311483,0.00431800152,0.0020638543,-0.000265421311,-0.0265058387,-0.846442045,1704.82904
0.0349497428,0.00498613648,0.0023237071,-0.000347544334,-0.0260978274,-0.906368192,1704.77088
0.0349696744,0.0057023135,0.00258594426,-0.000445978189,-0.0256621261,-0.968894299,1704.71065
0.0349910391,0.00646998704,0.00284888117,-0.000562695514,-0.0251972414,-1.03401815,1704.64886
0.03501394,0.00729285993,0.00311054829,-0.000699785299,-0.0247016777,-1.1017217,1704.58619
0.0350384876,0.00817490128,0.00336866696,-0.000859432763,-0.0241739525,-1.17197016,1704.52346
0.0350648003,0.00912036556,0.00362062606,-0.00104388875,-0.0236126139,-1.24470834,1704.46162
0.0350930051,0.0101338132,0.00386345989,-0.00125542891,-0.0230162603,-1.31986213,1704.40175
0.0351232378,0.0112201325,0.00409382918,-0.00149629964,-0.0223835599,-1.3973387,1704.34507
0.0351556445,0.0123845633,0.00430800696,-0.00176864616,-0.0217132718,-1.4770214,1704.29292
0.0351903813,0.0136327222,0.00450187034,-0.00207442279,-0.0210042645,-1.55877141,1704.24672
0.0352276159,0.0149706296,0.00467090043,-0.00241528104,-0.0202555319,-1.642428,1704.20801
0.0352675278,0.0164047389,0.00481019326,-0.00279243298,-0.019466204,-1.72780764,1704.1784
0.0353103096,0.0179419674,0.00491448575,-0.00320648692,-0.0186355484,-1.8147036,1704.1596
0.0353561676,0.0195897299,0.00497820096,-0.00365725308,-0.0177629601,-1.90288515,1704.1534
0.035405323,0.0213559743,0.00499551828,-0.00414351813,-0.0168479348,-1.99209684,1704.16165
0.0354580129,0.0232492201,0.00496047522,-0.00466278809,-0.0158900209,-2.08205765,1704.18613
0.0355144915,0.0252785992,0.00486710871,-0.00521100317,-0.0148887461,-2.17246227,1704.22833
0.0355750311,0.0274539002,0.00470964496,-0.00578222442,-0.0138435134,-2.26298308,1704.28911
0.0356399238,0.0297856156,0.00448274686,-0.00636832424,-0.0127534651,-2.35329846,1704.36826
0.0357094827,0.0322849924,0.00418183588,-0.00695863546,-0.0116173144,-2.44306956,1704.46399
0.0357840431,0.0349640862,0.00380348084,-0.00753970464,-0.0104331431,-2.53200466,1704.57259
0.0358639648,0.0378358195,0.00334586478,-0.0080949781,-0.00919818154,-2.61992869,1704.68816
0.0359496332,0.040914044,0.00280938319,-0.00860489415,-0.00790858276,-2.70700693,1704.80256
0.0360414616,0.0442136074,0.00219726744,-0.00904612246,-0.00655921727,-2.79317417,1704.9055
0.0361398929,0.0477504251,0.00151645406,-0.00939438118,-0.00514352267,-2.88100955,1704.98458
0.0362454018,0.0515415566,0.000778053774,-0.00962277451,-0.00365345418,-2.96963802,1705.02543
0.0363584973,0.0556052884,-1.02497328e-06,-0.00970058507,-0.00207958673,-3.06211743,1705.01169
0.036479725,0.0599612217,-0.000798145325,-0.00959883537,-0.000411422839,-3.16255032,1704.9251
0.0366096695,0.0646303672,-0.00158329543,-0.00929190807,0.00136205346,-3.27663937,1704.7455
0.0367489576,0.0696352464,-0.00231951381,-0.00876467772,0.00325156977,-3.4139644,1704.45114
0.0368982612,0.075,-0.00296331459,-0.00801000015,0.00526642681,-3.58146197,1704.01993
0.0370475648,0.0803647536,-0.00343730508,-0.00710230641,0.00726999755,-3.77516725,1703.47218
0.0371868529,0.0853696328,-0.00371531704,-0.00616084542,0.00912686694,-3.9818969,1702.85813
0.0373167974,0.0900387783,-0.0038271546,-0.00523621299,0.0108459088,-4.20265139,1702.19756
0.037362877,0,0,0,-0.0313010491,-0.504907473,1705.60553
0.037377639,0.000357650242,0.000211634432,-2.95300626e-06,-0.0310683507,-0.519792501,1705.56639
0.0373934624,0.000741017226,0.000432445174,-9.56333298e-06,-0.0308187955,-0.555197368,1705.52392
0.0374104236,0.00115195011,0.00066232102,-2.14072594e-05,-0.030551197,-0.596812607,1705.47798
0.0374286044,0.00159243101,0.000901030718,-3.94705751e-05,-0.030264326,-0.641013815,1705.42843
0.037438025,0.0943947116,-0.00380392814,-0.00436444642,0.0124360037,-4.43529643,1701.50712
0.0374480925,0.00206458457,0.00114822285,-6.47650237e-05,-0.0299568906,-0.687654761,1705.37522
0.0374689819,0.0025706882,0.00140340795,-9.84616071e-05,-0.0296275372,-0.736757438,1705.31832
0.0374913733,0.00311318307,0.00166593839,-0.000141851044,-0.0292748528,-0.788336215,1705.25778
0.0375153747,0.00369468589,0.00193498661,-0.000196354091,-0.0288973697,-0.842425442,1705.19373
0.037541102,0.00431800152,0.00220952226,-0.000263527053,-0.0284935707,-0.899063485,1705.12641
0.0375511206,0.0984584434,-0.00367504905,-0.00356850707,0.0139064156,-4.67630705,1700.79972
0.0375686792,0.00498613648,0.00248828777,-0.000345064368,-0.0280618968,-0.95827906,1705.05619
0.0375982394,0.0057023135,0.00276977274,-0.000442796649,-0.0276007568,-1.02008815,1704.98356
0.037629925,0.00646998704,0.00305218781,-0.000558681674,-0.0271085386,-1.08449267,1704.9092
0.0376566295,0.102249575,-0.00346729112,-0.00286034768,0.0152666395,-4.9222631,1700.08497
0.037663889,0.00729285993,0.0033334374,-0.000694793132,-0.0265836236,-1.15147828,1704.83396
0.0377002952,0.00817490128,0.00361109271,-0.000853299785,-0.0260244027,-1.22101382,1704.75887
0.0377393191,0.00912036556,0.00388236583,-0.00103643474,-0.0254292948,-1.29304857,1704.6852
0.0377550608,0.105786393,-0.00320406694,-0.00224416868,0.016526118,-5.16988325,1699.3697
0.037781149,0.0101338132,0.0041440856,-0.00124645633,-0.0247967663,-1.36751333,1704.61438
0.0378259867,0.0112201325,0.00439267634,-0.00148559288,-0.0241253528,-1.44431609,1704.54807
0.0378468892,0.109085956,-0.00290530238,-0.00171855882,0.0176939499,-5.4163562,1698.65855
0.0378740485,0.0123845633,0.00462414081,-0.0017559703,-0.02341368,-1.52333706,1704.48811
0.0379255661,0.0136327222,0.00483405003,-0.00205952442,-0.0226604832,-1.60443416,1704.43652
0.0379325576,0.112164181,-0.00258749156,-0.00127844619,0.0187786565,-5.65928588,1697.95458
0.0379807881,0.0149706296,0.00501754165,-0.00239788875,-0.0218646243,-1.68743962,1704.39544
0.0380124793,0.115035914,-0.00226391484,-0.000916494864,0.0197880334,-5.89674312,1697.25977
0.0380399808,0.0164047389,0.00516932988,-0.00277225911,-0.0210251018,-1.77215639,1704.36716
0.0380870397,0.117715008,-0.00194495494,-0.000624192966,0.0207290772,-6.12726486,1696.57552
0.0381034297,0.0179419674,0.00528373131,-0.00318322978,-0.0201410525,-1.85835742,1704.35401
0.0381565985,0.120214384,-0.00163845546,-0.000392639427,0.0216079746,-6.34976351,1695.90297
0.038171441,0.0195897299,0.00535471133,-0.00363060073,-0.0192117393,-1.94578369,1704.35838
0.0382214913,0.1225461,-0.00135008109,-0.000213077091,0.0224301396,-6.56347567,1695.24328
0.0382443425,0.0213559743,0.00537595729,-0.0041131538,-0.0182365219,-2.03414228,1704.38258
0.0382820309,0.124721401,-0.00108367123,-7.72427496e-05,0.0232002796,-6.76790573,1694.59774
0.038322486,0.0232492201,0.00534098546,-0.00462839778,-0.0172148039,-2.12310463,1704.4287
0.0383385095,0.12675078,-0.00084156926,2.24116552e-05,0.0239224777,-6.96278332,1693.96779
0.0383911994,0.128644026,-0.000624919372,9.26341638e-05,0.0246002809,-7.14799316,1693.355
0.0384062484,0.0252785992,0.00524329054,-0.00517228612,-0.0161459525,-2.21230764,1704.49833
0.0384403548,0.13041027,-0.000433928491,0.00013925271,0.0252367853,-7.32359552,1692.76097
0.0384862128,0.132058033,-0.000268087208,0.000167501796,0.025834715,-7.48941451,1692.18721
0.0384960337,0.0274539002,0.00507654732,-0.00573890731,-0.0150291843,-2.30135588,1704.5922
0.0385289946,0.133595261,-0.000126364689,0.000181608979,0.0263964903,-7.64631659,1691.63507
0.0385689065,0.13502937,-7.36967089e-06,0.000184830611,0.0269242866,-7.79426912,1691.10567
0.038592275,0.0297856156,0.00483487563,-0.00632017986,-0.0138634158,-2.38984899,1704.70973
0.0386061411,0.136367278,9.05357491e-05,0.000180261218,0.0274200819,-7.93319403,1690.59984
0.0386408779,0.137615437,0.000169127226,0.000170345099,0.0278856948,-8.06381312,1690.11811
0.0386732846,0.138779867,0.000230230265,0.00015691323,0.0283228148,-8.18638464,1689.6607
0.0386954365,0.0322849924,0.0045131867,-0.00690550574,-0.0126470773,-2.47736315,1704.84855
0.0387035173,0.139866187,0.000275669349,0.000141438631,0.0287330243,-8.30137916,1689.22755
0.0387317221,0.140879634,0.000307225169,0.000125007812,0.0291178159,-8.40909355,1688.81837
0.0387580348,0.141825099,0.000326597999,0.000108475004,0.0294786044,-8.50991444,1688.43263
0.0387825824,0.14270714,0.000335384767,9.2455919e-05,0.0298167358,-8.60422216,1688.06967
0.0388054833,0.143530013,0.000335067152,7.73802466e-05,0.030133493,-8.69238237,1687.72867
0.0388060158,0.0349640862,0.00410760139,-0.007481538,-0.0113778889,-2.56351977,1705.00412
0.038826848,0.144297686,0.000327004515,6.35323142e-05,0.0304301005,-8.77475136,1687.40873
0.0388467796,0.145013864,0.000312431683,5.10823973e-05,0.0307077269,-8.85167379,1687.10889
0.0388653741,0.145681998,0.000292460632,4.01132791e-05,0.0309674873,-8.92348122,1686.82814
0.0388827213,0.146305314,0.000268084707,3.0641829e-05,0.0312104444,-8.9904912,1686.56549
0.0388989047,0.146886817,0.000240184482,2.26366093e-05,0.0314376104,-9.05300721,1686.31991
0.0389140026,0.147429312,0.000209534919,1.60326278e-05,0.0316499473,-9.11131605,1686.09042
0.0389245463,0.0378358195,0.00361596209,-0.00803185183,-0.0100526128,-2.64803258,1705.16951
0.0389280877,0.147935415,0.000176813191,1.07367541e-05,0.0318483687,-9.16569533,1685.87605
0.038941228,0.148407569,0.000142606827,6.65951693e-06,0.0320337406,-9.21629005,1685.67588
0.0389534868,0.14884805,0.000107421855,3.68626054e-06,0.0322068826,-9.26330433,1685.48901
0.0389649232,0.149258983,7.16907906e-05,1.85742414e-06,0.0323685696,-9.30695726,1685.31461
0.0389755925,0.14964235,3.57802862e-05,3.55040533e-07,0.0325195328,-9.35021776,1685.15186
0.0389855461,0.15,0,0,0.0326604531,-9.37164784,1685
0.0390515997,0.040914044,0.0030384649,-0.00853709201,-0.00866679773,-2.73097808,1705.33535
0.0391877888,0.0442136074,0.00237838934,-0.00897409273,-0.00721453876,-2.81215056,1705.4899
0.0393337706,0.0477504251,0.00164291344,-0.00931896171,-0.00568829183,-2.89410957,1705.61912
0.0394902491,0.0515415566,0.000843961665,-0.00954484653,-0.00407879004,-2.97569303,1705.70679
0.0396579792,0.0556052884,-6.71674545e-07,-0.00962148025,-0.00237511745,-3.06024338,1705.73456
0.0398377699,0.0599612217,-0.000866614033,-0.00952062779,-0.000564998145,-3.15143188,1705.68199
0.0400304883,0.0646303672,-0.00172174411,-0.0092161157,0.00136465153,-3.25490901,1705.5266
0.0400597819,0,0,0,-0.0335604028,-0.568922147,1706.01042
0.0400792162,0.000357650242,0.000225925865,-2.92942332e-06,-0.0333146132,-0.583534916,1705.96372
0.040100048,0.000741017226,0.00046169846,-9.48974593e-06,-0.0330509738,-0.618358607,1705.91318
0.0401223777,0.00115195011,0.000707212568,-2.12397335e-05,-0.0327682149,-0.659354707,1705.85862
0.040146313,0.00159243101,0.000962230918,-3.91620488e-05,-0.0324650267,-0.702904498,1705.7999
0.0401719693,0.00206458457,0.00122638862,-6.42589636e-05,-0.0321400309,-0.748868497,1705.73695
0.0401994705,0.0025706882,0.0014991739,-9.76924906e-05,-0.0317917822,-0.797270936,1705.66974
0.0402289491,0.00311318307,0.0017799066,-0.000140743694,-0.0314187705,-0.848129248,1705.59834
0.0402370642,0.0696352464,-0.00252624968,-0.00869325372,0.00342689219,-3.3806609,1705.24419
0.0402605474,0.00369468589,0.00206771516,-0.000194821955,-0.0310194257,-0.901480266,1705.52289
0.0402944178,0.00431800152,0.00236151168,-0.00026147092,-0.0305921227,-0.957365154,1705.44369
0.0403307236,0.00498613648,0.00265996526,-0.000342372352,-0.0301351896,-1.01581554,1705.36118
0.0403696399,0.0057023135,0.00296147446,-0.000439341681,-0.0296469172,-1.07685093,1705.27595
0.0404113545,0.00646998704,0.00326413858,-0.000554321526,-0.0291255713,-1.14047713,1705.18882
0.0404560686,0.00729285993,0.00356572837,-0.000689369489,-0.0285694073,-1.20668422,1705.10083
0.0404584938,0.075,-0.0032325756,-0.00794515029,0.00563350411,-3.53520251,1704.81019
0.0405039979,0.00817490128,0.00386365709,-0.00084663593,-0.0279766868,-1.27544599,1705.01327
0.0405553734,0.00912036556,0.00415495147,-0.00102833567,-0.0273456969,-1.34671511,1704.92771
0.0406104432,0.0101338132,0.00443622453,-0.00123670796,-0.0266747713,-1.42042228,1704.84597
0.0406694727,0.0112201325,0.00470365269,-0.00147396065,-0.025962312,-1.49647783,1704.7702
0.0406799234,0.0803647536,-0.0037557892,-0.00704511585,0.00783588348,-3.71587147,1704.24416
0.0407327467,0.0123845633,0.00495295685,-0.00174219959,-0.0252068119,-1.57476332,1704.70277
0.0408005704,0.0136327222,0.00517938916,-0.00204334173,-0.0244068752,-1.65513067,1704.64631
0.0408732709,0.0149706296,0.00537772989,-0.00237900215,-0.0235612345,-1.73740266,1704.60366
0.0408864993,0.0853696328,-0.00406567155,-0.00611128379,0.00988464381,-3.91048779,1703.59959
0.040951199,0.0164047389,0.00554229701,-0.00275036026,-0.0226687621,-1.82136696,1704.57779
0.0410347305,0.0179419674,0.00566697227,-0.00315799708,-0.0217284702,-1.90677385,1704.57175
0.0410792177,0.0900387783,-0.00419395152,-0.00519368239,0.0117881949,-4.1201984,1702.89936
0.0411242682,0.0195897299,0.00574524923,-0.00360170405,-0.0207394983,-1.99333278,1704.58856
0.0412202442,0.0213559743,0.00577030988,-0.00408026123,-0.0197010805,-2.08070918,1704.63102
0.0412590084,0.0943947116,-0.00417392776,-0.00432814738,0.0135550131,-4.34283288,1702.16287
0.0413231213,0.0232492201,0.00573513757,-0.0045911849,-0.0186124883,-2.16852189,1704.70156
0.0414267385,0.0984584434,-0.00403737839,-0.00353747157,0.0151941306,-4.57492099,1701.40542
0.0414333957,0.0252785992,0.00563267557,-0.00513044855,-0.017472943,-2.25634391,1704.80187
0.0415515994,0.0274539002,0.00545604202,-0.0056921777,-0.0162814914,-2.34370494,1704.93251
0.041583217,0.102249575,-0.00381332311,-0.00283365016,0.0167149862,-4.81298651,1700.63865
0.0416783025,0.0297856156,0.00519881319,-0.00626834986,-0.015036843,-2.43011876,1705.09243
0.0417291988,0.105786393,-0.00352730356,-0.00222097359,0.018127112,-5.0537142,1699.87107
0.0418141161,0.0322849924,0.00485539313,-0.00684845304,-0.0137371649,-2.51506762,1705.27854
0.0418653879,0.109085956,-0.00320117113,-0.00169815955,0.0194398075,-5.29419927,1699.10871
0.0419596954,0.0349640862,0.00442146687,-0.00741926153,-0.0123798353,-2.59807245,1705.48534
0.0419924413,0.112164181,-0.00285309184,-0.0012602684,0.0206618718,-5.53194886,1698.35571
0.0421109718,0.115035914,-0.00249775662,-0.00090010284,0.0218014214,-5.76495646,1697.61486
0.0421157425,0.0378358195,0.00389455385,-0.00796451324,-0.010961169,-2.67874008,1705.70466
0.0422215511,0.117715008,-0.00214672029,-0.000609260532,0.0228657919,-5.99166522,1696.8881
0.0422830102,0.040914044,0.00327468098,-0.00846506417,-0.00947612792,-2.75703104,1705.92571
0.0423247126,0.120214384,-0.00180876018,-0.000378935735,0.0238615099,-6.21089354,1696.17687
0.0424209539,0.1225461,-0.00149026036,-0.000200443001,0.0247943174,-6.42179668,1695.48245
0.0424623052,0.0442136074,0.00256518614,-0.00889799482,-0.00791804624,-2.83264221,1706.1351
0.0425107392,0.124721401,-0.00119559039,-6.55732905e-05,0.025669232,-6.62380576,1694.80605
0.0425945016,0.12675078,-0.000927460639,3.31829126e-05,0.0264906267,-6.81658643,1694.14896
0.0426544923,0.0477504251,0.00177355634,-0.00923974525,-0.00627840558,-2.90800369,1706.31701
0.0426726451,0.128644026,-0.000687242934,0.000102550154,0.0272623174,-6.99996785,1693.51247
0.0427455466,0.13041027,-0.000475257175,0.000148332003,0.0279876499,-7.17396584,1692.89785
0.0428135579,0.132058033,-0.000291021249,0.000175775387,0.0286695811,-7.33833196,1692.30629
0.0428604986,0.0515415566,0.000912464384,-0.00946365385,-0.00454671345,-2.98183644,1706.45329
0.0428770068,0.133595261,-0.000133461424,0.000189121941,0.02931075,-7.49395908,1691.73879
0.0429099304,0,0,0,-0.0359481375,-0.639457335,1706.4383
0.0429341769,0.000357650242,0.000240849143,-2.90406023e-06,-0.0356885636,-0.653786346,1706.38392
0.0429361995,0.13502937,-1.10226521e-06,0.000191584691,0.0299135387,-7.64079539,1691.19616
0.0429601668,0.000741017226,0.000492243852,-9.41051676e-06,-0.0354100961,-0.687998258,1706.32518
0.0429880255,0.00115195011,0.000754084446,-2.10593378e-05,-0.0351113795,-0.728341021,1706.26187
0.0429914215,0.136367278,0.000107830486,0.000186268307,0.0304801221,-7.77866167,1690.67892
0.0430178874,0.00159243101,0.00102612715,-3.88296092e-05,-0.0347910195,-0.771202936,1706.19384
0.0430429391,0.137615437,0.000195285041,0.000175662551,0.0310125085,-7.9083168,1690.18733
0.0430498965,0.00206458457,0.0013079928,-6.3713401e-05,-0.0344475477,-0.816451584,1706.12099
0.0430813177,0.0556052884,7.5219185e-07,-0.00953992861,-0.00271054315,-3.05753498,1706.52354
0.0430842072,0.0025706882,0.00159914617,-9.68630405e-05,-0.0340794231,-0.864113318,1706.04332
0.0430910009,0.138779867,0.000263266379,0.000161575996,0.03151257,-8.03001435,1689.72136
0.043120985,0.00311318307,0.00189887295,-0.000139548578,-0.0336850346,-0.914208377,1705.96088
0.0431358386,0.139866187,0.000313786152,0.000145476286,0.0319820666,-8.14418597,1689.28077
0.0431604073,0.00369468589,0.00220625494,-0.000193167304,-0.0332627053,-0.966775918,1705.87388
0.0431776685,0.140879634,0.000348809457,0.000128468828,0.0324226636,-8.25113467,1688.86507
0.0432026643,0.00431800152,0.00252014333,-0.000259250191,-0.0328106979,-1.02186002,1705.78263
0.0432166924,0.141825099,0.000370218894,0.000111406864,0.0328359439,-8.35124014,1688.4736
0.0432479597,0.00498613648,0.00283913044,-0.000339464129,-0.0323272231,-1.07949567,1705.68766
0.0432530986,0.14270714,0.000379787126,9.49076591e-05,0.0332234171,-8.44487631,1688.10556
0.0432870626,0.143530013,0.000379162422,7.94014347e-05,0.0335865258,-8.53240406,1687.76004
0.0432965121,0.0057023135,0.00316151969,-0.000435608266,-0.0318104497,-1.13970603,1705.58967
0.0433180148,0.0599612217,-0.000935517937,-0.00944080804,-0.00075579738,-3.13850348,1706.5052
0.0433187482,0.144297686,0.000369859626,6.51721738e-05,0.0339266491,-8.61417697,1687.43604
0.0433483084,0.145013864,0.000353257014,5.23888095e-05,0.034245106,-8.69053774,1687.13253
0.0433485556,0.00646998704,0.00348529409,-0.000549609007,-0.0312585168,-1.20250058,1705.48965
0.0433758856,0.145681998,0.000330597391,4.113201e-05,0.0345431568,-8.76181615,1686.84847
0.0434016128,0.146305314,0.000302992201,3.14159756e-05,0.0348220046,-8.82832794,1686.58278
0.0434043413,0.00729285993,0.00380808473,-0.000683505119,-0.0306695493,-1.26787366,1705.38883
0.0434256143,0.146886817,0.00027142773,2.32064078e-05,0.0350827965,-8.8903737,1686.33442
0.0434480057,0.147429312,0.000236772892,1.64353792e-05,0.0353266242,-8.94823849,1686.10236
0.0434641383,0.00817490128,0.00412713888,-0.00083942813,-0.0300416756,-1.33580312,1705.28876
0.0434688951,0.147935415,0.000199787691,1.10065165e-05,0.0355545256,-9.00219942,1685.88563
0.0434883832,0.148407569,0.000161132035,6.8270174e-06,0.0357674852,-9.05240056,1685.68326
0.043506564,0.14884805,0.000121374739,3.77868965e-06,0.035966436,-9.09904445,1685.49435
0.0435235252,0.149258983,8.10023232e-05,1.90016646e-06,0.0361522605,-9.14234176,1685.31804
0.0435282349,0.00912036556,0.00443928897,-0.00101957446,-0.0293730474,-1.40624728,1705.19135
0.0435393486,0.14964235,4.04275003e-05,3.71589034e-07,0.0363257923,-9.18529328,1685.15352
0.0435541106,0.15,0,0,0.0364878046,-9.20659214,1685
0.0435717315,0.0646303672,-0.00186206666,-0.00913996457,0.00133274951,-3.23040572,1706.37359
0.0435969404,0.0101338132,0.00474092334,-0.00122616124,-0.0286618619,-1.47913502,1705.09886
0.0436705862,0.0112201325,0.00502795951,-0.00146137429,-0.027906385,-1.55437501,1705.0139
0.0437495274,0.0123845633,0.00529582301,-0.00172729918,-0.0271049743,-1.63185329,1704.93945
0.0438341449,0.0136327222,0.00553943289,-0.00202583254,-0.0262561014,-1.7114158,1704.87881
0.0438436917,0.0696352464,-0.00273611381,-0.00862295339,0.00357060714,-3.34332314,1706.10218
0.0439248467,0.0149706296,0.00575319691,-0.00235857098,-0.0253583694,-1.7928728,1704.83555
0.0440220705,0.0164047389,0.00593102047,-0.0027266775,-0.0244105245,-1.87599462,1704.8134
0.0441262851,0.0179419674,0.00606633306,-0.00313072098,-0.0234114568,-1.960506,1704.81618
0.044135207,0.075,-0.00350611972,-0.00788292321,0.00597220221,-3.48363627,1705.66409
0.0442379932,0.0195897299,0.00615213824,-0.00357048658,-0.0223601851,-2.04608109,1704.84757
0.0443577337,0.0213559743,0.00618109424,-0.00404475631,-0.0212558228,-2.13233886,1704.91096
0.0444267224,0.0803647536,-0.00407946907,-0.00699195143,0.00837690941,-3.64986107,1705.0784
0.0444860841,0.0232492201,0.0061456334,-0.0045510598,-0.0200975154,-2.21883965,1705.0091
0.0446236635,0.0252785992,0.00603813066,-0.00508539869,-0.0188843456,-2.30508527,1705.14376
0.0446986825,0.0853696328,-0.00442195279,-0.0060668149,0.0106212316,-3.83108024,1704.40201
0.0447711354,0.0274539002,0.00585113297,-0.0056419475,-0.0176151993,-2.39052319,1705.31527
0.0449292114,0.0297856156,0.00557766057,-0.0062127579,-0.0162885876,-2.47457244,1705.52204
0.0449523992,0.0900387783,-0.00456714489,-0.00515702472,0.0127131403,-4.02858201,1703.66093
0.0450986537,0.0322849924,0.0052116015,-0.00678742424,-0.0149024236,-2.55660766,1705.76011
0.0451890963,0.0943947116,-0.00455060309,-0.00429815686,0.0146606925,-4.24012418,1702.87724
0.0452802797,0.0349640862,0.00474820402,-0.00735286327,-0.013453752,-2.63604012,1706.02277
0.0454099154,0.0984584434,-0.00440646184,-0.0035128991,0.0164726514,-4.46227217,1702.06858
0.0454749655,0.0378358195,0.00418466728,-0.00789300933,-0.011938444,-2.71236841,1706.30046
0.0456159217,0.102249575,-0.00416600214,-0.00281331888,0.0181583503,-4.69153403,1701.24851
0.0456836502,0.040914044,0.00352085786,-0.0083889551,-0.0103508749,-2.78541767,1706.5807
0.0458081089,0.105786393,-0.00385691675,-0.00220385924,0.0197273598,-4.92454439,1700.42718
0.0459073402,0.0442136074,0.00276017617,-0.00881809467,-0.00868360834,-2.8548012,1706.84831
0.0459220302,0,0,0,-0.0384715482,-0.716944149,1706.89045
0.0459507911,0.000357650242,0.00025641195,-2.87659463e-06,-0.0381971149,-0.730966009,1706.82824
0.0459816201,0.000741017226,0.000524092644,-9.32477489e-06,-0.0379026725,-0.764517951,1706.76112
0.0459874038,0.109085956,-0.00350299111,-0.00168342756,0.0211891343,-5.15829981,1699.61197
0.0460146658,0.00115195011,0.000802946548,-2.08643151e-05,-0.0375867762,-0.804155195,1706.68887
0.0460500877,0.00159243101,0.00109272191,-3.84704629e-05,-0.0372479427,-0.846274206,1706.61132
0.0460880565,0.00206458457,0.00139302333,-6.31244348e-05,-0.0368846096,-0.890749784,1706.52839
0.0461287555,0.0025706882,0.0017032897,-9.59682249e-05,-0.0364951359,-0.937610353,1706.44004
0.0461471146,0.0477504251,0.00191044738,-0.00915719768,-0.00692712869,-2.92275828,1707.0855
0.0461546715,0.112164181,-0.00312408845,-0.00124726427,0.0225527115,-5.39021722,1698.80806
0.046172381,0.00311318307,0.00202276962,-0.000138260154,-0.0360778055,-0.986879132,1706.34636
0.0462191433,0.00369468589,0.00235049475,-0.000191384764,-0.0356308304,-1.03859749,1706.24757
0.0462692681,0.00431800152,0.0026852512,-0.000256858969,-0.0351523574,-1.0928121,1706.14407
0.0463107186,0.115035914,-0.00273635479,-0.000888340078,0.023826496,-5.61820463,1698.01907
0.046322997,0.00498613648,0.00302554902,-0.000336334211,-0.0346404762,-1.14956113,1706.03644
0.0463805894,0.0057023135,0.00336959001,-0.000431593704,-0.0340932298,-1.20887145,1705.92553
0.0464041299,0.0515415566,0.000985062688,-0.00937987454,-0.0050696753,-2.98795902,1707.27212
0.0464423229,0.00646998704,0.00371523445,-0.000544545515,-0.0335086279,-1.27075659,1705.81246
0.0464562979,0.117715008,-0.00235254265,-0.000598402332,0.0250181384,-5.84059936,1697.2475
0.0465084953,0.00729285993,0.00405996657,-0.000677208809,-0.0328846629,-1.33521479,1705.69871
0.0465794258,0.00817490128,0.00440085955,-0.00083169568,-0.032219328,-1.402226,1705.58609
0.0465921115,0.120214384,-0.00198238753,-0.000368761826,0.0261344873,-6.056123,1696.49515
0.0466554566,0.00912036556,0.00473454221,-0.00101018087,-0.0315106389,-1.47175187,1705.47688
0.0466796259,0.0556052884,3.99315096e-06,-0.00945685024,-0.00309723984,-3.05376913,1707.38576
0.0467188146,0.1225461,-0.00163301608,-0.00019082294,0.0271816012,-6.2638421,1695.76344
0.0467369543,0.0101338132,0.00505716708,-0.00121485991,-0.0307566569,-1.54372831,1705.37377
0.0468243122,0.0112201325,0.00536438124,-0.00144789883,-0.0299555129,-1.61806241,1705.27991
0.0468370183,0.124721401,-0.00130934735,-5.64415654e-05,0.028164801,-6.46310769,1695.05359
0.0469179514,0.0123845633,0.00565130306,-0.00171136216,-0.029105433,-1.69463353,1705.19891
0.0469472927,0.12675078,-0.00101447449,4.18442717e-05,0.0290887459,-6.65351337,1694.36674
0.0469749313,0.0599612217,-0.00100502293,-0.00936073271,-0.000993794475,-3.12337042,1707.40179
0.0470183238,0.0136327222,0.005912506,-0.00200712556,-0.0282047607,-1.77328209,1705.13478
0.0470501698,0.128644026,-0.000750016268,0.000110732525,0.0299575201,-6.83483072,1693.70397
0.0471259134,0.0149706296,0.00614201256,-0.00233676819,-0.0272519769,-1.85380601,1705.09185
0.0471461458,0.13041027,-0.000516423656,0.000156023935,0.0307747207,-7.00701097,1693.06626
0.0472356835,0.132058033,-0.000313249215,0.00018294823,0.0315435401,-7.1697663,1692.45448
0.0472412392,0.0164047389,0.00633330281,-0.00270143875,-0.0262457109,-1.93595641,1705.07469
0.0472914705,0.0646303672,-0.00200549347,-0.00906522055,0.00125818834,-3.20244643,1707.29345
0.047319215,0.133595261,-0.000139385468,0.000195815559,0.0322668396,-7.32391743,1691.86932
0.0473648575,0.0179419674,0.00647934176,-0.00310169719,-0.0251847421,-2.01942953,1705.08789
0.0473971431,0.13502937,6.7560507e-06,0.000197742837,0.0329472125,-7.46965018,1691.31126
0.0474698436,0.136367278,0.000127088966,0.000191781382,0.033587036,-7.60636882,1690.78052
0.0474973645,0.0195897299,0.00657263195,-0.00353732705,-0.0240679837,-2.10386045,1705.13589
0.0475376673,0.137615437,0.00022370275,0.000180613061,0.0341885127,-7.73484023,1690.27709
0.0476009413,0.138779867,0.000298784051,0.000166004087,0.034753703,-7.85562897,1689.80073
0.0476307705,0.0696352464,-0.00295159338,-0.0085559831,0.00367689192,-3.30103831,1707.03207
0.0476393995,0.0213559743,0.00660529866,-0.00400711875,-0.0228944456,-2.18881697,1705.2226
0.0476599708,0.139866187,0.00035453882,0.000149362879,0.0352845499,-7.96891873,1689.35095
0.0477150406,0.140879634,0.000393121775,0.000131843043,0.0357828966,-8.07504285,1688.92709
0.0477664162,0.141825099,0.000416603152,0.000114298558,0.0362504995,-8.1743756,1688.52835
0.0477916474,0.0232492201,0.00656921674,-0.00450862402,-0.021663168,-2.27379544,1705.35114
0.0478143454,0.14270714,0.000426936894,9.73524128e-05,0.0366890374,-8.26728813,1688.15379
0.0478590595,0.143530013,0.000425942949,8.14374026e-05,0.0371001174,-8.35413532,1687.80238
0.0479007741,0.144297686,0.000415296641,6.68394109e-05,0.0374852786,-8.4352664,1687.47306
0.0479396905,0.145013864,0.000396524557,5.37281578e-05,0.0378459953,-8.51102041,1687.1647
0.0479548426,0.0252785992,0.00645619015,-0.00503788365,-0.0203731194,-2.35821997,1705.52328
0.0479759962,0.145681998,0.000371005135,4.21840551e-05,0.0381836778,-8.58172496,1686.87619
0.0479944677,0.075,-0.00378778422,-0.0078260624,0.00627969295,-3.42551724,1706.58857
0.0480098666,0.146305314,0.000339972645,3.22204833e-05,0.0384996743,-8.64769328,1686.60641
0.0480414649,0.146886817,0.000304523698,2.380149e-05,0.0387952714,-8.70922168,1686.35429
0.0480709435,0.147429312,0.000265625363,1.68573966e-05,0.0390716949,-8.76659502,1686.11875
0.0480984447,0.147935415,0.00022412427,1.12896387e-05,0.0393301111,-8.82009073,1685.89878
0.048124101,0.148407569,0.000180756267,7.00256204e-06,0.0395716273,-8.86985113,1685.69341
0.0481297723,0.0274539002,0.0062581969,-0.00558913736,-0.0190230517,-2.4414523,1705.73906
0.0481480363,0.14884805,0.000136156173,3.8749058e-06,0.0397972935,-8.91607782,1685.5017
0.048170366,0.149258983,9.08673927e-05,1.94398804e-06,0.0400081037,-8.95897239,1685.32278
0.0481911978,0.14964235,4.53512709e-05,3.88505115e-07,0.0402049971,-9.00157669,1685.1558
0.0482106321,0.15,0,0,0.0403888428,-9.02273206,1685
0.0483172803,0.0297856156,0.00596770811,-0.00615452804,-0.0176113084,-2.52280846,1705.99615
0.0483581649,0.0803647536,-0.0044134496,-0.00694601079,0.00889378843,-3.57555392,1705.98171
0.0485182711,0.0322849924,0.0055781114,-0.00672378273,-0.0161355819,-2.60153896,1706.28954
0.0486974648,0.0853696328,-0.00479032812,-0.00603105991,0.0113411701,-3.74169751,1705.272
0.048733714,0.0349640862,0.00508424123,-0.00728398513,-0.0145926191,-2.67694614,1706.61114
0.0489646483,0.0378358195,0.00448300199,-0.00781929635,-0.0129778856,-2.74842414,1706.94969
0.049014004,0.0900387783,-0.00495379605,-0.00513018111,0.0136293301,-3.92546568,1704.48856
0.0491052836,0,0,0,-0.0411383442,-0.801777029,1707.36825
0.0491382571,0.000357650242,0.000272623688,-2.84733521e-06,-0.0408479593,-0.815468965,1707.29805
0.0491736015,0.000741017226,0.000557264595,-9.23350112e-06,-0.0405363766,-0.848311128,1707.22239
0.0492114873,0.00115195011,0.000853829696,-2.06565977e-05,-0.0402020585,-0.887189239,1707.14103
0.0492121878,0.040914044,0.00377413254,-0.00831107782,-0.0112852067,-2.8156492,1707.29089
0.0492520973,0.00159243101,0.00116205779,-3.80878874e-05,-0.0398434289,-0.928508208,1707.0538
0.0492956273,0.00206458457,0.00148153535,-6.24970329e-05,-0.0394588269,-0.972150374,1706.96058
0.0493093095,0.0943947116,-0.00494162304,-0.00427859328,0.0157658266,-4.12447552,1703.65619
0.0493422873,0.0025706882,0.00181167299,-9.50150583e-05,-0.0390465076,-1.01814615,1706.86137
0.0493923025,0.00311318307,0.00215167918,-0.00013688784,-0.0386046451,-1.06652172,1706.75626
0.0494459139,0.00369468589,0.00250053185,-0.000189486419,-0.0381313369,-1.11732059,1706.64551
0.0494775266,0.0442136074,0.00296113014,-0.0087370955,-0.00950641037,-2.87816446,1707.61754
0.0495033803,0.00431800152,0.00285694775,-0.000254312863,-0.0376246096,-1.17059208,1706.52957
0.0495649787,0.00498613648,0.0032193498,-0.000333002475,-0.0370824281,-1.22637741,1706.40912
0.0495848054,0.0984584434,-0.00479030857,-0.00349898996,0.0177590549,-4.33531033,1702.79476
0.0496310064,0.0057023135,0.00358583254,-0.000427321037,-0.0365027066,-1.28470678,1706.28514
0.0497017818,0.00646998704,0.00395412624,-0.000539157828,-0.0358833225,-1.34559747,1706.15892
0.0497619445,0.0477504251,0.00205218817,-0.00907445072,-0.00763101268,-2.9379793,1707.90987
0.0497776463,0.00729285993,0.00432155999,-0.000670512957,-0.0352221331,-1.40905154,1706.03216
0.0498418207,0.102249575,-0.00453343198,-0.00280354326,0.0196181393,-4.55451216,1701.91976
0.0498589658,0.00817490128,0.00468502475,-0.000823477291,-0.0345169954,-1.47505227,1705.907
0.0499461325,0.00912036556,0.00504093663,-0.00100020297,-0.0337657883,-1.54356304,1705.78608
0.050039567,0.0101338132,0.00538520172,-0.00120286475,-0.0329664376,-1.61452333,1705.67256
0.0500668135,0.0515415566,0.00106142452,-0.00929707213,-0.00564600268,-2.99374603,1708.14576
0.0500815951,0.105786393,-0.00420088088,-0.00219693102,0.0213525954,-4.77864452,1701.04295
0.0501397198,0.0112201325,0.00571318574,-0.0014336071,-0.0321169417,-1.68784046,1705.57016
0.0502470741,0.0123845633,0.00601968818,-0.00169447412,-0.0312153983,-1.76338763,1705.48314
0.0503052852,0.109085956,-0.00381843502,-0.00167831445,0.0229719484,-5.00462971,1700.173
0.0503621477,0.0136327222,0.00629892411,-0.00198732311,-0.0302600286,-1.84099737,1705.41627
0.0503936039,0.0556052884,9.98212716e-06,-0.0093762653,-0.00353579037,-3.04879993,1708.30089
0.0504854956,0.0149706296,0.00654451824,-0.00231371693,-0.0292491985,-1.92045344,1705.3747
0.0505139698,0.112164181,-0.00340772399,-0.00124318323,0.024485403,-5.22979092,1699.31613
0.0506177128,0.0164047389,0.00674951306,-0.00267479311,-0.0281814308,-2.00148494,1705.36385
0.0507086556,0.115035914,-0.00298640949,-0.000884728429,0.0259015984,-5.45191897,1698.47678
0.0507438921,0.0599612217,-0.00107274446,-0.00928491527,-0.00128239001,-3.10609129,1708.3488
0.050759437,0.0179419674,0.00690639743,-0.00307110694,-0.0270554068,-2.08375631,1705.38916
0.0508902816,0.117715008,-0.00256850046,-0.000594888955,0.0272284576,-5.66924548,1697.658
0.0509113519,0.0195897299,0.00700716225,-0.00350244626,-0.0258699497,-2.16685951,1705.45579
0.051059724,0.120214384,-0.0021647473,-0.000365126715,0.0284731211,-5.88039186,1696.86199
0.0510741902,0.0213559743,0.00704339126,-0.00396761794,-0.024623985,-2.25030645,1705.56825
0.0511193677,0.0646303672,-0.00214804952,-0.00899678857,0.00113409392,-3.17132641,1708.26092
0.0512177999,0.1225461,-0.00178306758,-0.000186964066,0.0296419434,-6.08432799,1696.09036
0.0512487373,0.0232492201,0.00700639609,-0.00446420659,-0.02331647,-2.33352389,1705.72993
0.0513652719,0.124721401,-0.00142897512,-5.23389144e-05,0.030740536,-6.28031812,1695.34435
0.0514358352,0.0252785992,0.00688740774,-0.00498830524,-0.0219462849,-2.41585182,1705.94258
0.0515028513,0.12675078,-0.00110598699,4.61621922e-05,0.0317738376,-6.46787475,1694.62503
0.0515218418,0.0696352464,-0.00316708047,-0.00849757924,0.00373463723,-3.25443603,1708.00663
0.0516312016,0.128644026,-0.000815996338,0.00011518954,0.0327461989,-6.64671658,1693.93328
0.0516363863,0.0274539002,0.00667783759,-0.00553423839,-0.0205120774,-2.49656336,1706.20577
0.0517509421,0.13041027,-0.000559605722,0.000160565133,0.0336614693,-6.81670717,1693.26982
0.051851358,0.0297856156,0.00636961572,-0.00609425723,-0.0190120565,-2.57486005,1706.51633
0.0518626502,0.132058033,-0.000336418025,0.000187384309,0.0345230808,-6.97765506,1692.63524
0.0519532556,0.075,-0.00407039275,-0.00778006124,0.00653975649,-3.36184393,1707.55491
0.0519668649,0.133595261,-0.000145273805,0.000200167593,0.0353341228,-7.12975059,1692.02992
0.0520640886,0.13502937,1.55284289e-05,0.000202048806,0.0360974068,-7.27412136,1691.45403
0.0520817872,0.0322849924,0.00595565063,-0.0066582536,-0.0174437308,-2.64985665,1706.86793
0.0521547905,0.136367278,0.000147992311,0.000195739487,0.0368155203,-7.40966361,1690.90752
0.0522394079,0.137615437,0.000254350021,0.000184235219,0.0374908692,-7.53659381,1690.3901
0.0523183492,0.138779867,0.000336999096,0.000169363616,0.0381257115,-7.65628491,1689.90127
0.0523287853,0.0349640862,0.00543038349,-0.00721350732,-0.0158035878,-2.72075244,1707.25086
0.0523846694,0.0803647536,-0.00474925463,-0.00691292378,0.0093646217,-3.49446158,1706.92452
0.0523919949,0.139866187,0.000398346546,0.000152381616,0.0387221825,-7.76852582,1689.44037
0.0524607004,0.140879634,0.000440742622,0.000134517855,0.0392823133,-7.87367761,1689.00653
0.052469416,0,0,0,-0.043956673,-0.894319937,1707.87316
0.0525061707,0.000357650242,0.000289495094,-2.81627297e-06,-0.0436491271,-0.907654149,1707.7948
0.0525247971,0.141825099,0.000466451542,0.000116630695,0.0398080438,-7.97209617,1688.59879
0.0525455682,0.000741017226,0.000591780343,-9.13677771e-06,-0.043319115,-0.939728242,1707.71044
0.052584594,0.14270714,0.000477617756,9.9354033e-05,0.0403012319,-8.0641589,1688.21608
0.0525877986,0.00115195011,0.000906763359,-2.04364025e-05,-0.0429650027,-0.977785145,1707.61981
0.0525935437,0.0378358195,0.00479044376,-0.00774443735,-0.0140867279,-2.78683493,1707.65197
0.0526330655,0.00159243101,0.00123417183,-3.76824478e-05,-0.0425851168,-1.0182379,1707.52271
0.0526403797,0.143530013,0.000476242041,8.31264535e-05,0.040763659,-8.15021404,1687.85726
0.0526815874,0.00206458457,0.00157357198,-6.18323648e-05,-0.0421776938,-1.06097675,1707.41903
0.0526924233,0.144297686,0.000464169101,6.82385445e-05,0.0411970343,-8.23060309,1687.52116
0.0527335982,0.0025706882,0.00192434346,-9.40056682e-05,-0.0417408804,-1.106034,1707.30877
0.0527409757,0.145013864,0.000443082562,5.48636385e-05,0.0416029967,-8.30566041,1687.20659
0.0527862711,0.145681998,0.0004145048,4.30842205e-05,0.0419831164,-8.37570988,1686.91236
0.0527871435,0.0853696328,-0.00516142548,-0.0060097321,0.0120167672,-3.64429534,1706.17966
0.0527893488,0.00311318307,0.00228565139,-0.000135435187,-0.041272737,-1.1534388,1707.19205
0.052828528,0.146305314,0.000379800697,3.291502e-05,0.0423388957,-8.44106012,1686.63731
0.0528491082,0.00369468589,0.00265641607,-0.000187477856,-0.040771242,-1.20323667,1707.06915
0.0528679503,0.146886817,0.000340184522,2.43199406e-05,0.0426717699,-8.50200669,1686.38029
0.0528773396,0.040914044,0.00403547453,-0.0082327034,-0.0122864669,-2.84761592,1708.05491
0.0529047281,0.147429312,0.000296728245,1.72284413e-05,0.0429831076,-8.5588335,1686.14022
0.0529131645,0.00431800152,0.00303528027,-0.00025162027,-0.0402342983,-1.25547944,1706.94061
0.0529390388,0.147935415,0.000250371198,1.15409084e-05,0.043274212,-8.61181343,1685.91603
0.0529710479,0.148407569,0.000201930699,7.16001659e-06,0.0435463212,-8.66108722,1685.70672
0.0529818268,0.00498613648,0.0034205744,-0.000329480959,-0.0396597425,-1.31021119,1706.8072
0.0530009098,0.14884805,0.000152112515,3.96234035e-06,0.0438006102,-8.70685529,1685.51134
0.0530287685,0.149258983,0.000101521356,1.98445005e-06,0.0440381918,-8.74930949,1685.32898
0.0530547585,0.14964235,5.06711134e-05,4.05026111e-07,0.0442601185,-8.79152648,1685.1588
0.0530554263,0.0057023135,0.00381027959,-0.000422807661,-0.0390453569,-1.36746541,1706.67001
0.0530790049,0.15,0,0,0.044467361,-8.81251487,1685
0.0531343178,0.00646998704,0.0042019893,-0.00053347045,-0.0383888842,-1.42726284,1706.53055
0.0531626191,0.0900387783,-0.00534413044,-0.00511882279,0.0145032518,-3.81317219,1705.35251
0.0531815417,0.0442136074,0.00316910469,-0.00865651758,-0.0103939337,-2.90260215,1708.44041
0.0532188821,0.00729285993,0.0045928698,-0.000663449159,-0.0376880449,-1.48960896,1706.39075
0.0533095269,0.00817490128,0.00497962039,-0.000814813588,-0.0369405589,-1.55449099,1706.25308
0.0534066895,0.00912036556,0.00535843425,-0.000989695218,-0.036144169,-1.62187503,1706.12056
0.0535076173,0.0477504251,0.00219991129,-0.00899327228,-0.00839770603,-2.95349146,1708.7867
0.0535108386,0.0101338132,0.0057249615,-0.00119024727,-0.0352966672,-1.69169941,1705.99687
0.0535129073,0.0943947116,-0.00533718299,-0.00427498211,0.0168311237,-3.99861242,1704.47046
0.0536224765,0.0112201325,0.00607427576,-0.00141859218,-0.0343959226,-1.7638688,1705.8863
0.0537421417,0.0123845633,0.00640084602,-0.00167675484,-0.03343991,-1.83825308,1705.79383
0.0538396977,0.0984584434,-0.00517938804,-0.00350108455,0.0190083629,-4.19715599,1703.55557
0.0538571394,0.0515415566,0.00114278193,-0.00921729245,-0.00628353867,-2.99900591,1709.06978
0.0538704114,0.0136327222,0.00669851797,-0.00196657584,-0.0324267359,-1.91467608,1705.72499
0.0540079042,0.0149706296,0.0069605068,-0.00228960509,-0.0313546611,-1.99290457,1705.68581
0.0541445667,0.102249575,-0.00490661802,-0.00280944127,0.02104382,-4.40541551,1702.62519
0.0541552835,0.0164047389,0.0071794057,-0.00264697396,-0.0302221148,-2.07264256,1705.68259
0.0542317937,0.0556052884,1.99998848e-05,-0.00930062365,-0.00403425476,-3.04245838,1709.26368
0.05431326,0.0179419674,0.00734721708,-0.0030392388,-0.0290276963,-2.15351941,1705.72163
0.0544289846,0.105786393,-0.00455094105,-0.00220505781,0.022946883,-4.6198847,1701.69257
0.0544825958,0.0195897299,0.00745541253,-0.00346619899,-0.0277701585,-2.23507983,1705.80884
0.0546333874,0.0599612217,-0.00113740739,-0.00921618885,-0.0016298731,-3.08645963,1709.34038
0.0546641076,0.0213559743,0.00749502919,-0.00392668796,-0.0264483661,-2.31677499,1705.94927
0.0546943234,0.109085956,-0.00414013902,-0.00168741799,0.0247270802,-4.83739687,1700.7676
0.054858671,0.0232492201,0.00745681368,-0.00441833594,-0.0250612208,-2.39795675,1706.14659
0.0549418629,0.112164181,-0.00369761722,-0.00125233066,0.026393722,-5.05516801,1699.85749
0.0550638577,0.0646303672,-0.00228851756,-0.00893781676,0.000951954305,-3.13681148,1709.26976
0.0550672244,0.0252785992,0.00733142654,-0.0049373043,-0.0236075466,-2.47787557,1706.40239
0.0551727972,0.115035914,-0.00324256147,-0.000893270134,0.0279556303,-5.27088051,1698.96738
0.0552907737,0.0274539002,0.00710971998,-0.00547802323,-0.0220859233,-2.55570974,1706.71562
0.0553882401,0.117715008,-0.00279025954,-0.000602415232,0.0294209614,-5.48265398,1698.1009
0.0555252807,0.0696352464,-0.00338153407,-0.00845122814,0.00373514281,-3.20328085,1709.01953
0.0555303974,0.0297856156,0.00678309874,-0.00603287181,-0.0204944663,-2.63053372,1707.08206
0.0555892308,0.120214384,-0.00235250267,-0.000371421807,0.0307971168,-5.68900177,1697.26055
0.0557767389,0.1225461,-0.00193803112,-0.000191953827,0.0320907249,-5.88879248,1696.44814
0.0557872511,0.0322849924,0.00634401521,-0.00659193721,-0.0188305448,-2.70133505,1707.49387
0.0559516686,0.124721401,-0.00155298006,-5.60521382e-05,0.0333076727,-6.08119819,1695.66496
0.0560198823,0.075,-0.00435317906,-0.00774873668,0.0067435815,-3.29234391,1708.55683
0.0560247053,0,0,0,-0.0469351451,-0.994887444,1708.4067
0.0560625738,0.0349640862,0.0057865397,-0.00714272955,-0.0170904363,-2.76721235,1707.93945
0.0560647854,0.000357650242,0.000307034808,-2.78360536e-06,-0.0466092049,-1.00783395,1708.32006
0.0561077475,0.000741017226,0.00062765805,-9.03529144e-06,-0.0462594489,-1.039077,1708.22685
0.0561148639,0.12675078,-0.00120130831,4.36287008e-05,0.0344531693,-6.26564738,1694.91199
0.0561537988,0.00115195011,0.000961776067,-2.02051768e-05,-0.0458841431,-1.07624622,1708.12679
0.0562031614,0.00159243101,0.0013091038,-3.72568024e-05,-0.0454815127,-1.1157617,1708.01967
0.0562560733,0.00206458457,0.00166918509,-6.11347847e-05,-0.0450496868,-1.15752201,1707.90538
0.0562671117,0.128644026,-0.000885196469,0.000113689751,0.0355318264,-6.44178764,1694.18995
0.0563127899,0.0025706882,0.00204136601,-9.29466784e-05,-0.0445866998,-1.20156116,1707.7839
0.0563576935,0.0378358195,0.00510705556,-0.00766996353,-0.0152689268,-2.82733218,1708.40358
0.0563735847,0.00311318307,0.00242476511,-0.000133911758,-0.0440904938,-1.24791124,1707.6554
0.0564091466,0.13041027,-0.000605407282,0.000159939931,0.0365477444,-6.60941194,1693.49935
0.0564387509,0.00369468589,0.00281824117,-0.000185372357,-0.0435589243,-1.29661961,1707.52022
0.0565086029,0.00431800152,0.00322035845,-0.000248799109,-0.0429897665,-1.34774038,1707.37893
0.0565144839,0.0803647536,-0.00508648481,-0.00689688694,0.0097806133,-3.40635132,1707.90062
0.0565416537,0.132058033,-0.000361607901,0.000187418736,0.0375045954,-6.76834042,1692.8405
0.0565834775,0.00498613648,0.0036293495,-0.000325793307,-0.0423807254,-1.40132029,1707.23242
0.0566637361,0.0057023135,0.00404307593,-0.000418084242,-0.0417294484,-1.45739581,1707.08194
0.056665272,0.133595261,-0.000152639855,0.000200742633,0.038405699,-6.9184358,1692.21352
0.0566740337,0.040914044,0.00430514628,-0.00815560827,-0.0133588743,-2.88103082,1708.8677
0.0567497655,0.00646998704,0.00445898742,-0.000527522456,-0.041033541,-1.51599085,1706.92918
0.0567805978,0.13502937,2.32432366e-05,0.000203084144,0.0392540887,-7.0612251,1691.61828
0.0568419809,0.00729285993,0.00487407965,-0.000656067363,-0.0402905858,-1.57711399,1706.77634
0.0568881874,0.136367278,0.000168216867,0.000197009085,0.0400525659,-7.19539252,1691.05446
0.056940827,0.00817490128,0.00528485184,-0.000805767806,-0.0394981648,-1.64075517,1706.62622
0.056975907,0.0853696328,-0.00553522043,-0.00600729023,0.0126393794,-3.53866546,1707.11881
0.0569885598,0.137615437,0.000284721978,0.000185638493,0.0408037443,-7.320887,1690.52154
0.0570131203,0.0442136074,0.00338460406,-0.00857843393,-0.0113507589,-2.92784131,1709.31047
0.0570467806,0.00912036556,0.0056872651,-0.000978733928,-0.0386538854,-1.70688199,1706.48227
0.057082199,0.138779867,0.000375301999,0.000170855347,0.0415100842,-7.43940718,1690.01878
0.0571603528,0.0101338132,0.00607670307,-0.00117709888,-0.0377554081,-1.77543472,1706.34867
0.0571695568,0.139866187,0.000442539787,0.000153859014,0.0421739183,-7.55057472,1689.54531
0.0572510546,0.140879634,0.000488990103,0.000135928135,0.0427974705,-7.65473933,1689.1001
0.0572820914,0.0112201325,0.00644793586,-0.00140296566,-0.0368004766,-1.84631346,1706.23036
0.0573270854,0.141825099,0.000517115369,0.000117937284,0.043382869,-7.75222389,1688.68203
0.0573765887,0.0477504251,0.00235440493,-0.0089159098,-0.00923226288,-2.96894796,1709.70819
0.0573980159,0.14270714,0.000529252674,0.000100531073,0.0439321553,-7.84342513,1688.28989
0.0574063772,0.0900387783,-0.00573853874,-0.00512752293,0.0153265408,-3.69139214,1706.24651
0.0574125835,0.0123845633,0.00679509106,-0.00165834055,-0.0357869486,-1.9193791,1706.13302
0.0574641883,0.143530013,0.000527587106,8.41610153e-05,0.0444472901,-7.92868832,1687.92244
0.0575259218,0.144297686,0.000514137133,6.91248546e-05,0.044930157,-8.0083403,1687.5784
0.0575524587,0.0136327222,0.0071116341,-0.00194504985,-0.0347128242,-1.99444728,1706.06302
0.0575835142,0.145013864,0.000490747826,5.56034466e-05,0.045382564,-8.08271048,1687.25652
0.0576372431,0.145681998,0.000459089813,4.36847058e-05,0.0458062453,-8.15211761,1686.95554
0.0576873679,0.146305314,0.000420662878,3.33873135e-05,0.0462028616,-8.21686386,1686.67422
0.0577023915,0.0149706296,0.00739035975,-0.00226463493,-0.0335762702,-2.0712667,1706.02727
0.0577341302,0.146886817,0.000376802852,2.4678208e-05,0.0465740006,-8.2772449,1686.41139
0.0577661923,0.0515415566,0.00123032322,-0.0091430384,-0.00698793728,-3.00357758,1710.03526
0.0577777557,0.147429312,0.000328690377,1.74883866e-05,0.0469211776,-8.33354272,1686.1659
0.057807971,0.0943947116,-0.00573808808,-0.00429197589,0.0178486091,-3.86217121,1705.31363
0.0578184547,0.147935415,0.000277361223,1.17187334e-05,0.0472458361,-8.38602529,1685.93667
0.0578564235,0.148407569,0.000223717497,7.27224792e-06,0.0475493489,-8.43483244,1685.72265
0.0578631052,0.0164047389,0.00762340207,-0.00261822573,-0.0323756361,-2.14951291,1706.03298
0.0578918454,0.14884805,0.000168538959,4.02478002e-06,0.047833019,-8.48016272,1685.52288
0.0579248911,0.149258983,0.00011249437,2.01324807e-06,0.0480980812,-8.52219876,1685.33641
0.0579557201,0.14964235,5.61525977e-05,4.1770603e-07,0.048345704,-8.56404717,1685.16239
0.057984481,0.15,0,0,0.0485769628,-8.58487686,1685
0.058035375,0.0179419674,0.00780226851,-0.00300638571,-0.0311094569,-2.22877696,1706.08732
0.0581826253,0.0984584434,-0.00557487887,-0.00352384778,0.0202130831,-4.04743296,1704.34436
0.0581838103,0.0556052884,3.55876436e-05,-0.00923295807,-0.00459902735,-3.03472001,1710.26431
0.0582200317,0.0195897299,0.00791790372,-0.00342893564,-0.0297764363,-2.30855229,1706.19696
0.0584179662,0.0213559743,0.0079607933,-0.00388474761,-0.0283754034,-2.38822476,1706.36748
0.0585321473,0.102249575,-0.00528707792,-0.00283564653,0.0224284533,-4.24384576,1703.35788
0.0586301331,0.0232492201,0.00792111845,-0.00437151124,-0.0269052349,-2.46706638,1706.60269
0.0586314569,0.0599612217,-0.00119723832,-0.00915781629,-0.00204353212,-3.06436874,1710.36611
0.0588575558,0.0252785992,0.00778897347,-0.00488547462,-0.0253647325,-2.54423315,1706.90394
0.058858223,0.105786393,-0.00490891688,-0.00223277781,0.024503889,-4.44783849,1702.36893
0.0591013313,0.0274539002,0.00755466119,-0.00542119403,-0.0237524481,-2.61880055,1707.26941
0.0591112914,0.0646303672,-0.00242481815,-0.00889169267,0.000703422301,-3.09894839,1710.30928
0.0591624251,0.109085956,-0.00447016687,-0.0017151307,0.0264488351,-4.65615064,1701.38858
0.0593626354,0.0297856156,0.0072090792,-0.00597120223,-0.0220664476,-2.6897124,1707.69359
0.0594462209,0.112164181,-0.00399600794,-0.00127891576,0.028272632,-4.86588595,1700.42496
0.0596256284,0.0696352464,-0.00359259765,-0.008420588,0.00366882937,-3.14775155,1710.06007
0.0596427285,0.0322849924,0.00674424136,-0.00652580849,-0.0203040099,-2.75583454,1708.16689
0.0597109793,0.115035914,-0.00350717249,-0.000917959543,0.02998422,-5.0746162,1699.48387
0.0597820134,0,0,0,-0.05008286,-1.10369353,1708.97051
0.0598249373,0.000357650242,0.000325255741,-2.74950831e-06,-0.0497372745,-1.11621964,1708.87547
0.0598709476,0.000741017226,0.000664924092,-8.92965125e-06,-0.0493664412,-1.14656356,1708.77328
0.0599202663,0.00115195011,0.00101890826,-1.99642075e-05,-0.048968523,-1.18277378,1708.66366
0.0599429616,0.0349640862,0.00615386792,-0.00707278746,-0.0184612552,-2.81615775,1708.67563
0.0599579775,0.117715008,-0.0030202589,-0.000624738101,0.031591938,-5.28034203,1698.5694
0.0599731313,0.00159243101,0.00138690884,-3.68133365e-05,-0.0485416392,-1.22127557,1708.54638
0.0600297975,0.00206458457,0.00176844529,-6.04082461e-05,-0.0480838071,-1.26197632,1708.42133
0.0600905382,0.0025706882,0.00216282751,-9.18441879e-05,-0.0475929442,-1.30491157,1708.28851
0.0601556466,0.00311318307,0.00256912436,-0.000132326494,-0.0470668706,-1.35011629,1708.14811
0.0601769485,0.075,-0.00463366153,-0.00773587292,0.0068801802,-3.21731907,1709.58386
0.0601884066,0.120214384,-0.00254813372,-0.000391144004,0.0331034099,-5.48146171,1697.68438
0.0602254365,0.00369468589,0.00298612934,-0.00018318255,-0.0465033144,-1.39763947,1708.0005
0.0602647829,0.0378358195,0.00543412701,-0.00759719281,-0.0165327105,-2.86972493,1709.20233
0.0603002446,0.00431800152,0.00341232372,-0.000245866704,-0.0458999198,-1.44753726,1707.84635
0.0603804318,0.00498613648,0.00384583706,-0.000321962753,-0.0452542565,-1.4998588,1707.68665
0.0604033783,0.1225461,-0.00210038865,-0.000209023743,0.0345255103,-5.67673568,1696.83074
0.0604663848,0.0057023135,0.00428440546,-0.000413181363,-0.0445638344,-1.55464324,1707.52281
0.0605585182,0.00646998704,0.00472532807,-0.000521353505,-0.0438261196,-1.61191729,1707.35673
0.0606039294,0.124721401,-0.00168380612,-7.05504183e-05,0.0358643827,-5.86523621,1696.00981
0.0606097447,0.040914044,0.00458457007,-0.00808131173,-0.0145108321,-2.91568868,1709.7262
0.0606572765,0.00729285993,0.0051654224,-0.000648418325,-0.0430385553,-1.67169221,1707.19088
0.0607282687,0.0803647536,-0.00542283788,-0.00690193899,0.0101293022,-3.3117058,1708.89986
0.060763136,0.00817490128,0.00560097923,-0.000796404129,-0.0421985858,-1.73395995,1707.02841
0.0607910273,0.12675078,-0.00130281294,3.15279021e-05,0.0371254945,-6.04630376,1695.22248
0.0608766073,0.00912036556,0.00602771841,-0.000967400293,-0.0413036839,-1.79868814,1706.87322
0.0609655744,0.128644026,-0.000959908228,0.000103769163,0.0383137121,-6.21949609,1694.46931
0.0609795108,0.0442136074,0.00360916165,-0.00850461013,-0.0123855041,-2.95364365,1710.22384
0.0609982377,0.0101338132,0.00644074735,-0.00116352095,-0.0403513811,-1.86581761,1706.73002
0.0611284127,0.13041027,-0.000656044637,0.000151938579,0.0394333839,-6.38455396,1693.75061
0.0611286139,0.0112201325,0.00683452294,-0.00138685055,-0.0393393003,-1.93524647,1706.60441
0.0612426056,0.0853696328,-0.00590959058,-0.00602781662,0.013195132,-3.42549817,1708.07963
0.0612683647,0.0123845633,0.00720282075,-0.00163938034,-0.0382651888,-2.00682446,1706.50281
0.0612803276,0.132058033,-0.000390980909,0.000181163748,0.0404884229,-6.54115869,1693.06645
0.0613758649,0.0477504251,0.00251733393,-0.0088441208,-0.0101435588,-2.98394696,1710.66985
0.0614181643,0.0136327222,0.00753871418,-0.00192292717,-0.0371269492,-2.08035374,1706.43244
0.0614220519,0.133595261,-0.000163571661,0.000195863973,0.0414823817,-6.68959673,1692.41668
0.0615542691,0.13502937,2.80102835e-05,0.000199262268,0.0424185191,-6.83047607,1691.80093
0.0615787352,0.0149706296,0.00783456704,-0.0022390274,-0.0359226665,-2.15556408,1706.40113
0.061677617,0.136367278,0.000186089927,0.000194244867,0.0432998558,-6.96292927,1691.21861
0.0617224402,0.0900387783,-0.0061349925,-0.00516027109,0.0160839801,-3.56085224,1707.16094
0.0617508519,0.0164047389,0.00808204547,-0.00258881474,-0.0346506258,-2.23209965,1706.41702
0.0617926905,0.137615437,0.000313257919,0.000183675813,0.0441292188,-7.08729027,1690.66898
0.0618007187,0.0515415566,0.00132577108,-0.00907626193,-0.0077683733,-3.0075791,1711.03729
0.0619000448,0.138779867,0.000412218094,0.000169446305,0.0449092765,-7.20449181,1690.15108
0.0619353446,0.0179419674,0.00827215416,-0.00297286809,-0.0333093167,-2.30950955,1706.48817
0.0620001977,0.139866187,0.00048574498,0.000152921851,0.045642565,-7.3145007,1689.66385
0.0620936321,0.140879634,0.000536595204,0.000135346247,0.0463315067,-7.41765012,1689.20609
0.0621331032,0.0195897299,0.00839530525,-0.00339103959,-0.0318974169,-2.38723233,1706.62197
0.0621700868,0.0943947116,-0.00614260436,-0.00433359016,0.0188018012,-3.71593511,1706.17612
0.0621807989,0.141825099,0.000567430901,0.000117614732,0.0469784241,-7.51422788,1688.77654
0.0622561215,0.0556052884,5.84667242e-05,-0.00917582629,-0.00523961925,-3.02577592,1711.29777
0.0622621183,0.14270714,0.000580782438,0.000100385681,0.0475855483,-7.60457636,1688.37387
0.0623379828,0.143530013,0.000579022788,8.41348615e-05,0.0481550251,-7.68905192,1687.99672
0.0623450816,0.0213559743,0.00844143018,-0.00384225175,-0.0304137477,-2.4645845,1706.82446
0.0624087582,0.144297686,0.00056434789,6.91728425e-05,0.0486889176,-7.76797756,1687.64374
0.0624747859,0.145013864,0.000538767346,5.56916668e-05,0.0491892086,-7.84167638,1687.31358
0.0625363844,0.145681998,0.000504103378,4.37891623e-05,0.0496578014,-7.91045958,1687.00492
0.0625723023,0.0232492201,0.00840014531,-0.0043242696,-0.0288571929,-2.54075353,1707.09954
0.0625877047,0.0984584434,-0.0059754769,-0.0035712268,0.0213555472,-3.88704678,1705.15151
0.0625938507,0.146305314,0.000461994557,3.34912679e-05,0.0500965199,-7.97462556,1686.71646
0.0626474622,0.146886817,0.000413901995,2.47710652e-05,0.0505071091,-8.03446764,1686.44699
0.0626974773,0.147429312,0.000361118379,1.75646374e-05,0.0508912356,-8.09026239,1686.19532
0.0627441374,0.147935415,0.000304779314,1.17761764e-05,0.0512504877,-8.1422749,1685.96031
0.0627442699,0.0599612217,-0.00125044628,-0.00911249029,-0.00253324075,-3.03951974,1711.42121
0.0627876674,0.148407569,0.000245874887,7.31143785e-06,0.0515863767,-8.19064372,1685.74091
0.0628158611,0.0252785992,0.00826098382,-0.00483344751,-0.0272265703,-2.6147964,1707.44815
0.0628282774,0.14884805,0.000185261842,4.04789833e-06,0.0519003377,-8.23556445,1685.5361
0.0628661632,0.149258983,0.00012367573,2.02417702e-06,0.0521937316,-8.27721258,1685.34493
0.0629015076,0.14964235,6.17428982e-05,4.24508005e-07,0.0524678461,-8.31870755,1685.16651
0.062934481,0.15,0,0,0.0527238649,-8.33937753,1685
0.0629773083,0.102249575,-0.0056739928,-0.00288601863,0.0237532582,-4.07081172,1704.10812
0.063076933,0.0274539002,0.0080137095,-0.00536448764,-0.0255204462,-2.68567775,1707.86753
0.0632675185,0.0646303672,-0.00255517512,-0.00886110469,0.00037825235,-3.05766126,1711.37524
0.0633407768,0.105786393,-0.00527449102,-0.00228382737,0.0260037868,-4.26360487,1703.06221
0.0633567772,0.0297856156,0.00764872919,-0.005910106,-0.0237368856,-2.75221258,1708.35067
0.0636567436,0.0322849924,0.00715763549,-0.00646085882,-0.0218731307,-2.8131498,1708.88603
0.0636798634,0.109085956,-0.00480869928,-0.00176503626,0.0281163997,-4.4620702,1702.02606
0.0637528194,0,0,0,-0.0534094344,-1.22089943,1709.56631
0.063798078,0.000357650242,0.000344168434,-2.71421206e-06,-0.053042943,-1.23296961,1709.46275
0.0638283911,0.0696352464,-0.00379863423,-0.00840859216,0.00352509875,-3.0878262,1711.12479
0.0638465909,0.000741017226,0.000703600683,-8.82067319e-06,-0.0526496891,-1.2623411,1709.35149
0.0638985922,0.00115195011,0.00107819503,-1.97152707e-05,-0.0522277292,-1.29751623,1709.23219
0.0639543326,0.00159243101,0.00146763625,-3.63553751e-05,-0.051775072,-1.33492262,1709.10464
0.0639782789,0.0349640862,0.00653382166,-0.00700482046,-0.0199252013,-2.86736341,1709.45765
0.0639962036,0.112164181,-0.00430356057,-0.00132634122,0.0301003844,-4.66320579,1701.00867
0.064014081,0.00206458457,0.00187141743,-5.96582621e-05,-0.0512896193,-1.37447693,1708.96872
0.0640781256,0.0025706882,0.00228880987,-9.07066494e-05,-0.0507691672,-1.41621604,1708.82444
0.0641467753,0.00311318307,0.00271882968,-0.000130691657,-0.0502114095,-1.46017767,1708.67201
0.0642203612,0.00369468589,0.00316020147,-0.000180925512,-0.0496139433,-1.50641211,1708.51188
0.0642913233,0.115035914,-0.00378136231,-0.000961996032,0.0319647291,-4.86446653,1700.01649
0.0642992383,0.00431800152,0.00361131921,-0.000242846106,-0.0489742775,-1.55497727,1708.34478
0.0643229341,0.0378358195,0.00577326919,-0.00752741952,-0.0178874261,-2.91377116,1710.04568
0.0643837871,0.00498613648,0.0040702044,-0.000318019647,-0.0482898441,-1.60592428,1708.17184
0.0644295932,0.075,-0.00491043067,-0.00774463968,0.00693866429,-3.13679095,1710.63347
0.0644744153,0.0057023135,0.00453446188,-0.000408138196,-0.0475580123,-1.65929459,1707.9946
0.064566646,0.117715008,-0.00326003005,-0.000664840578,0.0337178977,-5.0637275,1699.05402
0.0645715601,0.00646998704,0.00500123376,-0.000515013328,-0.0467761073,-1.71511722,1707.8152
0.06467569,0.00729285993,0.00546715205,-0.00064056431,-0.0459414317,-1.77340554,1707.63639
0.0646923717,0.040914044,0.00487552177,-0.00801131055,-0.0157519198,-2.95136333,1710.62711
0.0647873074,0.00817490128,0.00592829106,-0.000786799579,-0.0450512921,-1.83415291,1707.4617
0.0648234997,0.120214384,-0.00275352919,-0.000427055598,0.0353676944,-5.25926615,1698.12433
0.0649069506,0.00912036556,0.00638012072,-0.000955789035,-0.0441030282,-1.89732616,1707.29547
0.0650307952,0.0803647536,-0.00575734999,-0.00693136361,0.0103996351,-3.21023136,1709.92062
0.0650351968,0.0101338132,0.00681746256,-0.00114962819,-0.0430940458,-1.96286287,1707.14299
0.0650631233,0.1225461,-0.00227232962,-0.000240714493,0.0369212082,-5.44972771,1697.22944
0.0650883736,0.0442136074,0.00384471886,-0.00843667535,-0.0135080273,-2.97972686,1711.17664
0.0651726644,0.0112201325,0.00723445006,-0.00137038542,-0.0420218522,-2.03066085,1707.01052
0.0652866727,0.124721401,-0.0018238941,-9.81555001e-05,0.0383848175,-5.63407971,1696.37066
0.0653200166,0.0123845633,0.00762449711,-0.00162004129,-0.0408840915,-2.10056224,1706.90526
0.0654779641,0.0136327222,0.00798027587,-0.00190040646,-0.039678579,-2.17234914,1706.83531
0.0654952261,0.12675078,-0.00141315515,7.76822788e-06,0.0397642343,-5.81156523,1695.54878
0.0655128499,0.0477504251,0.00269077855,-0.00877982261,-0.0111417776,-2.99830218,1711.66744
0.0655916678,0.0853696328,-0.00628413475,-0.00607456867,0.0136729522,-3.30451562,1709.06116
0.0656472689,0.0149706296,0.00829370961,-0.00221301725,-0.0384033309,-2.24572755,1706.80941
0.0656897895,0.128644026,-0.00104296061,8.35414334e-05,0.041064572,-5.98165749,1694.7642
0.0658287474,0.0164047389,0.00855598725,-0.00255901811,-0.037056585,-2.32030936,1706.83665
0.0658713013,0.13041027,-0.000714482839,0.000134932205,0.0422904243,-6.14399355,1694.017
0.0659678481,0.0515415566,0.0014311468,-0.00901888552,-0.00863540397,-3.01108747,1712.07157
0.066023275,0.0179419674,0.00875760325,-0.00293901287,-0.035636806,-2.39559918,1706.92597
0.0660406371,0.132058033,-0.00042757825,0.000167018307,0.0434459448,-6.29837203,1693.30703
0.0661149164,0.0900387783,-0.00653354814,-0.00522036707,0.0167646122,-3.42160082,1708.09526
0.0661986136,0.133595261,-0.0001810939,0.000184041083,0.0445349214,-6.44496847,1692.63388
0.0662317902,0.0195897299,0.00888843299,-0.00335289493,-0.0341426708,-2.4709769,1707.08544
0.0663459928,0.13502937,2.68675819e-05,0.000189497038,0.0455608427,-6.58371239,1691.99693
0.0664552985,0.0213559743,0.00893785263,-0.00379964974,-0.0325730233,-2.5456853,1707.32153
0.0664555627,0.0556052884,9.07748334e-05,-0.00913121937,-0.00596700272,-3.01548038,1712.36003
0.0664834857,0.136367278,0.000198686103,0.000186443106,0.0465269534,-6.71456279,1691.39538
0.0666030648,0.0943947116,-0.00655124092,-0.00440320727,0.0196799784,-3.55996922,1707.05751
0.0666117553,0.137615437,0.000337071861,0.000177420313,0.0474362994,-6.83779869,1690.82825
0.0666948782,0.0232492201,0.00889491543,-0.00427713411,-0.0309267897,-2.61882293,1707.63809
0.0667314205,0.138779867,0.000444939268,0.000164411434,0.0482917629,-6.95369432,1690.2944
0.0668430584,0.139866187,0.000525257598,0.000148957145,0.0490960889,-7.06257127,1689.79258
0.0669472075,0.140879634,0.000580975141,0.000132248874,0.0498519043,-7.16475505,1689.32145
0.0669516848,0.0252785992,0.00874859931,-0.00478182807,-0.0292028448,-2.68934428,1708.03553
0.0669783464,0.0599612217,-0.00129472727,-0.00908257096,-0.00311041426,-3.01158305,1712.50221
0.0670443701,0.141825099,0.000614953285,0.000115216299,0.0505617315,-7.26047745,1688.8796
0.0670584676,0.0984584434,-0.00638219112,-0.00364658994,0.0224253698,-3.71604116,1705.97644
0.0671350149,0.14270714,0.000629915327,9.85539335e-05,0.0512279965,-7.35000294,1688.46559
0.0672195792,0.143530013,0.000628420027,8.27551541e-05,0.051853035,-7.43373477,1688.07797
0.067226957,0.0274539002,0.00848813947,-0.00530859912,-0.0273998168,-2.75609699,1708.50996
0.0672984708,0.144297686,0.000612841019,6.81513478e-05,0.0524390949,-7.51200171,1687.71528
0.0673720702,0.145013864,0.000585354575,5.49480696e-05,0.0529883384,-7.5851012,1687.37611
0.0674407325,0.145681998,0.000547937305,4.32588954e-05,0.0535028422,-7.65332731,1687.05906
0.0674833214,0.102249575,-0.00606884546,-0.0029638648,0.025008264,-3.88634823,1704.87499
0.0675047888,0.146305314,0.000502368711,3.31229318e-05,0.0539845977,-7.71698187,1686.76281
0.0675220225,0.0297856156,0.00810346755,-0.00585037638,-0.0255158224,-2.81777256,1709.05265
0.0675387207,0.0646303672,-0.00267745418,-0.00884840407,-3.54224737e-05,-3.01283067,1712.46501
0.0675645482,0.146886817,0.000450237373,2.45236028e-05,0.0544355113,-7.77635874,1686.48607
0.0676202988,0.147429312,0.000392950684,1.74049293e-05,0.0548574042,-7.83172258,1686.22762
0.0676723096,0.147935415,0.000331746448,1.16786184e-05,0.0552520134,-7.88333564,1685.98628
0.0677208315,0.148407569,0.000267705071,7.25624598e-06,0.0556209919,-7.93133511,1685.76096
0.0677660984,0.14884805,0.000201762506,4.02002409e-06,0.0559659103,-7.97591364,1685.55062
0.0678083288,0.149258983,0.000134723177,2.01187876e-06,0.0562882581,-8.01724284,1685.35429
0.0678383047,0.0322849924,0.00758577103,-0.00639798484,-0.0235481252,-2.87300793,1709.6499
0.0678477263,0.14964235,6.7272837e-05,4.234157e-07,0.0565894457,-8.05843242,1685.17103
0.0678796755,0.105786393,-0.0056495737,-0.00236141874,0.0274370782,-4.06721309,1703.77103
0.067884481,0.15,0,0,0.056870767,-8.07895567,1685
0.0679492546,0,0,0,-0.0569250317,-1.34646517,1710.19591
0.06799631,0.000357650242,0.000363789936,-2.67795131e-06,-0.0565363744,-1.35804112,1710.08376
0.0680467489,0.000741017226,0.000743722811,-8.70911831e-06,-0.0561193578,-1.38636178,1709.96332
0.0681008146,0.00115195011,0.00113969028,-1.94599351e-05,-0.0556719283,-1.42042094,1709.83425
0.0681393885,0.0696352464,-0.00399772613,-0.00841772102,0.00329165742,-3.02346068,1712.21213
0.0681587679,0.00159243101,0.0015513599,-3.58857544e-05,-0.0551919804,-1.45664491,1709.69633
0.068177329,0.0349640862,0.00692813762,-0.00693983206,-0.0214927076,-2.92055324,1710.28338
0.0682208883,0.00206458457,0.00197819655,-5.88894359e-05,-0.0546772955,-1.49496021,1709.54944
0.0682494417,0.109085956,-0.00515801478,-0.00184022551,0.0297207879,-4.25519159,1702.67811
0.0682874754,0.0025706882,0.00241943059,-8.95410307e-05,-0.0541255443,-1.53540477,1709.3936
0.0683588504,0.00311318307,0.00287402252,-0.000129017283,-0.0535342903,-1.57801897,1709.22907
0.0684353577,0.00369468589,0.00334062455,-0.000178615176,-0.0529009959,-1.62285409,1709.05634
0.0685173662,0.00431800152,0.00381753924,-0.000239756119,-0.0522230315,-1.66996939,1708.87623
0.0685407308,0.0378358195,0.00612638698,-0.00746173935,-0.0193437653,-2.95919969,1710.93081
0.0685944034,0.112164181,-0.00462286339,-0.00139755102,0.0318685266,-4.44718424,1701.60617
0.0686052715,0.00498613648,0.00430267527,-0.000313988802,-0.0514976879,-1.71941767,1708.68998
0.0686994976,0.0057023135,0.00479350071,-0.000402986885,-0.0507221916,-1.77124216,1708.49933
0.0687832472,0.075,-0.00518184362,-0.00777771085,0.0069063873,-3.05080548,1711.70533
0.068800499,0.00646998704,0.00528699434,-0.000508542926,-0.0498937249,-1.82547373,1708.30664
0.0689087629,0.00729285993,0.00577959573,-0.000632556935,-0.0490094497,-1.88212723,1708.11495
0.0689162247,0.115035914,-0.00406796933,-0.00102815798,0.0338892468,-4.64051576,1700.56231
0.068930263,0.040914044,0.00518006994,-0.00794680835,-0.0170931368,-2.98783967,1711.56705
0.0690248115,0.00817490128,0.00626715508,-0.000777018305,-0.048066535,-1.94119671,1707.92817
0.0691492045,0.00912036556,0.00674488408,-0.000943979069,-0.0470621897,-2.00264892,1707.75112
0.0692164578,0.117715008,-0.00351260094,-0.00072532021,0.035791469,-4.83292805,1699.55141
0.0692825419,0.0101338132,0.00720730969,-0.00113551813,-0.0459936978,-2.066418,1707.58968
0.0693478043,0.0442136074,0.0040935185,-0.00837574811,-0.0147296883,-3.00595096,1712.16512
0.069425467,0.0112201325,0.00764823274,-0.00135369113,-0.0448584564,-2.13239464,1707.45078
0.0694271059,0.0803647536,-0.00608854747,-0.00698772385,0.010578752,-3.10201796,1710.96382
0.0694965509,0.120214384,-0.00297184877,-0.000481568619,0.0375831264,-5.02257034,1698.57676
0.069578669,0.0123845633,0.00806069559,-0.00160047039,-0.0436540149,-2.20041071,1707.34243
0.069742887,0.0136327222,0.00843696,-0.00187766339,-0.0423781127,-2.27023139,1707.2736
0.069757855,0.1225461,-0.0024571004,-0.000289243196,0.039271486,-5.20796611,1697.64041
0.0697953688,0.0477504251,0.00287713262,-0.00872508719,-0.0122386944,-3.01267153,1712.69709
0.0699189131,0.0149706296,0.00876850084,-0.00218681304,-0.0410287119,-2.34153714,1707.25399
0.0700016305,0.124721401,-0.00197653772,-0.000140880941,0.0408631341,-5.38797161,1696.74362
0.0700277737,0.0853696328,-0.00665794134,-0.00615013143,0.014059935,-3.17571126,1710.06537
0.0701075962,0.0164047389,0.00904602274,-0.00252908202,-0.0396040209,-2.41390395,1707.29363
0.0702290532,0.12675078,-0.00153563136,-2.94711979e-05,0.0423640112,-5.56172761,1695.88702
0.0702751153,0.0515415566,0.00154870908,-0.00897343343,-0.00960127098,-3.01284485,1713.13442
0.0703098465,0.0179419674,0.00925950424,-0.00290510741,-0.0381025027,-2.48678851,1707.4023
0.0704412201,0.128644026,-0.00113760886,5.1380511e-05,0.0437794686,-5.72861439,1695.07081
0.0705266397,0.0195897299,0.00939827963,-0.00331483521,-0.0365228609,-2.55950856,1707.58874
0.070588148,0.0900387783,-0.00693414738,-0.00531053807,0.0173556475,-3.27365969,1709.05215
0.0706391546,0.13041027,-0.000783889033,0.000107429608,0.0451143415,-5.88817317,1694.29485
0.0707590212,0.0213559743,0.00945116809,-0.00375732785,-0.0348639946,-2.63122965,1707.85972
0.0707893578,0.0556052884,0.000134764999,-0.00910006952,-0.00679393019,-3.00242458,1713.44786
0.0708238114,0.132058033,-0.000474448658,0.000143648249,0.0463730246,-6.04031963,1693.55873
0.0709960811,0.133595261,-0.000208170537,0.00016424978,0.0475595442,-6.1848618,1692.8618
0.0710081121,0.0232492201,0.00940666253,-0.00423054915,-0.0331249115,-2.70095819,1708.21898
0.0711109317,0.0943947116,-0.00696459602,-0.00450348632,0.0204706081,-3.39432721,1707.96092
0.0711567948,0.13502937,1.68541118e-05,0.000172924846,0.0486776237,-6.32167979,1692.20321
0.0712751138,0.0252785992,0.00925319214,-0.00473112407,-0.0313045886,-2.76754371,1708.66622
0.0713067277,0.136367278,0.000203101468,0.000172736597,0.0497307378,-6.4510038,1691.58192
0.0713405768,0.0599612217,-0.00132769443,-0.00906921544,-0.00378835102,-2.98125608,1713.60663
0.0714466028,0.137615437,0.000353428272,0.000166146978,0.0507221581,-6.57295707,1690.99674
0.0715613142,0.0274539002,0.00897947415,-0.0052541045,-0.0294017668,-2.82971235,1709.19623
0.0715770949,0.138779867,0.000470906104,0.000155186145,0.0516549874,-6.6877162,1690.44635
0.0715986463,0.0984584434,-0.00679620196,-0.00375257253,0.023410393,-3.53441882,1706.82238
0.0716988335,0.139866187,0.00055868592,0.000141471429,0.0525321872,-6.79555155,1689.92934
0.0718124057,0.140879634,0.000619906879,0.000126233011,0.0533565956,-6.89678191,1689.44421
0.0718680937,0.0297856156,0.00857497947,-0.00579266077,-0.0274146738,-2.88603871,1709.79841
0.0719183593,0.141825099,0.00065762641,0.000110434481,0.0541309417,-6.99172231,1688.98944
0.0719314311,0.0646303672,-0.00278935374,-0.00885564167,-0.000551455086,-2.96441639,1713.57712
0.0720172054,0.14270714,0.000674762032,9.47922708e-05,0.0548578531,-7.08059405,1688.56346
0.0720536445,0.102249575,-0.00647335985,-0.00307175071,0.0261817814,-3.69041786,1705.66152
0.0721094208,0.143530013,0.000674056806,7.98212056e-05,0.0555398617,-7.16369329,1688.16475
0.0721954503,0.144297686,0.000658061922,6.58938796e-05,0.0561794062,-7.24137935,1687.79175
0.0721969322,0.0322849924,0.00803050439,-0.00633790674,-0.0253406572,-2.93505315,1710.45674
0.0722757088,0.145013864,0.000629120182,5.32402226e-05,0.0567788336,-7.31395008,1687.44299
0.0723505834,0.145681998,0.000589363716,4.19924783e-05,0.0573403994,-7.38170301,1687.11702
0.0723841399,0,0,0,-0.0606403923,-1.4802959,1710.86123
0.0724204354,0.146305314,0.000540715015,3.22060441e-05,0.0578662676,-7.44493963,1686.81244
0.0724324235,0.000357650242,0.000384134038,-2.64092465e-06,-0.060228324,-1.49133641,1710.74041
0.0724781208,0.105786393,-0.00603638266,-0.00246803336,0.0287926123,-3.85859601,1704.49798
0.0724841789,0.000741017226,0.000785319517,-8.59569958e-06,-0.0597862186,-1.51852249,1710.61072
0.0724856016,0.146886817,0.000484891644,2.38795267e-05,0.0583585105,-7.50393642,1686.52793
0.0725396558,0.00115195011,0.0012034399,-1.91997569e-05,-0.0593119094,-1.55137996,1710.4718
0.0725463964,0.147429312,0.000423417901,1.69695634e-05,0.0588191089,-7.55895176,1686.26221
0.0725494157,0.0349640862,0.00733884786,-0.00687861145,-0.02317573,-2.97537608,1711.1504
0.0725647706,0.0696352464,-0.00418773438,-0.00844983832,0.00295412901,-2.95477934,1713.32187
0.0725991217,0.00159243101,0.00163814427,-3.54074013e-05,-0.0588031722,-1.58632902,1710.32343
0.072603113,0.147935415,0.000357635859,1.13995657e-05,0.0592499522,-7.61024725,1686.0141
0.0726560249,0.148407569,0.000288718324,7.09018495e-06,0.0596528393,-7.65795733,1685.78244
0.0726628635,0.00206458457,0.00208886759,-5.81066105e-05,-0.0582576643,-1.62330663,1710.16548
0.0727053875,0.14884805,0.00021768251,3.93201271e-06,0.0600294799,-7.70227139,1685.56618
0.0727311887,0.0025706882,0.00255479712,-8.83547123e-05,-0.0576729269,-1.66235148,1709.99802
0.0727514388,0.149258983,0.000145403697,1.97119571e-06,0.0603814959,-7.74336502,1685.3643
0.0727944009,0.14964235,7.26289034e-05,4.11197807e-07,0.0607104231,-7.784295,1685.17587
0.0728044267,0.00311318307,0.00303483504,-0.000127313983,-0.0570463895,-1.70350641,1709.8213
0.072834481,0.15,0,0,0.0610176691,-7.80467381,1685
0.0728741226,0.109085956,-0.00552076845,-0.00194308013,0.0312514344,-4.03543112,1703.34674
0.0728829309,0.00369468589,0.00352755792,-0.000176266157,-0.056375376,-1.74682325,1709.6359
0.0729272444,0.0378358195,0.00649568448,-0.00740100946,-0.0209140276,-3.00567842,1711.85473
0.0729670799,0.00431800152,0.00403117301,-0.000236616216,-0.0556571153,-1.79236222,1709.44273
0.0730572797,0.00498613648,0.0045434716,-0.000309895493,-0.0548887543,-1.84017724,1709.24315
0.0731539652,0.0057023135,0.00506177976,-0.000397759545,-0.0540673748,-1.89031286,1709.03909
0.0732436502,0.075,-0.00544618102,-0.00783698241,0.00676852809,-2.95947228,1712.80073
0.0732435602,0.112164181,-0.00495694791,-0.00149480953,0.0335671078,-4.21771689,1702.21879
0.0732576029,0.00646998704,0.00558290708,-0.000501982395,-0.0531900151,-1.94280112,1708.83313
0.0733322408,0.040914044,0.0055005734,-0.00788869643,-0.0185471826,-3.02479743,1712.54261
0.0733686926,0.00729285993,0.00610309409,-0.000624445524,-0.0522536958,-1.99765763,1708.62863
0.0734877702,0.00817490128,0.00661795958,-0.000767120326,-0.05125545,-2.05487642,1708.4299
0.0735882155,0.115035914,-0.00437033273,-0.00111858158,0.0357484483,-4.40263905,1701.12197
0.07361541,0.00912036556,0.00712244924,-0.000932042383,-0.0501923582,-2.11442334,1708.24224
0.0737522278,0.0101338132,0.00761078733,-0.00112127642,-0.0490615868,-2.17622862,1708.07213
0.0737663583,0.0442136074,0.00435805077,-0.00832279963,-0.0160636468,-3.03207237,1713.18567
0.0738988833,0.0112201325,0.00807643405,-0.00133686815,-0.04786043,-2.24017379,1707.92719
0.0739097508,0.117715008,-0.00378155539,-0.00080817144,0.0378039546,-4.587804,1700.0616
0.0739225298,0.0803647536,-0.00641520523,-0.00707285054,0.0106515485,-2.98751822,1712.03225
0.0740560841,0.0123845633,0.00851205187,-0.00158078412,-0.0465863518,-2.30607756,1707.81626
0.0742097171,0.120214384,-0.00320686554,-0.00055652069,0.0397416254,-4.77122503,1699.04113
0.0742245884,0.0136327222,0.00890948356,-0.00185483331,-0.0452370282,-2.37368742,1707.74919
0.0742316909,0.0477504251,0.00307891702,-0.00868087204,-0.013447991,-3.02683379,1713.75523
0.074405209,0.0149706296,0.00925974773,-0.00216057155,-0.0438103833,-2.44265744,1707.73663
0.0744895613,0.1225461,-0.00265860429,-0.000356289308,0.0415688591,-4.95129692,1698.06266
0.0745558693,0.0853696328,-0.00703026043,-0.00625642817,0.014340894,-3.03948109,1711.09638
0.074598817,0.0164047389,0.00955305806,-0.00249918676,-0.0423046164,-2.51252507,1707.78954
0.0747304832,0.0515415566,0.00168139345,-0.00894130575,-0.0106802376,-3.01240873,1714.22258
0.0747506333,0.124721401,-0.00214571234,-0.000200251282,0.0432924211,-5.12675495,1697.12732
0.0748063463,0.0179419674,0.00977887226,-0.00287135833,-0.0407182136,-2.58269579,1707.91852
0.0749941921,0.12675078,-0.00167423951,-8.1567449e-05,0.0449184598,-5.29663215,1696.23556
0.075028798,0.0195897299,0.00992598096,-0.0032770957,-0.0390499358,-2.65242268,1708.13291
0.0751467235,0.0900387783,-0.00733660173,-0.00543272439,0.0178420069,-3.11714336,1710.03685
0.0752214128,0.128644026,-0.00124783256,6.07171025e-06,0.0464525535,-5.46019315,1695.38734
0.075265141,0.0556052884,0.000193471917,-0.00908354806,-0.00773529972,-2.9867486,1714.55857
0.075267245,0.0213559743,0.0099826465,-0.00371555159,-0.0372987733,-2.72079177,1708.43972
0.0754333912,0.13041027,-0.000868183154,6.83203776e-05,0.0478997744,-5.61699153,1694.58226
0.0755228375,0.0232492201,0.0099368044,-0.00418481259,-0.035463858,-2.78671536,1708.84245
0.0756311498,0.132058033,-0.00053543936,0.000110097867,0.0492647584,-5.76674298,1693.81963
0.0756979425,0.0943947116,-0.00738309449,-0.00463629641,0.0211588848,-3.21911591,1708.89236
0.0757968083,0.0252785992,0.0097763415,-0.0046816672,-0.0335443179,-2.84893656,1709.33994
0.0758156425,0.133595261,-0.000248556469,0.000135693708,0.0505517743,-5.90917791,1693.09855
0.0758382432,0.0599612217,-0.00134657076,-0.00907329079,-0.00458262004,-2.94887847,1714.73255
0.0759877592,0.13502937,-5.60595468e-06,0.000148809655,0.0517647857,-6.04425507,1692.41791
0.0760904789,0.0274539002,0.0094894666,-0.00520137071,-0.0315390633,-2.90605807,1709.92549
0.0761483301,0.136367278,0.000195965,0.000152511648,0.052907505,-6.17207214,1691.77645
0.0762121851,0.0984584434,-0.00721851176,-0.00389102691,0.0242962259,-3.3422728,1707.69578
0.0762981297,0.137615437,0.000359127671,0.000149310928,0.0539834373,-6.29273881,1691.17277
0.0764052658,0.0297856156,0.00906520092,-0.00573736178,-0.0294464974,-2.95654456,1710.58645
0.0764378805,0.138779867,0.000487097895,0.000141269085,0.0549959153,-6.40640735,1690.60536
0.0764525542,0.0646303672,-0.00288810163,-0.00888408537,-0.00118609195,-2.91239155,1714.71068
0.0765682567,0.139866187,0.000583200442,0.000130045743,0.0559481248,-6.51328685,1690.07266
0.0766898871,0.140879634,0.00065075826,0.000116946654,0.0568431243,-6.61362916,1689.57304
0.0766919316,0.102249575,-0.00688909263,-0.00321149177,0.0272599463,-3.48308471,1706.47424
0.0767426873,0.0322849924,0.00849396095,-0.00628106467,-0.027264121,-2.99882429,1711.30441
0.0768033584,0.141825099,0.000693019434,0.000102959573,0.0576838575,-6.70785334,1689.10483
0.0769092178,0.14270714,0.000713095142,8.88359578e-05,0.0584731617,-6.7961783,1688.6664
0.0770079761,0.143530013,0.000713901334,7.51331925e-05,0.0592137725,-6.87874678,1688.25609
0.0770710245,0,0,0,-0.0645668673,-1.62195828,1711.56431
0.0771001096,0.144297686,0.000698159489,6.22513543e-05,0.0599083267,-6.95595456,1687.87231
0.0771043711,0.0349640862,0.00776827067,-0.00682163517,-0.0249880511,-3.03138491,1712.05599
0.077111037,0.0696352464,-0.00436619921,-0.00850605545,0.00249561958,-2.88200132,1714.45444
0.0771199354,0.000357650242,0.000405222385,-2.60321324e-06,-0.0641301758,-1.63241908,1711.43475
0.0771394961,0.105786393,-0.006436987,-0.00260543253,0.0300571372,-3.63778887,1705.24936
0.0771723633,0.000741017226,0.000828435217,-8.48063499e-06,-0.0636616907,-1.65838086,1711.29573
0.0771860626,0.145013864,0.000668392699,5.04574256e-05,0.0605593627,-7.02810725,1687.51349
0.077228561,0.00115195011,0.0012695123,-1.8935062e-05,-0.0631591296,-1.68994498,1711.1469
0.0772662498,0.145681998,0.000626893494,3.99073515e-05,0.0611693215,-7.09550195,1687.17813
0.0772887996,0.00159243101,0.00172808308,-3.49208202e-05,-0.0626201457,-1.72352022,1710.988
0.0773410579,0.146305314,0.000575724963,3.06822209e-05,0.0617405455,-7.15843858,1686.86479
0.0773533696,0.00206458457,0.00220355108,-5.7310515e-05,-0.0620422683,-1.75905465,1710.81893
0.0774108478,0.146886817,0.000516734968,2.2798209e-05,0.0622752786,-7.21716437,1686.57209
0.0774225825,0.0025706882,0.00269505846,-8.71487146e-05,-0.0614229056,-1.79658741,1710.63976
0.0774759561,0.147429312,0.000451565639,1.62317724e-05,0.0627756663,-7.27193878,1686.29872
0.0774920616,0.0378358195,0.00688366804,-0.00734575788,-0.0226124426,-3.05279346,1712.81426
0.0774967721,0.00311318307,0.00320144658,-0.000125583154,-0.0607593491,-1.83616364,1710.4508
0.0775366969,0.147935415,0.000381664626,1.09222787e-05,0.0632437557,-7.32302038,1686.04345
0.0775570374,0.109085956,-0.0058994931,-0.00207528701,0.0326957599,-3.80279946,1704.03775
0.0775762963,0.00369468589,0.00372121333,-0.000173880343,-0.0600487816,-1.87783534,1710.25267
0.0775933631,0.148407569,0.000308298668,6.80372867e-06,0.0636814963,-7.3705411,1685.80511
0.077646228,0.14884805,0.000232567887,3.77924288e-06,0.0640907411,-7.41468719,1685.5826
0.0776615387,0.00431800152,0.00425246704,-0.000233428924,-0.0592882874,-1.92166322,1710.04639
0.0776955467,0.149258983,0.000155420111,1.90027138e-06,0.0644732483,-7.4556472,1685.37488
0.0777415571,0.14964235,7.76653528e-05,3.87101923e-07,0.0648306835,-7.49637601,1685.18098
0.0777529104,0.00498613648,0.00479287743,-0.000305743072,-0.0584748672,-1.9677019,1709.83346
0.077784481,0.15,0,0,0.0651645712,-7.51661581,1685
0.0778168678,0.075,-0.00570138588,-0.00792357126,0.00650763428,-2.8629659,1713.92166
0.0778508522,0.0057023135,0.00533962373,-0.000392460587,-0.0576054566,-2.01599666,1709.61598
0.0779076289,0.040914044,0.00583971631,-0.00783755008,-0.0201287981,-3.06183072,1713.55032
0.0779465695,0.112164181,-0.00530875192,-0.00161971233,0.0351842583,-3.97479398,1702.85171
0.0779558364,0.00646998704,0.00588934083,-0.000495337498,-0.0566769493,-2.06658017,1709.39677
0.0780683696,0.00729285993,0.00643806419,-0.000616237547,-0.0556862249,-2.11946817,1709.17954
0.0781889943,0.00817490128,0.00698117462,-0.000757115302,-0.0546301824,-2.17465383,1708.96897
0.0783099713,0.115035914,-0.00469172991,-0.00123475501,0.0375311925,-4.15081623,1701.69991
0.0783182926,0.00912036556,0.00751334464,-0.000919991342,-0.0535057774,-2.23210051,1708.77088
0.0783530775,0.0442136074,0.00464112934,-0.00827855302,-0.0175252237,-3.05769467,1714.23471
0.078456888,0.0101338132,0.00802848844,-0.00110691815,-0.0523100644,-2.29173286,1708.59234
0.0785226987,0.0803647536,-0.00673589891,-0.00718788523,0.0106002067,-2.86685536,1713.12964
0.0786054491,0.0112201325,0.00851971783,-0.00131993363,-0.0510402421,-2.35342361,1708.4417
0.0786489957,0.117715008,-0.00407044085,-0.000914765154,0.0397449433,-4.32833522,1700.58822
0.0787646925,0.0123845633,0.00897930778,-0.00156100243,-0.0496937003,-2.4169794,1708.32859
0.0788305559,0.0477504251,0.00329912012,-0.00864728112,-0.0147856382,-3.03979884,1714.83839
0.0789353862,0.0136327222,0.00939867499,-0.00183194046,-0.0482680653,-2.48212625,1708.26379
0.0789652778,0.120214384,-0.00346232567,-0.000653161286,0.0418335005,-4.50522073,1699.52033
0.0791183535,0.0149706296,0.00976837533,-0.00213432162,-0.0467612411,-2.54848731,1708.25887
0.0791811815,0.0853696328,-0.00740021278,-0.00639459624,0.0144978821,-2.89597456,1712.15958
0.0792603434,0.1225461,-0.00288072132,-0.000442977234,0.0438043396,-4.67972981,1698.49838
0.0793144771,0.0164047389,0.0100781262,-0.0024693658,-0.0451714406,-2.61556068,1708.3257
0.0793423673,0.0515415566,0.0018326933,-0.0089223041,-0.0118889944,-3.01051443,1715.33283
0.0795247029,0.0179419674,0.0103168606,-0.00283780332,-0.0434972006,-2.68269903,1708.47568
0.0795356156,0.124721401,-0.00233537367,-0.000277267326,0.0456643675,-4.85046826,1697.52335
0.079750045,0.0195897299,0.010472824,-0.00323971782,-0.0417373721,-2.74908848,1708.71867
0.0797924222,0.12675078,-0.00183295887,-0.000149393803,0.0474199165,-5.01635073,1696.59549
0.0797954925,0.0900387783,-0.00774051553,-0.00558799666,0.018205834,-2.95225057,1711.05623
0.0798909803,0.0556052884,0.000270581858,-0.00908253274,-0.00880858358,-2.96910419,1715.68941
0.0799915901,0.0213559743,0.0105337227,-0.003674365,-0.0398910767,-2.81373369,1709.06185
0.0800320018,0.128644026,-0.00137759021,-5.31623089e-05,0.0490767777,-5.17652676,1695.71446
0.0802505036,0.0232492201,0.0104869384,-0.00413996925,-0.037957617,-2.87545165,1709.50832
0.0802555102,0.13041027,-0.000971280389,1.69704462e-05,0.0506402544,-5.33053357,1694.87956
0.0803685946,0.0943947116,-0.00780694215,-0.00480273862,0.0217272397,-3.03451955,1709.85991
0.0804640253,0.132058033,-0.000614374087,6.58757548e-05,0.0521152239,-5.47789026,1694.08982
0.0804790412,0.0599612217,-0.00134770762,-0.00909552775,-0.00551151281,-2.91363671,1715.87792
0.0805280341,0.0252785992,0.0103198219,-0.00463350027,-0.0359363268,-2.93287896,1710.05594
0.080658553,0.133595261,-0.000305934692,9.79035845e-05,0.0535062012,-5.61827544,1693.34402
0.0808255204,0.0274539002,0.0100200826,-0.00515043601,-0.0338263469,-2.98449614,1710.69638
0.0808400315,0.13502937,-4.40534234e-05,0.000116754799,0.0548173974,-5.75168561,1692.6408
0.0809032524,0.0984584434,-0.00764996395,-0.00406305541,0.0250657545,-3.13975506,1708.60553
0.0810093362,0.136367278,0.000173875917,0.00012550285,0.056052771,-5.87809323,1691.97865
0.0811093865,0.0646303672,-0.00297046844,-0.00893407947,-0.00195845312,-2.85704015,1715.86456
0.0811443973,0.0297856156,0.00957630178,-0.0056845083,-0.0316263234,-3.02866437,1711.41483
0.0811672837,0.137615437,0.000350921884,0.000126724206,0.0572160707,-5.99757082,1691.35596
0.081314636,0.138779867,0.000490432061,0.000122528275,0.0583108686,-6.11026169,1690.77104
0.0814020447,0.102249575,-0.00731750977,-0.0033841831,0.0282262358,-3.26444434,1707.3225
0.0814521036,0.139866187,0.000595885815,0.000114612265,0.059340586,-6.21635639,1690.22216
0.0814862031,0.0322849924,0.00897852693,-0.00622747503,-0.0293339899,-3.06371338,1712.19035
0.0815803497,0.140879634,0.000670778982,0.000104340812,0.0603085115,-6.31601988,1689.70754
0.0816999929,0.141825099,0.000718537317,9.27773734e-05,0.0612178134,-6.40955794,1689.22543
0.0817850565,0.0696352464,-0.00453051717,-0.00858685318,0.00189621371,-2.80519322,1715.60996
0.0818116103,0.14270714,0.000742472423,8.06707298e-05,0.0620715482,-6.49760308,1688.77404
0.0818525862,0.0349640862,0.00821901944,-0.00676890212,-0.0269456514,-3.08799894,1712.99709
0.0818673773,0.105786393,-0.0068534352,-0.00277467829,0.0312148254,-3.40483196,1706.03461
0.0819157403,0.143530013,0.000745704602,6.86440627e-05,0.0628726646,-6.57999799,1688.35168
0.0820128851,0.144297686,0.00073112577,5.71663655e-05,0.0636240057,-6.65663927,1687.95665
0.0820242274,0,0,0,-0.0687164526,-1.77095905,1712.30729
0.0820731307,0.000357650242,0.000427066958,-2.56475532e-06,-0.0682539819,-1.78079264,1712.16892
0.0821035133,0.145013864,0.000701408059,4.65433965e-05,0.0643283099,-6.72834313,1687.58733
0.0821255504,0.000741017226,0.000873095471,-8.36376368e-06,-0.0677578871,-1.80543407,1712.02051
0.0821817393,0.00115195011,0.00133794839,-1.86654724e-05,-0.067225767,-1.83560688,1711.86169
0.082188062,0.145681998,0.000658987463,3.69682281e-05,0.0649882108,-6.79552826,1687.24217
0.0822419684,0.00159243101,0.00182123458,-3.44253766e-05,-0.066655149,-1.86770237,1711.69219
0.0822453141,0.0378358195,0.00729318593,-0.00729596003,-0.0244555629,-3.10000248,1713.80593
0.0822669392,0.146305314,0.000606069865,2.85230632e-05,0.0656062366,-6.85828889,1686.91966
0.0823014949,0.109085956,-0.00629676375,-0.00223785857,0.0340387076,-3.55727958,1704.76036
0.0823065284,0.00206458457,0.00232232481,-5.65001362e-05,-0.0660434307,-1.90168043,1711.51192
0.0823405251,0.146886817,0.000544636849,2.12583198e-05,0.0661848098,-6.91685814,1686.61839
0.0823757305,0.0025706882,0.00284031434,-8.59214695e-05,-0.0653878841,-1.93758025,1711.32098
0.0824091748,0.147429312,0.000476450824,1.51760677e-05,0.0667262469,-6.97150498,1686.33701
0.0824499085,0.00311318307,0.00337398153,-0.000123822424,-0.06468566,-1.97544908,1711.1197
0.0824732194,0.147935415,0.000403067449,1.02359592e-05,0.0672327583,-7.02248287,1686.07424
0.0825093105,0.075,-0.00594504972,-0.00803772376,0.00610310187,-2.76154266,1715.06985
0.0825294203,0.00369468589,0.00392174283,-0.000171454213,-0.0639337966,-2.01533855,1710.90879
0.0825329678,0.148407569,0.000325849705,6.38975454e-06,0.0677064498,-7.0699206,1685.82889
0.0825887082,0.14884805,0.000245982835,3.5573906e-06,0.0681493228,-7.11400084,1685.59982
0.0826146494,0.00431800152,0.00448160442,-0.00023018912,-0.0631292318,-2.05730938,1710.68935
0.0826407094,0.149258983,0.000164489348,1.79756218e-06,0.0685632769,-7.15493182,1685.38596
0.0826662809,0.040914044,0.00620059594,-0.00779329348,-0.0218551808,-3.0984425,1714.58643
0.0826892224,0.14964235,8.22443018e-05,3.51635206e-07,0.0689501118,-7.19553128,1685.18633
0.0827060068,0.00498613648,0.00505111059,-0.00030152422,-0.0622688184,-2.10141628,1710.46302
0.0827064912,0.112164181,-0.00568130472,-0.00177321642,0.036705742,-3.71834521,1703.5136
0.082734481,0.15,0,0,0.0693114733,-7.21564997,1685
0.0828039333,0.0057023135,0.00562728937,-0.000387079732,-0.0613493447,-2.14770467,1710.2321
0.0829089012,0.00646998704,0.00620659602,-0.000488594028,-0.0603675597,-2.19620716,1709.99966
0.0830214167,0.00729285993,0.00678485541,-0.000607913661,-0.0593202036,-2.24693888,1709.76973
0.08308432,0.115035914,-0.00503557002,-0.00137756895,0.0392240905,-3.88493415,1702.30411
0.0831175172,0.0442136074,0.0049461315,-0.00824294693,-0.0191323393,-3.0823889,1715.30838
0.0831420227,0.00817490128,0.00735720442,-0.000746977205,-0.0582040435,-2.29989133,1709.5474
0.0832335644,0.0803647536,-0.00704866402,-0.00733315436,0.0104036554,-2.74030986,1714.25962
0.0832713008,0.00912036556,0.00791803614,-0.000907791409,-0.0570159148,-2.35502445,1709.339
0.0834098745,0.0101338132,0.00846094801,-0.00109239821,-0.0557527664,-2.4122569,1709.1522
0.0834368034,0.117715008,-0.00438297249,-0.00104592023,0.0416018998,-4.05437324,1701.13846
0.0835584124,0.0112201325,0.00897869683,-0.00130283047,-0.0544117112,-2.47145263,1708.99609
0.0836011996,0.0477504251,0.00354140154,-0.00862426229,-0.0162703591,-3.05124267,1715.94271
0.0837176309,0.0123845633,0.00946316314,-0.00154105407,-0.0529900763,-2.5324016,1708.88111
0.0837656419,0.120214384,-0.003742179,-0.000772233987,0.0438470637,-4.22438048,1700.02071
0.0838882979,0.0136327222,0.00990533138,-0.00180889515,-0.0514854545,-2.59480647,1708.81892
0.0839092345,0.0853696328,-0.00776636784,-0.00656493012,0.0145096351,-2.74548284,1713.26056
0.0840712368,0.0149706296,0.0102952898,-0.00210795082,-0.0498957496,-2.65826184,1708.82202
0.0840724214,0.1225461,-0.00312756796,-0.000549973513,0.0459670702,-4.39306494,1698.95307
0.084119661,0.0515415566,0.00200600594,-0.0089160958,-0.0132471436,-3.00679845,1716.46151
0.0842673297,0.0164047389,0.0106222555,-0.00243947989,-0.0482192128,-2.7222244,1708.90317
0.0843586218,0.124721401,-0.00254974189,-0.00037252062,0.0479689196,-4.55889414,1697.93643
0.0844775227,0.0179419674,0.0108746343,-0.00280427201,-0.0464544616,-2.78599198,1709.0745
0.0845395797,0.0900387783,-0.00814512201,-0.00577667401,0.0184259292,-2.77924985,1712.11776
0.0846256235,0.12675078,-0.00201605665,-0.000233460731,0.049859098,-4.72064765,1696.97079
0.0846754022,0.0556052884,0.000369284027,-0.00909609989,-0.0100343274,-2.94838314,1716.837
0.0847028295,0.0195897299,0.0110401257,-0.003202495,-0.0446004742,-2.84868276,1709.34635
0.0848747144,0.128644026,-0.0015311406,-0.000126775131,0.051643592,-4.87740333,1696.05551
0.084944337,0.0213559743,0.0111058816,-0.00363351976,-0.0426565468,-2.90921938,1709.72596
0.085107096,0.13041027,-0.00109738323,-4.70249852e-05,0.0533279279,-5.02854272,1695.18957
0.0851276406,0.0943947116,-0.00823607783,-0.00500320732,0.0221547697,-2.84082977,1710.87269
0.08520321,0.0232492201,0.0110587339,-0.004095723,-0.0406222036,-2.96632384,1710.21592
0.0852711039,0.0599612217,-0.00132786549,-0.00913488555,-0.00659656811,-2.87632134,1717.03982
0.0853238891,0.132058033,-0.000715376981,1.06492288e-05,0.0549172236,-5.17349504,1694.37163
0.0854806972,0.0252785992,0.0108855041,-0.00458627226,-0.0384970438,-3.01852749,1710.81299
0.0855261394,0.133595261,-0.000384317969,5.0583415e-05,0.0564162444,-5.31191737,1693.60016
0.0856762537,0.0984584434,-0.00809119851,-0.00426906504,0.0256985716,-2.92712584,1709.56211
0.0857148226,0.13502937,-0.000102348333,7.64820604e-05,0.0578294565,-5.44370954,1692.87351
0.0857781371,0.0274539002,0.0105734106,-0.00510088782,-0.0362805084,-3.06419287,1711.50706
0.0858908486,0.136367278,0.00013315545,9.14610344e-05,0.0591610746,-5.56879073,1692.18989
0.0859096393,0.0646303672,-0.00303306423,-0.00900579994,-0.00289108753,-2.79951297,1717.03654
0.0860550666,0.137615437,0.000325335979,9.81475488e-05,0.0604151021,-5.68718691,1691.54747
0.0860969642,0.0297856156,0.0101106017,-0.00563361684,-0.0339715594,-3.10158335,1712.28106
0.086188065,0.102249575,-0.00775991403,-0.00359024742,0.0290609024,-3.03468427,1708.21769
0.0862082686,0.138779867,0.000477656074,9.87077293e-05,0.061595363,-5.79900134,1690.94436
0.0863511937,0.139866187,0.000593739367,9.49030605e-05,0.0627055257,-5.90439502,1690.37865
0.0864387166,0.0322849924,0.00948676563,-0.00617657529,-0.0315682485,-3.12893299,1713.11152
0.0864845312,0.140879634,0.000677245028,8.81364018e-05,0.0637491214,-6.00352939,1689.84843
0.0865940885,0.0696352464,-0.0046772062,-0.00869228093,0.00113239887,-2.72374695,1716.78726
0.0866089242,0.141825099,0.000731767825,7.95787957e-05,0.0647295551,-6.09640005,1689.35181
0.0866655435,0.105786393,-0.00728764379,-0.00297618947,0.0322467179,-3.15984726,1706.86559
0.0867249727,0.14270714,0.000760773931,7.00688792e-05,0.0656501134,-6.18348906,1688.88693
0.0868050425,0.0349640862,0.00869390901,-0.00671976334,-0.0290671596,-3.14447489,1713.97012
0.0868332366,0.143530013,0.000767542062,6.03590248e-05,0.0665139688,-6.26554087,1688.45197
0.086934238,0.144297686,0.00075518375,5.07990802e-05,0.0673241815,-6.34242734,1688.04519
0.0870284641,0.145013864,0.000726546198,4.16529441e-05,0.0680836994,-6.41428554,1687.66488
0.087110992,0.109085956,-0.00671505168,-0.00243120207,0.035262202,-3.29892575,1705.52652
0.0871163694,0.145681998,0.000684189129,3.32824181e-05,0.0687953581,-6.48148463,1687.30944
0.0871977091,0.0378358195,0.0077273035,-0.00725087115,-0.0264627364,-3.14661386,1714.82575
0.0871983779,0.146305314,0.000630463513,2.58038614e-05,0.0694618802,-6.5441763,1686.97732
0.0872588813,0,0,0,-0.0731018259,-1.92624473,1713.09244
0.0872748852,0.146886817,0.000567483142,1.93149175e-05,0.0700858746,-6.60270246,1686.66705
0.0873071059,0.000357650242,0.000449684696,-2.52514789e-06,-0.0726125074,-1.93539978,1712.9452
0.0873277527,0.075,-0.00617424582,-0.00817862288,0.0055305758,-2.65545828,1716.24574
0.0873462603,0.147429312,0.000497130759,1.38409689e-05,0.0706698361,-6.65733226,1686.37725
0.0873587981,0.000741017226,0.00091933503,-8.24367801e-06,-0.0720876661,-1.95861641,1712.78732
0.0874128474,0.147935415,0.000421070664,9.36656142e-06,0.071216146,-6.70831194,1686.10661
0.0874142072,0.00115195011,0.00140880169,-1.83876838e-05,-0.0715247805,-1.9872907,1712.61842
0.0874736005,0.00159243101,0.00191767218,-3.39148576e-05,-0.0709212483,-2.01779074,1712.43824
0.0874749678,0.148407569,0.000340763059,5.86473133e-06,0.0717270724,-6.75576765,1685.85389
0.0875265593,0.112164181,-0.00607755911,-0.00195571169,0.0381144311,-3.44836211,1704.21616
0.087532921,0.14884805,0.000257479558,3.27601492e-06,0.0722047716,-6.79987816,1685.61792
0.0875372644,0.00206458457,0.00244528329,-5.56651556e-05,-0.0702743332,-2.05008903,1712.24669
0.0875869867,0.149258983,0.000172318797,1.66769497e-06,0.0726512903,-6.84087923,1685.39762
0.0876055061,0.0025706882,0.00299068193,-8.46571739e-05,-0.0695811677,-2.08422454,1712.04388
0.0876186102,0.040914044,0.00658650946,-0.00775501502,-0.0237464809,-3.1339952,1715.64663
0.0876374256,0.14964235,8.62224653e-05,3.06178072e-07,0.0730685675,-6.88141397,1685.19197
0.0876786546,0.00311318307,0.00355258142,-0.000122008923,-0.0688387594,-2.12024646,1711.83021
0.087684481,0.15,0,0,0.0734583754,-6.90142473,1685
0.0877570629,0.00369468589,0.00412931441,-0.000168956037,-0.0680440003,-2.15820563,1711.60643
0.0878411091,0.00431800152,0.00471878202,-0.000226854175,-0.0671936797,-2.1981623,1711.37376
0.0879142499,0.115035914,-0.00540521068,-0.00154738601,0.040811,-3.60493108,1702.94574
0.0879311987,0.00498613648,0.00531839975,-0.000297183122,-0.0662845018,-2.2401708,1711.13397
0.0880277661,0.0057023135,0.00592504056,-0.000381545412,-0.0653131074,-2.28427622,1710.88956
0.088061417,0.0803647536,-0.00735112869,-0.00750815771,0.0100369473,-2.6082296,1715.42463
0.088069776,0.0442136074,0.00527661653,-0.008214936,-0.0209060325,-3.10559454,1716.40211
0.0881312771,0.00646998704,0.00653497576,-0.000481661797,-0.0642761017,-2.33051054,1710.64386
0.0882422311,0.00729285993,0.00714381486,-0.000599361871,-0.0631700874,-2.37888769,1710.40121
0.0882759336,0.117715008,-0.00472283351,-0.0012019653,0.0433596848,-3.76581216,1701.72276
0.0883611632,0.00817490128,0.00774644565,-0.000736568699,-0.0619917037,-2.42939682,1710.16713
0.0884886471,0.00912036556,0.00833697632,-0.00089527607,-0.060737671,-2.48199374,1709.94846
0.0885533829,0.0477504251,0.00380949947,-0.00861067798,-0.0179241703,-3.06083461,1717.06347
0.0886133552,0.120214384,-0.00405035574,-0.000914027625,0.0457681761,-3.92856469,1700.55184
0.0886252977,0.0101338132,0.00890868201,-0.00107751639,-0.0594048409,-2.53659009,1709.75348
0.0887458662,0.0853696328,-0.00812685764,-0.00676690179,0.0143509305,-2.58851325,1714.40401
0.0887717741,0.0112201325,0.00945395914,-0.0012853204,-0.0579902505,-2.59304237,1709.59199
0.0889281421,0.1225461,-0.00340324625,-0.000677524312,0.0480438938,-4.0911402,1699.43541
0.0889287828,0.0123845633,0.00996428914,-0.00152065706,-0.0564911787,-2.65112087,1709.47526
0.0890717633,0.0515415566,0.0022051424,-0.00892114134,-0.0147777644,-3.00090974,1717.60374
0.0890970812,0.0136327222,0.0104302195,-0.00178536551,-0.054905202,-2.71050055,1709.41581
0.0892218126,0.124721401,-0.00279302117,-0.000486211928,0.0501938748,-4.25185687,1698.37433
0.0892774811,0.0149706296,0.0108413667,-0.00208107151,-0.0532302464,-2.77075034,1709.42707
0.0893844016,0.0900387783,-0.00854919845,-0.005998391,0.0184770957,-2.59863367,1713.2284
0.0894708525,0.0164047389,0.0111864449,-0.0024090783,-0.0514646285,-2.83128525,1709.52262
0.0894957834,0.12675078,-0.00222777647,-0.000333932485,0.0522247214,-4.40934732,1697.36838
0.0896274178,0.0556052884,0.000493634332,-0.00912329366,-0.0114367461,-2.92530019,1717.99646
0.0896781283,0.0179419674,0.0114533318,-0.00277024272,-0.0496070803,-2.89134601,1709.71528
0.0897513759,0.128644026,-0.00171271424,-0.000214875239,0.0541425927,-4.56262078,1696.41662
0.0899003082,0.0195897299,0.0116291819,-0.00316482585,-0.0476567466,-2.94998232,1710.01581
0.0899801032,0.0943947116,-0.00867012792,-0.0052374626,0.022416576,-2.63846712,1711.9398
0.0899898229,0.13041027,-0.00125065186,-0.000123724237,0.055953227,-4.71086678,1695.51765
0.0901384639,0.0213559743,0.0117005957,-0.00359232506,-0.0456131463,-3.00603516,1710.43138
0.0902122746,0.132058033,-0.000842484849,-5.56289797e-05,0.0576619802,-4.85342855,1694.66978
0.0902230265,0.0599612217,-0.00128349635,-0.00919078381,-0.00786318764,-2.83670271,1718.21351
0.0903937441,0.0232492201,0.0116538603,-0.004051283,-0.0434760812,-3.05813295,1710.96402
0.090419804,0.133595261,-0.000487593221,-6.28065085e-06,0.0592738716,-4.98994779,1693.87111
0.0905358445,0.0984584434,-0.00854262769,-0.00450882178,0.0261703126,-2.70476066,1710.57647
0.090613412,0.13502937,-0.000184206938,2.80258507e-05,0.0607936309,-5.12019999,1693.11966
0.0906673802,0.0252785992,0.0114752747,-0.00453908079,-0.0412454801,-3.10470465,1711.60921
0.0907940325,0.136367278,7.0281951e-05,5.04606066e-05,0.0622257401,-5.24405194,1692.41336
0.0908614622,0.0646303672,-0.00307233951,-0.00909739048,-0.00401059464,-2.73876626,1718.22233
0.090960692,0.0274539002,0.0111515738,-0.00505170112,-0.0389211595,-3.14400183,1712.35501
0.0909625368,0.137615437,0.000279061047,6.37074542e-05,0.0635744703,-5.36147895,1691.75011
0.0910543059,0.102249575,-0.00821742094,-0.00382949624,0.0297403135,-2.79411347,1709.17223
0.0911197376,0.138779867,0.00044568373,7.00002353e-05,0.0648439109,-5.47253757,1691.12779
0.0912663932,0.139866187,0.000573897171,7.1174577e-05,0.0660379924,-5.57735078,1690.54433
0.0912750942,0.0297856156,0.0106704795,-0.00558352673,-0.0365024807,-3.17419453,1713.18198
0.0914032109,0.140879634,0.000667507271,6.87114503e-05,0.0671605025,-5.67609702,1689.99764
0.0915308508,0.141825099,0.000730273091,6.38073032e-05,0.0682150969,-5.76892239,1689.48571
0.0915379882,0.105786393,-0.0077413792,-0.00320982646,0.0331300728,-2.90306471,1707.75572
0.0915458045,0.0696352464,-0.0048023179,-0.00882045707,0.000176420404,-2.63821402,1717.98292
0.0916121035,0.0322849924,0.0100213292,-0.00612705653,-0.0339879041,-3.19342295,1714.06413
0.0916499283,0.14270714,0.000765807804,5.73951119e-05,0.0692053063,-5.8559942,1689.00656
0.0917610181,0.143530013,0.000777525874,5.0233065e-05,0.0701345395,-5.93774448,1688.55829
0.0918646557,0.144297686,0.0007686871,4.2818034e-05,0.0710060856,-6.01441687,1688.13907
0.0919613412,0.145013864,0.000742322432,3.55137834e-05,0.0718231138,-6.08623026,1687.74713
0.0919733454,0.0349640862,0.00919587797,-0.00667275204,-0.0313743889,-3.19981652,1714.97074
0.0919892246,0.109085956,-0.0071567123,-0.00265522351,0.0363445119,-3.02787385,1706.35015
0.092051541,0.145681998,0.000701178908,2.86395161e-05,0.0725886728,-6.1534489,1687.38081
0.09213569,0.146305314,0.000647753564,2.23811496e-05,0.0733056896,-6.21623005,1687.0385
0.0922141942,0.146886817,0.000584287568,1.68654136e-05,0.0739769691,-6.27486177,1686.7187
0.0922793542,0.075,-0.00638561439,-0.00834501559,0.00476127007,-2.54510939,1717.44739
0.0922874323,0.147429312,0.000512781299,1.21559411e-05,0.0746051938,-6.32961512,1686.41997
0.0923557574,0.147935415,0.000435006482,8.26763464e-06,0.0751929236,-6.38073185,1686.14097
0.0923605623,0.0378358195,0.00818925525,-0.00720883495,-0.0286566667,-3.19170935,1715.86882
0.0924101914,0.112164181,-0.00650038819,-0.00216713413,0.0393896897,-3.1648938,1704.97343
0.0924194992,0.148407569,0.000352520335,5.20000597e-06,0.0757425974,-6.42833589,1685.88043
0.0924789651,0.14884805,0.000266681396,2.91934761e-06,0.0762565335,-6.47260049,1685.63715
0.092534442,0.149258983,0.000178665515,1.50353347e-06,0.0767369324,-6.51380049,1685.41001
0.0925861974,0.14964235,8.94824698e-05,2.48280447e-07,0.0771858789,-6.55436154,1685.19795
0.092634481,0.15,0,0,0.0776052775,-6.57428754,1685
0.0927756218,0.040914044,0.0070009913,-0.00772095055,-0.0258263813,-3.16768357,1716.72554
0.092790979,0,0,0,-0.077736385,-2.08666573,1713.92215
0.0928029193,0.115035914,-0.0058039646,-0.00174416145,0.0422724337,-3.3107766,1703.63855
0.0928378157,0.000357650242,0.000473065193,-2.4837354e-06,-0.0772192779,-2.09508702,1713.76594
0.0928880202,0.000741017226,0.000967134021,-8.11823545e-06,-0.0766646902,-2.11676566,1713.5985
0.0929418346,0.00115195011,0.00148204403,-1.80969328e-05,-0.0760699785,-2.14382444,1713.41943
0.0929995185,0.00159243101,0.00201736081,-3.33805613e-05,-0.0754324088,-2.17260271,1713.22847
0.0930129039,0.0803647536,-0.00764050488,-0.00771152551,0.00947054989,-2.47109262,1716.62489
0.0930613502,0.00206458457,0.00257238642,-5.47913373e-05,-0.0747491082,-2.20308642,1713.02553
0.0931276278,0.0025706882,0.00314611815,-8.33341553e-05,-0.074017068,-2.23531394,1712.81075
0.0931693024,0.117715008,-0.00509369373,-0.00138286517,0.0449999854,-3.46255009,1702.35432
0.0931986711,0.00311318307,0.00373720282,-0.000120111286,-0.0732331507,-2.26933621,1712.58457
0.0932205262,0.0442136074,0.00563630576,-0.00819251038,-0.0228710617,-3.12663699,1717.51005
0.0932748228,0.00369468589,0.00434388732,-0.000166342096,-0.0723941007,-2.30520275,1712.34781
0.0933564502,0.00431800152,0.00496396537,-0.000223364899,-0.0714965582,-2.34297284,1712.10179
0.0934439469,0.00498613648,0.00559472098,-0.000292641464,-0.0705370785,-2.38269988,1711.84844
0.0935111081,0.120214384,-0.00439080048,-0.00107850784,0.0475797029,-3.61760921,1701.12619
0.0935377351,0.0057023135,0.00623286886,-0.000375755954,-0.0695121557,-2.42442803,1711.59043
0.0936382671,0.00646998704,0.00687449288,-0.000474410871,-0.0684182532,-2.46818806,1711.33137
0.0936972462,0.0853696328,-0.00847960027,-0.00699930387,0.0139918551,-2.42584216,1715.59262
0.0936974212,0.0477504251,0.00410731218,-0.008604344,-0.0197730022,-3.06803722,1718.19433
0.0937460278,0.00729285993,0.00751498337,-0.000590418348,-0.0672518394,-2.5139921,1711.07591
0.0938299851,0.1225461,-0.00371189596,-0.00082559016,0.0500188405,-3.77373956,1699.95699
0.093861537,0.00817490128,0.00814897494,-0.000725685631,-0.0660094305,-2.56182639,1710.83001
0.0939853518,0.00912036556,0.00877028671,-0.00088219359,-0.064687639,-2.61164187,1710.60099
0.0941180696,0.0101338132,0.0093718673,-0.00106196533,-0.0632832282,-2.6633409,1710.39776
0.0941274714,0.124721401,-0.00306947195,-0.000618291183,0.0523244015,-3.92909915,1698.84769
0.0942086073,0.0515415566,0.00243438208,-0.00893501949,-0.016508052,-2.9923119,1718.75277
0.0942603303,0.0112201325,0.00994574846,-0.0012670291,-0.0617931718,-2.71676948,1710.23082
0.0943356819,0.0900387783,-0.0089513147,-0.00625216966,0.0183293881,-2.41127587,1714.39351
0.0944050019,0.12675078,-0.00247243155,-0.000450759394,0.0545030556,-4.08217099,1697.79793
0.0944128203,0.0123845633,0.0104830092,-0.00149935841,-0.0602147159,-2.77168678,1710.11225
0.0945762751,0.0136327222,0.0109737579,-0.00176080993,-0.0585454407,-2.82774053,1710.05542
0.0946639153,0.128644026,-0.00192662183,-0.00031740178,0.0565611051,-4.2318402,1696.80651
0.094751483,0.0149706296,0.0114071371,-0.0020530417,-0.0567833188,-2.88446403,1710.07463
0.09475655,0.0556052884,0.000648116675,-0.00916238898,-0.0130443815,-2.90033762,1719.16062
0.0949054605,0.13041027,-0.00143535301,-0.000213034335,0.0585044843,-4.37715158,1695.87166
0.0949312905,0.0943947116,-0.00910843236,-0.00550459035,0.0224829981,-2.42801524,1713.06926
0.0949392892,0.0164047389,0.0117713566,-0.00237740509,-0.0549267623,-2.94123314,1710.18428
0.0951308026,0.132058033,-0.000999878876,-0.000132859718,0.060338782,-4.51735051,1694.9913
0.0951405995,0.0179419674,0.0120537673,-0.00273483056,-0.0529746538,-2.99723384,1710.39781
0.0953410283,0.133595261,-0.000619820518,-7.25920129e-05,0.0620692746,-4.6520046,1694.16317
0.0953438924,0.0599612217,-0.00120980381,-0.00926170137,-0.00934131509,-2.79336532,1719.39161
0.095356385,0.0195897299,0.0122409809,-0.00312568126,-0.050926349,-3.05144885,1710.72629
0.095486945,0.0984584434,-0.00900436789,-0.00478148701,0.0264518823,-2.47313368,1711.65904
0.0955371519,0.13502937,-0.000293548354,-2.85124316e-05,0.0637009633,-4.78079389,1693.38488
0.0955876865,0.0213559743,0.0123190511,-0.00354959221,-0.0487816408,-3.10263962,1711.17679
0.0957201193,0.136367278,-1.85133304e-05,2.59989368e-06,0.0652386094,-4.90351923,1692.65407
0.0958356197,0.0232492201,0.0122737266,-0.00400528589,-0.0465406696,-3.14934391,1711.75063
0.095890813,0.137615437,0.000208478829,2.34926234e-05,0.0666867663,-5.0200989,1691.96834
0.0959734676,0.0646303672,-0.00308360787,-0.00920524285,-0.00534833672,-2.67385947,1719.41464
0.0960053255,0.102249575,-0.00869086257,-0.00410119476,0.0302361789,-2.54316268,1710.19855
0.0960500563,0.138779867,0.000391039348,3.64750998e-05,0.0680498048,-5.13054008,1691.32532
0.0961013804,0.0252785992,0.0120907913,-0.00449037299,-0.0442037649,-3.18989218,1712.44195
0.0961986174,0.139866187,0.000533011383,4.34628418e-05,0.0693319338,-5.23492051,1690.72273
0.0963372129,0.140879634,0.000638323617,4.60357175e-05,0.0705372141,-5.33338825,1690.15832
0.0963862507,0.0274539002,0.0117565048,-0.00500111982,-0.041771197,-3.22243385,1713.23684
0.0964665111,0.141825099,0.000710876533,4.54185974e-05,0.0716695684,-5.42630081,1689.62991
0.0964889323,0.105786393,-0.00821614832,-0.00347498411,0.0338375998,-2.634833,1708.71899
0.0965871359,0.14270714,0.000754455596,4.26383223e-05,0.0727327873,-5.51378146,1689.13541
0.0966483121,0.0696352464,-0.0049017266,-0.00896836832,-0.00100446365,-2.55015921,1719.1903
0.0966916044,0.0297856156,0.0112581671,-0.00553226491,-0.0392428182,-3.24505146,1714.1135
0.096699669,0.143530013,0.000772703704,3.8388284e-05,0.0737305317,-5.5955973,1688.67282
0.0968046533,0.144297686,0.000768992495,3.34150599e-05,0.0746663343,-5.67213174,1688.24021
0.096902595,0.145013864,0.000746448579,2.82609882e-05,0.0755435989,-5.74383021,1687.83575
0.0969400982,0.109085956,-0.00762388261,-0.00290943167,0.0372594983,-2.74437567,1707.24631
0.0969939668,0.145681998,0.000707992865,2.31468141e-05,0.0763656003,-5.81102128,1687.45772
0.0970189144,0.0322849924,0.010584769,-0.00607672018,-0.0366175916,-3.25579546,1715.04337
0.0970792091,0.146305314,0.000656263069,1.83369585e-05,0.0771354821,-5.87400815,1687.10444
0.0971587334,0.146886817,0.000593633776,1.39745423e-05,0.0778562569,-5.93289479,1686.77437
0.097232923,0.147429312,0.000522226035,1.01686312e-05,0.0785308053,-5.98791142,1686.46603
0.0973021359,0.147935415,0.00044392183,6.97228634e-06,0.0791618765,-6.03929427,1686.17802
0.0973609993,0.112164181,-0.00695249678,-0.00240708157,0.0405066401,-2.86809461,1705.80099
0.0973667059,0.148407569,0.000360378336,4.41692322e-06,0.0797520891,-6.08716853,1685.90905
0.0973697597,0.0349640862,0.00972781012,-0.00662544244,-0.0338929643,-3.25270731,1715.99342
0.0973716812,0.075,-0.00657529448,-0.00853507548,0.0037611961,-2.43082974,1718.66957
0.0974269445,0.14884805,0.000273043884,2.49991388e-06,0.0803039323,-6.13169969,1685.65788
0.0974831422,0.149258983,0.000183174328,1.31146326e-06,0.0808197686,-6.17321739,1685.42336
0.0975355701,0.14964235,9.18502906e-05,1.80130453e-07,0.0813018363,-6.21388717,1685.2044
0.097584481,0.15,0,0,0.0817521796,-6.23374672,1685
0.0977458323,0.0378358195,0.00868225963,-0.00716714817,-0.0310640642,-3.23405366,1716.92893
0.0977536658,0.115035914,-0.0062350149,-0.00196756394,0.0435848485,-3.00253094,1704.39823
0.0980950502,0.0803647536,-0.00791358764,-0.00794087152,0.00866954395,-2.329502,1717.85729
0.0981199918,0.117715008,-0.00549912571,-0.00158834209,0.0465006342,-3.14455914,1703.04855
0.0981489464,0.040914044,0.00744764248,-0.00768820833,-0.0281227692,-3.19837752,1717.81618
0.0984617441,0.120214384,-0.0047673851,-0.00126543585,0.0492608667,-3.29140719,1701.75858
0.0985810463,0.0442136074,0.00602920615,-0.0081726481,-0.0250565932,-3.14452695,1718.62445
0.0986374218,0,0,0,-0.0826342892,-2.2501088,1714.79895
0.0986821211,0.000357650242,0.000497191433,-2.43918736e-06,-0.0820886322,-2.25773574,1714.63367
0.0987300345,0.000741017226,0.00101645775,-7.98295171e-06,-0.0815034907,-2.2777501,1714.45655
0.0987698948,0.0853696328,-0.0088224341,-0.00726029381,0.013396974,-2.25809807,1716.82597
0.0987805713,0.1225461,-0.00405760078,-0.000993959529,0.0518725145,-3.4406885,1700.53184
0.098781393,0.00115195011,0.00155762246,-1.7783081e-05,-0.0808760981,-2.30306066,1714.26718
0.0988364445,0.00159243101,0.00212022891,-3.28036746e-05,-0.0802035875,-2.32997454,1714.0653
0.0988954544,0.00206458457,0.0027035438,-5.38477079e-05,-0.0794829477,-2.35849214,1713.85082
0.0989587075,0.0025706882,0.00330651399,-8.19052567e-05,-0.0787110277,-2.38865102,1713.62392
0.0990265087,0.00311318307,0.00392771863,-0.00011806157,-0.0778845446,-2.42050384,1713.38507
0.0990442162,0.0477504251,0.00443918133,-0.00860197842,-0.0218474039,-3.07191434,1719.32672
0.0990780111,0.124721401,-0.00338330793,-0.0007685659,0.05434246,-3.59039096,1699.36963
0.0990991851,0.00369468589,0.00456531742,-0.000163518426,-0.0770000946,-2.45409845,1713.13517
0.0991770873,0.00431800152,0.005216995,-0.00021959539,-0.0760541692,-2.4894928,1712.87563
0.0992605911,0.00498613648,0.00587990185,-0.00028773476,-0.0750431757,-2.52673904,1712.60854
0.0993500992,0.0057023135,0.00655059224,-0.000369500838,-0.0739634639,-2.56588004,1712.33676
0.0993554983,0.12675078,-0.00275429138,-0.000583761876,0.0566773793,-3.73884288,1698.27159
0.0993994699,0.0900387783,-0.00935009341,-0.00653626284,0.0179472522,-2.21804618,1715.61566
0.0994460433,0.00646998704,0.00722496011,-0.000466576405,-0.0728113581,-2.60694503,1712.06414
0.0995406902,0.0515415566,0.00269830983,-0.00895464023,-0.0184700385,-2.98031448,1719.89914
0.0995488863,0.00729285993,0.00789817404,-0.000580754706,-0.0715831974,-2.64994398,1711.79569
0.0996143713,0.128644026,-0.00217712042,-0.000434184472,0.0588836775,-3.88475253,1697.23633
0.0996591242,0.00817490128,0.00856461287,-0.000713925888,-0.0702753809,-2.69485994,1711.53774
0.0997772887,0.00912036556,0.00921780405,-0.000868056732,-0.0688844215,-2.7416388,1711.29815
0.0998558788,0.13041027,-0.00165567201,-0.000314794735,0.0609674632,-4.02706923,1696.26176
0.0999039498,0.0101338132,0.00985036743,-0.00104516086,-0.0674070054,-2.79017448,1711.08642
0.0999868123,0.0943947116,-0.00955004592,-0.00580283987,0.0223187309,-2.21027314,1714.26675
0.100039718,0.0112201325,0.0104539678,-0.00124726218,-0.0658400568,-2.84029894,1710.91374
0.100072863,0.0556052884,0.000837269316,-0.00920961548,-0.0148908381,-2.87223339,1720.31926
0.100081186,0.132058033,-0.00119162583,-0.000220897547,0.062934549,-4.16492169,1695.34542
0.100185249,0.0123845633,0.0110192798,-0.00147634046,-0.0641808064,-2.89176119,1710.79295
0.100291379,0.133595261,-0.000784907438,-0.000148225374,0.0647904687,-4.29774073,1694.48464
0.100341245,0.0136327222,0.0115359726,-0.00173427229,-0.0624268599,-2.94418858,1710.7383
0.100487472,0.13502937,-0.000434084706,-9.30320623e-05,0.0665405029,-4.42514049,1693.67667
0.100508457,0.0149706296,0.0119927158,-0.0020227492,-0.060576263,-2.99707496,1710.76488
0.100534755,0.0984584434,-0.00947609844,-0.00508564398,0.0265085586,-2.23290189,1712.81849
0.100643302,0.0599612217,-0.00110170538,-0.00934309291,-0.0110661944,-2.74643748,1720.56329
0.10067041,0.136367278,-0.000136715667,-5.20525644e-05,0.0681897048,-4.54684369,1692.91876
0.100687693,0.0164047389,0.0123772179,-0.00234317563,-0.0586275563,-3.04975458,1710.88786
0.100841077,0.137615437,0.000110360142,-2.24697479e-05,0.0697429257,-4.66270317,1692.20819
0.100879816,0.0179419674,0.0126763068,-0.0026965607,-0.0565798123,-3.10136184,1711.12125
0.101000296,0.138779867,0.000310778126,-1.89240233e-06,0.0712048359,-4.77267192,1691.54235
0.101045941,0.102249575,-0.00918067808,-0.00440414441,0.0305146476,-2.28246095,1711.30801
0.101085754,0.0195897299,0.0128760582,-0.00308337773,-0.0544326444,-3.1508142,1711.47637
0.101148834,0.139866187,0.000468450346,1.16845256e-05,0.0725799412,-4.87678496,1690.91869
0.101254757,0.0646303672,-0.00306167549,-0.00932583112,-0.00694122616,-2.60608622,1720.60245
0.101287408,0.140879634,0.000587406887,1.99197384e-05,0.073872595,-4.97515488,1690.33477
0.1013065,0.0213559743,0.0129619866,-0.00350340956,-0.0521861754,-3.19679588,1711.96007
0.101416686,0.141825099,0.000671671591,2.41523799e-05,0.0750870061,-5.06793967,1689.78824
0.101522836,0.105786393,-0.00871316832,-0.00377067961,0.034336558,-2.35572514,1709.76896
0.101537292,0.14270714,0.000725175391,2.55358421e-05,0.0762272437,-5.15507713,1689.27688
0.101543119,0.0232492201,0.0129193108,-0.00395557156,-0.0498409499,-3.23775844,1712.57287
0.101649807,0.143530013,0.000751712067,2.48960176e-05,0.0772972388,-5.23698574,1688.79856
0.101754775,0.144297686,0.000754820748,2.29208158e-05,0.0783007851,-5.31421259,1688.35126
0.101796751,0.0252785992,0.0127333071,-0.00443771998,-0.0473977729,-3.27194128,1713.3075
0.101852702,0.145013864,0.000737778085,2.01738825e-05,0.0792415379,-5.38651572,1687.93306
0.10191018,0.0696352464,-0.00497067776,-0.00913288008,-0.00244879493,-2.45950471,1720.39873
0.101944059,0.145681998,0.000703625095,1.70322928e-05,0.0801230131,-5.45404498,1687.54217
0.101967741,0.109085956,-0.00811846852,-0.00319304235,0.0379757206,-2.44888537,1708.23019
0.102029288,0.146305314,0.000655129771,1.38227643e-05,0.080948586,-5.51732927,1687.17686
0.102068621,0.0274539002,0.0123897657,-0.0049464286,-0.0448574551,-3.2974055,1714.14804
0.1021088,0.146886817,0.000594797717,1.07469221e-05,0.0817214903,-5.57658506,1686.83551
0.102182978,0.147429312,0.000524872472,7.94978115e-06,0.0824448179,-5.63198609,1686.51661
0.10225218,0.147935415,0.000447347709,5.52630883e-06,0.0831215189,-5.68375189,1686.21872
0.10231674,0.148407569,0.000363982222,3.54275674e-06,0.0837544032,-5.73200604,1685.9405
0.10236004,0.0297856156,0.0118755676,-0.00547681424,-0.04222044,-3.31215106,1715.07022
0.102376969,0.14884805,0.000276316241,2.03283017e-06,0.0843461414,-5.77690008,1685.68066
0.1023828,0.112164181,-0.00743637827,-0.00267494251,0.0414352854,-2.55826871,1706.71512
0.102433158,0.149258983,0.000185688224,1.09938659e-06,0.0848992681,-5.8188469,1685.43803
0.102485578,0.14964235,9.32524834e-05,1.044993e-07,0.085416184,-5.85970796,1685.21149
0.102534481,0.15,0,0,0.0858990817,-5.8795181,1685
0.10261273,0.075,-0.00673863137,-0.00874530831,0.00249031918,-2.31291319,1719.90272
0.102672413,0.0322849924,0.0111793632,-0.0060222354,-0.0394862947,-3.31414014,1716.04297
0.102770017,0.115035914,-0.00670137625,-0.00221710211,0.0447197916,-2.68037647,1705.24161
0.103007247,0.0349640862,0.0102923962,-0.00657416511,-0.0366530586,-3.30134357,1717.03098
0.103131259,0.117715008,-0.00594257736,-0.00181800531,0.0478347846,-2.81190452,1703.82236
0.10331528,0.0803647536,-0.00816622146,-0.00819306345,0.0075927393,-2.18408061,1719.11429
0.103366157,0.0378358195,0.009209466,-0.00712188141,-0.0337163865,-3.27198331,1717.99792
0.103468268,0.120214384,-0.0051838949,-0.00147449752,0.0507864559,-2.94991788,1702.4656
0.103750875,0.040914044,0.00793002876,-0.00765249852,-0.0306684995,-3.22457429,1718.90939
0.10378267,0.1225461,-0.00444438975,-0.00118237546,0.0535813414,-3.09185269,1701.17597
0.103970703,0.0853696328,-0.00915182716,-0.00754709617,0.0125244007,-2.08539689,1718.09928
0.104075982,0.124721401,-0.00373871394,-0.00093682159,0.0562260919,-3.23551796,1699.95534
0.104163256,0.0442136074,0.00645931049,-0.00815070422,-0.0274969776,-3.15793827,1719.73501
0.104349618,0.12675078,-0.0030776165,-0.00073274959,0.0587273121,-3.37907745,1698.80361
0.104582158,0.0900387783,-0.00974298137,-0.00684788971,0.0172885538,-2.01916041,1716.8934
0.104604898,0.128644026,-0.00246847536,-0.000565053217,0.0610914573,-3.521033,1697.71931
0.104605289,0.0477504251,0.00480958404,-0.00859863367,-0.0241833316,-3.07139321,1720.44912
0.104816071,0,0,0,-0.0878105024,-2.41422407,1715.72553
0.104843054,0.13041027,-0.0019158177,-0.000428858378,0.0633247782,-3.66025232,1696.70014
0.104857841,0.000357650242,0.000521981344,-2.38991711e-06,-0.0872357814,-2.42099153,1715.55102
0.104902614,0.000741017226,0.00106714041,-7.83256488e-06,-0.0866195425,-2.43920359,1715.36405
0.104950607,0.00115195011,0.00163528614,-1.74344475e-05,-0.0859588964,-2.46261863,1715.16421
0.10500205,0.00159243101,0.00222593975,-3.21627337e-05,-0.0852508425,-2.48750981,1714.95122
0.105057193,0.00206458457,0.00283833256,-5.27990697e-05,-0.0844922314,-2.51389297,1714.72502
0.105065234,0.132058033,-0.00142182546,-0.000319601949,0.0654332961,-3.79572848,1695.7433
0.105079106,0.0515415566,0.00300170008,-0.00897532102,-0.0207013929,-2.96450969,1721.03012
0.1051163,0.0025706882,0.0034713608,-8.03168672e-05,-0.08367977,-2.54180459,1714.48578
0.105152597,0.0943947116,-0.00999323487,-0.00612975332,0.0218818212,-1.98611938,1715.53434
0.105179658,0.00311318307,0.00412353558,-0.000115782247,-0.08281003,-2.57129888,1714.23405
0.105247572,0.00369468589,0.0047929289,-0.000160377143,-0.0818794607,-2.60242159,1713.97077
0.10527251,0.133595261,-0.000986803503,-0.000233037165,0.0674227995,-3.92672287,1694.84572
0.105320368,0.00431800152,0.00547711562,-0.000215399898,-0.0808844065,-2.63522893,1713.69747
0.105398399,0.00498613648,0.00617311189,-0.000282270692,-0.0798211295,-2.66977139,1713.41637
0.105465881,0.13502937,-0.000609582748,-0.000165384871,0.0692988539,-4.05279082,1694.00425
0.105482041,0.0057023135,0.00687731062,-0.00036253116,-0.0786858379,-2.70609023,1713.13053
0.105571697,0.00646998704,0.00758541491,-0.000457841451,-0.0774747222,-2.74421284,1712.84405
0.105586993,0.0556052884,0.00106637934,-0.00926012181,-0.0170155927,-2.83981307,1721.45849
0.105646281,0.136367278,-0.000287882512,-0.000113337017,0.071066817,-4.17356462,1693.21577
0.1056678,0.00729285993,0.00829237071,-0.000569972963,-0.0761839977,-2.7841468,1712.56227
0.10568477,0.0984584434,-0.00995684141,-0.00541934882,0.0262989605,-1.98501884,1714.06045
0.105770813,0.00817490128,0.00899230039,-0.000700795807,-0.0748099545,-2.82587171,1712.29191
0.10581458,0.137615437,-1.86241159e-05,-7.39997565e-05,0.0727318549,-4.28882381,1692.47722
0.105881233,0.00912036556,0.00967843945,-0.000852259728,-0.073349016,-2.86932839,1712.04133
0.105971588,0.138779867,0.000201812129,-4.48910194e-05,0.0742989569,-4.39846013,1691.78566
0.105999593,0.0101338132,0.0103430792,-0.00102636664,-0.0717978035,-2.91440463,1711.82059
0.106118065,0.139866187,0.000377374198,-2.39068325e-05,0.0757729472,-4.50245958,1691.13828
0.106126464,0.0112201325,0.0109775186,-0.00122513481,-0.0701532072,-2.9609204,1711.64159
0.106131399,0.0599612217,-0.000953517105,-0.00942949141,-0.0130791856,-2.69554218,1721.71374
0.106181244,0.102249575,-0.00968674897,-0.00473678706,0.0305352545,-2.01285404,1712.50958
0.106254715,0.140879634,0.00051216707,-9.28911853e-06,0.0771584938,-4.60088494,1690.53242
0.106262457,0.0123845633,0.0115720303,-0.00145054951,-0.0684124618,-3.00860539,1711.5179
0.106382199,0.141825099,0.000610319819,4.26680151e-07,0.0784601141,-4.69380158,1689.96554
0.106408229,0.0136327222,0.0121158464,-0.00170450441,-0.0665732221,-3.05706683,1711.46455
0.106501131,0.14270714,0.000675888281,6.43893659e-06,0.0796821775,-4.78131184,1689.43526
0.106564482,0.0149706296,0.012597168,-0.00198872375,-0.0646336359,-3.10576997,1711.49743
0.106612085,0.143530013,0.000712760657,9.72516805e-06,0.0808289068,-4.86364276,1688.93929
0.106644414,0.105786393,-0.00923314412,-0.0040956685,0.0345876904,-2.06637706,1710.91752
0.106714951,0.0646303672,-0.00300100567,-0.00945437304,-0.00883254771,-2.53529531,1721.77034
0.106715596,0.144297686,0.000724617465,1.10527673e-05,0.0819043769,-4.94110079,1688.47553
0.106731971,0.0164047389,0.0130032094,-0.00230466877,-0.0625924068,-3.15400869,1711.63241
0.106812164,0.145013864,0.000714910089,1.10285079e-05,0.0829125141,-5.01387508,1688.04195
0.106902253,0.145681998,0.000686819891,1.01324958e-05,0.0838570945,-5.08203561,1687.63666
0.106911503,0.0179419674,0.0133202829,-0.00265343158,-0.0604488392,-3.20086945,1711.88399
0.106986299,0.146305314,0.000643249138,8.73050375e-06,0.0847417422,-5.14583207,1687.25787
0.107064708,0.146886817,0.000586827697,7.10200575e-06,0.0855699288,-5.20558558,1686.90392
0.107076514,0.109085956,-0.00864192899,-0.00350504802,0.038455369,-2.14192294,1709.31605
0.107103944,0.0195897299,0.0135339361,-0.00303560344,-0.058202854,-3.24521134,1712.26367
0.107137856,0.147429312,0.00051991935,5.44318334e-06,0.086344973,-5.26150644,1686.5732
0.107206098,0.147935415,0.000444629426,3.89222614e-06,0.0870700406,-5.31379357,1686.26426
0.107269762,0.148407569,0.000362819175,2.55304542e-06,0.0877481462,-5.3625588,1685.97567
0.107310223,0.0213559743,0.0136291532,-0.00345112733,-0.0558549629,-3.2856499,1712.77801
0.107329155,0.14884805,0.000276122343,1.50667226e-06,0.0883821549,-5.40790861,1685.70615
0.107340462,0.0696352464,-0.00500366212,-0.00930885047,-0.00420176118,-2.3655016,1721.59276
0.107384564,0.149258983,0.00018596219,8.68387126e-07,0.0889747848,-5.45043247,1685.45445
0.107436256,0.14964235,9.35691817e-05,2.47832743e-08,0.0895286107,-5.49162951,1685.21942
0.107479628,0.112164181,-0.00795418421,-0.00296992687,0.0421394507,-2.23588669,1707.73182
0.107484481,0.15,0,0,0.0900459838,-5.51142135,1685
0.107531334,0.0232492201,0.0135906333,-0.00389912916,-0.0534061832,-3.32055796,1713.42666
0.107768344,0.0252785992,0.0134031594,-0.00437773313,-0.0508578756,-3.34808906,1714.20084
0.1078557,0.115035914,-0.00720580578,-0.00249219525,0.0456428601,-2.34465455,1706.18581
0.108010951,0.075,-0.00687033976,-0.00897050506,0.000901665238,-2.19209649,1721.13216
0.108022396,0.0274539002,0.0130520683,-0.00488384676,-0.048211482,-3.36621563,1715.08254
0.108206546,0.117715008,-0.00642730152,-0.0020714347,0.0489698975,-2.46478919,1704.6934
0.108294715,0.0297856156,0.0125238251,-0.00541297963,-0.0454681393,-3.37285134,1716.04505
0.108533856,0.120214384,-0.00564397261,-0.00170539614,0.0521258471,-2.5932174,1703.26499
0.108586616,0.0322849924,0.0118067276,-0.00595896495,-0.0426281402,-3.36589339,1717.05473
0.10868144,0.0803647536,-0.00839342494,-0.00846392492,0.00619172495,-2.03560097,1720.38296
0.108839209,0.1225461,-0.00487619269,-0.00139063488,0.0551166306,-2.72719393,1701.90676
0.108899506,0.0349640862,0.0108917703,-0.00651381971,-0.039690224,-3.3432821,1718.07407
0.10912408,0.124721401,-0.00413980987,-0.00112292551,0.0579485289,-2.864341,1700.62159
0.109234894,0.0378358195,0.00977358853,-0.00706756036,-0.036650684,-3.30322221,1719.06521
0.109306952,0.0853696328,-0.00946290614,-0.00785547677,0.0113247893,-1.90891702,1719.40226
0.10938984,0.12675078,-0.00344662817,-0.000897630442,0.0606279734,-3.00264187,1699.40989
0.109594398,0.040914044,0.00845145543,-0.00760796732,-0.0335022257,-3.24420332,1719.99322
0.109637773,0.128644026,-0.0028049269,-0.00070995973,0.0631614005,-3.14040969,1698.27039
0.109869075,0.13041027,-0.00221998278,-0.000555219693,0.0655551579,-3.27633926,1697.20069
0.109890504,0.0900387783,-0.0101259564,-0.0071833248,0.0163035153,-1.81566012,1718.21983
0.109979752,0.0442136074,0.00693047492,-0.00812040001,-0.030232591,-3.16501818,1720.82832
0.110084861,0.132058033,-0.00169457289,-0.000428968146,0.0678154503,-3.4093354,1696.19774
0.110286171,0.133595261,-0.00122945813,-0.000327027632,0.0699483121,-3.53850307,1695.25813
0.110392815,0.0477504251,0.00522290682,-0.00858776528,-0.0268229858,-3.0649033,1721.5466
0.11043491,0.0943947116,-0.0104352684,-0.00648236151,0.0211225459,-1.75657506,1716.86904
0.110473977,0.13502937,-0.000823810317,-0.00024558838,0.0719595967,-3.66325476,1694.37833
0.110649185,0.136367278,-0.000475579486,-0.000181279859,0.073854977,-3.78315949,1693.55483
0.11081264,0.137615437,-0.000181824675,-0.000131133845,0.075639951,-3.89790919,1692.7842
0.110835579,0.0515415566,0.0033495244,-0.00899017922,-0.0232462496,-2.94349684,1722.12926
0.110942797,0.0984584434,-0.0104448633,-0.00578004307,0.0257738717,-1.73064782,1715.38603
0.11096513,0.138779867,6.10086245e-05,-9.25681318e-05,0.0773198479,-4.00732566,1692.06317
0.111107391,0.139866187,0.00025686272,-6.33714266e-05,0.0788998344,-4.11133715,1691.38863
0.111240108,0.140879634,0.000409883461,-4.16668802e-05,0.0803849181,-4.20993728,1690.75766
0.111310179,0.0556052884,0.00134109742,-0.00930675761,-0.0194648199,-2.80210526,1722.56041
0.111345805,0,0,0,-0.0932808385,-2.57493681,1716.70471
0.111363923,0.141825099,0.000524277821,-2.58770331e-05,0.0817799505,-4.30315528,1690.16751
0.111383808,0.000357650242,0.000547321646,-2.33307854e-06,-0.0926768721,-2.58077227,1716.52077
0.111416614,0.102249575,-0.0102082386,-0.00509705235,0.0302496976,-1.73540915,1713.80848
0.111424543,0.000741017226,0.00111895043,-7.65757402e-06,-0.0920293476,-2.59702404,1716.32374
0.111468208,0.00115195011,0.00171468026,-1.70297593e-05,-0.0913352546,-2.61837069,1716.11319
0.111479432,0.14270714,0.000604198204,-1.46965781e-05,0.0830896271,-4.39114084,1689.61559
0.111515013,0.00159243101,0.00233401058,-3.14183705e-05,-0.0905914598,-2.64105457,1715.88886
0.111565183,0.00206458457,0.00297613761,-5.15806988e-05,-0.0897946768,-2.6651082,1715.65066
0.111587193,0.143530013,0.000653655825,-7.05469374e-06,0.0843184872,-4.4740733,1689.09949
0.11161896,0.0025706882,0.00363990718,-7.84705097e-05,-0.0889414718,-2.69056709,1715.39882
0.111676605,0.00311318307,0.0043237626,-0.00011313148,-0.0880282735,-2.71748727,1715.13389
0.111687725,0.144297686,0.000676464236,-2.08283338e-06,0.0854709115,-4.55210648,1688.61694
0.111738394,0.00369468589,0.00502568843,-0.000156722151,-0.0870513869,-2.74591255,1714.85691
0.111781513,0.145013864,0.000676200608,9.15990572e-07,0.0865511207,-4.62546054,1688.16582
0.111804626,0.00431800152,0.00574315017,-0.000210515841,-0.0860070124,-2.77589765,1714.5695
0.111818906,0.0599612217,-0.000759253263,-0.00951405197,-0.0154285964,-2.64008481,1722.82379
0.111858647,0.105786393,-0.0097760761,-0.00444833432,0.0345439671,-1.76777722,1712.17363
0.11186901,0.145681998,0.000656181149,2.49918846e-06,0.0875631733,-4.69431838,1687.74413
0.111875621,0.00498613648,0.00647303031,-0.000275906575,-0.0848912708,-2.80749134,1714.27402
0.111950637,0.146305314,0.000619443733,3.10673762e-06,0.0885109638,-4.75883759,1687.35
0.11195172,0.0057023135,0.00721156143,-0.000354409012,-0.0837002342,-2.8407329,1713.97371
0.112026789,0.146886817,0.000568745189,3.08070854e-06,0.0893982214,-4.81926359,1686.98169
0.112033291,0.00646998704,0.00795425724,-0.000447656084,-0.0824299652,-2.87564757,1713.67292
0.112097832,0.147429312,0.000506569089,2.67962048e-06,0.0902285104,-4.87585337,1686.63754
0.112120728,0.00729285993,0.00869584299,-0.000557392574,-0.081076563,-2.91224056,1713.37728
0.11216411,0.147935415,0.000435134185,2.09205797e-06,0.0910052302,-4.92880716,1686.31601
0.112214452,0.00817490128,0.00943018707,-0.000685463769,-0.079636218,-2.95048851,1713.09393
0.112225941,0.148407569,0.000356406924,1.46415748e-06,0.0917316167,-4.97822223,1686.01565
0.112271028,0.109085956,-0.00919512529,-0.00384421976,0.038652988,-1.82439257,1710.51603
0.112283625,0.14884805,0.0002721176,9.27480182e-07,0.0924107447,-5.02416338,1685.73511
0.112314915,0.00912036556,0.0101502361,-0.000833797841,-0.0781052755,-2.990328,1712.83167
0.11233744,0.149258983,0.000183777233,6.12426489e-07,0.0930455306,-5.0673909,1685.4731
0.112364213,0.0646303672,-0.00289528759,-0.00958394335,-0.0110728049,-2.46043536,1722.89821
0.112387644,0.14964235,9.26958546e-05,-6.46964743e-08,0.0936387365,-5.10901425,1685.22843
0.112422602,0.0101338132,0.0108479563,-0.00100438056,-0.0764803059,-3.03164078,1712.60115
0.112434481,0.15,0,0,0.0941928859,-5.12881878,1685
0.112538032,0.0112201325,0.0115142859,-0.00119922095,-0.0747581825,-3.07423686,1712.41487
0.112655745,0.112164181,-0.00850760792,-0.00329112449,0.042575499,-1.90165904,1708.86575
0.112661761,0.0123845633,0.0121391019,-0.00142030795,-0.0729361646,-3.11783351,1712.28713
0.112794388,0.0136327222,0.0127112065,-0.00166954941,-0.0710119811,-3.16201419,1712.23371
0.112936551,0.0149706296,0.0132183405,-0.00194870192,-0.0689839119,-3.20621619,1712.27122
0.11294873,0.0696352464,-0.00499423832,-0.00948888456,-0.00631607029,-2.26815609,1722.7518
0.113014656,0.115035914,-0.00775068528,-0.00279222483,0.0463124236,-1.99588038,1707.24727
0.113088937,0.0164047389,0.0136472342,-0.0022592877,-0.0668508599,-3.24970739,1712.41615
0.113252279,0.0179419674,0.0139836988,-0.00260248848,-0.0646124046,-3.29152929,1712.68345
0.11334949,0.117715008,-0.00695625474,-0.00234823212,0.0498664837,-2.10357498,1705.67927
0.113427367,0.0195897299,0.0142127737,-0.00297902234,-0.0622688261,-3.33047956,1713.0847
0.113575276,0.075,-0.00696423137,-0.00920413225,-0.00105959394,-2.06909187,1722.33753
0.113615044,0.0213559743,0.0143189399,-0.00338899988,-0.0598210856,-3.36510123,1713.6261
0.113661863,0.120214384,-0.00615103959,-0.00195791453,0.0532417778,-2.2215175,1704.17487
0.113816216,0.0232492201,0.0142864026,-0.00383176469,-0.0572707445,-3.3936922,1714.30636
0.113953282,0.1225461,-0.00535678527,-0.00161865577,0.0564433894,-2.34678483,1702.74237
0.114031854,0.0252785992,0.014099462,-0.00430572416,-0.0546198017,-3.41434657,1715.11514
0.114201823,0.0803647536,-0.00858943882,-0.00874743747,0.00440989646,-1.88447793,1721.64416
0.114225152,0.124721401,-0.00459061938,-0.0013268908,0.0594770546,-2.47680766,1701.38615
0.114262997,0.0274539002,0.01374298,-0.00480813663,-0.0518704247,-3.42497632,1716.03231
0.114478784,0.12675078,-0.00386549912,-0.00107848134,0.0623489003,-2.60937624,1700.10756
0.11451076,0.0297856156,0.013202955,-0.00533493742,-0.0490245477,-3.42342578,1717.02864
0.114715403,0.128644026,-0.00319070974,-0.000869009539,0.0650652495,-2.7426267,1698.90582
0.114776338,0.0322849924,0.0124674308,-0.00588054326,-0.0460833072,-3.40754303,1718.06799
0.114786339,0.0853696328,-0.00975062311,-0.00817963768,0.00974028946,-1.73006392,1720.71802
0.114936149,0.13041027,-0.00257238372,-0.00069400449,0.0676324843,-2.87502687,1697.77866
0.115061013,0.0349640862,0.0115272067,-0.00643762474,-0.0430462822,-3.3752403,1719.11063
0.115142087,0.132058033,-0.00201400331,-0.000549131714,0.0700569545,-3.00536425,1696.72293
0.115331646,0.0900387783,-0.0104942277,-0.00753764816,0.0149335824,-1.6088954,1719.58132
0.11533421,0.133595261,-0.00151687792,-0.000430307023,0.0723449206,-3.1326541,1695.73497
0.115366157,0.0378358195,0.010376587,-0.00699687594,-0.0399105175,-3.32469949,1720.11725
0.115513446,0.13502937,-0.00108059814,-0.000333730673,0.0745025207,-3.25610712,1694.81092
0.115680658,0.136367278,-0.000703426773,-0.000255951685,0.0765357511,-3.37518642,1693.94688
0.115693243,0.040914044,0.00901460573,-0.0075467783,-0.0366693101,-3.25439054,1721.05255
0.115836653,0.137615437,-0.000382630595,-0.000193916534,0.0784504574,-3.48952225,1693.13906
0.115840373,0.0943947116,-0.0108720584,-0.006856514,0.0199821849,-1.5226073,1718.26133
0.115982184,0.138779867,-0.00011477444,-0.000144945797,0.0802523307,-3.59885338,1692.38385
0.116043847,0.0442136074,0.00744620823,-0.00807351664,-0.0333106996,-3.16309068,1721.88761
0.116117953,0.139866187,0.000104032653,-0.000106710036,0.0819469054,-3.70303471,1691.6778
0.116244614,0.140879634,0.000277940461,-7.72079754e-05,0.0835395571,-3.80198941,1691.0177
0.116314974,0.0984584434,-0.0109373576,-0.00616427049,0.0248749217,-1.47097661,1716.79034
0.116362779,0.141825099,0.000411201076,-5.4743577e-05,0.0850355004,-3.89574692,1690.40057
0.116419662,0.0477504251,0.00568351119,-0.00856084246,-0.0298156649,-3.04995931,1722.6007
0.116473016,0.14270714,0.000508041744,-3.78930396e-05,0.0864397868,-3.98440527,1689.8236
0.11657586,0.143530013,0.000572574505,-2.54716219e-05,0.0877573015,-4.06806762,1689.28419
0.116671804,0.144297686,0.000608731336,-1.65027322e-05,0.08899276,-4.14687875,1688.77992
0.116757738,0.102249575,-0.0107434423,-0.00548209266,0.0296004375,-1.451422,1715.20455
0.116761312,0.145013864,0.000620213993,-1.01874645e-05,0.0901507053,-4.2210223,1688.30852
0.116822499,0.0515415566,0.00374711285,-0.00898995274,-0.0261560436,-2.91460797,1723.17639
0.116844816,0.145681998,0.000610465311,-5.88154777e-06,0.0912355052,-4.29070045,1687.86789
0.116922718,0.146305314,0.000582652475,-3.06712215e-06,0.0922513497,-4.35609491,1687.45607
0.116995394,0.146886817,0.000539659449,-1.33182027e-06,0.0932022504,-4.41738759,1687.0712
0.117063195,0.147429312,0.000484090359,-3.5260853e-07,0.0940920401,-4.4748081,1686.71156
0.117126448,0.147935415,0.000418278642,1.16931092e-07,0.0949243729,-4.52857858,1686.37555
0.1171708,0.105786393,-0.010341289,-0.00482644638,0.0341491155,-1.46122683,1713.54174
0.117185458,0.148407569,0.000344298708,2.72181617e-07,0.0957027265,-4.57879997,1686.06164
0.11724051,0.14884805,0.000263980837,2.81012384e-07,0.0964304043,-4.62554967,1685.76842
0.117254303,0.0556052884,0.00166765039,-0.00933928725,-0.0222922017,-2.75727685,1723.60324
0.117291868,0.149258983,0.000178928018,3.13519123e-07,0.0971105389,-4.66948847,1685.49455
0.117339782,0.14964235,9.05345133e-05,-1.59525417e-07,0.0977460962,-4.71162284,1685.23879
0.117384481,0.15,0,0,0.098339788,-4.73162681,1685
0.117556154,0.109085956,-0.00977833329,-0.00420890589,0.0385139526,-1.49743321,1711.83871
0.117717155,0.0599612217,-0.000512546237,-0.00958653806,-0.0181704767,-2.5795739,1723.87017
0.117915659,0.112164181,-0.00909774433,-0.00363738859,0.0426907724,-1.55649314,1710.12891
0.118213288,0.0646303672,-0.0027379687,-0.00970510897,-0.013720508,-2.38128943,1723.96145
0.11824657,0,0,0,-0.0990620103,-2.72754591,1717.73947
0.118251046,0.115035914,-0.00833786282,-0.00311644165,0.0466780481,-1.63481027,1708.44071
0.118279922,0.000357650242,0.000572959296,-2.26593642e-06,-0.0984290574,-2.73237452,1717.54584
0.118315672,0.000741017226,0.00117137302,-7.44880796e-06,-0.0977505293,-2.74649826,1717.33848
0.118353993,0.00115195011,0.00179502031,-1.65486252e-05,-0.0970232975,-2.76558817,1717.11693
0.118395069,0.00159243101,0.00244338001,-3.05329122e-05,-0.0962440987,-2.78586297,1716.88093
0.118439099,0.00206458457,0.00311561462,-5.01306044e-05,-0.0954095125,-2.8073726,1716.6304
0.118486294,0.0025706882,0.00381052116,-7.627144e-05,-0.0945159681,-2.83015097,1716.36558
0.118536883,0.00311318307,0.00452647701,-0.000109971666,-0.0935597549,-2.85425483,1716.08706
0.118563936,0.117715008,-0.00753196589,-0.00264798762,0.0504765277,-1.72885065,1706.79656
0.11859111,0.00369468589,0.00526138143,-0.000152360686,-0.0925370382,-2.87972412,1715.79596
0.118649236,0.00431800152,0.0060125933,-0.000204680095,-0.0914438796,-2.90661058,1715.49396
0.118711541,0.00498613648,0.00677686492,-0.00026829027,-0.0902762644,-2.93496192,1715.18357
0.118745096,0.0696352464,-0.00493547369,-0.00966399357,-0.00885273945,-2.16700948,1723.85018
0.118778327,0.0057023135,0.00755027262,-0.000344671149,-0.0890301355,-2.96481838,1714.86821
0.118849914,0.00646998704,0.00832814559,-0.000435420975,-0.0877014353,-2.99620691,1714.55246
0.118855837,0.120214384,-0.00670819612,-0.00223190979,0.0540887886,-1.83523319,1705.21299
0.118926649,0.00729285993,0.00910499434,-0.000542250954,-0.0862861562,-3.02913365,1714.24224
0.119008902,0.00817490128,0.00987444051,-0.000666975064,-0.0847803999,-3.06357453,1713.94504
0.119097069,0.00912036556,0.0106291506,-0.000811493873,-0.0831804462,-3.09946336,1713.67011
0.119128157,0.1225461,-0.00588972317,-0.00186649464,0.0575187986,-1.95087605,1703.70108
0.119191576,0.0101338132,0.0113607763,-0.000977771538,-0.0814828296,-3.13667695,1713.42862
0.119292878,0.0112201325,0.0120599039,-0.00116780303,-0.0796844245,-3.17501562,1713.23367
0.119315143,0.075,-0.00701322331,-0.00943711282,-0.00345696193,-1.94356944,1723.49262
0.119382209,0.124721401,-0.00509503749,-0.00154891511,0.0607715279,-2.07301845,1702.26732
0.119401465,0.0123845633,0.0127160245,-0.0013835781,-0.077782536,-3.21418802,1713.1002
0.119517859,0.0136327222,0.013317529,-0.00162701666,-0.0757749923,-3.253758,1713.04468
0.119619219,0.12675078,-0.00433835329,-0.00127559921,0.0638526282,-2.19925025,1700.91452
0.119642623,0.0149706296,0.0138517224,-0.00189990737,-0.0736602362,-3.29312417,1713.08437
0.119776357,0.0164047389,0.01430487,-0.00220382955,-0.0714374058,-3.33152028,1713.23633
0.11984033,0.128644026,-0.00363007822,-0.00104254443,0.066768182,-2.3275116,1699.64279
0.11988519,0.0803647536,-0.00874730404,-0.00903488957,0.00218155749,-1.73106688,1722.87205
0.119919708,0.0179419674,0.0146622954,-0.00254004505,-0.0691063991,-3.36795048,1713.51584
0.120046608,0.13041027,-0.00297731422,-0.000845564352,0.0695245163,-2.45607543,1698.45034
0.120073366,0.0195897299,0.0149085357,-0.00290939335,-0.0666679065,-3.40117505,1713.93452
0.120238073,0.0213559743,0.0150275729,-0.0033121644,-0.0641233991,-3.4297222,1714.49814
0.120239049,0.132058033,-0.00238436246,-0.000680478956,0.0721280676,-2.58353106,1697.33413
0.120414624,0.0232492201,0.0150031264,-0.00374797509,-0.0614750534,-3.45187819,1715.20442
0.120416998,0.0853696328,-0.0100089368,-0.00851169543,0.00770353655,-1.54939565,1722.02226
0.120418581,0.133595261,-0.00185320272,-0.000543268846,0.0745852893,-2.70876214,1696.29041
0.12058607,0.13502937,-0.00138394349,-0.000430159587,0.0769025889,-2.83086399,1695.31505
0.120603869,0.0252785992,0.014818998,-0.00421555854,-0.0587255886,-3.46563684,1716.04142
0.120742324,0.136367278,-0.000975236488,-0.000337667662,0.0790862863,-2.94915257,1694.40386
0.120806722,0.0274539002,0.0144596867,-0.00471235496,-0.0558779924,-3.46876763,1716.98687
0.120888095,0.137615437,-0.000624632793,-0.000262645687,0.081142589,-3.06313264,1693.55267
0.120913131,0.0900387783,-0.0108424462,-0.00790406567,0.0131102868,-1.40057575,1720.95634
0.121024161,0.0297856156,0.0139109931,-0.00523515943,-0.0529351033,-3.45908115,1718.00904
0.121024089,0.138779867,-0.000328887132,-0.000202296103,0.0830775714,-3.17246392,1692.75752
0.121150959,0.139866187,-8.42163056e-05,-0.000154164347,0.0848971608,-3.27693196,1692.01463
0.121257234,0.0322849924,0.0131605231,-0.00577898998,-0.0498990181,-3.43446233,1719.06925
0.121269319,0.140879634,0.000113490321,-0.000116125153,0.0866071311,-3.37640705,1691.32048
0.121375983,0.0943947116,-0.0112987234,-0.0072465514,0.0183917442,-1.28639067,1719.69365
0.121379739,0.141825099,0.000268494243,-8.63504976e-05,0.0882130933,-3.47086955,1690.6718
0.121482752,0.14270714,0.000385072803,-6.32859883e-05,0.0897204887,-3.5603536,1690.06555
0.121507067,0.0349640862,0.0121985635,-0.00633678537,-0.0467702882,-3.39280664,1720.12558
0.121578855,0.143530013,0.000467419528,-4.56248611e-05,0.091134583,-3.64493095,1689.49892
0.121668511,0.144297686,0.000519565651,-3.22734844e-05,0.0924604605,-3.72472365,1688.9693
0.121752153,0.145013864,0.000545326235,-2.23265184e-05,0.0937030198,-3.79988319,1688.47427
0.121774864,0.0378358195,0.011019146,-0.00690018501,-0.0435468615,-3.33224216,1721.13734
0.121807786,0.0984584434,-0.0114302978,-0.00656728818,0.0235331647,-1.20749335,1718.26071
0.121830184,0.145681998,0.000548264763,-1.50409013e-05,0.09486697,-3.87058492,1688.01159
0.121902981,0.146305314,0.000531672553,-9.8117732e-06,0.0959568279,-3.93702022,1687.57916
0.121970894,0.146886817,0.000498558982,-6.14976019e-06,0.0969769167,-3.99936896,1687.17504
0.122034252,0.147429312,0.000451650278,-3.66162074e-06,0.0979313655,-4.05781641,1686.79741
0.122061917,0.040914044,0.00962110227,-0.00745849077,-0.040222743,-3.25122927,1722.069
0.122093359,0.147935415,0.000393396414,-2.03796396e-06,0.0988241096,-4.11257456,1686.44457
0.122148502,0.148407569,0.000325982627,-1.02757609e-06,0.0996588933,-4.16376476,1686.11494
0.122199945,0.14884805,0.000251343245,-4.26744767e-07,0.100439272,-4.21149127,1685.80701
0.122210624,0.102249575,-0.011289373,-0.00588797667,0.0285191367,-1.16226792,1716.69048
0.122247938,0.149258983,0.000171178249,-1.07195679e-08,0.101168616,-4.25622447,1685.5194
0.122292711,0.14964235,8.69709293e-05,-2.5134466e-07,0.101850115,-4.29904316,1685.2508
0.122334481,0.15,0,0,0.10248669,-4.31940838,1685
0.12236961,0.0442136074,0.00800915324,-0.00799885637,-0.0367863667,-3.14855507,1722.89282
0.122586438,0.105786393,-0.0109268387,-0.00522687217,0.0333359334,-1.14805098,1715.01995
0.122699428,0.0477504251,0.00619509529,-0.00850594958,-0.0332185743,-3.02334437,1723.58967
0.122937043,0.109085956,-0.010390611,-0.00459677425,0.0379726726,-1.16225624,1713.28736
0.123052962,0.0515415566,0.00419909869,-0.00896190716,-0.0294902505,-2.87509828,1724.14815
0.123264128,0.112164181,-0.00972462832,-0.00400709156,0.0424217094,-1.20156788,1711.52918
0.123431916,0.0556052884,0.00205122433,-0.00934529109,-0.0255596329,-2.7035838,1724.56202
0.123569273,0.115035914,-0.00896831648,-0.0034638154,0.0466785507,-1.26248234,1709.77774
0.123838118,0.0599612217,-0.000207285597,-0.00963427942,-0.0213692547,-2.51120894,1724.82629
0.123853947,0.117715008,-0.00815624765,-0.00297018076,0.0507415071,-1.34143063,1708.05977
0.124119526,0.120214384,-0.0073179779,-0.00252724239,0.0546112308,-1.43497336,1706.39586
0.124273529,0.0646303672,-0.0025211347,-0.0098039911,-0.0168427402,-2.29617344,1724.93177
0.124367289,0.1225461,-0.0064781407,-0.00213430234,0.058290233,-1.53987892,1704.80062
0.124598432,0.124721401,-0.00565666881,-0.00178935616,0.0617824378,-1.65320247,1703.28336
0.124740248,0.0696352464,-0.00481871806,-0.00982151425,-0.0118816501,-2.06170854,1724.85793
0.124814069,0.12675078,-0.00486913997,-0.00148947694,0.065092799,-1.77233041,1701.84903
0.125015241,0.128644026,-0.00412720636,-0.0012311421,0.0682269876,-1.89499479,1700.49916
0.125202919,0.13041027,-0.00343907026,-0.00101050102,0.0711911486,-2.01926794,1699.23286
0.125240526,0.075,-0.00700908743,-0.00965714065,-0.00636322408,-1.81463996,1724.56597
0.125378006,0.132058033,-0.00280997606,-0.000823588585,0.0739917168,-2.14354399,1698.04755
0.125539452,0,0,0,-0.10517168,-2.86419866,1718.83299
0.125541349,0.133595261,-0.00224269454,-0.000666481326,0.0766352816,-2.26650765,1696.93958
0.125567217,0.000357650242,0.000598562271,-2.18163099e-06,-0.104510573,-2.86793037,1718.62935
0.12559698,0.000741017226,0.00122372936,-7.1834564e-06,-0.103801936,-2.87971524,1718.4113
0.125628882,0.00115195011,0.00187526632,-1.59400334e-05,-0.103042526,-2.89630331,1718.17838
0.125663078,0.00159243101,0.00255263311,-2.94119986e-05,-0.102228955,-2.91390923,1717.93031
0.125693734,0.13502937,-0.00173797538,-0.000535425001,0.0791284887,-2.38713026,1695.90476
0.125699733,0.00206458457,0.00325496048,-4.82939502e-05,-0.101357674,-2.93260269,1717.66702
0.125739023,0.0025706882,0.00398099875,-7.34849161e-05,-0.100424981,-2.95241821,1717.38875
0.125740804,0.0803647536,-0.00885898773,-0.00931429689,-0.000568782395,-1.57598988,1724.0343
0.125781139,0.00311318307,0.00472906118,-0.00010596682,-0.0994270326,-2.97341663,1717.09614
0.125826283,0.00369468589,0.0054969621,-0.000146833182,-0.0983598601,-2.99563803,1716.79034
0.125835897,0.136367278,-0.00129496413,-0.000426918973,0.0814779717,-2.50459517,1694.93864
0.125874674,0.00431800152,0.00628195314,-0.000197287275,-0.0972193941,-3.01913259,1716.47316
0.125926543,0.00498613648,0.0070806633,-0.000258649084,-0.0960014924,-3.04394429,1716.14718
0.125968524,0.137615437,-0.000911580747,-0.000337736827,0.0836903022,-2.61825776,1694.03677
0.125982143,0.0057023135,0.0078890282,-0.000332356102,-0.0947019772,-3.07011025,1715.81601
0.12604174,0.00646998704,0.00870220969,-0.000419962226,-0.0933166804,-3.09765593,1715.48441
0.126092254,0.138779867,-0.00058484235,-0.000264966527,0.0857719532,-2.72769407,1693.19484
0.126105622,0.00729285993,0.00951452054,-0.000523133553,-0.0918414982,-3.126588,1715.15859
0.126174098,0.00817490128,0.0103193508,-0.000643639973,-0.0902724556,-3.15688597,1714.84637
0.126207522,0.0853696328,-0.0102301297,-0.00884116665,0.00513681625,-1.36749083,1723.28295
0.126207684,0.139866187,-0.000311135031,-0.000206032401,0.0877292727,-2.8325929,1692.40873
0.126247498,0.00912036556,0.0111091014,-0.000783342548,-0.0886057803,-3.18849346,1714.55738
0.126315371,0.140879634,-8.64441143e-05,-0.000158668426,0.0895684637,-2.93275878,1691.67461
0.126326175,0.0101338132,0.0118751268,-0.000944177588,-0.0868379864,-3.22130159,1714.30327
0.12641051,0.0112201325,0.0126076876,-0.00112811805,-0.0849659673,-3.25511257,1714.09766
0.126415834,0.141825099,9.34583337e-05,-0.000120903494,0.091295569,-3.0281106,1690.9889
0.126500909,0.0123845633,0.0132959157,-0.00133711993,-0.0829870944,-3.28961733,1713.95608
0.126509557,0.14270714,0.000232867099,-9.10456462e-05,0.0929164582,-3.11861848,1690.34829
0.126596994,0.143530013,0.000336029527,-6.76536092e-05,0.0944368167,-3.20432302,1689.74972
0.126597808,0.0136327222,0.0139277974,-0.00157312563,-0.0808993199,-3.32437558,1713.8956
0.126642933,0.0900387783,-0.0111640542,-0.00827344534,0.0107542336,-1.19124815,1722.31463
0.126678566,0.144297686,0.000407058209,-4.95089243e-05,0.0958621375,-3.28531256,1689.19038
0.126701675,0.0149706296,0.0144901953,-0.00183798484,-0.0787012774,-3.35876178,1713.93406
0.126754665,0.145013864,0.000449868918,-3.55903408e-05,0.0971977143,-3.36170973,1688.66766
0.12681301,0.0164047389,0.0149689116,-0.0021333295,-0.0763923748,-3.39197732,1714.08897
0.126825659,0.145681998,0.000468138205,-2.50480376e-05,0.0984486362,-3.43366378,1688.17916
0.126891892,0.146305314,0.000465277079,-1.71805133e-05,0.099619784,-3.50134525,1687.72264
0.12693235,0.0179419674,0.0153487919,-0.00246051818,-0.0739728681,-3.42301409,1714.37592
0.126953681,0.146886817,0.000444417538,-1.1412753e-05,0.100715828,-3.56493658,1687.29603
0.127011325,0.147429312,0.000408408474,-7.27536544e-06,0.101741228,-3.62461565,1686.89739
0.127049136,0.0943947116,-0.0117096788,-0.00764430019,0.0162707342,-1.04904553,1721.1391
0.127060272,0.0195897299,0.015613902,-0.00282054592,-0.0714439057,-3.45059322,1714.80648
0.127065103,0.147935415,0.000359819131,-4.39045265e-06,0.102700233,-3.68056239,1686.52493
0.127115273,0.148407569,0.000300948979,-2.4461051e-06,0.103596884,-3.73289615,1686.17696
0.127162077,0.14884805,0.000233841032,-1.1888079e-06,0.104435017,-3.78174862,1685.85191
0.127197391,0.0213559743,0.0157478581,-0.00321392202,-0.0688075254,-3.47319698,1715.38594
0.127205742,0.149258983,0.000160297304,-3.5858325e-07,0.105218267,-3.8275703,1685.5483
0.127246478,0.14964235,8.18953762e-05,-3.68743061e-07,0.105950074,-3.87116295,1685.26475
0.127284481,0.15,0,0,0.106633592,-3.89177359,1685
0.127344371,0.0232492201,0.0157340521,-0.00364068284,-0.0660665853,-3.48902783,1716.11103
0.12742809,0.0984584434,-0.0119183654,-0.00698186057,0.0216676405,-0.941860183,1719.77496
0.127501919,0.0252785992,0.0155558708,-0.00409935892,-0.0632246045,-3.4959311,1716.96819
0.127670795,0.0274539002,0.0151972676,-0.00458812445,-0.0602854828,-3.49156917,1717.93302
0.127781623,0.102249575,-0.0118413433,-0.00630896765,0.0269250041,-0.869645948,1718.24976
0.127851814,0.0297856156,0.0146435968,-0.00510464135,-0.0572530681,-3.47380504,1718.97135
0.12804585,0.0322849924,0.0138821445,-0.0056438776,-0.0541305342,-3.4406295,1720.04193
0.128111441,0.105786393,-0.0115290299,-0.00564508258,0.032024422,-0.830008646,1716.598
0.128253837,0.0349640862,0.0129028326,-0.00619971565,-0.0509195268,-3.38999291,1721.10072
0.128419134,0.109085956,-0.0110294082,-0.00500442682,0.0369505294,-0.820597142,1714.85797
0.12847678,0.0378358195,0.0116994127,-0.00676474065,-0.0476190332,-3.32004348,1722.1057
0.128706187,0.112164181,-0.0103869083,-0.00439781007,0.041691609,-0.838446401,1713.06837
0.128715753,0.040914044,0.0102704122,-0.0073292942,-0.044223925,-3.22924664,1723.02133
0.12897191,0.0442136074,0.00862014713,-0.00788156825,-0.0407231483,-3.11638518,1723.82131
0.128973984,0.115035914,-0.00964183301,-0.00383274174,0.046239622,-0.880240018,1711.26529
0.129223817,0.117715008,-0.00882992344,-0.0033138891,0.0505899062,-0.942476031,1709.47999
0.129246486,0.0477504251,0.00675987375,-0.00840731721,-0.0370974938,-2.98055928,1724.48959
0.129456891,0.120214384,-0.00798213355,-0.00284355432,0.0547407092,-1.02168101,1707.73771
0.129540805,0.0515415566,0.00470904188,-0.00888958551,-0.0333169558,-2.82112942,1725.01933
0.12967433,0.1225461,-0.00712458413,-0.00242215534,0.0586926688,-1.11451447,1706.05738
0.129856287,0.0556052884,0.0024966996,-0.00930840178,-0.0293375966,-2.63778449,1725.41019
0.129877182,0.124721401,-0.00627871796,-0.00204861134,0.062448311,-1.21786808,1704.45197
0.130066428,0.12675078,-0.0054615796,-0.00172073449,0.0660116018,-1.32892953,1702.92934
0.130194453,0.0599612217,0.000163225816,-0.00964021616,-0.0250979922,-2.43090151,1725.66402
0.130242978,0.128644026,-0.00468619191,-0.00143556538,0.0693875693,-1.44521671,1701.49318
0.130407685,0.13041027,-0.00396199634,-0.00118965822,0.0725819981,-1.56458629,1700.14403
0.130556935,0.0646303672,-0.0022373132,-0.00986172076,-0.0205153953,-2.20281986,1725.77913
0.130561343,0.132058033,-0.00329532368,-0.000979314266,0.0756011886,-1.68522488,1698.88022
0.130704694,0.133595261,-0.00268986845,-0.000800766504,0.0784517729,-1.805629,1697.69858
0.130838429,0.13502937,-0.00214714787,-0.000650319422,0.081140576,-1.92457682,1696.59504
0.130945482,0.0696352464,-0.00463570501,-0.00994378529,-0.0154817676,-1.95177012,1725.74265
0.130963192,0.136367278,-0.00166692711,-0.000524448401,0.0836745124,-2.04109463,1695.56509
0.131079587,0.137615437,-0.00124760194,-0.000419865357,0.0860605058,-2.15442854,1694.60407
0.131188173,0.138779867,-0.000886539493,-0.000333564312,0.0883054336,-2.26402378,1693.70737
0.131289475,0.139866187,-0.000580371352,-0.000262842685,0.0904160844,-2.3694647,1692.87056
0.131361966,0.075,-0.00694233805,-0.00984795968,-0.00986065517,-1.68081918,1725.52249
0.131383982,0.140879634,-0.000325241038,-0.000205289012,0.0923991202,-2.4704691,1692.08948
0.131472149,0.141825099,-0.00011700405,-0.000158782749,0.0942610513,-2.56687542,1691.36024
0.131554402,0.14270714,4.861172e-05,-0.000121485628,0.0960082163,-2.65860571,1690.67923
0.131631137,0.143530013,0.000175876472,-9.18135732e-05,0.0976467648,-2.74565425,1690.04313
0.131702725,0.144297686,0.000268961132,-6.84137602e-05,0.0991826441,-2.82806683,1689.44888
0.13176951,0.145013864,0.0003318657,-5.01389695e-05,0.100621589,-2.90593364,1688.89367
0.131778451,0.0803647536,-0.00891461152,-0.0095695301,-0.00392668984,-1.41860691,1725.09338
0.131831816,0.145681998,0.000368368942,-3.60239466e-05,0.101969115,-2.97937793,1688.37489
0.131889941,0.146305314,0.000381995537,-2.5262106e-05,0.103230511,-3.04854717,1687.89015
0.131944168,0.146886817,0.000375997265,-1.71838647e-05,0.104410838,-3.11360588,1687.43721
0.131994757,0.147429312,0.000353345306,-1.12362201e-05,0.105514929,-3.1747308,1687.01401
0.132041953,0.147935415,0.000316730742,-6.96766919e-06,0.106547385,-3.23209388,1686.61862
0.132085983,0.148407569,0.000268571417,-4.00027647e-06,0.107512584,-3.28578985,1686.24924
0.132127059,0.14884805,0.000211023636,-2.02299774e-06,0.108414675,-3.33596187,1685.90421
0.132165379,0.149258983,0.000145996927,-7.37636088e-07,0.109257594,-3.38307065,1685.58195
0.132166998,0.0853696328,-0.0104036116,-0.00915364695,0.00195162393,-1.18438762,1724.46114
0.132201129,0.14964235,7.51696969e-05,-4.97180558e-07,0.11004506,-3.42760556,1685.281
0.132234481,0.15,0,0,0.110780494,-3.44852357,1685
0.13252948,0.0900387783,-0.0114483378,-0.0086327625,0.00777443087,-0.980732074,1723.61738
0.132867646,0.0943947116,-0.0120948621,-0.00803789874,0.013526227,-0.810588716,1722.56077
0.133183128,0.0984584434,-0.0123927471,-0.00739790268,0.0191841272,-0.675224355,1721.29996
0.13324673,0,0,0,-0.111628514,-2.9751186,1719.98859
0.133267921,0.000357650242,0.000623456058,-2.07133446e-06,-0.110940821,-2.97764313,1719.77454
0.133290636,0.000741017226,0.00127464615,-6.83485553e-06,-0.110203752,-2.98683113,1719.54539
0.133314985,0.00115195011,0.00195332698,-1.51455144e-05,-0.109413959,-3.000624,1719.30065
0.133341084,0.00159243101,0.00265894472,-2.79506875e-05,-0.108567936,-3.01525788,1719.04002
0.13336906,0.00206458457,0.00339060513,-4.59061452e-05,-0.107662013,-3.03082255,1718.76344
0.133399047,0.0025706882,0.00414702109,-6.9873039e-05,-0.106692364,-3.04736604,1718.47115
0.133431191,0.00311318307,0.00492645507,-0.000100797173,-0.105655023,-3.06497787,1718.16381
0.133465646,0.00369468589,0.00572665715,-0.000139732451,-0.104545896,-3.08371303,1717.84264
0.133477447,0.102249575,-0.0123919342,-0.00673683052,0.0247232137,-0.575319396,1719.85478
0.133502578,0.00431800152,0.00654479693,-0.000187811193,-0.103360793,-3.10360719,1717.50948
0.133542167,0.00498613648,0.00737738675,-0.00024630597,-0.102095452,-3.12466556,1717.16704
0.133584601,0.0057023135,0.0082202096,-0.00031662629,-0.100745588,-3.14690089,1716.81905
0.133630087,0.00646998704,0.00906825178,-0.000400269205,-0.0993069312,-3.17034895,1716.47046
0.133678844,0.00729285993,0.00991562996,-0.000498852618,-0.0977752946,-3.19503669,1716.1277
0.133731106,0.00817490128,0.0107555199,-0.000614089275,-0.0961466389,-3.22095582,1715.79886
0.133752023,0.105786393,-0.0121418073,-0.00607444301,0.0301198601,-0.508998284,1718.25489
0.133787127,0.00912036556,0.0115800879,-0.000747780654,-0.0944171532,-3.24804667,1715.49394
0.133847175,0.0101338132,0.012380432,-0.000901815149,-0.0925833466,-3.27618629,1715.22496
0.133911541,0.0112201325,0.0131465314,-0.00107812206,-0.0906421475,-3.30516384,1715.00601
0.133980536,0.0123845633,0.0138671939,-0.0012786154,-0.0885910128,-3.3346564,1714.85311
0.134008179,0.109085956,-0.0116900103,-0.00542666125,0.0353536155,-0.474320364,1716.53675
0.134054491,0.0136327222,0.0145300451,-0.00150522193,-0.0864280392,-3.36423148,1714.78381
0.134133765,0.0149706296,0.015121578,-0.00175980373,-0.084152076,-3.39328415,1714.81645
0.134218738,0.0164047389,0.015627226,-0.0020440224,-0.0817628286,-3.42098274,1714.96892
0.134247153,0.112164181,-0.0110811799,-0.00480565526,0.0404080584,-0.468892124,1714.73991
0.134309821,0.0179419674,0.0160314782,-0.00235937223,-0.0792609452,-3.44632418,1715.25698
0.134407454,0.0195897299,0.016318033,-0.0027071397,-0.0766480722,-3.46808891,1715.69214
0.134470096,0.115035914,-0.0103563027,-0.00422050285,0.0452709762,-0.489687782,1712.90347
0.134512107,0.0213559743,0.0164699052,-0.00308776786,-0.0739268625,-3.48469533,1716.2792
0.134624285,0.0232492201,0.0164698069,-0.00350142934,-0.0711009137,-3.49415291,1717.01391
0.134678083,0.117715008,-0.00955215704,-0.00367736834,0.0499341324,-0.533379932,1711.06311
0.134744529,0.0252785992,0.0163008005,-0.00394728368,-0.0681746114,-3.49423984,1717.88117
0.134872119,0.120214384,-0.00870100262,-0.00317992384,0.0543928135,-0.596506389,1709.24911
0.134873419,0.0274539002,0.0159466071,-0.00442419925,-0.0651528459,-3.48275292,1718.85456
0.135011577,0.0297856156,0.0153921104,-0.00492995735,-0.0620405661,-3.45762813,1719.89752
0.135053138,0.1225461,-0.00783044476,-0.00272978503,0.0586452836,-0.675673721,1707.48543
0.13515967,0.0322849924,0.0146243295,-0.0054603336,-0.0588421286,-3.41678528,1720.96636
0.135222014,0.124721401,-0.00696348535,-0.00232690875,0.0626922325,-0.767648813,1705.78962
0.13531841,0.0349640862,0.0136331288,-0.00601047121,-0.0555603932,-3.35822279,1722.01499
0.135379562,0.12675078,-0.00611872621,-0.00196995733,0.0665362653,-0.869438412,1704.17336
0.135488565,0.0378358195,0.0124119327,-0.00657350038,-0.0521955147,-3.28017418,1723.00019
0.135526541,0.128644026,-0.00531068335,-0.00165663755,0.0701814569,-0.978350076,1702.64336
0.135663661,0.13041027,-0.0045501798,-0.00138399983,0.0736329805,-1.09201802,1701.20238
0.135670955,0.040914044,0.0109587473,-0.00714100314,-0.048743374,-3.18109081,1723.88652
0.135791583,0.132058033,-0.00384478508,-0.00114869035,0.0768968061,-1.20840703,1699.85024
0.13586646,0.0442136074,0.00927721721,-0.00770237155,-0.0451935917,-3.05977432,1724.64944
0.135910923,0.133595261,-0.00319927223,-0.000947157355,0.0799794606,-1.32580098,1698.5847
0.136022258,0.13502937,-0.00261606922,-0.000775812782,0.082887842,-1.44277976,1697.40219
0.136076022,0.0477504251,0.00737777302,-0.00824457251,-0.0415270572,-2.91530322,1725.2763
0.136126125,0.136367278,-0.00209568981,-0.000631155534,0.0856290742,-1.55819398,1696.29836
0.136223024,0.137615437,-0.00163712987,-0.000509858318,0.0882103961,-1.67113861,1695.26851
0.136300653,0.0515415566,0.00527886689,-0.00875185175,-0.037712944,-2.74692517,1725.76527
0.136313423,0.138779867,-0.00123821947,-0.000408825576,0.0906390753,-1.78090611,1694.30784
0.136397757,0.139866187,-0.000895929994,-0.000325228582,0.0929223422,-1.88697129,1693.41165
0.136476435,0.140879634,-0.00060663685,-0.000256518451,0.0950673376,-1.98896242,1692.57548
0.136541436,0.0556052884,0.0030082588,-0.00920548537,-0.0337051582,-2.55406005,1726.12231
0.136549835,0.141825099,-0.000366338771,-0.000200428559,0.0970810731,-2.0866234,1691.7951
0.136618311,0.14270714,-0.000170836825,-0.000154965911,0.0989703968,-2.1798054,1691.06663
0.136682193,0.143530013,-1.58765706e-05,-0.00011839474,0.100741968,-2.26844359,1690.38643
0.13674179,0.144297686,0.000102742125,-8.92170987e-05,0.102402238,-2.35253797,1689.75119
0.13679739,0.145013864,0.000189082467,-6.6150135e-05,0.103957437,-2.43214055,1689.15784
0.136799532,0.0599612217,0.000604766054,-0.00958193606,-0.0294382397,-2.3360595,1726.35665
0.136849259,0.145681998,0.000247011122,-4.81032576e-05,0.105413559,-2.5073436,1688.60355
0.136897649,0.146305314,0.000280157682,-3.4155443e-05,0.106776355,-2.57826945,1688.08573
0.136942794,0.146886817,0.000291889598,-2.35338123e-05,0.10805133,-2.64506323,1687.60196
0.136984909,0.147429312,0.000285299391,-1.55934472e-05,0.10924374,-2.70788686,1687.15002
0.1370242,0.147935415,0.000263201398,-9.80213505e-06,0.110358588,-2.7669092,1686.72784
0.137060855,0.148407569,0.000228135695,-5.70972653e-06,0.111400633,-2.82221625,1686.33347
0.137076187,0.0646303672,-0.00187972765,-0.00985706525,-0.024822794,-2.09601971,1726.47476
0.137095051,0.14884805,0.00018237703,-2.94492435e-06,0.112374388,-2.87396141,1685.96513
0.137126953,0.149258983,0.00012794857,-1.16342285e-06,0.113284125,-2.92255925,1685.62114
0.137156715,0.14964235,6.66363677e-05,-6.45373915e-07,0.114133885,-2.96817729,1685.29991
0.137184481,0.15,0,0,0.114927396,-2.98946519,1685
0.137372735,0.0696352464,-0.00437725918,-0.0100057468,-0.0197405943,-1.83222494,1726.47249
0.137690605,0.075,-0.00680215823,-0.00998579572,-0.0140404432,-1.54150529,1726.3263
0.138008476,0.0803647536,-0.00890304737,-0.00977915643,-0.0079872971,-1.25719792,1726.00915
0.138305024,0.0853696328,-0.0105174968,-0.00942856358,-0.00195100239,-1.00045861,1725.51303
0.138581678,0.0900387783,-0.011682991,-0.00896343411,0.00406835555,-0.770479788,1724.81851
0.138839775,0.0943947116,-0.0124422258,-0.00841098049,0.010052582,-0.573481903,1723.91227
0.139080557,0.0984584434,-0.0128423292,-0.00780172477,0.0159744405,-0.409851283,1722.79133
0.139305188,0.102249575,-0.0129311991,-0.00715963719,0.0218037133,-0.28122027,1721.46546
0.139514751,0.105786393,-0.0127564445,-0.00650492082,0.0275110943,-0.187058046,1719.95686
0.139710255,0.109085956,-0.0123650042,-0.00585529471,0.0330704939,-0.125652472,1718.29758
0.139892645,0.112164181,-0.0118014769,-0.0052242334,0.0384601708,-0.0951972099,1716.526
0.1400628,0.115035914,-0.0111072668,-0.00462234314,0.0436630938,-0.0930505612,1714.68279
0.140221541,0.117715008,-0.0103199993,-0.00405729243,0.0486668083,-0.116163142,1712.80732
0.140369633,0.120214384,-0.00947310746,-0.00353421535,0.0534630186,-0.161232206,1710.93488
0.140507791,0.1225461,-0.00859561893,-0.00305604343,0.0580470342,-0.224872301,1709.09495
0.140636682,0.124721401,-0.00771210419,-0.0026238857,0.0624171792,-0.303771825,1707.31049
0.140756926,0.12675078,-0.0068427861,-0.00223738034,0.0665742267,-0.394795477,1705.59802
0.140869104,0.128644026,-0.00600378038,-0.00189502544,0.0705208896,-0.495057911,1703.96831
0.140973757,0.13041027,-0.00520742855,-0.00159448386,0.0742613833,-0.601972808,1702.42724
0.141071389,0.132058033,-0.00446269332,-0.00133284867,0.0778010602,-0.713271704,1700.97697
0.141162473,0.133595261,-0.00377558908,-0.00110686969,0.0811461125,-0.827007425,1699.61684
0.141247446,0.13502937,-0.00314962092,-0.000913136187,0.0843033324,-0.941552528,1698.34426
0.141326719,0.136367278,-0.00258621007,-0.000748227312,0.0872799223,-1.05556601,1697.15544
0.141391951,0,0,0,-0.118452238,-3.04624979,1721.2098
0.141400675,0.137615437,-0.00208509347,-0.000608816732,0.0900833436,-1.16794868,1696.04586
0.141405524,0.000357650242,0.0006468406,-1.94566297e-06,-0.117740448,-3.04756274,1720.98487
0.141420072,0.000741017226,0.00132252503,-6.42971224e-06,-0.116977609,-3.05407188,1720.7441
0.141435668,0.00115195011,0.00202679934,-1.42309047e-05,-0.116160273,-3.06490709,1720.48698
0.141452384,0.00159243101,0.00275910195,-2.62652597e-05,-0.115284829,-3.07639793,1720.2132
0.141469669,0.138779867,-0.00164468709,-0.000491747265,0.0927211975,-1.27783132,1695.01073
0.141470302,0.00206458457,0.00351852046,-4.31417214e-05,-0.114347497,-3.08864534,1719.92267
0.141489509,0.0025706882,0.00430373789,-6.56714733e-05,-0.113344341,-3.10169209,1719.61565
0.141510097,0.00311318307,0.00511297386,-9.47452053e-05,-0.112271279,-3.11562477,1719.29281
0.141532165,0.00369468589,0.00594392198,-0.000131359093,-0.111124108,-3.13049622,1718.95538
0.141534036,0.139866187,-0.00126241037,-0.000394085303,0.0952011296,-1.38455513,1694.04518
0.14155582,0.00431800152,0.0067936799,-0.000176578266,-0.109898526,-3.14634588,1718.60528
0.141581176,0.00498613648,0.00765866702,-0.000231601107,-0.108590169,-3.16318614,1718.24528
0.141594084,0.140879634,-0.000934966547,-0.000313150007,0.0975307565,-1.48762871,1693.14449
0.141608355,0.0057023135,0.00853454814,-0.000297762126,-0.107194651,-3.18103735,1717.8792
0.141637488,0.00646998704,0.00941616467,-0.000376480946,-0.105707618,-3.19994387,1717.51216
0.141650104,0.141825099,-0.000658578157,-0.000246527251,0.0997176046,-1.58669987,1692.30417
0.141668716,0.00729285993,0.0102974601,-0.00046929835,-0.10412481,-3.21994218,1717.15074
0.14170219,0.00817490128,0.0111714073,-0.000577851519,-0.102442137,-3.24103745,1716.80326
0.141702367,0.14270714,-0.000429183069,-0.000192067985,0.101769064,-1.68153578,1691.51998
0.141738071,0.00912036556,0.0120299378,-0.000703873608,-0.100655762,-3.26318093,1716.47998
0.141751123,0.143530013,-0.000242592327,-0.000147880011,0.103692346,-1.77200091,1690.78801
0.141776531,0.0101338132,0.0128638752,-0.000849174098,-0.0987622022,-3.28624151,1716.19323
0.141796609,0.144297686,-9.46146019e-05,-0.000112312835,0.105494459,-1.85803834,1690.10465
0.141817757,0.0112201325,0.01366289,-0.00101558425,-0.0967584344,-3.30998564,1715.95744
0.141839044,0.145013864,1.88484516e-05,-8.39388263e-05,0.107182183,-1.93965391,1689.46654
0.141861948,0.0123845633,0.0144154943,-0.00120500605,-0.0946420138,-3.33406919,1715.78901
0.141878632,0.145681998,0.000101731687,-6.15324446e-05,0.108762051,-2.01690271,1688.87062
0.141909315,0.0136327222,0.0151090484,-0.00141934918,-0.0924111962,-3.35804722,1715.70587
0.141915565,0.146305314,0.000157756755,-4.40487298e-05,0.11024034,-2.0898775,1688.31404
0.14195002,0.146886817,0.000190399438,-3.06025548e-05,0.11162306,-2.15870041,1687.79418
0.141960089,0.0149706296,0.0157297711,-0.00166041801,-0.0900650617,-3.38135524,1715.7267
0.141982163,0.147429312,0.0002028707,-2.04477531e-05,0.112915952,-2.223513,1687.30864
0.142012151,0.147935415,0.000198108571,-1.29628455e-05,0.114124482,-2.2844727,1686.85514
0.142014514,0.0164047389,0.0162628003,-0.00192991479,-0.0876036305,-3.40323001,1715.86968
0.142040127,0.148407569,0.00017877847,-7.61570218e-06,0.11525385,-2.34166491,1686.4316
0.142066226,0.14884805,0.000147279132,-3.98536677e-06,0.116308983,-2.39530967,1686.03607
0.142072852,0.0179419674,0.0166923018,-0.00222940836,-0.085027963,-3.42263216,1716.15069
0.142090575,0.149258983,0.000105753947,-1.64844316e-06,0.117294548,-2.44549813,1685.66674
0.14211329,0.14964235,5.61048628e-05,-7.94696151e-07,0.118214958,-2.49245009,1685.32191
0.142134481,0.15,0,0,0.119074298,-2.51440938,1685
0.142135385,0.0195897299,0.0170016098,-0.00256029411,-0.0823402276,-3.43830123,1716.58112
0.142202414,0.0213559743,0.0171733623,-0.00292318279,-0.0795437208,-3.44871756,1717.16532
0.142274263,0.0232492201,0.0171899361,-0.00331840031,-0.0766428151,-3.45197718,1717.89818
0.142351279,0.0252785992,0.0170340514,-0.00374613583,-0.0736428077,-3.44595697,1718.76326
0.142433832,0.0274539002,0.0166892112,-0.00420549843,-0.070549637,-3.4285175,1719.73234
0.142522321,0.0297856156,0.0161400757,-0.00469457496,-0.0673694263,-3.3974596,1720.76672
0.142617173,0.0322849924,0.0153731841,-0.00521064178,-0.0641078066,-3.35054257,1721.82046
0.142718845,0.0349640862,0.0143779,-0.00574949261,-0.060768964,-3.28586826,1722.84556
0.142827828,0.0378358195,0.0131471673,-0.00630526315,-0.0573543521,-3.20172796,1723.79777
0.142944647,0.040914044,0.0116784082,-0.00687085949,-0.0538610049,-3.09656182,1724.64187
0.143069866,0.0442136074,0.00997457404,-0.00743692319,-0.0502793735,-2.96924416,1725.35522
0.143204089,0.0477504251,0.00804516391,-0.00799172209,-0.0465906146,-2.81884045,1725.92869
0.143347963,0.0515415566,0.00590728401,-0.00852105573,-0.0427632581,-2.64452375,1726.36554
0.143502183,0.0556052884,0.00358693247,-0.00900739123,-0.038749193,-2.44544378,1726.67818
0.143667491,0.0599612217,0.00112062685,-0.00942951831,-0.0344789421,-2.22085338,1726.88325
0.143844686,0.0646303672,-0.00144249408,-0.00976043425,-0.0298563395,-1.97031872,1726.99561
0.144034622,0.0696352464,-0.00403638629,-0.00997735713,-0.024752585,-1.69827487,1727.02065
0.144238216,0.075,-0.0065772687,-0.0100407216,-0.0190009235,-1.39269888,1726.94517
0.144441809,0.0803647536,-0.00880926778,-0.00991458751,-0.0128535148,-1.08877141,1726.74304
0.144631746,0.0853696328,-0.0105579245,-0.00963852421,-0.00667881898,-0.814336244,1726.39394
0.144808941,0.0900387783,-0.0118545875,-0.00924022445,-0.000476631137,-0.559889636,1725.86806
0.144974249,0.0943947116,-0.0127385524,-0.00874110198,0.00573245381,-0.337367579,1725.1402
0.145128469,0.0984584434,-0.0132536283,-0.00817301494,0.0119169001,-0.146193827,1724.19477
0.145272343,0.102249575,-0.0134455378,-0.00755936858,0.018041057,0.0113259687,1723.02946
0.145406566,0.105786393,-0.0133600589,-0.00692138448,0.0240696528,0.13402416,1721.65622
0.145531785,0.109085956,-0.0130427541,-0.00627775882,0.0299705273,0.223231965,1720.09983
0.145648604,0.112164181,-0.0125377092,-0.00564340676,0.0357160892,0.280333769,1718.39469
0.145757587,0.115035914,-0.0118863504,-0.0050303169,0.0412838934,0.307353155,1716.5808
0.145859259,0.117715008,-0.0111268611,-0.0044477019,0.0466566348,0.306941815,1714.69972
0.145954111,0.120214384,-0.0102936598,-0.00390219639,0.0518217922,0.282135186,1712.79102
0.1460426,0.1225461,-0.00941707321,-0.00339815382,0.0567710867,0.236184323,1710.88969
0.146125153,0.124721401,-0.0085231897,-0.00293796115,0.0614998704,0.172393863,1709.02464
0.146202168,0.12675078,-0.00763387237,-0.00252236987,0.066006517,0.0939832248,1707.21816
0.146274017,0.128644026,-0.00676691023,-0.00215081359,0.0702918593,0.00399246804,1705.48613
0.146341047,0.13041027,-0.00593628014,-0.00182170843,0.0743586909,-0.0947892465,1703.83874
0.14640358,0.132058033,-0.00515248747,-0.00153272582,0.0782113415,-0.199873867,1702.28148
0.146461918,0.133595261,-0.0044229561,-0.00128103858,0.0818553215,-0.309087674,1700.81617
0.146516343,0.13502937,-0.00375244133,-0.0010635204,0.0852970293,-0.420557125,1699.44194
0.146567117,0.136367278,-0.00314344201,-0.000876907352,0.0885435124,-0.532701779,1698.15608
0.146614484,0.137615437,-0.0025965975,-0.000717933977,0.0916022736,-0.644220126,1696.95471
0.146658675,0.138779867,-0.00211106129,-0.000583430231,0.0944811138,-0.754070866,1695.83327
0.146699901,0.139866187,-0.00168483725,-0.000470393087,0.0971880034,-0.86143475,1694.78695
0.146738361,0.140879634,-0.00131507326,-0.00037603299,0.0997309799,-0.965674835,1693.81088
0.146774242,0.141825099,-0.000998314606,-0.000297798834,0.102118061,-1.06631772,1692.90033
0.146807715,0.14270714,-0.000730717417,-0.000233389755,0.104357179,-1.1630287,1692.0508
0.146838944,0.143530013,-0.000508223861,-0.000180755353,0.106456123,-1.25558725,1691.25807
0.146868077,0.144297686,-0.000326702782,-0.000138087201,0.1084225,-1.3438664,1690.51821
0.146895256,0.145013864,-0.000182059561,-0.000103804789,0.110263691,-1.42781485,1689.82757
0.146920612,0.145681998,-7.03193747e-05,-7.65380213e-05,0.111986832,-1.50744175,1689.18279
0.146944267,0.146305314,1.23121531e-05,-5.51077065e-05,0.113598792,-1.58280324,1688.58076
0.146966335,0.146886817,6.94070832e-05,-3.8506106e-05,0.115106158,-1.65399301,1688.01863
0.146986923,0.147429312,0.000104288636,-2.58756297e-05,0.116515231,-1.72112859,1687.49374
0.14700613,0.147935415,0.000120016932,-1.64968756e-05,0.117832013,-1.78435635,1687.00362
0.147024048,0.148407569,0.000119384348,-9.7452881e-06,0.119062214,-1.84374583,1686.546
0.147040764,0.14884805,0.000104917872,-5.15022705e-06,0.120211251,-1.89957851,1686.11874
0.147056359,0.149258983,7.88878042e-05,-2.16008057e-06,0.121284252,-1.95142745,1685.71987
0.147070908,0.14964235,4.33195383e-05,-8.9400094e-07,0.122286063,-2.00027912,1685.34752
0.147084481,0.15,0,0,0.123221201,-2.02349448,1685
0.15,0,0,0,-0.1256637,-3.05565386,1722.50036
0.150004851,0.000357650242,0.000668163302,-1.78506498e-06,-0.124931415,-3.05561357,1722.26403
0.150010051,0.000741017226,0.00136614635,-5.91627605e-06,-0.124146649,-3.05915998,1722.01107
0.150015624,0.00115195011,0.0020936903,-1.30612565e-05,-0.123305873,-3.06674849,1721.74097
0.150021598,0.00159243101,0.00285022714,-2.40997151e-05,-0.122405382,-3.07477744,1721.45337
0.150028002,0.00206458457,0.00363482923,-3.95815829e-05,-0.121441301,-3.08336478,1721.14817
0.150034867,0.0025706882,0.00444615373,-6.02501719e-05,-0.120409597,-3.09254935,1720.82563
0.150042225,0.00311318307,0.00528238137,-8.69168414e-05,-0.119306093,-3.10240322,1720.4864
0.150050112,0.00369468589,0.00614115025,-0.000120493918,-0.118126487,-3.1129686,1720.13173
0.150058566,0.00431800152,0.00701948736,-0.000161985839,-0.116866383,-3.12430447,1719.76355
0.150067628,0.00498613648,0.00791374203,-0.000212495847,-0.115521326,-3.13646756,1719.38469
0.150077342,0.0057023135,0.00881950865,-0.000273233663,-0.114086847,-3.14950735,1718.99903
0.150087754,0.00646998704,0.00973154086,-0.00034551657,-0.112558517,-3.16346342,1718.61176
0.150098915,0.00729285993,0.0106436717,-0.000430768507,-0.110932018,-3.17836279,1718.22957
0.150110878,0.00817490128,0.0115487368,-0.000530518336,-0.109203218,-3.19421716,1717.86092
0.150123701,0.00912036556,0.0124385058,-0.000646399061,-0.107368263,-3.21100826,1717.51624
0.150137447,0.0101338132,0.0133036223,-0.000780120847,-0.105423686,-3.22865092,1717.20802
0.150152181,0.0112201325,0.0141335627,-0.000933433106,-0.103366516,-3.24695546,1716.95093
0.150167974,0.0123845633,0.014916629,-0.00110818336,-0.101194411,-3.26561285,1716.76159
0.150184903,0.0136327222,0.0156399416,-0.00130624975,-0.0989057875,-3.28419177,1716.65817
0.15020305,0.0149706296,0.0162894474,-0.00152942746,-0.0964999551,-3.30211301,1716.65955
0.150222501,0.0164047389,0.0168499885,-0.00177945297,-0.0939772487,-3.31864314,1716.78409
0.150243351,0.0179419674,0.0173054242,-0.00205795723,-0.0913391389,-3.33287918,1717.04773
0.1502657,0.0195897299,0.0176388175,-0.00236637592,-0.0885883161,-3.34349638,1717.4618
0.150289656,0.0213559743,0.0178327563,-0.00270585046,-0.0857287226,-3.34879316,1718.03033
0.150315334,0.0232492201,0.0178696431,-0.0030771299,-0.0827655139,-3.34695213,1718.74761
0.150342859,0.0252785992,0.0177319202,-0.0034804699,-0.0797049167,-3.33599236,1719.5962
0.150372363,0.0274539002,0.0174025793,-0.00391552933,-0.0765539478,-3.31377027,1720.54645
0.150403989,0.0297856156,0.0168658965,-0.00438115752,-0.0733199495,-3.2779766,1721.55789
0.150437888,0.0322849924,0.0161081254,-0.00487538889,-0.0700098905,-3.22659162,1722.58269
0.150474225,0.0349640862,0.0151180836,-0.00539515695,-0.0666293683,-3.15787681,1723.57119
0.150513175,0.0378358195,0.013888044,-0.00593605969,-0.0631812501,-3.07001996,1724.47822
0.150554926,0.040914044,0.0124147446,-0.00649231476,-0.059663869,-2.96157632,1725.26889
0.150599678,0.0442136074,0.0107002401,-0.0070560883,-0.0560686876,-2.83147231,1725.92238
0.150647649,0.0477504251,0.00875280312,-0.00761735376,-0.0523773375,-2.67871787,1726.43312
0.150699069,0.0515415566,0.00658789961,-0.00816366706,-0.0485579396,-2.50236195,1726.80922
0.150754186,0.0556052884,0.00422943531,-0.00867918053,-0.0445606156,-2.30134317,1727.06882
0.150813266,0.0599612217,0.00171117987,-0.00914430341,-0.0403121264,-2.07450136,1727.23546
0.150876595,0.0646303672,-0.0009210273,-0.00953343012,-0.0357096643,-1.82046107,1727.33208
0.150944477,0.0696352464,-0.00360550533,-0.00982183206,-0.0306138051,-1.54177136,1727.37356
0.151017241,0.075,-0.00625942502,-0.00997246073,-0.0248418736,-1.22871609,1727.35844
0.151090004,0.0803647536,-0.00862236768,-0.00994118287,-0.0186301133,-0.910746168,1727.26554
0.151157886,0.0853696328,-0.0105100999,-0.00975035576,-0.0123424253,-0.618609554,1727.06541
0.151221215,0.0900387783,-0.0119462755,-0.00942887365,-0.00597753395,-0.345787181,1726.71909
0.151280295,0.0943947116,-0.0129658454,-0.00899763563,0.000442108151,-0.0997847505,1726.19041
0.151335412,0.0984584434,-0.013608481,-0.00848361685,0.006881011,0.116627224,1725.4511
0.151386832,0.102249575,-0.0139173506,-0.00791135573,0.0132982453,0.30145157,1724.48539
0.151434803,0.105786393,-0.0139359637,-0.00730256237,0.0196525397,0.452677,1723.29286
0.151479555,0.109085956,-0.0137076934,-0.00667590877,0.0259054572,0.5703128,1721.88798
0.151521306,0.112164181,-0.0132756928,-0.00604797785,0.0320232211,0.655355494,1720.29793
0.151560256,0.115035914,-0.0126810584,-0.00543199649,0.0379775307,0.709043755,1718.55905
0.151596593,0.117715008,-0.0119621555,-0.00483870677,0.0437457097,0.73346079,1716.71259
0.151630492,0.120214384,-0.0111541023,-0.00427627597,0.0493104354,0.731243561,1714.80072
0.151662118,0.1225461,-0.0102883271,-0.00375054646,0.0546592322,0.705382348,1712.86312
0.151691622,0.124721401,-0.00939231247,-0.00326529695,0.0597838574,0.659055538,1710.93458
0.151719147,0.12675078,-0.00848950928,-0.00282252951,0.0646796655,0.595478408,1709.04374
0.151744826,0.128644026,-0.00759939555,-0.00242276583,0.0693450041,0.51777633,1707.21258
0.151768782,0.13041027,-0.00673765678,-0.00206533826,0.0737806682,0.428889816,1705.45674
0.15179113,0.132058033,-0.00591645964,-0.0017486597,0.0779894252,0.331515891,1703.78625
0.15181198,0.133595261,-0.00514478737,-0.00147046972,0.0819756097,0.228070035,1702.20652
0.151831431,0.13502937,-0.00442881286,-0.00122805526,0.0857447837,0.12067165,1700.71939
0.151849578,0.136367278,-0.0037722916,-0.00101842875,0.0893034538,0.0111392619,1699.32403
0.151866507,0.137615437,-0.00317695115,-0.000838483339,0.0926588359,-0.0990100297,1698.0178
0.1518823,0.138779867,-0.00264286016,-0.000685115641,0.0958186599,-0.208524235,1696.79689
0.151897034,0.139866187,-0.00216876869,-0.000555311902,0.0987910069,-0.316382389,1695.65683
0.15191078,0.140879634,-0.00175241441,-0.000446213322,0.101584174,-0.421777503,1694.59284
0.151923603,0.141825099,-0.00139079194,-0.000355159024,0.104206559,-0.52409067,1693.6001
0.151935566,0.14270714,-0.00108038344,-0.000279712095,0.106666569,-0.62286198,1692.67392
0.151946727,0.143530013,-0.000817351525,-0.000217670634,0.108972538,-0.717765461,1691.80979
0.151957139,0.144297686,-0.000597697162,-0.000167068247,0.111132669,-0.808586639,1691.00348
0.151966853,0.145013864,-0.000417385706,-0.000126166726,0.113154974,-0.895202574,1690.25104
0.151975915,0.145681998,-0.000272444821,-9.34434269e-05,0.115047238,-0.97756449,1689.54879
0.151984369,0.146305314,-0.000159038049,-6.75750607e-05,0.116816984,-1.05568234,1688.89334
0.151992256,0.146886817,-7.3517805e-05,-4.74203784e-05,0.118471451,-1.12961356,1688.28152
0.151999614,0.147429312,-1.24612638e-05,-3.19996516e-05,0.120017578,-1.19944696,1687.71043
0.152006479,0.147935415,2.73076159e-05,-2.04841766e-05,0.121461991,-1.26531025,1687.17736
0.152012883,0.148407569,4.87071649e-05,-1.21497503e-05,0.122810999,-1.32724971,1686.67978
0.152018857,0.14884805,5.43955403e-05,-6.44683733e-06,0.124070596,-1.38553032,1686.21536
0.15202443,0.149258983,4.67757285e-05,-2.71110477e-06,0.125246455,-1.43950574,1685.78193
0.15202963,0.14964235,2.80036326e-05,-1.01100149e-06,0.126343944,-1.4906283,1685.37744
0.152034481,0.15,0,0,0.127368103,-1.5151318,1685
0.156984481,0.15,0,0,0.131515005,-0.988538759,1685
0.156988352,0.14964235,9.78476373e-06,-1.18984822e-06,0.130382551,-0.963014654,1685.4126
0.156992502,0.149258983,8.65373355e-06,-3.34333759e-06,0.129168619,-0.909616938,1685.8549
0.15699695,0.14884805,-5.45646697e-06,-7.90588593e-06,0.127867534,-0.853111869,1686.329
0.157001717,0.148407569,-3.4835588e-05,-1.4871486e-05,0.126473313,-0.79216551,1686.83716
0.157006828,0.147935415,-8.20183421e-05,-2.49955335e-05,0.124979637,-0.727418419,1687.38178
0.157012306,0.147429312,-0.000149788643,-3.89309639e-05,0.12337985,-0.658654212,1687.96544
0.157018177,0.146886817,-0.000241178749,-5.7511727e-05,0.121666963,-0.585856042,1688.59094
0.157024472,0.146305314,-0.000359460456,-8.16881947e-05,0.119833663,-0.508928188,1689.26124
0.157031218,0.145681998,-0.00050812607,-0.000112572611,0.117872328,-0.427821525,1689.97957
0.15703845,0.145013864,-0.0006908567,-0.000151448343,0.115775051,-0.342529499,1690.74937
0.157046202,0.144297686,-0.00091147501,-0.000199787848,0.113533671,-0.25310581,1691.57436
0.157054511,0.143530013,-0.00117387921,-0.000259266243,0.111139812,-0.159677779,1692.45851
0.157063417,0.14270714,-0.00148195492,-0.00033177216,0.108584937,-0.0624638526,1693.40603
0.157072964,0.141825099,-0.00183946144,-0.000419413157,0.105860409,0.03820708,1694.42141
0.157083198,0.140879634,-0.00224988909,-0.000524513726,0.102957573,0.141874062,1695.50925
0.157094167,0.139866187,-0.00271628475,-0.000649603244,0.0998678356,0.24792049,1696.67429
0.157105925,0.138779867,-0.00324104319,-0.000797390966,0.096582779,0.355549135,1697.92111
0.157118529,0.137615437,-0.00382566297,-0.000970724914,0.0930942758,0.463756341,1699.25398
0.157132039,0.136367278,-0.00447046707,-0.00117253115,0.0893946305,0.571305653,1700.67645
0.15714652,0.13502937,-0.00517429103,-0.0014057294,0.0854767415,0.676702524,1702.19086
0.157162042,0.133595261,-0.00593414543,-0.00167312401,0.0813342887,0.77818115,1703.79771
0.157178681,0.132058033,-0.00674486169,-0.00197726633,0.0769619556,0.873701499,1705.49487
0.157196516,0.13041027,-0.00759872804,-0.00232029391,0.0723556904,0.960935597,1707.27665
0.157215634,0.128644026,-0.00848513293,-0.00270373144,0.0675130178,1.03727398,1709.13285
0.157236126,0.12675078,-0.00939023738,-0.00312826451,0.0624334092,1.09987746,1711.04776
0.157258091,0.124721401,-0.0102966993,-0.00359350276,0.0571187206,1.14574246,1712.9995
0.157281636,0.1225461,-0.011183472,-0.00409771904,0.051573701,1.17177743,1714.9597
0.157306874,0.120214384,-0.0120257108,-0.00463758205,0.0458065702,1.17491624,1716.89382
0.157333927,0.117715008,-0.0127948147,-0.00520789353,0.0398296477,1.15226103,1718.76239
0.157362925,0.115035914,-0.0134586092,-0.00580135504,0.0336599984,1.1012392,1720.52316
0.157394008,0.112164181,-0.0139816853,-0.00640832203,0.0273200302,1.01977846,1722.13424
0.157427326,0.109085956,-0.0143259067,-0.00701684969,0.020837942,0.906678937,1723.55799
0.15746304,0.105786393,-0.0144509812,-0.00761239809,0.0142478814,0.7612934,1724.76523
0.157501322,0.102249575,-0.0143158505,-0.008177583,0.00758963081,0.582600077,1725.7391
0.157542356,0.0984584434,-0.0138796055,-0.008693477,0.000907525695,0.372737692,1726.47766
0.157586341,0.0943947116,-0.0131011191,-0.00913841404,-0.00575175095,0.134829414,1726.99459
0.157633489,0.0900387783,-0.0119412159,-0.00948914987,-0.0123428162,-0.129340162,1727.31912
0.157684026,0.0853696328,-0.0103652796,-0.00972396608,-0.0188272659,-0.415778852,1727.49164
0.157738198,0.0803647536,-0.00834391769,-0.00981794409,-0.0251819591,-0.722995069,1727.55868
0.157796265,0.075,-0.00585656894,-0.00974483032,-0.0314104321,-1.04675184,1727.56509
0.157854332,0.0696352464,-0.00309942372,-0.00950701315,-0.0371575611,-1.35930305,1727.53952
0.157908504,0.0646303672,-0.000340471922,-0.00914898403,-0.042206084,-1.64043729,1727.49308
0.157959042,0.0599612217,0.00234371079,-0.00870487175,-0.0467536798,-1.89223769,1727.41784
0.158006189,0.0556052884,0.00489667028,-0.00820302871,-0.0509493933,-2.11638731,1727.29211
0.158050174,0.0515415566,0.00727613715,-0.00766589942,-0.0549018031,-2.31465106,1727.08708
0.158091209,0.0477504251,0.00945136104,-0.00711120451,-0.058687175,-2.48868344,1726.77327
0.15812949,0.0442136074,0.0114009109,-0.00655258345,-0.0623565601,-2.63977435,1726.32731
0.158165204,0.040914044,0.0131112433,-0.00600051828,-0.0659417926,-2.76898659,1725.7368
0.158198522,0.0378358195,0.0145756416,-0.00546301441,-0.0694604402,-2.87733484,1725.00431
0.158229605,0.0349640862,0.0157932363,-0.00494607452,-0.0729198109,-2.96588626,1724.14916
0.158258603,0.0322849924,0.0167680987,-0.00445409558,-0.07632014,-3.03590984,1723.20611
0.158285656,0.0297856156,0.017508471,-0.00399007677,-0.0796570791,-3.08921294,1722.22113
0.158310894,0.0274539002,0.0180259931,-0.0035559604,-0.0829236,-3.1276559,1721.24515
0.158334439,0.0252785992,0.0183347422,-0.00315280302,-0.0861114125,-3.1530676,1720.32731
0.158356405,0.0232492201,0.0184504657,-0.00278094495,-0.0892119916,-3.16761883,1719.50921
0.158376897,0.0213559743,0.0183901933,-0.00244024044,-0.0922172903,-3.17334697,1718.82127
0.158396014,0.0195897299,0.0181718261,-0.00213000805,-0.0951202036,-3.17210035,1718.2814
0.158413849,0.0179419674,0.0178133491,-0.00184919838,-0.0979148434,-3.1660133,1717.89557
0.158430488,0.0164047389,0.0173323106,-0.00159642877,-0.100596669,-3.15675321,1717.65975
0.15844601,0.0149706296,0.0167457368,-0.00137009119,-0.103162512,-3.14523993,1717.56263
0.158460491,0.0136327222,0.0160699019,-0.00116855061,-0.105610527,-3.13237707,1717.58819
0.158474001,0.0123845633,0.0153201053,-0.000990089642,-0.107940096,-3.11897482,1717.71801
0.158486605,0.0112201325,0.0145105438,-0.000832933206,-0.110151699,-3.10558629,1717.93313
0.158498363,0.0101338132,0.0136542423,-0.000695316725,-0.112246772,-3.09258363,1718.21531
0.158509332,0.00912036556,0.0127630066,-0.000575513146,-0.114227565,-3.08020931,1718.54788
0.158519566,0.00817490128,0.011847424,-0.000471856081,-0.116096995,-3.06860693,1718.91612
0.158529113,0.00729285993,0.0109169116,-0.000382756933,-0.117858512,-3.05784544,1719.30748
0.158538019,0.00646998704,0.00997976472,-0.000306716771,-0.119515975,-3.04794235,1719.7115
0.158546329,0.0057023135,0.00904321315,-0.000242333437,-0.121073544,-3.03888125,1720.1197
0.15855408,0.00498613648,0.00811348879,-0.000188305254,-0.122535581,-3.03062439,1720.52536
0.158561312,0.00431800152,0.00719589979,-0.000143432093,-0.123906568,-3.02312148,1720.92329
0.158568059,0.00369468589,0.00629490796,-0.000106614538,-0.125191036,-3.01631508,1721.30958
0.158574353,0.00311318307,0.00541420665,-7.68513582e-05,-0.126393507,-3.01014484,1721.68143
0.158580225,0.0025706882,0.0045567969,-5.323669e-05,-0.127518449,-3.00454989,1722.03691
0.158585703,0.00206458457,0.00372506068,-3.49516297e-05,-0.128570233,-2.99948267,1722.37479
0.158590813,0.00159243101,0.00292083102,-2.12690583e-05,-0.12955311,-2.9948565,1722.69444
0.158595581,0.00115195011,0.00214545822,-1.15219687e-05,-0.130471184,-2.99062078,1722.99563
0.158600029,0.000741017226,0.0013998715,-5.23448341e-06,-0.131328399,-2.9866227,1723.27849
0.158604178,0.000357650242,0.000684635292,-1.57349364e-06,-0.132128527,-2.98632046,1723.5434
0.158608049,0,0,0,-0.132875162,-2.9878206,1723.79093
0.161934481,0.15,0,0,0.135661907,-0.442719315,1685
0.161945971,0.14964235,-1.17330885e-05,-1.41247454e-06,0.134392125,-0.416200221,1685.45451
0.161958286,0.149258983,-3.63149671e-05,-4.10351283e-06,0.133030537,-0.360388425,1685.94186
0.161971488,0.14884805,-7.59502237e-05,-9.64492418e-06,0.131570704,-0.301077073,1686.46442
0.161985638,0.148407569,-0.00013305398,-1.81151441e-05,0.130005932,-0.237244185,1687.02467
0.162000806,0.147935415,-0.000210277109,-3.03633612e-05,0.128329187,-0.16950013,1687.62529
0.162017065,0.147429312,-0.000310505072,-4.71562513e-05,0.126533096,-0.0976778447,1688.26914
0.162034493,0.146886817,-0.000436849453,-6.94465074e-05,0.12460998,-0.0218042565,1688.95926
0.162053174,0.146305314,-0.000592630516,-9.83124691e-05,0.122551892,0.0581676599,1689.69894
0.162073198,0.145681998,-0.000781348282,-0.000135001343,0.120350632,0.142228159,1690.49167
0.162094662,0.145013864,-0.00100663947,-0.000180935546,0.11799779,0.230310429,1691.34119
0.162117669,0.144297686,-0.00127221745,-0.000237726042,0.115484813,0.322271394,1692.25145
0.162142331,0.143530013,-0.00158179227,-0.000307179847,0.112803069,0.417876672,1693.22664
0.162168766,0.14270714,-0.00193896779,-0.00039130306,0.109943922,0.516781752,1694.27111
0.162197102,0.141825099,-0.00234711306,-0.000492296581,0.106898822,0.618511855,1695.38933
0.162227475,0.140879634,-0.00280920536,-0.000612542574,0.103659396,0.722440222,1696.58577
0.162260032,0.139866187,-0.00332764293,-0.00075457902,0.10021756,0.827765736,1697.86471
0.162294931,0.138779867,-0.00390402636,-0.000921060641,0.096565632,0.933492022,1699.22999
0.162332338,0.137615437,-0.00453890896,-0.00111470262,0.0926964654,1.03840393,1700.68465
0.162372436,0.136367278,-0.00523151772,-0.00133820327,0.0886035902,1.14104288,1702.23048
0.162415416,0.13502937,-0.00597944853,-0.00159414467,0.0842813771,1.23969145,1703.86736
0.162461488,0.133595261,-0.00677834117,-0.00188486742,0.0797252256,1.33236602,1705.59252
0.162510871,0.132058033,-0.00762154496,-0.00221232671,0.0749317865,1.41683149,1707.39972
0.162563806,0.13041027,-0.00849979149,-0.00257792424,0.069899228,1.49061831,1709.27834
0.162620547,0.128644026,-0.00940088717,-0.00298230929,0.0646275569,1.55104224,1711.21249
0.162681368,0.12675078,-0.0103094418,-0.00342516486,0.0591190048,1.59525538,1713.18038
0.162746563,0.124721401,-0.0112066618,-0.00390498466,0.0533784893,1.62033359,1715.15405
0.162816445,0.1225461,-0.0120702293,-0.0044188217,0.0474141477,1.62335452,1717.09966
0.162891352,0.120214384,-0.0128742808,-0.00496204389,0.0412379415,1.60152353,1718.97855
0.162971645,0.117715008,-0.0135895304,-0.00552812868,0.0348663076,1.55237634,1720.74909
0.163057711,0.115035914,-0.0141835538,-0.00610847727,0.0283208059,1.47392541,1722.36963
0.163149967,0.112164181,-0.0146212265,-0.00669229778,0.0216286974,1.36483339,1723.80197
0.163248855,0.109085956,-0.0148651496,-0.00726673775,0.014823297,1.22453544,1725.01551
0.163354855,0.105786393,-0.0148765314,-0.00781584633,0.00794399544,1.0524112,1725.99118
0.163468476,0.102249575,-0.0146172584,-0.00832258847,0.00103577706,0.849818079,1726.72457
0.163590267,0.0984584434,-0.0140486829,-0.00876812135,-0.00585216167,0.620119307,1727.2271
0.163720816,0.0943947116,-0.0131326495,-0.00913168345,-0.0126689851,0.365513417,1727.52535
0.163860751,0.0900387783,-0.0118355082,-0.00939313979,-0.0193663057,0.0883158349,1727.66135
0.164010748,0.0853696328,-0.0101275733,-0.00953068607,-0.0259043783,-0.20858105,1727.68978
0.164171532,0.0803647536,-0.00798437494,-0.00952128813,-0.0322609562,-0.520762458,1727.65895
0.164343876,0.075,-0.00538978003,-0.00934767484,-0.0384433007,-0.843168972,1727.60597
0.16451622,0.0696352464,-0.00255128822,-0.00902580383,-0.0441099281,-1.15213764,1727.55774
0.164677003,0.0646303672,0.00026019572,-0.00860415809,-0.0490649562,-1.42802833,1727.51681
0.164827,0.0599612217,0.00297507475,-0.00811554605,-0.0535187616,-1.67314948,1727.46672
0.164966936,0.0556052884,0.00554166322,-0.00758746085,-0.057628008,-1.89012432,1727.38015
0.165097484,0.0515415566,0.00792210747,-0.00703996991,-0.0615053983,-2.0815049,1727.22453
0.165219275,0.0477504251,0.0100890707,-0.00648818131,-0.0652289716,-2.24933594,1726.96677
0.165332897,0.0442136074,0.0120238438,-0.00594323644,-0.0688500347,-2.39514195,1726.57938
0.165438896,0.040914044,0.0137149539,-0.00541336441,-0.0723997426,-2.52008758,1726.0468
0.165537785,0.0378358195,0.0151572012,-0.00490451955,-0.0758944526,-2.62519956,1725.3696
0.16563004,0.0349640862,0.0163508255,-0.00442086736,-0.0793400061,-2.71154761,1724.56628
0.165716106,0.0322849924,0.0173007116,-0.00396524784,-0.0827350967,-2.78030627,1723.67173
0.1657964,0.0297856156,0.0180156137,-0.00353942599,-0.0860738739,-2.83301309,1722.73257
0.165871307,0.0274539002,0.0185075076,-0.00314419847,-0.0893479166,-2.87200997,1721.8005
0.165941189,0.0252785992,0.01879086,-0.0027794321,-0.0925476899,-2.89958108,1720.92526
0.166006383,0.0232492201,0.0188817843,-0.00244493207,-0.0956635855,-2.9165152,1720.14877
0.166067204,0.0213559743,0.0187975753,-0.00214000632,-0.0986866318,-2.92367603,1719.50142
0.166123945,0.0195897299,0.0185559899,-0.0018638007,-0.101608949,-2.92489561,1719.00095
0.16617688,0.0179419674,0.0181746931,-0.00161497279,-0.104424012,-2.92278969,1718.65307
0.166226264,0.0164047389,0.0176712394,-0.00139162386,-0.107126773,-2.91755958,1718.45358
0.166272335,0.0149706296,0.0170627444,-0.00119226029,-0.109713659,-2.91018261,1718.39099
0.166315316,0.0136327222,0.0163655041,-0.00101527252,-0.112182509,-2.90174371,1718.4492
0.166355413,0.0123845633,0.0155948174,-0.0008589609,-0.114532468,-2.89297499,1718.60983
0.166392821,0.0112201325,0.0147648809,-0.000721630008,-0.11676384,-2.88434097,1718.85396
0.166427719,0.0101338132,0.013888721,-0.000601634674,-0.118877939,-2.87615594,1719.16346
0.166460276,0.00912036556,0.012978162,-0.00049738171,-0.120876929,-2.86863709,1719.52175
0.16649065,0.00817490128,0.012043826,-0.000407343265,-0.122763677,-2.86189165,1719.91422
0.166518985,0.00729285993,0.0110951598,-0.000330082243,-0.124541609,-2.85594481,1720.32842
0.16654542,0.00646998704,0.0101404798,-0.000264253448,-0.126214579,-2.85080101,1720.75399
0.166570082,0.0057023135,0.00918703065,-0.000208599772,-0.127786757,-2.84643023,1721.18252
0.166593089,0.00498613648,0.00824105448,-0.000161960369,-0.129262525,-2.84277211,1721.60735
0.166614553,0.00431800152,0.00730786495,-0.000123271828,-0.130646393,-2.83975781,1722.02335
0.166634578,0.00369468589,0.00639192474,-9.15646387e-05,-0.131942926,-2.83731479,1722.42668
0.166653259,0.00311318307,0.00549692404,-6.59595044e-05,-0.133156686,-2.83537144,1722.81457
0.166670686,0.0025706882,0.00462585755,-4.56637774e-05,-0.134292176,-2.833859,1723.18515
0.166686945,0.00206458457,0.00378109851,-2.99624475e-05,-0.135353811,-2.83272538,1723.53722
0.166702113,0.00159243101,0.00296446931,-1.82234855e-05,-0.136345879,-2.83188085,1723.87019
0.166716264,0.00115195011,0.00217730773,-9.86444045e-06,-0.137272526,-2.83127442,1724.18388
0.166729465,0.000741017226,0.0014205286,-4.49320763e-06,-0.138137733,-2.83072285,1724.47846
0.166741781,0.000357650242,0.00069468029,-1.3487263e-06,-0.13894531,-2.83340217,1724.75435
0.16675327,0,0,0,-0.139698886,-2.83617725,1725.01214
0.166884481,0.15,0,0,0.139808809,0.120426553,1685
0.166902545,0.14964235,-3.75348041e-05,-1.71708542e-06,0.138354758,0.148208732,1685.50592
0.166921908,0.149258983,-9.00666553e-05,-5.10610203e-06,0.136795065,0.207095773,1686.04855
0.166942663,0.14884805,-0.000159930954,-1.18946374e-05,0.135122411,0.269956479,1686.63053
0.16696491,0.148407569,-0.000249647522,-2.22609051e-05,0.133329367,0.337344572,1687.25463
0.166988757,0.147935415,-0.000361951105,-3.71477892e-05,0.131408274,0.408659132,1687.92377
0.167014319,0.147429312,-0.000499783004,-5.74394523e-05,0.129351256,0.484013954,1688.6411
0.167041719,0.146886817,-0.000666274055,-8.42079648e-05,0.127150245,0.563334073,1689.40992
0.167071089,0.146305314,-0.000864717005,-0.000118654947,0.12479707,0.646589763,1690.23375
0.167102571,0.145681998,-0.0010985261,-0.000162150039,0.122283513,0.733680744,1691.11629
0.167136316,0.145013864,-0.00137118179,-0.000216232017,0.119601373,0.82443617,1692.0614
0.167172488,0.144297686,-0.001686158,-0.000282615765,0.116742539,0.918590932,1693.07312
0.167211261,0.143530013,-0.00204682961,-0.000363191328,0.113699066,1.01577015,1694.15556
0.167252822,0.14270714,-0.00245635774,-0.000460017195,0.110463257,1.11547107,1695.31286
0.167297372,0.141825099,-0.0029175506,-0.000575305046,0.107027736,1.21704465,1696.54904
0.167345124,0.140879634,-0.00343269793,-0.000711394418,0.103385532,1.31967653,1697.86783
0.167396311,0.139866187,-0.0040033781,-0.000870714834,0.0995301647,1.42236693,1699.27238
0.167451177,0.138779867,-0.0046302379,-0.00105573323,0.0954557319,1.52391145,1700.76497
0.16750999,0.137615437,-0.00531274695,-0.0012688847,0.0911570098,1.62289011,1702.34649
0.16757303,0.136367278,-0.00604892835,-0.00151248607,0.0866295673,1.7176602,1704.01591
0.167640604,0.13502937,-0.00683507017,-0.00178863186,0.0818699051,1.80634959,1705.76959
0.167713037,0.133595261,-0.00766542541,-0.00209906775,0.0768756286,1.88685265,1707.60052
0.167790678,0.132058033,-0.00853190843,-0.00244504065,0.0716456671,1.95682899,1709.49755
0.167873902,0.13041027,-0.00942380358,-0.00282712434,0.0661805498,2.01374784,1711.44462
0.16796311,0.128644026,-0.0103275058,-0.00324503157,0.0604827507,2.05494863,1713.42021
0.168058732,0.12675078,-0.0112263093,-0.00369741309,0.0545571113,2.07768959,1715.39711
0.16816123,0.124721401,-0.012100263,-0.00418164382,0.0484113464,2.07925073,1717.34264
0.168271098,0.1225461,-0.0129261261,-0.00469362072,0.0420566282,2.05708688,1719.21953
0.168388867,0.120214384,-0.0136774222,-0.0052275517,0.0355082309,2.00887849,1720.98757
0.168515103,0.117715008,-0.0143246398,-0.0057757911,0.0287862063,1.9326777,1722.60606
0.168650416,0.115035914,-0.0148355846,-0.00632863916,0.0219160292,1.82716183,1724.03709
0.168795459,0.112164181,-0.0151758421,-0.00687461841,0.0149291231,1.69201474,1725.2493
0.168950931,0.109085956,-0.0153093838,-0.00739967796,0.0078631193,1.52695658,1726.22178
0.169117583,0.105786393,-0.0152002105,-0.00788821509,0.000761761965,1.33175233,1726.94746
0.169296217,0.102249575,-0.0148122659,-0.00832319555,-0.00632582439,1.11009963,1727.43511
0.169487696,0.0984584434,-0.0141095073,-0.00868618638,-0.0133468223,0.865680509,1727.70941
0.169692944,0.0943947116,-0.0130590673,-0.00895910459,-0.0202476135,0.59922551,1727.81274
0.169912949,0.0900387783,-0.0116319979,-0.00912212159,-0.0269783154,0.313757933,1727.79753
0.170148774,0.0853696328,-0.00980332312,-0.00915603227,-0.0334994202,0.0140582739,1727.71798
0.170401556,0.0803647536,-0.00755388447,-0.00904417779,-0.0397910846,-0.295315381,1727.61829
0.170672515,0.075,-0.00487333698,-0.00877549603,-0.0458656126,-0.611417079,1727.52944
0.170943473,0.0696352464,-0.00197743928,-0.008376112,-0.051399458,-0.911398808,1727.47511
0.171196255,0.0646303672,0.000863439605,-0.00790038348,-0.0562194667,-1.17632586,1727.44997
0.17143208,0.0599612217,0.00358640926,-0.00737929721,-0.0605457193,-1.40993559,1727.42874
0.171652085,0.0556052884,0.00614551509,-0.00683757006,-0.064540063,-1.6156295,1727.37878
0.171834481,0.15,0,0,0.143955711,0.726613087,1685
0.171857333,0.0515415566,0.00850745759,-0.00629225241,-0.0683174442,-1.7963865,1727.26547
0.171858131,0.14964235,-6.86238817e-05,-2.0446454e-06,0.142223594,0.75543769,1685.57323
0.171883482,0.149258983,-0.000154556972,-6.21074469e-06,0.140364683,0.817121405,1686.18826
0.171910655,0.14884805,-0.000260238814,-1.44021263e-05,0.138371563,0.883397051,1686.84798
0.171939783,0.148407569,-0.000388250252,-2.69325458e-05,0.136237426,0.95426321,1687.55527
0.171971004,0.147935415,-0.00054135158,-4.48603461e-05,0.133955496,1.02905913,1688.31319
0.172004471,0.147429312,-0.000722463564,-6.919928e-05,0.131519081,1.10775569,1689.1249
0.172040344,0.146886817,-0.000934637715,-0.000101137519,0.128921599,1.19013807,1689.99372
0.172048812,0.0477504251,0.0106485272,-0.00575553355,-0.0719562951,-1.95454667,1727.05429
0.172078797,0.146305314,-0.00118102103,-0.000141982686,0.126156588,1.27605295,1690.92309
0.172120015,0.145681998,-0.00146480881,-0.000193196473,0.12321776,1.36526953,1691.91656
0.172164196,0.145013864,-0.00178917864,-0.00025638793,0.120099031,1.45746976,1692.97772
0.172211554,0.144297686,-0.00215720796,-0.000333310626,0.11679453,1.55222061,1694.1102
0.172227446,0.0442136074,0.0125527592,-0.00523589209,-0.0755072078,-2.09181714,1726.71546
0.172262318,0.143530013,-0.00257177393,-0.000425853118,0.113298624,1.64897118,1695.3175
0.172316731,0.14270714,-0.00303543287,-0.000536023444,0.109605946,1.74704209,1696.60293
0.172375057,0.141825099,-0.00355027745,-0.000665925793,0.105711415,1.84560915,1697.96942
0.172394098,0.040914044,0.0142107761,-0.00473910923,-0.0790000139,-2.20946032,1726.23191
0.172437577,0.140879634,-0.00411777076,-0.000817727405,0.101610271,1.94368809,1699.41919
0.172504593,0.139866187,-0.00473855609,-0.000993612401,0.0972981215,2.04011505,1700.95356
0.17254957,0.0378358195,0.0156189381,-0.00426896844,-0.0824494656,-2.30852315,1725.60345
0.172576427,0.138779867,-0.00541224222,-0.00119572129,0.0927710035,2.13353185,1702.57238
0.172653427,0.137615437,-0.00613716582,-0.0014260775,0.0880254781,2.22238539,1704.27363
0.172694613,0.0349640862,0.0167786166,-0.00382776731,-0.085859727,-2.39005919,1724.84855
0.172735963,0.136367278,-0.00691014013,-0.00168649819,0.0830587422,2.30492743,1706.05279
0.172824434,0.13502937,-0.0077261881,-0.00197848705,0.0778687809,2.37921249,1707.90216
0.172829926,0.0322849924,0.017695494,-0.00341668089,-0.0892278714,-2.45524092,1724.00252
0.172919266,0.133595261,-0.00857826371,-0.00230311057,0.0724545943,2.44310993,1709.81025
0.172956163,0.0297856156,0.0183788396,-0.00303618499,-0.0925465578,-2.50526687,1723.11251
0.173020917,0.132058033,-0.0094569836,-0.00266084749,0.0668164714,2.49432019,1711.76109
0.173073931,0.0274539002,0.0188408814,-0.00268610857,-0.0958060393,-2.54180768,1722.23047
0.173129878,0.13041027,-0.0103503774,-0.0030514227,0.0609563313,2.53040804,1713.73376
0.173183799,0.0252785992,0.0190962556,-0.00236584451,-0.0989956348,-2.56732252,1721.40599
0.173246673,0.128644026,-0.0112436735,-0.003473631,0.0548781401,2.54887516,1715.7022
0.173286297,0.0232492201,0.0191611593,-0.00207530854,-0.102104767,-2.58347418,1720.68041
0.173371866,0.12675078,-0.0121191417,-0.00392514955,0.0485884091,2.54724023,1717.63537
0.17338192,0.0213559743,0.0190529275,-0.00181197943,-0.105123668,-2.59294826,1720.08327
0.173471127,0.0195897299,0.0187890563,-0.00157386447,-0.108043806,-2.59822943,1719.63142
0.173506062,0.124721401,-0.0129560067,-0.00440233705,0.04209677,2.52312202,1719.49791
0.173554351,0.0179419674,0.0183870133,-0.00136018025,-0.110858135,-2.59914583,1719.32992
0.173631992,0.0164047389,0.0178644133,-0.00116921662,-0.113561184,-2.59664131,1719.17406
0.173649907,0.1225461,-0.0137304557,-0.00490008646,0.0354166156,2.47440251,1721.25157
0.173704425,0.0149706296,0.0172382663,-0.000999590248,-0.116149056,-2.59256958,1719.15209
0.173771999,0.0136327222,0.0165247299,-0.000849576303,-0.118619341,-2.58785112,1719.24784
0.173804094,0.120214384,-0.0144157929,-0.00541159801,0.0285657795,2.39929102,1722.85725
0.17383504,0.0123845633,0.0157389849,-0.000717533966,-0.120970995,-2.58307099,1719.44298
0.173893852,0.0112201325,0.0148951216,-0.000601879076,-0.123204183,-2.57863386,1719.71881
0.173948718,0.0101338132,0.0140060689,-0.000501098022,-0.125320121,-2.57480018,1720.0574
0.173969369,0.117715008,-0.0149826947,-0.00592831438,0.0215672196,2.29650648,1724.27791
0.173999905,0.00912036556,0.0130835625,-0.000413748927,-0.127320903,-2.57173168,1720.44243
0.174047658,0.00817490128,0.0121381449,-0.000338468761,-0.129209352,-2.56948509,1720.85956
0.174092207,0.00729285993,0.0111791915,-0.000273992639,-0.130988862,-2.56803984,1721.29655
0.174133768,0.00646998704,0.0102149544,-0.000219149425,-0.132663275,-2.56736261,1721.74323
0.174146528,0.115035914,-0.0153996028,-0.00643990456,0.0144496295,2.16552955,1725.48202
0.174172541,0.0057023135,0.00925262004,-0.000172855096,-0.134236753,-2.56739163,1722.19138
0.174208713,0.00498613648,0.00829837748,-0.000134110322,-0.13571368,-2.56806326,1722.63449
0.174242458,0.00431800152,0.00735749239,-0.000102004304,-0.13709857,-2.56926948,1723.06754
0.17427394,0.00369468589,0.00643438448,-7.57200312e-05,-0.138395998,-2.57091109,1723.48679
0.17430331,0.00311318307,0.00553270466,-5.45162296e-05,-0.139610533,-2.57292728,1723.88958
0.17433071,0.0025706882,0.00465541132,-3.77234317e-05,-0.140746691,-2.5752363,1724.27408
0.174336425,0.112164181,-0.0156331461,-0.00693423817,0.00724787429,2.00640053,1726.44721
0.174356272,0.00206458457,0.00380484429,-2.47415165e-05,-0.141808896,-2.57777773,1724.63919
0.174380119,0.00159243101,0.0029827952,-1.50429813e-05,-0.142801448,-2.58045431,1724.98436
0.174402366,0.00115195011,0.00219057381,-8.14019421e-06,-0.143728502,-2.58320867,1725.30947
0.174423122,0.000741017226,0.00142906931,-3.72492698e-06,-0.14459405,-2.58583708,1725.61473
0.174442484,0.000357650242,0.000698806718,-1.11560117e-06,-0.145401908,-2.59123648,1725.90061
0.174460548,0,0,0,-0.14615572,-2.5951592,1726.16774
0.174539976,0.109085956,-0.0156493892,-0.00739627505,3.1458458e-06,1.81893472,1727.16387
0.174758164,0.105786393,-0.0154153947,-0.00781153077,-0.00723732085,1.6061758,1727.63754
0.174992041,0.102249575,-0.0148974554,-0.00816385055,-0.0144212689,1.37165916,1727.88997
0.175242735,0.0984584434,-0.0140632919,-0.00843535715,-0.0214933959,1.11655472,1727.96224
0.175511454,0.0943947116,-0.0128852504,-0.00860949438,-0.0283985881,0.843521543,1727.90785
0.175799496,0.0900387783,-0.0113388586,-0.00866857051,-0.0350868513,0.556919259,1727.77861
0.176072105,0.15,0,0,0.147505814,1.26625987,1685
0.176102105,0.14964235,-9.99734066e-05,-2.41005992e-06,0.145254879,1.29571076,1685.66975
0.17610825,0.0853696328,-0.00940436453,-0.00859871609,-0.0415203194,0.26145974,1727.62225
0.176134262,0.149258983,-0.000219629406,-7.43977134e-06,0.142879021,1.35922318,1686.38371
0.176168731,0.14884805,-0.00036140308,-1.71267733e-05,0.140372242,1.42787404,1687.14474
0.176205679,0.148407569,-0.000527805115,-3.1909981e-05,0.137729415,1.50098691,1687.95568
0.176245283,0.147935415,-0.000721482367,-5.29237956e-05,0.134945354,1.57789665,1688.81948
0.176287736,0.147429312,-0.000945196835,-8.12790034e-05,0.132014849,1.65851731,1689.73921
0.176333241,0.146886817,-0.00120179058,-0.000118232712,0.128932691,1.7424347,1690.71806
0.176382017,0.146305314,-0.00149414262,-0.000165132647,0.125693654,1.82927387,1691.75926
0.176434302,0.145681998,-0.00182511605,-0.000223456532,0.122292502,1.91872073,1692.86609
0.176439204,0.0803647536,-0.00706820978,-0.00838850787,-0.047682847,-0.0396303178,1727.48039
0.176490345,0.145013864,-0.00219748982,-0.000294803175,0.118723997,2.01037063,1694.04177
0.176550418,0.144297686,-0.00261387486,-0.000380885959,0.114982914,2.10368372,1695.2894
0.176614811,0.143530013,-0.00307661184,-0.000483514698,0.111064055,2.19799778,1696.61184
0.176683834,0.14270714,-0.0035876488,-0.000604575372,0.106962284,2.29252015,1698.01146
0.17675782,0.141825099,-0.00414839781,-0.00074600113,0.102672558,2.38631476,1699.49
0.176793955,0.075,-0.00432525705,-0.00803187028,-0.0535927511,-0.343824591,1727.38157
0.176837127,0.140879634,-0.00475956968,-0.000909734112,0.0981899907,2.47829268,1701.04822
0.176922135,0.139866187,-0.00542098671,-0.00109767668,0.0935099211,2.56720757,1702.6855
0.177013256,0.138779867,-0.00613137373,-0.00131163297,0.0886280213,2.65163801,1704.39948
0.177110929,0.137615437,-0.00688812647,-0.00155322002,0.0835404267,2.72994434,1706.18544
0.177148707,0.0696352464,-0.00139683599,-0.00756516776,-0.0589477777,-0.629140957,1727.33874
0.177215626,0.136367278,-0.0076870655,-0.00182378197,0.0782438987,2.80033428,1708.03582
0.17732785,0.13502937,-0.00852218566,-0.00212429491,0.07273606,2.86089518,1709.93957
0.177448144,0.133595261,-0.00938540363,-0.00245523093,0.0670156824,2.90952363,1711.88162
0.177479661,0.0646303672,0.00144969449,-0.00704765989,-0.0635977302,-0.878388054,1727.33646
0.177577088,0.132058033,-0.0102663156,-0.00281640636,0.0610830053,2.94397637,1713.84239
0.177715303,0.13041027,-0.0111519811,-0.00320682056,0.0549401373,2.9619382,1715.79761
0.177788414,0.0599612217,0.00415866679,-0.00650737217,-0.0677689466,-1.09633657,1727.34383
0.177863457,0.128644026,-0.0120267486,-0.00362449101,0.0485915327,2.96109112,1717.71833
0.178022263,0.12675078,-0.012872143,-0.00406627863,0.0420445395,2.9392161,1719.57144
0.178076456,0.0556052884,0.00669013872,-0.00596541387,-0.0716258287,-1.28704449,1727.32553
0.178192489,0.124721401,-0.0136668414,-0.00452771756,0.0353100133,2.89427805,1721.32071
0.178345176,0.0515415566,0.00901550268,-0.00543535444,-0.0752836157,-1.45383576,1727.24554
0.178374955,0.1225461,-0.0143867373,-0.00500285012,0.0284029773,2.82451596,1722.92853
0.17857054,0.120214384,-0.0150051547,-0.00548407438,0.0213433057,2.72868784,1724.35837
0.17859587,0.0477504251,0.0111146604,-0.00492615856,-0.0788197468,-1.59926773,1727.06943
0.178780189,0.117715008,-0.0154932469,-0.0059621916,0.0141563748,2.60616095,1725.57789
0.178829746,0.0442136074,0.0129744005,-0.00444341574,-0.0822831633,-1.72517532,1726.76748
0.179004914,0.115035914,-0.0158201421,-0.00642642233,0.00687361102,2.45696526,1726.56245
0.179047934,0.040914044,0.0145874104,-0.00399036995,-0.0857017793,-1.83287854,1726.32215
0.179245796,0.112164181,-0.0159533573,-0.00686337804,-0.000467165406,2.28093442,1727.29873
0.179251486,0.0378358195,0.0159515711,-0.00356861641,-0.0890884021,-1.92343185,1725.73387
0.179441383,0.0349640862,0.017069347,-0.00317861137,-0.0924453612,-1.99786873,1725.02197
0.179504,0.109085956,-0.0158617895,-0.00725934933,-0.00782173208,2.07929058,1727.7876
0.179618542,0.0322849924,0.0179471847,-0.00281997646,-0.0957680781,-2.05735124,1724.22259
0.179780769,0.105786393,-0.0155145076,-0.00759968117,-0.0151399856,1.85672197,1728.04571
0.179783816,0.0297856156,0.0185949023,-0.00249198061,-0.0990477742,-2.10297203,1723.38321
0.179938004,0.0274539002,0.0190249467,-0.00219346829,-0.102273483,-2.13629134,1722.5555
0.18,0.15,0,0,0.146175959,1.76563326,1685.55234
0.180036204,0.14964235,-0.000135328232,-2.98840783e-06,0.143593535,1.79655117,1686.29819
0.18007501,0.149258983,-0.000292164386,-9.2506379e-06,0.14089204,1.86354479,1687.09015
0.180077439,0.102249575,-0.014880189,-0.0078681445,-0.0223671788,1.61546476,1728.10952
0.180081849,0.0252785992,0.0192514714,-0.0019232715,-0.105433507,-2.16018642,1721.78804
0.180116607,0.14884805,-0.000472873042,-2.09552408e-05,0.138067133,1.9359582,1687.93098
0.180161196,0.148407569,-0.000679830051,-3.85958543e-05,0.135114503,2.01208134,1688.8234
0.18020899,0.147935415,-0.000915507349,-6.32798121e-05,0.132029644,2.09116123,1689.77025
0.180216044,0.0232492201,0.0192903025,-0.00167969114,-0.108516437,-2.17628747,1721.12075
0.180260221,0.147429312,-0.00118244953,-9.60921778e-05,0.128807845,2.1730341,1690.77447
0.180315136,0.146886817,-0.0014832414,-0.000138250678,0.125444196,2.25739929,1691.83902
0.180341238,0.0213559743,0.0191585365,-0.00146047081,-0.111511831,-2.18633108,1720.58157
0.180373999,0.146305314,-0.00182046286,-0.000191069046,0.121933583,2.34392237,1692.96685
0.180395442,0.0984584434,-0.0139313199,-0.0080490193,-0.0294461698,1.35666741,1728.0311
0.180437095,0.145681998,-0.00219662707,-0.000255969828,0.118270702,2.43217102,1694.16089
0.180458033,0.0195897299,0.0188737383,-0.00126396004,-0.114410636,-2.19188024,1720.18587
0.180504728,0.145013864,-0.00261410965,-0.000334464781,0.114450073,2.52165958,1695.42386
0.180566993,0.0179419674,0.0184537167,-0.00108868733,-0.117205396,-2.19366651,1719.93759
0.180577223,0.144297686,-0.00307506502,-0.000428155176,0.11046607,2.61180866,1696.75824
0.180654932,0.143530013,-0.00358132268,-0.000538713617,0.106312968,2.70192294,1698.16605
0.180668645,0.0164047389,0.017915873,-0.000933087629,-0.119890323,-2.1933342,1719.83129
0.18073631,0.0943947116,-0.0126441414,-0.00812658127,-0.0363210039,1.08496759,1727.86314
0.180738228,0.14270714,-0.00413426402,-0.00066786095,0.101984997,2.79117436,1699.64864
0.180763477,0.0149706296,0.0172768489,-0.000795550228,-0.122461274,-2.19206633,1719.85482
0.180827514,0.141825099,-0.00473467875,-0.000817333676,0.0974764184,2.87859203,1701.20644
0.180851948,0.0136327222,0.0165525179,-0.000674461087,-0.12491566,-2.19054515,1719.99193
0.18092322,0.140879634,-0.00538259984,-0.000988841734,0.0927816224,2.96305204,1702.83863
0.180934484,0.0123845633,0.0157578127,-0.000568318834,-0.127252297,-2.18926854,1720.22444
0.181011483,0.0112201325,0.0149066,-0.000475700524,-0.129471253,-2.18857068,1720.53391
0.181025807,0.139866187,-0.00607711767,-0.00118401603,0.0878952436,3.04327601,1704.54272
0.181083318,0.0101338132,0.0140116074,-0.00039526868,-0.131573667,-2.18864812,1720.9028
0.181101688,0.0900387783,-0.0109988546,-0.00808747812,-0.0429421241,0.804605673,1727.65663
0.181135771,0.138779867,-0.00681617544,-0.0014043461,0.082812309,3.11782966,1706.31415
0.181150333,0.00912036556,0.0130843905,-0.000325773894,-0.133561581,-2.18959057,1721.31516
0.181212853,0.00817490128,0.0121353307,-0.000266056029,-0.135437775,-2.19141085,1721.75701
0.181253642,0.137615437,-0.00759634768,-0.00165109556,0.077528408,3.18510309,1708.14574
0.18127118,0.00729285993,0.011173658,-0.000215044643,-0.137205615,-2.19406622,1722.21645
0.181325593,0.00646998704,0.0102074941,-0.000171757091,-0.138868915,-2.19748131,1722.68361
0.181376357,0.0057023135,0.00924390972,-0.000135296968,-0.14043182,-2.20155968,1723.15051
0.181379989,0.136367278,-0.00841260074,-0.00192521238,0.0720399148,3.24329398,1710.02721
0.181423715,0.00498613648,0.00828899103,-0.000104844035,-0.141898694,-2.20621643,1723.61086
0.181467896,0.00431800152,0.00734791281,-7.96548084e-05,-0.143274037,-2.21132577,1724.05982
0.181493339,0.0853696328,-0.00898075239,-0.00792171784,-0.0492736587,0.519100306,1727.4596
0.181509114,0.00369468589,0.00642501448,-5.90687665e-05,-0.144562407,-2.21677138,1724.4938
0.18151542,0.13502937,-0.00925805056,-0.00222720916,0.0663442678,3.2904548,1711.94464
0.181547566,0.00311318307,0.00552387631,-4.24891005e-05,-0.145768359,-2.22248574,1724.91025
0.181583439,0.0025706882,0.00464739494,-2.93761485e-05,-0.146896392,-2.22838332,1725.30745
0.181616906,0.00206458457,0.00379785671,-1.9250162e-05,-0.147950914,-2.23437985,1725.68439
0.181648128,0.00159243101,0.00297700727,-1.16958084e-05,-0.14893621,-2.24037082,1726.04059
0.181660589,0.133595261,-0.010123736,-0.00255702541,0.0604402772,3.32453709,1713.88006
0.181677255,0.00115195011,0.00218611668,-6.32532767e-06,-0.149856418,-2.24630122,1726.37599
0.181704429,0.000741017226,0.00142603978,-2.91406234e-06,-0.150715511,-2.25195164,1726.69086
0.181729779,0.000357650242,0.000697272272,-8.68904626e-07,-0.151517291,-2.25988729,1726.98571
0.18175343,0,0,0,-0.15226539,-2.26486131,1727.26122
0.181816197,0.132058033,-0.0109984055,-0.00291389612,0.0543284893,3.3434093,1715.81117
0.181913151,0.0803647536,-0.00658124172,-0.00762212777,-0.0553032213,0.23176965,1727.30727
0.181982994,0.13041027,-0.0118683293,-0.00329619514,0.0480116239,3.34491461,1717.71127
0.182161784,0.128644026,-0.0127171617,-0.00370127315,0.0414950785,3.3269464,1719.54963
0.18235343,0.12675078,-0.0135258733,-0.00412529251,0.034787497,3.28754659,1721.29221
0.18236315,0.075,-0.00379987524,-0.00718815599,-0.0610547709,-0.0550323801,1727.21832
0.182558856,0.124721401,-0.0142727828,-0.00456307675,0.0279013909,3.22502175,1722.90309
0.182779054,0.1225461,-0.014933703,-0.00500797911,0.0208537969,3.13804971,1724.34642
0.182813149,0.0696352464,-0.000861471615,-0.00666553092,-0.0662451736,-0.32081013,1727.19581
0.183015084,0.120214384,-0.0154821712,-0.00545165872,0.0136669342,3.02578484,1725.58925
0.183232961,0.0646303672,0.00197114678,-0.0061171041,-0.0707430707,-0.550294823,1727.21657
0.183268087,0.117715008,-0.0158897548,-0.00588472618,0.0063688012,2.88876759,1726.6047
0.183539281,0.115035914,-0.0161261061,-0.00629509386,-0.001006357,2.72691137,1727.37557
0.183624612,0.0599612217,0.00464926795,-0.00556764166,-0.0747782676,-0.748934653,1727.24711
0.183829976,0.112164181,-0.0161618164,-0.00666997642,-0.00841781618,2.53906897,1727.89753
0.18398999,0.0556052884,0.00713861392,-0.00503456177,-0.0785158828,-0.921275726,1727.25168
0.184141573,0.109085956,-0.0159683786,-0.00699703,-0.0158185483,2.32976673,1728.18147
0.184330859,0.0515415566,0.00941500918,-0.00452792172,-0.0820703016,-1.07090393,1727.19337
0.184475575,0.105786393,-0.015515112,-0.00726004415,-0.0231559209,2.10339596,1728.25726
0.184648861,0.0477504251,0.0114617522,-0.00405348196,-0.0855173308,-1.20053555,1727.03897
0.184833594,0.102249575,-0.0147740459,-0.00744378031,-0.0303731527,1.86027754,1728.17238
0.184945531,0.0442136074,0.0132681998,-0.00361398493,-0.0889039761,-1.31209578,1726.76054
0.184963636,0.15,0,0,0.134097543,2.42105653,1687.49155
0.185002737,0.14964235,-0.000190716923,-3.54703031e-06,0.131782001,2.45243211,1688.25034
0.185044649,0.149258983,-0.000403694691,-1.10312043e-05,0.129334037,2.52111964,1689.05985
0.185089575,0.14884805,-0.000641153543,-2.47067734e-05,0.12674893,2.59543802,1689.92283
0.185137731,0.148407569,-0.000905283199,-4.51267686e-05,0.124021132,2.67252755,1690.84207
0.18518935,0.147935415,-0.00119833873,-7.33440569e-05,0.121145059,2.75160108,1691.82036
0.185217355,0.0984584434,-0.0137222797,-0.0075344829,-0.0374118504,1.60426662,1727.97934
0.185222301,0.040914044,0.0148289522,-0.00321021103,-0.0922561931,-1.40694738,1726.34128
0.18524468,0.147429312,-0.00152260925,-0.000110396836,0.118115102,2.83235067,1692.86045
0.185303989,0.146886817,-0.00188037933,-0.00015743759,0.114925638,2.9144284,1693.96498
0.185367563,0.146305314,-0.00227388187,-0.000215696246,0.111571046,2.9975358,1695.13644
0.185435707,0.145681998,-0.00270523571,-0.000286482935,0.108045722,3.08120405,1696.37704
0.185480504,0.0378358195,0.0161432783,-0.00284165857,-0.0955849627,-1.48615257,1725.7833
0.185508752,0.145013864,-0.00317636948,-0.000371178915,0.104344106,3.16487908,1697.68864
0.185587049,0.144297686,-0.00368893035,-0.000471223119,0.100460707,3.24793453,1699.07256
0.185628711,0.0943947116,-0.0123400659,-0.00751881408,-0.0442158417,1.34002686,1727.7316
0.185670976,0.143530013,-0.00424417627,-0.000588094676,0.0963901438,3.32963122,1700.5294
0.185721387,0.0349640862,0.0172146023,-0.00250703794,-0.098890998,-1.55072273,1725.1076
0.185760938,0.14270714,-0.00484285085,-0.000723287193,0.0921271958,3.40910783,1702.05885
0.185857368,0.141825099,-0.00548503946,-0.000878273873,0.0876668655,3.48537339,1703.65933
0.185946111,0.0322849924,0.0180499829,-0.00220464897,-0.102168344,-1.60179165,1724.35139
0.185960732,0.140879634,-0.00617000664,-0.00105446297,0.0830044677,3.55729405,1705.32775
0.186069646,0.0900387783,-0.0106121356,-0.00738685695,-0.0507366378,1.07088381,1727.48257
0.186071528,0.139866187,-0.00689601552,-0.00125314173,0.0781357405,3.62358528,1707.05906
0.18615576,0.0297856156,0.0186595355,-0.0019325026,-0.105407083,-1.64102103,1723.56233
0.186190292,0.138779867,-0.00766013116,-0.00147540527,0.0730569885,3.68281748,1708.84589
0.186317595,0.137615437,-0.00845801456,-0.00172208405,0.0677652626,3.73343356,1710.67805
0.186351346,0.0274539002,0.0190556393,-0.0016881476,-0.108595335,-1.67080725,1722.79117
0.186454051,0.136367278,-0.0092837107,-0.00199363826,0.0622585918,3.77371242,1712.54216
0.186533811,0.0252785992,0.0192524667,-0.00146947202,-0.111720677,-1.6917618,1722.08476
0.186542286,0.0853696328,-0.00852866466,-0.00713215722,-0.0569409068,0.800324665,1727.27443
0.18660032,0.13502937,-0.01012943,-0.00229003072,0.0565362454,3.8017857,1714.42124
0.186704037,0.0232492201,0.0192662449,-0.00127353075,-0.114771144,-1.70500291,1721.48083
0.186757105,0.133595261,-0.0109853394,-0.00261060981,0.0505990518,3.81573863,1716.29443
0.186862843,0.0213559743,0.0191139256,-0.0010995028,-0.117735871,-1.71230642,1721.00517
0.186925165,0.132058033,-0.0118393824,-0.00295397843,0.044449797,3.81365262,1718.13694
0.187010997,0.0195897299,0.0188125232,-0.000946120641,-0.120605496,-1.71523182,1720.67116
0.187048911,0.0803647536,-0.00608587922,-0.00675227829,-0.0628203501,0.531593074,1727.1324
0.187105309,0.13041027,-0.0126771405,-0.00331785332,0.0380936759,3.79364142,1719.92026
0.187149212,0.0179419674,0.0183793756,-0.000810648866,-0.123372344,-1.71645465,1720.48121
0.187278156,0.0164047389,0.0178314593,-0.000691502503,-0.126030481,-1.7170974,1720.42892
0.187298406,0.128644026,-0.0134817468,-0.0036989068,0.0315388038,3.75391187,1721.61273
0.18739845,0.0149706296,0.017185129,-0.000586901874,-0.128575668,-1.71738058,1720.50164
0.187505387,0.12675078,-0.0142338806,-0.00409261826,0.0247967836,3.69287669,1723.18062
0.187510675,0.0136327222,0.016455965,-0.000495459652,-0.131005251,-1.71787867,1720.68303
0.187591964,0.075,-0.00328751509,-0.00625206022,-0.0684045452,0.266766472,1727.06531
0.187615371,0.0123845633,0.0156586096,-0.00041582974,-0.133318012,-1.71901539,1720.95509
0.187713044,0.0112201325,0.0148066524,-0.000346769866,-0.135513997,-1.72104653,1721.29975
0.187727251,0.124721401,-0.0149118495,-0.00449312541,0.0178833133,3.60927213,1724.58986
0.187804165,0.0101338132,0.0139125613,-0.000287136653,-0.137594336,-1.72409423,1721.6999
0.187889174,0.00912036556,0.012987651,-0.000235884148,-0.139561064,-1.72818594,1722.14006
0.187965069,0.1225461,-0.0154917989,-0.00489319138,0.0108188097,3.50241109,1725.80833
0.18796848,0.00817490128,0.0120420821,-0.000192058521,-0.141416959,-1.73328094,1722.6067
0.188042466,0.00729285993,0.0110848846,-0.00015479343,-0.143165384,-1.73929309,1723.08836
0.188111489,0.00646998704,0.0101240008,-0.000123304914,-0.144810147,-1.74610886,1723.57551
0.188135018,0.0696352464,-0.000359977109,-0.00568542908,-0.0734289055,0.0245376348,1727.06683
0.188175882,0.0057023135,0.00916634068,-9.68860951e-05,-0.146355384,-1.753601,1724.0605
0.188219987,0.120214384,-0.015947943,-0.00528416811,0.00362900733,3.37240613,1726.80883
0.188235955,0.00498613648,0.00821784853,-7.49017959e-05,-0.147805447,-1.76163848,1724.53729
0.188291999,0.00431800152,0.00728357398,-5.67831444e-05,-0.149164823,-1.77009292,1725.00128
0.188344283,0.00369468589,0.0063677465,-4.2023264e-05,-0.150438049,-1.77884186,1725.44905
0.18839306,0.00311318307,0.00547385118,-3.01706244e-05,-0.151629658,-1.7877821,1725.8782
0.188438565,0.0025706882,0.00460470312,-2.08222548e-05,-0.152744127,-1.79681988,1726.28715
0.188481017,0.00206458457,0.00376251917,-1.3622784e-05,-0.153785839,-1.80585675,1726.67497
0.188493234,0.117715008,-0.0162523602,-0.00565648112,-0.00365453039,3.22009867,1727.57231
0.188520621,0.00159243101,0.00294898609,-8.26632302e-06,-0.15475905,-1.81480088,1727.04127
0.188557569,0.00115195011,0.00216532475,-4.4659316e-06,-0.155667868,-1.82357893,1727.38607
0.188592039,0.000741017226,0.00141234963,-2.07047609e-06,-0.156516239,-1.83200018,1727.7097
0.188624196,0.000357650242,0.000690523424,-5.93857311e-07,-0.157307934,-1.84204741,1728.01273
0.188641643,0.0646303672,0.00244007741,-0.00511747776,-0.0777783593,-0.181826342,1727.10811
0.188654196,0,0,0,-0.158046561,-1.84774194,1728.29588
0.18878613,0.115035914,-0.0163776649,-0.00599706338,-0.0109940724,3.04269022,1728.09129
0.189100086,0.112164181,-0.0162985769,-0.00629448742,-0.0183456504,2.84483602,1728.37241
0.189114283,0.0599612217,0.00507091481,-0.00456938993,-0.0816835342,-0.358228827,1727.15508
0.189436616,0.109085956,-0.0159865242,-0.00653687029,-0.0256594005,2.63314427,1728.44052
0.189555217,0.0556052884,0.00750385241,-0.00405473857,-0.0853084049,-0.509564608,1727.17277
0.189797345,0.105786393,-0.015413498,-0.00670854913,-0.0328804998,2.40555131,1728.33801
0.189927273,0.15,0,0,0.117460731,3.0511079,1689.97389
0.189966573,0.0515415566,0.00971900514,-0.00358000046,-0.0887653022,-0.639593849,1727.12527
0.189968478,0.14964235,-0.000249840821,-3.60975598e-06,0.115492679,3.08056767,1690.72878
0.190012646,0.149258983,-0.000522428944,-1.13089252e-05,0.11339153,3.14557442,1691.53691
0.190059991,0.14884805,-0.000819738778,-2.53021506e-05,0.111150689,3.21638591,1692.4012
0.190110739,0.148407569,-0.00114368831,-4.6229427e-05,0.108762849,3.28973967,1693.32452
0.190165137,0.147935415,-0.00149623043,-7.51440816e-05,0.106220636,3.36490656,1694.30968
0.190184013,0.102249575,-0.0145576982,-0.00679657781,-0.0399509067,2.16516352,1728.1148
0.190223446,0.147429312,-0.00187932181,-0.000113111086,0.103516643,3.44154261,1695.3593
0.190285948,0.146886817,-0.00229487926,-0.000161282048,0.100643486,3.51907451,1696.47581
0.190350335,0.0477504251,0.0117029208,-0.00314773137,-0.0921276729,-0.751128837,1726.9809
0.190352944,0.146305314,-0.00274472493,-0.000220845991,0.097593851,3.59701497,1697.66127
0.190424757,0.145681998,-0.00323052412,-0.00029304931,0.0943605546,3.67489112,1698.91734
0.190501734,0.145013864,-0.00375370862,-0.000379191952,0.090936605,3.75209708,1700.24505
0.190584246,0.144297686,-0.0043153817,-0.000480599435,0.0873152711,3.82791858,1701.64469
0.190598483,0.0984584434,-0.0134002739,-0.00678876182,-0.0468121188,1.91683559,1727.82498
0.190672691,0.143530013,-0.00491620892,-0.000598599226,0.0834901571,3.90154053,1703.11556
0.190708354,0.0442136074,0.0134473862,-0.00275786816,-0.0954401984,-0.846144967,1726.71384
0.190767495,0.14270714,-0.00555629247,-0.000734491892,0.0794552874,3.97202964,1704.65577
0.190869117,0.141825099,-0.00623502806,-0.00088951117,0.0752052027,4.03832958,1706.26193
0.190978045,0.140879634,-0.00695094582,-0.00106477575,0.0707350707,4.0992569,1707.9288
0.191042356,0.040914044,0.0149487854,-0.00240878483,-0.0987267249,-0.926033641,1726.30974
0.191042756,0.0943947116,-0.0119260369,-0.00667545476,-0.0534092065,1.66427401,1727.52492
0.191094806,0.139866187,-0.00770153635,-0.00126123087,0.066040818,4.15349947,1709.64901
0.191219963,0.138779867,-0.00848306473,-0.00147957655,0.0611192858,4.19961141,1711.41264
0.191353953,0.0378358195,0.0162076495,-0.00209794843,-0.101996419,-0.9918719,1725.77341
0.191354119,0.137615437,-0.00929037654,-0.00172018289,0.0559684179,4.23602014,1713.20687
0.191497921,0.136367278,-0.0101167026,-0.00198298936,0.0505874862,4.26109496,1715.01564
0.191518974,0.0900387783,-0.0101248064,-0.00645026218,-0.059696437,1.41070434,1727.26234
0.191644647,0.0349640862,0.0172282331,-0.00182240443,-0.105248498,-1.04468044,1725.12808
0.191652064,0.13502937,-0.010953472,-0.00226741012,0.0449773603,4.27315224,1716.81942
0.19181729,0.133595261,-0.0117901366,-0.00257221817,0.0391408285,4.27043662,1718.59511
0.191915842,0.0322849924,0.0180180595,-0.00157906683,-0.10847581,-1.08572735,1724.41215
0.191994396,0.132058033,-0.0126140266,-0.00289540306,0.0330829742,4.25120835,1720.31615
0.192029434,0.0853696328,-0.00799166134,-0.00611131893,-0.065644787,1.15940134,1727.068
0.192168844,0.0297856156,0.0185873504,-0.00136459298,-0.111667517,-1.11690957,1723.67313
0.192184238,0.13041027,-0.0134102532,-0.00323403564,0.0268116089,4.21382773,1721.95295
0.19238773,0.128644026,-0.014161651,-0.00358415006,0.0203377602,4.15684677,1723.4738
0.192404875,0.0274539002,0.0189485593,-0.00117596272,-0.114811043,-1.13934235,1722.96032
0.192576599,0.0803647536,-0.00552719145,-0.0056614612,-0.0712516893,0.913185653,1726.9548
0.192605854,0.12675078,-0.0148488217,-0.00394061519,0.0136762036,4.0790771,1724.84623
0.192625072,0.0252785992,0.0191164882,-0.00101040264,-0.117893473,-1.15298595,1722.31818
0.192830499,0.0232492201,0.0191071774,-0.000865257025,-0.120902503,-1.16102313,1721.78161
0.192839662,0.124721401,-0.0154502997,-0.00429696994,0.00684602178,3.97975212,1726.03897
0.193022145,0.0213559743,0.018936855,-0.000738889073,-0.123827055,-1.16635491,1721.37362
0.193090282,0.1225461,-0.0159428341,-0.00464567658,-0.00012883989,3.85908099,1727.02452
0.193163107,0.075,-0.00273847687,-0.00511096539,-0.0765536091,0.673778672,1726.92082
0.193200935,0.0195897299,0.0186221325,-0.000628961556,-0.126657632,-1.16863894,1721.10526
0.193358923,0.120214384,-0.0163017303,-0.004978833,-0.00721906138,3.7181417,1727.78227
0.193367732,0.0179419674,0.0181797055,-0.000533299704,-0.129386495,-1.16917034,1720.97714
0.193523339,0.0164047389,0.0176260768,-0.000450473987,-0.132007692,-1.16960431,1720.98175
0.19364688,0.117715008,-0.0165019865,-0.00528406886,-0.0143895453,3.55335336,1728.30168
0.193668509,0.0149706296,0.0169772763,-0.000378822927,-0.134516996,-1.17040253,1721.10592
0.193749616,0.0696352464,0.000149732853,-0.00452026605,-0.0813118486,0.457862466,1726.95019
0.19380394,0.0136327222,0.0162485256,-0.000317024691,-0.136911783,-1.1719879,1721.3332
0.193930286,0.0123845633,0.0154541088,-0.000263890286,-0.139190872,-1.1746687,1721.64585
0.193955543,0.115035914,-0.0165193955,-0.00555060996,-0.0215992516,3.36735727,1728.58519
0.194048157,0.0112201325,0.014607272,-0.000218358524,-0.141354348,-1.17861075,1722.0262
0.194158121,0.0101338132,0.0137201608,-0.00017948373,-0.143403373,-1.18385916,1722.45768
0.194260709,0.00912036556,0.0128037909,-0.000146426338,-0.145340015,-1.1903743,1722.92535
0.1942864,0.112164181,-0.0163271217,-0.00576789491,-0.0288012859,3.16980859,1728.65173
0.194296781,0.0646303672,0.00289042614,-0.00395400007,-0.0854307238,0.276602905,1727.0101
0.194356414,0.00817490128,0.0118680493,-0.000118441763,-0.14716707,-1.19805852,1723.41621
0.1944457,0.00729285993,0.0109217181,-9.48708162e-05,-0.148887913,-1.20677757,1723.91926
0.194528996,0.00646998704,0.00997251635,-7.5130976e-05,-0.150506354,-1.21637736,1724.42543
0.194606705,0.0057023135,0.00902715543,-5.87084525e-05,-0.152026522,-1.22669661,1724.9274
0.194641047,0.109085956,-0.0158984666,-0.00592233925,-0.0359433857,2.95906786,1728.53804
0.194679201,0.00498613648,0.00809140367,-4.51509601e-05,-0.153452758,-1.23757587,1725.41945
0.194746834,0.00431800152,0.00717015645,-3.40611295e-05,-0.154789524,-1.24886373,1725.89724
0.194807241,0.0599612217,0.00544978173,-0.00342848384,-0.0891370163,0.123765888,1727.06772
0.19480993,0.00369468589,0.00626750941,-2.50905162e-05,-0.156041332,-1.26042064,1726.35755
0.194868793,0.00311318307,0.00538683234,-1.79341814e-05,-0.157212683,-1.27212091,1726.79816
0.194890909,0.15,0,0,0.100825175,3.6527396,1692.45605
0.194923708,0.0025706882,0.00453084174,-1.23259331e-05,-0.158308018,-1.2838534,1727.21762
0.19493347,0.14964235,-0.000306586495,-3.48002235e-06,0.0990187823,3.68011192,1693.22006
0.194974939,0.00206458457,0.0037016709,-8.0336442e-06,-0.159331679,-1.29552119,1727.61513
0.194979091,0.149258983,-0.000636708835,-1.09410774e-05,0.097087922,3.74072157,1694.03803
0.195021196,0.105786393,-0.0152129338,-0.00600242561,-0.0429691381,2.73477928,1728.29102
0.195022733,0.00159243101,0.00290093657,-4.85799764e-06,-0.16028788,-1.30702779,1727.9904
0.195027993,0.14884805,-0.000992045313,-2.44863871e-05,0.0950253068,3.80694144,1694.91284
0.195067321,0.00115195011,0.00212980213,-2.61917734e-06,-0.161180687,-1.3182712,1728.34351
0.195080411,0.148407569,-0.00137418148,-4.47820508e-05,0.0928231515,3.87547379,1695.84728
0.195108918,0.000741017226,0.00138903541,-1.2271792e-06,-0.162014,-1.32917915,1728.67486
0.195136598,0.147935415,-0.00178469396,-7.28517238e-05,0.0904734561,3.94554918,1696.84397
0.195147725,0.000357650242,0.000679062124,-3.0717369e-07,-0.162791546,-1.3409497,1728.98508
0.195183929,0,0,0,-0.163516898,-1.34706514,1729.27493
0.195196825,0.147429312,-0.00222511874,-0.000109731278,0.0879680478,4.01677559,1697.90532
0.195261382,0.146886817,-0.00269690885,-0.000156531092,0.0852986324,4.08864282,1699.03338
0.195283459,0.0556052884,0.00780512658,-0.0029525545,-0.0925899735,-0.0057593837,1727.0901
0.195330582,0.146305314,-0.00320138033,-0.000214401794,0.0824568576,4.16064733,1700.22977
0.195404757,0.145681998,-0.00373964724,-0.000284538955,0.0794343859,4.23220477,1701.49551
0.195428678,0.102249575,-0.0142529901,-0.00599588683,-0.0498199544,2.50300145,1727.9639
0.195484266,0.145013864,-0.00431254541,-0.000368160169,0.0762229815,4.30263915,1702.83084
0.195569492,0.144297686,-0.00492054122,-0.000466483379,0.0728146097,4.37117102,1704.23508
0.195660847,0.143530013,-0.00556362565,-0.000580699243,0.0692015504,4.43692271,1705.70635
0.195727732,0.0515415566,0.00994096388,-0.00252855355,-0.0958972239,-0.115778972,1727.04364
0.19575877,0.14270714,-0.00624119268,-0.000711935163,0.0653765274,4.49890624,1707.24135
0.195863734,0.141825099,-0.00695190231,-0.000861211916,0.061332855,4.55601753,1708.83506
0.195865461,0.0984584434,-0.0130034714,-0.00589352191,-0.0564379804,2.26750096,1727.61484
0.195976245,0.140879634,-0.00769352902,-0.00102939089,0.0570646027,4.60703812,1710.48045
0.196096847,0.139866187,-0.00846279778,-0.00121711154,0.0525667824,4.65063676,1712.16812
0.196142202,0.0477504251,0.0118470136,-0.00215552949,-0.0991279429,-0.209102006,1726.89888
0.19622612,0.138779867,-0.00925521077,-0.00142471864,0.0478355588,4.68537816,1713.88604
0.19633365,0.0943947116,-0.0114538592,-0.00568891593,-0.0627702925,2.03137367,1727.29638
0.196364689,0.137615437,-0.0100648691,-0.0016521781,0.0428684892,4.70974857,1715.61921
0.196513222,0.136367278,-0.010884296,-0.00189898542,0.0376647941,4.72217609,1717.34945
0.196528869,0.0442136074,0.0135173216,-0.00183048088,-0.102323143,-0.287679877,1726.63304
0.196672435,0.13502937,-0.0117042737,-0.00216406366,0.0322256642,4.72105416,1719.05528
0.196835504,0.0900387783,-0.00959862684,-0.00537945761,-0.0687745793,1.79766463,1727.04612
0.196843096,0.133595261,-0.0125136984,-0.00244565078,0.0265546075,4.70479541,1720.712
0.196889598,0.040914044,0.0149498411,-0.0015493573,-0.10550364,-0.352885516,1726.23577
0.197026028,0.132058033,-0.0132994766,-0.00274119235,0.0206578377,4.67189221,1722.292
0.197222114,0.13041027,-0.0140464794,-0.00304715902,0.0145447035,4.62095804,1723.76544
0.197226129,0.0378358195,0.0161461401,-0.00130765516,-0.108676175,-0.40579057,1725.71543
0.197373444,0.0853696328,-0.00743721034,-0.00496787158,-0.0744265758,1.56932359,1726.88255
0.1974323,0.128644026,-0.0147375629,-0.00335913166,0.00822815486,4.55112655,1725.10139
0.197540085,0.0349640862,0.0171110964,-0.00110084785,-0.111838076,-0.447431212,1725.0978
0.197657599,0.12675078,-0.0153536283,-0.00367172101,0.00172523387,4.46144758,1726.26949
0.19783298,0.0322849924,0.0178524921,-0.000924479564,-0.114980757,-0.479127632,1724.42232
0.197899098,0.124721401,-0.0158738167,-0.00397793264,-0.00494243011,4.35108644,1727.24219
0.197950065,0.0803647536,-0.0049739478,-0.00446210447,-0.0797295478,1.34878601,1726.80688
0.198106228,0.0297856156,0.0183805562,-0.000774459977,-0.118092313,-0.502195586,1723.7358
0.198157962,0.1225461,-0.0162760734,-0.00427040355,-0.0117481538,4.22033497,1727.9975
0.198361145,0.0274539002,0.0187079348,-0.00064732381,-0.121159407,-0.517166647,1723.08533
0.198435439,0.120214384,-0.0165370036,-0.00453844602,-0.0186598027,4.06826819,1728.52211
0.198568147,0.075,-0.00221849015,-0.00387755659,-0.0847264245,1.13744172,1726.80772
0.198598963,0.0252785992,0.018849045,-0.000539743414,-0.124168594,-0.526083913,1722.51216
0.198732868,0.117715008,-0.0166335049,-0.00477071712,-0.0256395371,3.89964561,1728.81451
0.198820827,0.0232492201,0.018818867,-0.00044894761,-0.127107216,-0.531691359,1722.04766
0.199027809,0.0213559743,0.0186331061,-0.00037246569,-0.129963967,-0.534943773,1721.71167
0.199051684,0.115035914,-0.0165421251,-0.0049613186,-0.0326437763,3.7200519,1728.88762
0.199186229,0.0696352464,0.000608512967,-0.00327941196,-0.0892041106,0.949861831,1726.8615
0.199220906,0.0195897299,0.018308203,-0.000308031729,-0.132729215,-0.536349801,1721.51261
0.199393424,0.112164181,-0.0162380439,-0.00509747549,-0.0396234806,3.52598669,1728.7717
0.19940105,0.0179419674,0.0178604813,-0.00025394709,-0.135395145,-0.536920963,1721.44911
0.199569109,0.0164047389,0.017305881,-0.00020868422,-0.137955769,-0.537825752,1721.51251
0.199725895,0.0149706296,0.0166598666,-0.000170874385,-0.140406849,-0.539757549,1721.68916
0.199759738,0.109085956,-0.0157008749,-0.00516508286,-0.0465249057,3.31810977,1728.50965
0.199762849,0.0646303672,0.00327148071,-0.00273010754,-0.0930840295,0.795152052,1726.93349
0.199854546,0.15,0,0,0.0841908082,4.25745816,1694.93803
0.199872163,0.0136327222,0.0159371638,-0.000139339713,-0.142745759,-0.543023191,1721.96265
0.199897752,0.14964235,-0.000359547105,-3.26314319e-06,0.0824876364,4.28265358,1695.70876
0.199944066,0.149258983,-0.000743371834,-1.02735999e-05,0.0806665133,4.33849298,1696.53374
0.199993711,0.14884805,-0.00115285971,-2.29880216e-05,0.0787202412,4.39947787,1697.41571
0.20000862,0.0123845633,0.0151515914,-0.000113100623,-0.144971321,-0.547799369,1722.31557
0.200046924,0.148407569,-0.00158926872,-4.20429079e-05,0.0766411314,4.46242653,1698.35726
0.200103964,0.147935415,-0.00205380081,-6.8391474e-05,0.0744212193,4.52660024,1699.36076
0.200135923,0.0112201325,0.0143159657,-9.1326501e-05,-0.147083616,-0.554152576,1722.73079
0.20015239,0.105786393,-0.0149142133,-0.00515522802,-0.053290982,3.10308295,1728.15255
0.200165106,0.147429312,-0.00254756735,-0.000103000092,0.0720522981,4.59160026,1700.42825
0.200230643,0.146886817,-0.00307154512,-0.000146900181,0.0695259624,4.65690285,1701.56136
0.200254686,0.0101338132,0.0134420374,-7.33106438e-05,-0.149083799,-0.5620487,1723.19236
0.200300789,0.0599612217,0.00574425579,-0.00224077071,-0.0965861885,0.66693231,1726.99325
0.200300894,0.146305314,-0.00362652374,-0.000201153634,0.0668336651,4.72198139,1702.76114
0.200365483,0.00912036556,0.0125404636,-5.84534834e-05,-0.150973914,-0.57138113,1723.686
0.200376195,0.145681998,-0.00421304236,-0.0002668529,0.0639667874,4.78623306,1704.02791
0.200456912,0.145013864,-0.00483131451,-0.000345098854,0.0609167262,4.84897212,1705.36111
0.200468847,0.00817490128,0.0116208069,-4.62469479e-05,-0.15275673,-0.581996482,1724.1993
0.200543432,0.144297686,-0.00548114069,-0.000436977084,0.0576749977,4.90941013,1706.75903
0.200565277,0.00729285993,0.0106915583,-3.62609431e-05,-0.154435581,-0.593714584,1724.72181
0.200573276,0.102249575,-0.0138631458,-0.00505825243,-0.0598634583,2.88513282,1727.75866
0.200636173,0.143530013,-0.00616180728,-0.000543525599,0.0542333626,4.96664749,1708.21863
0.200655239,0.00646998704,0.00976017772,-2.81318225e-05,-0.156014229,-0.606343715,1725.24495
0.200735583,0.14270714,-0.00687197168,-0.00066569397,0.0505839716,5.01968023,1709.73528
0.200739166,0.0057023135,0.00883314778,-2.15525334e-05,-0.157496745,-0.619691876,1725.76181
0.200802644,0.0556052884,0.00800982627,-0.0018153711,-0.0998631825,0.560013317,1727.01057
0.200817462,0.00498613648,0.00791603607,-1.62641649e-05,-0.158887405,-0.633574711,1726.26702
0.20084214,0.141825099,-0.00760953453,-0.000804296981,0.0467195355,5.0673965,1711.30245
0.200890507,0.00431800152,0.00701356349,-1.20486993e-05,-0.1601906,-0.647820679,1726.75651
0.20095636,0.140879634,-0.00837149997,-0.000959958312,0.0426335205,5.10857976,1712.91142
0.200958652,0.00369468589,0.00612967541,-8.72284478e-06,-0.161410768,-0.66227403,1727.2273
0.201022226,0.00311318307,0.00526761326,-6.13272344e-06,-0.162552332,-0.676796525,1727.67736
0.201024426,0.0984584434,-0.0125369399,-0.00486795604,-0.066185999,2.66665158,1727.38405
0.201078793,0.139866187,-0.00915382607,-0.00113304532,0.0383203718,5.14191704,1714.55106
0.201081534,0.0025706882,0.00442998523,-4.14944134e-06,-0.163619651,-0.691268322,1728.10541
0.201136865,0.00206458457,0.0036188344,-2.66394262e-06,-0.164616986,-0.705587248,1728.51075
0.201188484,0.00159243101,0.00283570375,-1.58844935e-06,-0.165548469,-0.719636097,1728.8932
0.201210029,0.138779867,-0.00995126801,-0.00132359428,0.033775766,5.166013,1716.20748
0.20123664,0.00115195011,0.00208169718,-8.5082741e-07,-0.166418087,-0.73330903,1729.25293
0.201270833,0.0515415566,0.0100567421,-0.00145213434,-0.103016733,0.470638637,1726.95492
0.201281566,0.000741017226,0.00135753543,-4.28579607e-07,-0.167229658,-0.746616378,1729.59041
0.201323478,0.000357650242,0.000663608507,-4.95079648e-08,-0.16798683,-0.760154108,1729.90632
0.201350702,0.137615437,-0.0107572187,-0.00153122838,0.0289968959,5.17941181,1717.86384
0.201362578,0,0,0,-0.168693111,-0.766853914,1730.20147
0.20150149,0.136367278,-0.0115635602,-0.00175506391,0.023982788,5.18061715,1719.50026
0.201508016,0.0943947116,-0.0109296806,-0.00458092921,-0.0722084593,2.45064397,1727.07319
0.20166312,0.13502937,-0.0123605341,-0.00199358963,0.0187346539,5.16814457,1721.09379
0.201707615,0.0477504251,0.0118775813,-0.00114669567,-0.106111049,0.396065963,1726.79964
0.201836372,0.133595261,-0.0131366364,-0.00224463937,0.0132562762,5.14068918,1722.61867
0.202022082,0.132058033,-0.0138785408,-0.00250527292,0.00755442601,5.09687837,1724.04687
0.202026378,0.0900387783,-0.00904017928,-0.0041984802,-0.0778925378,2.23988779,1726.85248
0.202115098,0.0442136074,0.013468371,-0.000893251083,-0.10918313,0.334410389,1726.52598
0.202221145,0.13041027,-0.0145710777,-0.00277149149,0.00163930865,5.03550775,1725.34896
0.202434522,0.128644026,-0.0151973262,-0.00303847221,-0.0044749731,4.95610088,1726.49553
0.202495246,0.040914044,0.0148283895,-0.000685485765,-0.11225065,0.28434106,1726.12861
0.202582013,0.0853696328,-0.00687174031,-0.00372773598,-0.0832190316,2.03702476,1726.72851
0.202663242,0.12675078,-0.0157387829,-0.00330045807,-0.0107699521,4.85784134,1727.45914
0.202849894,0.0378358195,0.0159600289,-0.000517116744,-0.115317961,0.244798139,1725.61986
0.202908407,0.124721401,-0.0161756712,-0.00355007954,-0.01722235,4.74013626,1728.21667
0.203171201,0.1225461,-0.0164870459,-0.00377930048,-0.0238036847,4.60466036,1728.75231
0.203177601,0.0803647536,-0.00443176393,-0.00318143627,-0.0881969446,1.84413136,1726.69231
0.203180751,0.0349640862,0.0168685804,-0.000382160145,-0.118380621,0.214657831,1725.02809
0.203452892,0.120214384,-0.0166507952,-0.00397772216,-0.0304799818,4.45386639,1729.0605
0.203489414,0.0322849924,0.0175619048,-0.000275120926,-0.121428778,0.192716471,1724.39339
0.203754837,0.117715008,-0.0166441653,-0.00413870285,-0.0372116873,4.28878008,1729.14864
0.203777371,0.0297856156,0.0180502761,-0.000191263675,-0.124449654,0.178280043,1723.76123
0.203816014,0.075,-0.00173166971,-0.00257960418,-0.092875042,1.66230038,1726.72482
0.204046012,0.0274539002,0.0183460232,-0.000126510594,-0.127429335,0.169886926,1723.17582
0.204078493,0.115035914,-0.0164458206,-0.00425216889,-0.0439537346,4.10984087,1729.04052
0.204296632,0.0252785992,0.0184626237,-7.73361202e-05,-0.130354019,0.165405761,1722.67461
0.204425422,0.112164181,-0.0160375011,-0.00430399822,-0.0506560076,3.91954561,1728.77377
0.204454427,0.0696352464,0.00101418489,-0.0019903447,-0.0970649406,1.50397979,1726.79681
0.20453044,0.0232492201,0.0184145577,-4.06739826e-05,-0.133210849,0.163501477,1722.285
0.204748564,0.0213559743,0.0182172734,-1.39034362e-05,-0.135988426,0.16307848,1722.02331
0.204797297,0.109085956,-0.0154028306,-0.00428622759,-0.0572643523,3.72230639,1728.3958
0.204818182,0.15,0,0,0.0675575668,4.87512772,1697.41985
0.204861364,0.14964235,-0.000406633056,-2.96675869e-06,0.0659328355,4.8979954,1698.19141
0.204907651,0.149258983,-0.000838197729,-9.3370816e-06,0.0641953027,4.94861659,1699.01707
0.204952056,0.0195897299,0.0178865659,5.06902526e-06,-0.138677099,0.16300486,1721.89523
0.204957267,0.14884805,-0.00129579982,-2.0886566e-05,0.0623379771,5.00377795,1699.89938
0.20501045,0.148407569,-0.00178038752,-3.81877886e-05,0.0603534039,5.06056168,1700.8407
0.205050015,0.0646303672,0.0035831008,-0.00147230446,-0.100702785,1.3763033,1726.87328
0.205067457,0.147935415,-0.00229280536,-6.20990626e-05,0.0582338398,5.11826281,1701.84309
0.205128563,0.147429312,-0.00283375729,-9.34865435e-05,0.0559712815,5.17647991,1702.90824
0.205141897,0.0179419674,0.0174381684,1.79606258e-05,-0.141269072,0.162539488,1721.89743
0.205194063,0.146886817,-0.00340376129,-0.000133269953,0.053557505,5.23469249,1704.03728
0.205195911,0.105786393,-0.0145270338,-0.00419003044,-0.0637220854,3.52184188,1727.96322
0.205264273,0.146305314,-0.00400309563,-0.000182389532,0.0509841171,5.2923737,1705.2307
0.205319004,0.0164047389,0.0168874664,2.61526962e-05,-0.143758397,0.161129799,1722.02013
0.205339531,0.145681998,-0.00463173591,-0.000241803578,0.0482426221,5.34892106,1706.48814
0.205420201,0.145013864,-0.00528928198,-0.000312465542,0.0453245051,5.40364268,1707.8082
0.20548423,0.0149706296,0.0162493152,3.07519017e-05,-0.146140882,0.158199288,1722.24929
0.205506671,0.144297686,-0.00597487417,-0.0003952975,0.0422213351,5.45574925,1709.18823
0.205599359,0.143530013,-0.00668709869,-0.000491156328,0.0389248898,5.50435132,1710.62408
0.205605649,0.0599612217,0.00595622651,-0.00103130597,-0.103999366,1.272911,1726.92675
0.205623187,0.102249575,-0.0133990889,-0.00400868744,-0.0699722937,3.32095911,1727.5342
0.205638372,0.0136327222,0.0155378838,3.26833374e-05,-0.148413944,0.153437256,1722.56858
0.205698712,0.14270714,-0.00742388126,-0.000600792701,0.0354273059,5.54845807,1712.10985
0.205782175,0.0123845633,0.0147664825,3.26897492e-05,-0.150576432,0.146770094,1722.961
0.205805208,0.141825099,-0.0081823693,-0.000724803033,0.0317212557,5.58698047,1713.63765
0.205916331,0.0112201325,0.0139474558,3.13509878e-05,-0.152628445,0.138231291,1723.41006
0.205919362,0.140879634,-0.00895880624,-0.00086357161,0.0278001542,5.61873073,1715.19728
0.206041488,0.0101338132,0.0130921216,2.91188571e-05,-0.154571136,0.127929971,1723.90048
0.206041724,0.139866187,-0.00974840008,-0.00101719915,0.0236583981,5.64243205,1716.77602
0.206081187,0.0984584434,-0.0120127632,-0.00373831692,-0.0759610539,3.12243756,1727.15875
0.206124012,0.0556052884,0.00812181106,-0.000666505933,-0.107099105,1.1886589,1726.93013
0.206158249,0.00912036556,0.0122107434,2.63427279e-05,-0.156406532,0.116034297,1724.41867
0.206172885,0.138779867,-0.0105451888,-0.0011854288,0.0192916385,5.65676672,1718.35842
0.206267177,0.00817490128,0.0113125283,2.32882235e-05,-0.158137368,0.102748987,1724.95289
0.206313477,0.137615437,-0.01134191,-0.00136759478,0.0146970897,5.66041123,1719.92612
0.206368799,0.00729285993,0.0104056495,2.01534538e-05,-0.159766929,0.088296544,1725.49327
0.206463603,0.00646998704,0.00949728427,1.70825533e-05,-0.161298916,0.0729033052,1726.03174
0.206464178,0.136367278,-0.0121298751,-0.00156250851,0.0098738725,5.65193318,1721.45787
0.206552048,0.0057023135,0.00859366626,1.41768647e-05,-0.162737327,0.0567894406,1726.56183
0.206572119,0.0943947116,-0.0103663542,-0.00337894165,-0.0816417249,2.92903023,1726.87204
0.206607601,0.0515415566,0.0100720668,-0.00037216871,-0.110096942,1.11991504,1726.85643
0.206625715,0.13502937,-0.0128988639,-0.00176830506,0.00482339337,5.62996357,1722.92969
0.20663456,0.00498613648,0.00770014558,1.15041392e-05,-0.164086357,0.0401620927,1727.07855
0.206711537,0.00431800152,0.00682125492,9.10607208e-06,-0.165350309,0.0232110875,1727.57811
0.20678335,0.00369468589,0.0059607783,7.00440342e-06,-0.166533527,0.00610666622,1728.0578
0.206798867,0.133595261,-0.013637062,-0.00198247158,-0.000450244629,5.59341766,1724.31522
0.206850346,0.00311318307,0.00512182049,5.20590478e-06,-0.167640337,-0.011001708,1728.51578
0.206912848,0.0025706882,0.00430687529,3.70633768e-06,-0.168674999,-0.0279853646,1728.95092
0.206971157,0.00206458457,0.00351789154,2.49447794e-06,-0.169641673,-0.0447332061,1729.36268
0.20698447,0.132058033,-0.0143310322,-0.00220173715,-0.00593980374,5.54112947,1725.58652
0.207025554,0.00159243101,0.00275633603,1.55013729e-06,-0.170544394,-0.0611232708,1729.75097
0.207058751,0.0477504251,0.011802088,-0.000140706907,-0.113051687,1.06404929,1726.68261
0.207076303,0.00115195011,0.00202325222,8.47633629e-07,-0.171387045,-0.0770599948,1730.11605
0.207098352,0.0900387783,-0.00846255105,-0.00293564072,-0.086980496,2.7431923,1726.68925
0.207123647,0.000741017226,0.00131931494,3.43879892e-07,-0.172173352,-0.092578737,1730.45845
0.207167815,0.000357650242,0.000644880369,2.03137427e-07,-0.172906868,-0.10769637,1730.7789
0.207183419,0.13041027,-0.0149657257,-0.00242184343,-0.0116344549,5.47218361,1726.71517
0.207209021,0,0,0,-0.173591015,-0.114881052,1731.07828
0.207396673,0.128644026,-0.0155245771,-0.00263762266,-0.0175193159,5.38610224,1727.6739
0.207479638,0.0442136074,0.013309586,3.62780794e-05,-0.115996167,1.01926372,1726.39485
0.207625261,0.12675078,-0.0159897568,-0.00284278597,-0.0235750037,5.28253723,1728.43875
0.207662423,0.0853696328,-0.00630791132,-0.0024196508,-0.0919633745,2.56726135,1726.60649
0.207870285,0.124721401,-0.0163423665,-0.00303031094,-0.0297772282,5.16274003,1728.99167
0.20787229,0.040914044,0.014594898,0.00016714208,-0.118944936,0.984273177,1725.99342
0.208132928,0.1225461,-0.0165620899,-0.00319179712,-0.0360964671,5.02905378,1729.32341
0.208238603,0.0378358195,0.0156609901,0.000259774743,-0.121900083,0.957983132,1725.49472
0.208267053,0.0803647536,-0.00391216275,-0.00184804585,-0.0966048307,2.40298343,1726.60649
0.208414456,0.120214384,-0.016628753,-0.00332049472,-0.0424977825,4.88213193,1729.43619
0.208580344,0.0349640862,0.016513326,0.000321388701,-0.12485558,0.939271465,1724.92938
0.208716227,0.117715008,-0.0165241701,-0.00340789221,-0.0489408043,4.71932098,1729.34637
0.208899159,0.0322849924,0.017159737,0.000358205914,-0.127800512,0.927334132,1724.33753
0.208915159,0.075,-0.00128769637,-0.00124486743,-0.10095868,2.25121377,1726.66437
0.209039698,0.115035914,-0.0162302308,-0.00344056291,-0.0553799779,4.54468264,1729.08585
0.209196589,0.0297856156,0.0176103478,0.000375670575,-0.130721433,0.921084137,1723.76262
0.209386427,0.112164181,-0.0157299042,-0.00341003198,-0.0617652083,4.365128,1728.69798
0.209474066,0.0274539002,0.0178767906,0.000378251477,-0.133604041,0.918752752,1723.24528
0.209563265,0.0696352464,0.00135940594,-0.000679410227,-0.104859856,2.12232153,1726.74694
0.20973293,0.0252785992,0.0179718868,0.000369694263,-0.136434347,0.91893903,1722.81875
0.209758087,0.109085956,-0.0150093509,-0.00330978933,-0.0680429586,4.18213935,1728.23533
0.209781818,0.15,0,0,0.05092539,5.53034594,1699.9015
0.209824341,0.14964235,-0.000447169554,-2.61992372e-06,0.0493675575,5.55083375,1700.66712
0.20986992,0.149258983,-0.000919732522,-8.23239312e-06,0.0477014264,5.59604718,1701.48621
0.209918778,0.14884805,-0.00141852866,-1.8410706e-05,0.0459202478,5.64509799,1702.36111
0.209971148,0.148407569,-0.00194421529,-3.3637978e-05,0.0440168396,5.69540832,1703.29392
0.209974429,0.0232492201,0.0179096957,0.000353241662,-0.139199441,0.920558195,1722.50611
0.210027284,0.147935415,-0.00249730167,-5.46570559e-05,0.0419837384,5.74630755,1704.28643
0.210087457,0.147429312,-0.00307810971,-8.22083904e-05,0.0398132275,5.79739567,1705.33991
0.210151956,0.146886817,-0.00368672685,-0.000117072615,0.037497374,5.84815998,1706.45507
0.210156472,0.105786393,-0.0140578198,-0.00313234389,-0.0741579373,3.99857869,1727.75635
0.210167896,0.0646303672,0.0038204554,-0.000205183708,-0.108256867,2.0215484,1726.82013
0.210199728,0.0213559743,0.0177049682,0.000331381542,-0.141887958,0.922500649,1722.32001
0.210221093,0.146305314,-0.00432295143,-0.00016003841,0.0350280793,5.89807777,1707.63184
0.210295201,0.145681998,-0.00498623043,-0.00021189825,0.0323971442,5.94655343,1708.86919
0.210374638,0.145013864,-0.00567558823,-0.000273425004,0.0295963509,5.99290728,1710.16497
0.210409913,0.0195897299,0.0173727505,0.00030611169,-0.144490325,0.923828992,1722.26341
0.210459787,0.144297686,-0.00638954588,-0.00034534687,0.0266175652,6.03637106,1711.51563
0.210551058,0.143530013,-0.00712603189,-0.000428309855,0.0234528612,6.07606795,1712.91604
0.210583502,0.102249575,-0.0128686968,-0.00287335972,-0.0800555136,3.81710535,1727.31526
0.210606,0.0179419674,0.0169281067,0.000278992099,-0.146998849,0.9237887,1722.33122
0.210648893,0.14270714,-0.00788228524,-0.00052283279,0.0200946722,6.11104133,1714.35919
0.210731967,0.0599612217,0.0060833931,0.000177271226,-0.111349422,1.94265873,1726.85956
0.210753762,0.141825099,-0.00865475085,-0.000629275746,0.016535969,6.14027978,1715.83594
0.210788932,0.0164047389,0.0163858244,0.000251225648,-0.149407685,0.921928364,1722.51266
0.210866171,0.140879634,-0.00943896783,-0.000747779233,0.0127704704,6.16263713,1717.33481
0.210959593,0.0149706296,0.015760163,0.000223713043,-0.151712731,0.918002257,1722.79337
0.210986664,0.139866187,-0.0102294543,-0.000878175454,0.0087928877,6.17689426,1718.84175
0.211041239,0.0984584434,-0.0114397277,-0.00253169008,-0.0856849793,3.64044761,1726.95462
0.21111582,0.138779867,-0.0110195962,-0.00101993217,0.00459920366,6.18184371,1720.33999
0.211118806,0.0136327222,0.0150646974,0.000197107412,-0.153911477,0.911827663,1723.15719
0.211254264,0.137615437,-0.0118015439,-0.00117210675,0.000186989317,6.17627037,1721.80994
0.211258199,0.0556052884,0.00814122682,0.00047344629,-0.114272685,1.8806427,1726.84145
0.211267338,0.0123845633,0.0143121904,0.000171881109,-0.156002826,0.903377282,1723.58766
0.211402662,0.136367278,-0.0125661183,-0.00133323104,-0.00444424317,6.15888909,1723.22936
0.211405907,0.0112201325,0.0135144843,0.000148354452,-0.1579869,0.892771069,1724.06892
0.211531888,0.0943947116,-0.00977300091,-0.00211065583,-0.0910037959,3.47103707,1726.69979
0.211535181,0.0101338132,0.0126824367,0.000126720482,-0.159864854,0.880196947,1724.58645
0.21156173,0.13502937,-0.0133027371,-0.0015011908,-0.00929265299,6.12851193,1724.57357
0.211655782,0.00912036556,0.0118258927,0.000107075381,-0.161638696,0.865883424,1725.12739
0.211732237,0.133595261,-0.0139993747,-0.00167319533,-0.0143536528,6.08415332,1725.81608
0.211749131,0.0515415566,0.00998939268,0.000692802932,-0.117114285,1.83204938,1726.74283
0.211768294,0.00817490128,0.0109536833,8.94423034e-05,-0.163311118,0.850084153,1725.68069
0.211873258,0.00729285993,0.0100736457,7.37894204e-05,-0.164885346,0.833061644,1726.2371
0.211915004,0.132058033,-0.0146425788,-0.00184570643,-0.0196194675,6.024958,1726.92949
0.211971181,0.00646998704,0.00919266005,6.00448815e-05,-0.166365005,0.81507464,1726.78906
0.212057817,0.0900387783,-0.00787454938,-0.00161887208,-0.0959829671,3.31103333,1726.55583
0.212062535,0.0057023135,0.00831669917,4.81088953e-05,-0.167754006,0.796369308,1727.33059
0.212110912,0.13041027,-0.0152175445,-0.00201433922,-0.0250786819,5.95031666,1727.88685
0.212147762,0.00498613648,0.00745088642,3.78633066e-05,-0.169056444,0.777173707,1727.85704
0.212207131,0.0477504251,0.0116251276,0.000845899796,-0.119927432,1.79439179,1726.54526
0.212227271,0.00431800152,0.00659955923,2.91790706e-05,-0.170276519,0.757694465,1728.36496
0.212301446,0.00369468589,0.0057663353,2.19220657e-05,-0.171418461,0.738115016,1728.85189
0.212320907,0.128644026,-0.0157082538,-0.00217377284,-0.0307157922,5.85992843,1728.66352
0.212370646,0.00311318307,0.00495417955,1.59575379e-05,-0.172486481,0.71859513,1729.31619
0.212435203,0.0025706882,0.00416546972,1.11532978e-05,-0.173484724,0.699270535,1729.75691
0.21249543,0.00206458457,0.00340205979,7.38464129e-06,-0.174417233,0.680255237,1730.17364
0.212546002,0.12675078,-0.0160976358,-0.00231784043,-0.0365107861,5.75444681,1729.2395
0.212551617,0.00159243101,0.00266534051,4.5259965e-06,-0.175287926,0.661690374,1730.5664
0.212604035,0.00115195011,0.00195629643,2.46504067e-06,-0.176100573,0.643640343,1730.93552
0.212621563,0.0853696328,-0.00575353661,-0.00107130436,-0.100613688,3.16249615,1726.51033
0.212634407,0.0442136074,0.0130475062,0.00094347403,-0.1227408,1.76596898,1726.24046
0.212652937,0.000741017226,0.00127555836,1.07117613e-06,-0.176858787,0.626208742,1731.28162
0.212698558,0.000357650242,0.000623451907,4.12547121e-07,-0.177566012,0.609509598,1731.60547
0.212741119,0,0,0,-0.178225574,0.601631474,1731.90799
0.212787282,0.124721401,-0.0163675609,-0.00244002308,-0.0424387821,5.63582358,1729.6021
0.213033021,0.040914044,0.0142576487,0.000995685944,-0.125565961,1.74553463,1725.83433
0.213045912,0.1225461,-0.0164996025,-0.0025327486,-0.0484697713,5.5031592,1729.74878
0.213225846,0.0803647536,-0.00342128903,-0.000488831562,-0.10491546,3.02686865,1726.53966
0.213323138,0.120214384,-0.0164767294,-0.00258829196,-0.0545685022,5.35497243,1729.68921
0.213404896,0.0378358195,0.0152588363,0.00101183413,-0.128402939,1.7319832,1725.34714
0.213620298,0.117715008,-0.0162829645,-0.00259662476,-0.0606945431,5.19899319,1729.44773
0.213751825,0.0349640862,0.0160565088,0.00100001727,-0.131244345,1.72437389,1724.8112
0.213873579,0.075,-0.000890421049,0.000101131166,-0.108946255,2.90479865,1726.61472
0.213938825,0.115035914,-0.0159021884,-0.00254919855,-0.0668026889,5.0389129,1729.06214
0.214075481,0.0322849924,0.0166583676,0.000967181184,-0.134078425,1.72191401,1724.2659
0.214280255,0.112164181,-0.0153202031,-0.00243995283,-0.0728437423,4.87311756,1728.58089
0.214377427,0.0297856156,0.0170739362,0.00091920081,-0.136891269,1.72304656,1723.75188
0.214521312,0.0696352464,0.00164294835,0.000629710874,-0.112562601,2.80464369,1726.69978
0.214646237,0.109085956,-0.0145265114,-0.00226114998,-0.0787656904,4.70592155,1728.06003
0.214659117,0.0274539002,0.0173141336,0.000860884777,-0.139668376,1.72631822,1723.30569
0.214745454,0.15,0,0,0.0342942205,6.23490231,1702.38301
0.214786716,0.14964235,-0.000480258724,-2.2306588e-06,0.0327986208,6.25292312,1703.13586
0.214830945,0.149258983,-0.000986144911,-6.98342313e-06,0.0311989893,6.29247648,1703.94109
0.214878353,0.14884805,-0.00151824847,-1.56098843e-05,0.0294888417,6.33508838,1704.80081
0.214921911,0.0252785992,0.0173912838,0.000796193219,-0.142395731,1.73085391,1722.95592
0.214929171,0.148407569,-0.00207695777,-2.84843668e-05,0.0276612889,6.37860027,1705.71689
0.214983643,0.147935415,-0.00266247323,-4.62198176e-05,0.0257091779,6.42238226,1706.69079
0.215038534,0.105786393,-0.0135142519,-0.00200802925,-0.084515501,4.54059587,1727.55593
0.215042031,0.147429312,-0.00327476601,-6.94132104e-05,0.0236251191,6.46604265,1707.72346
0.215104618,0.146886817,-0.00391352954,-9.86871037e-05,0.0214015246,6.50908426,1708.81514
0.215125594,0.0646303672,0.00398490943,0.00104964804,-0.115723135,2.72988022,1726.7624
0.215167077,0.0232492201,0.0173187609,0.000728234866,-0.145060505,1.73554894,1722.72145
0.215171705,0.146305314,-0.00457812413,-0.000134659985,0.0190306592,6.5510001,1709.96525
0.215243616,0.145681998,-0.00526751438,-0.000177936299,0.0165047055,6.59119355,1711.1722
0.215320698,0.145013864,-0.00598020055,-0.000229081269,0.0138158466,6.62901185,1712.43312
0.215395796,0.0213559743,0.0171105613,0.000659412971,-0.147651475,1.73938647,1722.61135
0.215403322,0.144297686,-0.00671414283,-0.000288609057,0.0109563686,6.66374266,1713.74369
0.215459039,0.102249575,-0.0122806032,-0.00167872824,-0.0900415991,4.37969303,1727.11735
0.215491888,0.143530013,-0.00746667763,-0.000356939993,0.00791878592,6.69452822,1715.0979
0.215586822,0.14270714,-0.00823442778,-0.000434346529,0.00469599188,6.72045154,1716.48777
0.215609173,0.0195897299,0.0167809944,0.000591582447,-0.150159236,1.74160826,1722.62585
0.215688582,0.141825099,-0.00901321004,-0.000520932323,0.00128143814,6.7405686,1717.90313
0.21568934,0.0599612217,0.00612956411,0.00136552477,-0.118615159,2.67449354,1726.78124
0.215797658,0.140879634,-0.00979793935,-0.000616575488,-0.00233065471,6.75380876,1719.33142
0.215808236,0.0179419674,0.0163443867,0.000526109423,-0.152576261,1.74166266,1722.75824
0.21590978,0.0984584434,-0.010826928,-0.0012749318,-0.0952971156,4.22561377,1726.77882
0.215914578,0.139866187,-0.0105825323,-0.00072084534,-0.00614505295,6.75905315,1720.75747
0.215993946,0.0164047389,0.0158148294,0.00046396959,-0.154896858,1.73918686,1722.99695
0.216039906,0.138779867,-0.0113598166,-0.000832951901,-0.0101652302,6.75519094,1722.16348
0.216167198,0.0149706296,0.0152059498,0.000405817683,-0.15711705,1.73404505,1723.32742
0.216174244,0.137615437,-0.01212145,-0.000951677638,-0.0143930517,6.74109468,1723.52895
0.21621527,0.0556052884,0.00807411707,0.00158721297,-0.121363958,2.63367849,1726.73598
0.216318243,0.136367278,-0.0128578614,-0.00107529407,-0.0188284239,6.71568415,1724.83095
0.216328828,0.0136327222,0.0145307201,0.000352051934,-0.159234424,1.72625282,1723.73382
0.216392932,0.0943947116,-0.00915862584,-0.000803017002,-0.100244025,4.08048839,1726.55625
0.216472595,0.13502937,-0.013558217,-0.00120149033,-0.0234689107,6.67797749,1726.0445
0.216479616,0.0123845633,0.0138013312,0.000302870086,-0.161247944,1.71588679,1724.20024
0.216620289,0.0112201325,0.0130291015,0.000258320547,-0.163157762,1.70312363,1724.71157
0.216638046,0.133595261,-0.0142104168,-0.00132730515,-0.028309323,6.62714595,1727.14332
0.216705919,0.0515415566,0.00981676375,0.00172759729,-0.124049616,2.60420287,1726.60822
0.216751525,0.0101338132,0.0122244121,0.000218337887,-0.164965034,1.68822007,1725.25408
0.216815394,0.132058033,-0.0148011377,-0.00144906569,-0.0333412897,6.56256315,1728.10098
0.216873958,0.00912036556,0.0113966763,0.000182768099,-0.16667174,1.67146289,1725.81564
0.216910824,0.0900387783,-0.00728448717,-0.000274824069,-0.104858281,3.94620409,1726.44631
0.216988178,0.00817490128,0.0105543378,0.000151395822,-0.168280518,1.65315113,1726.38593
0.217005494,0.13041027,-0.0153159488,-0.00156231465,-0.038552824,6.48387531,1728.89239
0.217094735,0.00729285993,0.00970488889,0.000123964593,-0.169794522,1.63358381,1726.95632
0.217163655,0.0477504251,0.0113564977,0.00179990964,-0.126719759,2.58373871,1726.38494
0.217194145,0.00646998704,0.00885490576,0.000100192758,-0.171217286,1.61304887,1727.51979
0.217209263,0.128644026,-0.0157394618,-0.00166183642,-0.0439279022,6.39135818,1729.49591
0.217286886,0.0057023135,0.00801009548,7.97859657e-05,-0.172552618,1.59181602,1728.07082
0.217373407,0.00498613648,0.00717535129,6.24465805e-05,-0.173804498,1.57013219,1728.60516
0.217427685,0.12675078,-0.0160554323,-0.00174191315,-0.0494460827,6.28614884,1729.89574
0.217454123,0.00431800152,0.00635481301,4.78817971e-05,-0.174977001,1.54821469,1729.11966
0.217465956,0.0853696328,-0.00521562172,0.000291410112,-0.10913607,3.82456403,1726.43017
0.217529424,0.00369468589,0.00555193082,3.58102492e-05,-0.176074232,1.52625703,1729.61213
0.217590685,0.0442136074,0.0126934293,0.00181692951,-0.129399067,2.57068379,1726.06368
0.217599675,0.00311318307,0.0047695294,2.59602169e-05,-0.17710027,1.50444367,1730.08114
0.217661811,0.124721401,-0.016247226,-0.0017960683,-0.0550821963,6.16825671,1730.08458
0.217665213,0.0025706882,0.00400987112,1.80751419e-05,-0.178059126,1.48290224,1730.52591
0.217726354,0.00206458457,0.00327471718,1.1924502e-05,-0.178954713,1.46174138,1730.94615
0.217783394,0.00159243101,0.00256538523,7.28539504e-06,-0.179790817,1.44112053,1731.34199
0.217836608,0.00115195011,0.00188280386,3.9636044e-06,-0.180571081,1.42109757,1731.71386
0.217886252,0.000741017226,0.00122756321,1.7346126e-06,-0.181298992,1.40192712,1732.06244
0.217912773,0.1225461,-0.0162990827,-0.00181710874,-0.0608061411,6.03726896,1730.06615
0.217932566,0.000357650242,0.000599961564,5.87561243e-07,-0.181977876,1.3836561,1732.38854
0.217975773,0,0,0,-0.182610947,1.37501307,1732.69314
0.21798907,0.040914044,0.0138291753,0.00179038825,-0.132096354,2.56379065,1725.65557
0.218061004,0.0803647536,-0.00296426197,0.000871584633,-0.113101349,3.71673316,1726.47959
0.21818178,0.120214384,-0.0161958695,-0.00179700331,-0.0665828346,5.897212,1729.85741
0.218360731,0.0378358195,0.0147670988,0.00173068599,-0.134809829,2.56200452,1725.18419
0.218470129,0.117715008,-0.0159218935,-0.00172811022,-0.0723724069,5.75186381,1729.48901
0.218698839,0.075,-0.000542585544,0.00143557893,-0.116815255,3.6231796,1726.56272
0.21870746,0.0349640862,0.0155125038,0.0016466979,-0.137530989,2.5645873,1724.68266
0.218779212,0.115035914,-0.0154639585,-0.00160374775,-0.0781306867,5.60210478,1729.00359
0.21903093,0.0322849924,0.0160726277,0.00154593008,-0.140247472,2.57034648,1724.18879
0.21911052,0.112164181,-0.0148124821,-0.0014174917,-0.0838100454,5.45038231,1728.45316
0.219332701,0.0297856156,0.0164562465,0.00143454794,-0.142945108,2.577894,1723.7398
0.219336674,0.0696352464,0.0018646272,0.00191637803,-0.120153977,3.55035648,1726.64241
0.219465651,0.109085956,-0.0139601538,-0.00116433729,-0.0893606929,5.299807,1727.89379
0.219614229,0.0274539002,0.0166736497,0.00131755166,-0.14560937,2.58627862,1723.36773
0.219709091,0.15,0,0,0.0176640042,7.00728144,1704.86437
0.219748523,0.14964235,-0.000505521195,-1.80971812e-06,0.0162300369,7.02276937,1705.59792
0.219790791,0.149258983,-0.00103663659,-5.63005963e-06,0.0146963172,7.0564832,1706.38231
0.219836098,0.14884805,-0.0015937033,-1.25778357e-05,0.0130566449,7.09242787,1707.21945
0.219846317,0.105786393,-0.0129033547,-0.000841582275,-0.0947325156,5.15322961,1727.37822
0.219876872,0.0252785992,0.0167365102,0.00119891394,-0.148226361,2.59449296,1723.09634
0.219884663,0.148407569,-0.00217686299,-2.29053251e-05,0.011304443,7.12890769,1708.11095
0.219931722,0.0646303672,0.00407869988,0.00227381889,-0.123084292,3.50011833,1726.68817
0.219936719,0.147935415,-0.00278603491,-3.70846377e-05,0.00943289109,7.16533699,1709.05799
0.219992519,0.147429312,-0.00342087289,-5.55566413e-05,0.00743495512,7.20133335,1710.06117
0.220052332,0.146886817,-0.0040807157,-7.87686082e-05,0.00530342637,7.23640325,1711.12035
0.220116445,0.146305314,-0.00476453224,-0.000107148858,0.00303097372,7.27007557,1712.2345
0.220121897,0.0232492201,0.0166574062,0.00108165017,-0.150783453,2.60154669,1722.94042
0.220185168,0.145681998,-0.00547086043,-0.000141102378,0.000610210276,7.30178291,1713.40148
0.220254354,0.102249575,-0.0116425716,-0.000449716326,-0.099877555,5.01300098,1726.949
0.220258832,0.145013864,-0.00619774002,-0.000180976044,-0.00196622293,7.33087951,1714.61783
0.220337793,0.144297686,-0.00694264085,-0.000227046217,-0.00470555354,7.35669272,1715.87858
0.220350485,0.0213559743,0.0164495361,0.000968049953,-0.153269658,2.60665411,1722.90574
0.220422432,0.143530013,-0.00770238616,-0.000279486606,-0.00761475212,7.37842391,1717.17696
0.220486854,0.0599612217,0.00609919283,0.0025173383,-0.125780313,3.46673437,1726.68153
0.220513157,0.14270714,-0.00847307129,-0.000338317682,-0.0107003812,7.39521407,1718.50419
0.220563738,0.0195897299,0.016126433,0.000859769552,-0.155675808,2.60923143,1722.98999
0.220610406,0.141825099,-0.00924998071,-0.000403373672,-0.0139684164,7.40615851,1719.84927
0.220691732,0.0984584434,-0.0101823374,6.92040087e-06,-0.10475319,4.88121884,1726.6328
0.220714647,0.140879634,-0.0100275072,-0.000474254254,-0.0174240373,7.4102907,1721.19875
0.220762687,0.0179419674,0.0157016774,0.00075794799,-0.157994595,2.60889652,1723.18507
0.220826384,0.139866187,-0.0107990759,-0.000550266049,-0.0210713856,7.40661233,1722.53664
0.220946155,0.138779867,-0.0115570747,-0.000630364062,-0.0249132898,7.39411688,1723.84434
0.22094829,0.0164047389,0.0151886419,0.000663309226,-0.160220513,2.6054483,1723.47877
0.221004746,0.0556052884,0.007926916,0.00266084478,-0.128357196,3.44564691,1726.60591
0.221074538,0.137615437,-0.0122928004,-0.000713088499,-0.0289509555,7.3718231,1725.10075
0.221121442,0.0149706296,0.0146002784,0.000576247664,-0.162349736,2.59883566,1723.85654
0.221160559,0.0943947116,-0.00853083679,0.000519161218,-0.10932611,4.75973452,1726.43718
0.221212152,0.136367278,-0.0129964245,-0.000796501645,-0.033183624,7.33881772,1726.28257
0.221282979,0.0136327222,0.0139489382,0.000496896739,-0.164379958,2.58917882,1724.30296
0.221359662,0.13502937,-0.0136569887,-0.000878125901,-0.0376082006,7.29430037,1727.36486
0.22143368,0.0123845633,0.0132462329,0.000425189464,-0.166310208,2.57669083,1724.80277
0.221487898,0.0515415566,0.00956234745,0.00272029579,-0.130887506,3.43385701,1726.44792
0.221517778,0.133595261,-0.014262445,-0.000954887927,-0.0422188616,7.23763448,1728.32191
0.221574272,0.0112201325,0.012502945,0.000360908316,-0.168140668,2.56161873,1725.34165
0.221663097,0.0900387783,-0.00669901939,0.00107232175,-0.113577156,4.65018491,1726.35225
0.221687263,0.132058033,-0.0147997493,-0.00102306182,-0.0470066469,7.16841687,1729.12856
0.221705433,0.0101338132,0.0117289699,0.000303730313,-0.169872486,2.54427359,1725.90666
0.221827795,0.00912036556,0.0109332833,0.000253258052,-0.171507602,2.52499597,1726.48647
0.221868936,0.13041027,-0.0152549578,-0.00107827345,-0.0519590557,7.08669368,1729.76191
0.22193864,0.0477504251,0.0110058469,0.0027112635,-0.133413474,3.42919636,1726.20039
0.221941949,0.00817490128,0.0101239371,0.000209045352,-0.17304859,2.50412298,1727.07146
0.222048446,0.00729285993,0.00930807518,0.000170620362,-0.174498515,2.48198587,1727.65362
0.222063671,0.128644026,-0.0156133679,-0.00111562122,-0.0570596629,6.9931232,1730.20351
0.222147798,0.00646998704,0.00849196722,0.000137501748,-0.175860805,2.45889737,1728.2265
0.22220177,0.0853696328,-0.00469930625,0.00164539891,-0.117507138,4.55413654,1726.35499
0.222240486,0.0057023135,0.00768105315,0.000109207259,-0.177139148,2.43516006,1728.78503
0.222272409,0.12675078,-0.0158598794,-0.0011295807,-0.0622877833,6.88792269,1730.44186
0.222326956,0.00498613648,0.00687999591,8.52655131e-05,-0.178337391,2.41102539,1729.32534
0.222359145,0.0442136074,0.0122582371,0.00264827511,-0.135956041,3.43014972,1725.86663
0.222407626,0.00431800152,0.00609273964,6.52318007e-05,-0.179459473,2.38671059,1729.84461
0.222482884,0.00369468589,0.0053225697,4.86857975e-05,-0.180509353,2.36243066,1730.3409
0.222496156,0.124721401,-0.0159797424,-0.00111388517,-0.0676182118,6.77111633,1730.47493
0.222553094,0.00311318307,0.00457217356,3.52273967e-05,-0.181490966,2.33837475,1730.81299
0.222618594,0.0025706882,0.00384370147,2.44858438e-05,-0.182408175,2.31467538,1731.26025
0.2226797,0.00206458457,0.00313882501,1.61269779e-05,-0.183264747,2.29144765,1731.68255
0.222735991,0.1225461,-0.0159586918,-0.00106182589,-0.0730210827,6.64538542,1730.31208
0.222736708,0.00159243101,0.00245879242,9.83797767e-06,-0.184064326,2.26884016,1732.08011
0.222751442,0.040914044,0.0133213472,0.00254436459,-0.138521549,3.43549552,1725.46231
0.222779176,0.0803647536,-0.00254420572,0.00221167857,-0.121143765,4.47249706,1726.41415
0.222789891,0.00115195011,0.00180448048,5.34311944e-06,-0.184810416,2.24693031,1732.45344
0.222839506,0.000741017226,0.00117644292,2.34974731e-06,-0.185506367,2.22597046,1732.80328
0.222885793,0.000357650242,0.000574954536,7.71353036e-07,-0.186155375,2.20626978,1733.13051
0.222928975,0,0,0,-0.186760533,2.19708569,1733.43612
0.222993072,0.120214384,-0.0157825926,-0.000966683102,-0.0784619099,6.51377119,1729.97642
0.223117423,0.0378358195,0.0141984089,0.00241073604,-0.141106674,3.44429343,1725.01338
0.223268638,0.117715008,-0.0154388989,-0.000822192927,-0.0839018537,6.37776543,1729.50384
0.2233981,0.075,-0.000244895482,0.00273899428,-0.124550273,4.40557312,1726.49614
0.223458853,0.0349640862,0.0148944211,0.00225696373,-0.143702055,3.45567747,1724.55282
0.223564019,0.115035914,-0.0149177313,-0.000622669754,-0.089298272,6.23988857,1728.9403
0.223777381,0.0322849924,0.015415931,0.00209089784,-0.146294946,3.46841483,1724.11605
0.223880639,0.112164181,-0.0142117738,-0.000363316729,-0.094605636,6.10273998,1728.33911
0.224017024,0.0696352464,0.00202625029,0.00316341102,-0.127620494,4.35805071,1726.56327
0.224074541,0.0297856156,0.0157709804,0.00191886011,-0.148871108,3.48141994,1723.73632
0.224220025,0.109085956,-0.013316876,-4.1078445e-05,-0.0997768813,5.96871991,1727.75436
0.224351767,0.0274539002,0.0159691913,0.00174597384,-0.151416145,3.49382311,1723.44094
0.224583815,0.105786393,-0.0122325747,0.00034460542,-0.104765263,5.84045282,1727.23418
0.22459443,0.0646303672,0.00410594694,0.00345244632,-0.130327726,4.330323,1726.5872
0.224610396,0.0252785992,0.0160213873,0.00157610895,-0.153916407,3.50468272,1723.24899
0.224672727,0.15,0,0,0.00103468971,7.85636747,1707.3456
0.224709792,0.14964235,-0.00052255043,-1.36243425e-06,-0.000335681396,7.86921999,1708.05375
0.224749523,0.149258983,-0.00107037969,-4.18676518e-06,-0.00180135551,7.89684614,1708.81081
0.22479211,0.14884805,-0.00164363114,-9.34389904e-06,-0.00336822919,7.92584033,1709.61848
0.224837759,0.148407569,-0.00224222316,-1.69531971e-05,-0.00504254877,7.95499074,1710.47814
0.224851676,0.0232492201,0.0159393069,0.00141218495,-0.156359563,3.51320677,1723.17125
0.224886691,0.147935415,-0.00286582351,-2.73341754e-05,-0.0068307805,7.98377534,1711.39069
0.224939141,0.147429312,-0.00351380569,-4.07644984e-05,-0.00873957998,8.01184625,1712.35642
0.224973763,0.102249575,-0.0109623704,0.000790984496,-0.109526787,5.72009003,1726.81459
0.224995362,0.146886817,-0.00418519881,-5.75110775e-05,-0.0107757512,8.03870852,1713.37485
0.225055626,0.146305314,-0.00487863296,-7.7801059e-05,-0.0129461929,8.06391446,1714.44454
0.225076771,0.0213559743,0.0157353335,0.00125631282,-0.158734935,3.51878923,1723.21042
0.225120224,0.145681998,-0.00559228027,-0.000101826748,-0.015257831,8.0869416,1715.56291
0.225133103,0.0599612217,0.00599845999,0.00362004006,-0.132832577,4.31697799,1726.5522
0.225189466,0.145013864,-0.00632379068,-0.000129711174,-0.0177175335,8.1071732,1716.72602
0.225263687,0.144297686,-0.0070702234,-0.00016148424,-0.0203320065,8.12395307,1717.92832
0.225286766,0.0195897299,0.0154222027,0.00110993405,-0.161033643,3.52101461,1723.36219
0.225343245,0.143530013,-0.00782797678,-0.0001970589,-0.0231076683,8.13655493,1719.16247
0.22539175,0.0984584434,-0.00951352843,0.00129123911,-0.114023272,5.6094499,1726.51529
0.225428523,0.14270714,-0.00859271717,-0.000236194147,-0.0260504989,8.1441931,1720.41906
0.225482675,0.0179419674,0.0150127279,0.000973949799,-0.163248638,3.51965651,1723.61726
0.225519934,0.141825099,-0.00935930765,-0.0002784565,-0.029165863,8.1460313,1721.68643
0.225617917,0.140879634,-0.0101217405,-0.000323176204,-0.0324583036,8.1411968,1722.9505
0.225635641,0.0556052884,0.00770759704,0.00368373446,-0.135240106,4.3137236,1726.44574
0.225665441,0.0164047389,0.0145195526,0.000848827929,-0.165374623,3.51466033,1723.96301
0.225722946,0.139866187,-0.0108730775,-0.000369399189,-0.0359313045,8.1287992,1724.19467
0.225835526,0.138779867,-0.0116054018,-0.000415836102,-0.0395870226,8.10795774,1725.39985
0.225835948,0.0149706296,0.0139549414,0.000734699452,-0.167407933,3.50610957,1724.38504
0.225839793,0.0943947116,-0.0078964857,0.00183370853,-0.118226114,5.51014563,1726.33711
0.225956202,0.137615437,-0.0123097867,-0.000460809872,-0.0434259877,8.07783594,1726.54462
0.225995017,0.0136327222,0.0133306091,0.00063143066,-0.169346372,3.49420234,1724.86845
0.226085555,0.136367278,-0.0129762911,-0.000502208988,-0.0474467737,8.03767873,1727.6056
0.226104468,0.0515415566,0.00923563905,0.00366217362,-0.137615588,4.3177908,1726.2597
0.226143415,0.0123845633,0.012657583,0.000538693793,-0.171189035,3.47923795,1725.39869
0.226224209,0.13502937,-0.0135939915,-0.000537419908,-0.0516456457,7.98681556,1728.55821
0.226281858,0.0112201325,0.0119461072,0.000456019229,-0.172936122,3.46156345,1725.96227
0.226320051,0.0900387783,-0.00612376272,0.0024012718,-0.122120792,5.42359197,1726.2656
0.226372833,0.133595261,-0.0141510459,-0.000563305093,-0.0560161881,7.92480398,1729.37759
0.226411014,0.0101338132,0.0112055869,0.000382835636,-0.174588763,3.44153433,1726.54706
0.226531507,0.00912036556,0.0104445576,0.00031850724,-0.176148846,3.41954362,1727.14254
0.226532144,0.132058033,-0.0146347629,-0.000576169379,-0.0605489279,7.85172018,1730.04014
0.226541845,0.0477504251,0.0105839279,0.00357291064,-0.139996164,4.32716351,1725.99279
0.226643916,0.00817490128,0.00967067887,0.000262365068,-0.177618862,3.39595234,1727.73977
0.22670291,0.13041027,-0.0150317746,-0.000571897486,-0.065230963,7.76785043,1730.52532
0.226748786,0.00729285993,0.00889074928,0.000213737169,-0.179001774,3.37111071,1728.3314
0.226834843,0.0853696328,-0.00420849741,0.00297067693,-0.125712211,5.35113793,1726.2754
0.22684662,0.00646998704,0.00811073552,0.000171953181,-0.180300888,3.34536885,1728.9115
0.226885955,0.128644026,-0.0153283163,-0.000545831257,-0.070045622,7.67325525,1730.81796
0.226937891,0.0057023135,0.00733581408,0.000136353111,-0.181519752,3.31904051,1729.47547
0.226949883,0.0442136074,0.0117536869,0.00343192796,-0.142399374,4.34038256,1725.65359
0.22702304,0.00498613648,0.00657042162,0.000106305835,-0.182662069,3.29238789,1730.0198
0.227082162,0.12675078,-0.0155106864,-0.000492629711,-0.0749721762,7.56825302,1730.91067
0.227102477,0.00431800152,0.00581831013,8.12203665e-05,-0.183731623,3.26564089,1730.542
0.227176586,0.00369468589,0.00508260414,6.05423209e-05,-0.184732215,3.23902082,1731.04037
0.227245722,0.00311318307,0.00436585888,4.37544328e-05,-0.18566762,3.21270511,1731.5139
0.227292477,0.124721401,-0.0155655159,-0.000406650198,-0.0799856369,7.45473883,1730.80628
0.227310222,0.0025706882,0.0036701176,3.0381661e-05,-0.186541543,3.18684257,1731.96213
0.227330549,0.040914044,0.0127467137,0.0032532465,-0.144829411,4.35629442,1725.26131
0.227370394,0.00206458457,0.00299696706,1.99914664e-05,-0.187357594,3.16155819,1732.38504
0.227386651,0.0803647536,-0.00216292059,0.00351320201,-0.129031024,5.29344802,1726.3336
0.22742653,0.00159243101,0.00234759063,1.21852208e-05,-0.188119261,3.13698854,1732.78295
0.227478901,0.00115195011,0.00172281814,6.61167069e-06,-0.188829899,3.11321747,1733.15648
0.227517914,0.1225461,-0.0154797344,-0.000282163572,-0.0850566859,7.33508939,1730.51953
0.227527758,0.000741017226,0.00112317164,2.91556359e-06,-0.189492714,3.09049805,1733.50639
0.227573338,0.000357650242,0.000548907689,9.41258227e-07,-0.190110763,3.06937959,1733.83362
0.22761586,0,0,0,-0.190687008,3.05964535,1734.1392
0.22768568,0.0378358195,0.0135659426,0.00304875189,-0.147281705,4.37407024,1724.84319
0.227759561,0.120214384,-0.0152414462,-0.000113644453,-0.0901517787,7.21097298,1730.07806
0.227978136,0.075,3.24279619e-06,0.00399526184,-0.132141486,5.25067355,1726.40552
0.228016987,0.0349640862,0.0142157667,0.00282841335,-0.149746296,4.39262243,1724.43106
0.228018585,0.117715008,-0.0148408012,0.00010406333,-0.095233474,7.0844721,1729.52124
0.228296233,0.115035914,-0.0142702356,0.000375305401,-0.100261049,6.9581654,1728.89719
0.228326071,0.0322849924,0.0147019963,0.00260034436,-0.152210259,4.41082131,1724.05726
0.228569621,0.0696352464,0.002130795,0.00435699901,-0.134953133,5.22589838,1726.45377
0.228593845,0.112164181,-0.0135251196,0.000703155457,-0.105191456,6.83463769,1728.2584
0.22861442,0.0297856156,0.0150319501,0.00237100082,-0.154659461,4.42789063,1723.75075
0.228883427,0.0274539002,0.0152144119,0.00214543146,-0.157079772,4.44298205,1723.53383
0.228912857,0.109085956,-0.0126041551,0.00108869634,-0.109980697,6.71614126,1727.65569
0.229121429,0.0646303672,0.00407174937,0.0045739498,-0.137444512,5.21822698,1726.45241
0.229134389,0.0252785992,0.0152593289,0.00192741179,-0.159457892,4.4552888,1723.42139
0.229254807,0.105786393,-0.0115096247,0.00153030965,-0.114585658,6.6048589,1727.13198
0.229368515,0.0232492201,0.0151775805,0.00171971894,-0.161781867,4.46420046,1723.42066
0.229586936,0.0213559743,0.0149807085,0.00152426793,-0.164041381,4.46928486,1723.53145
0.229621346,0.102249575,-0.0102475914,0.00202312076,-0.118966454,6.5027438,1726.71725
0.22963622,0.0599612217,0.00583429668,0.00466413787,-0.139762764,5.22257168,1726.38846
0.229636364,0.15,0,0,-0.0155937715,8.79569094,1709.8267
0.229670553,0.14964235,-0.000531088441,-8.99954528e-07,-0.0168969221,8.80574802,1710.50385
0.2297072,0.149258983,-0.0010868522,-2.67652459e-06,-0.0182906557,8.82704298,1711.22763
0.229746482,0.14884805,-0.00166724247,-5.96257473e-06,-0.0197805461,8.84886996,1711.99953
0.229788589,0.148407569,-0.00227198021,-1.0738923e-05,-0.0213724891,8.87042761,1712.82071
0.229790705,0.0195897299,0.0146806368,0.00134227443,-0.166227887,4.47029662,1723.74778
0.229833723,0.147935415,-0.00290051403,-1.71617423e-05,-0.023072577,8.89130665,1713.69181
0.229882103,0.147429312,-0.00355197632,-2.53379474e-05,-0.0248870663,8.9111708,1714.61287
0.229933962,0.146886817,-0.00422513397,-3.53473152e-05,-0.0268223354,8.9295657,1715.58309
0.229980806,0.0179419674,0.0142894023,0.0011743995,-0.168334608,4.46715002,1724.0595
0.229989549,0.146305314,-0.00491833456,-4.72149586e-05,-0.0288848304,8.94604828,1716.60072
0.23001424,0.0984584434,-0.00882754596,0.00255806373,-0.123089344,6.4113722,1726.42538
0.230049134,0.145681998,-0.00562944905,-6.0908106e-05,-0.0310809959,8.96011839,1717.6628
0.230113003,0.145013864,-0.00635581178,-7.6313251e-05,-0.0334171903,8.97121777,1718.765
0.230116479,0.0556052884,0.00742462877,0.00464828986,-0.142003127,5.23490275,1726.25361
0.230158153,0.0164047389,0.0138189148,0.00102086623,-0.170356473,4.45992995,1724.45381
0.230181464,0.144297686,-0.00709415791,-9.3213583e-05,-0.0358995812,8.97873097,1719.90137
0.230254848,0.143530013,-0.00784055946,-0.000111262354,-0.0385340206,8.98198906,1721.06412
0.230323605,0.0149706296,0.0132807483,0.000881540008,-0.17228998,4.44885842,1724.9166
0.230333509,0.14270714,-0.00859036241,-0.00012995252,-0.0413258962,8.98027535,1722.24338
0.230417826,0.141825099,-0.00933812684,-0.000148582595,-0.0442799573,8.97283545,1723.42706
0.230435385,0.0943947116,-0.00726161291,0.00312131378,-0.126930232,6.33213447,1726.25255
0.230477957,0.0136327222,0.0126859744,0.000756023529,-0.174133038,4.43421407,1725.43357
0.230508206,0.140879634,-0.0100775732,-0.00016621935,-0.0474001126,8.95889291,1724.60065
0.230564521,0.0515415566,0.00884635568,0.00454732281,-0.144223956,5.25266536,1726.04496
0.230605084,0.139866187,-0.0108015382,-0.000181658176,-0.0506892005,8.93767041,1725.74721
0.230621956,0.0123845633,0.0120450337,0.000643741564,-0.175884798,4.41634312,1725.99098
0.230708928,0.138779867,-0.0115019467,-0.000193383702,-0.0541487299,8.90841508,1726.84742
0.230756294,0.0112201325,0.0113676367,0.000543986095,-0.177545468,4.39567737,1726.57615
0.23082024,0.137615437,-0.0121698062,-0.000199524238,-0.0577785926,8.87041148,1727.8798
0.230881621,0.0101338132,0.0106627019,0.000455951989,-0.179116142,4.37263953,1727.17782
0.230886812,0.0900387783,-0.00556331103,0.00369374824,-0.130478818,6.26623647,1726.18153
0.230939555,0.136367278,-0.0127952267,-0.000197811006,-0.0615767517,8.82302859,1728.82123
0.230982508,0.0477504251,0.0101014304,0.00438040705,-0.146457708,5.27397987,1725.76662
0.230998541,0.00912036556,0.00993832821,0.000378779362,-0.180598639,4.34764535,1727.78622
0.231067449,0.13502937,-0.0133674566,-0.000185538661,-0.0655389085,8.76588604,1729.6477
0.231107618,0.00817490128,0.00920178697,0.000311592523,-0.181995356,4.32108806,1728.39314
0.23120454,0.133595261,-0.0138749563,-0.000159624006,-0.0696581576,8.69896495,1730.33548
0.231209378,0.00729285993,0.00845953461,0.000253525389,-0.183309132,4.29334288,1728.99184
0.231304312,0.00646998704,0.00771723962,0.000203727177,-0.184543134,4.2647769,1729.57692
0.231351488,0.132058033,-0.0143055231,-0.000116554149,-0.0739246407,8.62219047,1730.8627
0.231370699,0.0853696328,-0.0037459571,0.00425038371,-0.133743462,6.21482218,1726.1859
0.231372457,0.0442136074,0.011191174,0.00416467112,-0.148718895,5.29743643,1725.43154
0.231392877,0.0057023135,0.00697982122,0.00016137563,-0.18570076,4.23570368,1730.14421
0.231475502,0.00498613648,0.00625149613,0.000125692681,-0.18678555,4.20640403,1730.6906
0.231509002,0.13041027,-0.0146465665,-5.23286388e-05,-0.0783252142,8.53555886,1731.21128
0.231552584,0.00431800152,0.00553582999,9.59476539e-05,-0.187801118,4.17712418,1731.21387
0.231624495,0.00369468589,0.00483579223,7.1460982e-05,-0.188751097,4.1480761,1731.71258
0.231677843,0.128644026,-0.0148854427,3.74875712e-05,-0.082843151,8.4395755,1731.36923
0.231691582,0.00311318307,0.00415381137,5.16058709e-05,-0.189639088,4.11943892,1732.18592
0.231736246,0.040914044,0.012117135,0.00391482729,-0.151009897,5.32195949,1725.06133
0.231754169,0.0025706882,0.00349182937,3.58081645e-05,-0.190468627,4.09136284,1732.63358
0.231812557,0.00206458457,0.00285135429,2.35466801e-05,-0.191243155,4.06397272,1733.05567
0.231858823,0.12675078,-0.015009642,0.000157626231,-0.0874579034,8.33560706,1731.33301
0.231867029,0.00159243101,0.00223351058,1.43440491e-05,-0.191965999,4.0374047,1733.45261
0.23188938,0.0803647536,-0.00182103585,0.0047610796,-0.136756901,6.17832268,1726.23229
0.231917846,0.00115195011,0.00163908629,7.77833907e-06,-0.192640354,4.01174378,1733.82506
0.231965255,0.000741017226,0.00106857686,3.43581877e-06,-0.193269275,3.9872457,1734.17387
0.232009484,0.000357650242,0.000522225165,1.09847343e-06,-0.193855671,3.96467204,1734.50001
0.232050745,0,0,0,-0.194402368,3.95435836,1734.80453
0.232052818,0.124721401,-0.0150069617,0.000312907536,-0.0921449604,8.22545187,1731.10969
0.232075633,0.0378358195,0.0128818017,0.00364332627,-0.153325191,5.34669987,1724.6833
0.232260761,0.1225461,-0.0148661169,0.000508076641,-0.0968758343,8.11071685,1730.71844
0.232392253,0.0349640862,0.0134888061,0.00336035783,-0.155654444,5.37058654,1724.32729
0.232445357,0.075,0.000203525513,0.00519142054,-0.139583352,6.15672934,1726.28567
0.232483656,0.120214384,-0.0145774165,0.000747572945,-0.101618221,7.99336894,1730.19033
0.232687633,0.0322849924,0.0139431338,0.00307411928,-0.15798475,5.39266974,1724.02202
0.232722579,0.117715008,-0.0141331435,0.00103527078,-0.106336383,7.87566278,1729.5666
0.232963199,0.0297856156,0.0142513223,0.00279114321,-0.160302224,5.4122316,1723.79177
0.232978681,0.115035914,-0.0135280436,0.00137398582,-0.110991809,7.75997496,1728.89566
0.233001333,0.0696352464,0.00218219866,0.00548640472,-0.142146263,6.15170923,1726.30979
0.23322028,0.0274539002,0.0144212578,0.00251636035,-0.162593117,5.42852371,1723.65429
0.233253198,0.112164181,-0.0127598506,0.00176499645,-0.115544194,7.64878653,1728.22787
0.233460116,0.0252785992,0.0144619961,0.00225343912,-0.16484456,5.44092659,1723.62064
0.233520015,0.0646303672,0.00398197882,0.0056296897,-0.144428502,6.16126167,1726.2815
0.233547455,0.109085956,-0.0118296846,0.00220743229,-0.119952806,7.54417583,1727.60998
0.233683863,0.0232492201,0.0143835438,0.00200498874,-0.167045033,5.44900084,1723.69477
0.233862869,0.105786393,-0.0107422005,0.00269771228,-0.124178264,7.44793909,1727.07968
0.2338926,0.0213559743,0.0141965888,0.00177272033,-0.169184621,5.4525006,1723.87413
0.234003902,0.0599612217,0.00561419086,0.00564290468,-0.146564064,6.18060597,1726.19052
0.234087336,0.0195897299,0.0139122335,0.00155761884,-0.171255128,5.45133044,1724.1514
0.234200964,0.102249575,-0.00950554031,0.00322891254,-0.128184778,7.36185286,1726.66164
0.234269008,0.0179419674,0.0135417372,0.00136011475,-0.173250066,5.44553568,1724.51587
0.234438494,0.0164047389,0.0130962769,0.00118019415,-0.175164585,5.43533053,1724.95476
0.234455329,0.0556052884,0.00708680468,0.00554947666,-0.148638818,6.20595565,1726.03263
0.234563369,0.0984584434,-0.0081308807,0.00379000424,-0.131942868,7.28731302,1726.36538
0.23459661,0.0149706296,0.012586741,0.00101747722,-0.176995341,5.42104316,1725.45442
0.2346,0.15,0,0,-0.0322214254,9.82904615,1712.30768
0.234630831,0.14964235,-0.000531044362,-4.20644952e-07,-0.0334526718,9.83616404,1712.94877
0.234663879,0.149258983,-0.00108586573,-1.10973007e-06,-0.0347694485,9.85083325,1713.63388
0.234699303,0.14884805,-0.00166424685,-2.45404553e-06,-0.0361769875,9.86517459,1714.36431
0.234737274,0.148407569,-0.00226573929,-4.29224149e-06,-0.0376808149,9.87881999,1715.14101
0.234744119,0.0136327222,0.0120235636,0.00087132414,-0.178740339,5.40304631,1726.00124
0.234777975,0.147935415,-0.0028896075,-6.61575104e-06,-0.0392866296,9.89148796,1715.96443
0.234821603,0.147429312,-0.00353478523,-9.35690616e-06,-0.0410002704,9.90283128,1716.83435
0.234868369,0.146886817,-0.00419982773,-1.24007503e-05,-0.0428276732,9.91244921,1717.74974
0.234876474,0.0515415566,0.00840430396,0.00537216426,-0.150704683,6.23494794,1725.80966
0.234881734,0.0123845633,0.0114165981,0.000740922776,-0.18039877,5.38175061,1726.58229
0.234918496,0.146305314,-0.00488286049,-1.55676288e-05,-0.0447748155,9.91992169,1718.70857
0.234951833,0.0943947116,-0.00663148384,0.00436533685,-0.135432602,7.22549929,1726.18482
0.234972228,0.145681998,-0.00558152491,-1.86024407e-05,-0.0468476484,9.92478161,1719.70763
0.235010117,0.0112201325,0.0107750234,0.000625335024,-0.181970831,5.3576273,1727.18578
0.235029824,0.145013864,-0.00629292213,-2.11557322e-05,-0.0490520111,9.92651253,1720.7423
0.235091562,0.144297686,-0.00701355579,-2.27630173e-05,-0.0513935283,9.92454999,1721.80636
0.235129888,0.0101338132,0.0101072798,0.00052353896,-0.183457569,5.33115655,1727.80125
0.235157738,0.143530013,-0.00773927535,-2.28212351e-05,-0.0538774874,9.91828598,1722.89171
0.235228673,0.14270714,-0.00846522181,-2.05627066e-05,-0.0565086923,9.90707629,1723.98824
0.235241624,0.00912036556,0.00942103651,0.000434472152,-0.184860714,5.30278124,1728.41973
0.235269368,0.0477504251,0.00956891135,0.00513140176,-0.152789874,6.26581416,1725.53026
0.235304708,0.141825099,-0.00918577836,-1.50268097e-05,-0.0592912948,9.89025177,1725.0836
0.235345866,0.00817490128,0.00872318427,0.000357066252,-0.186182548,5.27292815,1729.03369
0.235368229,0.0900387783,-0.00502133604,0.00493422111,-0.138647369,7.17742286,1726.10083
0.235386211,0.140879634,-0.0098945301,-5.03046363e-06,-0.0622285987,9.86713323,1726.16311
0.235443114,0.00729285993,0.00801984387,0.000290269412,-0.187425772,5.24199816,1729.63699
0.235473574,0.139866187,-0.0105842376,1.08639755e-05,-0.065322839,9.83704246,1727.20971
0.235533839,0.00646998704,0.00731639198,0.000233062445,-0.1885934,5.21035499,1730.22475
0.235567219,0.138779867,-0.0112468255,3.43839743e-05,-0.0685749339,9.79931939,1728.20412
0.235618478,0.0057023135,0.00661749712,0.000184472335,-0.189688659,5.17832391,1730.79323
0.235635907,0.0442136074,0.0105817853,0.00484514586,-0.154906275,6.29722437,1725.21056
0.235667598,0.137615437,-0.011873385,6.75763222e-05,-0.0719842127,9.75342056,1729.12508
0.235697439,0.00498613648,0.00592716289,0.00014358105,-0.190714915,5.14619161,1731.33967
0.235771104,0.00431800152,0.00524877642,0.000109531016,-0.191675602,5.11420654,1731.86215
0.235775194,0.136367278,-0.0124542032,0.000112812042,-0.0755481226,9.69903779,1729.94996
0.235814566,0.0853696328,-0.00331345828,0.00547044448,-0.141598265,7.14403363,1726.08668
0.235839827,0.00369468589,0.00458515961,8.15280857e-05,-0.192574169,5.08258082,1732.35946
0.235890527,0.13502937,-0.0129788289,0.000172756855,-0.0792619184,9.63597215,1730.6556
0.23590394,0.00311318307,0.00393862118,5.88425246e-05,-0.193414034,5.05149254,1732.83098
0.235963752,0.0025706882,0.00331100817,4.08080344e-05,-0.194198555,5.02108969,1733.27656
0.235977857,0.040914044,0.011444026,0.00452859438,-0.157054783,6.32819407,1724.87327
0.236014152,0.133595261,-0.0134361907,0.000250452402,-0.0831183459,9.56400185,1731.21958
0.236019552,0.00206458457,0.00270375584,2.68212532e-05,-0.194930995,4.99149494,1733.6964
0.236071609,0.00159243101,0.00211793525,1.63317299e-05,-0.195614511,4.96284268,1734.09103
0.236120174,0.00115195011,0.00155429804,8.8522284e-06,-0.196252132,4.93521665,1734.46117
0.236146667,0.132058033,-0.0138148302,0.000349297509,-0.0871073273,9.48301959,1731.62185
0.236165481,0.000741017226,0.00101331794,3.91411644e-06,-0.196846756,4.90887659,1734.80772
0.236207748,0.000357650242,0.000495228714,1.24396675e-06,-0.19740114,4.88476867,1735.13168
0.236247181,0,0,0,-0.197917966,4.87382707,1735.43413
0.236288711,0.13041027,-0.0141030853,0.000473070491,-0.0912156686,9.39348127,1731.84678
0.236292997,0.0803647536,-0.00151820925,0.00594301253,-0.144319236,7.12553456,1726.11057
0.236296869,0.0378358195,0.0121574759,0.00419450305,-0.159229188,6.35774907,1724.54473
0.236440968,0.128644026,-0.0142892748,0.000625754612,-0.0954268048,9.29654423,1731.88538
0.236594481,0.0349640862,0.0127249779,0.00385323265,-0.161419,6.38489891,1724.25207
0.236604173,0.12675078,-0.0143619834,0.000811337292,-0.0997206109,9.19353518,1731.73753
0.236779114,0.124721401,-0.0143104991,0.00103381547,-0.104073309,9.08585778,1731.41387
0.236805829,0.075,0.000358518945,0.00631721709,-0.146873455,7.12174462,1726.13757
0.236872129,0.0322849924,0.0131506703,0.00351300542,-0.16361149,6.40893842,1724.02014
0.236966633,0.1225461,-0.0141253324,0.00129694444,-0.108457507,8.97526645,1730.93661
0.237131152,0.0297856156,0.0134402008,0.00318029265,-0.165793145,6.42918357,1723.86816
0.237167636,0.120214384,-0.0137986227,0.00160400338,-0.112842404,8.86382356,1730.33887
0.237318661,0.0696352464,0.00218510238,0.00654347026,-0.149196709,7.13311831,1726.13363
0.2373728,0.0274539002,0.0136005447,0.00285992801,-0.167950683,6.44503813,1723.80993
0.237383092,0.117715008,-0.0133246136,0.00195743843,-0.117194217,8.75373665,1729.66267
0.237598237,0.0252785992,0.0136398569,0.00255543355,-0.170071726,6.45606456,1723.8533
0.23761404,0.115035914,-0.0127001249,0.00235848727,-0.121476861,8.6472284,1728.95511
0.237797092,0.0646303672,0.0038430081,0.00661343267,-0.151275578,7.15673995,1726.07871
0.237808552,0.0232492201,0.0135672656,0.00226924283,-0.172145226,6.46196919,1723.99918
0.237861595,0.112164181,-0.0119249681,0.002806644,-0.125652934,8.54650008,1728.26347
0.238004759,0.0213559743,0.0133926113,0.00200288012,-0.17416169,6.46267411,1724.24324
0.23812695,0.109085956,-0.0110023066,0.00329922986,-0.129685049,8.45351041,1727.63004
0.238187804,0.0195897299,0.0131261819,0.00175712344,-0.176113281,6.45822704,1724.5772
0.238243429,0.0599612217,0.00534590719,0.00655181315,-0.153231449,7.18809851,1725.965
0.23835857,0.0179419674,0.0127784603,0.00153218464,-0.177993799,6.44881666,1724.99
0.238411385,0.105786393,-0.00993869179,0.0038308018,-0.133537534,8.36991975,1727.08765
0.238517881,0.0164047389,0.0123598936,0.00132781966,-0.179798606,6.43476561,1725.46911
0.238659825,0.0556052884,0.00670296024,0.00638423254,-0.155141393,7.22362199,1725.79185
0.238666504,0.0149706296,0.011880692,0.00114342982,-0.181524502,6.41647921,1726.00144
0.238716272,0.102249575,-0.00874381522,0.00439252808,-0.137178541,8.29724335,1726.65659
0.238805159,0.0136327222,0.0113506627,0.000978159642,-0.183169574,6.39441924,1726.57412
0.238934512,0.0123845633,0.0107790807,0.000830974318,-0.184733032,6.36907974,1727.1751
0.239043083,0.0984584434,-0.00742998738,0.00497172247,-0.140582557,8.23671131,1726.34338
0.239048289,0.0515415566,0.00791909554,0.00613485518,-0.15705143,7.26111576,1725.56499
0.239055187,0.0112201325,0.0101745981,0.000700719803,-0.186215048,6.3409603,1727.79344
0.239167768,0.0101338132,0.00954518328,0.000586173725,-0.187616596,6.31056707,1728.41953
0.239272797,0.00912036556,0.00889808393,0.000486084883,-0.188939303,6.27838337,1729.04514
0.23937078,0.00817490128,0.00823981752,0.000399204978,-0.190185318,6.24485146,1729.66342
0.239393392,0.0943947116,-0.00601108105,0.0055512676,-0.143733353,8.1893154,1726.14108
0.239410694,0.0477504251,0.0089964866,0.00582503297,-0.158986006,7.29888835,1725.29636
0.239462191,0.00729285993,0.00757617898,0.000324314834,-0.191357186,6.21038289,1730.2688
0.239547469,0.00646998704,0.00691226228,0.000260241104,-0.192457751,6.17534964,1730.8569
0.239563636,0.15,0,0,-0.0488483153,10.9659107,1714.78855
0.239590654,0.14964235,-0.000522204899,8.14859407e-08,-0.0500023603,10.9700491,1715.38901
0.239619613,0.149258983,-0.00106701617,4.90055941e-07,-0.0512365109,10.9778256,1716.03061
0.239627027,0.0057023135,0.00625249342,0.000205868981,-0.19349006,6.14008128,1731.4244
0.239650655,0.14884805,-0.00163407456,1.12260787e-06,-0.0525556396,10.9842965,1716.71447
0.23968393,0.148407569,-0.00222279286,2.28350115e-06,-0.053964884,10.989696,1717.44136
0.239701248,0.00498613648,0.00560067071,0.000160150926,-0.194457287,6.10486566,1731.96888
0.239719596,0.147935415,-0.00283228846,4.13907548e-06,-0.0554695317,10.9938006,1718.21154
0.239748789,0.0442136074,0.0099359107,0.00547323254,-0.160954764,7.33568724,1725.00393
0.239757827,0.147429312,-0.0034613418,6.93413489e-06,-0.0570749876,10.9962793,1719.02459
0.239768891,0.0900387783,-0.00450106373,0.00610934014,-0.146627395,8.15588425,1726.03049
0.23977049,0.00431800152,0.00496001003,0.000122111782,-0.195362676,6.06995049,1732.4887
0.239798808,0.146886817,-0.00410835081,1.09769615e-05,-0.0587867307,10.9967639,1719.8793
0.239835088,0.00369468589,0.00433319275,9.08511272e-05,-0.196209481,6.03554569,1732.98287
0.239842735,0.146305314,-0.00477128222,1.66540992e-05,-0.0606102597,10.9948664,1720.77347
0.23988982,0.145681998,-0.005447621,2.44415674e-05,-0.0625510248,10.9901568,1721.70369
0.239895352,0.00311318307,0.00372241462,6.55436401e-05,-0.197000931,6.00182579,1733.45095
0.239940292,0.145013864,-0.00613431893,3.49221554e-05,-0.0646143448,10.9821628,1722.6652
0.239951573,0.0025706882,0.00312943425,4.54374777e-05,-0.197740192,5.9689344,1733.89292
0.239994392,0.144297686,-0.00682774332,4.88035195e-05,-0.0668053063,10.9703738,1723.6516
0.240004023,0.00206458457,0.00255562012,2.98530107e-05,-0.198430347,5.93698979,1734.3091
0.240052383,0.143530013,-0.00752362752,6.69380679e-05,-0.0691286446,10.9542459,1724.6547
0.240052955,0.00159243101,0.00200199553,1.81718881e-05,-0.199074374,5.90612309,1734.7001
0.240064204,0.040914044,0.0107379154,0.00509502092,-0.162957429,7.37062663,1724.71029
0.240098604,0.00115195011,0.00146928087,9.8464821e-06,-0.199675133,5.87641464,1735.0667
0.240114543,0.14270714,-0.00821702605,9.03435678e-05,-0.0715886028,10.9332088,1725.66429
0.240141191,0.000741017226,0.000957932918,4.35632451e-06,-0.200235358,5.8481291,1735.40983
0.240171389,0.0853696328,-0.00291225245,0.00661898082,-0.149277762,8.13717496,1725.98567
0.240180922,0.000357650242,0.00046818064,1.37955178e-06,-0.200757649,5.82236951,1735.73054
0.240181173,0.141825099,-0.00890227708,0.00012022686,-0.0741887688,10.9066673,1726.66799
0.240217987,0,0,0,-0.20124454,5.81073355,1736.02993
0.240252594,0.140879634,-0.00957297169,0.000158008954,-0.076931889,10.874012,1727.65117
0.24032915,0.139866187,-0.010221935,0.000205348206,-0.0798196573,10.8347005,1728.59691
0.24035846,0.0378358195,0.0114035159,0.00470323713,-0.164987344,7.40269043,1724.43992
0.240411211,0.138779867,-0.0108412268,0.000264148358,-0.0828524817,10.7883149,1729.4862
0.240499173,0.137615437,-0.0114221646,0.000336542449,-0.0860292284,10.7344868,1730.29829
0.240593459,0.136367278,-0.0119553725,0.000424945658,-0.0893469487,10.6728489,1731.01124
0.240602829,0.0803647536,-0.00125358898,0.00704885852,-0.151718747,8.1331628,1725.97685
0.240632977,0.0349640862,0.0119346791,0.00430828299,-0.167034045,7.43096527,1724.21671
0.240694526,0.13502937,-0.0124308963,0.00053205374,-0.0928005941,10.6031384,1731.60297
0.240802859,0.133595261,-0.0128383515,0.000660864622,-0.0963827264,10.5252676,1732.05247
0.240889079,0.0322849924,0.0123347255,0.00391842099,-0.169085113,7.45492348,1724.06098
0.240918982,0.132058033,-0.0131670696,0.0008145915,-0.100083238,10.4397085,1732.34158
0.241043455,0.13041027,-0.0134062634,0.000996546998,-0.103889094,10.3473297,1732.45699
0.241065292,0.075,0.000471201773,0.00736445472,-0.154011569,8.14347304,1725.97048
0.241128002,0.0297856156,0.0126083778,0.00353997525,-0.171127503,7.47398204,1723.98792
0.241176878,0.128644026,-0.0135452758,0.0012101257,-0.107784121,10.2489845,1732.39235
0.241319895,0.12675078,-0.0135739721,0.00145866688,-0.11174886,10.145874,1732.15041
0.241350897,0.0274539002,0.0127616951,0.00317767973,-0.173148459,7.4876868,1724.00785
0.241473195,0.124721401,-0.0134831362,0.00174530857,-0.115760513,10.0395743,1731.74444
0.241527755,0.0696352464,0.00214439467,0.00752194005,-0.15610302,8.16756243,1725.93588
0.241558841,0.0252785992,0.0128019381,0.00283491953,-0.175136135,7.49576933,1724.12534
0.241637519,0.1225461,-0.0132648508,0.00207275281,-0.119793028,9.93191469,1731.1986
0.241752835,0.0232492201,0.0127373588,0.00251396075,-0.177079971,7.49809473,1724.33905
0.241813658,0.120214384,-0.0129129307,0.00244301801,-0.123817336,9.82491352,1730.54687
0.241933816,0.0213559743,0.0125769573,0.00221615744,-0.178970907,7.49472192,1724.64328
0.241959195,0.0646303672,0.00366125688,0.00752065649,-0.15798309,8.20180719,1725.85638
0.242002462,0.117715008,-0.0124233734,0.00285711248,-0.127801806,9.72067975,1729.83059
0.242102656,0.0195897299,0.0123302187,0.00194210953,-0.180801459,7.48584539,1725.02907
0.242204842,0.115035914,-0.0117947821,0.00331468137,-0.131712925,9.62128705,1729.09452
0.242260171,0.0179419674,0.0120068619,0.00169182917,-0.182565701,7.47178609,1725.48535
0.242361693,0.0599612217,0.00503704119,0.00738783281,-0.15976123,8.2419208,1725.72608
0.242407119,0.0164047389,0.0116166137,0.00146486694,-0.184259196,7.45296108,1725.99995
0.242421774,0.112164181,-0.0110287147,0.00381354186,-0.135516274,9.5287261,1728.38218
0.242544209,0.0149706296,0.0111690125,0.00126042363,-0.185878868,7.42985638,1726.56044
0.242654305,0.109085956,-0.0101299226,0.00434927779,-0.139177795,9.4448486,1727.73137
0.242672104,0.0136327222,0.0106732454,0.00107744409,-0.187422863,7.40300096,1727.15479
0.242737192,0.0556052884,0.0062815439,0.00715076506,-0.161506363,8.28451381,1725.54707
0.242791419,0.0123845633,0.0101380208,0.000914695159,-0.188890392,7.37294201,1727.7718
0.24290273,0.0112201325,0.0095714761,0.000770831814,-0.190281578,7.34022114,1728.40142
0.242903556,0.105786393,-0.00910630892,0.00491469627,-0.142665406,9.37115691,1727.17056
0.243006574,0.0101338132,0.00898111576,0.000644447569,-0.191597306,7.3053654,1729.03482
0.243087501,0.0515415566,0.00739975087,0.00683460584,-0.163259171,8.32753325,1725.32774
0.243103453,0.00912036556,0.00837377562,0.000534117404,-0.192839078,7.2688777,1729.66452
0.243170729,0.102249575,-0.0079686069,0.00549935912,-0.145950945,9.30891083,1726.71672
0.243193832,0.00817490128,0.00775560918,0.000438430246,-0.194008892,7.23121863,1730.28432
0.243278149,0.00729285993,0.00713209361,0.000356012994,-0.195109124,7.19280586,1730.8892
0.24335681,0.00646998704,0.00650804869,0.000285550386,-0.196142431,7.154015,1731.47528
0.243414311,0.0477504251,0.00839350952,0.00646128604,-0.165040791,8.36937468,1725.08195
0.243430194,0.0057023135,0.00588766631,0.000225796822,-0.197111665,7.1151761,1732.0396
0.243457113,0.0984584434,-0.00672974443,0.00608919691,-0.149012476,9.25920412,1726.37452
0.243498656,0.00498613648,0.00527454763,0.00017558511,-0.198019801,7.07657501,1732.58008
0.243562524,0.00431800152,0.00467174488,0.000133831252,-0.19886988,7.0384556,1733.09534
0.243622109,0.00369468589,0.00408180612,9.95363511e-05,-0.199664952,7.00102268,1733.58461
0.243677697,0.00311318307,0.00350682082,7.17864388e-05,-0.200408048,6.96444478,1734.04761
0.243719199,0.0442136074,0.00926303463,0.00604951331,-0.166858991,8.40890093,1724.82818
0.243729555,0.0025706882,0.00294846534,4.97502333e-05,-0.20110214,6.92885899,1734.48445
0.24376409,0.0943947116,-0.00540370614,0.00666599103,-0.151836951,9.22287911,1726.13694
0.243777935,0.00206458457,0.00240804712,3.26772469e-05,-0.20175012,6.89437716,1734.89556
0.24382307,0.00159243101,0.00188654689,1.98858774e-05,-0.202354785,6.86112577,1735.28161
0.243865177,0.00115195011,0.00138465848,1.07724747e-05,-0.202918821,6.82917978,1735.64344
0.243904459,0.000741017226,0.000902826002,4.76724104e-06,-0.203444792,6.79880994,1735.98202
0.243941106,0.000357650242,0.000441277431,1.5065552e-06,-0.203935144,6.77124922,1736.29841
0.243975295,0,0,0,-0.204392255,6.75883794,1736.59374
0.244003634,0.040914044,0.0100081968,0.00561504268,-0.168712604,8.44512364,1724.5878
0.244093139,0.0900387783,-0.00400400603,0.00720719902,-0.154423253,9.20058782,1725.98681
0.244268989,0.0378358195,0.0106291512,0.00517075264,-0.170594735,8.47713514,1724.38276
0.244445849,0.0853696328,-0.00254192562,0.00768556796,-0.156785693,9.19289019,1725.90027
0.244516544,0.0349640862,0.0111269572,0.00472696175,-0.172495094,8.50427227,1724.23302
0.244527273,0.15,0,0,-0.0654745239,12.2050082,1717.26931
0.244550045,0.14964235,-0.00050477782,6.06680565e-07,-0.0665456823,12.2061397,1717.82513
0.244574454,0.149258983,-0.00103071162,2.11632662e-06,-0.0676911381,12.2067545,1718.41895
0.244600619,0.14884805,-0.00157733065,4.74995995e-06,-0.0689153881,12.2049567,1719.05175
0.244628665,0.148407569,-0.00214394169,8.94895101e-06,-0.0702231637,12.2018043,1719.72412
0.244658728,0.147935415,-0.00272955633,1.50251402e-05,-0.0716193255,12.1970106,1720.43618
0.244690952,0.147429312,-0.00333285194,2.34071303e-05,-0.0731088304,12.1902905,1721.18737
0.244725493,0.146886817,-0.00395212857,3.45909853e-05,-0.0746966898,12.1813192,1721.97636
0.244747492,0.0322849924,0.0115040653,0.00429188036,-0.174401676,8.52601539,1724.15453
0.244762518,0.146305314,-0.00458526354,4.91645946e-05,-0.0763879161,12.169737,1722.80082
0.244802206,0.145681998,-0.00522966466,6.78191794e-05,-0.0781874567,12.1551502,1723.65728
0.24482392,0.0803647536,-0.00102478708,0.00806989361,-0.158958099,9.19953078,1725.84951
0.244844747,0.145013864,-0.00588222437,9.13633833e-05,-0.0801001137,12.137133,1724.54092
0.244890346,0.144297686,-0.00653927522,0.00012073773,-0.0821304475,12.1152293,1725.44535
0.244939225,0.143530013,-0.00719654803,0.000157033446,-0.084282662,12.088945,1726.3624
0.244962948,0.0297856156,0.0117642853,0.0038717261,-0.176301967,8.54191417,1724.15948
0.244991619,0.14270714,-0.00784913455,0.000201506939,-0.0865604708,12.0577711,1727.28198
0.245047779,0.141825099,-0.00849145517,0.000255599065,-0.0889669428,12.021249,1728.19188
0.245107978,0.140879634,-0.00911724073,0.000320932045,-0.0915043256,11.9789349,1729.07774
0.245163951,0.0274539002,0.0119127727,0.00347112985,-0.178183782,8.55166238,1724.25509
0.245172506,0.139866187,-0.00971952587,0.000399318422,-0.0941738476,11.9303806,1729.92303
0.245229176,0.075,0.000545886336,0.00832626758,-0.160998928,9.21992157,1725.80374
0.245241673,0.138779867,-0.0102906588,0.000492798627,-0.0969755,11.8751615,1730.70928
0.245315814,0.137615437,-0.0108223538,0.000603626019,-0.0999077995,11.8129201,1731.41644
0.24535147,0.0252785992,0.0119559103,0.00309336095,-0.180035821,8.5551433,1724.44277
0.245395286,0.136367278,-0.0113057706,0.000734266587,-0.102967536,11.7433934,1732.02354
0.245480472,0.13502937,-0.0117315978,0.000887403242,-0.106149514,11.6665679,1732.50968
0.245526411,0.0232492201,0.0119010938,0.00274054613,-0.181848021,8.55239529,1724.71949
0.245571784,0.133595261,-0.0120901743,0.00106583985,-0.109446288,11.5828094,1732.85538
0.245634433,0.0696352464,0.00206604812,0.00841674934,-0.162864919,9.25275563,1725.73702
0.245669661,0.132058033,-0.0123716379,0.00127244513,-0.112847919,11.4926321,1733.04431
0.245689616,0.0213559743,0.0117564934,0.00241388262,-0.183611744,8.54360923,1725.07861
0.245774577,0.13041027,-0.0125661624,0.00151012209,-0.116341749,11.3967002,1733.06524
0.245841873,0.0195897299,0.0115308022,0.00211381196,-0.185319845,8.52910654,1725.51084
0.245887036,0.128644026,-0.0126642684,0.0017816952,-0.119912221,11.2960096,1732.91408
0.245983917,0.0179419674,0.0112329895,0.00184017665,-0.186966658,8.50931474,1726.0053
0.246007581,0.12675078,-0.0126571166,0.00208977279,-0.123540776,11.1918839,1732.59573
0.246012504,0.0646303672,0.00344396674,0.00834785191,-0.164549432,9.29391576,1725.63614
0.246116432,0.0164047389,0.0108720767,0.00159235306,-0.188547919,8.48473918,1726.55032
0.246136794,0.124721401,-0.0125368514,0.00243656736,-0.127205831,11.0859116,1732.12518
0.246240057,0.0149706296,0.0104569438,0.00136936555,-0.190060655,8.45593702,1727.13422
0.246275299,0.1225461,-0.012296994,0.00282368834,-0.130882889,10.979895,1731.52748
0.24635539,0.0136327222,0.00999616946,0.00116998247,-0.191503047,8.42349211,1727.74583
0.246365214,0.0599612217,0.00469574768,0.00814875074,-0.166150742,9.33928252,1725.49631
0.246423762,0.120214384,-0.0119328515,0.00325188805,-0.134544809,10.8757777,1730.83624
0.246462986,0.0123845633,0.00949790543,0.000992796464,-0.192874287,8.38799404,1728.37483
0.246563365,0.0112201325,0.00896978433,0.000836291452,-0.194174424,8.35001847,1729.01198
0.246582901,0.117715008,-0.0114419224,0.00372076144,-0.138162256,10.7755531,1730.09104
0.24665701,0.0101338132,0.00841885722,0.000698896699,-0.195404234,8.31011009,1729.64928
0.246694263,0.0556052884,0.00583131731,0.00784790097,-0.167730294,9.38562208,1725.32116
0.246744373,0.00912036556,0.00785155725,0.000579030487,-0.196565076,8.26878328,1730.27995
0.246753482,0.115035914,-0.0108242663,0.0042284135,-0.141704383,10.6811596,1729.3335
0.246825876,0.00817490128,0.00727368393,0.000475132999,-0.19765878,8.22651036,1730.89839
0.246901911,0.00729285993,0.00669040582,0.000385691728,-0.198687537,8.18371136,1731.50014
0.246936329,0.112164181,-0.010082777,0.00477108508,-0.14513976,10.5944122,1728.603
0.246972846,0.00646998704,0.00610627709,0.000309261449,-0.199653805,8.14075997,1732.08175
0.24700124,0.0515415566,0.00685537782,0.00747104683,-0.169323987,9.43098688,1725.12042
0.247039022,0.0057023135,0.00552526376,0.000244476779,-0.200560229,8.09798274,1732.64065
0.24710076,0.00498613648,0.00495077748,0.000190060498,-0.201409574,8.05566001,1733.17506
0.247132324,0.109085956,-0.00922332712,0.00534273106,-0.148437577,10.5170043,1727.933
0.247158355,0.00431800152,0.00438571408,0.000144828251,-0.202204667,8.0140287,1733.68384
0.247212088,0.00369468589,0.00383249498,0.000107690114,-0.202948351,7.97328572,1734.16644
0.247262215,0.00311318307,0.00329310959,7.76499939e-05,-0.203643449,7.93359112,1734.62271
0.247287624,0.0477504251,0.00776923343,0.00704037041,-0.170950085,9.47385228,1724.90848
0.247308981,0.0025706882,0.00276915777,5.38028684e-05,-0.204292733,7.89507325,1735.05289
0.247342411,0.105786393,-0.0082547052,0.00593463669,-0.151569139,10.4502944,1727.34824
0.247352609,0.00206458457,0.00226189109,3.53323998e-05,-0.204898904,7.85783544,1735.45751
0.24739331,0.00159243101,0.00177225247,2.14979907e-05,-0.20546457,7.82199824,1735.83728
0.247431281,0.00115195011,0.00130091349,1.16439519e-05,-0.20599224,7.78762931,1736.19311
0.247466705,0.000741017226,0.000848309378,5.15327079e-06,-0.206484311,7.75500669,1736.52599
0.247499753,0.000357650242,0.000414670544,1.6270703e-06,-0.206943066,7.72546748,1736.83701
0.247530584,0,0,0,-0.207370727,7.71218705,1737.12729
0.247554797,0.0442136074,0.00857243304,0.00657468986,-0.17261481,9.51317769,1724.70305
0.247567605,0.102249575,-0.00718819531,0.0065350381,-0.154509654,10.3953673,1726.86323
0.247804048,0.040914044,0.0092639853,0.0060896947,-0.174316345,9.54794804,1724.52346
0.247808991,0.0984584434,-0.00603682275,0.00712874369,-0.157240317,10.3531901,1726.48185
0.248036578,0.0378358195,0.00984318134,0.00559821485,-0.176047727,9.57737246,1724.38836
0.248067734,0.0943947116,-0.00481421667,0.00769680725,-0.159750695,10.3244674,1726.19806
0.248253511,0.0349640862,0.0103102646,0.00511051283,-0.177798956,9.60097653,1724.31344
0.248345083,0.0900387783,-0.00353306507,0.00821635757,-0.16204143,10.3096686,1725.99733
0.248455891,0.0322849924,0.0106667703,0.00463466682,-0.179558514,9.61828318,1724.31163
0.248642373,0.0853696328,-0.00220336111,0.00866025929,-0.16412734,10.3091528,1725.85892
0.248644695,0.0297856156,0.0109156119,0.00417683599,-0.181314462,9.62897342,1724.39222
0.248820834,0.0274539002,0.0110610673,0.00374155909,-0.1830552,9.63291137,1724.55917
0.24896104,0.0803647536,-0.000830686573,0.00899784628,-0.166041054,10.3224256,1725.75817
0.248985157,0.0252785992,0.0111086537,0.00333199724,-0.18476998,9.63012409,1724.8118
0.249138458,0.0232492201,0.0110649308,0.00295016605,-0.186449225,9.62079175,1725.14575
0.249281475,0.0213559743,0.0109372621,0.00259714009,-0.1880847,9.60523066,1725.55376
0.249302621,0.075,0.000585582605,0.00919616058,-0.167837579,10.3486541,1725.668
0.249414898,0.0195897299,0.0107335676,0.00227323093,-0.189669578,9.5838721,1726.02649
0.249424743,0.15,0,0,-0.081878554,13.5322865,1719.71692
0.24944302,0.14964235,-0.000479025834,1.11836657e-06,-0.0828626297,13.5302249,1720.22528
0.249462611,0.149258983,-0.000977555128,3.71617409e-06,-0.0839149082,13.5234118,1720.76836
0.249483611,0.14884805,-0.00149504058,8.32313303e-06,-0.085039503,13.5131623,1721.34698
0.24950612,0.148407569,-0.00203071809,1.55089037e-05,-0.08624073,13.501224,1721.96161
0.249530248,0.147935415,-0.00258353561,2.57329919e-05,-0.0875230156,13.4873085,1722.61225
0.249539371,0.0179419674,0.0104620821,0.0019781428,-0.191198424,9.55723622,1726.55338
0.249556111,0.147429312,-0.00315211677,3.95992389e-05,-0.0888908652,13.4711646,1723.29826
0.249583834,0.146886817,-0.00373472043,5.77819194e-05,-0.090348822,13.4525384,1724.01821
0.24961355,0.146305314,-0.0043291998,8.10545687e-05,-0.0919014163,13.4310843,1724.76978
0.249644202,0.0696352464,0.00195465316,0.00922307698,-0.169482813,10.3860176,1725.56839
0.249645403,0.145681998,-0.00493296206,0.00011031641,-0.0935531026,13.4064195,1725.54951
0.249655494,0.0164047389,0.0101311357,0.00171110737,-0.192667125,9.52590464,1727.12342
0.249679546,0.145013864,-0.00554292742,0.000146591789,-0.0953081832,13.3781922,1726.35264
0.249716144,0.144297686,-0.00615548988,0.000191037008,-0.0971707165,13.3459931,1727.17291
0.249755374,0.143530013,-0.00676648186,0.00024496066,-0.0991444096,13.3094264,1728.00237
0.249763827,0.0149706296,0.00974896368,0.00147099976,-0.194072783,9.49049433,1727.72572
0.249797425,0.14270714,-0.00737114394,0.000309821433,-0.101232492,13.2681023,1728.83119
0.249842499,0.141825099,-0.00796410034,0.00038724751,-0.103437571,13.2215922,1729.64756
0.249864893,0.0136327222,0.00932354912,0.00125643704,-0.195413591,9.45163427,1728.34996
0.249890814,0.140879634,-0.00853935242,0.000479046599,-0.105761467,13.1694797,1730.4376
0.249942603,0.139866187,-0.00909029119,0.000587193229,-0.10820503,13.1114077,1731.1854
0.24995918,0.0123845633,0.0088624992,0.00106586106,-0.196688691,9.40994584,1728.98669
0.249962869,0.0646303672,0.00319689426,0.00909161107,-0.170973673,10.4301497,1725.44949
0.249998117,0.138779867,-0.00960972201,0.000713837682,-0.11076794,13.0470166,1731.87326
0.250047142,0.0112201325,0.00837295331,0.000897606888,-0.197898044,9.36602739,1729.62751
0.250057622,0.137615437,-0.010089903,0.000861315608,-0.113448485,12.9760821,1732.48203
0.250121405,0.136367278,-0.0105226134,0.00103208174,-0.116243334,12.8986447,1732.99188
0.250129203,0.0101338132,0.00786152007,0.000749959057,-0.199042292,9.32044134,1730.26516
0.250189775,0.13502937,-0.0108992475,0.00122866321,-0.1191473,12.8148748,1733.38321
0.250205759,0.00912036556,0.00733423986,0.00062119596,-0.200122634,9.27370599,1730.89355
0.25026016,0.0599612217,0.00432859935,0.00883230352,-0.172398047,10.4770555,1725.30672
0.250263061,0.133595261,-0.0112109422,0.00145364642,-0.12215311,12.7250381,1733.63809
0.25027718,0.00817490128,0.00679656765,0.000509624787,-0.201140717,9.22629402,1731.50768
0.250341617,0.132058033,-0.0114487762,0.0017095979,-0.12525118,12.6296566,1733.74186
0.25034381,0.00729285993,0.00625337243,0.000413608119,-0.202098532,9.1786265,1732.10358
0.25040597,0.00646998704,0.00570895094,0.000331583148,-0.202998325,9.13107142,1732.67822
0.250425821,0.13041027,-0.0116039941,0.00199897329,-0.128429425,12.5295411,1733.6851
0.250463961,0.0057023135,0.0051670511,0.000262075422,-0.203842524,9.08394803,1733.2294
0.25051608,0.128644026,-0.011668251,0.0023239938,-0.131673113,12.4257705,1733.46547
0.250518061,0.00498613648,0.00463090233,0.000203707171,-0.204633675,9.03752821,1733.75561
0.250537508,0.0556052884,0.00535937127,0.0084742683,-0.173810566,10.523617,1725.144
0.250568532,0.00431800152,0.00410325078,0.00015520188,-0.205374385,8.99203924,1734.25597
0.250612829,0.12675078,-0.0116339073,0.00268650586,-0.134964783,12.319686,1733.08925
0.250615618,0.00369468589,0.00358639739,0.000115385696,-0.206067281,8.94766771,1734.73007
0.250659545,0.00311318307,0.00308223716,8.31865335e-05,-0.206714977,8.904563,1735.17794
0.250700525,0.0025706882,0.00259229852,5.76308897e-05,-0.207320039,8.86284276,1735.59992
0.250716535,0.124721401,-0.0114943647,0.00308780472,-0.138284252,12.2128618,1732.57225
0.250738756,0.00206458457,0.0021177818,3.78411265e-05,-0.20788497,8.82259991,1735.9966
0.250774423,0.00159243101,0.00165959614,2.30214378e-05,-0.208412191,8.78394788,1736.36876
0.250796251,0.0515415566,0.00629332248,0.0080434884,-0.17524287,10.5679354,1724.97106
0.250807697,0.00115195011,0.00121839447,1.24676149e-05,-0.208904031,8.74694525,1736.71735
0.250827698,0.1225461,-0.0112444261,0.00352842571,-0.141608749,12.1070509,1731.93937
0.25083874,0.000741017226,0.000794606347,5.51707697e-06,-0.209362717,8.71187886,1737.04339
0.250867699,0.000357650242,0.000388467307,1.74176657e-06,-0.209790371,8.68016511,1737.34796
0.250894716,0,0,0,-0.210189056,8.6659138,1737.63219
0.250946853,0.120214384,-0.0108806676,0.00400790212,-0.144913183,12.0041106,1731.22291
0.251037638,0.0477504251,0.00713105602,0.00756212309,-0.176710741,10.6086032,1724.80156
0.251074577,0.117715008,-0.0104017992,0.00452449203,-0.148170593,11.9059194,1730.45984
0.251211484,0.115035914,-0.00980898093,0.00507487519,-0.151352802,11.8142919,1729.68811
0.251262831,0.0442136074,0.00787137194,0.00704891957,-0.178219143,10.6446373,1724.65128
0.251358236,0.112164181,-0.00910603941,0.00565384372,-0.154431294,11.7308935,1728.94295
0.251472919,0.040914044,0.00851239819,0.00651937945,-0.179765805,10.6751333,1724.53662
0.25151554,0.109085956,-0.00829952968,0.00625394454,-0.157378333,11.6572181,1728.25374
0.251668913,0.0378358195,0.00905255858,0.0059861851,-0.181343832,10.6994104,1724.47234
0.251684155,0.105786393,-0.00739864646,0.0068651964,-0.160168335,11.5945531,1727.64206
0.251851761,0.0349640862,0.00949127748,0.00545955553,-0.182943595,10.7170143,1724.4712
0.251864894,0.102249575,-0.00641473515,0.00747474339,-0.162779492,11.5438883,1727.12076
0.252022342,0.0322849924,0.00982921394,0.00494747101,-0.184554109,10.7276092,1724.54357
0.252058629,0.0984584434,-0.00536046546,0.00806658987,-0.165195642,11.5060009,1726.69374
0.25218148,0.0297856156,0.0100684096,0.00445602261,-0.186164029,10.7310323,1724.69533
0.252266295,0.0943947116,-0.00424873548,0.00862142295,-0.167408392,11.4814809,1726.35652
0.252329944,0.0274539002,0.0102122906,0.00398967353,-0.187762342,10.7272884,1724.92787
0.252468448,0.0252785992,0.0102655409,0.00355151127,-0.189338836,10.7165393,1725.23896
0.252488892,0.0900387783,-0.00309115833,0.00911640301,-0.169419517,11.4706268,1726.09762
0.252597661,0.0232492201,0.0102339079,0.00314347291,-0.190884399,10.6990905,1725.62338
0.252718207,0.0213559743,0.01012397,0.0027665453,-0.192391174,10.6753713,1726.07352
0.252727496,0.0853696328,-0.00189628599,0.00952484419,-0.1712437,11.4736008,1725.90009
0.252830666,0.0195897299,0.0099428937,0.00242094254,-0.193852622,10.6459091,1726.5802
0.252935581,0.0179419674,0.00969819741,0.00210626205,-0.19526351,10.6113029,1727.13333
0.252983256,0.0803647536,-0.000667937947,0.00981694865,-0.17291176,11.489662,1725.74343
0.253033458,0.0164047389,0.00939753664,0.00182162083,-0.196619846,10.5721968,1727.72263
0.25312477,0.0149706296,0.0090485172,0.00156577319,-0.197918777,10.5292553,1728.338
0.253209956,0.0136327222,0.00865854073,0.00133721137,-0.199158481,10.4831419,1728.96999
0.253257407,0.075,0.000596470337,0.00996092922,-0.174474763,11.5177147,1725.60508
0.253289428,0.0123845633,0.00823468271,0.00113425047,-0.200338031,10.4345011,1729.61001
0.253363569,0.0112201325,0.00778360132,0.000955098908,-0.201457272,10.3839456,1730.25043
0.253432737,0.0101338132,0.00731147414,0.000797916172,-0.202516695,10.3320455,1730.88475
0.253497264,0.00912036556,0.00682395894,0.000660858872,-0.203517322,10.2793208,1731.5075
0.253531557,0.0696352464,0.00181870256,0.0099301184,-0.175906983,11.5556959,1725.472
0.253557463,0.00817490128,0.00632617513,0.000542117406,-0.204460603,10.2262377,1732.11423
0.253613624,0.00729285993,0.00582270117,0.000439943276,-0.205348313,10.1732107,1732.70146
0.253666017,0.00646998704,0.00531758456,0.000352668646,-0.206182478,10.1206014,1733.26656
0.253714896,0.0057023135,0.00481436224,0.000278720628,-0.206965301,10.0687176,1733.80765
0.253760496,0.00498613648,0.00431608805,0.000216630216,-0.207699098,10.0178187,1734.32349
0.253787317,0.0646303672,0.00293021437,0.00974316708,-0.177209051,11.5992076,1725.33758
0.253803037,0.00431800152,0.00382536443,0.000165036905,-0.208386252,9.96811907,1734.81341
0.253842724,0.00369468589,0.00334437727,0.000122689942,-0.209029171,9.91979245,1735.27718
0.253879749,0.00311318307,0.00287493196,8.84472868e-05,-0.20963025,9.87297506,1735.71494
0.253914291,0.0025706882,0.00241848984,6.12721323e-05,-0.21019185,9.82777169,1736.12713
0.253946515,0.00206458457,0.00197620377,4.02300087e-05,-0.210716276,9.78426275,1736.51441
0.253976578,0.00159243101,0.00154895251,2.44736184e-05,-0.211205759,9.74255329,1736.87762
0.254004624,0.00115195011,0.00113737326,1.32536784e-05,-0.211662445,9.70269092,1737.21772
0.254025921,0.0599612217,0.00394691529,0.00943140293,-0.178459355,11.6442919,1725.19666
0.254030788,0.000741017226,0.000741892411,5.86369282e-06,-0.212088392,9.66497269,1737.53575
0.254055198,0.000357650242,0.000362752837,1.85233808e-06,-0.21248556,9.63087159,1737.8328
0.25407797,0,0,0,-0.212855852,9.61553386,1738.11
0.254245021,0.15,0,0,-0.098023657,14.936848,1722.1259
0.254248519,0.0556052884,0.00487770139,0.00902417636,-0.179706402,11.6878417,1725.05219
0.2542586,0.14964235,-0.000445900213,1.59230041e-06,-0.0989168771,14.9314812,1722.58474
0.254273156,0.149258983,-0.000909442184,5.23507618e-06,-0.0998719749,14.9172518,1723.0749
0.254288758,0.14884805,-0.00139003775,1.17277399e-05,-0.100892675,14.8987129,1723.59708
0.254305483,0.148407569,-0.00188689193,2.17583816e-05,-0.101982873,14.8780653,1724.15165
0.254323409,0.147935415,-0.00239893618,3.5936946e-05,-0.103146557,14.8551221,1724.73852
0.254342625,0.147429312,-0.00292479528,5.50220466e-05,-0.104387779,14.8296486,1725.357
0.254363222,0.146886817,-0.00346275136,7.9859465e-05,-0.105710618,14.8014157,1726.00567
0.254385301,0.146305314,-0.00401070759,0.000111403533,-0.10711913,14.7701162,1726.68226
0.254408967,0.145681998,-0.00456615223,0.000150741474,-0.108617288,14.7354047,1727.3834
0.254434335,0.145013864,-0.00512612284,0.000199091534,-0.110208913,14.6969834,1728.10453
0.254456184,0.0515415566,0.00572589689,0.00854739412,-0.180978082,11.7280917,1724.91263
0.254461526,0.144297686,-0.00568717284,0.000257807381,-0.11189759,14.6545146,1728.83964
0.254490674,0.143530013,-0.0062453414,0.000328381878,-0.113686565,14.6076886,1729.58115
0.254521916,0.14270714,-0.00679613135,0.000412453731,-0.115578629,14.5561313,1730.31968
0.254555406,0.141825099,-0.00733450211,0.000511825806,-0.117575987,14.499431,1731.04399
0.254591303,0.140879634,-0.00785486374,0.000628466078,-0.119680103,14.4372724,1731.7409
0.254629782,0.139866187,-0.00835108283,0.000764486296,-0.121891537,14.3694101,1732.39532
0.254649919,0.0477504251,0.00649133017,0.00802292853,-0.182288065,11.7638078,1724.79041
0.254671027,0.138779867,-0.00881651505,0.000922103301,-0.124209755,14.2957095,1732.99052
0.254715238,0.137615437,-0.00924404812,0.00110362934,-0.126632934,14.2161209,1733.50847
0.254762628,0.136367278,-0.00962616911,0.00131144602,-0.129157754,14.1306504,1733.93059
0.254813426,0.13502937,-0.00995507664,0.00154795271,-0.131779189,14.0394833,1734.23869
0.254830658,0.0442136074,0.0071719938,0.00746923779,-0.183640304,11.7939636,1724.69749
0.254867876,0.133595261,-0.0102228227,0.00181550035,-0.134490291,13.9430194,1734.41631
0.254926241,0.132058033,-0.0104214749,0.00211630292,-0.137282004,13.8418799,1734.45036
0.254988804,0.13041027,-0.0105433178,0.00245233635,-0.140142995,13.7369267,1734.33284
0.254999273,0.040914044,0.00776521459,0.00690164984,-0.185032247,11.8177111,1724.64661
0.255055864,0.128644026,-0.0105810965,0.00282521265,-0.143059529,13.6292677,1734.06261
0.255127747,0.12675078,-0.010528294,0.00323602949,-0.146015413,13.5202447,1733.6467
0.255156577,0.0378358195,0.00826862464,0.00633271796,-0.186457169,11.8345302,1724.65074
0.255204798,0.124721401,-0.0103794373,0.00368519443,-0.148992021,13.4113983,1733.10082
0.25528739,0.1225461,-0.0101304251,0.00417222405,-0.151968425,13.3044138,1732.44887
0.255303329,0.0349640862,0.0086808176,0.00577255467,-0.187905873,11.8440521,1724.71996
0.255375921,0.120214384,-0.00977886165,0.00469551854,-0.15492167,13.201052,1731.72111
0.255440236,0.0322849924,0.00900162999,0.0052290723,-0.189367937,11.8460565,1724.86115
0.255470817,0.117715008,-0.0093243727,0.00525211479,-0.157827201,13.1030724,1730.95131
0.25556796,0.0297856156,0.00923229277,0.00470831716,-0.190832616,11.840514,1725.0772
0.255572537,0.115035914,-0.0087688711,0.00583742377,-0.160659474,13.0121578,1730.17354
0.255681571,0.112164181,-0.00811672956,0.00644496054,-0.163392771,12.9298398,1729.41895
0.255687116,0.0274539002,0.00937542541,0.0042147162,-0.192289476,11.8275583,1725.36776
0.255798278,0.0252785992,0.00943491645,0.00375132263,-0.193728829,11.807475,1725.72949
0.255798445,0.109085956,-0.00737479671,0.00706612321,-0.166002226,12.8574295,1728.71322
0.255901984,0.0232492201,0.00941573462,0.00332003323,-0.195142003,11.780682,1726.15656
0.255923723,0.105786393,-0.00655220884,0.00768990132,-0.168465067,12.7961607,1728.07519
0.255998733,0.0213559743,0.00932370262,0.00292178498,-0.196521497,11.7477057,1726.64129
0.256058008,0.102249575,-0.00565993213,0.00830260839,-0.170762077,12.7469361,1727.5165
0.256088992,0.0195897299,0.00916525943,0.00255673101,-0.197861037,11.7091547,1727.17479
0.256173196,0.0179419674,0.00894723008,0.00222439675,-0.199155566,11.6656933,1727.74755
0.25620195,0.0984584434,-0.00470994483,0.00888777062,-0.172879266,12.710315,1727.04159
0.256251752,0.0164047389,0.00867661553,0.00192381728,-0.200401189,11.6180156,1728.35001
0.256325038,0.0149706296,0.00836041016,0.00165365673,-0.201595083,11.5668226,1728.9729
0.256356242,0.0943947116,-0.00371404546,0.00942605485,-0.174809749,12.6867741,1726.64802
0.256393408,0.0136327222,0.00800545029,0.00141231091,-0.202735388,11.5128027,1729.60759
0.256457192,0.0123845633,0.00761829406,0.00119799426,-0.203821093,11.4566157,1730.24631
0.256516696,0.0112201325,0.00720513113,0.00100881236,-0.204851913,11.398881,1730.88219
0.256521628,0.0900387783,-0.0026825815,0.00989499824,-0.17655587,12.6765569,1726.32761
0.25657221,0.0101338132,0.00677171914,0.000842821473,-0.205828178,11.340169,1731.50941
0.256623999,0.00912036556,0.00632334341,0.000698076043,-0.206750723,11.2809972,1732.12308
0.256672314,0.00817490128,0.00586479628,0.000572666541,-0.207620789,11.2218258,1732.71931
0.256698906,0.0853696328,-0.00162265087,0.0102685814,-0.178131627,12.6796185,1726.06748
0.256717389,0.00729285993,0.00540037281,0.000464748398,-0.208439936,11.1630549,1733.29504
0.256759439,0.00646998704,0.00493387809,0.000372562402,-0.209209961,11.1050327,1733.84801
0.256798669,0.0057023135,0.00446864406,0.000294449238,-0.209932837,11.0480566,1734.37664
0.256835267,0.00498613648,0.00400755386,0.000228858762,-0.210610652,10.9923716,1734.87994
0.25686941,0.00431800152,0.00355307052,0.000174355093,-0.211245563,10.9381768,1735.35742
0.256888931,0.0803647536,-0.000536368628,0.0105181491,-0.179565557,12.6948112,1725.85155
0.256901263,0.00369468589,0.00310726855,0.000129618051,-0.211839753,10.8856313,1735.80902
0.256930979,0.00311318307,0.00267186695,9.34419627e-05,-0.212395406,10.8348567,1736.23498
0.256958702,0.0025706882,0.00224826265,6.47320379e-05,-0.212914676,10.7859437,1736.63582
0.256984565,0.00206458457,0.00183756341,4.25014625e-05,-0.213399668,10.738959,1737.01228
0.257008693,0.00159243101,0.00144061952,2.58550864e-05,-0.213852425,10.6939988,1737.36521
0.257031202,0.00115195011,0.00105805411,1.40018081e-05,-0.214274915,10.6510986,1737.69559
0.257052202,0.000741017226,0.00069029172,6.19271705e-06,-0.214669027,10.6105676,1738.00448
0.257071793,0.000357650242,0.000337583597,1.95841072e-06,-0.215036561,10.5739147,1738.29296
0.25709007,0,0,0,-0.215379263,10.5574097,1738.56215
0.25709262,0.075,0.000580580499,0.0106131732,-0.180904426,12.7207792,1725.66242
0.257296309,0.0696352464,0.00166171035,0.0105319012,-0.182130328,12.7555889,1725.49474
0.257486334,0.0646303672,0.00264851013,0.0102977027,-0.183247856,12.7949911,1725.34542
0.257663612,0.0599612217,0.00355597068,0.00994218746,-0.184326733,12.8348699,1725.2085
0.257828998,0.0556052884,0.00439196027,0.0094945467,-0.185409964,12.8722404,1725.08455
0.257983289,0.0515415566,0.00515892991,0.0089802126,-0.186522131,12.9055674,1724.97908
0.258127231,0.0477504251,0.00585592473,0.00842058471,-0.187675097,12.9336325,1724.90218
0.258261517,0.0442136074,0.00648013288,0.00783378199,-0.188872005,12.9553795,1724.8636
0.258386795,0.040914044,0.00702813784,0.00723492722,-0.190110143,12.970087,1724.87314
0.258503669,0.0378358195,0.00749685775,0.00663643326,-0.191383024,12.977343,1724.94091
0.258612702,0.0349640862,0.0078841274,0.00604829819,-0.192681918,12.9768613,1725.07375
0.258714422,0.0322849924,0.00818902202,0.00547840158,-0.19399697,12.9685429,1725.27536
0.258809318,0.0297856156,0.00841201415,0.00493277981,-0.195318027,12.9524795,1725.54673
0.25882874,0.15,0,0,-0.113376205,16.3567159,1724.41663
0.258837821,0.14964235,-0.000407362423,2.04133563e-06,-0.114179432,16.3480305,1724.82634
0.258847554,0.149258983,-0.000830441277,6.66516271e-06,-0.115038261,16.3263655,1725.26401
0.258857987,0.14884805,-0.00126864043,1.49319767e-05,-0.11595604,16.2996036,1725.73026
0.258869171,0.148407569,-0.00172116772,2.7624257e-05,-0.116936254,16.2703841,1726.22538
0.258881158,0.147935415,-0.00218697741,4.54843409e-05,-0.117982471,16.2386034,1726.74922
0.258894008,0.147429312,-0.00266474114,6.94035535e-05,-0.119098308,16.2040626,1727.3011
0.258897849,0.0274539002,0.00855496485,0.00441586493,-0.196635216,12.9289231,1725.88613
0.258907781,0.146886817,-0.00315281641,0.000100375308,-0.120287402,16.1665395,1727.87965
0.258922545,0.146305314,-0.0036492144,0.000139511198,-0.121553358,16.125787,1728.48269
0.258938371,0.145681998,-0.00415156781,0.000188048348,-0.122899704,16.081537,1729.10708
0.258955334,0.145013864,-0.00465710073,0.000247356946,-0.124329819,16.0335089,1729.7485
0.258973517,0.144297686,-0.00516260193,0.000318950691,-0.125846855,15.9814031,1730.40133
0.258980441,0.0252785992,0.00862100937,0.00393071641,-0.197939345,12.8982688,1726.28938
0.258993008,0.143530013,-0.00566440279,0.000404478393,-0.12745365,15.9249375,1731.05844
0.2590139,0.14270714,-0.00615836046,0.000505730981,-0.129152618,15.8637867,1731.71107
0.259036294,0.141825099,-0.0066398494,0.000624647912,-0.130945629,15.7976736,1732.34869
0.259057492,0.0232492201,0.0086143741,0.00347923071,-0.199222161,12.8610312,1726.75031
0.259060299,0.140879634,-0.00710376051,0.000763289307,-0.132833868,15.7264318,1732.95897
0.25908603,0.139866187,-0.00754451178,0.000923817631,-0.13481769,15.6498714,1733.52782
0.259113611,0.138779867,-0.00795607792,0.00110847982,-0.136896445,15.5678646,1734.03961
0.259129375,0.0213559743,0.00854015722,0.00306233348,-0.200476487,12.8178189,1727.26134
0.259143175,0.137615437,-0.00833204447,0.0013195752,-0.139068305,15.480401,1734.47757
0.259174864,0.136367278,-0.00866568459,0.00155940196,-0.141330072,15.3875987,1734.82443
0.259196436,0.0195897299,0.00840409779,0.00268015357,-0.201696288,12.7693076,1727.81395
0.259208833,0.13502937,-0.00895005315,0.00183019677,-0.143676994,15.2897313,1735.06342
0.259245244,0.133595261,-0.00917811066,0.00213405829,-0.146102576,15.1872559,1735.17947
0.259258998,0.0179419674,0.00821235192,0.00233217914,-0.20287666,12.7162134,1728.39926
0.259284273,0.132058033,-0.00934288115,0.00247285349,-0.148598409,15.080837,1735.16079
0.259317363,0.0164047389,0.0079712881,0.00201739603,-0.204013785,12.6592684,1729.00841
0.259326108,0.13041027,-0.00943764196,0.00284810568,-0.151154025,14.9713594,1735.00045
0.259370952,0.128644026,-0.00945614591,0.00326086261,-0.153756793,14.8599325,1734.69802
0.259371814,0.0149706296,0.00768730906,0.00173440885,-0.205104846,12.5991996,1729.63296
0.25941902,0.12675078,-0.00939287416,0.00371154343,-0.156391875,14.7478744,1734.26061
0.259422611,0.0136327222,0.0073667035,0.00148154556,-0.206147932,12.5367107,1730.26506
0.259470001,0.0123845633,0.007015528,0.00125694639,-0.207141932,12.4724687,1730.89769
0.259470544,0.124721401,-0.00924331478,0.00419976557,-0.159042259,14.6366769,1733.7032
0.259514212,0.0112201325,0.00663951756,0.00105863834,-0.208086422,12.4070929,1731.52471
0.259525773,0.1225461,-0.0090042577,0.00472415328,-0.16168889,14.5279525,1733.04805
0.259555458,0.0101338132,0.00624402207,0.000884596511,-0.20898156,12.3411484,1732.1409
0.259584974,0.120214384,-0.00867409111,0.00528213023,-0.164310928,14.4233685,1732.32282
0.259593936,0.00912036556,0.00583396511,0.000732793586,-0.209827986,12.2751423,1732.74198
0.259629834,0.00817490128,0.0054138215,0.00060123823,-0.21062673,12.209525,1733.32449
0.259648431,0.117715008,-0.00825307626,0.00586970014,-0.166886146,14.3245764,1731.55794
0.259663323,0.00729285993,0.00498761032,0.000488005635,-0.211379129,12.1446847,1733.8858
0.259694566,0.00646998704,0.00455890052,0.000391258759,-0.212086752,12.0809511,1734.42399
0.259716451,0.115035914,-0.00774356975,0.00648122566,-0.169391498,14.2331435,1730.78362
0.259723713,0.0057023135,0.00413082471,0.000309263999,-0.212751341,12.0186046,1734.93774
0.259750905,0.00498613648,0.0037060997,0.000240401165,-0.213374754,11.9578749,1735.42629
0.259776272,0.00431800152,0.0032870527,0.000183168149,-0.213958921,11.8989447,1735.88932
0.259789362,0.112164181,-0.00715015203,0.00710920016,-0.171803856,14.1504981,1730.02725
0.259799938,0.00369468589,0.00287564968,0.000136183177,-0.214505806,11.8419564,1736.3269
0.259822017,0.00311318307,0.00247352546,9.81836403e-05,-0.21501738,11.7870157,1736.73936
0.259842614,0.0025706882,0.00208201421,6.80224478e-05,-0.215495592,11.7341978,1737.12731
0.25986183,0.00206458457,0.00170217968,4.46652751e-05,-0.215942351,11.6835544,1737.4915
0.259867516,0.109085956,-0.00647960932,0.00774409847,-0.174100942,14.0778366,1729.31135
0.259879757,0.00159243101,0.00133484443,2.71731337e-05,-0.216359515,11.6351719,1737.83283
0.259896481,0.00115195011,0.000980617825,1.47166941e-05,-0.216748877,11.5890724,1738.15229
0.259912083,0.000741017226,0.000639922599,6.50678377e-06,-0.217112158,11.5455783,1738.45092
0.259926639,0.000357650242,0.000313018186,2.06067837e-06,-0.217451001,11.5062188,1738.7298
0.259940218,0,0,0,-0.217766997,11.4884514,1738.99002
0.259951289,0.105786393,-0.00574067946,0.00837415821,-0.176262449,14.0162074,1728.65248
0.260041086,0.102249575,-0.00494363698,0.00898521007,-0.178271344,13.966475,1728.06127
0.26013734,0.0984584434,-0.00409949195,0.00956047843,-0.180115356,13.9291895,1727.54266
0.260240515,0.0943947116,-0.00321885125,0.0100808902,-0.181788646,13.9043976,1727.09618
0.260351109,0.0900387783,-0.00231073738,0.0105247388,-0.183293689,13.8925024,1726.71683
0.260469655,0.0853696328,-0.00138065408,0.0108668876,-0.184643428,13.8935416,1726.39578
0.260596725,0.0803647536,-0.000429549398,0.01107995,-0.185863872,13.905615,1726.12167
0.260732932,0.075,0.000548139134,0.0111343306,-0.186997418,13.9271296,1725.88216
0.260869138,0.0696352464,0.00149709804,0.0110123884,-0.188033052,13.9566172,1725.6796
0.260996208,0.0646303672,0.00236749508,0.0107414299,-0.188979159,13.9898224,1725.51428
0.261114754,0.0599612217,0.00317287027,0.0103528371,-0.18989775,14.0224728,1725.37883
0.261225348,0.0556052884,0.00392006108,0.0098751139,-0.190826992,14.0520397,1725.27186
0.261328523,0.0515415566,0.00461066684,0.00933291047,-0.191788605,14.0769967,1725.19642
0.261424777,0.0477504251,0.00524304165,0.00874714679,-0.19279293,14.0960283,1725.15929
0.261514574,0.0442136074,0.00581369361,0.00813559825,-0.19384248,14.1081889,1725.16852
0.261598347,0.040914044,0.00631857558,0.00751311194,-0.194934484,14.1128419,1725.23138
0.261676501,0.0378358195,0.00675399208,0.00689196455,-0.196062751,14.1096339,1725.35367
0.261749412,0.0349640862,0.00711713353,0.00628208162,-0.197219037,14.0983789,1725.5395
0.261817432,0.0322849924,0.00740641881,0.00569134859,-0.198394062,14.0790985,1725.79058
0.261880889,0.0297856156,0.00762164835,0.00512583512,-0.199578261,14.0519914,1726.10632
0.26194009,0.0274539002,0.00776399806,0.00459002475,-0.20076231,14.0174146,1726.48389
0.261995319,0.0252785992,0.0078359114,0.00408702861,-0.201937507,13.975859,1726.91851
0.262046844,0.0232492201,0.00784092461,0.00361878677,-0.203096002,13.9279231,1727.40382
0.262094912,0.0213559743,0.00778345597,0.00318625538,-0.204230939,13.8742854,1727.93239
0.262139755,0.0195897299,0.00766858311,0.00278957875,-0.205336516,13.8156773,1728.49615
0.262181591,0.0179419674,0.00750182657,0.00242824537,-0.206407979,13.7528566,1729.08679
0.262220619,0.0164047389,0.00728895124,0.0021012273,-0.207441586,13.6865849,1729.69618
0.26225703,0.0149706296,0.00703579319,0.00180710298,-0.20843453,13.6176076,1730.31657
0.262290999,0.0136327222,0.00674811485,0.00154416373,-0.209384854,13.5466377,1730.94088
0.262322689,0.0123845633,0.00643148926,0.00131050466,-0.210291352,13.4743439,1731.56278
0.262352253,0.0112201325,0.00609121177,0.00110410109,-0.211153467,13.4013419,1732.17677
0.262379833,0.0101338132,0.00573223664,0.000922871536,-0.211971197,13.3281884,1732.77822
0.262405564,0.00912036556,0.00535913518,0.000764728927,-0.212744996,13.2553786,1733.36333
0.262429569,0.00817490128,0.0049760722,0.000627620688,-0.213475692,13.1833468,1733.92911
0.262451963,0.00729285993,0.00458679666,0.000509559377,-0.214164409,13.1124699,1734.47327
0.262472855,0.00646998704,0.00419464475,0.000408646491,-0.2148125,13.0430586,1734.9942
0.262492346,0.0057023135,0.00380255174,0.000323088626,-0.215421484,12.9753719,1735.49083
0.262510529,0.00498613648,0.0034130697,0.000251207428,-0.215993002,12.9096264,1735.9626
0.262527492,0.00431800152,0.00302839035,0.000191445386,-0.216528767,12.8459881,1736.40933
0.262543318,0.00369468589,0.00265037089,0.000142368178,-0.217030535,12.7845814,1736.83119
0.262558082,0.00311318307,0.00228056115,0.000102664225,-0.21750007,12.7254956,1737.22861
0.262571855,0.0025706882,0.00192023147,7.11408788e-05,-0.217939126,12.6687902,1737.60224
0.262584705,0.00206458457,0.00157040029,4.67220489e-05,-0.218349428,12.6145019,1737.95287
0.262596692,0.00159243101,0.00123186106,2.84297018e-05,-0.218732655,12.5627074,1738.2814
0.262607876,0.00115195011,0.000905207905,1.54004412e-05,-0.219090431,12.5134151,1738.58883
0.262618309,0.000741017226,0.000590860303,6.80765684e-06,-0.219424318,12.4669628,1738.87618
0.262628042,0.000357650242,0.000289084437,2.15979254e-06,-0.219735811,12.4248871,1739.14451
0.262637123,0,0,0,-0.220026351,12.4058753,1739.39489
0.263309907,0.15,0,0,-0.12838517,17.8339002,1726.65609
0.263314388,0.14964235,-0.000363355871,2.44099328e-06,-0.129096575,17.8220349,1727.01619
0.26331919,0.149258983,-0.000740454688,7.92394575e-06,-0.129857205,17.7933579,1727.4009
0.263324338,0.14884805,-0.00113072776,1.77457085e-05,-0.130670031,17.7588745,1727.81074
0.263329856,0.148407569,-0.00153342249,3.27660114e-05,-0.131538133,17.7215442,1728.24595
0.263335771,0.147935415,-0.00194755736,5.3849038e-05,-0.132464656,17.6813342,1728.70637
0.263342111,0.147429312,-0.00237189701,8.20076188e-05,-0.133452791,17.6380721,1729.19135
0.263348908,0.146886817,-0.00280492484,0.000118364408,-0.134505738,17.5915735,1729.69964
0.263356192,0.146305314,-0.00324481544,0.000164162979,-0.135626669,17.5416276,1730.22921
0.263364001,0.145681998,-0.00368940757,0.000220775261,-0.136818679,17.4880051,1730.77718
0.263372371,0.145013864,-0.00413617955,0.000289705944,-0.138084724,17.4304629,1731.3396
0.263381343,0.144297686,-0.00458222716,0.000372597539,-0.139427556,17.3687476,1731.91131
0.26339096,0.143530013,-0.00502424564,0.0004712272,-0.140849637,17.302629,1732.48579
0.263401268,0.14270714,-0.00545851621,0.000587496864,-0.142353044,17.2319065,1733.05499
0.263412318,0.141825099,-0.00588089698,0.000723425545,-0.143939361,17.1563853,1733.60926
0.263424162,0.140879634,-0.00628682804,0.000881133306,-0.145609556,17.0758994,1734.13726
0.263436858,0.139866187,-0.00667135097,0.00106281699,-0.147363843,16.9903418,1734.62606
0.263450467,0.138779867,-0.00702913801,0.00127071556,-0.149201534,16.8996825,1735.0613
0.263465054,0.137615437,-0.00735453772,0.00150706541,-0.151120879,16.8039874,1735.42757
0.26348069,0.136367278,-0.00764164139,0.00177404438,-0.1531189,16.7034428,1735.70903
0.263497451,0.13502937,-0.00788437303,0.00207370232,-0.155191221,16.5983812,1735.89033
0.263515417,0.133595261,-0.00807660442,0.00240787622,-0.157331903,16.4893077,1735.95773
0.263534674,0.132058033,-0.00821229754,0.00277808904,-0.159533294,16.376918,1735.90055
0.263555317,0.13041027,-0.0082856758,0.00318543224,-0.1617859,16.2621091,1735.71264
0.263577443,0.128644026,-0.00829142352,0.00363043112,-0.164078298,16.1459786,1735.39378
0.26360116,0.12675078,-0.00822491224,0.0041128928,-0.166397093,16.0298087,1734.95067
0.263626583,0.124721401,-0.00808244916,0.0046317386,-0.168726958,15.9150316,1734.39706
0.263653834,0.1225461,-0.00786153842,0.00518482383,-0.171050754,15.803179,1733.75306
0.263683045,0.120214384,-0.00756114072,0.00576874919,-0.173349765,15.6958215,1733.04344
0.263714356,0.117715008,-0.00718190932,0.00637867003,-0.175604059,15.5945036,1732.29514
0.263747918,0.115035914,-0.00672637276,0.00700811243,-0.177792995,15.5006828,1731.53467
0.263783893,0.112164181,-0.00619902521,0.00764880243,-0.17989589,15.415679,1730.78589
0.263822456,0.109085956,-0.00560628029,0.00829052899,-0.181892847,15.3406226,1730.06843
0.263863791,0.105786393,-0.00495622484,0.00892104477,-0.183765753,15.2764191,1729.39695
0.263908098,0.102249575,-0.00425815364,0.00952595444,-0.185499435,15.2238119,1728.78121
0.263955591,0.0984584434,-0.00352187198,0.0100884831,-0.187082981,15.1833225,1728.22644
0.264006499,0.0943947116,-0.00275665706,0.0105899774,-0.188511216,15.1546746,1727.73382
0.264061068,0.0900387783,-0.00197010161,0.0110093828,-0.189786373,15.1380517,1727.30103
0.264119561,0.0853696328,-0.00116597997,0.0113233914,-0.190920017,15.13325,1726.92303
0.264182259,0.0803647536,-0.000344484472,0.0115063925,-0.191935406,15.1390209,1726.59311
0.264249466,0.075,0.000500898667,0.0115281282,-0.19287048,15.1537005,1726.3037
0.264316672,0.0696352464,0.00132530974,0.0113745926,-0.193720888,15.1744373,1726.06468
0.26437937,0.0646303672,0.00208615022,0.0110771949,-0.194499112,15.1978051,1725.88006
0.264437863,0.0599612217,0.00279538277,0.0106658936,-0.195260089,15.2204013,1725.74088
0.264492432,0.0556052884,0.00345891732,0.0101678344,-0.196037588,15.2396732,1725.64432
0.26454334,0.0515415566,0.00407742875,0.00960698788,-0.196850761,15.2539015,1725.59181
0.264590833,0.0477504251,0.00464860919,0.00900372782,-0.197708607,15.2617117,1725.58704
0.26463514,0.0442136074,0.00516838141,0.00837542523,-0.198613105,15.2622783,1725.63471
0.264676475,0.040914044,0.00563216551,0.00773662024,-0.199561474,15.2550577,1725.73913
0.264715038,0.0378358195,0.00603572842,0.00709945347,-0.200547823,15.2397593,1725.90355
0.264751013,0.0349640862,0.00637570867,0.00647381902,-0.201564385,15.2162839,1726.12978
0.264784575,0.0322849924,0.00664994726,0.00586764289,-0.202602427,15.1847538,1726.41776
0.264815886,0.0297856156,0.00685763512,0.00528707073,-0.203652936,15.1454635,1726.76559
0.264845096,0.0274539002,0.00699931465,0.0047366793,-0.204707107,15.0988616,1727.16957
0.264872347,0.0252785992,0.00707678092,0.00421967255,-0.205756686,15.045521,1727.62448
0.26489777,0.0232492201,0.00709291711,0.00373807357,-0.206794199,14.9861104,1728.12388
0.264921488,0.0213559743,0.00705149405,0.00329290637,-0.207813079,14.9213651,1728.66056
0.264943614,0.0195897299,0.0069569571,0.00288436593,-0.208807729,14.8520598,1729.22687
0.264964257,0.0179419674,0.00681421775,0.00251197429,-0.209773525,14.7789829,1729.81509
0.264983514,0.0164047389,0.00662846176,0.00217472114,-0.21070678,14.7029153,1730.41771
0.26500148,0.0149706296,0.00640498093,0.00187118842,-0.211604682,14.6246117,1731.02768
0.265018241,0.0136327222,0.00614903186,0.00159965886,-0.212465217,14.5447868,1731.63858
0.265033877,0.0123845633,0.00586572246,0.00135820889,-0.213287074,14.4641043,1732.24472
0.265048464,0.0112201325,0.00555992471,0.00114478689,-0.21406956,14.3831698,1732.84118
0.265062073,0.0101338132,0.00523621139,0.000957278013,-0.214812504,14.302527,1733.42385
0.265074769,0.00912036556,0.00489881361,0.000793556633,-0.215516174,14.2226556,1733.98939
0.265086613,0.00817490128,0.00455159587,0.000651528452,-0.216181196,14.1439713,1734.53519
0.265097663,0.00729285993,0.00419804526,0.00052916155,-0.216808484,14.0668313,1735.05929
0.265107971,0.00646998704,0.00384127167,0.000424512278,-0.217399173,13.9915325,1735.56034
0.265117588,0.0057023135,0.0034840181,0.000335740985,-0.217954567,13.9183138,1736.03749
0.26512656,0.00498613648,0.00312867577,0.000261123351,-0.218476089,13.8473696,1736.49033
0.26513493,0.00431800152,0.00277730342,0.00019905794,-0.218965241,13.7788506,1736.91883
0.265142739,0.00369468589,0.00243165102,0.000148067391,-0.219423573,13.7128641,1737.32322
0.265150023,0.00311318307,0.00209318426,0.000106799159,-0.21985265,13.6494824,1737.70401
0.265156819,0.0025706882,0.00176310979,7.40218677e-05,-0.220254037,13.5887494,1738.06187
0.26516316,0.00206458457,0.00144240036,4.86233689e-05,-0.220629275,13.5306866,1738.39761
0.265169075,0.00159243101,0.00113181937,2.95912738e-05,-0.22097987,13.4753614,1738.71213
0.265174593,0.00115195011,0.000831944509,1.60320992e-05,-0.221307284,13.4227683,1739.00642
0.265179741,0.000741017226,0.000543190411,7.08448492e-06,-0.221612923,13.3732617,1739.28148
0.265184543,0.000357650242,0.000265828233,2.25149515e-06,-0.221898138,13.3283739,1739.53833
0.265189024,0,0,0,-0.222164226,13.3080243,1739.77801
0.267412063,0.15,0,0,-0.142124779,19.2369988,1728.70615
0.26741252,0.14964235,-0.000318761108,2.77316663e-06,-0.142750362,19.2222407,1729.02007
0.26741301,0.149258983,-0.000649325055,8.97397454e-06,-0.143419214,19.187168,1729.35549
0.267413535,0.14884805,-0.000991177732,2.01059375e-05,-0.144133958,19.1457149,1729.71285
0.267414098,0.148407569,-0.00134363503,3.7079082e-05,-0.144897297,19.1011491,1730.09236
0.267414701,0.147935415,-0.00170581246,6.08468583e-05,-0.145711994,19.0535072,1730.49388
0.267415348,0.147429312,-0.00207660368,9.25080845e-05,-0.146580845,19.002634,1730.91681
0.267416041,0.146886817,-0.00245465631,0.000133276717,-0.147506656,18.9483875,1731.36002
0.267416784,0.146305314,-0.00283834817,0.000184487125,-0.148492206,18.8905959,1731.82171
0.26741758,0.145681998,-0.003225765,0.000247601547,-0.149540201,18.8290524,1732.29927
0.267418434,0.145013864,-0.00361467949,0.000324214552,-0.150653224,18.7635506,1732.78917
0.267419349,0.144297686,-0.00400253206,0.000416050535,-0.151833675,18.6939018,1733.28676
0.26742033,0.143530013,-0.00438641467,0.000524958565,-0.153083692,18.619922,1733.78615
0.267421381,0.14270714,-0.0047630602,0.000652903608,-0.15440507,18.5414395,1734.2801
0.267422508,0.141825099,-0.00512883973,0.000801951235,-0.155799166,18.4583123,1734.75985
0.267423716,0.140879634,-0.00547976732,0.000974245062,-0.157266784,18.3704396,1735.21516
0.267425011,0.139866187,-0.0058115141,0.00117197642,-0.15880806,18.2777742,1735.63427
0.267426399,0.138779867,-0.00611943583,0.00139734505,-0.160422323,18.1803404,1736.00414
0.267427887,0.137615437,-0.00639861581,0.00165250895,-0.162107958,18.0782546,1736.31075
0.267429482,0.136367278,-0.00664392508,0.00193952201,-0.163862255,17.9717481,1736.53966
0.267431191,0.13502937,-0.00685010266,0.0022602583,-0.16568126,17.8611901,1736.67689
0.267433023,0.133595261,-0.00701185814,0.00261632235,-0.167559627,17.7471081,1736.70988
0.267434987,0.132058033,-0.00712399867,0.0030089443,-0.169490485,17.6302057,1736.62886
0.267437093,0.13041027,-0.00718158163,0.00343885907,-0.171465321,17.511374,1736.42818
0.267439349,0.128644026,-0.00718009242,0.00390617046,-0.173473905,17.3916873,1736.10752
0.267441769,0.12675078,-0.00711564564,0.00441020161,-0.175504251,17.272385,1735.67278
0.267444361,0.124721401,-0.00698520494,0.00494933405,-0.17754265,17.1548389,1735.13618
0.267447141,0.1225461,-0.00678681258,0.00552083871,-0.17957378,17.0405069,1734.51557
0.26745012,0.120214384,-0.00651981469,0.00612070487,-0.181580911,16.9308752,1733.83283
0.267453313,0.117715008,-0.00618506189,0.00674347466,-0.183546229,16.8273981,1733.11165
0.267456737,0.115035914,-0.00578505784,0.00738209224,-0.185451282,16.7314407,1732.37525
0.267460406,0.112164181,-0.00532402198,0.00802777907,-0.187277576,16.6442308,1731.64439
0.267464339,0.109085956,-0.00480782692,0.00866993328,-0.189007304,16.5668305,1730.93618
0.267468555,0.105786393,-0.0042437657,0.00929607884,-0.190624236,16.5000884,1730.26361
0.267473073,0.102249575,-0.00364007581,0.00989183126,-0.192114744,16.444562,1729.63566
0.267477917,0.0984584434,-0.00300536744,0.0104407513,-0.193468969,16.4007072,1729.05774
0.267483109,0.0943947116,-0.00234756474,0.0109248454,-0.194682141,16.3682975,1728.53212
0.267488675,0.0900387783,-0.00167277745,0.0113230442,-0.195756068,16.3475939,1728.05852
0.267494641,0.0853696328,-0.000983284627,0.011614439,-0.196700868,16.3359853,1727.63478
0.267501035,0.0803647536,-0.000279489023,0.0117762143,-0.197537123,16.3349034,1727.2577
0.26750789,0.075,0.000445914193,0.0117757824,-0.198298587,16.3437113,1726.92383
0.267514744,0.0696352464,0.00115798716,0.0116022517,-0.1989865,16.3546689,1726.65002
0.267521139,0.0646303672,0.0018198286,0.0112908266,-0.199616834,16.3680699,1726.44435
0.267527105,0.0599612217,0.00244152634,0.0108684421,-0.200238324,16.3814561,1726.29724
0.26753267,0.0556052884,0.00302828295,0.0103608476,-0.200880908,16.3907763,1726.20447
0.267537863,0.0515415566,0.00358006678,0.00979168239,-0.201561519,16.3946532,1726.16545
0.267542706,0.0477504251,0.00409403035,0.00918053928,-0.202288017,16.3917139,1726.18151
0.267547225,0.0442136074,0.00456569136,0.00854434786,-0.203061959,16.3812474,1726.25479
0.267551441,0.040914044,0.00499013533,0.0078973569,-0.203880601,16.3627664,1726.38721
0.267555374,0.0378358195,0.00536275581,0.00725158447,-0.204738374,16.3360447,1726.5799
0.267559043,0.0349640862,0.00567978291,0.00661692858,-0.205627981,16.3010638,1726.83281
0.267562466,0.0322849924,0.00593860469,0.00600139171,-0.206541233,16.2580322,1727.14442
0.26756566,0.0297856156,0.00613791079,0.00541123735,-0.207469659,16.207331,1727.51174
0.267568639,0.0274539002,0.00627770196,0.00485117702,-0.208404965,16.1494904,1727.93037
0.267571418,0.0252785992,0.00635920266,0.00432454887,-0.209339347,16.0851568,1728.39475
0.267574011,0.0232492201,0.00638470918,0.00383349918,-0.210265708,16.0150611,1728.89843
0.26757643,0.0213559743,0.00635740164,0.0033791584,-0.211177778,15.939989,1729.43439
0.267578687,0.0195897299,0.0062811421,0.00296180901,-0.212070181,15.8607529,1729.99538
0.267580792,0.0179419674,0.00616027555,0.0025810416,-0.212938437,15.7781675,1730.57417
0.267582756,0.0164047389,0.00599944554,0.00223589683,-0.213778936,15.6930295,1731.16384
0.267584589,0.0149706296,0.00580343153,0.00192499184,-0.214588884,15.6061003,1731.75794
0.267586298,0.0136327222,0.00557701168,0.0016466309,-0.215366231,15.518094,1732.35062
0.267587893,0.0123845633,0.00532485175,0.00139890031,-0.216109591,15.429668,1732.93676
0.267589381,0.0112201325,0.00505141934,0.00117974851,-0.216818156,15.3414172,1733.51194
0.267590769,0.0101338132,0.00476092094,0.000987052501,-0.217491615,15.2538715,1734.07253
0.267592064,0.00912036556,0.00445725915,0.00081867183,-0.218130075,15.1674945,1734.61557
0.267593272,0.00817490128,0.00414400672,0.000672491872,-0.218733986,15.0826844,1735.13878
0.267594399,0.00729285993,0.00382439448,0.000546456982,-0.219304072,14.9997785,1735.64051
0.26759545,0.00646998704,0.00350130997,0.000438595022,-0.219841278,14.9190613,1736.11962
0.267596431,0.0057023135,0.00317730471,0.000347036417,-0.220346711,14.8407513,1736.57543
0.267597346,0.00498613648,0.00285460817,0.000270026202,-0.220821599,14.7650192,1737.00769
0.2675982,0.00431800152,0.00253514473,0.000205930922,-0.221267253,14.6920027,1737.41644
0.267598996,0.00369468589,0.00222055407,0.000153241593,-0.221685033,14.6217938,1737.80201
0.267599739,0.00311318307,0.00191221397,0.000110574194,-0.222076326,14.5544473,1738.16494
0.267600432,0.0025706882,0.00161126311,7.66671059e-05,-0.222442518,14.4899919,1738.5059
0.267601079,0.00206458457,0.00131862391,5.0379454e-05,-0.222784986,14.4284343,1738.82573
0.267601682,0.00159243101,0.00103502498,3.06708536e-05,-0.223105075,14.3698329,1739.12532
0.267602245,0.00115195011,0.000761022684,1.66232797e-05,-0.223404097,14.3141686,1739.4056
0.26760277,0.000741017226,0.000497022045,7.34537227e-06,-0.223683316,14.2618128,1739.66758
0.26760326,0.000357650242,0.00024329457,2.33910026e-06,-0.223943947,14.2142868,1739.91222
0.267603717,0,0,0,-0.224187154,14.1927198,1740.14052
0.269888579,0,0,0,-0.226101316,15.0590448,1740.48353
0.269891914,0.000357650242,0.000221513819,2.41652376e-06,-0.225879725,15.0818311,1740.26722
0.269895488,0.000741017226,0.000452419739,7.57468634e-06,-0.225642317,15.1319237,1740.03545
0.269899319,0.00115195011,0.000692544047,1.71444696e-05,-0.225388058,15.1870476,1739.7873
0.269903426,0.00159243101,0.000941617813,3.16220355e-05,-0.225115857,15.2456998,1739.5218
0.269907829,0.00206458457,0.00119924862,5.19243729e-05,-0.224824585,15.3074901,1739.23804
0.269912547,0.0025706882,0.00146490429,7.89886401e-05,-0.224513072,15.3724497,1738.93508
0.269917605,0.00311318307,0.00173789375,0.000113876786,-0.224180121,15.4405281,1738.61206
0.269923027,0.00369468589,0.00201734731,0.000157750788,-0.223824516,15.5117317,1738.26817
0.269928839,0.00431800152,0.00230219624,0.000211893854,-0.223445032,15.5860468,1737.90273
0.269935068,0.00498613648,0.00259115195,0.00027771113,-0.223040455,15.6634327,1737.51517
0.269941745,0.0057023135,0.00288268512,0.00035673127,-0.2226096,15.7438071,1737.10513
0.269948903,0.00646998704,0.00317500484,0.000450606691,-0.222151336,15.827056,1736.67247
0.269956575,0.00729285993,0.0034660414,0.000561109081,-0.221664619,15.9130297,1736.21737
0.269964799,0.00817490128,0.0037534307,0.000690121591,-0.221148523,16.0015186,1735.74034
0.269973614,0.00912036556,0.00403450149,0.000839626429,-0.220602286,16.0922602,1735.24233
0.269983063,0.0101338132,0.00430627072,0.00101168442,-0.220025356,16.1849373,1734.72476
0.269993192,0.0112201325,0.00456544632,0.00120841023,-0.219417448,16.2791694,1734.18963
0.270004048,0.0123845633,0.00480844056,0.00143193741,-0.218778607,16.3745102,1733.63954
0.270015686,0.0136327222,0.00503139675,0.00168437423,-0.218109272,16.4704463,1733.07774
0.27002816,0.0149706296,0.00523023251,0.00196774823,-0.217410355,16.5663961,1732.5082
0.270041531,0.0164047389,0.00540070228,0.00228393822,-0.216683312,16.6617119,1731.93556
0.270055864,0.0179419674,0.00553848188,0.00263459222,-0.215930222,16.7556842,1731.36514
0.270071227,0.0195897299,0.00563927705,0.00302103045,-0.21515386,16.8475491,1730.80287
0.270087695,0.0213559743,0.00569895672,0.00344413248,-0.21435776,16.9364997,1730.25518
0.270105347,0.0232492201,0.00571370964,0.00390420874,-0.213546261,17.0217007,1729.72884
0.270124268,0.0252785992,0.00568022066,0.0044008571,-0.212724531,17.1023086,1729.23075
0.27014455,0.0274539002,0.00559585922,0.00493280684,-0.211898555,17.177495,1728.76772
0.27016629,0.0297856156,0.00545886854,0.00549775323,-0.211075074,17.2464749,1728.34619
0.270189594,0.0322849924,0.00526853927,0.0060921878,-0.210261467,17.3085382,1727.97197
0.270214573,0.0349640862,0.00502534644,0.00671122854,-0.209465548,17.363083,1727.64998
0.270241348,0.0378358195,0.00473102337,0.0073484598,-0.208695274,17.4096531,1727.38409
0.270270048,0.040914044,0.00438854285,0.00799577346,-0.207958329,17.4479663,1727.17697
0.270300812,0.0442136074,0.00400197279,0.00864324546,-0.207261562,17.4779676,1727.03019
0.270333788,0.0477504251,0.00357616457,0.00927896189,-0.206610242,17.4998197,1726.9443
0.270369135,0.0515415566,0.00311624482,0.00988896097,-0.206007066,17.5140003,1726.91926
0.270407024,0.0556052884,0.00262694116,0.0104567925,-0.205450849,17.5211258,1726.95486
0.270447638,0.0599612217,0.00211150916,0.0109637696,-0.204934757,17.5225602,1727.05156
0.270491171,0.0646303672,0.00157056425,0.0113868747,-0.204443862,17.5191072,1727.21141
0.270537835,0.0696352464,0.00100042929,0.0117013544,-0.203951689,17.5159686,1727.43957
0.270587854,0.075,0.00039189239,0.0118834039,-0.203415155,17.5167439,1727.74563
0.270637873,0.0803647536,-0.000225355958,0.0118965976,-0.202814937,17.5159453,1728.11759
0.270684537,0.0853696328,-0.000821167641,0.0117491887,-0.202144584,17.524903,1728.53256
0.270728071,0.0900387783,-0.00140333727,0.011475136,-0.20137434,17.5443651,1728.9907
0.270768684,0.0943947116,-0.00197365148,0.0110948636,-0.200486283,17.5701186,1729.49255
0.270806573,0.0984584434,-0.00253023152,0.0106271981,-0.199471801,17.6075648,1730.03818
0.27084192,0.102249575,-0.00306819192,0.0100929853,-0.19832965,17.6559371,1730.62648
0.270874896,0.105786393,-0.00358094485,0.00950933273,-0.197064388,17.7155387,1731.25447
0.27090566,0.109085956,-0.00406118924,0.00889218289,-0.195685036,17.7859105,1731.91681
0.270934361,0.112164181,-0.00450176656,0.00825562728,-0.194203905,17.8666316,1732.60531
0.270961136,0.115035914,-0.00489629944,0.00761212961,-0.192635562,17.9569499,1733.30849
0.270986115,0.117715008,-0.00523959297,0.00697243185,-0.190995918,18.0558983,1734.01143
0.271009418,0.120214384,-0.00552784598,0.00634558553,-0.189301455,18.1623309,1734.69605
0.271031158,0.1225461,-0.00575872614,0.00573900334,-0.187568579,18.2749622,1735.34218
0.27105144,0.124721401,-0.0059313299,0.00515854911,-0.185813102,18.3924151,1735.92918
0.271070361,0.12675078,-0.00604606354,0.00460865838,-0.184049855,18.5132765,1736.43804
0.271088013,0.128644026,-0.00610447512,0.00409248072,-0.182292403,18.6361545,1736.8533
0.271104481,0.13041027,-0.00610906188,0.00361203405,-0.180552874,18.7597326,1737.16447
0.271119844,0.132058033,-0.00606307163,0.00316836267,-0.178841861,18.8828141,1737.36667
0.271134177,0.133595261,-0.00597031102,0.00276169183,-0.177168405,19.0043531,1737.46054
0.271147548,0.13502937,-0.00583496923,0.00239157427,-0.175540025,19.1234716,1737.45143
0.271160022,0.136367278,-0.00566146176,0.0020570251,-0.173962788,19.2394619,1737.34836
0.27117166,0.137615437,-0.00545429686,0.00175664328,-0.172441421,19.3517798,1737.16273
0.271182517,0.138779867,-0.00521796441,0.00148871864,-0.170979421,19.4600287,1736.90723
0.271192645,0.139866187,-0.0049568461,0.00125132451,-0.169579192,19.563941,1736.59488
0.271202094,0.140879634,-0.0046751454,0.00104239655,-0.168242176,19.6633574,1736.23826
0.271210909,0.141825099,-0.00437683546,0.000859798548,-0.166968984,19.758207,1735.84908
0.271219133,0.14270714,-0.00406562218,0.000701376297,-0.165759523,19.8484893,1735.43782
0.271226805,0.143530013,-0.00374492059,0.000565000826,-0.164613108,19.9342572,1735.01364
0.271233963,0.144297686,-0.00341784191,0.000448602045,-0.163528576,20.0156041,1734.58429
0.27124064,0.145013864,-0.00308718987,0.000350194113,-0.162504377,20.092652,1734.1562
0.27124687,0.145681998,-0.00275546415,0.000267893874,-0.16153866,20.1655427,1733.73456
0.271252681,0.146305314,-0.00242486909,0.000199932896,-0.160629348,20.2344275,1733.32347
0.271258103,0.146886817,-0.00209732611,0.000144664301,-0.159774201,20.2994605,1732.92604
0.271263161,0.147429312,-0.00177448994,0.000100566996,-0.158970871,20.3608142,1732.54454
0.27126788,0.147935415,-0.0014577659,6.62473081e-05,-0.158216949,20.4186614,1732.18054
0.271272282,0.148407569,-0.00114832863,4.04313601e-05,-0.157510001,20.4731119,1731.83504
0.271276389,0.14884805,-0.00084714296,2.19607925e-05,-0.156847598,20.5242758,1731.50853
0.27128022,0.149258983,-0.000554984278,9.80967551e-06,-0.156227346,20.572041,1731.20114
0.271283795,0.14964235,-0.000272455315,3.0478412e-06,-0.155646899,20.6130197,1730.91268
0.271287129,0.15,0,0,-0.155103962,20.6305313,1730.64275
0.272050591,0,0,0,-0.227912559,15.9057793,1740.80807
0.272057144,0.000357650242,0.000200551608,2.48391205e-06,-0.227711054,15.9296682,1740.60418
0.272064168,0.000741017226,0.000409514969,7.77176221e-06,-0.227495223,15.9820782,1740.38575
0.272071697,0.00115195011,0.000626709835,1.75903199e-05,-0.227264143,16.0396894,1740.15191
0.272079767,0.00159243101,0.000851876166,3.24303939e-05,-0.227016844,16.1010229,1739.90175
0.272088418,0.00206458457,0.00108464027,5.322881e-05,-0.226752314,16.1656696,1739.63439
0.272097691,0.0025706882,0.00132449992,8.09355057e-05,-0.226469518,16.2336724,1739.34895
0.27210763,0.00311318307,0.00157080682,0.000116626647,-0.226167392,16.3049874,1739.0446
0.272118284,0.00369468589,0.00182274863,0.000161476951,-0.225844862,16.3796335,1738.72055
0.272129705,0.00431800152,0.00207933039,0.000216781737,-0.225500853,16.4576101,1738.37613
0.272141946,0.00498613648,0.00233935554,0.000283955736,-0.225134304,16.5388871,1738.01077
0.272155068,0.0057023135,0.00260140604,0.000364535996,-0.224744188,16.6233972,1737.62407
0.272169133,0.00646998704,0.00286382483,0.00046018008,-0.224329535,16.7110486,1737.21587
0.272184209,0.00729285993,0.00312470016,0.000572661296,-0.223889462,16.8017038,1736.78623
0.27220037,0.00817490128,0.00338185019,0.000703860872,-0.223423206,16.8951657,1736.33558
0.272217692,0.00912036556,0.00363281355,0.000855752636,-0.222930161,16.9911925,1735.86469
0.27223626,0.0101338132,0.00387484566,0.00103038434,-0.222409927,17.089485,1735.3748
0.272256164,0.0112201325,0.00410492277,0.00122985074,-0.221862358,17.1896804,1734.86766
0.272277498,0.0123845633,0.0043197564,0.00145625792,-0.221287625,17.2913496,1734.34559
0.272300367,0.0136327222,0.0045158209,0.00171167798,-0.220686271,17.3939945,1733.81149
0.272324879,0.0149706296,0.00468939692,0.00199809227,-0.220059286,17.4970467,1733.26896
0.272351155,0.0164047389,0.00483663355,0.00231732174,-0.219408173,17.5998678,1732.72222
0.272379319,0.0179419674,0.00495363152,0.00267094292,-0.218735017,17.7017525,1732.17615
0.272409509,0.0195897299,0.00503654907,0.00306018867,-0.218042553,17.8019345,1731.63623
0.27244187,0.0213559743,0.00508173076,0.00348583299,-0.21733422,17.8995966,1731.10844
0.272476557,0.0232492201,0.00508585754,0.00394806036,-0.216614202,17.9938839,1730.59917
0.272513739,0.0252785992,0.00504611393,0.00444632101,-0.215887448,18.0839226,1730.11499
0.272553594,0.0274539002,0.00496036462,0.00497917526,-0.215159654,18.1688439,1729.66252
0.272596316,0.0297856156,0.00482732936,0.00554413126,-0.214437206,18.2478118,1729.24816
0.272642108,0.0322849924,0.00464674045,0.0061374826,-0.213727066,18.3200566,1728.87787
0.272691194,0.0349640862,0.00441946288,0.00675415156,-0.21303658,18.3849107,1728.55697
0.272743809,0.0378358195,0.00414755316,0.00738754912,-0.212373214,18.4418497,1728.28995
0.272800208,0.040914044,0.00383422994,0.0080294455,-0.211744166,18.4905251,1728.08038
0.272860661,0.0442136074,0.00348372751,0.00866988115,-0.211155861,18.5308205,1727.9309
0.272925462,0.0477504251,0.00310099902,0.00929704475,-0.210613273,18.5628543,1727.84335
0.272994922,0.0515415566,0.00269122884,0.00989725987,-0.210119042,18.5870772,1727.81901
0.273069377,0.0556052884,0.00225920552,0.0104545949,-0.209672307,18.6040613,1727.85901
0.273149185,0.0599612217,0.00180842108,0.0109511644,-0.209267135,18.6152051,1727.96495
0.273234732,0.0646303672,0.00133997363,0.0113651099,-0.208890378,18.6213818,1728.13974
0.27332643,0.0696352464,0.000851619012,0.0116731478,-0.208518629,18.6277933,1728.3888
0.273424722,0.075,0.000334890176,0.011852659,-0.208113822,18.6371944,1728.72126
0.273523013,0.0803647536,-0.000187613489,0.0118688409,-0.207653879,18.6445215,1729.12158
0.273614711,0.0853696328,-0.000688559795,0.0117296001,-0.207127994,18.6603321,1729.56225
0.273700258,0.0900387783,-0.00117547782,0.0114669463,-0.206510045,18.6855699,1730.04114
0.273780066,0.0943947116,-0.00165284548,0.0111004913,-0.205784566,18.7168547,1730.55702
0.273854521,0.0984584434,-0.00211885631,0.0106479887,-0.204944364,18.7587463,1731.10867
0.273923981,0.102249575,-0.00256970267,0.0101288963,-0.203988775,18.8108072,1731.69414
0.273988782,0.105786393,-0.00299990638,0.00955951477,-0.20292224,18.8736116,1732.31018
0.274049235,0.109085956,-0.00340335346,0.0089551262,-0.201753092,18.9469137,1732.95168
0.274096359,0,0,0,-0.229626418,16.7319155,1741.11513
0.274105364,0.000357650242,0.000180445965,2.54103649e-06,-0.229443338,16.756708,1740.9239
0.274105634,0.112164181,-0.00377400057,0.00832938889,-0.200492513,19.0302833,1733.61124
0.274115016,0.000741017226,0.00036840563,7.93535323e-06,-0.22924729,16.8110827,1740.71907
0.274125362,0.00115195011,0.000563698045,1.79564373e-05,-0.229037453,16.8707877,1740.49981
0.274136452,0.00159243101,0.00076607691,3.30858145e-05,-0.228812959,16.9343718,1740.26528
0.27414834,0.00206458457,0.000975192389,5.42733084e-05,-0.228572908,17.0014075,1740.01465
0.274158249,0.115035914,-0.00410639412,0.00769451542,-0.199153613,19.1230409,1734.27871
0.274161082,0.0025706882,0.00119057744,8.24744178e-05,-0.228316377,17.0719475,1739.74708
0.27417474,0.00311318307,0.00141163173,0.000118771207,-0.228042423,17.1459539,1739.46178
0.274189381,0.00369468589,0.00163760515,0.000164342218,-0.227750098,17.2234575,1739.15801
0.274205074,0.00431800152,0.0018675807,0.000220484333,-0.227438455,17.3044674,1738.83509
0.274207335,0.117715008,-0.00439604469,0.00706116402,-0.197750623,19.2243024,1734.94103
0.274221896,0.00498613648,0.00210045672,0.000288611004,-0.227106568,17.3889572,1738.49248
0.274239927,0.0057023135,0.00233492905,0.000370254635,-0.226753545,17.4768824,1738.12977
0.274253128,0.120214384,-0.00463962927,0.00643843493,-0.196298223,19.3329923,1735.58243
0.274259255,0.00646998704,0.00256947543,0.000467064427,-0.226378555,17.5681677,1737.74675
0.274279973,0.00729285993,0.00280233986,0.000580801267,-0.225980852,17.6626784,1737.34345
0.274295849,0.1225461,-0.00483506638,0.00583388222,-0.19481097,19.4478916,1736.18538
0.27430218,0.00817490128,0.00303151912,0.000713327912,-0.225559805,17.7602381,1736.92017
0.274325984,0.00912036556,0.00325475521,0.000866594325,-0.22511494,17.8606215,1736.47759
0.274335704,0.124721401,-0.00498149174,0.00525357414,-0.193302855,19.5676865,1736.73201
0.2743515,0.0101338132,0.0034695326,0.00104261823,-0.224645977,17.963544,1736.01677
0.274372886,0.12675078,-0.00507916408,0.00470218711,-0.191786966,19.6910231,1737.20598
0.27437885,0.0112201325,0.00367308332,0.00124345699,-0.22415288,18.0686585,1735.53927
0.274407573,0.128644026,-0.00512932635,0.00418312715,-0.19027525,19.8165633,1737.59411
0.274408168,0.0123845633,0.00386240241,0.00147117144,-0.223635912,18.1755507,1735.04715
0.274439593,0.0136327222,0.0040342761,0.0017277795,-0.223095689,18.2837356,1734.54305
0.274439934,0.13041027,-0.00513404352,0.00369866865,-0.188778366,19.9430369,1737.88765
0.274470124,0.132058033,-0.00509603321,0.00325010173,-0.187305609,20.0692839,1738.08283
0.274473277,0.0149706296,0.00418532554,0.00201519811,-0.222533247,18.3926551,1734.03021
0.274498289,0.133595261,-0.00501850091,0.00283788018,-0.185864898,20.1942841,1738.18069
0.274509384,0.0164047389,0.00431206837,0.00233517189,-0.2219501,18.5016772,1733.51251
0.274524564,0.13502937,-0.00490498755,0.00246176423,-0.184462809,20.3171733,1738.18641
0.274548087,0.0179419674,0.00441100037,0.00268918714,-0.221348309,18.6100978,1732.99445
0.274549077,0.136367278,-0.00475923392,0.00212095391,-0.183104646,20.4372462,1738.10834
0.274571945,0.137615437,-0.00458506413,0.00181421007,-0.181794533,20.5539497,1737.95684
0.274589573,0.0195897299,0.00447869832,0.00307837024,-0.220730536,18.7171451,1732.4811
0.27459328,0.138779867,-0.00438628848,0.00153996199,-0.180535518,20.6668689,1737.74338
0.274613183,0.139866187,-0.00416662514,0.00129640077,-0.179329699,20.7757094,1737.47959
0.274631751,0.140879634,-0.00392963922,0.00108155923,-0.17817833,20.8802788,1737.1767
0.274634042,0.0213559743,0.00451194368,0.00350337014,-0.220100098,18.821988,1731.97808
0.274649074,0.141825099,-0.00367869735,0.000893378812,-0.177081947,20.9804681,1736.8451
0.274665234,0.14270714,-0.00341693583,0.000729764648,-0.176040472,21.0762349,1736.49405
0.274680311,0.143530013,-0.00314724038,0.000588630104,-0.175053315,21.1675891,1736.13159
0.274681709,0.0232492201,0.00450786526,0.00396422572,-0.219461,18.9237489,1731.49139
0.274694376,0.144297686,-0.00287223538,0.000467931946,-0.174119473,21.254581,1735.76454
0.274707497,0.145013864,-0.00259428095,0.00036569748,-0.173237606,21.3372912,1735.3985
0.274719739,0.145681998,-0.00231547617,0.000280044594,-0.172406118,21.4158231,1735.038
0.274731159,0.146305314,-0.00203766708,0.000209196389,-0.171623217,21.4902972,1734.68657
0.274732803,0.0252785992,0.00446409601,0.00446022028,-0.218817948,19.0215218,1731.02734
0.274741813,0.146886817,-0.00176245805,0.000151488922,-0.17088697,21.560845,1734.34692
0.274751752,0.147429312,-0.00149122597,0.000105381837,-0.170195354,21.6276269,1734.02098
0.274761025,0.147935415,-0.00122513756,6.94591254e-05,-0.169546292,21.6907804,1733.71009
0.274769676,0.148407569,-0.000965165624,4.24106138e-05,-0.168937688,21.7503435,1733.4151
0.274777746,0.14884805,-0.000712104216,2.30411319e-05,-0.16836745,21.8064051,1733.13641
0.274785275,0.149258983,-0.000466586995,1.02817635e-05,-0.167833515,21.8588286,1732.87411
0.274787571,0.0274539002,0.00437893649,0.00498972708,-0.218176336,19.1143953,1730.59234
0.274792299,0.14964235,-0.000229103528,3.19935057e-06,-0.167333865,21.9041647,1732.62804
0.274798852,0.15,0,0,-0.166866508,21.9237112,1732.39781
0.274846277,0.0297856156,0.00425151396,0.00555005137,-0.217542185,19.2014825,1730.19268
0.274909204,0.0322849924,0.00408192223,0.00613727698,-0.216922035,19.2819551,1729.83442
0.274976656,0.0349640862,0.00387132407,0.00674612414,-0.216322774,19.3550829,1729.5231
0.275048958,0.0378358195,0.00362199419,0.00736983104,-0.215751383,19.4202778,1729.26362
0.275126459,0.040914044,0.00333727929,0.00800005432,-0.215214591,19.4771315,1729.06016
0.275209533,0.0442136074,0.00302144913,0.00862681663,-0.21471841,19.5254727,1728.9161
0.27529858,0.0477504251,0.00267941322,0.00923842911,-0.214267528,19.5653648,1728.8341
0.27539403,0.0515415566,0.00231627381,0.00982151901,-0.213864511,19.5972605,1728.8163
0.275496344,0.0556052884,0.00193673413,0.0103607251,-0.213508766,19.6217544,1728.86464
0.275606014,0.0599612217,0.00154435841,0.0108388986,-0.213195145,19.6402408,1728.98132
0.27572357,0.0646303672,0.00114045262,0.0112358198,-0.212912048,19.6541224,1729.16958
0.275849578,0.0696352464,0.000723534646,0.0115297464,-0.21263875,19.6669742,1729.43466
0.275984648,0.075,0.000286341233,0.0116977866,-0.212341543,19.681054,1729.78487
0.276032132,0,0,0,-0.231248127,17.5372711,1741.40565
0.276043387,0.000357650242,0.000161247817,2.58061086e-06,-0.231082327,17.5629683,1741.22725
0.276055451,0.000741017226,0.000329175184,8.04585639e-06,-0.23090483,17.6191512,1741.03619
0.276068383,0.00115195011,0.000503606611,1.82056567e-05,-0.230714912,17.6807772,1740.83171
0.276082245,0.00159243101,0.000684313575,3.35292127e-05,-0.230511799,17.7464337,1740.61304
0.276097103,0.00206458457,0.00087097358,5.49734278e-05,-0.230294694,17.8156729,1740.37938
0.27611303,0.0025706882,0.00106315753,8.34925855e-05,-0.230062781,17.8885562,1740.12996
0.276119717,0.0803647536,-0.000152896309,0.0117091551,-0.211996456,19.695998,1730.20187
0.276130102,0.00311318307,0.00126031495,0.000120166873,-0.229815228,17.9650498,1739.86403
0.276148401,0.00369468589,0.00146175887,0.000166169721,-0.229551204,18.0451934,1739.5809
0.276168016,0.00431800152,0.00166665011,0.00022278873,-0.229269882,18.1290015,1739.27993
0.276189042,0.00498613648,0.00187397972,0.00029142589,-0.22897046,18.2164644,1738.96058
0.27621158,0.0057023135,0.00208255427,0.000373597473,-0.228652172,18.3075531,1738.62246
0.276235738,0.00646998704,0.00229098099,0.000470930879,-0.228314313,18.4021958,1738.26535
0.276245726,0.0853696328,-0.000571852436,0.0115730832,-0.211589456,19.716466,1730.65519
0.276261633,0.00729285993,0.00249765187,0.000585160994,-0.227956264,18.5002731,1737.88922
0.27628939,0.00817490128,0.00270073325,0.000718117755,-0.227577519,18.6016269,1737.49433
0.276319143,0.00912036556,0.00289815881,0.00087171309,-0.227177722,18.7060471,1737.08127
0.276351035,0.0101338132,0.00308762798,0.00104791964,-0.226756704,18.8132655,1736.65096
0.276363282,0.0900387783,-0.000977858754,0.0113172158,-0.211097606,19.7442032,1731.14126
0.276385221,0.0112201325,0.00326661244,0.00124874248,-0.226314529,18.9229515,1736.2048
0.276421865,0.0123845633,0.00343237262,0.00147618217,-0.225851543,19.0347066,1735.74465
0.276461143,0.0136327222,0.00358198684,0.00173218727,-0.225368428,19.1480598,1735.27291
0.276472952,0.0943947116,-0.00137533503,0.0109612107,-0.210507569,19.7795684,1731.65781
0.276503246,0.0149706296,0.00371239542,0.00201859486,-0.224866257,19.2624642,1734.79254
0.276548377,0.0164047389,0.003820462,0.00233705729,-0.224346555,19.3772949,1734.30711
0.276575265,0.0984584434,-0.00176316433,0.010522548,-0.209813395,19.8241636,1732.20289
0.276596752,0.0179419674,0.00390305364,0.00268895396,-0.223811353,19.4918495,1733.82078
0.276648606,0.0195897299,0.00395714048,0.00307528714,-0.223263244,19.6053507,1733.33828
0.276670715,0.102249575,-0.00213858127,0.0100187066,-0.209014931,19.8786039,1732.77421
0.276704188,0.0213559743,0.00397991398,0.00349656208,-0.222705426,19.7169543,1732.86487
0.276759762,0.105786393,-0.00249701719,0.0094652476,-0.208116515,19.943343,1733.36848
0.276763767,0.0232492201,0.00396892135,0.00395265266,-0.222141732,19.8257605,1732.40623
0.27682763,0.0252785992,0.00392221108,0.00444265554,-0.221576642,19.9308315,1731.96837
0.276842836,0.109085956,-0.00283339747,0.00887662965,-0.207125886,20.0181846,1733.98098
0.276896085,0.0274539002,0.00383848212,0.00496473796,-0.221015263,20.0312156,1731.55745
0.276920337,0.112164181,-0.00314267448,0.00826595028,-0.206053242,20.1028809,1734.60504
0.276969462,0.0297856156,0.003717226,0.00551598557,-0.220463276,20.1259772,1731.17966
0.276992639,0.115035914,-0.003420239,0.00764501734,-0.204910416,20.1968385,1735.23166
0.277048116,0.0322849924,0.00355884811,0.00609225962,-0.219926828,20.214234,1730.84099
0.277060091,0.117715008,-0.00366226814,0.00702423259,-0.20371017,20.2992339,1735.8493
0.277123018,0.120214384,-0.00386590786,0.00641256315,-0.202465596,20.4090467,1736.44416
0.277132425,0.0349640862,0.00336475167,0.00668807124,-0.219412381,20.2951981,1730.54709
0.277181725,0.1225461,-0.00402934465,0.00581752785,-0.201189625,20.5251072,1737.00095
0.277222796,0.0378358195,0.00313736448,0.00729648632,-0.21892647,20.3682249,1730.30309
0.277236492,0.124721401,-0.00415179218,0.00524523154,-0.199894638,20.6461459,1737.50424
0.277287587,0.12675078,-0.00423341731,0.00470043602,-0.198592181,20.770849,1737.94
0.277319665,0.040914044,0.00288008859,0.0079090569,-0.218475395,20.432854,1730.1135
0.277335253,0.128644026,-0.0042752266,0.00418666262,-0.197292762,20.8979143,1738.29714
0.277379722,0.13041027,-0.00427893139,0.00370631639,-0.196005732,21.0261021,1738.5685
0.277421208,0.132058033,-0.0042468054,0.00326082303,-0.194739226,21.1542764,1738.75135
0.2774235,0.0442136074,0.00259715019,0.00851580543,-0.218064793,20.4888722,1729.98214
0.277459911,0.133595261,-0.0041815449,0.00285076995,-0.193500159,21.281434,1738.84714
0.277496018,0.13502937,-0.00408613846,0.00247604499,-0.192294261,21.4067195,1738.86092
0.277529703,0.136367278,-0.00396375008,0.00213596755,-0.191126141,21.5294287,1738.80042
0.277534801,0.0477504251,0.00229332924,0.00910519389,-0.217699096,20.5363257,1729.9122
0.277561128,0.137615437,-0.00381761817,0.00182940876,-0.189999378,21.6490025,1738.67509
0.277590445,0.138779867,-0.00365097071,0.00155489879,-0.18891661,21.7650142,1738.49524
0.277617795,0.139866187,-0.00346695656,0.00131072046,-0.187879646,21.8771532,1738.27126
0.277643311,0.140879634,-0.00326859179,0.00109498927,-0.186889565,21.9852078,1738.01311
0.277654105,0.0515415566,0.00197356124,0.00966419212,-0.217380815,20.5756355,1729.9063
0.277667115,0.141825099,-0.00305871984,0.000905720586,-0.185946821,22.0890481,1737.72994
0.277689323,0.14270714,-0.00283998373,0.000740885055,-0.185051338,22.1886107,1737.4299
0.27771004,0.143530013,-0.00261480879,0.000598453471,-0.1842026,22.2838847,1737.12001
0.277729368,0.144297686,-0.00238539406,0.000476432344,-0.18339973,22.3749007,1736.80621
0.277747399,0.145013864,-0.00215371077,0.000372891442,-0.182641568,22.4617207,1736.49336
0.277764221,0.145681998,-0.00192150636,0.000285984287,-0.18192673,22.5444311,1736.18536
0.277779915,0.146305314,-0.00169031271,0.000213963923,-0.181253664,22.6231392,1735.88525
0.277781987,0.0556052884,0.00164238882,0.0101780583,-0.217109617,20.6074368,1729.96679
0.277794555,0.146886817,-0.00146145736,0.00015519143,-0.180620704,22.6979532,1735.59532
0.277808214,0.147429312,-0.00123607654,0.00010813971,-0.1800261,22.7689572,1735.31724
0.277820956,0.147935415,-0.00101513066,7.1396694e-05,-0.179468061,22.8362887,1735.05212
0.277832843,0.148407569,-0.000799418386,4.36616027e-05,-0.178944779,22.9000803,1734.80066
0.277843933,0.14884805,-0.000589590541,2.37564119e-05,-0.178454451,22.960417,1734.5632
0.27785428,0.149258983,-0.000386166464,1.06060991e-05,-0.177995302,23.0170425,1734.33977
0.277863825,0,0,0,-0.232782642,18.3207413,1741.68051
0.277863932,0.14964235,-0.000189546805,3.3155587e-06,-0.177565591,23.0665235,1734.13023
0.277872936,0.15,0,0,-0.177163591,23.0880615,1733.93422
0.277876342,0.000357650242,0.000143024537,2.60754139e-06,-0.232632351,18.3470136,1741.51482
0.27788976,0.000741017226,0.000291979722,8.11390051e-06,-0.232471491,18.404469,1741.3374
0.277904142,0.00115195011,0.000446703435,1.83526476e-05,-0.23229942,18.4674163,1741.14755
0.277919065,0.0599612217,0.00130332267,0.0106305244,-0.216881093,20.6331721,1730.09614
0.277919559,0.00159243101,0.000606991529,3.37757775e-05,-0.232115445,18.5344897,1740.94454
0.277936084,0.00206458457,0.000772555216,5.53395494e-05,-0.231918856,18.6052237,1740.72765
0.277953797,0.0025706882,0.000943009283,8.39892323e-05,-0.231708926,18.679688,1740.49616
0.277972785,0.00311318307,0.00111785837,0.000120794957,-0.231484919,18.7578549,1740.24936
0.277993137,0.00369468589,0.00129648294,0.000166915634,-0.231246099,18.8397702,1739.98659
0.278014952,0.00431800152,0.00147812413,0.000223621075,-0.230991738,18.925448,1739.70727
0.278038337,0.00498613648,0.00166186838,0.000292290202,-0.230721134,19.0148989,1739.41088
0.278063403,0.0057023135,0.00184663326,0.000374412162,-0.230433623,19.1081067,1739.09703
0.278065999,0.0646303672,0.000957837388,0.0110030979,-0.21668509,20.6542546,1730.29756
0.278090271,0.00646998704,0.00203115227,0.000471583051,-0.230128599,19.204999,1738.76549
0.278119071,0.00729285993,0.00221396145,0.000585499076,-0.229805541,19.3054732,1738.41622
0.278149942,0.00817490128,0.00239338993,0.000717946818,-0.229464036,19.4093845,1738.04943
0.278183032,0.00912036556,0.00256755359,0.000870788863,-0.229103812,19.5165345,1737.66561
0.278218503,0.0101338132,0.00273435487,0.00104594213,-0.228724777,19.6266679,1737.2656
0.278223499,0.0696352464,0.000604912056,0.0112751601,-0.216503371,20.6727663,1730.57586
0.278256523,0.0112201325,0.00289149031,0.0012453493,-0.228327056,19.7394661,1736.85063
0.278297278,0.0123845633,0.00303646822,0.00147094113,-0.227911041,19.8545411,1736.42239
0.278340963,0.0136327222,0.00316663857,0.00172458792,-0.227477437,19.97143,1735.98308
0.278387789,0.0149706296,0.00327923741,0.00200803854,-0.227027315,20.0895899,1735.53541
0.278392324,0.075,0.000238270576,0.0114241806,-0.21630626,20.6928925,1730.93833
0.278437982,0.0164047389,0.00337144743,0.00232284534,-0.226562164,20.2083955,1735.08266
0.278491784,0.0179419674,0.00344047601,0.0026702736,-0.226083947,20.327137,1734.62869
0.278549455,0.0195897299,0.00348365066,0.00305119513,-0.225595144,20.4450231,1734.17791
0.278561148,0.0803647536,-0.000126777264,0.0114245135,-0.216067986,20.7159398,1731.36431
0.278611272,0.0213559743,0.0034985307,0.00346596652,-0.225098792,20.5611867,1733.73523
0.278677535,0.0232492201,0.00348303212,0.00391429404,-0.224598518,20.6746966,1733.30603
0.278718648,0.0853696328,-0.000472803838,0.0112866799,-0.215771522,20.7412903,1731.82155
0.278748562,0.0252785992,0.00343556059,0.00439508896,-0.224098538,20.7845748,1732.89599
0.278824696,0.0274539002,0.00335514514,0.00490631936,-0.223603645,20.8898215,1732.51104
0.278865582,0.0900387783,-0.00080690298,0.0110343747,-0.215396896,20.7721336,1732.30569
0.278906305,0.0297856156,0.00324156271,0.00544486587,-0.223119153,20.9894464,1732.15715
0.278993782,0.0322849924,0.00309544087,0.00600639147,-0.222650804,21.0825087,1731.8402
0.27900266,0.0943947116,-0.00113292916,0.0106869113,-0.214932754,20.8110705,1732.81384
0.279087549,0.0349640862,0.00291832407,0.00658523372,-0.222204619,21.1681609,1731.56579
0.279130543,0.0984584434,-0.00145060272,0.010261429,-0.21437433,20.8586164,1733.34374
0.279188058,0.0378358195,0.00271268577,0.00717433324,-0.221786685,21.2457013,1731.33911
0.279249846,0.102249575,-0.00175781949,0.00977373675,-0.213721976,20.9155223,1733.89298
0.279295794,0.040914044,0.00248186994,0.00776519528,-0.22140287,21.3146196,1731.16479
0.279361147,0.105786393,-0.00205099302,0.00923839985,-0.212979967,20.9822197,1734.45846
0.279411277,0.0442136074,0.00222994341,0.00834790716,-0.221058436,21.3746613,1731.04687
0.279464982,0.109085956,-0.00232609687,0.0086689528,-0.212155515,21.0587933,1735.03585
0.279535063,0.0477504251,0.00196144496,0.00891115395,-0.220757546,21.4258429,1730.98875
0.279561851,0.112164181,-0.00257896525,0.00807776226,-0.211257923,21.1450402,1735.61922
0.279597033,0,0,0,-0.234234651,19.0823803,1741.94057
0.279610693,0.000357650242,0.000125803424,2.61501149e-06,-0.234098876,19.1092299,1741.78746
0.279625335,0.000741017226,0.000256862471,8.12198636e-06,-0.233953589,19.1678,1741.62353
0.27964103,0.00115195011,0.000393031546,1.83668965e-05,-0.233798219,19.231889,1741.44816
0.279652222,0.115035914,-0.00280580203,0.00747606696,-0.210297858,21.2404375,1736.2006
0.279657854,0.00159243101,0.000534131924,3.3780352e-05,-0.233632153,19.300192,1741.26067
0.279667751,0.0515415566,0.00168101017,0.00944231388,-0.220502627,21.4685839,1730.99326
0.279675888,0.00206458457,0.000679909178,5.53112883e-05,-0.233454759,19.3722252,1741.06039
0.279695218,0.0025706882,0.000830021982,8.38886796e-05,-0.233265396,19.4480652,1740.84665
0.279715938,0.00311318307,0.000984029365,0.000120564359,-0.233063414,19.5276874,1740.61881
0.279736531,0.117715008,-0.00300345246,0.00687384145,-0.209286725,21.3442333,1736.76986
0.279738148,0.00369468589,0.00114137744,0.000166473108,-0.232848165,19.6111406,1740.37626
0.279761955,0.00431800152,0.00130138414,0.000222858278,-0.232619015,19.6984549,1740.11845
0.279787473,0.00498613648,0.00146322648,0.000291066872,-0.232375355,19.7896511,1739.84489
0.279809979,0.0556052884,0.00139290062,0.00992733633,-0.220293538,21.5035619,1731.06291
0.279814827,0.0057023135,0.0016259265,0.000372549726,-0.232116613,19.8847112,1739.55522
0.279815185,0.120214384,-0.00316955165,0.0062797531,-0.208236144,21.4554642,1737.31495
0.279844148,0.00646998704,0.00178833565,0.000468860775,-0.231842278,19.9835797,1739.24921
0.279875577,0.00729285993,0.001949124,0.000581647748,-0.231551916,20.0861692,1738.92682
0.279888562,0.1225461,-0.00330258803,0.00570112698,-0.20715753,21.573008,1737.82266
0.279909265,0.00817490128,0.0021067712,0.000712644087,-0.2312452,20.1923464,1738.5882
0.279945376,0.00912036556,0.00225956153,0.000863653113,-0.230921939,20.3019269,1738.23381
0.279957017,0.124721401,-0.0034018968,0.00514395929,-0.206061761,21.6956342,1738.27979
0.279962434,0.0599612217,0.00110043874,0.0103509234,-0.220126477,21.5321064,1731.20016
0.279984084,0.0101338132,0.00240558505,0.00103652671,-0.230582107,20.4146694,1737.8644
0.28002088,0.12675078,-0.00346760213,0.00461296805,-0.204958937,21.8220611,1738.67453
0.280025575,0.0112201325,0.00254274671,0.00123313614,-0.230225889,20.5302681,1737.48109
0.280070049,0.0123845633,0.00266878537,0.00145533353,-0.229853715,20.6483461,1737.08542
0.280080459,0.128644026,-0.00350052638,0.00411167768,-0.203858213,21.9510123,1738.99774
0.280117721,0.0136327222,0.00278130478,0.00170490204,-0.229466312,20.7684486,1736.67938
0.280125852,0.0646303672,0.000805098167,0.0106959065,-0.219992497,21.5554478,1731.40801
0.280136041,0.13041027,-0.00350208065,0.00364252836,-0.202767708,22.081267,1739.24381
0.280168821,0.0149706296,0.00287781845,0.00198349316,-0.229064745,20.890037,1736.2655
0.280187895,0.132058033,-0.00347414851,0.00320700127,-0.201694457,22.2117014,1739.41097
0.280223596,0.0164047389,0.00295580947,0.00229254937,-0.228650472,21.012484,1735.8468
0.280236271,0.133595261,-0.00341897102,0.00280575142,-0.200644424,22.3413168,1739.5011
0.280281401,0.13502937,-0.00333903865,0.00243874069,-0.19962253,22.4692558,1739.5191
0.280282309,0.0179419674,0.0030128061,0.00263321132,-0.228225386,21.1350718,1735.42685
0.28030102,0.0696352464,0.000505918385,0.0109429612,-0.219875449,21.5758956,1731.69074
0.280323504,0.136367278,-0.00323699354,0.00210536565,-0.198632724,22.5948059,1739.47213
0.280345243,0.0195897299,0.00304647257,0.00300620924,-0.227791862,21.256993,1735.00977
0.280362783,0.137615437,-0.00311554387,0.00180457593,-0.197678058,22.7173945,1739.36873
0.280399426,0.138779867,-0.0029773913,0.00153498076,-0.196760774,22.8365774,1739.21809
0.280412703,0.0213559743,0.00305471344,0.00341173984,-0.227352788,21.3773561,1734.60014
0.280433612,0.139866187,-0.00282517146,0.00129494219,-0.1958824,22.9520235,1739.02939
0.280465504,0.140879634,-0.00266140698,0.00108265488,-0.19504384,23.0634985,1738.81135
0.280485014,0.0232492201,0.00303578798,0.00384933129,-0.226911592,21.4951971,1734.20302
0.280488783,0.075,0.00019785579,0.0110709256,-0.219749019,21.5979657,1732.05462
0.280495257,0.141825099,-0.00248847242,0.000896212848,-0.194245462,23.1708482,1738.57196
0.280523014,0.14270714,-0.00230856972,0.000733664097,-0.193487185,23.2739832,1738.31825
0.28054891,0.143530013,-0.00212371296,0.00059305443,-0.192768554,23.3728659,1738.0563
0.280562524,0.0252785992,0.00298842984,0.0043177012,-0.226472246,21.6094971,1733.82379
0.280573068,0.144297686,-0.00193572094,0.000472461809,-0.192088811,23.4674991,1737.79117
0.280595605,0.145013864,-0.00174621606,0.000370022574,-0.191446956,23.5579167,1737.52702
0.280616631,0.145681998,-0.00155662819,0.000283951001,-0.190841806,23.6441767,1737.26715
0.280636246,0.146305314,-0.00136820227,0.000212552665,-0.190272035,23.7263548,1737.01413
0.280645607,0.0274539002,0.00291196463,0.00481461414,-0.22603925,21.7192086,1733.46806
0.280654546,0.146886817,-0.00118200864,0.000154235468,-0.189736221,23.8045456,1736.76987
0.280671618,0.147429312,-0.000998953916,0.000107509141,-0.189232879,23.8788387,1736.53576
0.280676547,0.0803647536,-0.000106178089,0.0110580711,-0.219586858,21.6224637,1732.47774
0.280687544,0.147935415,-0.000819792321,7.10007428e-05,-0.188760486,23.9493565,1736.3127
0.280702403,0.148407569,-0.000645142228,4.34373401e-05,-0.188317511,24.0161313,1736.10126
0.280716264,0.14884805,-0.000475501157,2.36502058e-05,-0.187902426,24.0792015,1735.90168
0.280729196,0.149258983,-0.000311257554,1.05581756e-05,-0.187513728,24.138318,1735.714
0.280734665,0.0297856156,0.00280641673,0.00533674714,-0.225617578,21.8232885,1733.14156
0.28074126,0.14964235,-0.000152701177,3.31400921e-06,-0.187149948,24.1903,1735.53804
0.280752515,0.15,0,0,-0.186809609,24.2131351,1735.37348
0.280830126,0.0322849924,0.00267259358,0.0058795741,-0.225212594,21.9207411,1732.84995
0.280851715,0.0853696328,-0.000393110989,0.0109159835,-0.219370369,21.6486082,1732.92742
0.280932451,0.0349640862,0.00251213521,0.00643727713,-0.224829914,22.010664,1732.59871
0.281015132,0.0900387783,-0.000669310784,0.0106660973,-0.219082008,21.6795498,1733.39901
0.281042134,0.0378358195,0.00232751271,0.00700269962,-0.224475213,22.0923058,1732.39291
0.281159704,0.040914044,0.00212196351,0.00756733765,-0.22415396,22.1651142,1732.23719
0.281167587,0.0943947116,-0.000938057924,0.0103266481,-0.218711997,21.7179397,1733.88939
0.281237052,0,0,0,-0.23560859,19.821608,1742.18662
0.281251278,0.000357650242,0.000109647621,2.60363153e-06,-0.235485998,19.8488153,1742.04576
0.281266528,0.000741017226,0.000223949516,8.06938995e-06,-0.235354843,19.9080873,1741.89497
0.281282873,0.00115195011,0.000342782894,1.82434283e-05,-0.235214622,19.9728544,1741.73367
0.281285728,0.0442136074,0.00189934571,0.00812139016,-0.223871077,22.2288026,1732.1356
0.281300394,0.00159243101,0.000465998704,3.35300799e-05,-0.235064787,20.0418924,1741.56126
0.281309816,0.0984584434,-0.00119961242,0.00991398701,-0.218256474,21.764896,1734.39623
0.281319176,0.00206458457,0.000593380091,5.48643807e-05,-0.234904776,20.1146995,1741.37711
0.281339307,0.0025706882,0.000724631635,8.31522712e-05,-0.234734021,20.1913614,1741.18062
0.281360886,0.00311318307,0.000859367339,0.000119419483,-0.234551947,20.2718548,1740.97119
0.281384017,0.00369468589,0.000997097705,0.000164770178,-0.234357983,20.3562278,1740.74825
0.28140881,0.00431800152,0.00113721618,0.000220411535,-0.234151573,20.4445287,1740.51129
0.281420813,0.0477504251,0.00166390244,0.00865381534,-0.223630488,22.2833693,1732.09156
0.281435387,0.00498613648,0.00127898616,0.000287650445,-0.233932185,20.536789,1740.25988
0.281442503,0.102249575,-0.00145236618,0.00944280755,-0.217716128,21.8209842,1734.91721
0.281463874,0.0057023135,0.00142152694,0.000367893529,-0.233699325,20.6329897,1739.99366
0.28149441,0.00646998704,0.0015638006,0.000462643428,-0.233452558,20.73309,1739.71242
0.281527142,0.00729285993,0.00170460163,0.000573492912,-0.233191523,20.8370146,1739.41611
0.281562227,0.00817490128,0.00184254887,0.000702115487,-0.232915958,20.9446418,1739.10486
0.281565611,0.0515415566,0.00141993981,0.00915246801,-0.223434552,22.329262,1732.10798
0.28156629,0.105786393,-0.00169347926,0.00892659557,-0.217095103,21.8865816,1735.44944
0.281599835,0.00912036556,0.00197608211,0.000850249637,-0.23262573,21.0557993,1738.77907
0.281640147,0.0101338132,0.0021034649,0.0010196773,-0.232320865,21.170257,1738.43943
0.281681773,0.109085956,-0.00191964624,0.00837795827,-0.216400106,21.9620304,1735.98903
0.281683358,0.0112201325,0.00222279524,0.00121219412,-0.23200158,21.2877187,1738.08695
0.281720821,0.0556052884,0.00117139116,0.00960404935,-0.223283317,22.3671259,1732.18732
0.281729676,0.0123845633,0.00233202615,0.0014295699,-0.231668326,21.4078144,1737.72303
0.281779324,0.0136327222,0.0024289977,0.00167349733,-0.231321827,21.5300924,1737.34953
0.281789509,0.112164181,-0.00212744912,0.00780852997,-0.215639641,22.0471262,1736.53064
0.281832543,0.0149706296,0.00251148191,0.00194552731,-0.230963124,21.6540116,1736.96874
0.281887192,0.0599612217,0.000921321109,0.00999421396,-0.223173554,22.3981401,1732.33193
0.281889588,0.0164047389,0.00257724131,0.00224698953,-0.230593618,21.7789365,1736.58346
0.281890018,0.115035914,-0.00231375768,0.00722891091,-0.214823356,22.1414012,1737.06716
0.281950735,0.0179419674,0.00262410126,0.00257889747,-0.230215113,21.9041333,1736.197
0.281983785,0.117715008,-0.00247595632,0.006648576,-0.213961493,22.2441536,1737.5896
0.282016278,0.0195897299,0.00265003507,0.00294183841,-0.229829859,22.0287708,1735.81318
0.282065525,0.0646303672,0.000671114903,0.0103070771,-0.223097452,22.4237501,1732.54448
0.282071262,0.120214384,-0.00261207824,0.00607580918,-0.213064426,22.3544589,1738.08735
0.282086534,0.0213559743,0.00265325975,0.00333584997,-0.229440577,22.1519254,1735.43627
0.282152871,0.1225461,-0.00272085989,0.00551765403,-0.212142296,22.4712226,1738.54889
0.282161843,0.0232492201,0.0026323391,0.00376028693,-0.229050484,22.2725929,1735.07099
0.282229005,0.124721401,-0.00280173799,0.0049799108,-0.211204723,22.5932345,1738.96283
0.282242566,0.0252785992,0.00258628913,0.00421368361,-0.228663296,22.3897074,1734.72239
0.282256682,0.0696352464,0.000420071449,0.0105249023,-0.223040813,22.4464376,1732.82867
0.282300032,0.12675078,-0.00285480363,0.00446717123,-0.210260602,22.7192264,1739.31917
0.282329093,0.0274539002,0.00251467947,0.00469361935,-0.228283209,22.5021688,1734.39576
0.282366295,0.128644026,-0.00288072907,0.00398288773,-0.209317969,22.8479294,1739.61037
0.282421843,0.0297856156,0.00241772285,0.00519659568,-0.227914857,22.6088781,1734.09654
0.282428112,0.13041027,-0.002880679,0.00352946928,-0.20838392,22.9781252,1739.83203
0.282461583,0.075,0.000164169005,0.0106282614,-0.222980463,22.4702625,1733.18981
0.282485783,0.132058033,-0.00285621594,0.00310839534,-0.207464588,23.1086876,1739.98315
0.282521261,0.0322849924,0.00229634234,0.00571793691,-0.227563227,22.7087827,1733.83011
0.282539585,0.133595261,-0.00280920632,0.00272033987,-0.206565149,23.238611,1740.06588
0.282589778,0.13502937,-0.00274173173,0.00236529791,-0.205689864,23.3670274,1740.08496
0.282627828,0.0349640862,0.0021522061,0.00625172101,-0.227233534,22.800926,1733.6017
0.282636604,0.136367278,-0.00265600786,0.00204270907,-0.204842137,23.4932105,1740.047
0.282666484,0.0803647536,-8.61465979e-05,0.0105990649,-0.2228895,22.4957803,1733.6052
0.282680289,0.137615437,-0.00255431261,0.00175157315,-0.204024588,23.6165723,1739.95974
0.282721043,0.138779867,-0.0024389242,0.001490555,-0.203239135,23.7366519,1739.83139
0.282742058,0.0378358195,0.00198771463,0.00679075676,-0.226931048,22.8845085,1733.41624
0.282759064,0.139866187,-0.00231206932,0.00125807686,-0.202487077,23.8531021,1739.67008
0.282788892,0,0,0,-0.236908657,20.5381154,1742.41941
0.282794534,0.140879634,-0.00217588143,0.00105239733,-0.201769172,23.9656732,1739.48351
0.28280333,0.000357650242,9.45895921e-05,2.57355976e-06,-0.236798148,20.5655448,1742.2904
0.282818807,0.000741017226,0.000193309317,7.95633793e-06,-0.236679941,20.625209,1742.15231
0.282827625,0.141825099,-0.00203236867,0.000871677415,-0.201085719,24.074197,1739.27864
0.282835396,0.00115195011,0.000296061344,1.79825542e-05,-0.236553592,20.690299,1742.00462
0.282853177,0.00159243101,0.000402726767,3.30249539e-05,-0.236418612,20.7596908,1741.84677
0.282857641,0.0853696328,-0.000320986665,0.0104500615,-0.22274784,22.522671,1734.04232
0.282858496,0.14270714,-0.00188339081,0.000714034359,-0.200436633,24.1785726,1739.06161
0.282864501,0.040914044,0.00180593254,0.00732660241,-0.226660852,22.958939,1733.27821
0.282872238,0.00206458457,0.000513126214,5.39979813e-05,-0.236274503,20.832866,1741.6782
0.282887296,0.143530013,-0.00173064423,0.00057758448,-0.199821509,24.2787534,1738.83766
0.282892669,0.0025706882,0.00062700934,8.17775852e-05,-0.236120759,20.9099193,1741.49835
0.282914164,0.144297686,-0.00157565417,0.000460476533,-0.199239684,24.3747353,1738.61117
0.282914569,0.00311318307,0.000744043167,0.0001173557,-0.235956872,20.9908283,1741.30668
0.282938044,0.00369468589,0.000863798978,0.000161799678,-0.235782339,21.0756542,1741.10266
0.28293923,0.145013864,-0.00141977285,0.000360916941,-0.198690291,24.4665481,1738.38569
0.282962614,0.145681998,-0.00126418249,0.000277188425,-0.198172305,24.5542478,1738.16405
0.282963207,0.00431800152,0.000985740819,0.000216274335,-0.235596671,21.1644534,1740.88584
0.28298443,0.146305314,-0.00110990213,0.000207662255,-0.197684587,24.6379107,1737.94842
0.282990179,0.00498613648,0.00110921251,0.000282038388,-0.235399405,21.2572575,1740.65578
0.282995749,0.0442136074,0.00161044651,0.0078496434,-0.226427533,23.0239038,1733.19155
0.283004782,0.146886817,-0.000957797129,0.000150810255,-0.197225912,24.7176471,1737.74041
0.283019091,0.0057023135,0.00123342294,0.000360447611,-0.235190113,21.354063,1740.41219
0.283023769,0.147429312,-0.000808590743,0.000105206944,-0.196795006,24.7935694,1737.54118
0.283035974,0.0900387783,-0.000546076767,0.0102011124,-0.222540195,22.5540365,1734.49651
0.283041483,0.147935415,-0.00066287643,6.95357615e-05,-0.196390564,24.8657202,1737.35148
0.283050081,0.00646998704,0.00135743533,0.000452948219,-0.234968422,21.4548429,1740.15486
0.283058008,0.148407569,-0.000521132864,4.25664299e-05,-0.196011272,24.9341361,1737.17176
0.283073424,0.14884805,-0.000383734699,2.31797386e-05,-0.195655823,24.9989391,1737.0022
0.2830833,0.00729285993,0.00148015762,0.000561073229,-0.234734034,21.5595316,1739.88372
0.283087807,0.149258983,-0.000250963622,1.03321897e-05,-0.195322932,25.0598205,1736.84281
0.283101224,0.14964235,-0.000123021443,3.24793571e-06,-0.195011341,25.1137341,1736.69343
0.283113742,0.15,0,0,-0.194719773,25.1375529,1736.55374
0.283118907,0.00817490128,0.0016003358,0.000686431833,-0.23448674,21.6680195,1739.59891
0.283136434,0.0477504251,0.00140515409,0.00834919437,-0.226234775,23.0794168,1733.15964
0.283157075,0.00912036556,0.0017165523,0.000830694219,-0.234226453,21.7801457,1739.30078
0.283197987,0.0101338132,0.00182723059,0.000995569509,-0.233953235,21.8956899,1738.98995
0.283202345,0.0943947116,-0.000764329058,0.00986928562,-0.222258254,22.5922067,1734.96464
0.283241841,0.0112201325,0.00193064781,0.00118277524,-0.233667326,22.0143636,1738.66735
0.283287235,0.0515415566,0.00119397537,0.00881365451,-0.226084849,23.1258759,1733.18529
0.283288849,0.0123845633,0.00202495689,0.00139399655,-0.233369184,22.1358004,1738.33426
0.283339236,0.0136327222,0.00210821941,0.00163083317,-0.233059517,22.2595474,1737.99238
0.283357555,0.0984584434,-0.000976195025,0.00946980845,-0.221898998,22.6385462,1735.44444
0.283393246,0.0149706296,0.00217845026,0.00189473275,-0.232739328,22.3850563,1737.64381
0.283448879,0.0556052884,0.000980446306,0.0092304902,-0.225977952,23.1638947,1733.27086
0.28345114,0.0164047389,0.00223367419,0.0021869094,-0.232409953,22.5116772,1737.29115
0.283502353,0.102249575,-0.00118057874,0.00901626815,-0.221463426,22.6939258,1735.93374
0.283513197,0.0179419674,0.00227199396,0.00250824709,-0.232073099,22.6386542,1736.93744
0.283579716,0.0195897299,0.00229166875,0.00285918911,-0.231730881,22.7651257,1736.58621
0.283622146,0.0599612217,0.00076730815,0.00958633558,-0.225911342,23.1947084,1733.4185
0.283637439,0.105786393,-0.00137531952,0.00852112305,-0.220955566,22.7586946,1736.42994
0.283651018,0.0213559743,0.00229120046,0.00323961577,-0.231385848,22.89013,1736.24143
0.283727447,0.0232492201,0.00226942465,0.00364871467,-0.231041004,23.0126178,1735.90748
0.283763462,0.109085956,-0.00155776056,0.0079959939,-0.22038165,22.8331558,1736.92956
0.283807872,0.0646303672,0.00055586403,0.00986659463,-0.225878185,23.2198677,1733.63058
0.283809372,0.0252785992,0.00222560165,0.00408484952,-0.230699808,23.1314719,1735.58907
0.283881032,0.112164181,-0.00172516283,0.00745166386,-0.219749438,22.9172362,1737.42784
0.283897187,0.0274539002,0.00215950201,0.00454543556,-0.230366159,23.2455372,1735.29115
0.283990715,0.115035914,-0.00187501563,0.00689800239,-0.219067629,23.0105578,1737.91848
0.283991317,0.0297856156,0.00207147974,0.00502683,-0.230044356,23.3536576,1735.0188
0.284006953,0.0696352464,0.000345636034,0.0100551268,-0.22586597,23.2417978,1733.91022
0.284092215,0.0322849924,0.00196252421,0.00552424973,-0.229739019,23.4547256,1734.7771
0.28409304,0.117715008,-0.00200521774,0.00634387712,-0.218345379,23.1124738,1738.39356
0.284188501,0.120214384,-0.00211419156,0.00579707724,-0.217591901,23.2221045,1738.84381
0.284200368,0.0349640862,0.00183428253,0.00603172152,-0.229454979,23.5477322,1734.571
0.284220348,0.075,0.000133265445,0.0101342782,-0.225854237,23.2642611,1734.26191
0.284257295,0,0,0,-0.238138823,21.2318233,1742.63967
0.284271791,0.000357650242,8.06576796e-05,2.5210551e-06,-0.238039512,21.259405,1742.52205
0.284277559,0.1225461,-0.00220092614,0.00526425817,-0.216816143,23.3383887,1739.25927
0.284287329,0.000741017226,0.000164986031,7.77275922e-06,-0.237933304,21.3192307,1742.39618
0.284303984,0.00115195011,0.000252914237,1.75664141e-05,-0.237819806,21.3843809,1742.26157
0.284316298,0.0378358195,0.00168903784,0.0065420823,-0.229197116,23.6318348,1734.40518
0.284321837,0.00159243101,0.000344353284,3.22384296e-05,-0.237698584,21.4538569,1742.11772
0.284340974,0.00206458457,0.000439159795,5.26773944e-05,-0.237569198,21.5271236,1741.96412
0.284360642,0.124721401,-0.00226497597,0.00475092572,-0.216026552,23.4601394,1739.63028
0.284361486,0.0025706882,0.000537125681,7.97228296e-05,-0.2374312,21.604283,1741.80026
0.284383474,0.00311318307,0.000637966713,0.000114327404,-0.237284142,21.6853113,1741.62565
0.284407043,0.00369468589,0.000741310002,0.000157514023,-0.237127582,21.7702888,1741.43982
0.284432306,0.00431800152,0.000846682604,0.00021039978,-0.236961094,21.8592822,1741.24233
0.284433743,0.0803647536,-7.28741269e-05,0.0100892375,-0.225816216,23.2879215,1734.66288
0.284438152,0.12675078,-0.00230642376,0.0042614583,-0.2152309,23.5861017,1739.9485
0.284440564,0.040914044,0.00152964019,0.00704702095,-0.22897014,23.7064081,1734.28389
0.284459386,0.00498613648,0.000953499055,0.000274191342,-0.236784274,21.9523218,1741.03281
0.284488413,0.0057023135,0.00106104832,0.000350187174,-0.236596756,22.0494189,1740.81098
0.284510463,0.128644026,-0.00232582206,0.00379916241,-0.214436176,23.715012,1740.20785
0.284519527,0.00646998704,0.0011684837,0.000439773354,-0.236398224,22.1505599,1740.57665
0.284552879,0.00729285993,0.00127481446,0.00054441932,-0.236188431,22.2556912,1740.32975
0.284573765,0.0442136074,0.00135936972,0.00753718457,-0.228778316,23.7711214,1734.21093
0.284577923,0.13041027,-0.00232412254,0.00336635562,-0.213648525,23.8456487,1740.40505
0.284588629,0.00817490128,0.00137890121,0.0006656672,-0.235967217,22.3647153,1740.07042
0.284626949,0.00912036556,0.0014794562,0.000805116484,-0.235734537,22.4774827,1739.79897
0.284632824,0.0853696328,-0.000265145859,0.00993372393,-0.225731132,23.3128156,1735.08148
0.284640858,0.132058033,-0.0023026012,0.00296446852,-0.212873232,23.9768751,1740.53978
0.284668025,0.0101338132,0.00157505021,0.000964401292,-0.235490479,22.5937818,1739.51596
0.28469957,0.133595261,-0.00226278425,0.00259415832,-0.212114739,24.1076681,1740.61439
0.284712054,0.0112201325,0.00166412706,0.00114515872,-0.235235304,22.7133297,1739.22226
0.284716544,0.0477504251,0.0011817555,0.00800231444,-0.228625093,23.8259715,1734.18952
0.284754345,0.13502937,-0.00220637807,0.00225542701,-0.211376687,24.2371367,1740.63341
0.284759249,0.0123845633,0.00174502733,0.00134898641,-0.234969467,22.835761,1738.91905
0.284805445,0.136367278,-0.00213520484,0.00194773816,-0.210661969,24.3645277,1740.60291
0.284809838,0.0136327222,0.00181602177,0.0015773876,-0.234693661,22.9606178,1738.60786
0.28481855,0.0900387783,-0.000448629272,0.00968625841,-0.225585609,23.3420638,1735.51316
0.284853117,0.137615437,-0.00205114473,0.00167012784,-0.209972803,24.489224,1740.52984
0.284864064,0.0149706296,0.00187535502,0.00183170245,-0.234408847,23.0873404,1738.29065
0.284869589,0.0515415566,0.00100029301,0.008431398,-0.22851265,23.8713219,1734.22232
0.284897591,0.138779867,-0.00195608506,0.00142130628,-0.209310797,24.6107358,1740.42146
0.284922189,0.0164047389,0.00192129948,0.00211302481,-0.234116295,23.2152595,1737.96979
0.284939082,0.139866187,-0.00185187671,0.0011997482,-0.208677033,24.7286882,1740.28493
0.28497779,0.140879634,-0.00174029791,0.00100377069,-0.208072131,24.8428069,1740.12692
0.284984494,0.0179419674,0.00195221836,0.00242210487,-0.233817614,23.3435921,1737.64808
0.284991817,0.0943947116,-0.000625979005,0.00936277318,-0.225372548,23.3779066,1735.95493
0.285013901,0.141825099,-0.00162302532,0.000831598657,-0.207496323,24.952903,1739.95346
0.285033639,0.0556052884,0.000818108423,0.008812698,-0.228441301,23.9078484,1734.31155
0.28504759,0.14270714,-0.00150161243,0.000681418103,-0.206949516,25.0588584,1739.76983
0.285051279,0.0195897299,0.00196663648,0.00275923913,-0.233514788,23.4714416,1737.32879
0.285079018,0.143530013,-0.0013774748,0.000551418499,-0.206431348,25.160613,1739.58052
0.285108339,0.144297686,-0.00125188162,0.00043982534,-0.205941243,25.258153,1739.38925
0.285122866,0.0213559743,0.00196331652,0.0031241508,-0.233210199,23.597804,1737.01557
0.285135693,0.145013864,-0.00112595294,0.000344924389,-0.205478454,25.3515006,1739.19902
0.285153461,0.0984584434,-0.000797756781,0.00897735451,-0.225089589,23.4215998,1736.40465
0.285161211,0.145681998,-0.00100066157,0.000265078932,-0.205042106,25.440706,1739.01221
0.285185018,0.146305314,-0.000876838783,0.00019874145,-0.204631226,25.5258406,1738.83064
0.285199601,0.0232492201,0.00194133748,0.0035158654,-0.232906644,23.7215815,1736.71247
0.285207228,0.146886817,-0.000755182782,0.000144460705,-0.204244777,25.6069917,1738.65564
0.285209485,0.0599612217,0.000637634316,0.00913386935,-0.228408725,23.9368183,1734.45917
0.285227948,0.147429312,-0.000636269893,0.000100886338,-0.203881677,25.6842533,1738.48816
0.285247278,0.147935415,-0.000520565145,6.67629011e-05,-0.203540822,25.7576852,1738.32881
0.285265312,0.148407569,-0.000408430731,4.09286547e-05,-0.203221103,25.8273568,1738.17793
0.285281853,0.0252785992,0.00190017164,0.00393258779,-0.232607338,23.8416042,1736.42385
0.285282135,0.14884805,-0.000300141204,2.23358227e-05,-0.202921418,25.8933988,1738.03567
0.285297831,0.149258983,-0.000195898804,9.9737535e-06,-0.202640684,25.9554329,1737.902
0.285304262,0.102249575,-0.000963156291,0.00854245552,-0.224737937,23.4741315,1736.86035
0.285312473,0.14964235,-9.58405227e-05,3.16386502e-06,-0.202377841,26.0108415,1737.77676
0.285326133,0.15,0,0,-0.202131802,26.0355875,1737.65968
0.285370019,0.0274539002,0.00183975495,0.00437158918,-0.232315898,23.9566618,1736.1543
0.285397976,0.0646303672,0.000460053204,0.00938159118,-0.228408956,23.959765,1734.66721
0.285444947,0.105786393,-0.00112050611,0.0080695429,-0.224321454,23.5361101,1737.31971
0.285464525,0.0297856156,0.00176054537,0.00482911201,-0.232036303,24.065543,1735.90855
0.285565827,0.0322849924,0.00166356149,0.0053003053,-0.231772828,24.167088,1735.69134
0.285576195,0.109085956,-0.00126771247,0.00756931602,-0.223845913,23.6078848,1737.77959
0.285600019,0.0696352464,0.000285034953,0.00954127552,-0.228430973,23.9790721,1734.93832
0.285646746,0,0,0,-0.239302846,21.9022952,1742.84807
0.285660874,0.000357650242,6.78835421e-05,2.44926884e-06,-0.239213665,21.9298211,1742.74129
0.285674412,0.0349640862,0.00155039468,0.00577919326,-0.231529939,24.2602404,1735.50729
0.285676018,0.000741017226,0.000139046905,7.52559607e-06,-0.239118304,21.9894275,1742.62702
0.285692251,0.00115195011,0.000213447499,1.70059554e-05,-0.239016414,22.0542036,1742.50484
0.285698638,0.112164181,-0.00140257834,0.00705170067,-0.223318384,23.6893853,1738.23577
0.285709651,0.00159243101,0.000291025707,3.11852726e-05,-0.238907612,22.1233027,1742.37429
0.285728302,0.00206458457,0.000371672588,5.0921195e-05,-0.238791503,22.196176,1742.23489
0.285748295,0.0025706882,0.000455219363,7.7011158e-05,-0.238667692,22.2729351,1742.08619
0.285769725,0.00311318307,0.000541425734,0.000110365047,-0.238535781,22.3535606,1741.92774
0.285790805,0.0378358195,0.00142318076,0.00625869754,-0.231312148,24.3441205,1735.36078
0.285792696,0.00369468589,0.000629969325,0.000151956898,-0.238395381,22.4381464,1741.75912
0.285812868,0.115035914,-0.00152309073,0.00652582264,-0.222746718,23.7802842,1738.68264
0.285816591,0.075,0.000109752658,0.009597035,-0.228456726,23.9983011,1735.27625
0.285817318,0.00431800152,0.000720434047,0.000202851139,-0.238246116,22.5267666,1741.57992
0.285843711,0.00498613648,0.000812296935,0.00026420029,-0.238087633,22.6194621,1741.38982
0.285872002,0.0057023135,0.00090491778,0.000337243655,-0.237919614,22.716259,1741.18854
0.285902327,0.00646998704,0.000997530106,0.000423306473,-0.237741789,22.8171536,1740.97591
0.285915568,0.040914044,0.00128453193,0.00673069798,-0.231123817,24.4180758,1735.25584
0.285919435,0.117715008,-0.00162756516,0.0059999128,-0.22213911,23.8799845,1739.11318
0.285934833,0.00729285993,0.00108923444,0.000523794326,-0.23755395,22.9221043,1740.75188
0.285969676,0.00817490128,0.00117899577,0.000640182927,-0.237355974,23.0310241,1740.51657
0.286007024,0.00912036556,0.00126564616,0.000774002154,-0.237147838,23.1437717,1740.27026
0.286018853,0.120214384,-0.00171474231,0.00548123039,-0.221503755,23.9876452,1739.51928
0.286033162,0.0803647536,-5.91558049e-05,0.00953708996,-0.228459961,24.018329,1735.65866
0.286047058,0.0101338132,0.0013478938,0.000926812378,-0.236929649,23.2601403,1740.01346
0.286049301,0.0442136074,0.00113740525,0.00718617017,-0.230968905,24.4817751,1735.19601
0.28608997,0.0112201325,0.00142433949,0.00110017138,-0.236701667,23.3798472,1739.74697
0.286111603,0.1225461,-0.00178381889,0.00497600166,-0.220848573,24.1022269,1739.89234
0.286135968,0.0123845633,0.0014935013,0.00129559016,-0.236464336,23.5025214,1739.47185
0.286185274,0.0136327222,0.0015538479,0.00151447609,-0.236218314,23.6276929,1739.18951
0.286192651,0.0477504251,0.00098494276,0.00761532657,-0.230850641,24.5351668,1735.18433
0.28619813,0.124721401,-0.00183444715,0.00448939491,-0.220180999,24.2225553,1740.22411
0.286235205,0.0853696328,-0.000215813,0.00937595239,-0.228419686,24.0395858,1736.05516
0.286238124,0.0149706296,0.00160384049,0.00175806265,-0.235964507,23.7547818,1738.90174
0.286278853,0.12675078,-0.00186670384,0.00402553449,-0.219507845,24.3473778,1740.50766
0.286294775,0.0164047389,0.00164198273,0.00202732528,-0.235704103,23.8830911,1738.61071
0.286346308,0.0515415566,0.000830226947,0.00800778733,-0.23077111,24.5786442,1735.2233
0.286354161,0.128644026,-0.0018810434,0.00358754483,-0.218835207,24.4754242,1740.7381
0.2863555,0.0179419674,0.00166687777,0.00232288447,-0.235438601,24.0118021,1738.31899
0.286420591,0.0195897299,0.00167729055,0.00264489797,-0.23516984,24.1399753,1738.02955
0.286423696,0.0900387783,-0.000364637494,0.00913089852,-0.228324188,24.0651581,1736.46144
0.286424418,0.13041027,-0.00187824136,0.00317762235,-0.218168424,24.6054582,1740.91304
0.286489961,0.132058033,-0.00185933548,0.00279712592,-0.217512066,24.7363202,1741.03264
0.286490362,0.0213559743,0.00167221347,0.00299294574,-0.234900024,24.2665574,1737.74576
0.286511013,0.0556052884,0.000675991166,0.00835265501,-0.230730728,24.6129617,1735.31496
0.286551108,0.133595261,-0.00182556782,0.00244668003,-0.216869959,24.8669586,1741.09935
0.28656515,0.0232492201,0.00165093254,0.00336591279,-0.234631737,24.3903967,1737.47132
0.286599542,0.0943947116,-0.000508021509,0.00881672292,-0.228167408,24.097236,1736.87468
0.286608153,0.13502937,-0.0017783303,0.00212628348,-0.216245222,24.9964487,1741.11746
0.286645316,0.0252785992,0.00161309087,0.00376187608,-0.234367941,24.5102663,1737.21024
0.286661371,0.136367278,-0.00171911464,0.00183541833,-0.21564032,25.1240015,1741.09251
0.286687562,0.0599612217,0.000524353836,0.00863861197,-0.230727561,24.6393413,1735.46103
0.28671102,0.137615437,-0.00164946696,0.00157315465,-0.215057134,25.2489635,1741.03073
0.286731246,0.0274539002,0.00155874533,0.0041780045,-0.234111965,24.6248986,1736.96676
0.286757338,0.138779867,-0.00157094712,0.00133824766,-0.214497016,25.3708101,1740.93855
0.286763592,0.0984584434,-0.000646582801,0.00844637055,-0.227947519,24.1371562,1737.29292
0.286800548,0.139866187,-0.00148509297,0.00112922499,-0.213960866,25.4891346,1740.82225
0.286823355,0.0297856156,0.00148841203,0.00461047855,-0.23386747,24.7330265,1736.74524
0.286840861,0.140879634,-0.00139338955,0.00094446278,-0.21344919,25.6036357,1740.68765
0.286876806,0.0646303672,0.000376358013,0.00885359903,-0.230756429,24.6593274,1735.66327
0.286878469,0.141825099,-0.00129724341,0.000782249908,-0.212962164,25.7141023,1740.53997
0.286913554,0.14270714,-0.00119796243,0.000640840761,-0.212499688,25.8204002,1740.38376
0.286916637,0.102249575,-0.000779759652,0.00803123583,-0.227665865,24.1859004,1737.7144
0.286922087,0.0322849924,0.00140309426,0.00505444286,-0.233638384,24.833439,1736.55005
0.286946286,0.143530013,-0.00109674091,0.000518497013,-0.212061438,25.9224582,1740.22286
0.286961491,0,0,0,-0.240404284,22.5495663,1743.04525
0.286975258,0.000357650242,5.62700547e-05,2.35535397e-06,-0.240324573,22.5770166,1742.94879
0.286976821,0.144297686,-0.000994649866,0.000413519616,-0.21164691,26.020256,1740.06045
0.286990015,0.000741017226,0.00011548649,7.20830121e-06,-0.240239353,22.6362524,1742.84557
0.287005309,0.145013864,-0.000892632324,0.000324272257,-0.21125546,26.1138139,1739.89909
0.287005833,0.00115195011,0.000177632952,1.6291761e-05,-0.240148317,22.7004756,1742.73521
0.287022789,0.00159243101,0.000242675338,2.98547756e-05,-0.240051124,22.7690208,1742.6173
0.287027918,0.0349640862,0.0013042872,0.00550399135,-0.233428813,24.9250346,1736.38549
0.287031886,0.145681998,-0.000791502864,0.000249197637,-0.210886336,26.2031831,1739.74078
0.287040964,0.00206458457,0.000310534378,4.87196255e-05,-0.239947429,22.8413212,1742.49142
0.28705668,0.146305314,-0.000691950842,0.000186827995,-0.210538712,26.2884381,1739.58704
0.287059416,0.105786393,-0.000906244025,0.00758179437,-0.227326115,24.2440826,1738.13703
0.287060445,0.0025706882,0.0003810749,7.36367765e-05,-0.23983688,22.9174978,1742.35715
0.287079657,0.0696352464,0.000231785685,0.00898455031,-0.230807682,24.6752715,1735.92387
0.28707981,0.146886817,-0.000594546568,0.000135790094,-0.210211703,26.3696715,1739.439
0.287081328,0.00311318307,0.00045409356,0.000105468529,-0.239719131,22.9975514,1742.21409
0.287101389,0.147429312,-0.000499749432,9.48115179e-05,-0.209904395,26.4470129,1739.29742
0.287103712,0.00369468589,0.000529309539,0.000145137748,-0.239593838,23.0815885,1742.06184
0.287121521,0.147935415,-0.000407917583,6.27188958e-05,-0.209615857,26.5205874,1739.1628
0.287127705,0.00431800152,0.000606353833,0.000193653636,-0.239460675,23.1696804,1741.90006
0.287140301,0.148407569,-0.000319318367,3.84291959e-05,-0.209345153,26.5903664,1739.03542
0.287141358,0.0378358195,0.00119394576,0.00595220853,-0.233242906,25.0069007,1736.25563
0.287153424,0.00498613648,0.00068475632,0.000252110786,-0.239319336,23.2618866,1741.72844
0.287157823,0.14884805,-0.000234140643,2.09555059e-05,-0.209091358,26.6564168,1738.91537
0.287174168,0.149258983,-0.000152505044,9.32973332e-06,-0.208853562,26.7183938,1738.80261
0.287180992,0.0057023135,0.00076393714,0.000321688312,-0.239169548,23.3582489,1741.54675
0.287189418,0.14964235,-7.44713386e-05,2.96193804e-06,-0.208630878,26.7740254,1738.697
0.287192617,0.109085956,-0.00102436261,0.00710781657,-0.226933598,24.3121616,1738.55804
0.287203644,0.15,0,0,-0.208422382,26.7990154,1738.59828
0.287210543,0.00646998704,0.000843199203,0.00040364946,-0.239011084,23.4587761,1741.35482
0.287242218,0.00729285993,0.000921723734,0.000499335312,-0.238843775,23.5634392,1741.15262
0.287262956,0.040914044,0.00107441952,0.00639124674,-0.233084677,25.078361,1736.1642
0.287276171,0.00817490128,0.000998570115,0.000610154469,-0.238667528,23.6721618,1740.94025
0.287297094,0.075,8.82764793e-05,0.00901732342,-0.230865471,24.6905519,1736.24596
0.287312565,0.00912036556,0.00107268099,0.000737566081,-0.238482347,23.7848098,1740.71798
0.287316883,0.112164181,-0.00113238207,0.00661840534,-0.226494747,24.3901503,1738.97364
0.287351576,0.0101338132,0.00114289351,0.000883054793,-0.238288354,23.9011798,1740.48627
0.287393392,0.0112201325,0.00120795741,0.0010480959,-0.238085809,24.0209864,1740.24586
0.287393298,0.0442136074,0.00094832976,0.00681248007,-0.232957781,25.139068,1736.11452
0.287432813,0.115035914,-0.00122870522,0.00612193718,-0.226016631,24.4777609,1739.37884
0.287438215,0.0123845633,0.0012665603,0.00123410922,-0.237875146,24.1438494,1739.99771
0.287486261,0.0136327222,0.00131736007,0.00144240056,-0.237656991,24.2692821,1739.74312
0.287514531,0.0803647536,-4.89782275e-05,0.00894303518,-0.230904178,24.7063107,1736.60784
0.287533011,0.0477504251,0.000818418683,0.00720665065,-0.232865216,25.1889561,1736.10942
0.287537761,0.0149706296,0.00135902421,0.00167409028,-0.2374322,24.3966802,1739.48372
0.287540966,0.117715008,-0.00131199635,0.00562598679,-0.225506584,24.5744319,1739.76747
0.287592965,0.0164047389,0.00139027504,0.00193002931,-0.237201884,24.5253144,1739.22148
0.287641864,0.120214384,-0.00138126209,0.00513725599,-0.224971892,24.6793638,1740.13242
0.287652138,0.0179419674,0.00140993993,0.00221070382,-0.236967438,24.6543262,1738.95875
0.287682771,0.0515415566,0.000687365803,0.00756406405,-0.232808955,25.228448,1736.15122
0.287715567,0.0195897299,0.00141700488,0.00251613128,-0.236730569,24.7827299,1738.69825
0.287717382,0.0853696328,-0.000175494751,0.00877688485,-0.230902767,24.7233849,1736.98061
0.287735994,0.1225461,-0.00143587497,0.00466151087,-0.224419558,24.7915349,1740.46627
0.287783555,0.0213559743,0.00141066962,0.00284575155,-0.236493317,24.9094211,1738.44304
0.287823809,0.124721401,-0.00147557255,0.00420354908,-0.223856128,24.9097807,1740.76202
0.287843298,0.0556052884,0.000557532244,0.00787467868,-0.232789476,25.2583324,1736.24178
0.287856433,0.0232492201,0.00139040207,0.00319831843,-0.236258062,25.0331937,1738.19651
0.287905734,0.12675078,-0.00150042984,0.00376720889,-0.22328757,25.032849,1741.01392
0.287906625,0.0900387783,-0.00029505817,0.00853494907,-0.230851035,24.7447787,1737.36026
0.287934551,0.0252785992,0.00135598935,0.00357179776,-0.236027534,25.1527651,1737.96233
0.287982163,0.128644026,-0.00151082208,0.0033554039,-0.222719203,25.1594608,1741.21808
0.288015369,0.0599612217,0.000430721899,0.0081281802,-0.232805154,25.2798177,1736.38265
0.288018285,0.0274539002,0.00130758221,0.00396328089,-0.235804796,25.2668133,1737.74437
0.288053465,0.13041027,-0.00150737912,0.00297018567,-0.222155662,25.2883619,1741.37279
0.288083174,0.0943947116,-0.00040979559,0.00823089341,-0.230743849,24.7726263,1737.74418
0.288108041,0.0297856156,0.0012457296,0.00436891939,-0.235593209,25.3740197,1737.54661
0.288119984,0.132058033,-0.00149093924,0.00261282375,-0.221600899,25.4183672,1741.47858
0.288182041,0.133595261,-0.00146250421,0.00228389864,-0.221058207,25.5483924,1741.53794
0.288199812,0.0646303672,0.000307822785,0.00831371202,-0.23285147,25.2944613,1736.57533
0.288204251,0.0322849924,0.00117139804,0.00478389385,-0.235396382,25.4731284,1737.3731
0.288205545,0,0,0,-0.241446501,23.1733852,1743.23182
0.28821872,0.000357650242,4.58275343e-05,2.24080819e-06,-0.241375443,23.200614,1743.14509
0.288232841,0.000741017226,9.43209518e-05,6.82407383e-06,-0.241299483,23.2591901,1743.0523
0.288239935,0.13502937,-0.00142319775,0.00198340044,-0.220530256,25.6774755,1741.55486
0.288247978,0.00115195011,0.00014548884,1.54292732e-05,-0.241218353,23.3225305,1742.95309
0.28824788,0.0984584434,-0.000520323232,0.00787652877,-0.230579854,24.8082434,1738.13062
0.288264203,0.00159243101,0.000199319496,2.82558674e-05,-0.241131752,23.3901872,1742.8471
0.288281595,0.00206458457,0.000255758688,4.6087489e-05,-0.241039374,23.4615744,1742.73394
0.288293945,0.136367278,-0.0013742275,0.00171082898,-0.220019146,25.8047867,1741.53438
0.288300237,0.0025706882,0.000314698157,6.9625998e-05,-0.24094091,23.5368205,1742.61325
0.288307378,0.0349640862,0.00108597086,0.00520241401,-0.235218082,25.5629995,1737.22776
0.28832022,0.00311318307,0.000375965451,9.96824638e-05,-0.240836054,23.6159473,1742.48466
0.28834164,0.00369468589,0.000439314244,0.000137126088,-0.240724506,23.6990796,1742.34782
0.288344333,0.137615437,-0.0013168506,0.00146529087,-0.219526466,25.9296308,1741.48207
0.288364599,0.00431800152,0.000504412965,0.000182912206,-0.240605982,23.7862925,1742.20242
0.28838921,0.00498613648,0.000570835341,0.000238076815,-0.240480215,23.8776636,1742.04817
0.28839134,0.138779867,-0.00125234235,0.00124559059,-0.219053351,26.0514429,1741.40359
0.288397518,0.0696352464,0.000188682672,0.00841962329,-0.232919936,25.3045641,1736.82166
0.288401537,0.102249575,-0.000626279806,0.00748222647,-0.230360492,24.8527171,1738.51799
0.28841559,0.0057023135,0.00063805298,0.000303740237,-0.240346972,23.9732474,1741.88487
0.288417921,0.0378358195,0.000991213967,0.00561777738,-0.23506212,25.6426977,1737.11434
0.288435194,0.139866187,-0.00118196806,0.00105031325,-0.218600544,26.1697797,1741.30445
0.288443868,0.00646998704,0.00070542973,0.000381104886,-0.240206059,24.0730662,1741.71238
0.288474178,0.00729285993,0.000772219766,0.000471449039,-0.240057338,24.1771016,1741.53066
0.288476106,0.140879634,-0.00110695786,0.00087789759,-0.218168455,26.284308,1741.18972
0.288506669,0.00817490128,0.000837569979,0.000576115564,-0.239900743,24.2852851,1741.33982
0.288514274,0.141825099,-0.00102848478,0.000726698498,-0.21775721,26.3947916,1741.0639
0.288536413,0.040914044,0.000889214067,0.00602245881,-0.234932189,25.7115214,1737.0363
0.288541495,0.00912036556,0.000900527458,0.000696493654,-0.239736293,24.3974863,1741.14009
0.288544886,0.105786393,-0.000726688479,0.00705749563,-0.230089238,24.9067612,1738.90447
0.288549881,0.14270714,-0.000947646418,0.000595038821,-0.217366705,26.5010773,1740.93092
0.288578825,0.0101338132,0.00096005263,0.00083399207,-0.239564115,24.5134992,1740.93191
0.2885831,0.143530013,-0.000865450385,0.000481250889,-0.216996647,26.6030823,1740.79408
0.28860944,0.075,7.13139878e-05,0.00843337287,-0.232996577,25.3133136,1737.12427
0.28861409,0.144297686,-0.000782803763,0.000383708468,-0.216646594,26.700781,1740.65607
0.28861884,0.0112201325,0.00101503832,0.000990002426,-0.239384467,24.6330298,1740.71593
0.288643002,0.145013864,-0.000700506602,0.00030085021,-0.216315989,26.7941938,1740.51908
0.288661732,0.0123845633,0.00106433474,0.00116585136,-0.239197759,24.7556817,1740.49305
0.288663424,0.0442136074,0.00078226513,0.00640826874,-0.234831656,25.769106,1736.99669
0.288669974,0.145681998,-0.000619249311,0.000231195811,-0.216004187,26.8833773,1740.3848
0.28867862,0.109085956,-0.000820230388,0.0066111761,-0.229770994,24.970831,1739.28759
0.288695137,0.146305314,-0.000539613644,0.000173356084,-0.215710481,26.9684152,1740.25451
0.288707708,0.0136327222,0.0011067801,0.00136274085,-0.239004583,24.8809439,1740.26443
0.288718612,0.146886817,-0.000462076745,0.000126038515,-0.215434121,27.0494124,1740.12914
0.288740512,0.147429312,-0.000387017761,8.80491706e-05,-0.215174333,27.1264866,1740.00932
0.28875699,0.0149706296,0.00114123623,0.00158167674,-0.238805735,25.0081803,1740.03156
0.288760943,0.147935415,-0.000314727585,5.82926993e-05,-0.21493033,27.1997406,1739.89547
0.288780004,0.148407569,-0.000245420066,3.57513166e-05,-0.214701322,27.2691863,1739.78778
0.288797786,0.14884805,-0.000179237133,1.95164401e-05,-0.214486529,27.335007,1739.68635
0.288799568,0.0477504251,0.00067272811,0.00676651999,-0.234763307,25.8154281,1736.99812
0.288803382,0.112164181,-0.000905552293,0.00615153731,-0.229411591,25.0450164,1739.66401
0.288809815,0.0164047389,0.0011666283,0.00182338604,-0.238602243,25.1366221,1739.79623
0.288814375,0.149258983,-0.000116262019,8.68610807e-06,-0.214285184,27.3968425,1739.5911
0.288821361,0.0803647536,-4.02574843e-05,0.00834848723,-0.233056923,25.3222932,1737.46248
0.288829851,0.14964235,-5.65334389e-05,2.77909359e-06,-0.214096538,27.4528247,1739.50191
0.288844289,0.15,0,0,-0.213919802,27.4781958,1739.41854
0.288866439,0.0179419674,0.00118198776,0.00208822506,-0.238395396,25.2653646,1739.56057
0.288919775,0.115035914,-0.000981414088,0.00568619326,-0.22901738,25.1290929,1740.02932
0.288927134,0.0195897299,0.00118649705,0.00237608082,-0.238186763,25.3933712,1739.32704
0.288945502,0.0515415566,0.000562896851,0.00708823677,-0.234729008,25.8509267,1737.04271
0.288992194,0.0213559743,0.00117953459,0.00268626991,-0.237978216,25.5194824,1739.09841
0.289019067,0.0853696328,-0.000142592943,0.00818046247,-0.233080512,25.3328925,1737.80922
0.289028361,0.117715008,-0.00104678295,0.0052220423,-0.228594892,25.2225362,1740.37812
0.289061932,0.0232492201,0.00116071841,0.00301744011,-0.237771937,25.6424359,1738.87777
0.289101929,0.0556052884,0.000454788565,0.00736423216,-0.234729293,25.8763844,1737.13214
0.289129662,0.120214384,-0.00110089726,0.00476519581,-0.228150582,25.3245775,1740.70424
0.289136684,0.0252785992,0.00112994621,0.00336748025,-0.237570423,25.760893,1738.66845
0.28920351,0.0900387783,-0.000238889881,0.00794418592,-0.233058396,25.3480026,1738.16074
0.289216812,0.0274539002,0.00108742933,0.00373344743,-0.237376471,25.8734787,1738.47395
0.289224168,0.1225461,-0.00114328703,0.00432092095,-0.227690615,25.4342198,1741.00133
0.289269604,0.0599612217,0.000349924935,0.00758518515,-0.234762829,25.8930316,1737.26777
0.2893027,0.0297856156,0.0010337184,0.00411151617,-0.237193154,25.9788254,1738.29793
0.289312334,0.124721401,-0.00117376944,0.00389360791,-0.227220726,25.5503147,1741.26353
0.289375581,0.0943947116,-0.000331012749,0.00765221467,-0.232986181,25.3696955,1738.51467
0.289382711,0,0,0,-0.242432682,23.7736936,1743.40834
0.289394587,0.12675078,-0.00119242416,0.00348677312,-0.226746119,25.6716104,1741.48611
0.289394765,0.0322849924,0.000969716748,0.00449696173,-0.237023764,26.0756357,1738.14405
0.289395212,0.000357650242,3.65478377e-05,2.10617266e-06,-0.242369626,23.8006282,1743.33079
0.28940861,0.000741017226,7.55281953e-05,6.37530268e-06,-0.242302231,23.8583481,1743.24782
0.289422972,0.00115195011,0.000116970482,1.44250367e-05,-0.24223026,23.9205785,1743.15911
0.289438368,0.00159243101,0.00016088007,2.64019093e-05,-0.242153449,23.987117,1743.06434
0.289449335,0.0646303672,0.000249046093,0.00774141739,-0.234825717,25.9024422,1737.45086
0.289454869,0.00206458457,0.000207221676,4.30480355e-05,-0.242071529,24.0573539,1742.96317
0.289471321,0.128644026,-0.00119956442,0.00310308678,-0.226271407,25.7968199,1741.66603
0.289472558,0.0025706882,0.000255906403,6.50146943e-05,-0.241984229,24.1314545,1742.85527
0.289491518,0.00311318307,0.000306784178,9.30624525e-05,-0.241891282,24.209454,1742.7403
0.28949345,0.0349640862,0.000896676478,0.00488417346,-0.236871742,26.1627373,1738.0159
0.289511842,0.00369468589,0.00035963482,0.000128005797,-0.241792426,24.291475,1742.61795
0.289533627,0.00431800152,0.000414155987,0.000170745429,-0.241687413,24.3776165,1742.48796
0.289536109,0.0984584434,-0.000419566228,0.00731529314,-0.232862849,25.3992952,1738.86942
0.289542908,0.13041027,-0.00119569979,0.00274442859,-0.225800594,25.92467,1741.80218
0.289556979,0.00498613648,0.000469956898,0.000222260647,-0.241576014,24.4679749,1742.35005
0.28958201,0.0057023135,0.000526552628,0.000283614542,-0.24145803,24.5626171,1742.20406
0.28959923,0.0378358195,0.000816164037,0.00526672557,-0.236740567,26.2391708,1737.91691
0.28960884,0.00646998704,0.000583360976,0.0003559501,-0.241333298,24.6615779,1742.04986
0.289609693,0.132058033,-0.00118150063,0.00241195828,-0.225337075,26.0539479,1741.89535
0.2896376,0.00729285993,0.000639703132,0.000440483776,-0.241201708,24.7648486,1741.88742
0.28964199,0.0696352464,0.000152053969,0.00782264746,-0.234910562,25.9068652,1737.68292
0.289668427,0.00817490128,0.000694808582,0.000538492744,-0.241063212,24.8723656,1741.71684
0.289671998,0.133595261,-0.00115776346,0.0021061989,-0.224883666,26.1835328,1741.94798
0.289685868,0.102249575,-0.000504289142,0.00694282292,-0.232689861,25.4379187,1739.2236
0.289701472,0.00912036556,0.000747824681,0.000651294967,-0.240917844,24.983998,1741.53834
0.289712617,0.040914044,0.000730000075,0.00563747384,-0.236633616,26.3042141,1737.85023
0.289730123,0.13502937,-0.00112538017,0.00182712524,-0.224442634,26.3124197,1741.96378
0.289736892,0.0101338132,0.000797831104,0.000780220548,-0.240765734,25.0995327,1741.35231
0.289774859,0.0112201325,0.000843859115,0.000926573265,-0.240607133,25.2186608,1741.15935
0.289784349,0.136367278,-0.00108531017,0.00157425434,-0.224015755,26.4397309,1741.94728
0.289815557,0.0123845633,0.000884915363,0.00109158151,-0.240442428,25.3409634,1740.96027
0.289825582,0.105786393,-0.000584417773,0.00654341165,-0.232470466,25.4863344,1739.57558
0.289834156,0.0442136074,0.000640156744,0.0059887177,-0.236553977,26.3575085,1737.81868
0.289834938,0.137615437,-0.00103855547,0.00134673369,-0.223604357,26.5647211,1741.90341
0.289848498,0.075,5.73022006e-05,0.0078178917,-0.235005151,25.9092953,1737.96613
0.28985918,0.0136327222,0.000920009723,0.00127633835,-0.240272171,25.465899,1740.75613
0.289882133,0.138779867,-0.000986137964,0.00114342484,-0.223209382,26.6867753,1741.83716
0.289905941,0.0149706296,0.000948186445,0.00148173111,-0.240097099,25.5927934,1740.54826
0.289926163,0.139866187,-0.000929078494,0.000962980091,-0.222831435,26.8054024,1741.7533
0.289955923,0.109085956,-0.000658923743,0.00612505584,-0.232209149,25.5450286,1739.92316
0.289956063,0.0164047389,0.000968557955,0.00170836158,-0.239918162,25.7208331,1740.33829
0.289964435,0.0477504251,0.000548638941,0.00631238236,-0.236504217,26.3990597,1737.82462
0.289967238,0.140879634,-0.000868377563,0.000803911087,-0.222470837,26.9202256,1741.65622
0.290005559,0.141825099,-0.000804997787,0.000664648258,-0.222127672,27.0309709,1741.5498
0.29000979,0.0179419674,0.000980340265,0.00195645898,-0.239736541,25.8490634,1740.12813
0.290041308,0.14270714,-0.000739848268,0.000543590949,-0.22180183,27.1374545,1741.43739
0.290055006,0.0803647536,-3.21486139e-05,0.00772299079,-0.23508608,25.9117469,1738.28088
0.29006738,0.0195897299,0.000982889343,0.0022257883,-0.239553674,25.9763936,1739.92
0.29007466,0.143530013,-0.000673771279,0.000439148182,-0.221493046,27.2395699,1741.32181
0.290077521,0.112164181,-0.0007267399,0.00569524679,-0.231911188,25.6141292,1740.26337
0.290104082,0.0515415566,0.000457385866,0.0066002299,-0.236486087,26.4293203,1737.87
0.290105774,0.144297686,-0.000607531574,0.00034977051,-0.22120093,27.3372753,1741.20534
0.290129111,0.0213559743,0.000975736671,0.00251555803,-0.239371269,26.1016084,1739.71642
0.290134801,0.145013864,-0.000541808641,0.000273973662,-0.220925003,27.4305818,1741.08983
0.290161881,0.145681998,-0.000477192032,0.000210354933,-0.220664713,27.519542,1740.9767
0.290187145,0.146305314,-0.000414179748,0.00015760325,-0.220419462,27.6042398,1740.86701
0.290190962,0.115035914,-0.00078689209,0.00526089042,-0.231582282,25.6934649,1740.59232
0.290195281,0.0232492201,0.000958623396,0.00282433266,-0.239191316,26.2233894,1739.52015
0.290210713,0.146886817,-0.000353179443,0.000114504384,-0.220188617,27.6847821,1740.76154
0.290232701,0.147429312,-0.000294512182,7.99411038e-05,-0.21997153,27.761289,1740.66081
0.290247661,0.0853696328,-0.000113710565,0.00755366838,-0.235133404,25.9161288,1738.6019
0.290253214,0.147935415,-0.000238417248,5.28940187e-05,-0.219767545,27.8338928,1740.56515
0.29025377,0.0556052884,0.000368084524,0.00684391723,-0.236500149,26.4490784,1737.95633
0.290266208,0.0252785992,0.000931530927,0.00314995453,-0.239016089,26.3403443,1739.33421
0.29027235,0.148407569,-0.000185057711,3.24230989e-05,-0.219576008,27.9026604,1740.47472
0.290290203,0.14884805,-0.000134528599,1.77005835e-05,-0.219396272,27.9676851,1740.38956
0.290296793,0.117715008,-0.000838570656,0.00482825815,-0.231228265,25.7825539,1740.90523
0.290306859,0.149258983,-8.68673741e-05,7.86880495e-06,-0.219227706,28.0284928,1740.30963
0.290322397,0.14964235,-4.20611658e-05,2.53793367e-06,-0.219069697,28.0838498,1740.23479
0.290336893,0.15,0,0,-0.218921588,28.1091668,1740.16485
0.290342236,0.0274539002,0.000894706038,0.00348948438,-0.238848135,26.4510481,1739.16176
0.290395525,0.120214384,-0.00088118582,0.00440291063,-0.230854867,25.8806362,1741.19675
0.290414221,0.0599612217,0.000281996975,0.00703508231,-0.23654531,26.4595773,1738.08479
0.29042373,0.0297856156,0.000848679696,0.00383916398,-0.238690246,26.5540893,1739.0061
0.290427392,0.0900387783,-0.000190042947,0.00732364682,-0.235139355,25.9251976,1738.92575
0.290487633,0.1225461,-0.000914383374,0.00398964418,-0.230467539,25.9867288,1741.46141
0.290496585,0,0,0,-0.243365838,24.3504449,1743.57537
0.290508356,0.000357650242,2.84124049e-05,1.951489e-06,-0.243310197,24.3770225,1743.50644
0.290511084,0.0322849924,0.00079427662,0.00419441241,-0.238545415,26.6481349,1738.87055
0.290520973,0.000741017226,5.9061317e-05,5.86288872e-06,-0.243250736,24.4337083,1743.4327
0.290534497,0.00115195011,9.19924722e-05,1.32829435e-05,-0.243187248,24.4946293,1743.35386
0.290548994,0.00159243101,0.000127222154,2.43028455e-05,-0.243119503,24.5598627,1743.26964
0.290564533,0.00206458457,0.000164726201,3.96243106e-05,-0.243047265,24.6287633,1743.17972
0.290573563,0.124721401,-0.000938033818,0.00359246349,-0.230071329,26.0996968,1741.69424
0.29058119,0.0025706882,0.000204428992,5.98449331e-05,-0.242970298,24.7015414,1743.08382
0.290586209,0.0646303672,0.000199732213,0.00716515778,-0.236618207,26.4624105,1738.25645
0.290595067,0.0943947116,-0.000262761533,0.00704439916,-0.23510023,25.9409649,1739.25032
0.290599044,0.00311318307,0.000246195305,8.56747801e-05,-0.242888371,24.7782528,1742.98164
0.29060472,0.0349640862,0.000732610187,0.00454985016,-0.238416769,26.7319861,1738.75838
0.290618182,0.00369468589,0.000289821047,0.000117877283,-0.242801257,24.8590222,1742.87291
0.290638697,0.00431800152,0.000335025662,0.000157298485,-0.242708741,24.9439709,1742.75738
0.290653729,0.12675078,-0.000952213806,0.00321457894,-0.229670798,26.2182793,1741.89134
0.290660686,0.00498613648,0.000381447003,0.000204863605,-0.242610628,25.0332115,1742.63483
0.290684256,0.0057023135,0.00042863768,0.000261579963,-0.242506749,25.1268248,1742.5051
0.290705088,0.0378358195,0.000665046891,0.00489937664,-0.238307472,26.8046575,1738.67268
0.290709522,0.00646998704,0.000476064744,0.000328532506,-0.24239697,25.2248565,1742.36807
0.290728517,0.128644026,-0.000957182827,0.00285842836,-0.229269976,26.3411756,1742.05032
0.290736604,0.00729285993,0.000523112906,0.000406876036,-0.242281204,25.3273045,1742.22375
0.290751494,0.0984584434,-0.000332426619,0.00672563366,-0.235015326,25.9648048,1739.57418
0.290765633,0.00817490128,0.000569091634,0.000497820743,-0.24215942,25.4341064,1742.0722
0.290770564,0.0696352464,0.000121222019,0.00722512297,-0.236712394,26.4597716,1738.47255
0.290796749,0.00912036556,0.000613246257,0.000602610352,-0.242031663,25.5451253,1741.91364
0.290798288,0.13041027,-0.000953352422,0.00252572754,-0.228872343,26.4670889,1742.17046
0.290812673,0.040914044,0.000593151146,0.00523627295,-0.238220597,26.865425,1738.61633
0.290830103,0.0101338132,0.00065477293,0.000722491662,-0.241898066,25.6601351,1741.74843
0.290863379,0.132058033,-0.000941258907,0.00221753272,-0.22848084,26.594774,1742.25272
0.290865856,0.0112201325,0.000692837174,0.000858674745,-0.241758866,25.7788057,1741.57711
0.290897428,0.102249575,-0.000398876034,0.00637580956,-0.234886118,25.9978245,1739.89611
0.290904179,0.0123845633,0.000726595548,0.00101228349,-0.24161443,25.9006891,1741.40041
0.290924104,0.133595261,-0.000921535932,0.00193431565,-0.228097893,26.7230703,1742.29943
0.290927994,0.0442136074,0.000518592786,0.00555336687,-0.238158963,26.9139455,1738.59186
0.290945258,0.0136327222,0.000755219954,0.00118429647,-0.241465268,26.025207,1741.21928
0.290968175,0.075,4.51054152e-05,0.00720541637,-0.236817202,26.4544604,1738.73488
0.290980755,0.13502937,-0.000894891433,0.00167604229,-0.227725448,26.8509272,1742.314
0.29098929,0.0149706296,0.000777923815,0.00137547906,-0.241312061,26.1516417,1741.03492
0.291033572,0.105786393,-0.000461544501,0.00600265142,-0.234715637,26.0408102,1740.2147
0.291033606,0.136367278,-0.000862087286,0.00144225439,-0.227365017,26.9774169,1742.3005
0.291036489,0.0164047389,0.00079398975,0.00158630789,-0.241155678,26.2791309,1740.84879
0.291051607,0.0477504251,0.000443044699,0.00584322099,-0.238124927,26.950237,1738.60145
0.291082911,0.137615437,-0.00082392145,0.00123214896,-0.227017724,27.1017421,1742.26331
0.291087081,0.0179419674,0.000802797788,0.00181689009,-0.2409972,26.4066669,1740.66261
0.291128909,0.138779867,-0.00078121181,0.00104465398,-0.226684356,27.223236,1742.20682
0.291141311,0.0195897299,0.000803854101,0.0020668797,-0.240837934,26.5331034,1740.47837
0.291160583,0.109085956,-0.000519640919,0.00561332264,-0.234507975,26.0943165,1740.52802
0.291165786,0.0803647536,-2.63188891e-05,0.00710378929,-0.236910551,26.4490158,1739.02509
0.291171821,0.139866187,-0.000734781026,0.000878498598,-0.226365411,27.3413585,1742.13519
0.291184108,0.0515415566,0.000368123216,0.00609833866,-0.238120118,26.9747621,1738.64683
0.291199441,0.0213559743,0.000796818148,0.00233539509,-0.240679434,26.6571694,1740.29831
0.291211855,0.140879634,-0.000685442284,0.000732276232,-0.226061143,27.4556886,1742.05224
0.291249204,0.141825099,-0.000633985751,0.000604500299,-0.225771603,27.5659142,1741.96133
0.291261751,0.0232492201,0.000781529019,0.00262094266,-0.240523506,26.7774922,1740.12494
0.291279075,0.112164181,-0.000572349463,0.00521453641,-0.234267883,26.1585155,1740.83346
0.291284047,0.14270714,-0.000581165871,0.000493651813,-0.225496678,27.6718214,1741.86536
0.291316552,0.143530013,-0.000527689771,0.000398218891,-0.225236125,27.7732821,1741.76674
0.291326138,0.0556052884,0.000295217163,0.00631120674,-0.238145115,26.9883445,1738.72935
0.29132854,0.0252785992,0.000758027821,0.0029213501,-0.24037221,26.8926283,1739.96093
0.291346877,0.144297686,-0.000474207131,0.000316728274,-0.224989598,27.870241,1741.66743
0.291350141,0.0853696328,-9.11061986e-05,0.00693588156,-0.236973355,26.4459447,1739.31984
0.291375168,0.145013864,-0.000421301884,0.000247769254,-0.224756678,27.962704,1741.56899
0.291389618,0.115035914,-0.000618927296,0.00481248202,-0.234000454,26.2332832,1741.12761
0.291400133,0.0274539002,0.000726575505,0.00323371994,-0.240227852,27.001108,1739.80915
0.291401561,0.145681998,-0.000369486053,0.000190010686,-0.224536888,28.050726,1741.47264
0.291426184,0.146305314,-0.000319195918,0.000142211686,-0.224329715,28.1343998,1741.37928
0.291449154,0.146886817,-0.000270790589,0.000103227398,-0.224134621,28.2138483,1741.28956
0.291470585,0.147429312,-0.000224552877,7.20102174e-05,-0.223951057,28.2892187,1741.2039
0.291476873,0.0297856156,0.000687666903,0.00355440422,-0.240092958,27.1014814,1739.67256
0.291478379,0.0599612217,0.000225358106,0.00647438733,-0.238199035,26.9922433,1738.85004
0.291490577,0.147935415,-0.000180692308,4.76128457e-05,-0.22377847,28.3606748,1741.12259
0.291492745,0.117715008,-0.000658761281,0.00441278369,-0.233710857,26.3181792,1741.40634
0.291509228,0.148407569,-0.000139349817,2.91639881e-05,-0.223616313,28.428254,1741.04575
0.291522129,0.0900387783,-0.000151437127,0.00671426123,-0.236998859,26.4478518,1739.616
0.291526628,0.14884805,-0.000100607734,1.5906198e-05,-0.223464047,28.4921396,1740.97341
0.291542861,0.149258983,-6.4494746e-05,7.04185294e-06,-0.223321144,28.5518944,1740.90551
0.291550569,0,0,0,-0.244248821,24.9035805,1743.7334
0.291558005,0.14964235,-3.09936161e-05,2.28075858e-06,-0.223187095,28.6066573,1740.84195
0.291559131,0.0322849924,0.000642037979,0.00387901213,-0.239970235,27.1923856,1739.55412
0.29156146,0.000357650242,2.1400056e-05,1.77886058e-06,-0.244199964,24.9296929,1743.67255
0.291572133,0.15,0,0,-0.223061341,28.6318691,1740.78254
0.291573134,0.000741017226,4.48720019e-05,5.29386328e-06,-0.244147757,24.9851235,1743.60744
0.291585647,0.00115195011,7.04724802e-05,1.20177497e-05,-0.244092023,25.0444824,1743.53784
0.291588955,0.120214384,-0.000691419722,0.00402042737,-0.233404144,26.4124702,1741.66505
0.29159906,0.00159243101,9.82222257e-05,2.19849882e-05,-0.24403256,25.1081608,1743.46347
0.291613438,0.00206458457,0.000128100872,3.58588072e-05,-0.243969162,25.1755021,1743.38408
0.29162885,0.0025706882,0.000160038438,5.41852715e-05,-0.243901626,25.2467489,1743.2994
0.291641567,0.0646303672,0.000159041414,0.00658036169,-0.238278996,26.9880458,1739.00979
0.291645369,0.00311318307,0.000193907564,7.76247109e-05,-0.243829749,25.3219543,1743.20917
0.291647304,0.0349640862,0.000590661167,0.00420244061,-0.239862512,27.2725951,1739.45679
0.291663077,0.00369468589,0.000229514088,0.000106891237,-0.243753335,25.4012761,1743.11315
0.29167871,0.1225461,-0.000716654371,0.00363971405,-0.233085098,26.5151928,1741.8991
0.291682057,0.00431800152,0.000266593564,0.000142780299,-0.243672201,25.4848561,1743.01112
0.29168258,0.0943947116,-0.000208695636,0.00644935259,-0.236983933,26.4566809,1739.91165
0.291702403,0.00498613648,0.000304807874,0.000186166113,-0.243586178,25.5728185,1742.90289
0.291724211,0.0057023135,0.000343744139,0.00023800241,-0.243495124,25.6652564,1742.78832
0.291741817,0.0378358195,0.00053470739,0.00451895677,-0.23977265,27.3411104,1739.38336
0.291747588,0.00646998704,0.000382916932,0.000299317339,-0.243398926,25.7622227,1742.66731
0.291762445,0.124721401,-0.000734385069,0.00327423264,-0.232758122,26.6252216,1742.10435
0.291772646,0.00729285993,0.000421773728,0.000371203783,-0.243297517,25.8637168,1742.53986
0.291799505,0.00817490128,0.000459703617,0.000454802995,-0.243190877,25.9696711,1742.40604
0.29181649,0.0696352464,9.62173544e-05,0.00662128402,-0.238379413,26.9779,1739.2096
0.291828296,0.00912036556,0.000496049107,0.000551280904,-0.243079057,26.0799358,1742.26604
0.291832268,0.0984584434,-0.000263384004,0.006149883,-0.236928109,26.4737664,1740.20556
0.291840563,0.12675078,-0.000744692312,0.0029268566,-0.232427178,26.7412966,1742.27766
0.291843126,0.040914044,0.000475501172,0.004822306,-0.239703434,27.3972149,1739.33641
0.291859156,0.0101338132,0.000530120638,0.000661796284,-0.242962185,26.1942636,1742.1202
0.291892236,0.0112201325,0.000561213384,0.000787460449,-0.242840484,26.3122956,1741.96899
0.291913441,0.128644026,-0.000747795055,0.00259976448,-0.23209575,26.8621091,1742.41718
0.291927695,0.0123845633,0.000588625963,0.000929288572,-0.24271429,26.4335472,1741.81307
0.291951719,0.0442136074,0.000414433692,0.00510587293,-0.239657422,27.4405758,1739.31822
0.291965703,0.0136327222,0.000611680682,0.00108814271,-0.242584073,26.5573966,1741.65329
0.291971915,0.102249575,-0.000315398253,0.00582342685,-0.236832833,26.5002664,1740.49666
0.291981429,0.13041027,-0.000744025519,0.002294483,-0.231766832,26.9863409,1742.52256
0.29200399,0.075,3.57744212e-05,0.00658891384,-0.238491015,26.964409,1739.45093
0.292006444,0.0149706296,0.0006297445,0.00126466801,-0.242450449,26.6830773,1741.49071
0.292044857,0.132058033,-0.000733809247,0.00201194418,-0.231442943,27.1127194,1742.59484
0.292050114,0.0164047389,0.000642250736,0.00145922258,-0.242314206,26.8096736,1741.32663
0.292068121,0.0477504251,0.000352870815,0.00536287281,-0.239636764,27.4712321,1739.33075
0.292096925,0.0179419674,0.000648720643,0.00167180439,-0.242176319,26.9361223,1741.16259
0.292102194,0.105786393,-0.000364318889,0.00547688787,-0.236700907,26.5370412,1740.7837
0.292104031,0.133595261,-0.000717642688,0.00175255308,-0.231126147,27.2400483,1742.63624
0.292147101,0.0195897299,0.000648785918,0.00190197648,-0.242037969,27.0612208,1741.00036
0.292159234,0.13502937,-0.000696076744,0.00151625649,-0.230818094,27.3672342,1742.64985
0.29219149,0.0803647536,-2.05972695e-05,0.00648265219,-0.238593111,26.9506619,1739.71675
0.292192893,0.0515415566,0.000292135171,0.00558654387,-0.239642971,27.4896612,1739.37554
0.292200886,0.0213559743,0.000642208113,0.00214879433,-0.24190055,27.1836429,1740.84193
0.292210735,0.136367278,-0.000669702435,0.00130261614,-0.230520051,27.4933006,1742.6393
0.292223733,0.109085956,-0.00040953969,0.00511665866,-0.23653604,26.584643,1741.065
0.292258537,0.0232492201,0.000628898535,0.00241074085,-0.241765688,27.3019621,1740.68952
0.292258781,0.137615437,-0.000639138707,0.00111087891,-0.230232957,27.6173982,1742.60842
0.292303604,0.138779867,-0.000605021764,0.000940044251,-0.229957457,27.7388068,1742.56106
0.292320335,0.0252785992,0.000608934546,0.00268566986,-0.241635232,27.4146865,1740.54552
0.292326636,0.0556052884,0.000233363806,0.0057701847,-0.239676628,27.4967346,1739.45379
0.29233712,0.112164181,-0.000450438925,0.00474872962,-0.236342499,26.6432828,1741.33828
0.29234542,0.139866187,-0.000567994916,0.000788926668,-0.22969395,27.8569334,1742.50081
0.292366413,0.0853696328,-7.14584381e-05,0.00631786846,-0.238667573,26.9397802,1739.98563
0.292384431,0.140879634,-0.000528699032,0.000656212459,-0.229442628,27.9713067,1742.43097
0.292386575,0.0274539002,0.00058257178,0.00297077187,-0.24151125,27.5203089,1740.41249
0.292420825,0.141825099,-0.00048776307,0.000540510278,-0.229203513,28.0815687,1742.3544
0.2924429,0.115035914,-0.000486450102,0.00437862698,-0.236124819,26.7128754,1741.60056
0.292454778,0.14270714,-0.000445794755,0.000440395035,-0.228976489,28.1874649,1742.27359
0.292457579,0.0297856156,0.000550253664,0.00326255911,-0.241396009,27.6173436,1740.29306
0.292469996,0.0599612217,0.000177385968,0.00590724083,-0.239737032,27.4937206,1739.56638
0.292486453,0.143530013,-0.00040337149,0.000354445036,-0.228761333,28.2888335,1742.19058
0.292516004,0.144297686,-0.000361031752,0.000281272354,-0.228557739,28.3855932,1742.10703
0.292529601,0.0900387783,-0.00011856839,0.00610600016,-0.238708561,26.9342071,1740.25475
0.292533688,0.0322849924,0.000512619056,0.00355688165,-0.241291937,27.7043996,1740.18989
0.292541585,0.117715008,-0.000517108654,0.00401137055,-0.235887579,26.793002,1741.84826
0.292543572,0.145013864,-0.000319267297,0.000219546583,-0.228365339,28.4777316,1742.02426
0.292547883,0,0,0,-0.24508433,25.433142,1743.88293
0.292557925,0.000357650242,1.54696152e-05,1.58886217e-06,-0.245041811,25.4587806,1743.82966
0.292568688,0.000741017226,3.28673742e-05,4.67181884e-06,-0.244996385,25.5128581,1743.77265
0.292569291,0.145681998,-0.000278516552,0.000168012429,-0.228183725,28.565293,1741.94329
0.292580226,0.00115195011,5.22534385e-05,1.06392808e-05,-0.244947898,25.5705449,1743.7117
0.292592593,0.00159243101,7.36450358e-05,1.94714809e-05,-0.244896176,25.6325838,1743.64659
0.292593284,0.146305314,-0.000239159562,0.000125501297,-0.22801246,28.6483665,1741.86487
0.29260585,0.00206458457,9.7019694e-05,3.17936431e-05,-0.244841042,25.6982976,1743.57707
0.29261527,0.0349640862,0.000470499098,0.00384896116,-0.241201568,27.7802305,1740.1056
0.292615668,0.146886817,-0.000201514773,9.09387106e-05,-0.22785109,28.7270774,1741.78955
0.292620059,0.0025706882,0.00012230544,4.81017446e-05,-0.24478232,25.7679725,1743.50291
0.292623664,0.0646303672,0.000124586712,0.00599117279,-0.239821736,27.4821817,1739.71403
0.292633649,0.120214384,-0.000542102182,0.00365140716,-0.235635229,26.8829616,1742.07742
0.292635291,0.00311318307,0.000149374263,6.90117135e-05,-0.244719837,25.8416642,1743.42389
0.292636551,0.147429312,-0.000165837919,6.33445288e-05,-0.227699157,28.8015692,1741.71767
0.292651617,0.00369468589,0.000178037309,9.51892284e-05,-0.244653427,25.9195589,1743.33981
0.292656032,0.147935415,-0.000132323691,4.18399659e-05,-0.2275562,28.8720136,1741.64946
0.292669118,0.00431800152,0.000208042411,0.00012738238,-0.244582932,26.0018147,1743.25045
0.292674207,0.148407569,-0.000101107477,2.56127496e-05,-0.227421768,28.9384549,1741.58502
0.292681843,0.0943947116,-0.000163091858,0.00585645728,-0.238713453,26.9358324,1740.52242
0.292687877,0.00498613648,0.000239072887,0.000166415515,-0.244508213,26.0885693,1743.15567
0.292691163,0.14884805,-7.22637592e-05,1.39779228e-05,-0.227295417,29.0011216,1741.52436
0.292702718,0.0378358195,0.000424876787,0.00413347742,-0.241127471,27.8438337,1740.04269
0.292706981,0.149258983,-4.58188169e-05,6.18434782e-06,-0.227176718,29.0595139,1741.46744
0.292707985,0.0057023135,0.000270749266,0.000213189129,-0.24442915,26.1799249,1743.05534
0.292719538,0.1225461,-0.000561259122,0.00330257613,-0.235371962,26.9818113,1742.28411
0.292721738,0.14964235,-2.17638905e-05,2.03693879e-06,-0.227065252,29.113432,1741.41415
0.292729538,0.00646998704,0.000302633688,0.000268672899,-0.244345653,26.2759379,1742.94938
0.292735505,0.15,0,0,-0.226960556,29.1385383,1741.36433
0.292752642,0.00729285993,0.000334236985,0.000333894025,-0.244257669,26.3766045,1742.83779
0.292777407,0.00817490128,0.000365028213,0.000409918945,-0.244165194,26.4818457,1742.72065
0.292788382,0.0696352464,7.49345401e-05,0.00601522678,-0.23992594,27.4642342,1739.89753
0.292796454,0.040914044,0.000376854318,0.00440467821,-0.241072145,27.8944973,1740.00346
0.292799666,0.124721401,-0.000574533932,0.00296807478,-0.235101622,27.0884167,1742.4649
0.292803952,0.00912036556,0.000394446218,0.000497828156,-0.24406828,26.5914923,1742.59813
0.292823872,0.0984584434,-0.000205478913,0.00557703854,-0.238681973,26.946011,1740.78755
0.292832406,0.0101338132,0.000421912775,0.000598683701,-0.243967053,26.7052696,1742.47052
0.292862907,0.0112201325,0.000446846841,0.000713489406,-0.243861721,26.8227833,1742.33825
0.292874418,0.12675078,-0.000582006225,0.00265045682,-0.234827655,27.2015241,1742.61721
0.2928956,0.0123845633,0.000468679777,0.000843144226,-0.243752595,26.9435075,1742.20191
0.29289693,0.0442136074,0.000327567378,0.00465652909,-0.241037891,27.9318963,1739.98997
0.292930644,0.0136327222,0.00048687145,0.000988388632,-0.243640101,27.0667723,1742.06225
0.292944156,0.128644026,-0.000583858025,0.00235165567,-0.234553074,27.3198161,1742.73965
0.292956373,0.102249575,-0.000245665044,0.00527448085,-0.238615522,26.9658587,1741.04921
0.292964944,0.075,2.75361474e-05,0.00597238213,-0.240041646,27.4422859,1740.11806
0.292968208,0.0149706296,0.00050092619,0.00114974641,-0.243524799,27.1917591,1741.92022
0.29300463,0.0477504251,0.000278104424,0.00488290671,-0.241026655,27.9561036,1740.00394
0.293008473,0.0164047389,0.000510409567,0.00132746052,-0.2434074,27.317499,1741.77696
0.293009216,0.13041027,-0.00058035703,0.00207301771,-0.234280462,27.4419474,1742.83211
0.293051633,0.0179419674,0.000514963391,0.00152142856,-0.24328878,27.4428743,1741.63383
0.293069911,0.132058033,-0.000571840697,0.00181535721,-0.234011979,27.5666195,1742.89567
0.293079986,0.105786393,-0.000283336504,0.00495490795,-0.238516673,26.9962442,1741.30633
0.293097897,0.0195897299,0.000514323152,0.00173113735,-0.243169997,27.5666239,1741.49239
0.293120075,0.0515415566,0.000229527865,0.00507777164,-0.241039816,27.9676164,1740.04676
0.293126535,0.133595261,-0.000558696335,0.00157901731,-0.233749388,27.6925994,1742.93238
0.293141506,0.0803647536,-1.6392833e-05,0.00586344552,-0.24014958,27.4199878,1740.35993
0.293147487,0.0213559743,0.000508331342,0.00195559949,-0.243052303,27.6873712,1741.35441
0.29317936,0.13502937,-0.000541350459,0.00136392856,-0.233494089,27.8187509,1742.94503
0.293195307,0.109085956,-0.000318040185,0.00462398581,-0.238388775,27.0377781,1741.55745
0.293200643,0.0232492201,0.000496952402,0.00219329988,-0.242937148,27.8036393,1741.22184
0.293228642,0.136367278,-0.000520258923,0.00116967585,-0.23324715,27.9440478,1742.93685
0.293243821,0.0556052884,0.000182760975,0.00523520326,-0.241077944,27.9673198,1740.11946
0.293257621,0.0252785992,0.000480285428,0.00244214853,-0.242826186,27.9138964,1741.09681
0.293274618,0.137615437,-0.000495898255,0.000995559878,-0.233009355,28.0675876,1742.9112
0.293302892,0.112164181,-0.000349311639,0.00428701743,-0.238235635,27.0907097,1741.80059
0.293306224,0.0853696328,-5.58044603e-05,0.00570335105,-0.240232648,27.4010864,1740.60359
0.29331751,0.138779867,-0.000468759079,0.000840656525,-0.232781237,28.1885955,1742.87142
0.293318696,0.0274539002,0.000458569601,0.00269945648,-0.24272126,28.0166026,1740.98157
0.293357525,0.139866187,-0.000439339505,0.000703871975,-0.232563114,28.306423,1742.82064
0.293376465,0.0599612217,0.000138458961,0.00534947365,-0.241140482,27.9564971,1740.2228
0.293384162,0.0297856156,0.00043218982,0.0029619296,-0.242624394,28.1102373,1740.87843
0.293394855,0.140879634,-0.000408139281,0.000583992727,-0.232355132,28.4205453,1742.76167
0.293403261,0.115035914,-0.000376726673,0.00394889576,-0.238061275,27.1549873,1742.03317
0.293429681,0.141825099,-0.000375653614,0.000479730675,-0.23215729,28.5305543,1742.69701
0.293454337,0.0322849924,0.000401688676,0.00322569215,-0.242537749,28.193392,1740.78977
0.293459892,0.0900387783,-9.20938422e-05,0.005502434,-0.240285837,27.3878564,1740.84654
0.293462171,0.14270714,-0.000342366886,0.000389762585,-0.231969472,28.6361508,1742.62875
0.293491575,0,0,0,-0.245874915,25.9391821,1744.02441
0.293492482,0.143530013,-0.000308746084,0.000312764136,-0.231791473,28.7371353,1742.55865
0.293496896,0.117715008,-0.000399939998,0.00361405906,-0.237869729,27.2302132,1742.25211
0.293500614,0.000357650242,1.05832507e-05,1.38528073e-06,-0.245838171,25.9642463,1743.97821
0.293510302,0.000741017226,2.29622637e-05,4.00735761e-06,-0.245798917,26.0167751,1743.92876
0.293518646,0.0646303672,9.6906708e-05,0.00541493643,-0.241225352,27.9367137,1740.35739
0.293520688,0.00115195011,3.719434e-05,9.16887664e-06,-0.245757022,26.0725791,1743.87589
0.293520759,0.144297686,-0.000275234113,0.000247438412,-0.231623018,28.8333966,1742.48813
0.293529557,0.0349640862,0.000367764164,0.00348632135,-0.242463587,28.2648071,1740.7179
0.29353182,0.00159243101,5.32857762e-05,1.68008914e-05,-0.245712337,26.1328092,1743.81939
0.293543752,0.00206458457,7.12056731e-05,2.74958759e-05,-0.245664711,26.1967325,1743.75907
0.29354714,0.145013864,-0.00024224316,0.000192538875,-0.231463785,28.9249006,1742.41829
0.293556543,0.0025706882,9.08752817e-05,4.17009122e-05,-0.245613991,26.2646759,1743.69472
0.293570253,0.00311318307,0.000112162733,5.99917553e-05,-0.245560031,26.3367244,1743.62614
0.293571751,0.145681998,-0.000210148439,0.000146887138,-0.23131342,29.011679,1742.34999
0.29358425,0.120214384,-0.000418733442,0.00328643258,-0.237664898,27.3157159,1742.45406
0.293584949,0.00369468589,0.000134882097,8.29901313e-05,-0.245502689,26.4130882,1743.55315
0.293594711,0.146305314,-0.0001792826,0.000109385253,-0.231171545,29.0938162,1742.28387
0.293600701,0.00431800152,0.000158792756,0.000111399766,-0.24544183,26.4939357,1743.47559
0.293603252,0.0943947116,-0.000126231117,0.00526913136,-0.240306977,27.3820948,1741.08729
0.293610185,0.0378358195,0.000331226301,0.0037389365,-0.242404195,28.3234808,1740.66503
0.29361613,0.146886817,-0.000149931134,7.90243301e-05,-0.231037777,29.1714405,1742.22038
0.293617587,0.00498613648,0.000183600509,0.000145996449,-0.245377336,26.5794151,1743.39331
0.293635686,0.0057023135,0.000208961414,0.000187627192,-0.245309108,26.6696321,1743.30622
0.293636113,0.147429312,-0.00012232905,5.48849367e-05,-0.230911726,29.2447053,1742.15981
0.293654755,0.147935415,-9.66587567e-05,3.61470823e-05,-0.230793011,29.3138245,1742.10234
0.293655087,0.00646998704,0.000234487801,0.000237200904,-0.245237073,26.7646394,1743.21423
0.293665744,0.1225461,-0.00043299684,0.00296940576,-0.237450439,27.4105691,1742.6357
0.293671051,0.0696352464,5.80849777e-05,0.00542581887,-0.24132843,27.9100346,1740.52384
0.293672147,0.148407569,-7.30500595e-05,2.20612914e-05,-0.230681256,29.378926,1742.04806
0.293675883,0.00729285993,0.000259756123,0.000295674885,-0.245161188,26.8644217,1743.11737
0.293688372,0.14884805,-5.15809183e-05,1.20105509e-05,-0.2305761,29.4402036,1741.99696
0.293696611,0.040914044,0.000292977412,0.0039783073,-0.242361804,28.368705,1740.63319
0.293698174,0.00817490128,0.000284316375,0.000364035015,-0.245081456,26.9688801,1743.01569
0.293703509,0.149258983,-3.22775746e-05,5.28135163e-06,-0.230477195,29.4970305,1741.94901
0.29371763,0.14964235,-1.51223261e-05,1.75456146e-06,-0.230384206,29.5497932,1741.90411
0.293722068,0.00912036556,0.000307702537,0.000443269953,-0.244997929,27.077817,1742.90936
0.293730804,0.15,0,0,-0.230296755,29.5745652,1741.86212
0.293736995,0.0984584434,-0.000158595204,0.00501035998,-0.240295952,27.3851574,1741.32489
0.293741772,0.124721401,-0.000442712941,0.00266579267,-0.237229691,27.5136372,1742.79419
0.293747681,0.0101338132,0.000329443406,0.000534339042,-0.244910723,27.1909215,1742.79862
0.293775134,0.0112201325,0.000349073751,0.000638134478,-0.244820026,27.3077573,1742.68386
0.293789252,0.0442136074,0.000253924867,0.00419898978,-0.242338474,28.4001719,1740.62419
0.293804562,0.0123845633,0.000366146185,0.000755437827,-0.244726118,27.4277517,1742.56559
0.2938127,0.12675078,-0.000447957093,0.00237783242,-0.237005632,27.6236688,1742.92747
0.293834415,0.075,2.12823561e-05,0.00537617974,-0.241442832,27.8786752,1740.7231
0.293836106,0.0136327222,0.000380242512,0.000886870926,-0.244629379,27.5501819,1742.44447
0.293861767,0.102249575,-0.000189156564,0.00473206917,-0.240254105,27.3981876,1741.55856
0.293869918,0.0149706296,0.000390985501,0.0010328456,-0.244530306,27.6741756,1742.32132
0.293878869,0.128644026,-0.000448880369,0.00210721313,-0.236780857,27.7393295,1743.03451
0.293888554,0.0477504251,0.000214911873,0.00439551913,-0.242335949,28.4179956,1740.63956
0.293906162,0.0164047389,0.000398052079,0.00119350448,-0.244429528,27.7987043,1742.19716
0.2939406,0.13041027,-0.000445699067,0.00185509867,-0.23655758,27.8592573,1743.11537
0.293945011,0.0179419674,0.00040118118,0.00136866547,-0.244327822,27.9225973,1742.07316
0.293978169,0.105786393,-0.000217699951,0.00443964821,-0.240183784,27.4220714,1741.78738
0.293986654,0.0195897299,0.00040018894,0.00155776765,-0.24422612,28.0445358,1741.95068
0.293994996,0.0515415566,0.00017677641,0.00456256116,-0.242355487,28.4226986,1740.68052
0.293997778,0.0803647536,-1.26467666e-05,0.00526784181,-0.24155087,27.8469083,1740.94088
0.29399819,0.132058033,-0.000438679608,0.00162218412,-0.236337643,27.9821334,1743.17111
0.294031291,0.0213559743,0.000394978854,0.00175981415,-0.244125527,28.1630957,1741.83128
0.294051917,0.133595261,-0.000428121207,0.00140874784,-0.236122542,28.1066869,1743.20364
0.294079138,0.0232492201,0.000385547794,0.00197333152,-0.24402732,28.2767629,1741.71666
0.294086762,0.109085956,-0.000243885251,0.00413807518,-0.240087992,27.4574369,1742.01009
0.29410204,0.13502937,-0.000414350194,0.00121470016,-0.235913457,28.2317405,1743.21545
0.294109092,0.0556052884,0.000140257392,0.00469494385,-0.242397638,28.4151832,1740.74795
0.294130425,0.0252785992,0.000371999469,0.00219633024,-0.243932955,28.3839575,1741.60868
0.2941488,0.136367278,-0.000397714028,0.00103964675,-0.235711285,28.3562228,1743.20937
0.294150183,0.0853696328,-4.29452673e-05,0.00511502857,-0.241636712,27.8191563,1741.15959
0.2941854,0.0274539002,0.000354545703,0.00242628563,-0.243844057,28.4831065,1741.5093
0.294188071,0.112164181,-0.000267374686,0.00383200186,-0.239970111,27.5045694,1742.22501
0.294192424,0.137615437,-0.000378573718,0.000882941358,-0.235516675,28.479182,1743.18834
0.294231392,0.0599612217,0.000105859382,0.00478772021,-0.242461979,28.3967315,1740.84248
0.294233121,0.138779867,-0.000357300755,0.000743737144,-0.235330061,28.599792,1743.15525
0.294244328,0.0297856156,0.000333505462,0.00266014224,-0.243762403,28.5726676,1741.42056
0.294271088,0.139866187,-0.000334272995,0.000621034974,-0.235151696,28.7173512,1743.1128
0.294282584,0.115035914,-0.000287858392,0.00352571817,-0.239833684,27.5634472,1742.42992
0.294292365,0.0900387783,-7.07000472e-05,0.00492699878,-0.241696059,27.7975223,1741.37699
0.294306509,0.140879634,-0.000309871567,0.000513726543,-0.234981687,28.8312829,1743.0634
0.294307494,0.0322849924,0.000309325171,0.00289434294,-0.243689897,28.6512202,1741.34452
0.294339553,0.141825099,-0.000284477196,0.000420633782,-0.234820015,28.941129,1743.00919
0.294362485,0.0646303672,7.37875941e-05,0.00483607873,-0.242546774,28.3689121,1740.96459
0.29437038,0.14270714,-0.00025846648,0.00034054335,-0.234666565,29.0465444,1742.95194
0.294370757,0.117715008,-0.000305085232,0.00322310546,-0.239682243,27.6336954,1742.62222
0.294375201,0.0349640862,0.000282576917,0.00312485956,-0.243628526,28.7174905,1741.28322
0.294384528,0,0,0,-0.246622993,26.4217377,1744.15828
0.294392581,0.000357650242,6.67659646e-06,1.17369335e-06,-0.246591632,26.4462146,1744.11869
0.29439914,0.143530013,-0.000232207677,0.000272236868,-0.23452115,29.1472885,1742.89315
0.294401213,0.000741017226,1.50232361e-05,3.31146807e-06,-0.246558132,26.4971109,1744.07632
0.294410466,0.00115195011,2.50818264e-05,7.62891571e-06,-0.246522383,26.5509528,1744.03101
0.294420384,0.00159243101,3.68410467e-05,1.40140456e-05,-0.246484258,26.6093525,1743.98259
0.294425009,0.0943947116,-9.67040407e-05,0.00471125832,-0.241727106,27.7837672,1741.59178
0.294425971,0.144297686,-0.000206056093,0.000214516685,-0.234383525,29.2432154,1742.83401
0.294431015,0.00206458457,5.02566596e-05,2.3032739e-05,-0.24644363,26.6715033,1743.93088
0.294442411,0.0025706882,6.52384068e-05,3.50876819e-05,-0.246400369,26.7377732,1743.8757
0.294447776,0.0378358195,0.000253911099,0.00334728336,-0.243580305,28.7704795,1741.23859
0.294451001,0.145013864,-0.000180349097,0.000166227241,-0.234253406,29.3342638,1742.77546
0.294453015,0.120214384,-0.000318912446,0.0029275874,-0.239519184,27.7146677,1742.79906
0.294454626,0.00311318307,8.1650162e-05,5.07161675e-05,-0.246354352,26.8082686,1743.8169
0.29446772,0.00369468589,9.93090226e-05,7.04986222e-05,-0.24630546,26.8832195,1743.75431
0.294474353,0.145681998,-0.000155400947,0.000126272328,-0.234130483,29.4204459,1742.71822
0.294481755,0.00431800152,0.000117987097,9.50945562e-05,-0.246253581,26.9628026,1743.6878
0.294496138,0.146305314,-0.000131497586,9.36276396e-05,-0.234014432,29.5018348,1742.66282
0.294496799,0.00498613648,0.000137415085,0.000125229717,-0.246198616,27.0471704,1743.61724
0.294503006,0.0696352464,4.4035408e-05,0.00483515562,-0.242648535,28.3337558,1741.11475
0.294512925,0.0057023135,0.000157287725,0.000161693681,-0.246140484,27.1364258,1743.54255
0.294516462,0.146886817,-0.00010889182,6.73506892e-05,-0.233904924,29.5785565,1742.60963
0.29452557,0.040914044,0.000224050632,0.00355692895,-0.243547197,28.8094839,1741.21241
0.294529755,0.1225461,-0.000329279064,0.00264211681,-0.239347675,27.8054516,1742.95772
0.29453021,0.00646998704,0.00017727062,0.0002053284,-0.246079126,27.230611,1743.46367
0.294535422,0.147429312,-8.77991228e-05,4.65829515e-05,-0.233801632,29.6507675,1742.5589
0.294548739,0.00729285993,0.000197008045,0.000257013125,-0.246014512,27.3296928,1743.38062
0.294548755,0.0984584434,-0.000121277768,0.00447390153,-0.241729846,27.7791788,1741.80314
0.294553111,0.147935415,-6.83951478e-05,3.05613119e-05,-0.233704235,29.7186705,1742.51077
0.294568599,0.00817490128,0.000216131075,0.00031764371,-0.245946649,27.433546,1743.29344
0.294569613,0.148407569,-5.08130537e-05,1.85851065e-05,-0.233612424,29.7823436,1742.46531
0.294585008,0.14884805,-3.51465164e-05,1.00921073e-05,-0.233525902,29.8421519,1742.42251
0.294589888,0.00912036556,0.000234265699,0.00038810732,-0.245875588,27.5419373,1743.20229
0.29459937,0.149258983,-2.14483996e-05,4.4054968e-06,-0.233444385,29.897424,1742.38234
0.294601348,0.124721401,-0.000336187441,0.00236913489,-0.239170597,27.9049235,1743.09586
0.294608958,0.0442136074,0.000193701708,0.00374895362,-0.243531019,28.834216,1741.20627
0.294612708,0.0101338132,0.000251041114,0.00046925212,-0.245801434,27.6545138,1743.10738
0.294612769,0.14964235,-9.74754348e-06,1.48842593e-06,-0.233367606,29.9491225,1742.34472
0.294625269,0.15,0,0,-0.233295247,29.9736672,1742.30952
0.294637168,0.0112201325,0.000266098014,0.00056185294,-0.245724359,27.7707934,1743.00904
0.29465363,0.075,1.60499194e-05,0.00478001087,-0.242761414,28.2932827,1741.2937
0.294663387,0.0123845633,0.000279096951,0.000666570746,-0.245644609,27.8901486,1742.90773
0.294664199,0.102249575,-0.000144405172,0.00422014925,-0.241705536,27.7848718,1742.0104
0.294668137,0.12675078,-0.000339706556,0.00211057361,-0.238990505,28.0118289,1743.21184
0.294691491,0.0136327222,0.000289724696,0.000783909142,-0.245562522,28.0118032,1742.804
0.294698342,0.0477504251,0.000163494145,0.00391854407,-0.243533316,28.8448323,1741.2215
0.294721617,0.0149706296,0.000297704238,0.000914175415,-0.245478534,28.1348383,1742.69859
0.294730447,0.128644026,-0.000339963813,0.00186787827,-0.238809616,28.1248112,1743.30493
0.294753908,0.0164047389,0.000302804759,0.00105742328,-0.245393198,28.2581541,1742.59235
0.2947719,0.105786393,-0.000165931704,0.00395471607,-0.241656296,27.8017925,1742.21277
0.294788521,0.0179419674,0.000304844869,0.00121340519,-0.245307192,28.3805362,1742.4863
0.294788577,0.13041027,-0.000337133738,0.00164203054,-0.238629813,28.2424966,1743.37532
0.294794153,0.0515415566,0.000134076394,0.00406104581,-0.24355521,28.8418772,1741.25914
0.294804254,0.0803647536,-9.58922887e-06,0.00467333997,-0.242869238,28.2523577,1741.48851
0.294825624,0.0195897299,0.000303701801,0.00138153498,-0.245221333,28.5006288,1742.38163
0.294842807,0.132058033,-0.000331424194,0.00143360541,-0.238452653,28.3635544,1743.42405
0.294865394,0.0213559743,0.000299322092,0.00156083246,-0.245136584,28.6169453,1742.27967
0.294872376,0.109085956,-0.00018560675,0.00368195683,-0.241584799,27.8305748,1742.4092
0.294893399,0.133595261,-0.00032306371,0.00124281401,-0.238279398,28.4866736,1743.45283
0.294896853,0.0556052884,0.000106033144,0.00417198807,-0.243597213,28.8262543,1741.31998
0.294908023,0.0232492201,0.00029172396,0.00174989214,-0.245054059,28.7279374,1742.18189
0.294940598,0.13502937,-0.00031229899,0.00106954227,-0.238111032,28.6106354,1743.46388
0.294944774,0.0853696328,-3.23533164e-05,0.00452858851,-0.242957377,28.2160538,1741.68343
0.294953718,0.0252785992,0.000281005576,0.00194685505,-0.244975026,28.8319862,1742.0899
0.294966112,0.112164181,-0.000203185881,0.00340593327,-0.241494032,27.8715323,1742.59822
0.29498463,0.136367278,-0.000299390968,0.000913413415,-0.2379483,28.7343323,1743.45967
0.295002699,0.0274539002,0.000267346757,0.00214939048,-0.244900899,28.92749,1742.0054
0.295006938,0.0599612217,7.9741241e-05,0.00424714019,-0.243658998,28.7992663,1741.40454
0.295025709,0.137615437,-0.000284607503,0.000773832029,-0.237791734,28.8567665,1743.44275
0.29505356,0.115035914,-0.000218442071,0.0031303913,-0.241387099,27.9246652,1742.77795
0.295055201,0.0297856156,0.000251001193,0.0023547103,-0.244833225,29.0128988,1741.93015
0.295064032,0.138779867,-0.000268224025,0.00065002698,-0.237641684,28.9770613,1743.4156
0.295075868,0.0900387783,-5.30710654e-05,0.00435398003,-0.243022202,28.1863031,1741.87649
0.295099785,0.139866187,-0.000250520247,0.000541094207,-0.237498349,29.0944629,1743.38053
0.295111479,0.0322849924,0.000232326084,0.00255960194,-0.244773661,29.0867801,1741.86594
0.295124938,0.0646303672,5.53411185e-05,0.00428243784,-0.243739113,28.7624814,1741.5132
0.295133139,0.140879634,-0.000231779122,0.000446032854,-0.2373618,29.2083428,1743.3396
0.295135142,0.117715008,-0.000231189584,0.00285871173,-0.241267085,27.9896131,1742.94618
0.295164255,0.141825099,-0.000212285011,0.000363779189,-0.237232009,29.318191,1743.29461
0.295171803,0.0349640862,0.000211780454,0.00276045255,-0.244723935,29.1478497,1741.81451
0.295193284,0.14270714,-0.000192321969,0.000293235854,-0.237108864,29.4236131,1743.24707
0.295198167,0.0943947116,-7.23662137e-05,0.00415613068,-0.24306225,28.1647831,1742.06658
0.295211251,0.120214384,-0.000241338467,0.00259386892,-0.241136939,28.0657489,1743.10053
0.295220366,0.143530013,-0.000172171496,0.000233297821,-0.236992194,29.5243221,1743.19825
0.295229469,0,0,0,-0.247330849,26.8812191,1744.28495
0.29523653,0.000357650242,3.70787757e-06,9.6880179e-07,-0.247304489,26.9049649,1744.25155
0.295236465,0.0378358195,0.00018987224,0.00295334082,-0.244685801,29.1951171,1741.77754
0.295244099,0.000741017226,8.94141781e-06,2.59287199e-06,-0.247276334,26.9541079,1744.2158
0.295245632,0.144297686,-0.000152109878,0.000182874793,-0.236881782,29.6201313,1743.14913
0.295251423,0.0696352464,3.28350355e-05,0.00427380693,-0.243834601,28.7178675,1741.64633
0.295252212,0.00115195011,1.57196467e-05,6.0397055e-06,-0.247246293,27.0060355,1744.17756
0.295260908,0.00159243101,2.40191142e-05,1.11647477e-05,-0.24721426,27.0626287,1744.13668
0.295269202,0.145013864,-0.000132405037,0.000140910193,-0.236777377,29.7109439,1743.10052
0.29527023,0.00206458457,3.37780294e-05,1.84983156e-05,-0.247180128,27.1230478,1744.09302
0.295280222,0.0025706882,4.48954901e-05,2.84054109e-05,-0.247143791,27.187715,1744.04644
0.295282255,0.1225461,-0.000248860261,0.00233842507,-0.240999402,28.1521695,1743.2387
0.295290933,0.00311318307,5.72319656e-05,4.13863821e-05,-0.247105147,27.256756,1743.99678
0.295291191,0.145681998,-0.000113312913,0.000106397178,-0.23667871,29.7967444,1743.053
0.295302413,0.00369468589,7.06107259e-05,5.79812582e-05,-0.247064095,27.3304154,1743.94392
0.295305777,0.040914044,0.000167168583,0.0031341339,-0.244660966,29.2278858,1741.75658
0.295311706,0.146305314,-9.50733657e-05,7.83907144e-05,-0.236585502,29.8775846,1743.00702
0.295312263,0.0984584434,-9.05171711e-05,0.00394035892,-0.243077613,28.1527812,1742.25301
0.29531472,0.00431800152,8.48215459e-05,7.88034974e-05,-0.247020546,27.4088796,1743.88775
0.295327911,0.00498613648,9.96254751e-05,0.00010452494,-0.246974418,27.4923021,1743.82815
0.295330844,0.146886817,-7.79058501e-05,5.6018543e-05,-0.236497471,29.9535789,1742.96288
0.29534205,0.0057023135,0.000114760706,0.000135871342,-0.246925647,27.5807765,1743.76507
0.295348495,0.124721401,-0.000253765402,0.00209448946,-0.240856952,28.2477552,1743.3588
0.295348698,0.147429312,-6.2004557e-05,3.8482234e-05,-0.236414339,30.0248729,1742.92079
0.295357206,0.00646998704,0.000129949408,0.000173609605,-0.246874185,27.6743267,1743.69846
0.295365355,0.147935415,-4.75351195e-05,2.50753899e-05,-0.236335836,30.0917083,1742.88085
0.295373453,0.00729285993,0.000144904662,0.000218531368,-0.246820013,27.7728891,1743.62833
0.295380072,0.0442136074,0.000144203107,0.00329858995,-0.244651016,29.2458911,1741.75298
0.295380894,0.148407569,-3.46327869e-05,1.514417e-05,-0.236261706,30.154187,1742.84312
0.295387003,0.075,1.17969117e-05,0.00421716413,-0.243940497,28.6672681,1741.80451
0.295390867,0.00817490128,0.000159336062,0.000271431803,-0.246763141,27.8762997,1743.55473
0.295395391,0.14884805,-2.33973224e-05,8.18487837e-06,-0.236191708,30.2126812,1742.8076
0.295408915,0.149258983,-1.38833042e-05,3.54170416e-06,-0.236125616,30.2662637,1742.77424
0.295409533,0.00912036556,0.000172955657,0.000333087317,-0.246703616,27.9842844,1743.47778
0.295410292,0.12675078,-0.000256114179,0.00186372098,-0.240711784,28.3512418,1743.45952
0.295418705,0.102249575,-0.000107527524,0.00371119958,-0.243069463,28.1513999,1742.43522
0.295421532,0.14964235,-6.11402633e-06,1.22577365e-06,-0.236063222,30.3166296,1742.74299
0.295429542,0.0101338132,0.000185484125,0.000404228791,-0.246641536,28.0964461,1743.39768
0.295433303,0.15,0,0,-0.236004277,30.3408374,1742.71373
0.295450989,0.0112201325,0.000196655482,0.000485511132,-0.24657705,28.2122515,1743.31471
0.295459709,0.0477504251,0.00012142343,0.0034425319,-0.244657303,29.2493389,1741.76789
0.295467944,0.128644026,-0.000256012517,0.00164735139,-0.240565791,28.4612629,1743.54033
0.295473978,0.0123845633,0.00020622319,0.000577474669,-0.246510376,28.3310067,1743.22926
0.295498621,0.0136327222,0.000213963453,0.000680510141,-0.246441807,28.4518945,1743.1418
0.295518007,0.105786393,-0.000123282483,0.00347272567,-0.243039703,28.161585,1742.61256
0.295521729,0.13041027,-0.000253598894,0.00144620495,-0.240420574,28.5764208,1743.6015
0.295522583,0.0803647536,-7.39108492e-06,0.00411566478,-0.244042327,28.6162016,1741.97625
0.295525035,0.0149706296,0.000219680994,0.00079483093,-0.246371721,28.5739495,1743.05295
0.295545073,0.0515415566,9.93198659e-05,0.00356195597,-0.244680818,29.238794,1741.80222
0.295553349,0.0164047389,0.000223215573,0.000920417468,-0.246300596,28.6960062,1742.96345
0.295571905,0.132058033,-0.000249033179,0.00126075295,-0.240277455,28.6953691,1743.644
0.295583699,0.0179419674,0.000224448473,0.00105697781,-0.246229018,28.8168056,1742.87417
0.295610648,0.109085956,-0.000137605889,0.00322869844,-0.242990697,28.1839955,1742.78413
0.295616231,0.0195897299,0.000223303977,0.00120392273,-0.246157689,28.9349483,1742.7861
0.295618716,0.133595261,-0.000242488831,0.00109115046,-0.240137494,28.8167622,1743.66939
0.295636575,0.0556052884,7.83441311e-05,0.00365305016,-0.24472203,29.2151516,1741.85661
0.295649069,0.0853696328,-2.4360947e-05,0.00398169685,-0.24412691,28.5704505,1742.14765
0.295651102,0.0213559743,0.000219755506,0.00136031572,-0.246087436,29.0488996,1742.7004
0.295662386,0.13502937,-0.000234153071,0.000937267062,-0.24000152,28.9393428,1743.6796
0.29568848,0.0232492201,0.000213831936,0.00152484801,-0.246019219,29.1570709,1742.61831
0.295697074,0.112164181,-0.000150330462,0.00298261346,-0.242925055,28.218975,1742.94871
0.295703127,0.136367278,-0.00022422134,0.000798748178,-0.239870149,29.0619747,1743.67678
0.295728547,0.0252785992,0.000205620182,0.00169582009,-0.245954123,29.2578217,1742.5412
0.295734656,0.0599612217,5.87747956e-05,0.00371225223,-0.244780699,29.1797397,1741.9315
0.295741135,0.137615437,-0.000212890883,0.000675050064,-0.239743822,29.1836107,1743.66315
0.295767069,0.0900387783,-3.97323144e-05,0.00382247852,-0.244191174,28.5317782,1742.31701
0.295771494,0.0274539002,0.000195265637,0.00187112533,-0.245893362,29.3495265,1742.47051
0.295776594,0.138779867,-0.000200364964,0.000565476126,-0.239622822,29.3033293,1743.64082
0.295777703,0.115035914,-0.000161297663,0.00273769038,-0.242845475,28.2665459,1743.10475
0.295809673,0.139866187,-0.000186849113,0.000469215858,-0.239507305,29.4203292,1743.61177
0.295817529,0.0297856156,0.000182959741,0.00204826925,-0.245838263,29.4306304,1742.40774
0.29583979,0.0646303672,4.07049381e-05,0.00373618447,-0.244855627,29.1341322,1742.02718
0.295840534,0.140879634,-0.000172551543,0.000385373777,-0.23939732,29.5339336,1743.57777
0.295852923,0.117715008,-0.000170374249,0.00249682347,-0.242754617,28.3263606,1743.25039
0.295866874,0.0322849924,0.000168978391,0.00222440562,-0.245790243,29.4996942,1742.35442
0.295869325,0.141825099,-0.000157682591,0.00031299896,-0.23929283,29.6435838,1743.54034
0.295877154,0.0943947116,-5.39934799e-05,0.00364378395,-0.244233921,28.5017463,1742.48337
0.295896184,0.14270714,-0.000142454001,0.000251109505,-0.239193732,29.7488378,1743.50076
0.295919768,0.0349640862,0.000153681115,0.00239635451,-0.245750785,29.5554249,1742.31203
0.295921242,0.143530013,-0.000127078038,0.000198714305,-0.23909987,29.8493641,1743.4601
0.295923097,0.120214384,-0.000177514016,0.00226254767,-0.242655014,28.3978143,1743.38366
0.295944618,0.144297686,-0.000111766283,0.000154832048,-0.239011051,29.9449345,1743.41919
0.295952483,0.0696352464,2.41354392e-05,0.0037214861,-0.244944351,29.0802289,1742.14393
0.295966427,0.145013864,-9.67279986e-05,0.000118507464,-0.238927056,30.0354158,1743.3787
0.295976465,0.0378358195,0.000137451219,0.00256069379,-0.24572139,29.5968455,1742.28199
0.295979854,0.0984584434,-6.73657379e-05,0.00345020798,-0.244255288,28.4816515,1742.64614
0.295986772,0.145681998,-8.21680184e-05,8.88255371e-05,-0.238847648,30.1207623,1743.33913
0.295988563,0.1225461,-0.000182715389,0.00203703966,-0.242549003,28.4800172,1743.50271
0.296005753,0.146305314,-6.82839042e-05,6.49224137e-05,-0.238772584,30.2010029,1743.30084
0.296023461,0.146886817,-5.52626399e-05,4.59967579e-05,-0.238701619,30.2762404,1743.26409
0.29602898,0,0,0,-0.248000647,27.3175767,1744.4048
0.296034986,0.000357650242,1.56385397e-06,8.01437569e-07,-0.247978883,27.3399779,1744.37718
0.296037238,0.040914044,0.000120722764,0.00271384638,-0.245703524,29.6232665,1742.26562
0.29603998,0.147429312,-4.32765194e-05,3.13111425e-05,-0.238634513,30.3466064,1743.22904
0.296041423,0.000741017226,4.49913077e-06,1.85135125e-06,-0.247955639,27.3871705,1744.34761
0.296048323,0.00115195011,8.79643073e-06,4.42424782e-06,-0.247930841,27.4375859,1744.31597
0.296049638,0.124721401,-0.000185993921,0.00182207911,-0.242438693,28.5718499,1743.60601
0.296055392,0.147935415,-3.24784071e-05,2.0211211e-05,-0.238571035,30.4123088,1743.19578
0.296055719,0.00159243101,1.44094636e-05,8.32990795e-06,-0.247904401,27.4923284,1744.28214
0.296063647,0.00206458457,2.12596985e-05,1.4012574e-05,-0.247876231,27.5511025,1744.24599
0.296069769,0.148407569,-2.29992872e-05,1.20832616e-05,-0.238510967,30.4734543,1743.16435
0.296072145,0.0025706882,2.92430047e-05,2.18298236e-05,-0.247846245,27.6142843,1744.20742
0.296073279,0.075,8.75046691e-06,0.00366485002,-0.24504272,29.0197052,1742.28219
0.296075665,0.102249575,-7.98554957e-05,0.00324565967,-0.24425634,28.4726063,1742.80486
0.296081255,0.00311318307,3.8223919e-05,3.22411329e-05,-0.247814358,27.6820337,1744.1663
0.296083183,0.14884805,-1.49473694e-05,6.47433551e-06,-0.238454107,30.530581,1743.13475
0.296091019,0.00369468589,4.80360393e-05,4.57463074e-05,-0.24778049,27.7545965,1744.12252
0.296095696,0.149258983,-8.39943047e-06,2.75701197e-06,-0.23840027,30.5826291,1743.10693
0.296101485,0.00431800152,5.84908358e-05,6.2908014e-05,-0.247744567,27.8321514,1744.07598
0.296102382,0.0442136074,0.000103884016,0.00285216812,-0.245698546,29.634448,1742.26407
0.296106617,0.12675078,-0.000187402731,0.00161905102,-0.242325938,28.6720381,1743.69256
0.29610737,0.14964235,-3.41542407e-06,9.83317753e-07,-0.238349287,30.6318422,1743.08085
0.296112704,0.00498613648,6.93835106e-05,8.43370945e-05,-0.247706523,27.9148348,1744.02662
0.296118261,0.15,0,0,-0.238300955,30.6557398,1743.05641
0.29612473,0.0057023135,8.04986893e-05,0.000110686337,-0.247666307,28.0027199,1743.97436
0.29613762,0.00646998704,9.16166021e-05,0.000142638132,-0.247623882,28.0958048,1743.91918
0.296151437,0.00729285993,0.000102518896,0.00018088648,-0.247579233,28.1939827,1743.86108
0.296159772,0.128644026,-0.000187029048,0.00142897123,-0.24221233,28.7792161,1743.76201
0.296165049,0.105786393,-9.13847142e-05,0.00303363815,-0.244238756,28.4755339,1742.95897
0.296166247,0.00817490128,0.000112991134,0.000226116041,-0.247532372,28.2970482,1743.80012
0.29617221,0.0477504251,8.7230697e-05,0.00297209876,-0.245707622,29.6306522,1742.27831
0.296182123,0.00912036556,0.000122824029,0.000278986965,-0.247483342,28.4046936,1743.73639
0.296194076,0.0803647536,-5.21068445e-06,0.00356973153,-0.245137908,28.958713,1742.43186
0.29619914,0.0101338132,0.000131817559,0.000340111398,-0.247432226,28.516467,1743.67006
0.296209363,0.13041027,-0.000184981891,0.00125250488,-0.24209921,28.8919698,1743.81469
0.296217381,0.0112201325,0.00013978471,0.000410024371,-0.247379152,28.6317762,1743.60136
0.296236933,0.0123845633,0.000146554444,0.000489152945,-0.247324306,28.7498786,1743.53062
0.296247058,0.0515415566,7.11242073e-05,0.00307025047,-0.245731613,29.6124621,1742.3091
0.296248436,0.109085956,-0.000101825943,0.00281737528,-0.244204603,28.4911033,1743.10774
0.296255626,0.132058033,-0.000181381634,0.00109001474,-0.241987678,29.0089277,1743.85148
0.296257891,0.0136327222,0.000151975672,0.000577789143,-0.247267933,28.8699069,1743.45823
0.296280357,0.0149706296,0.000155918636,0.000676065591,-0.247210354,28.9908347,1743.38471
0.296298786,0.133595261,-0.000176360161,0.000941592167,-0.241878613,29.128706,1743.87378
0.296304437,0.0164047389,0.000158276271,0.000783910245,-0.247151972,29.1114603,1743.31067
0.296306769,0.0853696328,-1.75030217e-05,0.00344739295,-0.245218154,28.9037223,1742.58083
0.296326231,0.112164181,-0.000111064107,0.00259986942,-0.244156146,28.5196792,1743.25012
0.296327289,0.0556052884,5.59062152e-05,0.00314342663,-0.245770943,29.5807824,1742.35696
0.296330249,0.0179419674,0.000158974393,0.000901014937,-0.247093277,29.2304688,1743.23684
0.296339051,0.13502937,-0.000170057373,0.000807085418,-0.241772693,29.2500334,1743.88326
0.296357917,0.0195897299,0.00015797048,0.00102681275,-0.24703486,29.3464086,1743.16406
0.296376615,0.136367278,-0.000162613069,0.000686157017,-0.241670425,29.3717429,1743.88178
0.296387575,0.0213559743,0.000155254521,0.00116044064,-0.246977415,29.4577223,1743.09326
0.296398806,0.115035914,-0.000118986327,0.00238388152,-0.244095714,28.5612978,1743.38482
0.296411659,0.137615437,-0.000154168651,0.000578308031,-0.241572159,29.4927318,1743.8712
0.296411903,0.0900387783,-2.85758256e-05,0.00330408875,-0.245280901,28.8563423,1742.72763
0.296413288,0.0599612217,4.17794116e-05,0.00318868284,-0.245825441,29.5369472,1742.42227
0.296419365,0.0232492201,0.000150855237,0.00130071992,-0.246921746,29.562784,1743.0255
0.296444353,0.138779867,-0.000144870117,0.000482911455,-0.241478122,29.6120475,1743.85335
0.296453441,0.0252785992,0.000144844771,0.00144614215,-0.246868763,29.6599311,1742.96192
0.296466513,0.117715008,-0.000125491646,0.00217188755,-0.244025595,28.6156141,1743.51028
0.296474853,0.139866187,-0.000134863259,0.000399247323,-0.241388429,29.7288418,1743.82989
0.296489967,0.0274539002,0.000137334184,0.00159485544,-0.246819482,29.7475167,1742.90371
0.296503307,0.140879634,-0.000124295157,0.000326523129,-0.241303111,29.8423919,1743.80228
0.296505472,0.0646303672,2.87995117e-05,0.00320326382,-0.245894138,29.4825081,1742.50523
0.296509984,0.0943947116,-3.88029155e-05,0.00314479718,-0.245325189,28.818073,1742.87146
0.296529119,0.0297856156,0.000128456013,0.00174468596,-0.246775015,29.8239868,1742.85213
0.296529678,0.120214384,-0.000130560522,0.00196604878,-0.243947955,28.6820395,1743.62488
0.296529853,0.141825099,-0.000113315008,0.000263900405,-0.241222127,29.9520931,1743.77183
0.296554617,0.14270714,-0.000102073656,0.00021051464,-0.241145382,30.0574572,1743.73959
0.296571087,0.0322849924,0.000118414969,0.00189317405,-0.246736548,29.8879017,1742.80845
0.296577721,0.143530013,-9.07236444e-05,0.000165492385,-0.241072736,30.1581077,1743.70644
0.296588606,0.1225461,-0.000134205658,0.0017682161,-0.243864789,28.7596927,1743.72708
0.296599274,0.144297686,-7.94191227e-05,0.000127966866,-0.241004023,30.2537731,1743.67309
0.296601486,0.0984584434,-4.83559192e-05,0.00297343335,-0.245351194,28.7901508,1743.01183
0.296604284,0.0696352464,1.69619206e-05,0.00318444493,-0.245975017,29.4193263,1742.60604
0.296616073,0.0349640862,0.0001074845,0.0020375896,-0.246705322,29.9379576,1742.7739
0.296619382,0.145013864,-6.83154074e-05,9.70911389e-05,-0.240939051,30.3442794,1743.64008
0.296638141,0.145681998,-5.75682868e-05,7.20499369e-05,-0.240877617,30.429545,1743.60783
0.296643581,0.124721401,-0.000136440328,0.00157989431,-0.243777888,28.847447,1743.81566
0.296655642,0.146305314,-4.73325496e-05,5.20688622e-05,-0.240819511,30.5095673,1743.57662
0.296664293,0.0378358195,9.59391751e-05,0.00217501955,-0.246682595,29.9731917,1742.74967
0.296671968,0.146886817,-3.77603983e-05,3.64246889e-05,-0.240764522,30.5844222,1743.54667
0.29668685,0.102249575,-5.72402791e-05,0.0027933205,-0.24535987,28.7736511,1743.14836
0.2966872,0.147429312,-2.89996522e-05,2.44472034e-05,-0.240712443,30.6542285,1743.5181
0.296694869,0.12675078,-0.000137307436,0.00140224417,-0.243688821,28.9440178,1743.88982
0.29670141,0.147935415,-2.11902578e-05,1.55369572e-05,-0.240663075,30.7192057,1743.49099
0.2967102,0.075,6.04558919e-06,0.00312960764,-0.246064663,29.3489169,1742.72503
0.296714666,0.148407569,-1.44529377e-05,9.12944819e-06,-0.240616232,30.7794367,1743.46537
0.29671598,0.040914044,8.4101885e-05,0.0023024425,-0.246669593,29.9929194,1742.73686
0.296727033,0.14884805,-8.89147402e-06,4.80059201e-06,-0.240571742,30.8354196,1743.44122
0.296738571,0.149258983,-4.58990613e-06,1.99390191e-06,-0.240529453,30.886352,1743.41851
0.296742715,0.128644026,-0.000136875749,0.00123610828,-0.243598933,29.0480285,1743.94935
0.296749334,0.14964235,-1.62150163e-06,8.12229424e-07,-0.240489228,30.9340312,1743.3972
0.296759376,0.15,0,0,-0.240450902,30.9569582,1743.3772
0.296766487,0.105786393,-6.54069292e-05,0.00260742324,-0.245352685,28.7695253,1743.28059
0.296771384,0.0442136074,7.22434961e-05,0.00241680669,-0.246667458,29.9969313,1742.73641
0.296785504,0,0,0,-0.248634431,27.7309783,1744.5182
0.296787353,0.13041027,-0.000135229627,0.00108202881,-0.243509349,29.1580536,1743.99456
0.296790494,0.000357650242,2.32084693e-07,5.86219327e-07,-0.248616972,27.7524791,1744.496
0.296795842,0.000741017226,1.6071452e-06,1.10677815e-06,-0.248598329,27.7981136,1744.47221
0.296801575,0.00115195011,4.12490438e-06,2.86814824e-06,-0.24857844,27.8469531,1744.44675
0.29680772,0.00159243101,7.72118208e-06,5.61206766e-06,-0.248557238,27.8999675,1744.41952
0.296814307,0.00206458457,1.23204554e-05,9.7297745e-06,-0.248534652,27.9573551,1744.39042
0.296816117,0.0803647536,-3.80759183e-06,0.00304232023,-0.246151889,29.2780483,1742.85345
0.296821368,0.0025706882,1.78123156e-05,1.55733959e-05,-0.248510613,28.0193123,1744.35936
0.296828936,0.00311318307,2.40583407e-05,2.35566579e-05,-0.248485055,28.0859825,1744.32624
0.296828996,0.132058033,-0.000132459264,0.000940288035,-0.24342099,29.2726871,1744.02627
0.296830772,0.0477504251,6.05373302e-05,0.00251514471,-0.246677168,29.9855537,1742.74914
0.296837048,0.00369468589,3.09133538e-05,3.41296441e-05,-0.248457914,28.1576436,1744.29097
0.296840782,0.109085956,-7.27668062e-05,0.00241847593,-0.245331423,28.7784504,1743.40792
0.296845744,0.00431800152,3.82245804e-05,4.77961303e-05,-0.248429133,28.2344919,1744.25349
0.296855065,0.00498613648,4.58308363e-05,6.50964141e-05,-0.24839866,28.316659,1744.21372
0.296865057,0.0057023135,5.35682812e-05,8.65993466e-05,-0.248366455,28.4041989,1744.17163
0.296867845,0.133595261,-0.000128665079,0.000810935049,-0.243334588,29.3905232,1744.04568
0.296875766,0.00646998704,6.12755667e-05,0.000112890281,-0.248332491,28.4970718,1744.12719
0.296887246,0.00729285993,6.87969703e-05,0.000144554201,-0.24829676,28.5951185,1744.0804
0.29689443,0.0515415566,4.92408602e-05,0.00259464318,-0.246699453,29.9593796,1742.77568
0.296899551,0.00817490128,7.59837306e-05,0.000182158137,-0.248259273,28.6980793,1744.03131
0.296904088,0.13502937,-0.000123948555,0.000693813725,-0.243250706,29.5102695,1744.05426
0.296910094,0.112164181,-7.92456598e-05,0.00222900957,-0.245298027,28.8008098,1743.5295
0.296912741,0.00912036556,8.26938749e-05,0.000226240501,-0.248220067,28.805591,1743.98
0.296914929,0.0853696328,-1.24421061e-05,0.00293263324,-0.246226364,29.2138724,1742.98092
0.29692688,0.0101338132,8.87933405e-05,0.00027729157,-0.248179214,28.9171443,1743.92661
0.2969379,0.136367278,-0.000118409428,0.000588611703,-0.243169759,29.630714,1744.05359
0.296942035,0.0112201325,9.41588538e-05,0.000335728543,-0.248136822,29.0320947,1743.87133
0.29695828,0.0123845633,9.86789529e-05,0.000401873853,-0.248093043,29.1496601,1743.81441
0.296962665,0.0556052884,3.86095851e-05,0.00265267495,-0.24673468,29.9193113,1742.81645
0.296969444,0.137615437,-0.000112151419,0.000494878599,-0.243092035,29.7507201,1744.04526
0.296974756,0.115035914,-8.47663269e-05,0.0020413509,-0.245254481,28.836653,1743.64424
0.296975692,0.0136327222,0.000102257576,0.000475932391,-0.248048082,29.2689095,1743.75619
0.296994357,0.0149706296,0.000104814257,0.000557968288,-0.248002202,29.3887602,1743.69708
0.296998872,0.138779867,-0.000105278456,0.00041205801,-0.243017713,29.8693085,1744.03081
0.297007112,0.0900387783,-2.01750518e-05,0.00280587881,-0.246285997,29.1578342,1743.10621
0.297014365,0.0164047389,0.000106283253,0.000647874093,-0.247955734,29.5079828,1743.63759
0.297026326,0.139866187,-9.78936719e-05,0.000339517258,-0.242946884,29.985587,1744.01164
0.29703508,0.117715008,-8.92520127e-05,0.00185758134,-0.245202723,28.8856331,1743.75089
0.29703581,0.0179419674,0.000106620971,0.000745345127,-0.247909081,29.6252089,1743.57829
0.297035807,0.0599612217,2.87843791e-05,0.0026868549,-0.246782725,29.8666748,1742.87175
0.297051938,0.140879634,-9.0101221e-05,0.000276561235,-0.242879566,30.0987871,1743.98901
0.297058798,0.0195897299,0.000105805344,0.000849858282,-0.247862726,29.7389482,1743.51988
0.297075833,0.141825099,-8.20073607e-05,0.000222457089,-0.242815717,30.2082641,1743.96399
0.297083438,0.0213559743,0.000103837007,0.000960646069,-0.247817238,29.8476189,1743.4631
0.297091358,0.120214384,-9.27030965e-05,0.00167950959,-0.245144583,28.9471782,1743.84812
0.297093112,0.0943947116,-2.72766963e-05,0.00266628216,-0.246330036,29.1113453,1743.22863
0.297098124,0.14270714,-7.37192845e-05,0.000176450748,-0.242755252,30.3134873,1743.93747
0.297109851,0.0232492201,0.000100740791,0.00107668149,-0.247773273,29.9495682,1743.40883
0.297114208,0.0646303672,1.97903214e-05,0.00269497724,-0.246842813,29.8030212,1742.94173
0.29711892,0.143530013,-6.5346054e-05,0.00013777944,-0.24269805,30.4140385,1743.9102
0.297138162,0.0252785992,9.65724297e-05,0.00119666804,-0.247731575,30.0431071,1743.35797
0.297138321,0.144297686,-5.69994422e-05,0.000105684902,-0.242643964,30.5096041,1743.88275
0.29714386,0.1225461,-9.51423525e-05,0.00150867578,-0.245081737,29.0204163,1743.9347
0.29715642,0.145013864,-4.87938072e-05,7.94238748e-05,-0.242592828,30.5999698,1743.85559
0.29716851,0.0274539002,9.14135551e-05,0.0013190279,-0.247692972,30.1265755,1743.3115
0.297173342,0.0984584434,-3.38792219e-05,0.00251712462,-0.246358678,29.0756335,1743.34781
0.297173305,0.145681998,-4.08464043e-05,5.82776468e-05,-0.242544469,30.6850176,1743.82904
0.297189058,0.146305314,-3.32768529e-05,4.15591878e-05,-0.242498702,30.7647111,1743.80336
0.297192841,0.124721401,-9.65794981e-05,0.00134632265,-0.245015684,29.1042108,1744.00965
0.297198247,0.0696352464,1.16211749e-05,0.00267486728,-0.246913308,29.7301825,1743.02655
0.297201039,0.0297856156,8.53479466e-05,0.00144192289,-0.247658372,30.1984385,1743.27045
0.297203754,0.146886817,-2.62065778e-05,2.86220011e-05,-0.242455345,30.8391,1743.77871
0.297217464,0.147429312,-1.97565183e-05,1.88610178e-05,-0.242414215,30.9082939,1743.7552
0.297230255,0.147935415,-1.40467036e-05,1.17335425e-05,-0.242375137,30.9725457,1743.73288
0.297235908,0.0322849924,7.85172433e-05,0.00156328631,-0.247628742,30.2572479,1743.23582
0.297238536,0.12675078,-9.704815e-05,0.00119339795,-0.24494773,29.1972683,1744.07237
0.297242187,0.148407569,-9.18991114e-06,6.72412512e-06,-0.242337945,31.0318965,1743.71177
0.297248191,0.102249575,-3.99924573e-05,0.002361186,-0.246372767,29.0517555,1743.46342
0.297253319,0.14884805,-5.29110439e-06,3.42928459e-06,-0.242302486,31.0867673,1743.69186
0.297263704,0.149258983,-2.430713e-06,1.34132004e-06,-0.242268627,31.1366984,1743.67312
0.297273283,0.0349640862,7.11213524e-05,0.00168084342,-0.247605095,30.3016886,1743.20864
0.297273393,0.14964235,-6.75747015e-07,6.25750915e-07,-0.242236255,31.1833112,1743.65551
0.297281165,0.128644026,-9.66016487e-05,0.00105057988,-0.244878992,29.2981989,1744.12273
0.297282432,0.15,0,0,-0.24220524,31.2055815,1743.63896
0.297288328,0.075,4.131273e-06,0.0026244863,-0.246991435,29.6494997,1743.12644
0.297313346,0.0378358195,6.33459031e-05,0.00179219036,-0.247588455,30.3308378,1743.18985
0.297318019,0.105786393,-4.5584506e-05,0.00220093658,-0.246373565,29.0406567,1743.57512
0.297320935,0.13041027,-9.53039331e-05,0.000918293368,-0.244810401,29.4055627,1744.16106
0.29735629,0.040914044,5.54201761e-05,0.00189485274,-0.247579823,30.3440098,1743.18034
0.297358037,0.132058033,-9.32220121e-05,0.000796742958,-0.244742713,29.5179232,1744.18808
0.297378409,0.0803647536,-2.60210437e-06,0.00254724595,-0.247067712,29.5683824,1743.23404
0.297383162,0.109085956,-5.05950532e-05,0.0020386499,-0.24636259,29.0430186,1743.68239
0.297392651,0.133595261,-9.04293156e-05,0.000685937759,-0.244676526,29.6338709,1744.20483
0.297402322,0.0442136074,4.75207233e-05,0.00198636264,-0.247580132,30.3410054,1743.18087
0.297424942,0.13502937,-8.69969317e-05,0.000585717784,-0.244612299,29.752077,1744.21254
0.297443936,0.112164181,-5.49802449e-05,0.00187642529,-0.246341481,29.0592417,1743.78458
0.297451663,0.0477504251,3.97310427e-05,0.00206431847,-0.247590183,30.3222224,1743.19211
0.297455067,0.136367278,-8.29960056e-05,0.00049579246,-0.244550365,29.8712878,1744.21257
0.297462447,0.0853696328,-8.48460266e-06,0.0024518339,-0.247133346,29.4946813,1743.34063
0.297483172,0.137615437,-7.85003137e-05,0.000415757627,-0.244490955,29.9903479,1744.20624
0.297500633,0.115035914,-5.86893963e-05,0.00171618615,-0.246311903,29.0893873,1743.8808
0.297501353,0,0,0,-0.249234138,28.119755,1744.6255
0.297504553,0.0515415566,3.22301069e-05,0.00212643981,-0.247610577,30.288272,1743.21456
0.297505291,0.000357650242,-5.46796126e-07,3.42656111e-07,-0.249220652,28.1409457,1744.60836
0.297509391,0.138779867,-7.35803785e-05,0.000345124069,-0.244434209,30.1082398,1744.19485
0.297509511,0.000741017226,-1.37034947e-07,4.1682375e-07,-0.249206252,28.1853097,1744.58998
0.297514036,0.00115195011,1.15988392e-06,1.45256966e-06,-0.249190891,28.2324026,1744.57029
0.297518886,0.00159243101,3.27955831e-06,3.13499637e-06,-0.249174516,28.2840022,1744.54923
0.297524085,0.00206458457,6.15156192e-06,5.84785379e-06,-0.249157074,28.3400619,1744.52672
0.297529657,0.0025706882,9.66960413e-06,9.89568146e-06,-0.249138512,28.4008748,1744.50267
0.297533851,0.139866187,-6.83071673e-05,0.000283341067,-0.244380194,30.2240361,1744.17955
0.29753563,0.00311318307,1.37259985e-05,1.56488108e-05,-0.249118779,28.4668184,1744.47703
0.297540848,0.0900387783,-1.37316722e-05,0.00234269784,-0.247186643,29.4297189,1743.44521
0.297542032,0.00369468589,1.82089985e-05,2.35079876e-05,-0.249097826,28.5380692,1744.44972
0.297548895,0.00431800152,2.29939419e-05,3.39054172e-05,-0.249075609,28.6147024,1744.4207
0.297553526,0.117715008,-6.1663006e-05,0.0015596509,-0.246275472,29.1331012,1743.97005
0.297556252,0.00498613648,2.79531451e-05,4.72958556e-05,-0.249052089,28.6967896,1744.3899
0.297556671,0.140879634,-6.27519451e-05,0.000229806644,-0.244328919,30.3369315,1744.1614
0.297561245,0.0556052884,2.52033947e-05,0.00217063147,-0.247641625,30.2400484,1743.24854
0.297564137,0.0057023135,3.29664705e-05,6.41502924e-05,-0.249027237,28.7843434,1744.3573
0.29757259,0.00646998704,3.79244809e-05,8.49441858e-05,-0.249001032,28.8772821,1744.32288
0.297577959,0.141825099,-5.69876013e-05,0.000183889735,-0.244280344,30.4462485,1744.14127
0.29758165,0.00729285993,4.27301629e-05,0.000110145552,-0.248973468,28.9754121,1744.28665
0.297591361,0.00817490128,4.7294069e-05,0.000140201676,-0.248944556,29.0784288,1744.24864
0.29759782,0.14270714,-5.10874432e-05,0.000144943707,-0.244234394,30.5514141,1744.11991
0.297601771,0.00912036556,5.15298457e-05,0.000175529043,-0.248914327,29.1859109,1744.20891
0.297602872,0.120214384,-6.39148721e-05,0.0014083055,-0.246233709,29.1898276,1744.05126
0.29761293,0.0101338132,5.53563221e-05,0.000216499491,-0.248882837,29.2973048,1744.16757
0.29761399,0.0943947116,-1.85339645e-05,0.00222335259,-0.247227015,29.3747918,1743.54723
0.297616349,0.143530013,-4.51259079e-05,0.000112313986,-0.244190963,30.651968,1744.09793
0.297622014,0.0599612217,1.87385305e-05,0.00219502194,-0.247683248,30.1788689,1743.29428
0.29762489,0.0112201325,5.86994192e-05,0.000263422801,-0.24885017,29.4119213,1744.12478
0.297633634,0.144297686,-3.91804105e-05,8.53496889e-05,-0.244149928,30.7475594,1744.0758
0.297637711,0.0123845633,6.14933992e-05,0.000316529604,-0.248816449,29.528927,1744.08072
0.297648907,0.1225461,-6.54734557e-05,0.00126340224,-0.246187998,29.2587045,1744.12347
0.29764976,0.145013864,-3.33311464e-05,6.3411906e-05,-0.244111149,30.8379351,1744.05389
0.297651454,0.0136327222,6.36821345e-05,0.000375952788,-0.248781833,29.6473382,1744.03567
0.297664804,0.145681998,-2.76619801e-05,4.58805937e-05,-0.244074476,30.922942,1744.03249
0.297666185,0.0149706296,6.52190529e-05,0.000441709113,-0.24874653,29.7660277,1743.98993
0.297678839,0.146305314,-2.22604718e-05,3.21593786e-05,-0.244039756,31.0025099,1744.01178
0.297681975,0.0164047389,6.60675521e-05,0.000513677934,-0.248710797,29.883726,1743.94391
0.297682226,0.0984584434,-2.29854082e-05,0.00209649313,-0.247254652,29.3310822,1743.64635
0.297687153,0.0646303672,1.28458236e-05,0.00219790341,-0.247734846,30.1062991,1743.35191
0.297691854,0.124721401,-6.63439398e-05,0.00112594282,-0.246139573,29.3385821,1744.18592
0.297691933,0.146886817,-1.72186406e-05,2.1683838e-05,-0.24400683,31.076661,1743.99191
0.2976989,0.0179419674,6.62060425e-05,0.000591580845,-0.248674952,29.9990178,1743.89805
0.297704148,0.147429312,-1.26318892e-05,1.39200396e-05,-0.24397554,31.145453,1743.97296
0.297715544,0.147935415,-8.59707642e-06,8.38623657e-06,-0.243945732,31.2090979,1743.95496
0.297717043,0.0195897299,6.56250422e-05,0.000674964704,-0.248639371,30.1103746,1743.85289
0.297726175,0.148407569,-5.21112216e-06,4.61274601e-06,-0.243917257,31.2676378,1743.93793
0.29773192,0.12675078,-6.65513646e-05,0.000996681217,-0.246089506,29.428157,1744.23816
0.297736093,0.14884805,-2.57221709e-06,2.23420475e-06,-0.243889972,31.321603,1743.92186
0.29773649,0.0213559743,6.43266623e-05,0.00076318341,-0.2486045,30.2161867,1743.80902
0.297745346,0.149258983,-7.603421e-07,7.66804508e-07,-0.243863753,31.3705438,1743.90671
0.297745884,0.102249575,-2.70925821e-05,0.00196440183,-0.247270275,29.2996472,1743.74235
0.297753978,0.14964235,1.1459192e-07,4.24518708e-07,-0.243838492,31.416508,1743.89245
0.297756975,0.0696352464,7.51925143e-06,0.00217759659,-0.247795137,30.024133,1743.42151
0.297757335,0.0232492201,6.23270732e-05,0.00085538617,-0.24857085,30.3147777,1743.7671
0.297762031,0.15,0,0,-0.243814061,31.4386582,1743.87901
0.297769299,0.128644026,-6.61363187e-05,0.000876147288,-0.246038706,29.5260262,1744.28013
0.297779679,0.0252785992,5.96685327e-05,0.0009505119,-0.248539004,30.4044302,1743.72786
0.29780363,0.0274539002,5.64042984e-05,0.00104727989,-0.248509607,30.4834601,1743.69204
0.29780417,0.13041027,-6.51460078e-05,0.000764660687,-0.245987929,29.6307346,1744.31215
0.297805271,0.105786393,-3.08373881e-05,0.00182910319,-0.247274944,29.281426,1743.83492
0.297829303,0.0297856156,5.25706945e-05,0.00114420453,-0.248483369,30.5503564,1743.66045
0.297831818,0.075,2.66544769e-06,0.00213257544,-0.247861942,29.9335285,1743.50324
0.297836702,0.132058033,-6.36288727e-05,0.000662357774,-0.245937787,29.7408238,1744.33485
0.297856822,0.0322849924,4.82644791e-05,0.00123961728,-0.248461044,30.6036975,1743.63387
0.297860675,0.109085956,-3.41786577e-05,0.00169245769,-0.247269922,29.2770995,1743.92368
0.297867052,0.133595261,-6.16365775e-05,0.000569214394,-0.245888758,29.8548689,1744.3491
0.29788632,0.0349640862,4.36276521e-05,0.00133170635,-0.248443422,30.6422101,1743.61309
0.297895365,0.13502937,-5.92185579e-05,0.000485069498,-0.24584121,29.9715105,1744.35595
0.297906661,0.0803647536,-1.67413459e-06,0.00206599947,-0.247927413,29.8425177,1743.59106
0.297912363,0.112164181,-3.70922603e-05,0.00155618281,-0.247256567,29.28708,1744.00808
0.297917939,0.0378358195,3.87732858e-05,0.00141857761,-0.248431303,30.6650452,1743.59885
0.29792178,0.136367278,-5.6423866e-05,0.000409655518,-0.245795405,30.0894695,1744.3565
0.297946422,0.137615437,-5.33021177e-05,0.000342614346,-0.245751523,30.2075681,1744.35187
0.297951831,0.040914044,3.38617481e-05,0.00149829243,-0.248425469,30.6715669,1743.59184
0.297960583,0.115035914,-3.9544389e-05,0.00142184581,-0.247236252,29.3114345,1744.08743
0.297969412,0.138779867,-4.98998526e-05,0.000283520994,-0.245709672,30.3247485,1744.34311
0.297976483,0.0853696328,-5.45061946e-06,0.00198518607,-0.247984234,29.7596194,1743.67786
0.297988161,0.0442136074,2.89989679e-05,0.00156895898,-0.248426649,30.661559,1743.59266
0.297990859,0.139866187,-4.62647159e-05,0.000231902254,-0.2456699,30.440052,1744.33118
0.298005568,0.117715008,-4.14859084e-05,0.00129085195,-0.247210305,29.349794,1744.16091
0.298010868,0.140879634,-4.24442273e-05,0.000187244591,-0.245632208,30.5526363,1744.31692
0.298027102,0.0477504251,2.41994543e-05,0.00162871089,-0.248435469,30.635365,1743.6018
0.298029534,0.141825099,-3.84859161e-05,0.00014901323,-0.245596559,30.661802,1744.30106
0.298041622,0.0900387783,-8.79749723e-06,0.00189374171,-0.248031079,29.6860157,1743.76283
0.298046948,0.14270714,-3.44373392e-05,0.000116663772,-0.245562889,30.7669406,1744.28421
0.298047536,0.120214384,-4.29371319e-05,0.00116441363,-0.247179972,29.4016161,1744.2277
0.298063194,0.143530013,-3.03471768e-05,8.96450726e-05,-0.24553111,30.8675457,1744.26684
0.298068844,0.0515415566,1.95768685e-05,0.00167575299,-0.248452401,30.5935719,1743.61967
0.29807835,0.144297686,-2.62667684e-05,6.74094578e-05,-0.245501118,30.9632337,1744.24936
0.298086689,0.1225461,-4.39275352e-05,0.00104353766,-0.247146382,29.4660456,1744.28701
0.29809249,0.145013864,-2.22496537e-05,4.94197579e-05,-0.245472798,31.0537121,1744.23205
0.298102391,0.0943947116,-1.1844168e-05,0.00179451047,-0.24806751,29.6229396,1743.84552
0.298105681,0.145681998,-1.83525085e-05,3.51535311e-05,-0.245446026,31.1387922,1744.21514
0.298113587,0.0556052884,1.52619412e-05,0.0017084798,-0.248477696,30.5370827,1743.64651
0.298117987,0.146305314,-1.46359254e-05,2.41054913e-05,-0.245420673,31.2183641,1744.19879
0.298123215,0.124721401,-4.44566103e-05,0.000929024999,-0.24711054,29.5419131,1744.33827
0.298129468,0.146886817,-1.11659795e-05,1.57946636e-05,-0.245396609,31.2924199,1744.18309
0.298140179,0.147429312,-8.01127565e-06,9.76169912e-06,-0.245373698,31.3610222,1744.16813
0.29815017,0.147935415,-5.25056654e-06,5.58755645e-06,-0.245351805,31.4243722,1744.15391
0.298157291,0.12675078,-4.45410125e-05,0.00082147343,-0.247073313,29.6279025,1744.38114
0.298159083,0.0984584434,-1.46592131e-05,0.00168964203,-0.248093711,29.5715377,1743.92571
0.298159492,0.148407569,-2.96438697e-06,2.85563711e-06,-0.245330794,31.4824228,1744.14046
0.298161548,0.0599612217,1.13039636e-05,0.00172548176,-0.248511299,30.4672425,1743.68249
0.298168189,0.14884805,-1.23187501e-06,1.25095732e-06,-0.245310534,31.5357308,1744.12775
0.298176302,0.149258983,-1.12376192e-07,3.12727249e-07,-0.245290898,31.5835572,1744.11575
0.298178712,0,0,0,-0.249801601,28.4880645,1744.72703
0.298181654,0.000357650242,-3.85368304e-07,1.18830743e-07,-0.249791854,28.5082662,1744.71463
0.298183871,0.14964235,2.91467061e-07,2.65534358e-07,-0.245271774,31.6288448,1744.10442
0.298184808,0.000741017226,-4.80284547e-07,-1.38933883e-07,-0.249781446,28.5508107,1744.70131
0.298188189,0.00115195011,6.14031008e-09,2.83988281e-07,-0.249770346,28.5966235,1744.68705
0.298189081,0.128644026,-4.42103291e-05,0.000721297059,-0.247035439,29.7225967,1744.41561
0.298190932,0.15,0,0,-0.245253036,31.6510466,1744.09372
0.298191813,0.00159243101,1.11589364e-06,1.08506114e-06,-0.249758516,28.6472855,1744.67177
0.298195697,0.00206458457,2.74859434e-06,2.60005476e-06,-0.249745915,28.7027053,1744.65543
0.298199861,0.0025706882,4.79419793e-06,5.09876496e-06,-0.249732509,28.7632451,1744.63798
0.298204324,0.00311318307,7.16883473e-06,8.89580794e-06,-0.249718259,28.828944,1744.61937
0.298209108,0.00369468589,9.77360458e-06,1.43136446e-05,-0.249703131,28.8998799,1744.59955
0.298211973,0.102249575,-1.72437247e-05,0.00158095501,-0.248110281,29.5328232,1744.00318
0.298212957,0.0646303672,7.71068137e-06,0.0017254856,-0.248552759,30.385589,1743.7277
0.298214235,0.00431800152,1.25197325e-05,2.16947071e-05,-0.249687095,28.9762568,1744.57848
0.298218738,0.13041027,-4.34981042e-05,0.000628737311,-0.246997524,29.8245235,1744.44194
0.298219732,0.00498613648,1.53430427e-05,3.14015428e-05,-0.249670122,29.0582507,1744.55613
0.298225624,0.0057023135,1.81936433e-05,4.37957912e-05,-0.249652193,29.1459254,1744.53247
0.29823194,0.00646998704,2.10262573e-05,5.92324888e-05,-0.249633295,29.2391965,1744.50749
0.298238709,0.00729285993,2.37805959e-05,7.80586919e-05,-0.249613424,29.3377672,1744.4812
0.298245966,0.00817490128,2.6391921e-05,0.000100598536,-0.249592589,29.4411995,1744.45362
0.298246406,0.132058033,-4.24381174e-05,0.000543884976,-0.246960059,29.9322048,1744.46068
0.298253744,0.00912036556,2.8806547e-05,0.000127147814,-0.249570816,29.5489913,1744.4248
0.298261314,0.105786393,-1.95891558e-05,0.00147005842,-0.248118089,29.5077385,1744.07773
0.298262081,0.0101338132,3.09774154e-05,0.000157966759,-0.249548146,29.6605302,1744.39482
0.298268062,0.0696352464,4.47536475e-06,0.00170723691,-0.248601101,30.2938865,1743.7822
0.298271018,0.0112201325,3.28632358e-05,0.000193266844,-0.249524645,29.7750724,1744.3638
0.298272218,0.133595261,-4.10654141e-05,0.000466700279,-0.246923429,30.0441925,1744.47256
0.298280598,0.0123845633,3.44284301e-05,0.000233197943,-0.249500402,29.8917331,1744.33187
0.298290866,0.0136327222,3.56428669e-05,0.000277834649,-0.249475537,30.0094826,1744.29922
0.298296299,0.13502937,-3.94133963e-05,0.000397033101,-0.246887922,30.1591018,1744.47843
0.298301873,0.0149706296,3.64819485e-05,0.000327163018,-0.249450204,30.1271496,1744.26611
0.298307346,0.109085956,-2.16684489e-05,0.00135842544,-0.248118158,29.4969626,1744.14906
0.298313671,0.0164047389,3.69229117e-05,0.000381066013,-0.249424594,30.2434077,1744.23279
0.298318764,0.136367278,-3.75150306e-05,0.000334647388,-0.246853748,30.2756308,1744.4792
0.298326318,0.0179419674,3.69387145e-05,0.000439308241,-0.249398941,30.3567441,1744.19962
0.29832713,0.075,1.53752137e-06,0.00166963173,-0.24865466,30.1931742,1743.8461
0.298339722,0.137615437,-3.54031729e-05,0.00027923541,-0.246821047,30.3925775,1744.47578
0.298339874,0.0195897299,3.65219936e-05,0.000501524234,-0.249373523,30.4655879,1744.16698
0.29835029,0.112164181,-2.34712086e-05,0.00124741544,-0.248111582,29.5009195,1744.21674
0.298354405,0.0213559743,3.56940923e-05,0.000567206112,-0.249348668,30.5683523,1744.13531
0.298359275,0.138779867,-3.31081998e-05,0.0002304368,-0.246789901,30.5088519,1744.46902
0.29836998,0.0232492201,3.4469127e-05,0.000635694212,-0.249324753,30.6633562,1744.10508
0.298377515,0.139866187,-3.06614116e-05,0.000187853463,-0.246760345,30.6234695,1744.45971
0.298386198,0.0803647536,-1.07798284e-06,0.00161536916,-0.248707258,30.0920925,1743.91467
0.298386675,0.0252785992,3.28506726e-05,0.000706175744,-0.249302205,30.7488,1744.07682
0.298390353,0.115035914,-2.4978711e-05,0.00113825709,-0.248099459,29.5196933,1744.28025
0.298394532,0.140879634,-2.80940014e-05,0.000151056245,-0.246732377,30.7355567,1744.44852
0.298404571,0.0274539002,3.08867267e-05,0.000777679448,-0.249281501,30.8229689,1744.05109
0.298410408,0.141825099,-2.54357236e-05,0.000119600029,-0.246705965,30.8443805,1744.43604
0.298423754,0.0297856156,2.86294662e-05,0.000849078455,-0.24926316,30.8845115,1744.02847
0.298425219,0.14270714,-2.27172746e-05,9.3033727e-05,-0.246681055,30.949304,1744.42276
0.298427729,0.117715008,-2.61521503e-05,0.00103206156,-0.248082847,29.5528973,1744.33895
0.298439036,0.143530013,-1.99703215e-05,7.09013131e-05,-0.246657574,31.0497906,1744.40907
0.298441303,0.0853696328,-3.34974041e-06,0.00155029764,-0.24875312,29.9998498,1743.98234
0.298444316,0.0322849924,2.61040085e-05,0.000919096556,-0.249247737,30.9321011,1744.00952
0.298451926,0.144297686,-1.72277998e-05,5.27497436e-05,-0.246635436,31.1454258,1744.39528
0.298462597,0.120214384,-2.70122703e-05,0.000929785955,-0.248062734,29.5999946,1744.39223
0.298463952,0.145013864,-1.45249929e-05,3.81351782e-05,-0.246614549,31.2358836,1744.38163
0.298466357,0.0349640862,2.34309922e-05,0.000986385941,-0.249235811,30.9646062,1743.99483
0.29847517,0.145681998,-1.18991345e-05,2.6625485e-05,-0.246594811,31.3209415,1744.36829
0.298485637,0.146305314,-9.39068464e-06,1.78000373e-05,-0.246576116,31.4004545,1744.35539
0.298489982,0.0378358195,2.07331838e-05,0.00104955465,-0.24922797,30.9811999,1743.98493
0.298492712,0.0900387783,-5.37303089e-06,0.00147722233,-0.248791236,29.917471,1744.04851
0.298495126,0.1225461,-2.75862358e-05,0.000832201693,-0.248040013,29.6601388,1744.43949
0.298495401,0.146886817,-7.04601899e-06,1.12581678e-05,-0.246558355,31.4743903,1744.34302
0.29850451,0.147429312,-4.91266231e-06,6.61127674e-06,-0.246541415,31.5427082,1744.33122
0.298513008,0.147935415,-3.04912011e-06,3.50091357e-06,-0.246525179,31.6056423,1744.32001
0.298515306,0.040914044,1.81080499e-05,0.00110717635,-0.249224789,30.9813561,1743.98032
0.298520936,0.148407569,-1.52143987e-06,1.56654707e-06,-0.246509525,31.6631955,1744.30939
0.298525474,0.124721401,-2.78702076e-05,0.000739918764,-0.248015474,29.7321409,1744.48029
0.298528332,0.14884805,-3.97272537e-07,5.42168603e-07,-0.246494325,31.7158929,1744.29935
0.298535233,0.149258983,2.72036618e-07,-1.92961957e-08,-0.246479452,31.7627654,1744.28986
0.298540673,0.0943947116,-7.21150892e-06,0.00139835387,-0.248821282,29.846141,1744.11282
0.29854167,0.14964235,4.11435092e-07,1.39255807e-07,-0.24646478,31.8074982,1744.28087
0.298542451,0.0442136074,1.55415988e-05,0.00115792632,-0.249226801,30.9649383,1743.98144
0.298547675,0.15,0,0,-0.246450173,31.8297231,1744.27234
0.298553785,0.12675078,-2.78748838e-05,0.000653388447,-0.247989797,29.8146721,1744.51442
0.298571548,0.0477504251,1.29543622e-05,0.00120044696,-0.24923447,30.9319527,1743.98864
0.298580198,0.128644026,-2.76212206e-05,0.000572916163,-0.247963555,29.9063032,1744.54188
0.298585416,0.0984584434,-8.89572676e-06,0.00131533974,-0.248843414,29.7869895,1744.17509
0.298602737,0.0515415566,1.04467146e-05,0.0012333845,-0.249248146,30.8828471,1744.00222
0.298604838,0.13041027,-2.71318992e-05,0.000498669916,-0.247937222,30.0055462,1744.56291
0.298627158,0.102249575,-1.04377882e-05,0.00122957545,-0.248858108,29.7409555,1744.23519
0.298627826,0.132058033,-2.64291877e-05,0.000430698211,-0.247911175,30.1109043,1744.57795
0.298636169,0.0556052884,8.11642607e-06,0.00125559019,-0.249268018,30.8185741,1744.02235
0.298649272,0.133595261,-2.55356461e-05,0.000368947324,-0.247885709,30.2209078,1744.5876
0.2986661,0.105786393,-1.18342512e-05,0.00114229416,-0.24886604,29.7089666,1744.29294
0.298669279,0.13502937,-2.44726012e-05,0.000313278015,-0.247861046,30.3341497,1744.59253
0.298672005,0.0599612217,5.98303047e-06,0.00126607928,-0.249294059,30.7405377,1744.04914
0.298687944,0.136367278,-2.32607773e-05,0.000263484861,-0.247837343,30.4493052,1744.59347
0.298702429,0.109085956,-1.30685018e-05,0.0010546222,-0.248868008,29.6916738,1744.34812
0.298705357,0.137615437,-2.19205448e-05,0.000219308234,-0.247814704,30.5651481,1744.59114
0.298710417,0.0646303672,4.03628311e-06,0.00126396877,-0.249325953,30.6501977,1744.08264
0.298721601,0.138779867,-2.04706339e-05,0.000180449091,-0.247793189,30.68056,1744.5862
0.298736321,0.112164181,-1.4139658e-05,0.000967602669,-0.248864857,29.6894779,1744.40042
0.298736756,0.139866187,-1.89303203e-05,0.000146580461,-0.247772822,30.7945348,1744.57927
0.298750895,0.140879634,-1.73184847e-05,0.000117353684,-0.247753599,30.906181,1744.57089
0.298751592,0.0696352464,2.2731012e-06,0.00124838773,-0.249363015,30.5493029,1744.1229
0.298764085,0.141825099,-1.56523366e-05,9.24090834e-05,-0.247735491,31.0147232,1744.5615
0.29876794,0.115035914,-1.50307043e-05,0.000882164368,-0.248857435,29.7026373,1744.44943
0.29877639,0.14270714,-1.39504208e-05,7.13836819e-05,-0.247718455,31.119499,1744.55148
0.29878787,0.143530013,-1.22318775e-05,5.39123936e-05,-0.247702433,31.2199441,1744.54115
0.298795727,0.075,6.76566812e-07,0.00121860404,-0.249404069,30.4388642,1744.16998
0.298797438,0.117715008,-1.57058056e-05,0.000799166981,-0.248846558,29.730813,1744.49469
0.298798579,0.144297686,-1.05162696e-05,3.9632813e-05,-0.247687357,31.3156101,1744.53074
0.298808571,0.145013864,-8.82490103e-06,2.81910667e-05,-0.247673156,31.406152,1744.52043
0.298817892,0.145681998,-7.17968346e-06,1.92432423e-05,-0.247659749,31.4913083,1744.51036
0.298819652,0,0,0,-0.250338554,28.8171659,1744.82309
0.298821628,0.000357650242,-1.95523909e-06,-9.75602384e-09,-0.250332308,28.839047,1744.81513
0.298823747,0.000741017226,-2.82676498e-06,-6.14929484e-07,-0.25032564,28.8842059,1744.80656
0.298824957,0.120214384,-1.61920909e-05,0.000719354913,-0.248832983,29.7732893,1744.53572
0.298826018,0.00115195011,-2.81394247e-06,-5.41154179e-07,-0.25031853,28.9303226,1744.79737
0.298826588,0.146305314,-5.60606253e-06,1.24522832e-05,-0.247647054,31.5708922,1744.50063
0.298828453,0.00159243101,-2.24637795e-06,-3.69924022e-07,-0.250310954,28.9800637,1744.78752
0.298831062,0.00206458457,-1.32577035e-06,2.07047748e-07,-0.250302888,29.035142,1744.77698
0.298833859,0.0025706882,-1.48651576e-07,1.45544372e-06,-0.250294307,29.0958373,1744.76572
0.2988347,0.146886817,-4.13470443e-06,7.49923796e-06,-0.247634984,31.6448567,1744.49129
0.298836857,0.00311318307,1.19795773e-06,3.60563479e-06,-0.250285189,29.1621267,1744.75372
0.298839862,0.0803647536,-7.29433923e-07,0.00117680835,-0.249444513,30.3281168,1744.22036
0.298840071,0.00369468589,2.62643926e-06,6.88808785e-06,-0.250275513,29.2342344,1744.74093
0.298842268,0.147429312,-2.79862788e-06,4.06689592e-06,-0.24762345,31.7131281,1744.48239
0.298843516,0.00431800152,4.08108103e-06,1.15464731e-05,-0.250265259,29.3122209,1744.72734
0.298847209,0.00498613648,5.53023414e-06,1.78301659e-05,-0.250254411,29.3958697,1744.71292
0.298849329,0.147935415,-1.63239297e-06,1.86162781e-06,-0.247612354,31.7758766,1744.47394
0.29885063,0.1225461,-1.65167334e-05,0.000643299065,-0.248817394,29.8291688,1744.57209
0.298851167,0.0057023135,6.96820064e-06,2.59734612e-05,-0.250242958,29.4849391,1744.69766
0.29885541,0.00646998704,8.39145153e-06,3.62011026e-05,-0.250230891,29.5791343,1744.68156
0.298855916,0.148407569,-6.8171364e-07,5.84148482e-07,-0.247601591,31.8331388,1744.46593
0.298859958,0.00729285993,9.77625936e-06,4.87318877e-05,-0.250218211,29.6782726,1744.66461
0.298862061,0.14884805,-2.59802139e-09,1.17151149e-08,-0.247591044,31.8854173,1744.45835
0.298864833,0.00817490128,1.10883109e-05,6.37744725e-05,-0.250204925,29.7820909,1744.64684
0.298867794,0.149258983,3.59854983e-07,-2.62221019e-07,-0.247580581,31.9319231,1744.45117
0.298870058,0.00912036556,1.22966308e-05,8.15170704e-05,-0.250191051,29.8900816,1744.62828
0.298873142,0.14964235,3.63224693e-07,7.20404662e-08,-0.24757006,31.976113,1744.44435
0.298874581,0.124721401,-1.66705954e-05,0.00057145254,-0.248800394,29.8972864,1744.60349
0.298875659,0.0101338132,1.33769529e-05,0.000102119247,-0.250176618,30.0016038,1744.60899
0.298878132,0.15,0,0,-0.247559321,31.9979436,1744.43783
0.298881036,0.0853696328,-1.94485305e-06,0.00112741454,-0.249480024,30.2268898,1744.26998
0.298881663,0.0112201325,1.43100813e-05,0.000125706243,-0.25016167,30.1158867,1744.58902
0.298888098,0.0123845633,1.5080012e-05,0.000152361178,-0.250146269,30.2320148,1744.56849
0.298894997,0.0136327222,1.56733866e-05,0.000182116249,-0.250130494,30.3489308,1744.54751
0.298896925,0.12675078,-1.66574359e-05,0.000504152705,-0.248782502,29.9763247,1744.62974
0.298902391,0.0149706296,1.60787986e-05,0.000214944179,-0.250114448,30.4654319,1744.52624
0.298910317,0.0164047389,1.62793138e-05,0.000250747869,-0.250098258,30.5801824,1744.50486
0.29891777,0.128644026,-1.64907526e-05,0.000441624133,-0.248764152,30.064847,1744.65087
0.298918813,0.0179419674,1.62455322e-05,0.000289352007,-0.250082078,30.6917829,1744.4836
0.298919449,0.0900387783,-2.99177738e-06,0.00107246754,-0.249509894,30.1364325,1744.31838
0.29892792,0.0195897299,1.59740898e-05,0.000330497168,-0.250066093,30.7986842,1744.46271
0.298937217,0.13041027,-1.61849659e-05,0.00038398482,-0.248745704,30.1613467,1744.66708
0.298937682,0.0213559743,1.54751992e-05,0.00037382971,-0.250050518,30.8990701,1744.44246
0.298948145,0.0232492201,1.47478149e-05,0.000418894182,-0.250035601,30.9911878,1744.42318
0.298955284,0.0943947116,-3.90700281e-06,0.0010135809,-0.249533908,30.0576506,1744.36532
0.29895536,0.132058033,-1.5753808e-05,0.000331260396,-0.248727442,30.264307,1744.67871
0.298959361,0.0252785992,1.38008917e-05,0.000465136039,-0.250021625,31.0735133,1744.40521
0.298971384,0.0274539002,1.26070275e-05,0.000511907772,-0.2500089,31.143979,1744.3889
0.298972285,0.133595261,-1.52108918e-05,0.000283398505,-0.248709588,30.3722369,1744.68622
0.29898427,0.0297856156,1.11884789e-05,0.000558449065,-0.249997768,31.2008595,1744.37463
0.298988075,0.13502937,-1.45689981e-05,0.000240281958,-0.248692307,30.4837078,1744.69014
0.298988716,0.0984584434,-4.74629745e-06,0.000951936718,-0.249552195,29.9913058,1744.41068
0.298998084,0.0322849924,9.7376331e-06,0.000603875996,-0.249988592,31.2438242,1744.36277
0.299002806,0.136367278,-1.38404476e-05,0.000201743713,-0.248675718,30.5973727,1744.69102
0.299012891,0.0349640862,8.40755785e-06,0.000647306966,-0.249981753,31.2716167,1744.3537
0.299016549,0.137615437,-1.30372553e-05,0.000167576333,-0.248659897,30.7119825,1744.68941
0.299019905,0.102249575,-5.5199641e-06,0.000888535088,-0.249565111,29.9384401,1744.45435
0.299028762,0.0378358195,7.07528092e-06,0.000687834455,-0.249977634,31.2819601,1744.34776
0.29902937,0.138779867,-1.21703848e-05,0.000137543261,-0.248644887,30.8263954,1744.68582
0.29904133,0.139866187,-1.12510396e-05,0.000111387454,-0.248630705,30.9395824,1744.68072
0.299045775,0.040914044,5.90961736e-06,0.000724514762,-0.249976613,31.2746761,1744.34528
0.299049002,0.105786393,-6.22893494e-06,0.000824258021,-0.249573157,29.8999534,1744.49624
0.299052489,0.140879634,-1.0290153e-05,8.88367128e-05,-0.248617346,31.050632,1744.67451
0.299062899,0.141825099,-9.2976096e-06,6.96112983e-05,-0.248604787,31.1587412,1744.66754
0.299064011,0.0442136074,5.10829574e-06,0.000756567882,-0.24997904,31.2513772,1744.34653
0.29907261,0.14270714,-8.28387447e-06,5.34295917e-05,-0.248592994,31.2632233,1744.6601
0.299076147,0.109085956,-6.86707386e-06,0.000759904718,-0.249576913,29.8764468,1744.53617
0.299081671,0.143530013,-7.26008504e-06,4.00093909e-05,-0.248581923,31.3634887,1744.65242
0.299083558,0.0477504251,4.34710467e-06,0.000783115527,-0.24998522,31.2120976,1744.35174
0.299090123,0.144297686,-6.23748436e-06,2.90706243e-05,-0.248571523,31.4590573,1744.64467
0.299098008,0.145013864,-5.22782191e-06,2.03405058e-05,-0.248561738,31.5495618,1744.63701
0.299101472,0.112164181,-7.44461862e-06,0.000696220681,-0.249576992,29.8682483,1744.57394
0.299104511,0.0515415566,3.47861699e-06,0.000803215781,-0.249995386,31.1561688,1744.3611
0.299105365,0.145681998,-4.243662e-06,1.35539745e-05,-0.248552507,31.6347041,1744.62952
0.299112228,0.146305314,-3.29720706e-06,8.4496555e-06,-0.248543769,31.7142973,1744.62228
0.29911863,0.146886817,-2.40541043e-06,4.78262148e-06,-0.248535456,31.7882945,1744.61534
0.299124603,0.147429312,-1.59629089e-06,2.30450323e-06,-0.248527497,31.8565732,1744.60873
0.299125097,0.115035914,-7.89679435e-06,0.000633845605,-0.249574006,29.8760841,1744.60926
0.29912697,0.0556052884,2.59373182e-06,0.000816148756,-0.250009667,31.0844526,1744.37471
0.299130176,0.147935415,-8.93637225e-07,7.83432463e-07,-0.248519817,31.9191745,1744.60244
0.299135374,0.148407569,-3.22778768e-07,-2.25690795e-08,-0.248512327,31.9761346,1744.59649
0.299140224,0.14884805,7.51847488e-08,-2.93575805e-07,-0.248504923,32.0279875,1744.59085
0.299144749,0.149258983,2.69015632e-07,-3.85620973e-07,-0.248497475,32.0741488,1744.58549
0.299147137,0.117715008,-8.18344925e-06,0.00057339889,-0.249568539,29.899749,1744.64183
0.29914897,0.14964235,2.33971772e-07,4.50959509e-08,-0.248489822,32.1177919,1744.58038
0.299151045,0.0599612217,1.75230955e-06,0.000821313964,-0.250028055,30.9985944,1744.39264
0.299152907,0.15,0,0,-0.24848177,32.1391824,1744.57547
0.299167699,0.120214384,-8.38382493e-06,0.000515425099,-0.249561133,29.9380329,1744.67131
0.29917685,0.0646303672,9.50114253e-07,0.000818171976,-0.250050362,30.9001733,1744.41491
0.299186882,0.1225461,-8.5253938e-06,0.000460299601,-0.249552274,29.9899367,1744.69742
0.299204511,0.0696352464,1.8977962e-07,0.000806191646,-0.250076166,30.7908761,1744.44154
0.299204778,0.124721401,-8.58517012e-06,0.000408323236,-0.249542389,30.0544004,1744.71994
0.299221474,0.12675078,-8.55973374e-06,0.000359724508,-0.249531843,30.1301504,1744.73877
0.299234161,0.075,-4.98727989e-07,0.000784956462,-0.25010474,30.6715372,1744.47255
0.299237049,0.128644026,-8.4561112e-06,0.000314649843,-0.249520941,30.215749,1744.75394
0.29925158,0.13041027,-8.28215635e-06,0.000273168483,-0.249509934,30.3096705,1744.76561
0.299263811,0.0803647536,-1.08827207e-06,0.000756067879,-0.250133006,30.5518618,1744.50561
0.299265136,0.132058033,-8.0452446e-06,0.000235283433,-0.249499018,30.4103788,1744.77402
0.299277782,0.133595261,-7.75254921e-06,0.000200943042,-0.249488348,30.5163626,1744.77952
0.29928958,0.13502937,-7.41076878e-06,0.000170050645,-0.249478036,30.6261732,1744.78249
0.299291472,0.0853696328,-1.59266166e-06,0.000722514358,-0.250158051,30.4423455,1744.53807
0.299300587,0.136367278,-7.02630388e-06,0.000142475448,-0.249468161,30.7384434,1744.78331
0.299310856,0.137615437,-6.60533244e-06,0.000118059376,-0.249458775,30.851903,1744.78238
0.299317277,0.0900387783,-1.98605008e-06,0.000685619485,-0.250179442,30.3436579,1744.56962
0.299320435,0.138779867,-6.15345642e-06,9.66251307e-05,-0.249449905,30.96539,1744.78006
0.299329372,0.139866187,-5.67636172e-06,7.79822347e-05,-0.249441561,31.0778536,1744.77668
0.29933771,0.140879634,-5.17949382e-06,6.19309749e-05,-0.249433737,31.1883606,1744.77252
0.299341351,0.0943947116,-2.30288572e-06,0.000646432047,-0.25019706,30.2567331,1744.60012
0.299345488,0.141825099,-4.6678182e-06,4.82676015e-05,-0.249426417,31.2960864,1744.76784
0.299352744,0.14270714,-4.14659369e-06,3.67880064e-05,-0.249419576,31.4003191,1744.76282
0.299359514,0.143530013,-3.62161732e-06,2.72888527e-05,-0.249413183,31.5004512,1744.75763
0.299363811,0.0984584434,-2.60889942e-06,0.00060570606,-0.250211005,30.182835,1744.6295
0.29936583,0.144297686,-3.09859517e-06,1.95693278e-05,-0.2494072,31.5959768,1744.7524
0.299371722,0.145013864,-2.58338634e-06,1.34342978e-05,-0.24940159,31.6864893,1744.74722
0.299377218,0.145681998,-2.08371123e-06,8.69478512e-06,-0.249396311,31.7716568,1744.74217
0.299382346,0.146305314,-1.60548334e-06,5.16387524e-06,-0.24939132,31.851192,1744.73728
0.299384763,0.102249575,-2.89979591e-06,0.000564074825,-0.250221517,30.1229376,1744.65769
0.29938713,0.146886817,-1.15063379e-06,2.66668913e-06,-0.249386569,31.9250153,1744.7326
0.299391593,0.147429312,-7.24018473e-07,1.02681225e-06,-0.249382009,31.9932074,1744.72815
0.299395757,0.147935415,-3.50643296e-07,7.60057542e-08,-0.249377587,32.0557687,1744.72391
0.299399641,0.148407569,-5.26938667e-08,-3.67460347e-07,-0.249373236,32.1125521,1744.7199
0.299403265,0.14884805,1.48431035e-07,-4.25384361e-07,-0.249368873,32.1640957,1744.7161
0.299404311,0.105786393,-3.18539507e-06,0.000522094781,-0.250228927,30.0779406,1744.68464
0.299406646,0.149258983,2.42104671e-07,-4.08960808e-07,-0.249364382,32.2097959,1744.71249
0.2994098,0.14964235,1.77300725e-07,4.18187037e-08,-0.24935958,32.2527684,1744.70902
0.299412742,0.15,0,0,-0.249354177,32.2737834,1744.70564
0.299422547,0.109085956,-3.48089602e-06,0.000480260973,-0.250233612,30.0484288,1744.71025
0.29942613,0,0,0,-0.250846636,29.1486725,1744.91399
0.299427106,0.000357650242,1.92460806e-06,2.81727494e-07,-0.250843617,29.1741125,1744.91016
0.299428151,0.000741017226,2.56138851e-06,-4.73294314e-07,-0.250840395,29.2224716,1744.90602
0.299429272,0.00115195011,2.73166587e-06,-5.78255973e-07,-0.250836959,29.2672219,1744.90157
0.299430474,0.00159243101,2.81860353e-06,-7.48250221e-07,-0.250833298,29.3156609,1744.8968
0.299431762,0.00206458457,2.96766856e-06,-7.17306407e-07,-0.250829401,29.3694702,1744.89169
0.299433142,0.0025706882,3.2307914e-06,-3.27323438e-07,-0.250825256,29.4287447,1744.88623
0.299434622,0.00311318307,3.59043781e-06,5.36004016e-07,-0.250820852,29.4939385,1744.88041
0.299436208,0.00369468589,4.03248482e-06,2.01067308e-06,-0.250816178,29.5653306,1744.87421
0.299437909,0.00431800152,4.51751004e-06,4.21686144e-06,-0.250811227,29.6427335,1744.86762
0.299439559,0.112164181,-3.83050356e-06,0.000439051725,-0.250235964,30.0346732,1744.7344
0.299439731,0.00498613648,5.00362143e-06,7.27150449e-06,-0.250805991,29.7259942,1744.86063
0.299441685,0.0057023135,5.45954947e-06,1.12927124e-05,-0.250800462,29.8148106,1744.85323
0.299443778,0.00646998704,5.86899064e-06,1.63910856e-05,-0.250794639,29.9088166,1744.84542
0.299446023,0.00729285993,6.24432525e-06,2.26649054e-05,-0.250788521,30.007732,1744.83721
0.299448429,0.00817490128,6.59775381e-06,3.02103204e-05,-0.250782113,30.1112141,1744.82859
0.299451008,0.00912036556,6.92112336e-06,3.9117648e-05,-0.250775423,30.2187526,1744.8196
0.299453772,0.0101338132,7.20666393e-06,4.94608174e-05,-0.250768467,30.329679,1744.81025
0.299455431,0.115035914,-4.028505e-06,0.000398839186,-0.250236376,30.03728,1744.75692
0.299456736,0.0112201325,7.44928588e-06,6.12951845e-05,-0.250761266,30.4431849,1744.80058
0.299459912,0.0123845633,7.64480787e-06,7.46547713e-05,-0.250753849,30.5583227,1744.79063
0.299463317,0.0136327222,7.79079354e-06,8.95482428e-05,-0.250746258,30.674004,1744.78047
0.299466966,0.0149706296,7.88577656e-06,0.000105954322,-0.250738541,30.7889997,1744.77018
0.299470238,0.117715008,-3.9744365e-06,0.000360008938,-0.250235217,30.056192,1744.77764
0.299470878,0.0164047389,7.92789449e-06,0.000123816694,-0.250730762,30.9019741,1744.75984
0.299475071,0.0179419674,7.92552936e-06,0.000143041688,-0.250722995,31.011547,1744.74955
0.299479566,0.0195897299,7.89078542e-06,0.000163491814,-0.250715332,31.1161277,1744.73945
0.299484051,0.120214384,-3.91239897e-06,0.00032292175,-0.250232826,30.0902152,1744.79634
0.299484384,0.0213559743,7.80629026e-06,0.000184984705,-0.250707878,31.2139724,1744.72967
0.299489548,0.0232492201,7.6914089e-06,0.000207294647,-0.250700753,31.3033854,1744.72037
0.299495084,0.0252785992,7.59536775e-06,0.000230131621,-0.250694096,31.3826719,1744.7117
0.299496938,0.1225461,-3.92175624e-06,0.000287778334,-0.250229507,30.1381235,1744.81288
0.299501017,0.0274539002,7.4458175e-06,0.000253174872,-0.25068806,31.450198,1744.70385
0.299507378,0.0297856156,7.33390679e-06,0.00027606291,-0.250682809,31.5043913,1744.69699
0.29950896,0.124721401,-3.93069338e-06,0.000254742314,-0.250225526,30.1988947,1744.82713
0.299514195,0.0322849924,7.50879279e-06,0.000298318512,-0.250678523,31.5435521,1744.69132
0.299520176,0.12675078,-3.90449441e-06,0.000223944798,-0.250221105,30.2713552,1744.83905
0.299521503,0.0349640862,7.70193532e-06,0.000319482118,-0.250675386,31.5660748,1744.687
0.299529337,0.0378358195,7.14362806e-06,0.000339119761,-0.250673587,31.571453,1744.68421
0.29953064,0.128644026,-3.84184103e-06,0.000195462676,-0.250216433,30.3540633,1744.84867
0.299537733,0.040914044,5.7650987e-06,0.000356805218,-0.250673309,31.5587815,1744.68311
0.299540402,0.13041027,-3.74940582e-06,0.000169323503,-0.25021166,30.445448,1744.8561
0.299546733,0.0442136074,4.47930948e-06,0.000372227824,-0.250674723,31.5275971,1744.68382
0.299549508,0.132058033,-3.63157384e-06,0.000145513223,-0.250206904,30.5439446,1744.8615
0.299556381,0.0477504251,3.68047338e-06,0.000384920617,-0.250677979,31.4792668,1744.68646
0.299558004,0.133595261,-3.49178188e-06,0.000123984784,-0.250202256,30.6480188,1744.8651
0.29956593,0.13502937,-3.33301108e-06,0.000104664281,-0.250197782,30.7562016,1744.86713
0.299566722,0.0515415566,3.0873308e-06,0.000394367457,-0.25068319,31.4146985,1744.69112
0.299573325,0.136367278,-3.1580119e-06,8.74579661e-05,-0.250193527,30.8671056,1744.86783
0.299577807,0.0556052884,2.59134617e-06,0.000400245067,-0.250690422,31.3346174,1744.69785
0.299580223,0.137615437,-2.96940024e-06,7.22565568e-05,-0.25018952,30.979441,1744.86747
0.299586658,0.138779867,-2.76948044e-06,5.89403282e-05,-0.250185776,31.0920264,1744.86625
0.299589689,0.0599612217,2.20897649e-06,0.000402279719,-0.250699673,31.2402907,1744.70667
0.299592662,0.139866187,-2.56052762e-06,4.73828464e-05,-0.250182298,31.2037917,1744.86438
0.299598264,0.140879634,-2.34439578e-06,3.74533435e-05,-0.250179081,31.3137883,1744.86205
0.299602425,0.0646303672,1.89253459e-06,0.000400220016,-0.250710855,31.1332309,1744.71761
0.299603489,0.141825099,-2.12291257e-06,2.90199147e-05,-0.250176113,31.4211759,1744.85939
0.299608364,0.14270714,-1.89853315e-06,2.1951607e-05,-0.250173379,31.5252192,1744.85652
0.299612912,0.143530013,-1.67384795e-06,1.61190199e-05,-0.250170859,31.6252931,1744.85356
0.299616077,0.0696352464,1.58176086e-06,0.00039381986,-0.250723767,31.0151315,1744.73066
0.299617154,0.144297686,-1.45139041e-06,1.13955021e-05,-0.250168532,31.7208792,1744.85057
0.299621113,0.145013864,-1.23398679e-06,7.6585024e-06,-0.250166373,31.8115491,1744.84761
0.299624805,0.145681998,-1.02726242e-06,4.79042674e-06,-0.250164358,31.8969633,1744.84472
0.29962825,0.146305314,-8.38010647e-07,2.67443796e-06,-0.250162462,31.9768673,1744.84193
0.299630711,0.075,1.27914352e-06,0.000382899885,-0.250738063,30.8865344,1744.74583
0.299631464,0.146886817,-6.60741236e-07,1.20158223e-06,-0.250160657,32.0511003,1744.83926
0.299634462,0.147429312,-4.81988682e-07,2.64145883e-07,-0.250158915,32.1193462,1744.83672
0.299637259,0.147935415,-3.20227976e-07,-2.43796352e-07,-0.250157202,32.1817151,1744.83431
0.299639869,0.148407569,-1.92692436e-07,-4.40779862e-07,-0.250155479,32.2383477,1744.83203
0.299642303,0.14884805,-1.11939594e-07,-3.86744538e-07,-0.250153691,32.2896982,1744.82987
0.299644574,0.149258983,-9.20201028e-08,-3.31710634e-07,-0.25015175,32.3344368,1744.82782
0.299645345,0.0803647536,1.009685e-06,0.000368292211,-0.250752228,30.7575788,1744.76198
0.299646693,0.14964235,-1.80024786e-07,1.32201644e-08,-0.250149483,32.3771678,1744.82583
0.29964867,0.15,0,0,-0.25014648,32.3987112,1744.82386
0.299658997,0.0853696328,7.75846883e-07,0.000351482921,-0.250764822,30.639446,1744.77781
0.299671733,0.0900387783,5.44749983e-07,0.000333114089,-0.250775641,30.5326866,1744.79318
0.299683615,0.0943947116,3.15173816e-07,0.000313698448,-0.250784632,30.4382208,1744.80802
0.2996947,0.0984584434,1.10899463e-07,0.000293597607,-0.250791845,30.3573165,1744.82229
0.299705041,0.102249575,-5.8869029e-08,0.000273114034,-0.2507974,30.2908805,1744.83597
0.299714688,0.105786393,-1.71576297e-07,0.000252513122,-0.250801458,30.2398576,1744.84903
0.299723689,0.109085956,-1.89015742e-07,0.000232025582,-0.250804203,30.2049669,1744.86142
0.299732085,0.112164181,-1.00552421e-07,0.000211891109,-0.250805825,30.1868353,1744.87309
0.299739919,0.115035914,-1.45931151e-07,0.000192276362,-0.250806513,30.1847847,1744.88396
0.299747227,0.117715008,-3.79888174e-07,0.000173362565,-0.250806445,30.1979784,1744.89394
0.299754044,0.120214384,-5.73387082e-07,0.000155338351,-0.250805783,30.2267852,1744.90295
0.299760405,0.1225461,-6.83673052e-07,0.000138288529,-0.250804674,30.2706386,1744.91091
0.299766338,0.124721401,-7.48778838e-07,0.000122282069,-0.250803243,30.3280005,1744.91777
0.299771874,0.12675078,-7.8035348e-07,0.000107379788,-0.250801596,30.3973454,1744.92351
0.299777038,0.128644026,-7.88676214e-07,9.36155713e-05,-0.250799822,30.4771704,1744.92814
0.299781856,0.13041027,-7.82017494e-07,8.09995536e-05,-0.250797992,30.5659313,1744.93172
0.299786351,0.132058033,-7.63934059e-07,6.95213662e-05,-0.250796162,30.6620616,1744.93434
0.299790544,0.133595261,-7.3635504e-07,5.91550514e-05,-0.250794373,30.7640142,1744.93609
0.299794456,0.13502937,-7.0065409e-07,4.98620505e-05,-0.250792658,30.8703049,1744.9371
0.299798105,0.136367278,-6.57983847e-07,4.15946451e-05,-0.250791035,30.9795304,1744.93748
0.29980151,0.137615437,-6.09396942e-07,3.4298001e-05,-0.250789519,31.0903846,1744.93735
0.299804686,0.138779867,-5.55784282e-07,2.79126441e-05,-0.250788116,31.2016707,1744.93682
0.299807649,0.139866187,-4.97958783e-07,2.23762769e-05,-0.250786826,31.3123036,1744.93598
0.299810414,0.140879634,-4.35998284e-07,1.76248333e-05,-0.250785647,31.4213119,1744.93492
0.299812993,0.141825099,-3.70226537e-07,1.35939677e-05,-0.250784573,31.5278366,1744.9337
0.299815399,0.14270714,-3.02033718e-07,1.02201092e-05,-0.250783598,31.6311344,1744.93239
0.299817643,0.143530013,-2.3246252e-07,7.4407116e-06,-0.25078271,31.7305678,1744.93103
0.299819737,0.144297686,-1.62087281e-07,5.19482918e-06,-0.250781901,31.8256027,1744.92966
0.299821691,0.145013864,-9.1806103e-08,3.4234433e-06,-0.250781159,31.915797,1744.9283
0.299823513,0.145681998,-2.49529907e-08,2.07040279e-06,-0.250780472,32.0008289,1744.92698
0.299825214,0.146305314,3.70984665e-08,1.07970778e-06,-0.250779829,32.0804738,1744.9257
0.2998268,0.146886817,9.73207937e-08,3.99842588e-07,-0.250779216,32.1545166,1744.92448
0.29982828,0.147429312,1.49562979e-07,-2.17390889e-08,-0.250778622,32.2224861,1744.92332
0.29982966,0.147935415,1.88676803e-07,-2.35204066e-07,-0.250778029,32.2845974,1744.92222
0.299830948,0.148407569,2.21080848e-07,-2.99669032e-07,-0.250777419,32.3409244,1744.92117
0.29983215,0.14884805,2.41441752e-07,-2.37123579e-07,-0.250776766,32.3919376,1744.92019
0.299833271,0.149258983,2.19317096e-07,-2.01029492e-07,-0.250776022,32.4364541,1744.91925
0.299834316,0.14964235,3.46771889e-07,2.14931928e-08,-0.250775071,32.4787662,1744.91834
0.299835292,0.15,0,0,-0.250773464,32.4999942,1744.91741
0.3,0,0,0,-0.251235107,29.3249508,1744.98349
0.3,0.000357650242,0,0,-0.2513274,29.3516143,1745
0.3,0.000741017226,0,0,-0.2513274,29.3996913,1745
0.3,0.00115195011,0,0,-0.2513274,29.4424082,1745
0.3,0.00159243101,0,0,-0.2513274,29.4901381,1745
0.3,0.00206458457,0,0,-0.2513274,29.5430689,1745
0.3,0.0025706882,0,0,-0.2513274,29.6010923,1745
0.3,0.00311318307,0,0,-0.2513274,29.6646658,1745
0.3,0.00369468589,0,0,-0.2513274,29.7340177,1745
0.3,0.00431800152,0,0,-0.2513274,29.8090837,1745
0.3,0.00498613648,0,0,-0.2513274,29.8902674,1745
0.3,0.0057023135,0,0,-0.2513274,29.9775544,1745
0.3,0.00646998704,0,0,-0.2513274,30.0707103,1745
0.3,0.00729285993,0,0,-0.2513274,30.1691786,1745
0.3,0.00817490128,0,0,-0.2513274,30.2722792,1745
0.3,0.00912036556,0,0,-0.2513274,30.3794499,1745
0.3,0.0101338132,0,0,-0.2513274,30.4899868,1745
0.3,0.0112201325,0,0,-0.2513274,30.6030429,1745
0.3,0.0123845633,0,0,-0.2513274,30.717645,1745
0.3,0.0136327222,0,0,-0.2513274,30.8326812,1745
0.3,0.0149706296,0,0,-0.2513274,30.9469059,1745
0.3,0.0164047389,0,0,-0.2513274,31.0589625,1745
0.3,0.0179419674,0,0,-0.2513274,31.1673257,1745
0.3,0.0195897299,0,0,-0.2513274,31.2703274,1745
0.3,0.0213559743,0,0,-0.2513274,31.3665283,1745
0.3,0.0232492201,0,0,-0.2513274,31.4543575,1745
0.3,0.0252785992,0,0,-0.2513274,31.531659,1745
0.3,0.0274539002,0,0,-0.2513274,31.597509,1745
0.3,0.0297856156,0,0,-0.2513274,31.650936,1745
0.3,0.0322849924,0,0,-0.2513274,31.6881271,1745
0.3,0.0349640862,0,0,-0.2513274,31.7073367,1745
0.3,0.0378358195,0,0,-0.2513274,31.7109753,1745
0.3,0.040914044,0,0,-0.2513274,31.6972037,1745
0.3,0.0442136074,0,0,-0.2513274,31.6621474,1745
0.3,0.0477504251,0,0,-0.2513274,31.608196,1745
0.3,0.0515415566,0,0,-0.2513274,31.5386313,1745
0.3,0.0556052884,0,0,-0.2513274,31.4541579,1745
0.3,0.0599612217,0,0,-0.2513274,31.3555093,1745
0.3,0.0646303672,0,0,-0.2513274,31.2439924,1745
0.3,0.0696352464,0,0,-0.2513274,31.1213466,1745
0.3,0.075,0,0,-0.2513274,30.9879786,1745
0.3,0.0803647536,0,0,-0.2513274,30.8542236,1745
0.3,0.0853696328,0,0,-0.2513274,30.7315899,1745
0.3,0.0900387783,0,0,-0.2513274,30.6212445,1745
0.3,0.0943947116,0,0,-0.2513274,30.5238806,1745
0.3,0.0984584434,0,0,-0.2513274,30.4400964,1745
0.3,0.102249575,0,0,-0.2513274,30.3708896,1745
0.3,0.105786393,0,0,-0.2513274,30.317239,1745
0.3,0.109085956,0,0,-0.2513274,30.2799847,1745
0.3,0.112164181,0,0,-0.2513274,30.2600917,1745
0.3,0.115035914,0,0,-0.2513274,30.2560439,1745
0.3,0.117715008,0,0,-0.2513274,30.2662222,1745
0.3,0.120214384,0,0,-0.2513274,30.292174,1745
0.3,0.1225461,0,0,-0.2513274,30.3340831,1745
0.3,0.124721401,0,0,-0.2513274,30.3899621,1745
0.3,0.12675078,0,0,-0.2513274,30.4579065,1745
0.3,0.128644026,0,0,-0.2513274,30.5363619,1745
0.3,0.13041027,0,0,-0.2513274,30.6238374,1745
0.3,0.132058033,0,0,-0.2513274,30.7187805,1745
0.3,0.133595261,0,0,-0.2513274,30.8196434,1745
0.3,0.13502937,0,0,-0.2513274,30.9249368,1745
0.3,0.136367278,0,0,-0.2513274,31.0332514,1745
0.3,0.137615437,0,0,-0.2513274,31.1432746,1745
0.3,0.138779867,0,0,-0.2513274,31.2538033,1745
0.3,0.139866187,0,0,-0.2513274,31.3637457,1745
0.3,0.140879634,0,0,-0.2513274,31.472115,1745
0.3,0.141825099,0,0,-0.2513274,31.5780397,1745
0.3,0.14270714,0,0,-0.2513274,31.6807782,1745
0.3,0.143530013,0,0,-0.2513274,31.7796879,1745
0.3,0.144297686,0,0,-0.2513274,31.8742221,1745
0.3,0.145013864,0,0,-0.2513274,31.9639279,1745
0.3,0.145681998,0,0,-0.2513274,32.0484934,1745
0.3,0.146305314,0,0,-0.2513274,32.1276179,1745
0.3,0.146886817,0,0,-0.2513274,32.2010742,1745
0.3,0.147429312,0,0,-0.2513274,32.2687451,1745
0.3,0.147935415,0,0,-0.2513274,32.330858,1745
0.3,0.148407569,0,0,-0.2513274,32.3870427,1745
0.3,0.14884805,0,0,-0.2513274,32.4378377,1745
0.3,0.149258983,0,0,-0.2513274,32.4826971,1745
0.3,0.14964235,0,0,-0.2513274,32.524584,1745
0.3,0.15,0,0,-0.251137613,32.5450791,1744.97172
