r,z,u_r,u_z,u_swirl,p,T
0,0,0,0,-6.00956609e-05,0,1700.13747
0,0.000357650242,-2.37929927e-07,2.45616063e-07,-5.95235638e-05,-0.0122288576,1700.3258
0,0.000741017226,-5.07222318e-07,1.62031756e-06,-5.89124678e-05,-0.0343032589,1700.58653
0,0.00115195011,-8.09266231e-07,3.33235079e-06,-5.82595238e-05,-0.0543216935,1700.83519
0,0.00159243101,-1.1473909e-06,6.32428838e-06,-5.75618183e-05,-0.0760500129,1701.07746
0,0.00206458457,-1.52386671e-06,1.06701953e-05,-5.68163577e-05,-0.0986004311,1701.31669
0,0.0025706882,-1.94088206e-06,1.67400971e-05,-5.60199974e-05,-0.122276094,1701.55492
0,0.00311318307,-2.40095146e-06,2.48914667e-05,-5.51694169e-05,-0.146927727,1701.79345
0,0.00369468589,-2.90666033e-06,3.55876957e-05,-5.42611049e-05,-0.172629557,1702.0331
0,0.00431800152,-3.46057504e-06,4.93614042e-05,-5.32913483e-05,-0.199394843,1702.27441
0,0.00498613648,-4.06520176e-06,6.68437379e-05,-5.22562211e-05,-0.227259292,1702.5177
0,0.0057023135,-4.7228841e-06,8.87723821e-05,-5.11515739e-05,-0.256251074,1702.76309
0,0.00646998704,-5.43571817e-06,0.000116009222,-4.99730236e-05,-0.286402888,1703.01061
0,0.00729285993,-6.20544075e-06,0.000149556458,-4.87159434e-05,-0.317749017,1703.26011
0,0.00817490128,-7.03330557e-06,0.000190575236,-4.73754521e-05,-0.350328667,1703.51137
0,0.00912036556,-7.91993338e-06,0.000240405048,-4.59464056e-05,-0.384187253,1703.76406
0,0.0101338132,-8.86514646e-06,0.000300583924,-4.44233883e-05,-0.419380264,1704.01773
0,0.0112201325,-9.86775378e-06,0.000372869306,-4.28007083e-05,-0.45597503,1704.27188
0,0.0123845633,-1.0925344e-05,0.000459257304,-4.10723949e-05,-0.494058504,1704.5259
0,0.0136327222,-1.20339874e-05,0.000562002674,-3.92322025e-05,-0.533735239,1704.77913
0,0.0149706296,-1.31880491e-05,0.000683630654,-3.72736207e-05,-0.575149309,1705.03084
0,0.0164047389,-1.43796691e-05,0.00082695362,-3.51898963e-05,-0.618461631,1705.28026
0,0.0179419674,-1.55988053e-05,0.000995059946,-3.297407e-05,-0.663918682,1705.5266
0,0.0195897299,-1.68321655e-05,0.0011913289,-3.06190326e-05,-0.711753767,1705.76904
0,0.0213559743,-1.80640912e-05,0.00141936054,-2.811761e-05,-0.762398002,1706.0068
0,0.0232492201,-1.9273953e-05,0.00168300689,-2.54626818e-05,-0.816149505,1706.2391
0,0.0252785992,-2.04394964e-05,0.00198615934,-2.2647346e-05,-0.873778354,1706.46522
0,0.0274539002,-2.15303756e-05,0.00233286297,-1.9665138e-05,-0.935569921,1706.68447
0,0.0297856156,-2.25176071e-05,0.00272677356,-1.65103189e-05,-1.00292583,1706.89627
0,0.0322849924,-2.33581287e-05,0.00317154584,-1.31782387e-05,-1.07587139,1707.10008
0,0.0349640862,-2.40179865e-05,0.00366954654,-9.66579093e-06,-1.15699344,1707.29546
0,0.0378358195,-2.44375311e-05,0.00422299803,-5.97194897e-06,-1.24543926,1707.48204
0,0.040914044,-2.45833894e-05,0.00483105609,-2.0983894e-06,-1.34602571,1707.65952
0,0.0442136074,-2.43739015e-05,0.00549284326,1.94983074e-06,-1.45563234,1707.82766
0,0.0477504251,-2.37889831e-05,0.00620098748,6.16361957e-06,-1.58329747,1707.98629
0,0.0515415566,-2.27154554e-05,0.00694912435,1.05292311e-05,-1.72064559,1708.13525
0,0.0556052884,-2.11721552e-05,0.00771778072,1.50280967e-05,-1.8847866,1708.27445
0,0.0599612217,-1.89933137e-05,0.00849213944,1.9636775e-05,-2.05573362,1708.4038
0,0.0646303672,-1.6286949e-05,0.00923138545,2.43287322e-05,-2.26548952,1708.52326
0,0.0696352464,-1.28177987e-05,0.00990938722,2.90758008e-05,-2.47131786,1708.63281
0,0.075,-8.85778273e-06,0.0104574583,3.38597322e-05,-2.72674411,1708.73265
0,0.0803647536,-4.60945236e-06,0.0108213007,3.8359344e-05,-2.94673732,1708.81726
0,0.0853696328,-7.25034753e-07,0.0109866786,4.23338538e-05,-3.20541733,1708.88436
0,0.0900387783,2.8725354e-06,0.0109119146,4.58827706e-05,-3.4367057,1708.93798
0,0.0943947116,6.24537993e-06,0.0106985942,4.90923735e-05,-3.61972912,1708.98115
0,0.0984584434,9.22841483e-06,0.0103521149,5.2033071e-05,-3.81280111,1709.01593
0,0.102249575,1.19063023e-05,0.00989014716,5.47588893e-05,-3.9648316,1709.0433
0,0.105786393,1.40725698e-05,0.00935228644,5.73109163e-05,-4.12464218,1709.06261
0,0.109085956,1.58940412e-05,0.00875343005,5.97177328e-05,-4.25340522,1709.06929
0,0.112164181,1.72660454e-05,0.00812353324,6.19993855e-05,-4.38127775,1709.05772
0,0.115035914,1.83251795e-05,0.00747562707,6.41684176e-05,-4.48760141,1709.01523
0,0.117715008,1.90336069e-05,0.00682854974,6.62326776e-05,-4.58855948,1708.92002
0,0.120214384,1.94751503e-05,0.00619204641,6.8196407e-05,-4.6752177,1708.74723
0,0.1225461,1.96480462e-05,0.00557723075,7.00618644e-05,-4.75608122,1708.47012
0,0.124721401,1.96075954e-05,0.00499024407,7.18300808e-05,-4.82789708,1708.06477
0,0.12675078,1.93683597e-05,0.00443689375,7.3501697e-05,-4.89531245,1707.5149
0,0.128644026,1.89694691e-05,0.00392016569,7.50773616e-05,-4.95752935,1706.81506
0,0.13041027,1.84304754e-05,0.00344229191,7.65580798e-05,-5.01708636,1705.97142
0,0.132058033,1.77801982e-05,0.00300388185,7.79453466e-05,-5.07395424,1705.00023
0,0.133595261,1.70376666e-05,0.00260487155,7.9241226e-05,-5.12938213,1703.92488
0,0.13502937,1.6224431e-05,0.00224428747,8.04483321e-05,-5.18339446,1702.77243
0,0.136367278,1.53567197e-05,0.00192070409,8.15697817e-05,-5.23646281,1701.57045
0,0.137615437,1.44505755e-05,0.00163222875,8.26091113e-05,-5.28849569,1700.34465
0,0.138779867,1.35188015e-05,0.0013767346,8.3570187e-05,-5.33955872,1699.11743
0,0.139866187,1.25731324e-05,0.00115190479,8.44571093e-05,-5.38948663,1697.90711
0,0.140879634,1.16231257e-05,0.000955355163,8.52741244e-05,-5.43818671,1696.72794
0,0.141825099,1.06771103e-05,0.000784681166,8.60255422e-05,-5.48549044,1695.59032
0,0.14270714,9.7418195e-06,0.000637521537,8.67156658e-05,-5.53128575,1694.50137
0,0.143530013,8.82295464e-06,0.00051159324,8.73487324e-05,-5.57543785,1693.46547
0,0.144297686,7.92492525e-06,0.000404718403,8.79288655e-05,-5.61788561,1692.48486
0,0.145013864,7.05151641e-06,0.000314851322,8.84600376e-05,-5.65851653,1691.56011
0,0.145681998,6.20515739e-06,0.000240072869,8.89460429e-05,-5.69738184,1690.69062
0,0.146305314,5.38850747e-06,0.000178630971,8.93904777e-05,-5.73429539,1689.87492
0,0.146886817,4.6020281e-06,0.000128876319,8.97967294e-05,-5.76959341,1689.111
0,0.147429312,3.84852097e-06,8.9384874e-05,9.01679694e-05,-5.80265181,1688.39646
0,0.147935415,3.12579151e-06,5.87170604e-05,9.05071525e-05,-5.83473224,1687.72872
0,0.148407569,2.43944361e-06,3.58586606e-05,9.08170176e-05,-5.86332824,1687.10514
0,0.14884805,1.78070621e-06,1.93849341e-05,9.11000928e-05,-5.89273816,1686.52304
0,0.149258983,1.15798709e-06,8.92750359e-06,9.13586924e-05,-5.91462226,1685.97983
0,0.14964235,5.61863258e-07,2.66254784e-06,9.1594891e-05,-5.94866321,1685.47299
0,0.15,0,0,9.1810726e-05,-5.97554459,1685.08989
0.000219181974,0.15,0,0,0.000183621452,-5.97553919,1685
0.000220027669,0.14964235,1.11856255e-06,2.65161602e-06,0.000183189351,-5.94923546,1685.47283
0.000220934173,0.149258983,2.30217678e-06,8.913012e-06,0.000182716939,-5.91600974,1685.97964
0.00022190586,0.14884805,3.53658841e-06,1.93677218e-05,0.000182199763,-5.8948066,1686.52283
0.000222947415,0.148407569,4.84275493e-06,3.58378443e-05,0.000181633646,-5.86615692,1687.10489
0.000224063863,0.147935415,6.20531873e-06,5.86933142e-05,0.000181013955,-5.83830858,1687.72845
0.000225260588,0.147429312,7.63987924e-06,8.93564221e-05,0.000180335636,-5.80705144,1688.39614
0.000226543365,0.146886817,9.13571886e-06,0.00012884304,0.000179593211,-5.77482074,1689.11064
0.000227918378,0.146305314,1.06969739e-05,0.000178590806,0.000178780771,-5.7403887,1689.87451
0.000229392262,0.145681998,1.2318203e-05,0.000240024485,0.000177891976,-5.70435589,1690.69015
0.000230972125,0.145013864,1.39984333e-05,0.000314792508,0.000176920052,-5.66639381,1691.55958
0.000232665587,0.144297686,1.57324327e-05,0.000404646915,0.000175857808,-5.62667846,1692.48426
0.000234480818,0.143530013,1.75153702e-05,0.000511506261,0.000174697658,-5.58515654,1693.4648
0.000236426572,0.14270714,1.9339756e-05,0.000637415878,0.000173431657,-5.54193285,1694.50062
0.000238512235,0.141825099,2.11968414e-05,0.000784553098,0.000172051563,-5.49706238,1695.58948
0.000240747867,0.140879634,2.30753255e-05,0.00095520043,0.000170548902,-5.45067118,1696.72701
0.000243144252,0.139866187,2.49618491e-05,0.00115171858,0.000168915071,-5.40286251,1697.90609
0.000245712948,0.138779867,2.68398956e-05,0.00137651147,0.000167141452,-5.35379378,1699.11632
0.000248466345,0.137615437,2.8690492e-05,0.00163196278,0.000165219555,-5.30354685,1700.34348
0.000251417725,0.136367278,3.04903665e-05,0.00192038868,0.000163141182,-5.25227266,1701.56921
0.000254581322,0.13502937,3.22140841e-05,0.00224391581,0.000160898603,-5.19989357,1702.77116
0.000257972398,0.133595261,3.38298442e-05,0.0026044362,0.000158484747,-5.14648236,1703.92361
0.000261607308,0.132058033,3.53053578e-05,0.00300337585,0.000155893382,-5.09155654,1704.999
0.000265503585,0.13041027,3.65979711e-05,0.00344170761,0.000153119281,-5.03506621,1705.97027
0.000269680022,0.128644026,3.76696789e-05,0.00391949766,0.000150158318,-4.97575755,1706.81403
0.000274156766,0.12675078,3.84636475e-05,0.00443613521,0.000147007502,-4.91362159,1707.51402
0.000278955408,0.124721401,3.89404296e-05,0.00498939446,0.000143664824,-4.84613318,1708.06407
0.000284099095,0.1225461,3.90233261e-05,0.00557628517,0.000140128988,-4.77402411,1708.46961
0.000289612638,0.120214384,3.86819659e-05,0.00619101554,0.000136398714,-4.6927067,1708.74689
0.000295522631,0.117715008,3.78087867e-05,0.00682743003,0.000132471943,-4.60530169,1708.91982
0.00030185758,0.115035914,3.64043989e-05,0.0074744528,0.000128344167,-4.50347439,1709.01514
0.000308648042,0.112164181,3.43070004e-05,0.00812229597,0.000124006912,-4.39586961,1709.05771
0.00031592677,0.109085956,3.15872114e-05,0.00875221308,0.000119444505,-4.26673052,1709.06933
0.000323728873,0.105786393,2.79810498e-05,0.00935105564,0.000114631881,-4.13605673,1709.06269
0.000332091984,0.102249575,2.36930721e-05,0.00988908882,0.000109529006,-3.97468124,1709.04342
0.000341056442,0.0984584434,1.83898074e-05,0.010351119,0.000104078756,-3.82001407,1709.01609
0.000350665488,0.0943947116,1.24614901e-05,0.0106980105,9.819907e-05,-3.62529325,1708.98135
0.000360965469,0.0900387783,5.75254976e-06,0.0109114903,9.1781953e-05,-3.43868924,1708.93824
0.000372006067,0.0853696328,-1.44137763e-06,0.0109867647,8.46867688e-05,-3.20631835,1708.88468
0.000383840537,0.0803647536,-9.18301089e-06,0.010822135,7.67410245e-05,-2.94411515,1708.81767
0.000396525961,0.075,-1.76324442e-05,0.0104585641,6.77441223e-05,-2.72177854,1708.73315
0.000409211385,0.0696352464,-2.54841873e-05,0.00991105504,5.81752975e-05,-2.46338427,1708.63339
0.000421045854,0.0646303672,-3.23812141e-05,0.0092329708,4.86786633e-05,-2.25608055,1708.52389
0.000432086453,0.0599612217,-3.77510699e-05,0.00849378038,3.9292431e-05,-2.04462138,1708.40448
0.000442386434,0.0556052884,-4.20825863e-05,0.0077192558,3.00729317e-05,-1.87280978,1708.27517
0.000445081285,0.15,0,0,0.000372870407,-5.97541825,1685
0.000446834408,0.14964235,2.24103812e-06,2.63924949e-06,0.000372021962,-5.94977876,1685.47283
0.000448713589,0.149258983,4.60081104e-06,8.90253972e-06,0.000371094087,-5.917268,1685.97964
0.000450727892,0.14884805,7.06360886e-06,1.93477425e-05,0.000370077202,-5.89659545,1686.52283
0.000451995479,0.0515415566,-4.51496989e-05,0.00695049398,2.10732248e-05,-1.70789324,1708.13602
0.000452887032,0.148407569,9.66906923e-06,3.58136793e-05,0.000368962808,-5.86868732,1687.10489
0.000455201426,0.147935415,1.2390753e-05,5.86720035e-05,0.000367741542,-5.84146186,1687.72844
0.000457682234,0.147429312,1.52551879e-05,8.93338992e-05,0.00036640318,-5.81098743,1688.39614
0.000460341425,0.146886817,1.82431981e-05,0.000128822679,0.000364936637,-5.77949547,1689.11063
0.000460959937,0.0477504251,-4.72850145e-05,0.00620218339,1.23401952e-05,-1.57023204,1707.98709
0.000463191825,0.146305314,2.13620305e-05,0.00017857038,0.000363329939,-5.74586619,1689.87451
0.000466247181,0.145681998,2.46016596e-05,0.000240005116,0.000361570224,-5.71063684,1690.69015
0.000469323049,0.0442136074,-4.84491673e-05,0.00549390025,3.91097867e-06,-1.44241014,1707.8285
0.000469522232,0.145013864,2.79598867e-05,0.000314773469,0.000359643733,-5.67350816,1691.55957
0.000473032774,0.144297686,3.14266369e-05,0.00040462856,0.000357535843,-5.63463494,1692.48426
0.000476795741,0.143530013,3.49922943e-05,0.000511488398,0.000355231105,-5.59396772,1693.4648
0.000477125152,0.040914044,-4.88670449e-05,0.00483196312,-4.18693758e-06,-1.33291044,1707.66039
0.000480829284,0.14270714,3.86421252e-05,0.00063739861,0.000352713322,-5.55160084,1694.50061
0.00048440388,0.0378358195,-4.85787133e-05,0.00422377949,-1.19353774e-05,-1.23256727,1707.48294
0.000485152857,0.141825099,4.23587718e-05,0.000784536388,0.000349965655,-5.50758503,1695.58948
0.000489787315,0.140879634,4.61198323e-05,0.000955184295,0.000346970774,-5.46203716,1696.727
0.000491194342,0.0349640862,-4.77459583e-05,0.00367021012,-1.93242368e-05,-1.14451428,1707.29639
0.000494755013,0.139866187,4.98987356e-05,0.00115170302,0.000343711045,-5.41505286,1697.90609
0.000497529291,0.0322849924,-4.64355613e-05,0.00317210974,-2.63501744e-05,-1.06387854,1707.10103
0.000500079912,0.138779867,5.36626212e-05,0.00137649645,0.000340168772,-5.36677855,1699.11632
0.000503439283,0.0297856156,-4.47656738e-05,0.00272724945,-3.30152556e-05,-0.991498446,1706.89723
0.000505787696,0.137615437,5.73736467e-05,0.00163194828,0.000336326476,-5.31728651,1700.34347
0.000508952826,0.0274539002,-4.28041386e-05,0.00233326444,-3.93257054e-05,-0.924759934,1706.68545
0.000511905897,0.136367278,6.09853998e-05,0.00192037458,0.000332167227,-5.26671367,1701.56921
0.000514096513,0.0252785992,-4.06363004e-05,0.00198649696,-4.52908361e-05,-0.863619818,1706.46622
0.000518464025,0.13502937,6.4447005e-05,0.00224390213,0.000327675006,-5.21497182,1702.77116
0.000518895156,0.0232492201,-3.83199896e-05,0.00168329061,-5.09221362e-05,-0.806661562,1706.24013
0.000523371899,0.0213559743,-3.59154002e-05,0.00141959862,-5.62325452e-05,-0.753585605,1706.00785
0.000525493714,0.133595261,6.76949299e-05,0.00260442264,0.000322835086,-5.16211552,1703.92361
0.000527548337,0.0195897299,-3.34668866e-05,0.00119152845,-6.12358763e-05,-0.703612934,1705.77012
0.000531444614,0.0179419674,-3.10154031e-05,0.00099522701,-6.59463786e-05,-0.656436002,1705.5277
0.000533028871,0.132058033,7.06643873e-05,0.00300336246,0.000317634402,-5.10765241,1704.999
0.000535079524,0.0164047389,-2.85921322e-05,0.000827093239,-7.03784075e-05,-0.611618252,1705.2814
0.000538470599,0.0149706296,-2.62234784e-05,0.000683747094,-7.45461875e-05,-0.568920889,1705.03203
0.000541105841,0.13041027,7.32700844e-05,0.00344169383,0.000312061888,-5.05150887,1705.97027
0.000541634197,0.0136327222,-2.39294273e-05,0.000562099485,-7.84636431e-05,-0.528094356,1704.78037
0.000544585576,0.0123845633,-2.17256007e-05,0.000459337489,-8.21442858e-05,-0.488975027,1704.52721
0.000547338974,0.0112201325,-1.96232099e-05,0.00037293537,-8.56011401e-05,-0.451417473,1704.27326
0.000549763583,0.128644026,7.5435407e-05,0.0039194837,0.00030610867,-4.99242481,1706.81404
0.00054990767,0.0101338132,-1.76300655e-05,0.000300637984,-8.88467013e-05,-0.415316274,1704.0192
0.000552304054,0.00912036556,-1.57509642e-05,0.000240448891,-9.18929136e-05,-0.380584327,1703.76563
0.000554539686,0.00817490128,-1.3988273e-05,0.000190610385,-9.4751164e-05,-0.347154555,1703.51308
0.000556625349,0.00729285993,-1.23423458e-05,0.000149584208,-9.74322858e-05,-0.314972147,1703.26198
0.000558571104,0.00646998704,-1.08119479e-05,0.000116030682,-9.99465696e-05,-0.283992625,1703.01266
0.000559043858,0.12675078,7.70467617e-05,0.00443612003,0.000299768146,-4.93035951,1707.51404
0.000560386334,0.0057023135,-9.3945873e-06,8.87885102e-05,-0.000102303779,-0.254177974,1702.76539
0.000562079797,0.00498613648,-8.08681195e-06,6.68553585e-05,-0.000104513171,-0.225495234,1702.52028
0.000563659659,0.00431800152,-6.88445541e-06,4.93692426e-05,-0.00010658351,-0.19791323,1702.27736
0.000565133543,0.00369468589,-5.78286244e-06,3.55923671e-05,-0.000108523099,-0.171405207,1702.03652
0.000566508557,0.00311318307,-4.77704946e-06,2.48935596e-05,-0.000110339789,-0.145937438,1701.79748
0.000567791333,0.0025706882,-3.86193592e-06,1.67400029e-05,-0.000112041008,-0.121497377,1701.55979
0.000568988059,0.00206458457,-3.03233864e-06,1.06685672e-05,-0.000113633777,-0.098014939,1701.32275
0.000568991429,0.124721401,7.80239128e-05,0.0049893786,0.000293035669,-4.86279076,1708.0641
0.000570104507,0.00159243101,-2.28339373e-06,6.32076001e-06,-0.000115124736,-0.0756340363,1701.08531
0.000571146062,0.00115195011,-1.61019203e-06,3.32852471e-06,-0.000116520167,-0.0540714641,1700.84592
0.000572117748,0.000741017226,-1.00940718e-06,1.61179791e-06,-0.000117826025,-0.0341661324,1700.60226
0.000573024252,0.000357650242,-4.73499326e-07,2.45260422e-07,-0.000119047999,-0.0122921806,1700.35081
0.000573869947,0,0,0,-0.000120191322,-0.000221910897,1700.08602
0.000579654277,0.1225461,7.82138527e-05,0.00557626682,0.000285908005,-4.79040609,1708.46964
0.000591083834,0.120214384,7.75533437e-05,0.00619099581,0.000278381915,-4.7086399,1708.74693
0.000603335231,0.117715008,7.58283439e-05,0.00682740576,0.000270452533,-4.62054761,1708.91989
0.000616467561,0.115035914,7.30362246e-05,0.007474426,0.000262109956,-4.51785305,1709.01522
0.000630544167,0.112164181,6.88555719e-05,0.00812226134,0.000253336137,-4.40909722,1709.05783
0.000645632948,0.109085956,6.34236244e-05,0.00875217526,0.00024409828,-4.27864488,1709.06947
0.000661806683,0.105786393,5.62138507e-05,0.00935100909,0.000234344313,-4.14632062,1709.06286
0.000679143387,0.102249575,4.76380407e-05,0.00988904982,0.000223991476,-3.98316867,1709.04364
0.000686430473,0.15,0,0,0.00057506262,-5.97508495,1685
0.000689136354,0.14964235,3.43039562e-06,2.63650898e-06,0.000573755119,-5.9498031,1685.47283
0.0006920368,0.149258983,7.03842939e-06,8.91553484e-06,0.000572325741,-5.91716942,1685.97964
0.000695145802,0.14884805,1.08092441e-05,1.93388952e-05,0.000570759339,-5.89622029,1686.52283
0.000697726681,0.0984584434,3.70090189e-05,0.0103510915,0.000212921909,-3.82640304,1709.01636
0.000698478356,0.148407569,1.47941269e-05,3.57975591e-05,0.000569042714,-5.86832612,1687.10489
0.000702050537,0.147935415,1.89600383e-05,5.86607024e-05,0.000567161395,-5.84087922,1687.72844
0.000705879574,0.147429312,2.33401602e-05,8.93203623e-05,0.000565099611,-5.8103639,1688.39614
0.000709983937,0.146886817,2.7910733e-05,0.000128812028,0.000562840263,-5.77872136,1689.11063
0.000714383423,0.146305314,3.26799671e-05,0.000178559103,0.000560364886,-5.74499376,1689.87451
0.000717646202,0.0943947116,2.51079827e-05,0.0106979994,0.000200966561,-3.6294323,1708.9817
0.000719099253,0.145681998,3.76343952e-05,0.000239994872,0.000557653641,-5.70963258,1690.69014
0.000724154174,0.145013864,4.27696635e-05,0.000314763049,0.000554685312,-5.67238558,1691.55957
0.000729572566,0.144297686,4.80709602e-05,0.000404618431,0.000551437341,-5.63338386,1692.48425
0.000735380568,0.143530013,5.35232912e-05,0.000511478179,0.000547885902,-5.59259112,1693.46479
0.000738998031,0.0900387783,1.1622113e-05,0.0109114993,0.000187903024,-3.44025506,1708.93868
0.000741606192,0.14270714,5.91043252e-05,0.000637388385,0.00054400601,-5.55009569,1694.50061
0.000748279467,0.141825099,6.47874468e-05,0.000784526014,0.000539771692,-5.50595269,1695.58947
0.000755432583,0.140879634,7.05384845e-05,0.000955173718,0.000535156211,-5.46027777,1696.727
0.000761885158,0.0853696328,-2.93949133e-06,0.0109867599,0.000173441716,-3.20598032,1708.88523
0.000763100042,0.139866187,7.63167761e-05,0.00115169216,0.000530132364,-5.41316929,1697.90609
0.000771318827,0.138779867,8.20721404e-05,0.00137648514,0.000524672846,-5.36477329,1699.11632
0.000780128581,0.137615437,8.7746663e-05,0.00163193644,0.000518750688,-5.31516558,1700.34347
0.000786417976,0.0803647536,-1.85873079e-05,0.0108221668,0.000157227371,-2.94167885,1708.81835
0.000789571799,0.136367278,9.32694759e-05,0.00192036187,0.000512339765,-5.2644821,1701.56921
0.000799694028,0.13502937,9.85626615e-05,0.00224388849,0.000505415351,-5.21264032,1702.77116
0.000810544094,0.133595261,0.000103529258,0.00260440747,0.000497954714,-5.15969161,1703.92361
0.000812714821,0.075,-3.55543574e-05,0.0104585939,0.000138846686,-2.71630023,1708.734
0.000822174331,0.132058033,0.00010806994,0.00300334576,0.00048993768,-5.10515332,1704.999
0.000834640837,0.13041027,0.00011205465,0.00344167452,0.000481347156,-5.04894424,1705.97028
0.000839011666,0.0696352464,-5.1363632e-05,0.00991108363,0.000119276791,-2.45580084,1708.6344
0.000848003743,0.128644026,0.000115365711,0.00391946202,0.000472169427,-4.98982079,1706.81406
0.000862327506,0.12675078,0.000117830135,0.00443609417,0.000462394281,-4.92772619,1707.51407
0.000863544484,0.0646303672,-6.52700282e-05,0.00923302706,9.98368349e-05,-2.24677993,1708.52508
0.000877681215,0.124721401,0.000119324207,0.00498934929,0.000452014519,-4.86016642,1708.06414
0.000886431611,0.0599612217,-7.60992122e-05,0.00849386792,8.06083365e-05,-2.03413098,1708.40584
0.000894138928,0.1225461,0.000119615313,0.00557623104,0.000441025116,-4.78779798,1708.4697
0.00090778344,0.0556052884,-8.48435197e-05,0.00771938088,6.17094951e-05,-1.86139512,1708.27669
0.000911780028,0.120214384,0.000118604833,0.00619095507,0.000429421042,-4.7061025,1708.74702
0.000927702961,0.0515415566,-9.10451705e-05,0.00695065346,4.32514063e-05,-1.69595044,1708.13769
0.000930689607,0.117715008,0.000115967973,0.00682735506,0.000417194747,-4.61807997,1708.92
0.000946286256,0.0477504251,-9.53674262e-05,0.00620237493,2.53321621e-05,-1.5579709,1707.98891
0.000950958874,0.115035914,0.000111697257,0.00747436788,0.000404330919,-4.51553047,1709.01537
0.000956088417,0.15,0,0,0.00080097072,-5.97463345,1685
0.000959766394,0.14964235,4.77347341e-06,2.6274146e-06,0.000799073254,-5.94993235,1685.47283
0.000963622959,0.0442136074,-9.7733921e-05,0.00549411781,8.02957877e-06,-1.43010012,1707.83045
0.000963708835,0.149258983,9.79962399e-06,8.9325754e-06,0.000797002009,-5.91736964,1685.97964
0.000967934756,0.14884805,1.5057594e-05,1.93301542e-05,0.000794735534,-5.89619878,1686.52283
0.000972464541,0.148407569,2.06078836e-05,3.5779691e-05,0.00079225519,-5.86844577,1687.10489
0.000972685597,0.112164181,0.000105305745,0.00812218815,0.000390801669,-4.4069018,1709.05804
0.000977320039,0.147935415,2.64116967e-05,5.86488649e-05,0.000789540649,-5.84087039,1687.72844
0.000979796695,0.040914044,-9.85926359e-05,0.00483220272,-8.5985675e-06,-1.3207017,1707.66246
0.00098252467,0.147429312,3.25061028e-05,8.93058422e-05,0.00078656981,-5.81044108,1688.39613
0.000988103539,0.146886817,3.88668928e-05,0.00012880129,0.000783318755,-5.77875793,1689.11063
0.000994083555,0.146305314,4.55004857e-05,0.000178547803,0.000779761697,-5.74504892,1689.8745
0.000994885475,0.0378358195,-9.80272832e-05,0.00422403466,-2.4513815e-05,-1.22063651,1707.48512
0.000995974575,0.109085956,9.69974433e-05,0.00875209259,0.000376556363,-4.27667179,1709.06973
0.00100049356,0.145681998,5.23905427e-05,0.000239985072,0.000775870965,-5.70966837,1690.69014
0.00100736448,0.145013864,5.95291378e-05,0.00031475318,0.000771617018,-5.67241811,1691.55957
0.00100896208,0.0349640862,-9.63608101e-05,0.00367047678,-3.96944509e-05,-1.13295836,1707.29866
0.00101472945,0.144297686,6.68962037e-05,0.000404609042,0.000766968493,-5.63340163,1692.48424
0.00102093814,0.105786393,8.5975145e-05,0.00935091219,0.000361514614,-4.14452402,1709.06316
0.00102209441,0.0322849924,-9.37300184e-05,0.00317238198,-5.41327987e-05,-1.05280506,1707.1034
0.00102262399,0.143530013,7.44700295e-05,0.000511468739,0.00076189231,-5.59259768,1693.46479
0.00103108619,0.14270714,8.22194757e-05,0.000637378959,0.000756353847,-5.55008698,1694.5006
0.00103434581,0.0297856156,-9.03713789e-05,0.00272752359,-6.78324158e-05,-0.980961741,1706.8997
0.00104015686,0.141825099,9.0107011e-05,0.000784516381,0.000750317168,-5.50592919,1695.58947
0.00104577536,0.0274539002,-8.64231302e-05,0.0023335357,-8.08055144e-05,-0.914817193,1706.68801
0.0010476967,0.102249575,7.28598949e-05,0.00988895902,0.000345548702,-3.98162478,1709.04404
0.00104987976,0.140879634,9.80848731e-05,0.000955163758,0.000743745361,-5.4602374,1696.72699
0.00105643821,0.0252785992,-8.20565278e-05,0.00198676239,-9.30707434e-05,-0.854293761,1706.46887
0.00106030178,0.139866187,0.000106096108,0.00115168173,0.000736600945,-5.41311229,1697.90608
0.00106638578,0.0232492201,-7.73890972e-05,0.00168354675,-0.000104651303,-0.797973912,1706.24287
0.00107147319,0.138779867,0.000114070751,0.00137647393,0.000728846395,-5.3646978,1699.11631
0.00107566606,0.0213559743,-7.25419114e-05,0.00141984338,-0.000115573444,-0.745536852,1706.0107
0.00107637933,0.0984584434,5.66067213e-05,0.0103510246,0.000328476736,-3.82508927,1709.01687
0.00108344788,0.137615437,0.000121927947,0.0016319243,0.000720444755,-5.31507276,1700.34346
0.0010843238,0.0195897299,-6.76049664e-05,0.00119175967,-0.00012586527,-0.696201044,1705.77309
0.00109240077,0.0179419674,-6.26608042e-05,0.000995443443,-0.000135555829,-0.649646623,1705.5308
0.0010962836,0.136367278,0.00012956921,0.00192034825,0.00071136035,-5.2643694,1701.5692
0.00109993593,0.0164047389,-5.77726372e-05,0.000827293796,-0.00014467443,-0.60543441,1705.28465
0.00110696562,0.0149706296,-5.29937715e-05,0.0006839313,-0.000153250149,-0.563319008,1705.03544
0.00110712438,0.0943947116,3.84163213e-05,0.0106979535,0.000310037864,-3.6283222,1708.98234
0.00111004227,0.13502937,0.00013688596,0.00224387324,0.000701559563,-5.21251085,1702.77115
0.00111352375,0.0136327222,-4.83647014e-05,0.000562267081,-0.000161311472,-0.52304886,1704.78398
0.00111964195,0.0123845633,-4.391701e-05,0.000459488619,-0.000168886065,-0.484457197,1704.53105
0.00112479026,0.133595261,0.000143743893,0.0026043896,0.000691011667,-5.15954105,1703.92361
0.00112534973,0.0112201325,-3.96734249e-05,0.000373070374,-0.00017600061,-0.447397542,1704.27737
0.00113067463,0.0101338132,-3.56497576e-05,0.000300757437,-0.000182680721,-0.41176338,1704.02363
0.00113564233,0.00912036556,-3.18557419e-05,0.000240553522,-0.000188950894,-0.377467424,1703.77043
0.00114008014,0.0900387783,1.78086959e-05,0.010911501,0.000289888892,-3.43968642,1708.93947
0.00114027679,0.00817490128,-2.82961929e-05,0.000190701055,-0.000194834492,-0.344442674,1703.51832
0.0011405987,0.132058033,0.000150004791,0.00300332522,0.000679689608,-5.10498829,1704.99901
0.00114460036,0.00729285993,-2.4971857e-05,0.000149661861,-0.000200353749,-0.312634878,1703.26774
0.0011486339,0.00646998704,-2.18802634e-05,0.000116096317,-0.000205529793,-0.282000334,1703.01906
0.00115239687,0.0057023135,-1.90164011e-05,8.88431604e-05,-0.000210382676,-0.252502122,1702.77255
0.00115590741,0.00498613648,-1.63733194e-05,6.69000554e-05,-0.000214931412,-0.224108508,1702.52839
0.00115754384,0.13041027,0.000155489131,0.00344164961,0.000667570727,-5.04875695,1705.9703
0.00115918246,0.00431800152,-1.39426279e-05,4.94050239e-05,-0.000219194014,-0.1967899,1702.28663
0.00116223782,0.00369468589,-1.17149486e-05,3.56202017e-05,-0.00022318754,-0.170520878,1702.04726
0.00116508822,0.00311318307,-9.6802533e-06,2.49144859e-05,-0.000226928129,-0.145270278,1701.81013
0.00116774741,0.0025706882,-7.8283105e-06,1.67547326e-05,-0.00023043105,-0.121025614,1701.57496
0.00117022822,0.00206458457,-6.14871544e-06,1.06783604e-05,-0.000233710734,-0.0977239334,1701.34136
0.00117254261,0.00159243101,-4.63162123e-06,6.32503318e-06,-0.000236780827,-0.0754990569,1701.10882
0.00117470175,0.00115195011,-3.26708608e-06,3.33043921e-06,-0.000239654221,-0.0541064162,1700.8767
0.00117540558,0.0853696328,-4.51574552e-06,0.0109867347,0.000267582957,-3.20583609,1708.88623
0.00117570741,0.128644026,0.000160033261,0.00391943301,0.000654637177,-4.98962397,1706.81409
0.00117671605,0.000741017226,-2.0479987e-06,1.60601917e-06,-0.000242343108,-0.0342958587,1700.64431
0.00117859523,0.000357650242,-9.61234051e-07,2.49336071e-07,-0.000244859015,-0.0126419078,1700.41109
0.00118034836,0,0,0,-0.00024721216,-0.000779295752,1700.17692
0.00119517703,0.12675078,0.000163399248,0.00443605818,0.000640876083,-4.92750552,1707.51411
0.00121327108,0.0803647536,-2.84833735e-05,0.0108221874,0.000242571845,-2.94217542,1708.81959
0.00121604661,0.124721401,0.00016541496,0.00498930739,0.000626278855,-4.85994486,1708.0642
0.00123841681,0.1225461,0.000165761565,0.00557617842,0.00061084002,-4.78754968,1708.46979
0.00124414705,0.15,0,0,0.00104229415,-5.97400961,1685
0.00124884502,0.14964235,6.20577288e-06,2.61968427e-06,0.00103975118,-5.95004416,1685.47283
0.00125385929,0.075,-5.43804586e-05,0.0104586318,0.000214217686,-2.71728772,1708.73552
0.0012538808,0.149258983,1.27404948e-05,8.95776477e-06,0.00103697795,-5.91763607,1685.97964
0.00125927867,0.14884805,1.9584685e-05,1.93299977e-05,0.00103394643,-5.89617982,1686.52282
0.00126239553,0.120214384,0.000164301161,0.00619089412,0.000594554204,-4.70586718,1708.74715
0.00126506468,0.148407569,2.68028359e-05,3.57691906e-05,0.00103063215,-5.8686033,1687.10489
0.00127126672,0.147935415,3.43545945e-05,5.8644753e-05,0.00102700847,-5.8408939,1687.72844
0.00127791473,0.147429312,4.22755974e-05,8.92981028e-05,0.0010230465,-5.81054656,1688.39613
0.00128504075,0.146886817,5.05443676e-05,0.000128797181,0.00101871501,-5.77884003,1689.11062
0.00128809844,0.117715008,0.000160589976,0.00682727774,0.000577412618,-4.61781284,1708.92017
0.00129267918,0.146305314,5.91638306e-05,0.000178542744,0.00101398039,-5.74516741,1689.8745
0.0012944475,0.0696352464,-7.85520651e-05,0.00991111619,0.000184027661,-2.45705654,1708.63624
0.00130086684,0.145681998,6.81157526e-05,0.000239981251,0.00100880658,-5.70978778,1690.69013
0.00130964323,0.145013864,7.73876696e-05,0.000314748881,0.00100315517,-5.67255567,1691.55956
0.00131564951,0.115035914,0.00015461471,0.00747427846,0.000559395843,-4.51529768,1709.01561
0.00131905068,0.144297686,8.69542196e-05,0.00040460479,0.000996985375,-5.63354752,1692.48423
0.00132913458,0.143530013,9.67862031e-05,0.000511463911,0.000990254274,-5.59275641,1693.46478
0.001332313,0.0646303672,-9.98224205e-05,0.00923311499,0.000154036954,-2.24822812,1708.52723
0.00133994356,0.14270714,0.000106843146,0.00063737356,0.000982916977,-5.55025527,1694.50059
0.00134518163,0.112164181,0.000145711661,0.00812207408,0.000540467139,-4.40662846,1709.05836
0.00135152975,0.141825099,0.000117075711,0.000784510115,0.000974926963,-5.50610803,1695.58945
0.00136394904,0.140879634,0.000127421637,0.000955156417,0.000966236511,-5.46042478,1696.72698
0.00136763844,0.0599612217,-0.000116387983,0.00849401244,0.000124371611,-2.03581917,1708.4083
0.00137683725,0.109085956,0.000134156425,0.00875196348,0.000520558467,-4.27645794,1709.07012
0.00137726134,0.139866187,0.00013780647,0.00115167309,0.00095679725,-5.41330848,1697.90606
0.00139153086,0.138779867,0.000148139182,0.00137646355,0.000946560842,-5.36490016,1699.1163
0.0014005942,0.0556052884,-0.0001297616,0.00771959741,9.52141296e-05,-1.86319402,1708.27944
0.00140682642,0.137615437,0.000158314328,0.00163191191,0.000935479785,-5.31528201,1700.34345
0.00141076906,0.105786393,0.000118864273,0.00935075924,0.000499560789,-4.14424834,1709.06364
0.00142322181,0.136367278,0.000168204125,0.00192033307,0.000923508351,-5.2645811,1701.56919
0.00143133925,0.0515415566,-0.000139251072,0.006950934,6.67360553e-05,-1.69788135,1708.14071
0.0014407961,0.13502937,0.000177667116,0.00224385503,0.000910603593,-5.21272743,1702.77115
0.00144714072,0.102249575,0.000100679166,0.00988881424,0.000477299948,-3.98140256,1709.04466
0.00145963407,0.133595261,0.000186529569,0.00260436697,0.000896726435,-5.15975475,1703.92362
0.00146002188,0.0477504251,-0.000145863087,0.00620271713,3.90888349e-05,-1.55993206,1707.99219
0.00147982657,0.132058033,0.000194611473,0.00300329804,0.000881842684,-5.10520519,1704.99902
0.00148612768,0.0984584434,7.81896065e-05,0.0103509127,0.000453527264,-3.82477641,1709.01766
0.00148678044,0.0442136074,-0.000149487156,0.00549450989,1.23926281e-05,-1.43210243,1707.83396
0.00150147102,0.13041027,0.000201681414,0.00344161551,0.000865923971,-5.04896357,1705.97032
0.00151174401,0.040914044,-0.000150802846,0.00483263801,-1.32633441e-05,-1.32267487,1707.66619
0.0015246718,0.128644026,0.00020752604,0.00391939233,0.000848948291,-4.98983335,1706.81413
0.00152791798,0.0943947116,5.30469739e-05,0.0106978799,0.000427885595,-3.62800514,1708.98333
0.00153503298,0.0378358195,-0.000149942815,0.00422450116,-3.78196686e-05,-1.22258813,1707.48905
0.00154954083,0.12675078,0.000211839869,0.00443600697,0.000830900193,-4.92769432,1707.51418
0.00155675971,0.0349640862,-0.000147397028,0.00367096712,-6.12427868e-05,-1.13484275,1707.30278
0.00157271321,0.0900387783,2.45832962e-05,0.0109115002,0.000399904778,-3.4395435,1708.94071
0.00157619805,0.124721401,0.000214397695,0.00498924701,0.000811769901,-4.86013852,1708.0643
0.00157702897,0.0322849924,-0.000143377927,0.00317288533,-8.35208033e-05,-1.05462883,1707.10769
0.00159025102,0.15,0,0,0.00133224552,-5.97349668,1685
0.00159593855,0.0297856156,-0.000138244487,0.00272803313,-0.000104659163,-0.982697473,1706.90416
0.00159592757,0.14964235,7.92571003e-06,2.60576791e-06,0.00132872144,-5.95022323,1685.47283
0.00160201229,0.149258983,1.62676298e-05,8.98523043e-06,0.00132488717,-5.91789812,1685.97964
0.00160477206,0.1225461,0.000214791951,0.00557610232,0.000791551769,-4.78770848,1708.46993
0.00160853454,0.14884805,2.50140416e-05,1.93281751e-05,0.00132070649,-5.89614,1686.52282
0.00161357965,0.0274539002,-0.000132210202,0.00233404263,-0.000124676674,-0.916471001,1706.69264
0.00161552576,0.148407569,3.42256897e-05,3.5756657e-05,0.00131614751,-5.86876396,1687.10488
0.00162072942,0.0853696328,-6.21845134e-06,0.0109866899,0.000368972504,-3.20562571,1708.88777
0.00162301968,0.147935415,4.38662535e-05,5.86389383e-05,0.00131117565,-5.84092815,1687.72843
0.00163003737,0.0252785992,-0.00012553532,0.00198726116,-0.000143602077,-0.855851426,1706.47366
0.00163105245,0.147429312,5.39633937e-05,8.92882629e-05,0.00130575354,-5.81066379,1688.39612
0.00163540067,0.120214384,0.000212839899,0.00619080542,0.000770240383,-4.70603754,1708.74733
0.00163966282,0.146886817,6.44992197e-05,0.000128791328,0.00129984091,-5.77894268,1689.11061
0.00164539108,0.0232492201,-0.000118400783,0.00168403095,-0.000161471144,-0.79944118,1706.24784
0.00164889231,0.146305314,7.54729523e-05,0.000178535751,0.00129339452,-5.74530682,1689.87449
0.00165878544,0.145681998,8.68637124e-05,0.00023997546,0.00128636819,-5.70992985,1690.69012
0.00165971484,0.0213559743,-0.000110990815,0.00142030898,-0.000178324356,-0.746908474,1706.01586
0.00166823163,0.117715008,0.00020797665,0.0068271656,0.000747825985,-4.61792922,1708.92042
0.00166938994,0.145013864,9.86521639e-05,0.000314742483,0.00127871282,-5.67271657,1691.55954
0.00167219823,0.0803647536,-3.92699098e-05,0.0108222135,0.000334337836,-2.94219089,1708.8215
0.00167307774,0.0195897299,-0.00010344366,0.00119220255,-0.000194205057,-0.697482635,1705.77845
0.00168075695,0.144297686,0.000110806039,0.000404598238,0.00127037652,-5.6337183,1692.48422
0.00168554425,0.0179419674,-9.58850745e-05,0.000995861133,-0.000209158052,-0.650838544,1705.5364
0.00169294131,0.143530013,0.000123286139,0.000511456492,0.00126130479,-5.59294136,1693.46476
0.00169717449,0.0164047389,-8.84119895e-05,0.000827684109,-0.000223228551,-0.606542329,1705.29052
0.00170342328,0.115035914,0.000200177075,0.00747414844,0.000724285158,-4.51544037,1709.01595
0.00170600177,0.14270714,0.000136040053,0.00063736519,0.00125144089,-5.55045149,1694.50057
0.00170802455,0.0149706296,-8.11057025e-05,0.000684293136,-0.000236461405,-0.564346451,1705.04162
0.00171814678,0.0136327222,-7.40282106e-05,0.000562599749,-0.00024890056,-0.524001599,1704.79051
0.00172000135,0.141825099,0.000149003407,0.000784500404,0.00124072625,-5.50631674,1695.58944
0.00172736789,0.075,-7.49516032e-05,0.0104586801,0.000295127382,-2.7173115,1708.73788
0.00172759,0.0123845633,-6.72277052e-05,0.000459792136,-0.000260588695,-0.485340233,1704.53799
0.00173500756,0.140879634,0.000162095887,0.000955145033,0.00122910103,-5.46064413,1696.72696
0.00173639975,0.0112201325,-6.07389517e-05,0.000373345132,-0.000271566976,-0.448216675,1704.28479
0.00174114539,0.112164181,0.000188599067,0.00812190949,0.000699572129,-4.40669268,1709.05882
0.00174461854,0.0101338132,-5.45860663e-05,0.000301004246,-0.00028187492,-0.412524152,1704.03161
0.00175109279,0.139866187,0.000175221391,0.00115165968,0.0012165049,-5.41353916,1697.90605
0.001752286,0.00912036556,-4.87838993e-05,0.000240773459,-0.00029155032,-0.378175536,1703.77908
0.00175943911,0.00817490128,-4.33397795e-05,0.000190895437,-0.000300629219,-0.345103714,1703.52775
0.00176611239,0.00729285993,-3.82548249e-05,0.000149832154,-0.000309145924,-0.313254453,1703.27811
0.00176833462,0.138779867,0.000188263298,0.00137644749,0.0012028779,-5.36513943,1699.11628
0.00177233801,0.00646998704,-3.35252297e-05,0.000116244091,-0.000317133033,-0.282583979,1703.03055
0.00177814601,0.0057023135,-2.91433141e-05,8.89700404e-05,-0.000324621484,-0.253055407,1702.78538
0.00178157989,0.109085956,0.000173585169,0.00875177672,0.000673600778,-4.27656781,1709.07068
0.00178253755,0.0696352464,-0.000108223837,0.00991115752,0.000253430439,-2.45714389,1708.63908
0.00178356441,0.00498613648,-2.50984414e-05,6.70076732e-05,-0.000331640613,-0.22463703,1702.54284
0.00178681623,0.137615437,0.000201086397,0.00163189279,0.0011881615,-5.31553129,1700.34344
0.00178861933,0.00431800152,-2.13777909e-05,4.94950118e-05,-0.000338218213,-0.19729955,1702.30309
0.00179333516,0.00369468589,-1.79670352e-05,3.56940995e-05,-0.0003443806,-0.171017597,1702.0662
0.00179773464,0.00311318307,-1.48508902e-05,2.49738941e-05,-0.000350152675,-0.145761318,1701.8322
0.00180183901,0.0025706882,-1.20137161e-05,1.68008901e-05,-0.000355557988,-0.121516974,1701.60103
0.00180566804,0.00206458457,-9.43969868e-06,1.07130514e-05,-0.000360618799,-0.0982275742,1701.37263
0.00180662674,0.136367278,0.000213528147,0.00192030974,0.00117229983,-5.26483531,1701.56918
0.00180924022,0.00159243101,-7.11366654e-06,6.34839134e-06,-0.00036535614,-0.0760182923,1701.14692
0.00181257278,0.00115195011,-5.02075954e-06,3.346313e-06,-0.000369789874,-0.0546780055,1700.92389
0.00181568178,0.000741017226,-3.1482129e-06,1.61283785e-06,-0.000373938747,-0.0348762522,1700.70363
0.00181858223,0.000357650242,-1.4789347e-06,2.58705849e-07,-0.000377820446,-0.0133117486,1700.48647
0.00182128811,0,0,0,-0.000381450581,-0.00156380503,1700.27299
0.00182492182,0.105786393,0.000153760197,0.0093505402,0.000646232049,-4.1442414,1709.06432
0.00182786173,0.13502937,0.000225407971,0.00224382708,0.00115524097,-5.21299032,1702.77114
0.00183400636,0.0646303672,-0.000137470466,0.00923323925,0.000212053215,-2.24820051,1708.53054
0.00185062361,0.133595261,0.00023650645,0.00260433242,0.00113693834,-5.16001681,1703.92362
0.00187138024,0.102249575,0.000130185209,0.00988860265,0.000617242954,-3.98145637,1709.04554
0.00187502218,0.132058033,0.000246594602,0.00300325664,0.00111735202,-5.10547509,1704.99904
0.00188202257,0.0599612217,-0.00016024336,0.00849422642,0.000171161388,-2.03587749,1708.41208
0.00190117513,0.13041027,0.000255382368,0.00344156392,0.00109644989,-5.04922395,1705.97036
0.00192117924,0.0984584434,0.000101087301,0.0103507476,0.0005863144,-3.82471582,1709.01877
0.0019268178,0.0556052884,-0.000178606176,0.00771992092,0.000130999427,-1.86320411,1708.28367
0.00192920859,0.128644026,0.000262598921,0.00391933092,0.00107420837,-4.99010228,1706.81419
0.00195925779,0.12675078,0.000267864452,0.00443593017,0.00105061255,-4.92794086,1707.51427
0.00196286749,0.15,0,0,0.00164440794,-5.97309552,1685
0.0019686081,0.0515415566,-0.000191625309,0.00695135619,9.17978093e-05,-1.69794078,1708.14536
0.0019695619,0.14964235,9.77505469e-06,2.59340369e-06,0.00163979809,-5.9504032,1685.47283
0.00197455903,0.0943947116,6.85744072e-05,0.0106977677,0.000552987678,-3.62780165,1708.98472
0.00197673767,0.149258983,2.00606311e-05,9.00862495e-06,0.00163479006,-5.91814572,1685.97964
0.00198442941,0.14884805,3.0853148e-05,1.93288033e-05,0.00162933899,-5.89613087,1686.52282
0.00199146767,0.124721401,0.000270893023,0.00498915672,0.00102565516,-4.86039755,1708.06444
0.00199267422,0.148407569,4.22077844e-05,3.57477408e-05,0.00162340495,-5.86894751,1687.10488
0.00200151188,0.147935415,5.40925824e-05,5.86369428e-05,0.00161694477,-5.84103246,1687.72843
0.00200759506,0.0477504251,-0.000200679146,0.00620323391,5.37601399e-05,-1.55995356,1707.99722
0.002010985,0.147429312,6.65275232e-05,8.92828928e-05,0.00160991188,-5.81083587,1688.39611
0.00202113929,0.146886817,7.94982475e-05,0.000128788708,0.00160225624,-5.7790957,1689.1106
0.00202599359,0.1225461,0.000271182074,0.00557598927,0.000999334481,-4.78792631,1708.47013
0.00203177707,0.0900387783,3.177099e-05,0.0109114963,0.000516658595,-3.43943578,1708.94246
0.00203202372,0.146305314,9.30000847e-05,0.000178531747,0.00159392426,-5.74549106,1689.87447
0.00204369079,0.145681998,0.000107008882,0.000239972055,0.0015848588,-5.71012253,1690.6901
0.00204396673,0.0442136074,-0.000205627779,0.0054951035,1.70476942e-05,-1.43214884,1707.83935
0.00205619678,0.145013864,0.000121497868,0.000314738162,0.00157499929,-5.67292731,1691.55953
0.0020630021,0.120214384,0.000268497826,0.00619067414,0.000971649474,-4.70627767,1708.7476
0.00206960201,0.144297686,0.000136427257,0.000404593185,0.00156428186,-5.63394049,1692.4842
0.00207789853,0.040914044,-0.000207400329,0.00483329819,-1.82202268e-05,-1.32268854,1707.6719
0.00208397113,0.143530013,0.000151746962,0.000511450012,0.00155263964,-5.59317759,1693.46474
0.00209310937,0.0853696328,-8.01346466e-06,0.0109866239,0.000476540137,-3.20532855,1708.88994
0.00209937347,0.14270714,0.00016739161,0.000637357062,0.0015400032,-5.55069922,1694.50055
0.00210267168,0.117715008,0.000262148842,0.00682700074,0.000942593922,-4.61810202,1708.92078
0.00210955415,0.0378358195,-0.000206187267,0.00422520967,-5.19647958e-05,-1.22261133,1707.49506
0.00211588331,0.141825099,0.00018328052,0.000784490162,0.00152630106,-5.50657654,1695.58941
0.00213358028,0.140879634,0.000199313877,0.000955132206,0.0015114605,-5.46091399,1696.72693
0.00213908627,0.0349640862,-0.000202657651,0.00367171272,-8.41422966e-05,-1.13483869,1707.30907
0.0021451937,0.115035914,0.000252095794,0.00747395835,0.000912144775,-4.51565585,1709.01643
0.00215254974,0.139866187,0.000215372158,0.0011516438,0.00149540846,-5.4138194,1697.90602
0.00215885174,0.0803647536,-5.06943902e-05,0.0108222414,0.000431667371,-2.94214037,1708.82419
0.00216663734,0.0322849924,-0.00019710871,0.0031736515,-0.000114738408,-1.05462587,1707.11425
0.00217288321,0.138779867,0.000231311232,0.00137642769,0.00147807266,-5.36542694,1699.11625
0.00219077325,0.112164181,0.000237312992,0.0081216704,0.000880251143,-4.40680661,1709.05948
0.00219234024,0.0297856156,-0.000190030315,0.00272880947,-0.000143762321,-0.982673435,1706.91097
0.00219467874,0.137615437,0.00024696373,0.00163186849,0.00145938297,-5.31582729,1700.34342
0.00221631897,0.0274539002,-0.000181718965,0.00233481578,-0.00017124131,-0.916444264,1706.6997
0.00221804147,0.136367278,0.000262129956,0.00192027946,0.00143927286,-5.265134,1701.56917
0.0022293213,0.075,-9.67276813e-05,0.0104587446,0.000380917742,-2.71706809,1708.74118
0.00223868917,0.0252785992,-0.000172529817,0.00198802259,-0.000197216057,-0.855810113,1706.48097
0.00223963019,0.109085956,0.000218215862,0.00875150732,0.000846811915,-4.27675286,1709.07148
0.0022430841,0.13502937,0.000276587037,0.00224379018,0.00141768108,-5.21329571,1702.77114
0.00225955875,0.0232492201,-0.000162713096,0.00168477091,-0.000221736705,-0.799396745,1706.25542
0.00226992741,0.133595261,0.000290067053,0.00260428636,0.00139455337,-5.16031796,1703.92362
0.00227902837,0.0213559743,-0.000152520339,0.00142102128,-0.000244859691,-0.74685591,1706.02372
0.00229200017,0.105786393,0.000193130177,0.00935022496,0.000811659964,-4.14427019,1709.06529
0.00229719194,0.0195897299,-0.000142142111,0.00119288091,-0.000266645243,-0.697429066,1705.78663
0.00229870088,0.132058033,0.000302287901,0.00300320097,0.001369844,-5.10578198,1704.99906
0.00229979086,0.0696352464,-0.000139610869,0.00991120743,0.000326999818,-2.45688221,1708.64306
0.00231413708,0.0179419674,-0.000131750228,0.000996501708,-0.000287155471,-0.650783149,1705.54493
0.0023295433,0.13041027,0.000312897883,0.00344149434,0.00134351732,-5.04951626,1705.9704
0.00232994552,0.0164047389,-0.000121477957,0.00082828354,-0.000306452941,-0.606489897,1705.29945
0.0023446935,0.0149706296,-0.000111436416,0.000684849661,-0.000324599635,-0.564298478,1705.051
0.0023481358,0.102249575,0.00016334676,0.00988829969,0.000774523752,-3.98150358,1709.0468
0.00235845218,0.0136327222,-0.000101710634,0.000563112254,-0.000341656224,-0.523961857,1704.80043
0.00236260343,0.128644026,0.000321563316,0.00391924781,0.00131554851,-4.99040168,1706.81427
0.00236553324,0.0646303672,-0.000177272885,0.00923341085,0.000273538331,-2.24779062,1708.53519
0.0023712879,0.0123845633,-9.23664552e-05,0.000460260538,-0.000357681571,-0.485311352,1704.54852
0.00238326259,0.0112201325,-8.34514571e-05,0.000373769935,-0.000372732417,-0.448202121,1704.29605
0.002394434,0.0101338132,-7.49985357e-05,0.000301386573,-0.00038686319,-0.412527158,1704.04371
0.00239804075,0.12675078,0.000327827331,0.00443582636,0.00128592381,-4.9282103,1707.5144
0.00240485602,0.00912036556,-6.70279101e-05,0.000241114835,-0.000400125916,-0.378199667,1703.79217
0.00240830785,0.0984584434,0.000126733226,0.0103505061,0.000735012308,-3.8245851,1709.02034
0.00241239922,0.15,0,0,0.00202100675,-5.97258599,1685
0.00241457892,0.00817490128,-5.95494893e-05,0.000191197737,-0.00041257019,-0.345152617,1703.54201
0.00242003642,0.14964235,1.20079529e-05,2.59357931e-06,0.00201484982,-5.95054667,1685.47283
0.00242364959,0.00729285993,-5.25646935e-05,0.000150097478,-0.000424243193,-0.313332055,1703.29374
0.00242686553,0.0599612217,-0.000206606063,0.00849452357,0.000220739838,-2.03559556,1708.41737
0.00242822277,0.149258983,2.46367745e-05,9.04662951e-06,0.00200817455,-5.91841498,1685.97963
0.00243211179,0.00646998704,-4.60681879e-05,0.000116474695,-0.000435189743,-0.282694414,1703.04781
0.00243602617,0.124721401,0.000331336341,0.00498903452,0.00125463917,-4.86067995,1708.06462
0.00243699776,0.14884805,3.78915145e-05,1.93481663e-05,0.0020009254,-5.89610287,1686.52281
0.00244000633,0.0057023135,-4.00493389e-05,8.91682641e-05,-0.00044545236,-0.253203122,1702.80459
0.00244640371,0.148407569,5.18188005e-05,3.57563878e-05,0.00199305228,-5.86911862,1687.10487
0.0024473713,0.00498613648,-3.44934722e-05,6.71758743e-05,-0.000455071347,-0.224826803,1702.56438
0.00245424222,0.00431800152,-2.93829397e-05,4.96355453e-05,-0.000464084878,-0.197536708,1702.32745
0.00245648599,0.147935415,6.6394148e-05,5.86531531e-05,0.0019845012,-5.84111938,1687.72841
0.00246065222,0.00369468589,-2.46980329e-05,3.58092329e-05,-0.000472529087,-0.171307861,1702.09398
0.00246663224,0.00311318307,-2.04177131e-05,2.50659399e-05,-0.000480438154,-0.146111842,1701.86415
0.00246729324,0.147429312,8.16300754e-05,8.92949964e-05,0.00197521417,-5.8109567,1688.3961
0.00247221111,0.0025706882,-1.65204042e-05,1.68718365e-05,-0.000487844397,-0.121934056,1701.63811
0.00247280655,0.0943947116,8.59102518e-05,0.0106976034,0.000692561635,-3.62755792,1708.98669
0.00247674293,0.1225461,0.000331491047,0.00557583678,0.00122169773,-4.78815626,1708.47039
0.00247741574,0.00206458457,-1.29844248e-05,1.0765496e-05,-0.000494778351,-0.0987241731,1701.41602
0.00247887757,0.146886817,9.75131586e-05,0.000128801672,0.00196512904,-5.77918886,1689.11058
0.00248227124,0.00159243101,-9.78874366e-06,6.38332244e-06,-0.000501268857,-0.0765973541,1701.19809
0.00248408358,0.0556052884,-0.000230227949,0.00772037248,0.000168912968,-1.86282415,1708.28959
0.00248680102,0.00115195011,-6.91258065e-06,3.36856587e-06,-0.000507343136,-0.0553721062,1700.98458
0.00249102694,0.000741017226,-4.33693326e-06,1.62028884e-06,-0.000513026869,-0.035640978,1700.77583
0.00249129488,0.146305314,0.000114030823,0.000178542897,0.0019541795,-5.74560258,1689.87445
0.00249496939,0.000357650242,-2.03900131e-06,2.69639781e-07,-0.000518344269,-0.0142492559,1700.5723
0.00249864736,0,0,0,-0.000523316704,-0.00266495687,1700.37452
0.00250460505,0.145681998,0.000131155063,0.000239982427,0.00194229512,-5.71023586,1690.69008
0.00251887229,0.145013864,0.000148850001,0.000314746484,0.0019294015,-5.6730476,1691.5595
0.00252038741,0.120214384,0.000327997861,0.0061904972,0.00118710379,-4.70653457,1708.74796
0.0025341654,0.144297686,0.000167065559,0.000404599324,0.0019154205,-5.6340639,1692.48417
0.00253746336,0.0515415566,-0.00024696927,0.00695194504,0.000118349427,-1.69761223,1708.15186
0.00254194301,0.0900387783,3.97656155e-05,0.0109114854,0.000646427852,-3.43930551,1708.94491
0.00255055817,0.143530013,0.000185737638,0.000511453222,0.00190027066,-5.59330622,1693.4647
0.00256717014,0.117715008,0.000320039041,0.00682677953,0.00115085562,-4.61827487,1708.92126
0.00256812965,0.14270714,0.000204784202,0.000637356916,0.00188386776,-5.55083158,1694.50051
0.0025869646,0.141825099,0.000224103986,0.00078448603,0.00186612556,-5.50671347,1695.58937
0.00258726236,0.0477504251,-0.000258591674,0.00620395581,6.93070236e-05,-1.55956549,1708.00425
0.00260715387,0.140879634,0.000243572835,0.000955123371,0.00184695679,-5.46105421,1696.7269
0.00261605072,0.0853696328,-9.9900924e-06,0.010986529,0.000595641508,-3.20495237,1708.89298
0.00261731677,0.115035914,0.000307550254,0.00747370412,0.00111293132,-4.51588385,1709.01707
0.00262879485,0.139866187,0.000263042253,0.00115162953,0.00182627432,-5.41396386,1697.90598
0.00263372079,0.0442136074,-0.000264933182,0.0054959325,2.19897223e-05,-1.4317959,1707.84689
0.00265199192,0.138779867,0.000282334548,0.00137640679,0.00180399263,-5.36557317,1699.11622
0.00267106918,0.112164181,0.000289325786,0.00812135219,0.0010732753,-4.40690822,1709.06034
0.00267685697,0.137615437,0.000301243281,0.00163184003,0.00178002944,-5.31597763,1700.34338
0.00267706272,0.040914044,-0.000267179426,0.00483422054,-2.34520572e-05,-1.32230034,1707.67989
0.00269548711,0.0803647536,-6.32944224e-05,0.0108222779,0.00053901492,-2.94205656,1708.82794
0.00270350993,0.136367278,0.000319524409,0.00192024138,0.00175430764,-5.26528306,1701.56914
0.00271749722,0.0378358195,-0.000265588297,0.00422619938,-6.69195431e-05,-1.22225009,1707.50347
0.00272868664,0.109085956,0.000265841814,0.00875115048,0.00103177132,-4.2769525,1709.07253
0.00273207936,0.13502937,0.000336904427,0.00224374145,0.0017267573,-5.21344944,1702.77112
0.00275521932,0.0349640862,-0.0002610132,0.00367275427,-0.000108358779,-1.134461,1707.31787
0.00276270308,0.133595261,0.000353058898,0.00260422354,0.00169731778,-5.16046497,1703.92363
0.00278063536,0.075,-0.000120644596,0.010458825,0.000475167422,-2.7167269,1708.74576
0.00279041098,0.0322849924,-0.000253844916,0.00317472167,-0.000147753307,-1.0542723,1707.12341
0.00279044706,0.105786393,0.000235133749,0.00934980503,0.000988223144,-4.14427025,1709.06657
0.00279552878,0.132058033,0.000367642889,0.00300312324,0.00166593969,-5.10593599,1704.99909
0.00282324193,0.0297856156,-0.00024470846,0.00272989373,-0.000185116642,-0.982318537,1706.92048
0.00283071481,0.13041027,0.000380234884,0.00344139597,0.00163258667,-5.0496543,1705.97047
0.00285387055,0.0274539002,-0.000233990283,0.00233589543,-0.000220485317,-0.916113409,1706.70956
0.00285664836,0.102249575,0.000198726382,0.00988790184,0.000942308461,-3.98144866,1709.04844
0.00286578361,0.0696352464,-0.000173935082,0.00991127324,0.000407524779,-2.45652895,1708.64854
0.00286843087,0.128644026,0.000390427452,0.00391912905,0.00159723635,-4.99055256,1706.81438
0.00288244455,0.0252785992,-0.00022214395,0.00198908565,-0.0002539129,-0.855490034,1706.49119
0.0029088589,0.12675078,0.000397679405,0.00443567773,0.00155988058,-4.92832986,1707.51457
0.00290910178,0.0232492201,-0.000209493995,0.00168580383,-0.000285464945,-0.799102482,1706.266
0.00292536756,0.15,0,0,0.00245075008,-5.97255674,1685
0.00292760984,0.0984584434,0.000154101901,0.0103501821,0.000893560712,-3.82430346,1709.0224
0.00293397081,0.0213559743,-0.000196362065,0.00142201534,-0.000315214946,-0.74658195,1706.0347
0.00293391077,0.14964235,1.45530629e-05,2.57825024e-06,0.00244268669,-5.95084358,1685.47282
0.00294306828,0.149258983,2.98513733e-05,9.06483433e-06,0.00243395944,-5.91865548,1685.97962
0.00294522001,0.0646303672,-0.000220659193,0.00923364469,0.000340617586,-2.24720722,1708.54157
0.0029521939,0.124721401,0.000401557892,0.00498885892,0.00152052375,-4.86082454,1708.06489
0.00295288425,0.14884805,4.5908844e-05,1.93455197e-05,0.0024245005,-5.89612755,1686.5228
0.00295717159,0.0195897299,-0.00018299445,0.00119382737,-0.000343241133,-0.697184046,1705.79804
0.00296340604,0.148407569,6.27619951e-05,3.57445279e-05,0.00241424793,-5.86928913,1687.10486
0.00297468439,0.147935415,8.03940073e-05,5.8647262e-05,0.00240313519,-5.84123702,1687.7284
0.00297881603,0.0179419674,-0.00016961113,0.000997395163,-0.000369624045,-0.650565999,1705.55683
0.00298677372,0.147429312,9.8809793e-05,8.92860531e-05,0.00239109098,-5.81111492,1688.39608
0.00299864489,0.1225461,0.000401361996,0.00557561852,0.00147917958,-4.78824496,1708.47076
0.00299900854,0.0164047389,-0.000156383881,0.00082911933,-0.0003944447,-0.606305753,1705.3119
0.00299973232,0.146886817,0.000117993903,0.000128793791,0.00237803919,-5.77935178,1689.11056
0.00300367378,0.0943947116,0.000104396044,0.0106973756,0.000841305067,-3.62725388,1708.98926
0.0030136227,0.146305314,0.000137926542,0.000178533997,0.00236389887,-5.74578043,1689.87442
0.0030178465,0.0149706296,-0.000143455094,0.000685625295,-0.000417783285,-0.564148488,1705.06409
0.00301932771,0.0599612217,-0.00025702166,0.00849492913,0.000274674341,-2.03513454,1708.42463
0.00302851187,0.145681998,0.000158575045,0.00023997247,0.00234858435,-5.71041805,1690.69004
0.00303542079,0.0136327222,-0.000130934135,0.000563826193,-0.000439718224,-0.523849503,1704.81425
0.00304447165,0.145013864,0.000179892603,0.000314734682,0.00233200547,-5.67323573,1691.55946
0.00304843592,0.120214384,0.000396726892,0.006190244,0.00143586395,-4.70667116,1708.74846
0.00305181618,0.0123845633,-0.000118905378,0.00046091264,-0.000460325557,-0.485238702,1704.56319
0.003061579,0.144297686,0.000201816198,0.000404585351,0.00231406792,-5.63425531,1692.48412
0.00306711175,0.0112201325,-0.000107429908,0.000374360899,-0.000479678536,-0.448171975,1704.31171
0.00307991646,0.143530013,0.000224265359,0.000511436346,0.00229467379,-5.59350153,1693.46466
0.00308138126,0.0101338132,-9.65498541e-05,0.000301917958,-0.000497847399,-0.412541941,1704.06052
0.00308520709,0.0900387783,4.82893335e-05,0.0109114581,0.000784650326,-3.43912825,1708.94811
0.00308846418,0.0556052884,-0.000286212778,0.00772098718,0.000210054426,-1.86222605,1708.29766
0.00309469356,0.00912036556,-8.62910886e-05,0.000241588769,-0.00051489925,-0.378262075,1703.81032
0.00309957246,0.14270714,0.000247138389,0.000637336555,0.00227372232,-5.55102955,1694.50046
0.00310180717,0.117715008,0.000386707611,0.00682646551,0.00139058597,-4.61831886,1708.92192
0.00310711286,0.00817490128,-7.66662206e-05,0.000191616824,-0.000530898038,-0.345265355,1703.56173
0.00311869905,0.00729285993,-6.76769794e-05,0.000150464645,-0.000545904578,-0.313498057,1703.3153
0.00312064183,0.141825099,0.000270310067,0.000784461436,0.00225111089,-5.5069143,1695.58932
0.00312950802,0.00646998704,-5.93164073e-05,0.000116793089,-0.000559976621,-0.282916826,1703.07154
0.00313959192,0.0057023135,-5.15707401e-05,8.9441154e-05,-0.000573168943,-0.253485416,1702.83086
0.00314322618,0.140879634,0.000293627985,0.000955093619,0.00222673621,-5.46125658,1696.72684
0.00314899938,0.00498613648,-4.44210279e-05,6.74065704e-05,-0.000585533452,-0.225172845,1702.59367
0.00315296288,0.0515415566,-0.000306855176,0.00695274478,0.000147100087,-1.69707321,1708.1607
0.00315777577,0.00431800152,-3.78444893e-05,4.98273621e-05,-0.000597119302,-0.197950888,1702.36029
0.00315901606,0.115035914,0.000371205385,0.00747334444,0.00134333109,-4.51601631,1709.01795
0.00316596343,0.00369468589,-3.18156548e-05,3.59654291e-05,-0.000607973009,-0.171794967,1702.13103
0.00316743445,0.139866187,0.000316910238,0.00115159365,0.0022004959,-5.41416823,1697.90593
0.00317260302,0.0853696328,-1.20726046e-05,0.0109863976,0.000722434569,-3.20450617,1708.89693
0.00317360185,0.00311318307,-2.63074199e-05,2.51897863e-05,-0.000618138563,-0.146678763,1701.90619
0.00318072788,0.0025706882,-2.129192e-05,1.69663891e-05,-0.000627657551,-0.122588145,1701.68605
0.00318737588,0.00206458457,-1.67410786e-05,1.08344566e-05,-0.000636569255,-0.0994768503,1701.47089
0.00319338341,0.138779867,0.000339940647,0.00137636321,0.00217229024,-5.36577707,1699.11617
0.00319357793,0.00159243101,-1.26272384e-05,6.42902872e-06,-0.00064491077,-0.0774503642,1701.26104
0.00319936393,0.00115195011,-8.92302011e-06,3.39678104e-06,-0.000652717099,-0.0563548509,1701.05685
0.00320476181,0.000741017226,-5.60245467e-06,1.63083833e-06,-0.000660021261,-0.0367175797,1700.85866
0.00320979758,0.000357650242,-2.63670679e-06,2.82500468e-07,-0.000666854379,-0.0155035948,1700.66687
0.00321313493,0.0477504251,-0.000321124683,0.00620493445,8.61143531e-05,-1.55894396,1708.01381
0.00321449555,0,0,0,-0.000673243949,-0.00407201806,1700.48182
0.00322033854,0.112164181,0.000348838655,0.00812090697,0.00129404467,-4.40689657,1709.06152
0.00322119823,0.137615437,0.000362468097,0.00163178743,0.00214202426,-5.31618289,1700.34334
0.00325101306,0.136367278,0.000384198311,0.00192017714,0.00210961009,-5.26548424,1701.5691
0.00326628313,0.0803647536,-7.66822768e-05,0.0108223185,0.000653235215,-2.94195837,1708.8328
0.00326927056,0.0442136074,-0.000328853426,0.00549705397,2.733592e-05,-1.43121546,1707.8571
0.00328297172,0.13502937,0.000404800257,0.002243664,0.00207496945,-5.21365222,1702.7711
0.00328607039,0.109085956,0.000320140395,0.00875065333,0.00124259998,-4.27708878,1709.07398
0.00331722836,0.133595261,0.0004238864,0.00260412848,0.00203803616,-5.1606575,1703.92363
0.00332164054,0.040914044,-0.000331500765,0.00483546621,-2.9060904e-05,-1.32167324,1707.6907
0.00335394821,0.132058033,0.000441040683,0.00300300919,0.0019987586,-5.10613247,1704.99913
0.00335652868,0.105786393,0.000282865978,0.00934922187,0.00118877486,-4.14417561,1709.06832
0.00336669929,0.075,-0.000146050182,0.0104589115,0.000575398598,-2.71632278,1708.7517
0.00337049747,0.0378358195,-0.000329407979,0.00422753378,-8.2964063e-05,-1.22165681,1707.51483
0.0033933084,0.13041027,0.000455765162,0.00344125566,0.00195710176,-5.0498299,1705.97056
0.00341607702,0.0349640862,-0.000323623447,0.00367415649,-0.000134315523,-1.13384875,1707.32974
0.00343205325,0.102249575,0.000238805045,0.00988735217,0.00113219748,-3.98140551,1709.05067
0.00343549876,0.128644026,0.000467568793,0.00391896237,0.0019130484,-4.99073883,1706.81454
0.00345859904,0.0322849924,-0.000314644111,0.00317616038,-0.000183102389,-1.05369278,1707.13575
0.00346711545,0.0696352464,-0.000210388804,0.00991135635,0.000493117765,-2.45626912,1708.65565
0.00348072282,0.12675078,0.000475820641,0.00443547268,0.00186659931,-4.92847727,1707.51482
0.00349804094,0.15,0,0,0.00293051178,-5.9722196,1685
0.00349826863,0.0297856156,-0.000303237013,0.00273134948,-0.00022934773,-0.98174176,1706.93328
0.00350746878,0.14964235,1.73977429e-05,2.58504746e-06,0.00292021487,-5.95097941,1685.47282
0.00351300839,0.0984584434,0.000185011235,0.0103497313,0.00107232472,-3.82399862,1709.02519
0.00351757453,0.149258983,3.56773104e-05,9.08405304e-06,0.00290908528,-5.91894828,1685.97962
0.00352840693,0.14884805,5.48594498e-05,1.93625309e-05,0.00289704153,-5.89622034,1686.52279
0.0035291987,0.124721401,0.0004799969,0.00498861875,0.00181777115,-4.86099742,1708.06524
0.00353527713,0.0274539002,-0.00028988746,0.00233734325,-0.00027310215,-0.915571081,1706.7228
0.00354001823,0.148407569,7.49748466e-05,3.57542673e-05,0.00288400823,-5.86951344,1687.10484
0.00355246443,0.147935415,9.60107295e-05,5.86623016e-05,0.00286990462,-5.84142598,1687.72837
0.00356079556,0.0646303672,-0.000266700712,0.00923394624,0.000411888475,-2.24665893,1708.54984
0.00356580558,0.147429312,0.000117965915,8.92986194e-05,0.00285464443,-5.81132474,1688.39605
0.00356980305,0.0252785992,-0.000275152026,0.00199050957,-0.000314436485,-0.85496721,1706.50489
0.00358010602,0.146886817,0.000140822585,0.000128805915,0.00283813579,-5.77954481,1689.11052
0.00358116022,0.1225461,0.000479292666,0.00557532331,0.00176659262,-4.78834959,1708.47126
0.00359543473,0.146305314,0.000164554375,0.000178542692,0.00282028135,-5.74596236,1689.87438
0.00359978459,0.0943947116,0.000125186732,0.0106970419,0.00100836743,-3.6268273,1708.99272
0.00360201293,0.0232492201,-0.00025943531,0.00168718591,-0.000353435669,-0.798617541,1706.28018
0.00361186565,0.145681998,0.000189119756,0.000239978031,0.00280097837,-5.71059812,1690.69
0.00362947802,0.145013864,0.000214459472,0.000314736475,0.00278011912,-5.67341809,1691.5594
0.00363206214,0.0213559743,-0.000243132133,0.00142334399,-0.000390193852,-0.746129174,1706.04939
0.00363685802,0.120214384,0.000473258059,0.00618990351,0.00171309581,-4.70682977,1708.74913
0.00364819149,0.0599612217,-0.000310494959,0.0084954475,0.000331959905,-2.03458953,1708.434
0.00364835681,0.144297686,0.000240495832,0.000404582965,0.00275759129,-5.63443759,1692.48407
0.0036600956,0.0195897299,-0.000226547927,0.00119509119,-0.000424810511,-0.696773763,1705.8133
0.00366859307,0.143530013,0.000267129922,0.000511428915,0.0027332788,-5.59368449,1693.46459
0.00368624854,0.0179419674,-0.000209952761,0.000998586993,-0.000457387526,-0.650197518,1705.57272
0.00369028442,0.14270714,0.000294237559,0.000637323298,0.00270706267,-5.55121276,1694.50039
0.00369280041,0.0900387783,5.78370483e-05,0.0109113993,0.000939281315,-3.43887887,1708.95239
0.00369656075,0.117715008,0.000460824085,0.00682604671,0.00165730543,-4.61836422,1708.92281
0.00371064711,0.0164047389,-0.000193558762,0.000830233166,-0.000488026994,-0.605985108,1705.32851
0.00371353547,0.141825099,0.00032166639,0.000784441379,0.0026788223,-5.50709808,1695.58924
0.0037297248,0.0556052884,-0.000345568227,0.00772177814,0.000253742151,-1.86151039,1708.3081
0.00373340899,0.0149706296,-0.000177540656,0.000686657911,-0.000516829653,-0.563877338,1705.08153
0.00373845839,0.140879634,0.000349232055,0.000955065522,0.00264843703,-5.46144014,1696.72676
0.00375464398,0.0136327222,-0.000162032969,0.000564775697,-0.000543893793,-0.523631901,1704.83263
0.0037605564,0.115035914,0.000441841394,0.00747286781,0.00159921889,-4.51616708,1709.01911
0.00376517338,0.139866187,0.000376715053,0.00115155614,0.00261578798,-5.41435195,1697.90585
0.0037744545,0.0123845633,-0.000147139026,0.000461778925,-0.000569314519,-0.485077231,1704.58268
0.00379250451,0.0853696328,-1.43711182e-05,0.0109862058,0.00086370394,-3.20393967,1708.9022
0.0037929361,0.0112201325,-0.000132933613,0.000375144988,-0.000593183298,-0.448069936,1704.33246
0.00379380931,0.138779867,0.000403856012,0.00137631426,0.00258076033,-5.365959,1699.11609
0.00380578874,0.0515415566,-0.000370332596,0.00695377366,0.000177628556,-1.69643497,1708.17212
0.00381017793,0.0101338132,-0.000119468078,0.000302621988,-0.0006155877,-0.41250228,1704.08275
0.0038245043,0.137615437,0.000430353854,0.00163172514,0.00254324578,-5.31636466,1700.34327
0.00382626316,0.00912036556,-0.000106773787,0.000242215638,-0.000636611285,-0.37828805,1703.83427
0.00382915363,0.112164181,0.000414764694,0.00812032114,0.00153878653,-4.40686893,1709.06307
0.00384126937,0.00817490128,-9.48657564e-05,0.000192170046,-0.00065633359,-0.345360326,1703.58767
0.00385526895,0.00729285993,-8.37456405e-05,0.00015094815,-0.000674830183,-0.313665702,1703.34355
0.0038574064,0.136367278,0.000455858382,0.00192009818,0.00250314546,-5.26566105,1701.56905
0.00386832942,0.00646998704,-7.34044134e-05,0.000117211096,-0.00069217276,-0.283161175,1703.10247
0.00387675022,0.0477504251,-0.00038738806,0.00620619372,0.000103967925,-1.55820366,1708.02615
0.00388051377,0.0057023135,-6.38246934e-05,8.97980574e-05,-0.000708429268,-0.253810969,1702.86492
0.00389188078,0.00498613648,-5.49827206e-05,6.77068266e-05,-0.000723664053,-0.225584503,1702.63134
0.00389267431,0.13502937,0.000479974523,0.00224356601,0.00246037289,-5.21382942,1702.77107
0.0038993778,0.0803647536,-9.15318489e-05,0.0108223491,0.000779969007,-2.94186775,1708.83924
0.00390248528,0.00431800152,-4.68499804e-05,5.00754738e-05,-0.000737938003,-0.198454356,1702.40216
0.00390268333,0.109085956,0.000380166898,0.00875000438,0.00147587427,-4.27724069,1709.07588
0.00391237842,0.00369468589,-3.93947553e-05,3.61658614e-05,-0.000751308704,-0.17239762,1702.17774
0.00392160791,0.00311318307,-3.2583365e-05,2.5347147e-05,-0.00076383059,-0.1473891,1701.95847
0.00393021827,0.0025706882,-2.63809719e-05,1.70851252e-05,-0.000775555086,-0.123413675,1701.74467
0.00393047816,0.133595261,0.000502245248,0.00260400605,0.00241485705,-5.16082378,1703.92364
0.00393825104,0.00206458457,-2.07522338e-05,1.09196475e-05,-0.000786530753,-0.100428945,1701.5367
0.00394295152,0.0442136074,-0.000396574595,0.00549849629,3.30339641e-05,-1.43052575,1707.87026
0.00394574497,0.00159243101,-1.5662134e-05,6.48468589e-06,-0.000796803424,-0.078533341,1701.33489
0.00395273619,0.00115195011,-1.10760889e-05,3.43006552e-06,-0.000806416336,-0.0575953888,1701.13956
0.00395925843,0.000741017226,-6.96049033e-06,1.64313123e-06,-0.000815410257,-0.0380824936,1700.951
0.00396534315,0.000357650242,-3.27951959e-06,2.96439407e-07,-0.000823823612,-0.0170693437,1700.76949
0.0039710197,0,0,0,-0.000831690366,-0.00579501652,1700.59523
0.00397100028,0.132058033,0.000522175445,0.00300286004,0.00236654528,-5.10630202,1704.99918
0.00398150017,0.105786393,0.000335546869,0.00934846196,0.00141023588,-4.14403644,1709.07063
0.00400471194,0.040914044,-0.00039963168,0.00483706808,-3.49752514e-05,-1.32092578,1707.70463
0.00401393579,0.075,-0.000174105097,0.010459002,0.000686140865,-2.7158239,1708.75953
0.00401443613,0.13041027,0.000539184338,0.00344107096,0.00231540568,-5.04997756,1705.97067
0.00406099523,0.128644026,0.000552687576,0.00391874126,0.00226142853,-4.99089777,1706.81474
0.0040623294,0.0378358195,-0.000396998051,0.00422924903,-9.99348955e-05,-1.22094954,1707.52946
0.0040659843,0.102249575,0.00028293873,0.00988663551,0.00134144992,-3.98142337,1709.05358
0.00411090215,0.12675078,0.000561959448,0.00443520068,0.0022046264,-4.92859474,1707.51514
0.00411608181,0.0349640862,-0.000389922202,0.00367595843,-0.000161783724,-1.13311785,1707.34501
0.00412849378,0.0696352464,-0.000250518857,0.00991145665,0.000587307036,-2.4559132,1708.66497
0.00415654325,0.0984584434,0.000218999265,0.0103491285,0.00126889464,-3.8236662,1709.02881
0.0041643976,0.124721401,0.000566373062,0.00498829904,0.00214503172,-4.8611439,1708.06571
0.00416622844,0.0322849924,-0.000379018817,0.00317800857,-0.000220513545,-1.05300003,1707.15163
0.00417380227,0.15,0,0,0.00349663625,-5.972332,1685
0.00418399681,0.14964235,2.07522827e-05,2.57976088e-06,0.00348347357,-5.95134967,1685.47281
0.00419492437,0.149258983,4.25456524e-05,9.09133515e-06,0.00346926547,-5.9193034,1685.9796
0.00420663768,0.14884805,6.54055777e-05,1.93564756e-05,0.00345391401,-5.89638076,1686.52276
0.00421301117,0.0297856156,-0.000365201408,0.00273321887,-0.000276158347,-0.981052103,1706.94974
0.00421919324,0.148407569,8.93570007e-05,3.5736759e-05,0.00343732753,-5.86975866,1687.10481
0.00422173964,0.1225461,0.000565018211,0.00557493191,0.00208269201,-4.7884212,1708.4719
0.00423265159,0.147935415,0.000114390543,5.86461193e-05,0.00341940809,-5.84163702,1687.72833
0.00423536707,0.0646303672,-0.000317170986,0.00923433706,0.000490038356,-2.2459374,1708.56062
0.00424707767,0.147429312,0.000140499215,8.92791958e-05,0.00340005135,-5.81153976,1688.396
0.00425361381,0.0943947116,0.000148016271,0.0106965973,0.00119166202,-3.62631029,1708.9972
0.00425665565,0.0274539002,-0.0003490627,0.00233920182,-0.00032878429,-0.914921665,1706.73983
0.00426254105,0.146886817,0.00016766101,0.000128784191,0.00337914663,-5.77975414,1689.11047
0.00427911632,0.146305314,0.000195839196,0.000178517596,0.00335657698,-5.74617983,1689.87432
0.00428320484,0.120214384,0.000557344289,0.0061894518,0.00201765974,-4.70696484,1708.75
0.00429688342,0.145681998,0.000224979962,0.000239950676,0.00333221944,-5.71082284,1690.68993
0.00429737241,0.0252785992,-0.000331266127,0.0019923367,-0.000378481043,-0.854341476,1706.52249
0.00431592807,0.145013864,0.000255010765,0.000314705344,0.00330594557,-5.67364524,1691.55933
0.00433507117,0.0599612217,-0.000368886354,0.0084961073,0.000394577825,-2.03393264,1708.44619
0.00433535783,0.0232492201,-0.000312302217,0.0016889587,-0.000425354534,-0.798036708,1706.29839
0.00433634212,0.144297686,0.00028583556,0.00040454752,0.00327762202,-5.63466325,1692.48398
0.00434908968,0.117715008,0.000542164023,0.00682549502,0.00194997941,-4.61837169,1708.92395
0.0043576642,0.0900387783,6.83033698e-05,0.0109112937,0.00110854772,-3.43851863,1708.9579
0.00435822404,0.143530013,0.000317332414,0.000511388149,0.00324711156,-5.5939097,1693.4645
0.00437079515,0.0213559743,-0.000292642126,0.00142504744,-0.000469521165,-0.745587669,1706.06826
0.00438167936,0.14270714,0.000349349587,0.000637276263,0.00321427427,-5.55143722,1694.50029
0.00440385528,0.0195897299,-0.000272654226,0.00119671078,-0.000511103226,-0.696283524,1705.83288
0.00440682124,0.141825099,0.000381701893,0.000784386819,0.00317896909,-5.50732179,1695.58914
0.00441971194,0.115035914,0.00051925698,0.00747224149,0.00187966445,-4.5162997,1709.0206
0.00442808699,0.0556052884,-0.000410184871,0.00772279668,0.000301366265,-1.86062697,1708.32161
0.00443377094,0.140879634,0.00041416648,0.000955001795,0.00314105583,-5.46166228,1696.72665
0.0044346977,0.0179419674,-0.00025266105,0.00100011348,-0.000550225458,-0.649758714,1705.5931
0.00446265844,0.139866187,0.000446478937,0.00115148133,0.00310039744,-5.41457249,1697.90574
0.00446347117,0.0164047389,-0.000232917427,0.000831658916,-0.000587012487,-0.605604919,1705.3498
0.00446919631,0.0853696328,-1.68530411e-05,0.0109859438,0.00101797933,-3.20331149,1708.90896
0.00449031448,0.0149706296,-0.00021363202,0.000687978753,-0.000621586991,-0.563558486,1705.10385
0.0044936231,0.138779867,0.000478328492,0.00137622569,0.00305686277,-5.36617607,1699.11599
0.00449541229,0.112164181,0.000486931442,0.00811955906,0.00180667364,-4.40679632,1709.06504
0.00451486319,0.0515415566,-0.000439263749,0.00695509435,0.000210832102,-1.695652,1708.18686
0.00451535711,0.0136327222,-0.00019496588,0.000565989249,-0.000654068432,-0.523379471,1704.85615
0.00452681426,0.137615437,0.000509355079,0.00163162006,0.00301032969,-5.31657925,1700.34318
0.00453871984,0.0123845633,-0.00017704223,0.000462885029,-0.000684572218,-0.484894898,1704.60756
0.00456051538,0.0112201325,-0.000159950247,0.000376144958,-0.00071320919,-0.447962071,1704.35892
0.00456239202,0.136367278,0.000539142785,0.00191997226,0.0029606885,-5.26586868,1701.56898
0.00457655584,0.109085956,0.000445773793,0.00874916329,0.0017308682,-4.27739351,1709.07831
0.00458084884,0.0101338132,-0.000143750937,0.00030351854,-0.000740085341,-0.412472949,1704.11103
0.0045887481,0.0803647536,-0.000107685257,0.0108223764,0.00091803594,-2.94173178,1708.84748
0.00459581833,0.0477504251,-0.00045917174,0.00620780868,0.000123356375,-1.55728873,1708.04202
0.0045998183,0.00912036556,-0.000128481421,0.000243012482,-0.000765301708,-0.378341633,1703.86465
0.004600528,0.13502937,0.000567221786,0.00224341573,0.00290784557,-5.21403454,1702.77103
0.00461751528,0.00817490128,-0.00011415922,0.000192871689,-0.000788954376,-0.345501355,1703.62046
0.00463402511,0.00729285993,-0.000100785862,0.000151559654,-0.000811134561,-0.313899027,1703.37913
0.00464140612,0.133595261,0.00059305458,0.00260382449,0.00285172703,-5.16101558,1703.92364
0.00464942745,0.00646998704,-8.8350104e-05,0.00011773792,-0.000831928744,-0.28349202,1703.14123
0.004663534,0.105786393,0.000393062609,0.00934748678,0.00165197903,-4.14385325,1709.07358
0.00466379657,0.0057023135,-7.68306907e-05,9.02459092e-05,-0.000851418833,-0.254244879,1702.90732
0.0046713429,0.0442136074,-0.000469786608,0.00550034142,3.92359176e-05,-1.42967166,1707.88717
0.0046772018,0.00498613648,-6.61986876e-05,6.80815723e-05,-0.000869682344,-0.226127473,1702.6779
0.00468522358,0.132058033,0.000616054681,0.00300264352,0.00279228214,-5.10649388,1704.99925
0.00468970779,0.00431800152,-5.64195862e-05,5.03831034e-05,-0.000886792593,-0.199114233,1702.45342
0.00470137486,0.00369468589,-4.74550735e-05,3.64124061e-05,-0.000902818885,-0.173182373,1702.23431
0.00471225929,0.00311318307,-3.92641225e-05,2.55388849e-05,-0.0009178267,-0.148306504,1702.02097
0.00471689623,0.075,-0.000204553785,0.0104590864,0.000806487655,-2.71523373,1708.76949
0.00472241357,0.0025706882,-3.18041783e-05,1.72282718e-05,-0.000931877879,-0.124471307,1701.81376
0.0047318867,0.00206458457,-2.50321415e-05,1.10210462e-05,-0.000945030793,-0.101638587,1701.61301
0.00473219172,0.13041027,0.000635547349,0.00344080841,0.00272948621,-5.05014416,1705.97083
0.00474072436,0.00159243101,-1.89051226e-05,6.55024563e-06,-0.00095734052,-0.0798991443,1701.41901
0.00474180119,0.040914044,-0.000473143727,0.00483911412,-4.13181083e-05,-1.319998,1707.72248
0.00474896917,0.00115195011,-1.33805874e-05,3.46849087e-06,-0.000968859001,-0.0591388391,1701.23204
0.00475666091,0.000741017226,-8.41667348e-06,1.6571021e-06,-0.000979635203,-0.0397725885,1701.0523
0.00475676631,0.102249575,0.00033104271,0.00988570091,0.00156953451,-3.98139981,1709.05728
0.00476383668,0.000357650242,-3.97009095e-06,3.11949013e-07,-0.000989715265,-0.0189805765,1700.87995
0.00477053109,0,0,0,-0.000999140032,-0.0078697369,1700.71508
0.0047825371,0.128644026,0.000650840989,0.00391843055,0.00266334216,-4.99107288,1706.81501
0.00480753304,0.0378358195,-0.000469803294,0.00423143564,-0.000118177798,-1.22006854,1707.54816
0.00483650254,0.12675078,0.00066110585,0.00443482385,0.00259388063,-4.92872259,1707.51556
0.00484504436,0.0696352464,-0.000293959185,0.00991158271,0.00068942351,-2.45531467,1708.67679
0.00485670245,0.0984584434,0.000256017141,0.0103483222,0.00148283149,-3.82321589,1709.03339
0.00486885552,0.0349640862,-0.000461224113,0.00367825183,-0.000191287528,-1.13220715,1707.3645
0.00489110446,0.15,0,0,0.00409756189,-5.97275526,1685
0.00489434835,0.124721401,0.000665596148,0.00498785892,0.002521157,-4.86130043,1708.06633
0.00490210175,0.14964235,2.43041124e-05,2.57164521e-06,0.00408134888,-5.95184283,1685.4728
0.0049138898,0.149258983,4.98248373e-05,9.10449183e-06,0.00406386392,-5.91969612,1685.97959
0.00492606441,0.0322849924,-0.000448155662,0.00318035697,-0.00026065185,-1.05213371,1707.17185
0.00492652547,0.14884805,7.65886151e-05,1.93549386e-05,0.00404499186,-5.89667552,1686.52274
0.0049400697,0.148407569,0.000104613613,3.57281378e-05,0.00402462371,-5.87013185,1687.10477
0.00495458783,0.147935415,0.000133890631,5.86387194e-05,0.00400264329,-5.84199835,1687.72829
0.00495635355,0.1225461,0.000663292288,0.00557439886,0.00244524564,-4.78849171,1708.47277
0.00496382448,0.0943947116,0.00017286978,0.0106959893,0.00139083807,-3.62568884,1709.00285
0.00496459616,0.0646303672,-0.000371669544,0.00923482346,0.000574588626,-2.24491291,1708.57425
0.00497014987,0.147429312,0.000164407315,8.9268608e-05,0.00397892712,-5.811909,1688.39594
0.00497943566,0.0297856156,-0.000431664887,0.00273559054,-0.000326322981,-0.980190051,1706.97067
0.00498683091,0.146886817,0.000196135411,0.000128770772,0.00395334452,-5.7801312,1689.1104
0.00500471138,0.146305314,0.00022902903,0.000178500425,0.00392575773,-5.74655983,1689.87424
0.00502281722,0.120214384,0.000653524621,0.00618883938,0.00236622799,-4.7071048,1708.75117
0.00502387755,0.145681998,0.000263023142,0.000239928717,0.00389602237,-5.71119521,1690.68984
0.00502922669,0.0274539002,-0.000412462994,0.00234155636,-0.000388389209,-0.914107306,1706.76145
0.00504442186,0.145013864,0.000298030397,0.000314677177,0.00386398799,-5.67401944,1691.55923
0.0050664434,0.144297686,0.000333934806,0.000404512832,0.00382949895,-5.63503986,1692.48387
0.00507567768,0.0252785992,-0.000391325158,0.00199464802,-0.000446965004,-0.8535572,1706.54482
0.00507612827,0.0599612217,-0.000431827378,0.00849693269,0.000462201092,-2.03310225,1708.46156
0.00507864909,0.0900387783,7.96855866e-05,0.0109111085,0.0012921821,-3.43804541,1708.96484
0.00509004839,0.143530013,0.000370589762,0.000511346013,0.00379239561,-5.59428828,1693.46437
0.00509405994,0.117715008,0.000634993376,0.00682475425,0.00228417719,-4.61836251,1708.92548
0.0051153507,0.14270714,0.000407814178,0.000637225447,0.00375251581,-5.55181699,1694.50016
0.00511901267,0.0232492201,-0.000368834466,0.00169119827,-0.000502182639,-0.797306842,1706.32145
0.00514247235,0.141825099,0.000445387971,0.000784325721,0.00370969688,-5.50770216,1695.589
0.0051594407,0.0213559743,-0.000345541718,0.00142719644,-0.000554185522,-0.744907318,1706.09211
0.00517042535,0.115035914,0.000607385475,0.00747140508,0.00219913133,-4.51643437,1709.02258
0.00517154419,0.140879634,0.000483047364,0.000954928326,0.0036637779,-5.46204221,1696.72651
0.00518017866,0.0556052884,-0.000479707043,0.00772407122,0.000352718627,-1.85953223,1708.3386
0.00519715677,0.0195897299,-0.000321881894,0.0011987513,-0.000603123028,-0.695666336,1705.8576
0.00520173012,0.0853696328,-1.95064315e-05,0.0109855743,0.00118507075,-3.20256499,1708.91743
0.00520270642,0.139866187,0.000520480285,0.00115139297,0.00361460262,-5.41495124,1697.90559
0.0052323428,0.0179419674,-0.000298232028,0.00100203403,-0.000649146561,-0.649206052,1705.6188
0.00523610937,0.138779867,0.000557321329,0.00137611909,0.00356202265,-5.36655165,1699.11585
0.00525228179,0.112164181,0.000568884406,0.00811855203,0.00211106551,-4.40668664,1709.0676
0.0052651685,0.0164047389,-0.000274891467,0.000833450273,-0.000692406661,-0.605125159,1705.37659
0.00527191415,0.137615437,0.000593147894,0.00163149156,0.00350590124,-5.31695143,1700.34305
0.00527724922,0.0515415566,-0.000513322605,0.00695674414,0.000246593899,-1.69467174,1708.20537
0.00529579221,0.0149706296,-0.000252103852,0.000689635859,-0.000733050954,-0.563155552,1705.1319
0.00531029346,0.136367278,0.00062747422,0.00191981663,0.00344611731,-5.26623322,1701.56887
0.00532436165,0.0136327222,-0.000230057468,0.000567509396,-0.00077122275,-0.523059504,1704.88563
0.00533366127,0.0803647536,-0.000125132494,0.0108223617,0.00106731635,-2.94156597,1708.85777
0.0053400241,0.109085956,0.000520064705,0.00874805916,0.00201984295,-4.27753964,1709.08149
0.00535101461,0.0123845633,-0.000208895746,0.00046426822,-0.000807060144,-0.48466269,1704.63869
0.00535143243,0.13502937,0.00065975132,0.00224322817,0.00338256977,-5.21439374,1702.77096
0.00536780816,0.0477504251,-0.000536184657,0.00620982302,0.000144231035,-1.55615237,1708.0619
0.00537587965,0.0112201325,-0.000188722312,0.000377393062,-0.000840695468,-0.447823028,1704.39195
0.00539552947,0.133595261,0.000689356233,0.00260359688,0.00331518181,-5.16135961,1703.92363
0.00539907672,0.0101338132,-0.000169607667,0.000304635137,-0.000872255032,-0.412432219,1704.14623
0.0054207177,0.00912036556,-0.000151594361,0.000244002409,-0.000901859032,-0.378404653,1703.90232
0.00543407549,0.105786393,0.000458033034,0.00934621759,0.00192517644,-4.14358667,1709.07745
0.00544090698,0.00817490128,-0.000134701979,0.000193740777,-0.000929621612,-0.34567372,1703.66096
0.00544279731,0.132058033,0.000715605659,0.00300237053,0.00324390492,-5.10683261,1704.99932
0.0054522923,0.0442136074,-0.000548238971,0.00550263899,4.5941903e-05,-1.42860458,1707.90831
0.00545974193,0.00729285993,-0.000118931389,0.000152314462,-0.000955650985,-0.314186638,1703.42284
0.00547507889,0.075,-0.000237380249,0.0104591494,0.000936380567,-2.71449397,1708.78191
0.00547731341,0.00646998704,-0.000104268478,0.000118385525,-0.000980049629,-0.283900997,1703.18858
0.00549346393,0.13041027,0.000737725452,0.00344047736,0.00316872217,-5.05045423,1705.97101
0.00549370617,0.0057023135,-9.0687435e-05,9.07937441e-05,-0.0010029145,-0.254781775,1702.95877
0.00550899929,0.00498613648,-7.81535667e-05,6.85373513e-05,-0.00102433727,-0.22680035,1702.73393
0.00552326652,0.00431800152,-6.6625694e-05,5.07547449e-05,-0.00104440457,-0.199931108,1702.51454
0.00553110913,0.040914044,-0.000551827071,0.00484165864,-4.80566672e-05,-1.31884537,1707.74476
0.00553488962,0.102249575,0.00038522535,0.00988447235,0.0018265465,-3.98134517,1709.06208
0.00553657669,0.00369468589,-5.60578329e-05,3.67079919e-05,-0.00106319822,-0.174149955,1702.30105
0.00554777372,0.128644026,0.000754909783,0.00391803744,0.0030896501,-4.99138332,1706.81535
0.005548994,0.00311318307,-4.64007459e-05,2.57666981e-05,-0.00108079547,-0.149433558,1702.09385
0.00556057834,0.0025706882,-3.76035247e-05,1.73966636e-05,-0.00109726925,-0.125767255,1701.89328
0.00557138559,0.00206458457,-2.96145389e-05,1.11390149e-05,-0.00111268833,-0.103114205,1701.69963
0.00558146787,0.00159243101,-2.23821862e-05,6.62583639e-06,-0.00112711759,-0.0815570574,1701.51315
0.00559087382,0.00115195011,-1.58552025e-05,3.51205198e-06,-0.00114061817,-0.0609964968,1701.33402
0.00559964881,0.000741017226,-9.98292407e-06,1.67335668e-06,-0.0011532477,-0.0418031252,1701.16238
0.00560463883,0.0378358195,-0.00054765451,0.00423415126,-0.000137640579,-1.21896978,1707.57147
0.00560598863,0.12675078,0.000766220179,0.0044343484,0.00300673865,-4.92897991,1707.51609
0.00560783516,0.000357650242,-4.71414253e-06,3.28633543e-07,-0.00116506045,-0.0212460098,1700.99829
0.00561547236,0,0,0,-0.00117610453,-0.0102963522,1700.84175
0.00561649651,0.0696352464,-0.000340686052,0.00991170867,0.000799455937,-2.45461666,1708.69147
0.00564295277,0.0984584434,0.000297626392,0.0103472335,0.00172316796,-3.82261619,1709.03931
0.00566838948,0.124721401,0.000770782098,0.00498730254,0.00292006778,-4.8615763,1708.0671
0.00567323607,0.0349640862,-0.00053739798,0.0036810966,-0.000222766262,-1.13107629,1707.38877
0.00573527724,0.1225461,0.000767465353,0.00557372824,0.00282974047,-4.78867103,1708.47384
0.00573723171,0.0322849924,-0.000521958714,0.00318326653,-0.000303457006,-1.05105498,1707.19701
0.00574349164,0.15,0,0,0.00481165607,-5.97262458,1685
0.00574842766,0.0646303672,-0.000430173707,0.00923540554,0.000665559637,-2.24368902,1708.59114
0.0057551124,0.14964235,2.85391228e-05,2.58907229e-06,0.00479154439,-5.95210832,1685.47279
0.00575878617,0.0943947116,0.000200741597,0.0106951561,0.00161388176,-3.62492677,1709.01011
0.00576756875,0.149258983,5.84885629e-05,9.11795555e-06,0.00476987548,-5.92017499,1685.97956
0.00578092078,0.14884805,8.98779661e-05,1.93777836e-05,0.00474651333,-5.89701244,1686.5227
0.00579523287,0.148407569,0.000122724821,3.57446723e-05,0.00472132786,-5.87053879,1687.10472
0.00579693445,0.0297856156,-0.000502563101,0.00273852544,-0.0003797888,-0.979120233,1706.99667
0.00580697455,0.120214384,0.000755465744,0.00618806849,0.00273586916,-4.70734431,1708.75259
0.00581057407,0.147935415,0.000157020535,5.86557442e-05,0.00469418072,-5.84238817,1687.72822
0.00582701838,0.147429312,0.000192747044,8.92799995e-05,0.00466492529,-5.81229944,1688.39586
0.00584464512,0.146886817,0.000229867971,0.0001287767,0.00463340674,-5.78050805,1689.1103
0.00585263225,0.0274539002,-0.000480051871,0.0023444669,-0.000451877222,-0.913094762,1706.78829
0.00586353929,0.146305314,0.000268326806,0.000178498733,0.00459946243,-5.74692151,1689.87413
0.0058715087,0.0599612217,-0.000499333682,0.00849793545,0.000534869031,-2.03208188,1708.48054
0.00588294853,0.0900387783,9.24194146e-05,0.0109108029,0.00149714154,-3.43738871,1708.9737
0.00588382723,0.117715008,0.000733378198,0.00682382801,0.00263855752,-4.61843331,1708.92734
0.00588379205,0.145681998,0.000308041875,0.000239918321,0.00456292235,-5.71154318,1690.68971
0.00590459377,0.0252785992,-0.00045531674,0.00199750184,-0.000519866248,-0.852584413,1706.5725
0.00590550108,0.145013864,0.000348903691,0.000314657677,0.00452360998,-5.67436105,1691.55908
0.00592877109,0.144297686,0.000390772074,0.000404483202,0.00448134339,-5.63537786,1692.48371
0.00595306965,0.0232492201,-0.000429040065,0.00169396055,-0.000583918788,-0.796400508,1706.35001
0.00595371432,0.143530013,0.00043347078,0.000511304945,0.00443593669,-5.59462297,1693.4642
0.00596620598,0.115035914,0.000700771501,0.00747036122,0.00253787005,-4.51664578,1709.02498
0.00598045109,0.14270714,0.000476782878,0.000637171137,0.004387202,-5.55214864,1694.49997
0.0059863333,0.0556052884,-0.00055416762,0.00772562752,0.000407847113,-1.85819404,1708.35956
0.0059982937,0.0213559743,-0.000401855877,0.00142984393,-0.000644209189,-0.744063821,1706.12161
0.00600911036,0.141825099,0.000520445823,0.000784255886,0.00433495178,-5.50803081,1695.5888
0.00601603876,0.0853696328,-2.24232145e-05,0.0109850531,0.00137092505,-3.2016953,1708.9282
0.00603983037,0.140879634,0.000564146262,0.000954840018,0.00427900175,-5.46236736,1696.7263
0.00604048407,0.0195897299,-0.000374269634,0.00120126235,-0.000700917461,-0.6949007,1705.88814
0.00605450816,0.112164181,0.000655727773,0.00811730637,0.00243379933,-4.40661838,1709.07069
0.00607275929,0.139866187,0.0006075148,0.00115128258,0.00421917427,-5.41527236,1697.90539
0.00607984425,0.0179419674,-0.000346715264,0.00100439455,-0.000754224886,-0.648521113,1705.65049
0.00609345533,0.0515415566,-0.000592563625,0.00695875673,0.000284961894,-1.69346708,1708.22815
0.00610805595,0.138779867,0.000650120591,0.00137598197,0.00415530235,-5.36686718,1699.11565
0.0061165641,0.0164047389,-0.000319538725,0.000835649237,-0.000804310817,-0.60453039,1705.4096
0.00614589061,0.137615437,0.000691466697,0.00163132248,0.00408723407,-5.31726089,1700.34287
0.00614915968,0.109085956,0.000598770742,0.00874669801,0.00232621098,-4.27773987,1709.08533
0.00615082074,0.0149706296,-0.000293020012,0.000691667194,-0.000851350446,-0.5626562,1705.16639
0.0061586988,0.0803647536,-0.000144441301,0.0108222864,0.00123276816,-2.94133078,1708.87079
0.0061827794,0.0136327222,-0.000267375641,0.000569370031,-0.000895513293,-0.52266278,1704.92183
0.00618644576,0.136367278,0.000730984547,0.00191960861,0.00401483743,-5.26653306,1701.56873
0.00619339147,0.0477504251,-0.000618497928,0.00621228228,0.000166633062,-1.55476051,1708.08634
0.00621259423,0.0123845633,-0.000242769855,0.000465958338,-0.00093696226,-0.48437458,1704.67682
0.00622991703,0.13502937,0.000768032225,0.00224297424,0.00393800544,-5.21468541,1702.77087
0.00624040905,0.0112201325,-0.000219321037,0.000378915175,-0.000975853093,-0.447650021,1704.43229
0.00625061709,0.105786393,0.000526886564,0.00934466406,0.00221479865,-4.14331934,1709.08214
0.00626635801,0.0101338132,-0.000197109251,0.000305993831,-0.00101233414,-0.412380604,1704.18908
0.00627651407,0.133595261,0.000801886617,0.00260328667,0.00385666121,-5.16163465,1703.92361
0.00628662378,0.0442136074,-0.000632020887,0.00550544164,5.31808283e-05,-1.42729272,1707.93426
0.00629056629,0.00912036556,-0.000176182357,0.000245203837,-0.00104654633,-0.378480961,1703.94802
0.00631161678,0.075,-0.000273574322,0.0104591693,0.0010798147,-2.71358111,1708.79752
0.00631315064,0.00817490128,-0.000156561719,0.000194792334,-0.00107862328,-0.345884545,1703.70988
0.00632646167,0.132058033,0.000831752269,0.003001996,0.00377076266,-5.10709932,1704.99941
0.00633422,0.00729285993,-0.000138247103,0.000153224487,-0.00110869148,-0.314538752,1703.47536
0.00635387601,0.00646998704,-0.000121221078,0.000119163024,-0.00113687056,-0.28440179,1703.24513
0.00635936977,0.102249575,0.000442643991,0.00988294762,0.00209899274,-3.981327,1709.06787
0.00637221346,0.0057023135,-0.000105452786,9.14482831e-05,-0.00116327361,-0.255439531,1703.01979
0.00637360194,0.040914044,-0.000635785023,0.00484476174,-5.51785471e-05,-1.31743373,1707.77207
0.00638000074,0.13041027,0.000856740356,0.00344002289,0.00368030627,-5.05069129,1705.97126
0.00638932082,0.00498613648,-9.09011445e-05,6.90788856e-05,-0.00118800739,-0.227622956,1702.79986
0.00640528059,0.00431800152,-7.75173102e-05,5.11935203e-05,-0.00121117275,-0.200925427,1702.58585
0.00642016976,0.00369468589,-6.52468419e-05,3.70545004e-05,-0.00123286483,-0.175324329,1702.37816
0.00643406015,0.00311318307,-5.40317951e-05,2.60316817e-05,-0.0012531734,-0.150797442,1702.17718
0.00643738952,0.128644026,0.00087591423,0.00391749618,0.00358532926,-4.99161793,1706.81579
0.00644701875,0.0025706882,-4.38121628e-05,1.75909416e-05,-0.00127218313,-0.127328279,1701.9832
0.00645474549,0.0378358195,-0.000630668085,0.00423746049,-0.000158330658,-1.21761973,1707.60003
0.00645910807,0.00206458457,-3.45269093e-05,1.12739015e-05,-0.00128997385,-0.104881342,1701.79646
0.00646453475,0.0696352464,-0.000392006887,0.00991183343,0.000920529272,-2.4537507,1708.70985
0.00647038643,0.00159243101,-2.6114985e-05,6.71164213e-06,-0.00130662078,-0.0835317067,1701.61715
0.00647594228,0.0984584434,0.000341769305,0.0103458416,0.00197792142,-3.82193706,1709.04642
0.00648090822,0.00115195011,-1.85158217e-05,3.56089839e-06,-0.00132219481,-0.063192013,1701.44538
0.00649072419,0.000741017226,-1.16695651e-05,1.6914791e-06,-0.00133676271,-0.0441942969,1701.28122
0.00649890482,0.12675078,0.000888213328,0.00443369601,0.00348590942,-4.92915991,1707.51679
0.0064998817,0.000357650242,-5.51661506e-06,3.46678508e-07,-0.00135038734,-0.0238924032,1701.12466
0.0065084249,0,0,0,-0.00136312451,-0.0131103347,1700.97562
0.00653044584,0.0349640862,-0.000618570215,0.00368456094,-0.000256249579,-1.12969172,1707.41845
0.00656484336,0.124721401,0.000892616239,0.00498653842,0.00338216107,-4.86177411,1708.06812
0.0066008969,0.0943947116,0.000230344408,0.0106940559,0.00185029137,-3.62407872,1709.01882
0.0066010681,0.0322849924,-0.000600562512,0.00318680714,-0.000348982627,-1.04973073,1707.22775
0.0066071948,0.0646303672,-0.000494183727,0.00923610362,0.000765343179,-2.24220323,1708.61218
0.0066355232,0.1225461,0.000887875568,0.005572813,0.00327422676,-4.78876728,1708.47524
0.00666695294,0.0297856156,-0.000578036374,0.00274209393,-0.00043663455,-0.977810624,1707.02841
0.00667972464,0.15,0,0,0.00559599276,-5.97347431,1685
0.00669191987,0.14964235,3.31721635e-05,2.57394955e-06,0.00557150887,-5.95300221,1685.47278
0.006704992,0.149258983,6.79761332e-05,9.10697412e-06,0.00554514893,-5.92094006,1685.97953
0.00671128525,0.120214384,0.00087303118,0.00618701742,0.00316226158,-4.70750658,1708.75446
0.00671900407,0.14884805,0.000104440588,1.93501846e-05,0.00551675412,-5.8976166,1686.52265
0.00672841814,0.0274539002,-0.000551973477,0.00234800303,-0.000519352903,-0.911852875,1706.82102
0.00673402367,0.148407569,0.000142578676,3.57030057e-05,0.005486171,-5.87114699,1687.10466
0.00673483635,0.0900387783,0.000105965821,0.0109103236,0.0017143722,-3.43655721,1708.98433
0.00674028502,0.0599612217,-0.000572989665,0.00849916066,0.000614355605,-2.03081696,1708.50412
0.00675012326,0.147935415,0.000182380357,5.86078374e-05,0.00545323676,-5.84296105,1687.72814
0.00676738048,0.147429312,0.000223819699,8.92238815e-05,0.00541777918,-5.81285659,1688.39576
0.00678576018,0.0252785992,-0.000523387034,0.0020009659,-0.000597315437,-0.851393608,1706.60623
0.00678587858,0.146886817,0.000266850109,0.000128712664,0.00537961689,-5.78105873,1689.11018
0.00679249495,0.117715008,0.000846580781,0.00682257619,0.00304641169,-4.61841156,1708.92977
0.00680570678,0.146305314,0.000311401095,0.000178426778,0.00533855978,-5.74748887,1689.87398
0.00682696072,0.145681998,0.000357374185,0.000239839293,0.00529440972,-5.71212924,1690.68954
0.00683925564,0.0232492201,-0.000493065539,0.00169731065,-0.000670719731,-0.795289646,1706.38478
0.00684974292,0.145013864,0.000404638641,0.000314571013,0.00524696158,-5.67495241,1691.55889
0.00686444739,0.0556052884,-0.000635180599,0.00772753095,0.000468006205,-1.85654496,1708.3855
0.00687416327,0.144297686,0.000453026607,0.000404387503,0.00519600461,-5.63597015,1692.48349
0.00687840669,0.0853696328,-2.54656831e-05,0.0109843339,0.00156789921,-3.20068982,1708.94109
0.00687954401,0.115035914,0.000807947092,0.00746895543,0.00292677984,-4.51678506,1709.0281
0.00688916255,0.0213559743,-0.000461730132,0.00143305162,-0.000739774784,-0.743031114,1706.15749
0.00690033955,0.143530013,0.000502328378,0.000511198392,0.0051413243,-5.59521491,1693.46396
0.00692839803,0.14270714,0.000552287181,0.000637051383,0.00508270471,-5.55273871,1694.49972
0.00693572165,0.0195897299,-0.000429960739,0.00120430173,-0.000804694551,-0.693962515,1705.92524
0.00695847406,0.141825099,0.00060259348,0.000784119893,0.00501993133,-5.50861724,1695.58853
0.00697285231,0.112164181,0.00075514469,0.00811564792,0.0028033869,-4.40644146,1709.07469
0.0069791575,0.0179419674,-0.000398250833,0.00100724851,-0.000865693274,-0.64768207,1705.68896
0.00698028078,0.0515415566,-0.000678580947,0.00696121417,0.000326755395,-1.6919709,1708.25625
0.00699071268,0.140879634,0.000652879164,0.000954683901,0.00495279459,-5.46294815,1696.72603
0.00701967962,0.0164047389,-0.000366995209,0.000838304689,-0.00092298191,-0.603801152,1705.44959
0.00702526942,0.139866187,0.000702711684,0.00115110154,0.00488109394,-5.41584549,1697.90511
0.0070323004,0.0803647536,-0.000164862983,0.0108220888,0.00140811584,-2.94102342,1708.88633
0.00705748347,0.0149706296,-0.000336511778,0.000694116882,-0.000976765749,-0.562043527,1705.20812
0.00706231096,0.138779867,0.000751588184,0.00137577004,0.00480464257,-5.36743008,1699.11538
0.00707286991,0.109085956,0.000688607091,0.00874489569,0.00267611028,-4.27787901,1709.09027
0.00708834393,0.0477504251,-0.000707649828,0.00621528281,0.000191018931,-1.55304731,1708.11642
0.00709275139,0.0136327222,-0.000307046418,0.000571610479,-0.00102724282,-0.522175072,1704.96552
0.00710201595,0.137615437,0.000798930179,0.00163107268,0.00472327263,-5.31781153,1700.34262
0.00712565349,0.0123845633,-0.000278784916,0.000467989942,-0.00107460292,-0.48401914,1704.72274
0.00714457592,0.136367278,0.000844078181,0.00191931218,0.00463684102,-5.26706752,1701.56852
0.00715634847,0.0112201325,-0.000251860827,0.000380741216,-0.00111902711,-0.447434511,1704.48073
0.00718007926,0.105786393,0.000605276255,0.00934262656,0.002544631,-4.14292322,1709.08815
0.0071849844,0.0101338132,-0.000226363937,0.000307620104,-0.00116068749,-0.412312511,1704.24037
0.00718915806,0.0442136074,-0.000722590811,0.00550885515,6.11083551e-05,-1.42567055,1707.96612
0.00719019615,0.13502937,0.000886288837,0.00224262185,0.0045452353,-5.21520286,1702.77073
0.00719725981,0.075,-0.000311854769,0.0104590992,0.00123182861,-2.71245083,1708.81615
0.00721169939,0.00912036556,-0.000202347335,0.000246638065,-0.00119974728,-0.378567842,1704.0025
0.00723662231,0.00817490128,-0.000179833903,0.000196043805,-0.001236361,-0.346133951,1703.76793
0.0072390967,0.133595261,0.000924729295,0.0026028657,0.00444837963,-5.16212746,1703.92357
0.00725987336,0.00729285993,-0.000158821995,0.000154303673,-0.0012706747,-0.314958929,1703.53737
0.00728156471,0.00646998704,-0.000139290445,0.000120081341,-0.00130282639,-0.285001141,1703.31149
0.00728320946,0.040914044,-0.000726380467,0.00484853615,-6.27758494e-05,-1.31569994,1707.80553
0.00729151342,0.132058033,0.000958482449,0.00300149525,0.00434624024,-5.10757167,1704.99951
0.00729499747,0.102249575,0.00050781619,0.00988092808,0.00240833416,-3.98125687,1709.07525
0.00730180097,0.0057023135,-0.000121202728,9.22178391e-05,-0.00133294633,-0.256226017,1703.09091
0.00732067976,0.00498613648,-0.000104510451,6.97123032e-05,-0.0013611574,-0.228603891,1702.87614
0.00733829214,0.00431800152,-8.91564019e-05,5.17038396e-05,-0.00138757555,-0.20210914,1702.66767
0.00734769915,0.13041027,0.000986534144,0.00343942403,0.00423882974,-5.05112506,1705.97154
0.00735472305,0.00369468589,-7.50772086e-05,3.74550237e-05,-0.0014123101,-0.176719621,1702.46588
0.00736221921,0.0696352464,-0.000446273896,0.00991191763,0.00104884976,-2.45267971,1708.73173
0.00737005176,0.00311318307,-6.22053968e-05,2.63359693e-05,-0.00143546409,-0.152412122,1702.27109
0.00737095176,0.0378358195,-0.00072010342,0.00424147923,-0.000180542655,-1.21595664,1707.63493
0.0073843522,0.0025706882,-5.04709798e-05,1.78125433e-05,-0.00145713466,-0.129169019,1702.08358
0.00739769335,0.00206458457,-3.9802859e-05,1.14266506e-05,-0.00147741332,-0.106955573,1701.90352
0.00740792491,0.128644026,0.00100780666,0.00391678844,0.0041262096,-4.9920329,1706.81633
0.00741013955,0.00159243101,-3.01299606e-05,6.80828333e-06,-0.00149638629,-0.0858395641,1701.73104
0.00741817883,0.0984584434,0.000391778432,0.0103439524,0.00226626176,-3.82106272,1709.05546
0.00742175085,0.00115195011,-2.13818973e-05,3.61540324e-06,-0.00151413474,-0.0657432392,1701.56618
0.00743258325,0.000741017226,-1.34892487e-05,1.71238499e-06,-0.00153073511,-0.0469672761,1701.40896
0.007442689,0.000357650242,-6.38373953e-06,3.65875137e-07,-0.00154625932,-0.0269335035,1701.25931
0.00745211684,0,0,0,-0.00156077135,-0.0163165473,1701.11711
0.0074528082,0.0349640862,-0.00070589367,0.0036887616,-0.000292196152,-1.12799495,1707.45468
0.00747248118,0.12675078,0.00102110693,0.00443285183,0.00400848979,-4.9295106,1707.51764
0.00751611293,0.0646303672,-0.000561821794,0.0092368848,0.000871109484,-2.24039792,1708.63722
0.00752917361,0.0322849924,-0.00068501431,0.00319109388,-0.000397818861,-1.04810469,1707.2652
0.00754167935,0.124721401,0.00102525517,0.00498555333,0.0038858241,-4.86212162,1708.06936
0.00755021752,0.0943947116,0.000263814609,0.0106925095,0.00211698257,-3.6230465,1709.02983
0.00760041633,0.0297856156,-0.000659030009,0.00274640763,-0.000497554354,-0.9762087,1707.06703
0.0076158532,0.1225461,0.00101888002,0.00557164329,0.00375840029,-4.78900171,1708.47697
0.00765968326,0.0599612217,-0.000650836569,0.00850057453,0.000698624818,-2.02925998,1708.53215
0.00766688,0.0274539002,-0.000629076473,0.00235227142,-0.000591591174,-0.910332034,1706.86076
0.00769175042,0.0900387783,0.000121259323,0.0109095472,0.0019585763,-3.43544689,1708.99768
0.0076953605,0.120214384,0.00100085008,0.00618567678,0.00362642225,-4.70778327,1708.75676
0.0077288852,0.0252785992,-0.000596294645,0.00200514073,-0.000680148945,-0.849939055,1706.64712
0.00772974842,0.15,0,0,0.00647565858,-5.97330024,1685
0.00774240629,0.14964235,3.83755657e-05,2.58751659e-06,0.00644612234,-5.95337312,1685.47276
0.00775597431,0.149258983,7.86213834e-05,9.09183107e-06,0.00641434367,-5.92171787,1685.97949
0.00777051794,0.14884805,0.000120771062,1.93666942e-05,0.00638013809,-5.89825353,1686.52259
0.00778058474,0.117715008,0.000969570069,0.00682099297,0.00349008481,-4.61848602,1708.93275
0.00778610733,0.148407569,0.000164835394,3.57185928e-05,0.0063433257,-5.87182665,1687.10457
0.00778673101,0.0232492201,-0.000561586428,0.00170134221,-0.000763467153,-0.793931984,1706.42687
0.00779362272,0.0556052884,-0.000720785355,0.00772975084,0.000531809365,-1.85454806,1708.41631
0.00780281766,0.147935415,0.000210799975,5.86254478e-05,0.00630371595,-5.84363798,1687.72802
0.00782072955,0.147429312,0.000258631403,8.92366127e-05,0.00626110774,-5.8135426,1688.39562
0.00783992939,0.146886817,0.000308271752,0.000128719356,0.00621528973,-5.78173709,1689.11001
0.00784069646,0.0213559743,-0.000525764289,0.00143690568,-0.000841795816,-0.741770859,1706.20086
0.0078434602,0.0853696328,-2.88195686e-05,0.010983279,0.00178852671,-3.19945144,1708.9572
0.00786050979,0.146305314,0.000359635024,0.000178424148,0.00616604094,-5.74814033,1689.87378
0.00787193702,0.115035914,0.000924291551,0.00746718216,0.00334953495,-4.51700042,1709.03191
0.00788257001,0.145681998,0.000412603024,0.000239824084,0.00611313162,-5.71275063,1690.68931
0.00789104183,0.0195897299,-0.000489486433,0.0012079479,-0.000915388526,-0.692817233,1705.97001
0.00790621647,0.145013864,0.000467019074,0.00031454113,0.00605632461,-5.67556095,1691.55863
0.00791857734,0.0515415566,-0.000769491974,0.00696408878,0.00037111469,-1.69014969,1708.28963
0.00793156322,0.144297686,0.000522682585,0.000404341246,0.00599537699,-5.63656939,1692.48321
0.00793800997,0.0179419674,-0.000453308332,0.00101066652,-0.000984497538,-0.646658348,1705.73527
0.00795873252,0.143530013,0.000579345654,0.000511133272,0.00593004237,-5.59580446,1693.46365
0.00796985795,0.112164181,0.000862989997,0.00811357432,0.00320482696,-4.40630466,1709.07953
0.00798182743,0.0164047389,-0.000417675407,0.000841479471,-0.00104936987,-0.602910835,1705.49765
0.00798785543,0.14270714,0.000636706328,0.000636963901,0.00586007372,-5.55331897,1694.49938
0.00800607863,0.0803647536,-0.000187610265,0.0108216684,0.00160377522,-2.94063207,1708.90566
0.0080190724,0.141825099,0.000694401786,0.000784005719,0.00578522681,-5.50918815,1695.58817
0.00802270556,0.0149706296,-0.000382944597,0.000697040174,-0.00111024485,-0.561294948,1705.25815
0.00803514985,0.0477504251,-0.000801871966,0.00621880331,0.000216951551,-1.55097806,1708.15213
0.00805253403,0.140879634,0.000752001959,0.000954537633,0.00570526438,-5.46350913,1696.72565
0.00806084153,0.0136327222,-0.000349391756,0.000574278702,-0.00116735252,-0.521577832,1705.01776
0.00807481986,0.109085956,0.000785969349,0.00874265207,0.00305585411,-4.27803453,1709.09626
0.0080884017,0.139866187,0.000809003051,0.00115091659,0.00561996102,-5.41639552,1697.90473
0.00809641929,0.0123845633,-0.000317224433,0.000470404087,-0.00122091266,-0.483581866,1704.77749
0.00812684844,0.138779867,0.000864821149,0.00137553837,0.0055291087,-5.3679675,1699.11501
0.00812961045,0.0112201325,-0.000286591244,0.000382905801,-0.00127113435,-0.44716603,1704.53829
0.00814390253,0.0442136074,-0.000818325341,0.00551286488,6.96216974e-05,-1.42370103,1708.00392
0.00816057511,0.0101338132,-0.000257591354,0.000309542646,-0.00131821591,-0.412221399,1704.30108
0.00816805967,0.137615437,0.000918786315,0.00163078491,0.00543252298,-5.31833459,1700.34228
0.0081803901,0.075,-0.000354305891,0.010458871,0.00140078246,-2.71102246,1708.83917
0.00818732903,0.105786393,0.000690192373,0.00934010384,0.00290228671,-4.14246014,1709.09543
0.00818946262,0.00912036556,-0.00023028255,0.000248328412,-0.00136234499,-0.378662727,1704.06671
0.00821223418,0.136367278,0.000970137169,0.00191895696,0.00533004972,-5.26757306,1701.56823
0.00821641231,0.00817490128,-0.000204688531,0.00019751375,-0.00140369891,-0.346423706,1703.836
0.00824155419,0.00729285993,-0.000180805476,0.000155566484,-0.00144244503,-0.315452294,1703.60968
0.00824535994,0.040914044,-0.0008221476,0.00485297518,-7.06916357e-05,-1.31360765,1707.84523
0.00825958505,0.13502937,0.00101801734,0.00224218665,0.00522157202,-5.21568923,1702.77052
0.00826500952,0.00646998704,-0.000158607501,0.000121151438,-0.0014787412,-0.285706258,1703.38842
0.00828689143,0.0057023135,-0.000138051315,9.31104863e-05,-0.00151273623,-0.257150678,1703.1728
0.00830730548,0.00498613648,-0.000119080358,7.04433828e-05,-0.00154457036,-0.229756557,1702.96334
0.00830792815,0.102249575,0.000578348282,0.00987840728,0.00274346491,-3.98117242,1709.08414
0.00831034068,0.133595261,0.00106147146,0.00260233481,0.0051070171,-5.16258843,1703.92349
0.00832635013,0.00431800152,-0.000101628262,5.22897047e-05,-0.00157437571,-0.20349822,1702.76048
0.00834001146,0.0378358195,-0.000814658287,0.00424620849,-0.000203922606,-1.21394255,1707.67635
0.00834411724,0.00369468589,-8.56216798e-05,3.79122673e-05,-0.00160227676,-0.178352304,1702.56457
0.00835470156,0.0696352464,-0.000506208255,0.00991191932,0.00119092692,-2.45135933,1708.75865
0.00836069251,0.00311318307,-7.0982562e-05,2.66813296e-05,-0.00162839072,-0.15429509,1702.3759
0.00836474587,0.132058033,0.00109944806,0.00300085337,0.00498636258,-5.10800875,1704.9996
0.00837615589,0.0025706882,-5.76301376e-05,1.80625808e-05,-0.001652828,-0.131307691,1702.19467
0.00839058196,0.00206458457,-4.54824954e-05,1.15979565e-05,-0.00167569252,-0.109355425,1702.02102
0.00840404032,0.00159243101,-3.4457883e-05,6.9161575e-06,-0.00169708212,-0.0884990039,1701.855
0.00841659587,0.00115195011,-2.44755454e-05,3.6758134e-06,-0.00171708887,-0.068668419,1701.69664
0.00842306305,0.13041027,0.00113079355,0.00343864939,0.00485964145,-5.05152353,1705.97188
0.00842830918,0.000741017226,-1.54561218e-05,1.73586577e-06,-0.0017357994,-0.0501383883,1701.54587
0.00842831363,0.0349640862,-0.000798227383,0.00369370675,-0.000330107441,-1.12594944,1707.49765
0.0084371989,0.0984584434,0.000445926571,0.0103415322,0.00257834129,-3.82003809,1709.06631
0.00843923675,0.000357650242,-7.3222202e-06,3.86158458e-07,-0.0017532952,-0.0303903618,1701.40259
0.00844943128,0,0,0,-0.00176964889,-0.0199418939,1701.26665
0.00848557352,0.128644026,0.00115427617,0.00391586529,0.00472694483,-4.99240655,1706.81697
0.00851069239,0.0322849924,-0.000774327781,0.00319614153,-0.000449366223,-1.04613962,1707.30961
0.00851731999,0.0646303672,-0.000636193078,0.0092377621,0.000987816402,-2.23819243,1708.66789
0.00855257878,0.12675078,0.00116855618,0.00443174894,0.00458842144,-4.92982113,1707.51869
0.00857576484,0.0943947116,0.000300072687,0.0106904631,0.00240534051,-3.62189993,1709.04301
0.00858754507,0.0297856156,-0.00074470254,0.00275148666,-0.000561883859,-0.974278763,1707.1128
0.00862440203,0.124721401,0.00117228249,0.00498426114,0.00444427212,-4.86241948,1708.0709
0.00865924238,0.0274539002,-0.000710652354,0.00235729671,-0.000667892464,-0.908496875,1706.90787
0.00866902977,0.0599612217,-0.000736177748,0.00850222719,0.000791334292,-2.0273618,1708.56634
0.00870138972,0.1225461,0.00116394922,0.00557011401,0.00429473835,-4.78918813,1708.47909
0.00872429432,0.0900387783,0.000137865541,0.0109083822,0.00222234315,-3.43403441,1709.01362
0.00872613014,0.0252785992,-0.000673451459,0.00201005418,-0.000767656221,-0.848187017,1706.69556
0.00878391319,0.120214384,0.00114223889,0.00618392148,0.00414008182,-4.70800027,1708.75959
0.00878853098,0.0232492201,-0.000634121929,0.00170608532,-0.000861459015,-0.79229497,1706.4767
0.00881056267,0.0556052884,-0.000814334116,0.00773238186,0.000601828147,-1.85213311,1708.45378
0.0088467459,0.0213559743,-0.000593572208,0.0014414373,-0.000949594369,-0.740252329,1706.25217
0.00887237048,0.117715008,0.00110546481,0.00681893436,0.0039805553,-4.61849788,1708.93642
0.00888350378,0.0853696328,-3.2369525e-05,0.0109818028,0.00202656863,-3.19802568,1708.97638
0.00890105569,0.0195897299,-0.00055254303,0.00121223226,-0.001032358,-0.691435953,1706.02293
0.00894260136,0.0515415566,-0.000868592144,0.00696750367,0.000419708439,-1.68792957,1708.33009
0.0089517223,0.0179419674,-0.000511655191,0.00101467931,-0.00111004244,-0.645423187,1705.78997
0.00895660089,0.15,0,0,0.00750346405,-5.97453281,1685
0.00896718827,0.115035914,0.00105268407,0.0074648787,0.00381635898,-4.51714515,1709.03658
0.00896946832,0.14964235,4.44431409e-05,2.57401058e-06,0.00746775303,-5.95467407,1685.47273
0.00898326097,0.149258983,9.1038583e-05,9.06275658e-06,0.00742935553,-5.92291136,1685.97943
0.00899804539,0.14884805,0.000139819714,1.93163943e-05,0.00738805672,-5.89923845,1686.5225
0.00899899014,0.0164047389,-0.000471407401,0.000845202992,-0.00118293291,-0.60183498,1705.55433
0.00901389287,0.148407569,0.000190792265,3.56411544e-05,0.00734364529,-5.8727576,1687.10445
0.00903087987,0.147935415,0.000243935865,5.85281855e-05,0.00729589785,-5.84450979,1687.72787
0.00904308719,0.0149706296,-0.000432197732,0.000700464566,-0.00125130485,-0.560388513,1705.31704
0.00904908831,0.147429312,0.000299207326,8.91205274e-05,0.00724457913,-5.81438313,1688.39542
0.00905416114,0.0803647536,-0.00021204579,0.0108209371,0.00181464136,-2.94009003,1708.92861
0.00906578273,0.0477504251,-0.000904323141,0.00622299393,0.000245353459,-1.54847178,1708.1953
0.00906860602,0.146886817,0.000356534483,0.000128587266,0.00718944248,-5.78256352,1689.10978
0.00906882391,0.112164181,0.000981863148,0.00811090573,0.00364758866,-4.40607703,1709.08542
0.00908422616,0.0136327222,-0.000394333587,0.000577399858,-0.00131542218,-0.520851759,1705.07914
0.00908952714,0.146305314,0.000415811554,0.00017827777,0.00713023062,-5.74898023,1689.87351
0.0091119526,0.145681998,0.000476893826,0.000239666907,0.00706667681,-5.71362062,1690.68899
0.00912260547,0.0123845633,-0.000358045442,0.000473223307,-0.00137553647,-0.483046249,1704.84165
0.00913599055,0.145013864,0.000539593116,0.000314374581,0.00699850649,-5.67645353,1691.55827
0.00915841024,0.0112201325,-0.000323497759,0.000385428678,-0.0014318865,-0.446831027,1704.60556
0.00916175694,0.144297686,0.00060367236,0.000404162487,0.0069254394,-5.63747014,1692.48281
0.00917776764,0.109085956,0.000893133835,0.00873977216,0.00347416012,-4.27813098,1709.10352
0.00918070093,0.0442136074,-0.000922199152,0.00551763698,7.90312758e-05,-1.42130661,1708.04953
0.00918937606,0.143530013,0.000668838283,0.000510938258,0.00684719235,-5.59670709,1693.46321
0.00919181319,0.0101338132,-0.000290799605,0.000311778385,-0.00148469832,-0.412096684,1704.37177
0.00921898113,0.14270714,0.00073473479,0.000636747235,0.00676348262,-5.55422148,1694.4989
0.00922297543,0.00912036556,-0.000260013615,0.000250289134,-0.00153418547,-0.378757675,1704.14119
0.00923708958,0.075,-0.000399851707,0.0104584019,0.00158265854,-2.70927748,1708.86644
0.00925071494,0.141825099,0.00080093583,0.000783761002,0.00667403217,-5.51008752,1695.58767
0.00925204726,0.00817490128,-0.000231164295,0.000199213895,-0.00158054943,-0.346747911,1703.91461
0.00927916892,0.00729285993,-0.000204245373,0.000157022347,-0.00162398009,-0.31601478,1703.69276
0.00928473056,0.140879634,0.000866938173,0.000954257017,0.00657857263,-5.46440177,1696.72512
0.00928791028,0.040914044,-0.000925845431,0.00485825671,-7.9113354e-05,-1.31107818,1707.89302
0.00929454493,0.105786393,0.000783560248,0.00933688576,0.00329573739,-4.14189857,1709.10424
0.00930447122,0.00646998704,-0.000179225815,0.000122380732,-0.00166465632,-0.286515671,1703.47629
0.00932119206,0.139866187,0.000932154196,0.00115059068,0.006476851,-5.41727751,1697.90419
0.00932807622,0.0057023135,-0.000156055191,9.41319653e-05,-0.00170274659,-0.258215828,1703.26578
0.00935009776,0.00498613648,-0.000134668308,7.12765364e-05,-0.00173840946,-0.231085412,1703.06171
0.00936027532,0.138779867,0.000995904915,0.00137515599,0.00636863637,-5.36883454,1699.11448
0.00937064206,0.00431800152,-0.00011498897,5.2954462e-05,-0.00177179422,-0.205097817,1702.86448
0.00938792788,0.0378358195,-0.000916862157,0.00425183061,-0.000229058745,-1.2115009,1707.72608
0.00938980823,0.00369468589,-9.69331479e-05,3.84287518e-05,-0.00180304135,-0.180228882,1702.67441
0.00940216884,0.137615437,0.0010574136,0.00163033301,0.00625372709,-5.31918228,1700.34178
0.00940768871,0.00311318307,-8.04116699e-05,2.70696373e-05,-0.00183228308,-0.156454099,1702.49172
0.00941971906,0.102249575,0.000655785469,0.00987516826,0.0031116172,-3.98103878,1709.09487
0.00942001801,0.0696352464,-0.000570423562,0.00991178998,0.00134370608,-2.44972519,1708.79047
0.00942436974,0.0025706882,-6.53324435e-05,1.83424367e-05,-0.00185964383,-0.133753022,1702.31658
0.00943993179,0.00206458457,-5.16022606e-05,1.17887988e-05,-0.00188524068,-0.112090562,1702.14907
0.00944707472,0.136367278,0.00111580023,0.00191842021,0.00613195874,-5.26839608,1701.56779
0.00945444992,0.00159243101,-3.91282829e-05,7.03593812e-06,-0.00190918375,-0.0915209233,1701.9892
0.00946799415,0.00115195011,-2.78190546e-05,3.74255968e-06,-0.00193157663,-0.0719802783,1701.83695
0.00948062982,0.000741017226,-1.75850455e-05,1.76272684e-06,-0.00195251675,-0.0537234424,1701.69221
0.00948123619,0.0349640862,-0.000897867113,0.00369957903,-0.000370890276,-1.12348062,1707.54916
0.00949241787,0.000357650242,-8.33954005e-06,4.07329821e-07,-0.0019720957,-0.0342740363,1701.55485
0.00949520953,0.13502937,0.00117007767,0.00224154778,0.00600321219,-5.21648296,1702.7702
0.00950341516,0,0,0,-0.00199039527,-0.0239916275,1701.42469
0.00954680547,0.133595261,0.00121914888,0.00260157327,0.0058674216,-5.1633454,1703.92332
0.0095538938,0.0984584434,0.000505374849,0.0103383539,0.00292066057,-3.81881789,1709.07936
0.00956828525,0.0322849924,-0.000870569493,0.00320212864,-0.000504780826,-1.04376361,1707.36276
0.00959067538,0.0646303672,-0.000715726419,0.00923868074,0.00111320152,-2.23555671,1708.70407
0.0096021114,0.132058033,0.00126180884,0.00299994781,0.00572458165,-5.10872623,1704.99968
0.00964949494,0.0297856156,-0.000836901153,0.00275750244,-0.000630970252,-0.971952431,1707.16749
0.00966139408,0.13041027,0.00129674386,0.00343757244,0.00557475329,-5.05218784,1705.97226
0.00969771634,0.0943947116,0.000339881464,0.0106876756,0.00272114346,-3.6206177,1709.0588
0.00972493947,0.128644026,0.00132254914,0.0039145938,0.00541806674,-4.99302395,1706.81776
0.009725257,0.0274539002,-0.000798342271,0.00236324084,-0.000749746369,-0.90628263,1706.96406
0.00974988484,0.0599612217,-0.000827382478,0.00850407046,0.000890871216,-2.02505848,1708.60664
0.00979305408,0.12675078,0.0013377177,0.00443024582,0.0052547208,-4.93035883,1707.51999
0.00979593683,0.0252785992,-0.000756308156,0.00201585694,-0.00086142871,-0.846077032,1706.75325
0.0098518804,0.0900387783,0.000156145855,0.0109066072,0.00251073825,-3.43226361,1709.03265
0.00986187537,0.0232492201,-0.000711948672,0.00171167848,-0.000966355009,-0.790322554,1706.53593
0.00986606645,0.124721401,0.00134071023,0.00498250883,0.0050849764,-4.8629144,1708.07282
0.00989841432,0.0556052884,-0.000914201971,0.00773537588,0.000676978532,-1.84924426,1708.49789
0.00992339068,0.0213559743,-0.000666273175,0.00144677212,-0.00106487079,-0.73842423,1706.31305
0.00994432875,0.1225461,0.00132986963,0.00556805897,0.00490914316,-4.78955375,1708.48177
0.00998077945,0.0195897299,-0.000620108725,0.00121726748,-0.00115732136,-0.689772283,1706.08559
0.0100171296,0.0853696328,-3.6153068e-05,0.0109796645,0.00228638771,-3.19629428,1708.9992
0.0100282185,0.120214384,0.00130367769,0.00618156918,0.00472755602,-4.70835818,1708.76315
0.0100343185,0.0179419674,-0.000574144035,0.00101938672,-0.00124404597,-0.643935209,1705.8546
0.0100369803,0.0515415566,-0.000974319999,0.00697141652,0.000471878911,-1.68523713,1708.37767
0.0100842661,0.0164047389,-0.000528932729,0.000849562661,-0.00132537385,-0.600537309,1705.62114
0.0101181403,0.117715008,0.00126035262,0.00681620092,0.00454054153,-4.61862776,1708.94102
0.0101308632,0.0149706296,-0.000484914957,0.000704465654,-0.00140162155,-0.559293037,1705.38629
0.010166251,0.0477504251,-0.00101354518,0.0062278194,0.00027590626,-1.54546435,1708.24602
0.0101743344,0.0136327222,-0.000442430003,0.000581038484,-0.00147309136,-0.51997074,1705.1511
0.010194261,0.0803647536,-0.000238580397,0.0108196735,0.00204438515,-2.93939279,1708.95583
0.0102145279,0.115035914,0.00119873952,0.00746182726,0.00434836867,-4.5173669,1709.04241
0.0102148896,0.0123845633,-0.000401731235,0.000476501967,-0.0015400705,-0.482391238,1704.91662
0.0102527242,0.0112201325,-0.000362998576,0.00038835494,-0.0016028309,-0.44641345,1704.68385
0.0102601588,0.15,0,0,0.00859553014,-5.97603457,1685
0.0102732311,0.14964235,5.08493249e-05,2.56280002e-06,0.00855324868,-5.95596006,1685.4727
0.0102868501,0.0442136074,-0.00103288104,0.00552314536,8.92844743e-05,-1.41841514,1708.10308
0.0102872432,0.149258983,0.000104172194,9.09092426e-06,0.00850780814,-5.92396575,1685.97936
0.0102880209,0.0101338132,-0.000326350151,0.000314364163,-0.00166162938,-0.411926607,1704.45373
0.010302263,0.14884805,0.00015999523,1.93231552e-05,0.00845896184,-5.90033803,1686.52239
0.0103178462,0.112164181,0.00111682494,0.00810740424,0.00415118908,-4.40588405,1709.09272
0.0103183627,0.148407569,0.000218312055,3.56482783e-05,0.00840646506,-5.87392419,1687.1043
0.0103209498,0.00912036556,-0.000291852507,0.000252549845,-0.00171670802,-0.378845257,1704.22713
0.01033562,0.147935415,0.00027909116,5.85392826e-05,0.00835005952,-5.84570321,1687.72767
0.0103516698,0.00817490128,-0.000259530073,0.000201167646,-0.0017682948,-0.347103261,1704.00485
0.0103541183,0.147429312,0.000342274336,8.91346575e-05,0.00828947368,-5.81559238,1688.39518
0.0103739466,0.146886817,0.00040777115,0.000128601871,0.00822442338,-5.78378374,1689.10949
0.0103803291,0.00729285993,-0.000229373025,0.000158689438,-0.00181660422,-0.316647186,1703.78762
0.0103841289,0.075,-0.000449189461,0.0104575343,0.00178044896,-2.70710485,1708.89869
0.0103952007,0.146305314,0.000475453345,0.000178289355,0.00815461278,-5.75020141,1689.87316
0.0103993593,0.040914044,-0.00103628146,0.00486436331,-8.78898226e-05,-1.30804586,1707.94909
0.0104070659,0.00646998704,-0.000201344041,0.000123783096,-0.00186183805,-0.287433981,1703.57606
0.0104179831,0.145681998,0.000545150418,0.000239669302,0.0080797359,-5.71482408,1690.6886
0.0104285936,0.109085956,0.00101453807,0.0087360043,0.00394895358,-4.278212,1709.11247
0.0104320091,0.0057023135,-0.000175384397,9.5292662e-05,-0.00190418599,-0.259427962,1703.37072
0.0104424037,0.145013864,0.000616643969,0.000314359229,0.00799947848,-5.67763651,1691.55782
0.0104552791,0.00498613648,-0.000151419004,7.22193702e-05,-0.00194382643,-0.232598413,1703.17203
0.0104685802,0.144297686,0.000689658078,0.000404122076,0.00791352066,-5.63864293,1692.4823
0.0104769881,0.00431800152,-0.000129360678,5.37035931e-05,-0.00198092707,-0.206917744,1702.98037
0.0104966389,0.143530013,0.000763850885,0.0005108662,0.00782154018,-5.59786956,1693.46265
0.0104972409,0.00369468589,-0.000109113721,3.90083445e-05,-0.00201564559,-0.182360598,1702.79599
0.0105043212,0.0378358195,-0.00102566454,0.00425833752,-0.000255648074,-1.20856295,1707.78442
0.0105161351,0.00311318307,-9.05769212e-05,2.75035699e-05,-0.00204813024,-0.158901317,1702.6191
0.0105267151,0.14270714,0.000838808515,0.00063663575,0.00772321654,-5.55537038,1694.4983
0.0105337618,0.0025706882,-7.36460427e-05,1.86539145e-05,-0.00207852039,-0.136517742,1702.4498
0.0105473043,0.105786393,0.000889129755,0.00933269838,0.00374132922,-4.14121213,1709.11509
0.0105502061,0.00206458457,-5.82158743e-05,1.20003562e-05,-0.00210694707,-0.115174042,1702.28813
0.010558954,0.141825099,0.000914037595,0.000783600925,0.00761823586,-5.5112198,1695.58702
0.0105655473,0.00159243101,-4.41818941e-05,7.16834012e-06,-0.00213353346,-0.0949183696,1702.13407
0.0105739969,0.0696352464,-0.000639858274,0.00991140142,0.0015095599,-2.44773284,1708.82799
0.0105798594,0.00115195011,-3.14414416e-05,3.81607295e-06,-0.00215839533,-0.0756919049,1701.98754
0.0105932114,0.000741017226,-1.98944343e-05,1.7929585e-06,-0.00218164149,-0.0577340511,1701.84842
0.010593511,0.140879634,0.000988957029,0.000954037714,0.00750629679,-5.46551434,1696.72444
0.0106022421,0.0349640862,-0.00100390271,0.00370637812,-0.000414133199,-1.12052452,1707.60955
0.0106056678,0.000357650242,-9.44440594e-06,4.29213169e-07,-0.0022033742,-0.0385991769,1701.71655
0.0106172886,0,0,0,-0.00222368491,-0.0284843448,1701.59172
0.0106305528,0.139866187,0.00106289001,0.0011502998,0.00738711721,-5.41836703,1697.90349
0.0106702582,0.138779867,0.00113505644,0.0013747792,0.00726044198,-5.36989725,1699.11378
0.0106745508,0.102249575,0.000743134593,0.00987093824,0.00352757506,-3.98082752,1709.10803
0.0106935944,0.0322849924,-0.000972962848,0.00320906237,-0.00056357871,-1.04091261,1707.42503
0.0107128184,0.137615437,0.00120456608,0.00162985374,0.00712605137,-5.32021402,1700.34112
0.0107511283,0.0646303672,-0.000801490355,0.00923956162,0.00124910988,-2.23240521,1708.74666
0.0107584391,0.136367278,0.00127041282,0.00191781929,0.00698377019,-5.26939193,1701.56721
0.0107788187,0.0297856156,-0.00093497434,0.0027644678,-0.0007042867,-0.969169368,1707.23152
0.01080734,0.13502937,0.00133147078,0.00224080356,0.0068334771,-5.21743787,1702.76974
0.0108109469,0.0984584434,0.000572363315,0.0103341221,0.00330646151,-3.81734074,1709.09527
0.010858326,0.0274539002,-0.000891608973,0.00237012149,-0.000836607432,-0.903630706,1707.0298
0.0108597571,0.133595261,0.00138649232,0.0026006607,0.00667511384,-5.16425252,1703.92306
0.0109159433,0.132058033,0.00143411,0.00299883996,0.00650869342,-5.1095808,1704.99968
0.0109163775,0.0599612217,-0.000925610505,0.00850605119,0.000998631065,-2.02227143,1708.65398
0.0109324998,0.0252785992,-0.000844430703,0.00202256995,-0.000960921944,-0.843553776,1706.8207
0.0109571506,0.0943947116,0.000384691005,0.0106838623,0.00307611353,-3.61917636,1709.07797
0.0109761695,0.13041027,0.00147283948,0.00343623727,0.00633430664,-5.05297861,1705.97263
0.011001698,0.0232492201,-0.000794724238,0.00171814483,-0.00107762749,-0.78796214,1706.60513
0.0110407263,0.128644026,0.00150109423,0.00391300112,0.00615212549,-4.99375113,1706.81862
0.0110662542,0.0213559743,-0.000743605252,0.00145293429,-0.00118712684,-0.736237199,1706.38409
0.0110705415,0.0556052884,-0.00102157817,0.00773871737,0.000758273263,-1.8457999,1708.54963
0.011109925,0.12675078,0.0015171877,0.00442835458,0.00596240211,-4.93099756,1707.52144
0.011113867,0.0900387783,0.000176778368,0.0109039379,0.00283398821,-3.43001089,1709.05565
0.01112648,0.0195897299,-0.000691991315,0.00122307778,-0.00128981956,-0.687780083,1706.15863
0.0111826657,0.0179419674,-0.000640642404,0.0010248122,-0.00138609583,-0.64215167,1705.92981
0.0111840995,0.124721401,0.00151938538,0.00498029299,0.00576546143,-4.8634862,1708.07501
0.0112143641,0.0515415566,-0.00108786851,0.00697583734,0.000528313731,-1.68200867,1708.43343
0.0112350825,0.0164047389,-0.00059016946,0.000854580524,-0.00147633275,-0.598978546,1705.69875
0.0112636074,0.1225461,0.00150586495,0.00556546322,0.00556168558,-4.78999189,1708.48483
0.0112818521,0.0853696328,-4.02725661e-05,0.0109765461,0.00257674172,-3.19418879,1709.02666
0.011283983,0.0149706296,-0.000541056509,0.000709063575,-0.00156089148,-0.557972771,1705.46654
0.0113296032,0.0136327222,-0.00049367587,0.000585212506,-0.00164011579,-0.518902712,1705.23429
0.0113485388,0.0477504251,-0.00113069988,0.00623331656,0.000309022189,-1.54188553,1708.30541
0.0113488323,0.120214384,0.00147490315,0.00617859046,0.00535148739,-4.70875207,1708.76723
0.0113721632,0.0123845633,-0.000448304583,0.000480255629,-0.00171433141,-0.481588231,1705.00304
0.0114118682,0.0112201325,-0.000405138427,0.000391697736,-0.00178384595,-0.445887233,1704.7738
0.0114401853,0.117715008,0.00142461158,0.00681275707,0.00513527187,-4.61879451,1708.94629
0.0114489097,0.0101338132,-0.000364304372,0.000317310778,-0.00184894932,-0.411688588,1704.54753
0.0114619161,0.0803647536,-0.000267994694,0.0108176207,0.00230032506,-2.93841823,1708.98843
0.0114737129,0.0442136074,-0.00115148662,0.00552944646,0.000100561062,-1.41495569,1708.16572
0.0114834665,0.00912036556,-0.00032587271,0.000255119146,-0.00190991423,-0.378906905,1704.32508
0.0115157051,0.00817490128,-0.000289867454,0.000203381725,-0.00196699707,-0.347474593,1704.10726
0.011538107,0.115035914,0.00135361656,0.00745797823,0.00491338111,-4.51757293,1709.04909
0.0115457811,0.00729285993,-0.000256274567,0.000160572912,-0.00202043866,-0.317337005,1703.89474
0.0115738396,0.00646998704,-0.000225049793,0.000125362363,-0.00207046521,-0.28845046,1703.68815
0.0115904902,0.040914044,-0.00115451184,0.0048713678,-9.70367588e-05,-1.30443861,1708.01463
0.0116000159,0.0057023135,-0.000196125336,9.65953856e-05,-0.00211728912,-0.260778288,1703.48797
0.0116244362,0.00498613648,-0.000169415483,7.32739174e-05,-0.00216110986,-0.234288588,1703.29462
0.0116430698,0.112164181,0.00125993139,0.00810301977,0.0046860261,-4.40567391,1709.10105
0.0116472184,0.00431800152,-0.000144821356,5.45385523e-05,-0.00220211476,-0.208952445,1703.10842
0.0116549275,0.075,-0.000503684868,0.0104560607,0.00200006888,-2.70438476,1708.93716
0.0116684724,0.00369468589,-0.000122234909,3.96520758e-05,-0.00224047976,-0.184743057,1702.9296
0.0116883006,0.00311318307,-0.000101542273,2.79838431e-05,-0.00227637011,-0.16163337,1702.7583
0.0116994339,0.0378358195,-0.0011420559,0.00426581366,-0.000283870006,-1.20505591,1707.85256
0.0117067987,0.0025706882,-8.26265376e-05,1.89974938e-05,-0.00230994106,-0.139599433,1702.59458
0.0117240559,0.00206458457,-6.53700318e-05,1.22329228e-05,-0.00234133844,-0.118604402,1702.43847
0.0117401555,0.00159243101,-4.9656165e-05,7.31354009e-06,-0.00237069922,-0.0986910829,1702.28989
0.0117551751,0.00115195011,-3.53707519e-05,3.8964623e-06,-0.00239815209,-0.0798046686,1702.14875
0.0117555798,0.109085956,0.00114325661,0.0087312802,0.00445319489,-4.27825379,1709.12266
0.0117691872,0.000741017226,-2.24029025e-05,1.82706638e-06,-0.00242381789,-0.0621739021,1702.01489
0.0117822593,0.000357650242,-1.06461488e-05,4.51596216e-07,-0.00244781013,-0.0433660636,1701.88813
0.0117944545,0,0,0,-0.00247023055,-0.0334159982,1701.76826
0.0118010696,0.0349640862,-0.00111725584,0.00371419596,-0.000460152065,-1.11700944,1707.68003
0.0118479389,0.0696352464,-0.000716303331,0.00991061268,0.00169313353,-2.44522877,1708.8726
0.0118761799,0.105786393,0.00100108876,0.00932746823,0.0042145579,-4.14047615,1709.12742
0.0118958874,0.0322849924,-0.00108236015,0.00321703891,-0.00062618887,-1.03751567,1707.49765
0.0118963478,0.15,0,0,0.00996626056,-5.97614197,1685
0.01190902,0.14964235,5.8972889e-05,2.59820807e-06,0.00991519409,-5.95664432,1685.47265
0.0119226033,0.149258983,0.000120768659,9.08703474e-06,0.00986034386,-5.92519028,1685.97926
0.0119371634,0.14884805,0.00018541787,1.93709006e-05,0.00980142246,-5.90153431,1686.52223
0.0119527704,0.148407569,0.000252912292,3.57106692e-05,0.00973814218,-5.87519438,1687.10407
0.0119694996,0.147935415,0.000323212893,5.86133923e-05,0.00967020002,-5.84701124,1687.72738
0.0119843447,0.0297856156,-0.00103970684,0.0027724798,-0.00078235546,-0.965860816,1707.30616
0.0119874318,0.147429312,0.000396249019,8.92101619e-05,0.0095972781,-5.81693666,1688.39482
0.0120054517,0.102249575,0.000835767921,0.00986562416,0.00396933436,-3.98055758,1709.12294
0.0120066533,0.146886817,0.000471911688,0.000128672655,0.00951904453,-5.78514343,1689.10904
0.012027257,0.146305314,0.000550047124,0.000178346718,0.00943515469,-5.75155056,1689.87264
0.0120280029,0.0646303672,-0.000895540832,0.00924031008,0.0013991153,-2.22858983,1708.79712
0.0120493421,0.145681998,0.000630449721,0.000239703217,0.00934525311,-5.71614619,1690.688
0.0120668681,0.0274539002,-0.000991172274,0.00237803432,-0.000929074259,-0.900474572,1707.10636
0.0120730153,0.145013864,0.000712854605,0.000314361395,0.00924897585,-5.67893926,1691.55714
0.0120983907,0.144297686,0.00079693082,0.000404084579,0.00914595375,-5.63993144,1692.48153
0.0121255907,0.143530013,0.000882273742,0.00051077932,0.00903581642,-5.59914256,1693.4618
0.0121438558,0.0252785992,-0.000938477802,0.00203028526,-0.00106679653,-0.8405537,1706.89917
0.0121440187,0.0984584434,0.00064351511,0.0103287053,0.00371619837,-3.81567651,1709.11326
0.0121547465,0.14270714,0.000968395596,0.000636487992,0.00891819718,-5.55662424,1694.49737
0.0121859987,0.141825099,0.00105471659,0.000783378672,0.00879273899,-5.51245097,1695.58602
0.012195988,0.0599612217,-0.00103305877,0.00850812083,0.0011172844,-2.01884188,1708.70994
0.0122156791,0.0232492201,-0.000883050251,0.00172557138,-0.00119598703,-0.785153488,1706.68555
0.0122194982,0.140879634,0.00114055604,0.000953725126,0.00865910144,-5.46671904,1696.72339
0.0122554064,0.139866187,0.00122512368,0.00114987853,0.00851696884,-5.4195411,1697.90241
0.0122826843,0.0213559743,-0.000826117329,0.00146000456,-0.0013171128,-0.733634638,1706.46655
0.0122925493,0.0943947116,0.000432353365,0.0106788477,0.00345311601,-3.61769421,1709.09962
0.0122938966,0.138779867,0.00130751148,0.00137422809,0.00836605929,-5.37103608,1699.11269
0.0123351544,0.137615437,0.00138668647,0.00162914854,0.00820613469,-5.32131253,1700.34007
0.0123451948,0.0195897299,-0.000768691237,0.00122973693,-0.00143063386,-0.685406717,1706.24327
0.0123527044,0.0556052884,-0.0011387052,0.00774240204,0.00084762311,-1.84163092,1708.61066
0.0123793788,0.136367278,0.00146148501,0.00191693228,0.00803701142,-5.27044431,1701.56625
0.012403512,0.0179419674,-0.000711606441,0.00103102208,-0.00153699707,-0.640024051,1706.01682
0.0124267832,0.13502937,0.00153060914,0.00223970346,0.00785857124,-5.21843784,1702.76895
0.01245176,0.0900387783,0.000198881699,0.0109001103,0.00317731625,-3.42734786,1709.08158
0.0124579172,0.0164047389,-0.000655533344,0.000860315314,-0.00163663244,-0.597114437,1705.78834
0.0124775962,0.133595261,0.00159262567,0.00259931212,0.00767077196,-5.16519243,1703.92253
0.0124989081,0.0515415566,-0.00121145445,0.00698079868,0.000590286972,-1.67804928,1708.49907
0.0125086728,0.0149706296,-0.000601001323,0.000714309576,-0.0017299502,-0.556387728,1705.55898
0.0125320628,0.132058033,0.00164596903,0.00299720432,0.007473657,-5.11045374,1704.99953
0.0125560237,0.0136327222,-0.000548416568,0.000589966001,-0.00181733959,-0.517612151,1705.32984
0.0125904459,0.13041027,0.00168894774,0.00343427084,0.00726736272,-5.05377359,1705.97299
0.0126001982,0.0123845633,-0.000498080251,0.000484521541,-0.00189916842,-0.480605994,1705.102
0.0126224188,0.0853696328,-4.448285e-05,0.0109721548,0.00288515245,-3.19167129,1709.05759
0.0126353042,0.0477504251,-0.00125792984,0.0062395494,0.000345444325,-1.53754972,1708.37521
0.0126414094,0.0112201325,-0.000450203677,0.000395488266,-0.00197578316,-0.445224879,1704.87646
0.012653027,0.128644026,0.00171975882,0.00391066031,0.00705212226,-4.99446386,1706.81962
0.0126798562,0.0101338132,-0.000404922577,0.000320643985,-0.00204750963,-0.41135873,1704.65417
0.0127157238,0.00912036556,-0.000362310703,0.000258017894,-0.00211465372,-0.378921624,1704.43599
0.012720108,0.12675078,0.00173650115,0.00442558677,0.00682826416,-4.93160694,1707.52325
0.0127491855,0.00817490128,-0.00032239063,0.000205872829,-0.00217750248,-0.347843349,1704.22269
0.0127625507,0.0442136074,-0.00128005014,0.0055366286,0.000113163797,-1.41074296,1708.23923
0.0127804024,0.00729285993,-0.000285143251,0.000162685922,-0.00223632512,-0.318068589,1704.01493
0.0127920124,0.124721401,0.00173721634,0.00497705792,0.00659620363,-4.86400318,1708.07779
0.0128053486,0.0803647536,-0.000299043069,0.0108144631,0.00257221263,-2.93716845,1709.02513
0.0128095253,0.00646998704,-0.000250516513,0.000127128829,-0.00229137408,-0.289552344,1703.81328
0.0128366946,0.0057023135,-0.000218432688,9.80481201e-05,-0.00234288612,-0.262256482,1703.61821
0.0128620414,0.00498613648,-0.000188794589,7.44463198e-05,-0.00239108327,-0.236147614,1703.4301
0.0128690871,0.1225461,0.00171988817,0.00556169658,0.00635642437,-4.79036166,1708.48875
0.0128812614,0.040914044,-0.00128244265,0.00487937559,-0.000106614116,-1.30008208,1708.09144
0.0128856879,0.00431800152,-0.000161490849,5.54640224e-05,-0.00243617382,-0.211195258,1703.24921
0.0129077481,0.00369468589,-0.000136400349,4.03634823e-05,-0.00247835318,-0.187370952,1703.07574
0.0129283285,0.00311318307,-0.000113395926,2.85130935e-05,-0.00251780473,-0.16464607,1702.9098
0.0129475283,0.0025706882,-9.23474457e-05,1.93750972e-05,-0.00255470056,-0.142994824,1702.75141
0.0129517038,0.120214384,0.00168257097,0.00617427762,0.00610944821,-4.7090417,1708.77248
0.0129654402,0.00206458457,-7.31243043e-05,1.24878604e-05,-0.00258920221,-0.122379197,1702.60056
0.0129821505,0.00159243101,-5.55974391e-05,7.47242809e-06,-0.00262146129,-0.102837229,1702.45715
0.0129920088,0.0378358195,-0.0012678021,0.00427437603,-0.000314080978,-1.20081079,1707.93232
0.0129977399,0.00115195011,-3.96407907e-05,3.98428915e-06,-0.00265162013,-0.0843174745,1702.32106
0.013001432,0.075,-0.000561186772,0.010453721,0.00223341472,-2.70109302,1708.98046
0.0130122835,0.000741017226,-2.51323655e-05,1.86506899e-06,-0.00267981229,-0.0670411036,1702.19211
0.0130258516,0.000357650242,-1.1955357e-05,4.74301735e-07,-0.00270616316,-0.0485767342,1702.07012
0.0130385094,0,0,0,-0.00273078542,-0.0387936157,1701.95483
0.0130402611,0.117715008,0.00162325778,0.00680781145,0.00585579054,-4.61884464,1708.95306
0.0130953271,0.0349640862,-0.00123954914,0.00372315491,-0.000509543469,-1.11277735,1707.76242
0.013135186,0.115035914,0.00154034949,0.00745246065,0.00559589824,-4.51761449,1709.05762
0.0131917147,0.0322849924,-0.00120024148,0.00322618205,-0.000693400309,-1.03342307,1707.58245
0.0131975155,0.0696352464,-0.000797025582,0.00990917497,0.00188823162,-2.44221941,1708.92281
0.0132369365,0.112164181,0.00143191469,0.00809679831,0.00533007141,-4.40527602,1709.11161
0.0132816365,0.0297856156,-0.0011524416,0.00278165944,-0.000866117624,-0.961887515,1707.39318
0.0133460033,0.109085956,0.0012973989,0.00872458137,0.00505836188,-4.27805857,1709.1355
0.0133655263,0.0274539002,-0.001098245,0.00238709503,-0.00102820609,-0.896684522,1707.19551
0.0133804453,0.0646303672,-0.000994770205,0.00924066806,0.0015586,-2.2241291,1708.85397
0.0134437886,0.0252785992,-0.00103954108,0.00203911091,-0.00118020144,-0.83695705,1706.9904
0.0134629126,0.105786393,0.00113469147,0.00932010118,0.00478046469,-4.13942043,1709.14289
0.0135168009,0.0232492201,-0.00097790655,0.00173405718,-0.00132264858,-0.781786491,1706.7789
0.013551104,0.0599612217,-0.0011464808,0.00851001071,0.00124351432,-2.01476036,1708.77304
0.0135849155,0.0213559743,-0.000914687183,0.001468072,-0.0014560898,-0.730515838,1706.5621
0.0135882282,0.102249575,0.000945876584,0.00985812045,0.00449557537,-3.98000357,1709.14155
0.0136484609,0.0195897299,-0.00085099372,0.00123732368,-0.00158105533,-0.682560603,1706.34116
0.0136759366,0.15,0,0,0.0114571253,-5.97928561,1685
0.0136880657,0.14964235,6.77527859e-05,2.58070718e-06,0.0113964276,-5.95937641,1685.47258
0.013701067,0.149258983,0.000138734387,9.09842299e-06,0.011331262,-5.92745781,1685.97911
0.0137077436,0.0179419674,-0.000787737931,0.00103808478,-0.00169805729,-0.637469464,1706.11722
0.0137103148,0.0556052884,-0.00126232957,0.00774615772,0.000942777485,-1.83674949,1708.67956
0.0137150032,0.14884805,0.000212965075,1.93326963e-05,0.0112612971,-5.90375926,1686.522
0.0137225545,0.0984584434,0.000727866254,0.0103209669,0.00420228044,-3.81351752,1709.13558
0.0137299414,0.148407569,0.000290427919,3.56496671e-05,0.0111861982,-5.87737487,1687.10376
0.0137459537,0.147935415,0.000371074241,5.85316946e-05,0.0111056138,-5.84913123,1687.72698
0.0137630495,0.0164047389,-0.000725651229,0.000866825431,-0.00180758603,-0.594870395,1705.89149
0.0137631174,0.147429312,0.000454815507,8.91078443e-05,0.0110191754,-5.81899681,1688.39432
0.0137815152,0.146886817,0.00054151841,0.000128546727,0.0109264992,-5.78716275,1689.10844
0.013801236,0.146305314,0.000630997776,0.000178194274,0.0108271876,-5.75356267,1689.87193
0.0138146455,0.0149706296,-0.000665309215,0.000720252659,-0.00191010744,-0.554471443,1705.66511
0.0138223748,0.145681998,0.000723008524,0.000239522373,0.0107208313,-5.71817098,1690.68718
0.0138450335,0.145013864,0.000817238165,0.000314147697,0.0106070124,-5.68096139,1691.55621
0.0138588454,0.0515415566,-0.00134193566,0.0069860356,0.000656414917,-1.67337148,1708.57327
0.0138627803,0.0136327222,-0.000607152252,0.000595339229,-0.00200606199,-0.516040423,1705.43921
0.0138665396,0.0943947116,0.000488659971,0.0106715692,0.00389839047,-3.61594374,1709.12629
0.0138693215,0.144297686,0.00091329887,0.000403828272,0.0104853084,-5.64193314,1692.48049
0.0138953559,0.143530013,0.0010107172,0.000510467762,0.0103552967,-5.60111767,1693.46064
0.0139076861,0.0123845633,-0.000551504904,0.000489332136,-0.00209586456,-0.47939209,1705.21488
0.0139232623,0.14270714,0.00110892431,0.000636106436,0.0102165606,-5.5585691,1694.4961
0.0139495797,0.0112201325,-0.000498592832,0.00039975206,-0.00217990494,-0.444381837,1704.99313
0.0139531754,0.141825099,0.0012072462,0.000782910016,0.0100686966,-5.51436099,1695.58465
0.0139852393,0.140879634,0.00130489378,0.000953149417,0.00991132222,-5.46858877,1696.72194
0.0139886629,0.0101338132,-0.000448559972,0.000324383504,-0.00225854871,-0.410899467,1704.77489
0.0139974124,0.0477504251,-0.00139227487,0.00624626379,0.000384486276,-1.53246982,1708.45419
0.0140196088,0.139866187,0.00140095341,0.00114917257,0.00974408575,-5.4213643,1697.9009
0.0140208779,0.0900387783,0.00022508151,0.0108941543,0.00358090396,-3.42392048,1709.11334
0.0140251244,0.00912036556,-0.000401482468,0.000261261079,-0.00233213835,-0.378856105,1704.561
0.0140564496,0.138779867,0.00149437807,0.00137336498,0.00956667686,-5.37280565,1699.11117
0.0140591401,0.00817490128,-0.000357380029,0.000208651964,-0.00240099456,-0.348180567,1704.35221
0.0140908739,0.00729285993,-0.000316227237,0.000165036306,-0.00246541755,-0.318816357,1704.14915
0.0140959394,0.137615437,0.00158397984,0.00162809728,0.00937883818,-5.32302047,1700.33858
0.0141204789,0.00646998704,-0.000277962928,0.000129087869,-0.00252568835,-0.290716717,1703.95237
0.0141266842,0.0442136074,-0.00141584197,0.00554445699,0.000126959821,-1.40577449,1708.3225
0.0141382687,0.136367278,0.00166842421,0.00191565734,0.00918037774,-5.27208176,1701.56487
0.0141480981,0.0057023135,-0.000242498186,9.96543805e-05,-0.0025820701,-0.263841817,1703.76228
0.0141738645,0.00498613648,-0.00020972321,7.57387313e-05,-0.00263480922,-0.238156523,1703.57923
0.0141836417,0.13502937,0.00174622687,0.00223816455,0.00897118159,-5.2199952,1702.76777
0.0141863138,0.0853696328,-4.91842501e-05,0.0109654298,0.00324586762,-3.1884079,1709.09527
0.0141979024,0.00431800152,-0.000179513112,5.6481192e-05,-0.00268413656,-0.213628572,1703.40345
0.0142203279,0.00369468589,-0.000151732793,4.11430921e-05,-0.00273026842,-0.190227699,1703.2351
0.0142322772,0.133595261,0.0018157538,0.00259746385,0.00875122607,-5.16665917,1703.92165
0.014241249,0.00311318307,-0.000126241003,2.90914227e-05,-0.00277340756,-0.167923596,1703.07425
0.0142472843,0.040914044,-0.00141760123,0.00488817161,-0.000116322738,-1.29497103,1708.17854
0.0142607667,0.0025706882,-0.000102893697,1.97865778e-05,-0.00281374406,-0.146688632,1702.92089
0.0142789751,0.00206458457,-8.15467499e-05,1.27649034e-05,-0.00285145616,-0.126483494,1702.77498
0.0142844099,0.132058033,0.00187522565,0.00299499675,0.00852058869,-5.11181922,1704.99909
0.0142959621,0.00159243101,-6.2058119e-05,7.64472783e-06,-0.002886711,-0.107342158,1702.63641
0.0143118096,0.00115195011,-4.42894311e-05,4.07934517e-06,-0.00291966535,-0.0892159942,1702.50503
0.014326594,0.000741017226,-2.81071909e-05,1.90707017e-06,-0.00295046624,-0.0723215977,1702.38065
0.0143403867,0.000357650242,-1.33838769e-05,4.97207622e-07,-0.00297925156,-0.0542145211,1702.26306
0.0143402911,0.13041027,0.00192272706,0.00343164871,0.00827945653,-5.05502522,1705.97314
0.0143532541,0,0,0,-0.00300614554,-0.0445974964,1702.15202
0.0143597943,0.0378358195,-0.00140069687,0.00428383362,-0.000345652071,-1.19581165,1708.02283
0.0143636453,0.0803647536,-0.000334880429,0.0108093446,0.00288850452,-2.93540027,1709.06961
0.0144001905,0.128644026,0.00195622306,0.00390756627,0.00802813047,-4.99559173,1706.82055
0.0144643969,0.12675078,0.00197358015,0.00442195698,0.00776702334,-4.93259283,1707.52513
0.0144647571,0.0349640862,-0.00136884237,0.00373308652,-0.000561434339,-1.1078079,1707.85601
0.0145332201,0.124721401,0.00197260403,0.00497283594,0.00749664979,-4.86484488,1708.08081
0.0145537278,0.075,-0.000627129619,0.0104498423,0.00250332443,-2.69689013,1709.03266
0.0145626788,0.0322849924,-0.0013249224,0.00323634676,-0.000764167115,-1.02860739,1707.67881
0.014606992,0.1225461,0.00195106498,0.00555681093,0.0072176053,-4.79102006,1708.49309
0.0146540318,0.0297856156,-0.00127173559,0.0027918829,-0.000954413483,-0.957217702,1707.49212
0.0146860684,0.120214384,0.00190679243,0.00616869515,0.00693053144,-4.70954905,1708.77833
0.0147392567,0.0274539002,-0.00121160695,0.0023971998,-0.00113277801,-0.892224342,1707.29689
0.0147438104,0.0696352464,-0.000889149991,0.00990657188,0.00211263648,-2.43838785,1708.98307
0.0147708308,0.117715008,0.00183763829,0.00680144818,0.00663606506,-4.61908836,1708.96063
0.0148187646,0.0252785992,-0.00114660326,0.00204896072,-0.00129988628,-0.832724309,1707.09416
0.014861688,0.115035914,0.00174179133,0.00744535932,0.00633476831,-4.51774507,1709.06715
0.0148929391,0.0232492201,-0.00107845789,0.00174353165,-0.00145636837,-0.777819032,1706.88504
0.0149211419,0.0646303672,-0.00110730021,0.00924031686,0.00174111313,-2.21864862,1708.92194
0.0149590783,0.112164181,0.00161735419,0.00808884076,0.00602703988,-4.40496194,1709.12336
0.0149621378,0.0213559743,-0.00100864101,0.00147707945,-0.00160284648,-0.726836757,1706.67068
0.0150266946,0.0195897299,-0.00093836649,0.00124579217,-0.00173992545,-0.679196513,1706.4523
0.0150634713,0.109085956,0.0014635494,0.0087159916,0.00571300274,-4.27776841,1709.14975
0.0150865778,0.0599612217,-0.00127450098,0.00851155712,0.001387331,-2.00966427,1708.84823
0.0150869208,0.0179419674,-0.000868627331,0.00104596386,-0.00186818678,-0.634442,1706.23109
0.015143107,0.0164047389,-0.000800218814,0.000874082204,-0.0019881849,-0.592200541,1706.00828
0.0151753708,0.105786393,0.00127866605,0.009310689,0.00539238096,-4.13825534,1709.16002
0.0151955241,0.0149706296,-0.000733765041,0.000726870573,-0.00210044478,-0.552178054,1705.78504
0.0152409161,0.0556052884,-0.00140118185,0.00774998227,0.00105079878,-1.83076577,1708.76141
0.015244425,0.0136327222,-0.000669742116,0.00060131512,-0.00220546125,-0.514139412,1705.56254
0.0152900456,0.0123845633,-0.000608498699,0.000494674628,-0.00230369921,-0.47789758,1705.34184
0.0152953163,0.102249575,0.00106449532,0.00984846601,0.00506434773,-3.97921936,1709.16209
0.0153326059,0.0112201325,-0.000550276099,0.000404479487,-0.00239559438,-0.44330986,1705.12397
0.0153723112,0.0101338132,-0.000495226796,0.000328522191,-0.00248155455,-0.41026307,1704.90984
0.0153849011,0.0515415566,-0.00148787908,0.0069916658,0.000731317679,-1.66758302,1708.66118
0.0154093531,0.00912036556,-0.000443428781,0.000264843768,-0.00256196104,-0.378664391,1704.70027
0.0154238865,0.0984584434,0.000818801155,0.0103108782,0.00472739906,-3.81108549,1709.16016
0.0154439101,0.00817490128,-0.000394899009,0.000211715936,-0.00263717026,-0.348441824,1704.49599
0.015476149,0.00729285993,-0.000349605579,0.000167622299,-0.00270751528,-0.319537143,1704.29759
0.0155062252,0.00646998704,-0.000307477926,0.000131238821,-0.00277330747,-0.291901635,1704.10558
0.0155192275,0.0477504251,-0.0015419295,0.00625367756,0.000428758284,-1.52626024,1708.54755
0.0155342839,0.0057023135,-0.000268415639,0.000101414341,-0.00283483792,-0.265493496,1703.92035
0.0155604604,0.00498613648,-0.000232295986,7.71519244e-05,-0.00289237893,-0.240275613,1703.74221
0.0155617015,0.0943947116,0.000549379092,0.0106619423,0.00437918308,-3.61406835,1709.15563
0.015584881,0.00431800152,-0.000198980264,5.7591219e-05,-0.00294618524,-0.216213774,1703.57135
0.0156076633,0.00369468589,-0.000168319127,4.19922604e-05,-0.00299649533,-0.193275812,1703.40789
0.0156289175,0.00311318307,-0.000140157007,2.97202226e-05,-0.00304353246,-0.17142968,1703.25188
0.0156445431,0.0442136074,-0.00156655897,0.00555321874,0.000142918802,-1.39967814,1708.4207
0.0156487458,0.0025706882,-0.000114335744,2.02332294e-05,-0.00308750578,-0.150645938,1703.1033
0.0156672441,0.00206458457,-9.06975082e-05,1.30651553e-05,-0.00312861122,-0.130883941,1702.96207
0.0156845014,0.00159243101,-6.90871184e-05,7.83126639e-06,-0.00316703236,-0.112174167,1702.82805
0.0157006011,0.00115195011,-4.9353734e-05,4.18219234e-06,-0.00320294127,-0.0944705089,1702.70109
0.0157094261,0.0900387783,0.000253569972,0.0108857672,0.00401645512,-3.41992734,1709.14825
0.0157156209,0.000741017226,-3.13522005e-05,1.9531401e-06,-0.00323649921,-0.0779867366,1702.58099
0.015729633,0.000357650242,-1.49440909e-05,5.20263588e-07,-0.00326785733,-0.0602555284,1702.46752
0.0157423249,0.15,0,0,0.0131882586,-5.98022753,1685
0.0157427052,0,0,0,-0.00329715219,-0.0508092252,1702.36044
0.0157534375,0.14964235,7.79767634e-05,2.60105314e-06,0.0131160762,-5.96100421,1685.47248
0.0157614523,0.040914044,-0.00156710918,0.00489808944,-0.00012651901,-1.28874921,1708.28104
0.015765349,0.149258983,0.000159626905,9.06708531e-06,0.0130386139,-5.92972544,1685.9789
0.0157781171,0.14884805,0.000244973308,1.93637648e-05,0.012955489,-5.90595957,1686.52168
0.0157918033,0.148407569,0.000333992043,3.56944617e-05,0.0128663119,-5.8796344,1687.10331
0.0158064735,0.147935415,0.000426619681,5.85863739e-05,0.012770674,-5.8514497,1687.7264
0.0158221987,0.147429312,0.000522746702,8.91614593e-05,0.0126681478,-5.82137667,1688.3936
0.0158390545,0.146886817,0.000622211519,0.000128590497,0.0125582889,-5.78957374,1689.10758
0.0158571223,0.146305314,0.000724792959,0.000178216137,0.0124406379,-5.75596855,1689.87091
0.0158677727,0.0853696328,-5.39738328e-05,0.0109560482,0.00363494089,-3.18455735,1709.13666
0.0158705192,0.0378358195,-0.00154725077,0.00429454483,-0.000379998801,-1.18972014,1708.12913
0.0158764893,0.145681998,0.000830201752,0.000239505727,0.0123147231,-5.72053465,1690.68599
0.0158972489,0.145013864,0.000938070217,0.000314072844,0.012180064,-5.68327551,1691.55485
0.0159195012,0.144297686,0.00104794195,0.00040367702,0.0120361764,-5.64420896,1692.47897
0.0159433536,0.143530013,0.00115926213,0.000510221362,0.0118825776,-5.60335428,1693.45895
0.015968921,0.14270714,0.0012713664,0.00063574377,0.0117187939,-5.56076004,1694.49425
0.0159722697,0.0349640862,-0.0015110276,0.00374435675,-0.000618073685,-1.1017825,1707.96567
0.0159963269,0.141825099,0.00138346979,0.000782406606,0.0115443687,-5.51649992,1695.58265
0.0160257033,0.140879634,0.0014946559,0.000952477101,0.0113588722,-5.47066917,1696.71981
0.0160375053,0.0803647536,-0.000373069601,0.0108018731,0.00322948016,-2.93299473,1709.1185
0.0160571921,0.139866187,0.00160386657,0.00114829888,0.0111619126,-5.42337915,1697.89868
0.0160671946,0.0322849924,-0.00146169001,0.00324789305,-0.000841381838,-1.02277091,1707.79151
0.0160909451,0.138779867,0.00170989258,0.00137225254,0.0109531487,-5.37474727,1699.1089
0.016127125,0.137615437,0.00181136585,0.00162670326,0.0107323032,-5.32488051,1700.33633
0.0161557519,0.0297856156,-0.00140229864,0.00280349394,-0.00105061993,-0.951574797,1707.60759
0.0161659065,0.136367278,0.00190675391,0.00191393302,0.0104991774,-5.27385107,1701.56274
0.0162074766,0.13502937,0.00199435737,0.00223605501,0.0102536656,-5.2216639,1702.76586
0.0162194423,0.075,-0.000697409359,0.0104440089,0.00279415173,-2.69191407,1709.09013
0.0162383686,0.0274539002,-0.0013354274,0.00240866896,-0.00124651845,-0.886839121,1707.41494
0.0162520357,0.133595261,0.00207231142,0.00259490785,0.00999576933,-5.16821647,1703.92012
0.0162997989,0.132058033,0.00213859218,0.00299192701,0.00972560977,-5.11325369,1704.9981
0.0163154433,0.0252785992,-0.00126333493,0.00206012692,-0.00142982074,-0.827621634,1707.2147
0.0163509964,0.13041027,0.00219102923,0.00342799208,0.00944343734,-5.05632403,1705.97289
0.0163873477,0.0232492201,-0.0011879205,0.00175425637,-0.00160126636,-0.773038159,1707.00805
0.0164013794,0.0696352464,-0.000987374251,0.00990237239,0.00235433763,-2.43372349,1709.04956
0.0164058753,0.128644026,0.00222732554,0.003903246,0.00914963628,-4.9967426,1706.82124
0.0164544287,0.0213559743,-0.00111078512,0.001487257,-0.00176157842,-0.722404374,1706.79621
0.0164647002,0.12675078,0.0022450852,0.00441689141,0.00884472236,-4.93357882,1707.52699
0.0165170098,0.0195897299,-0.00103324915,0.00125534147,-0.00191145464,-0.675140601,1706.58043
0.016527755,0.124721401,0.00224185361,0.00496694813,0.00852933101,-4.86565626,1708.08405
0.0165711119,0.0646303672,-0.00122714194,0.00923874208,0.00193766053,-2.21226246,1708.9971
0.0165753928,0.0179419674,-0.000956388495,0.00105482879,-0.0020515617,-0.630785767,1706.36198
0.0165953436,0.1225461,0.00221516074,0.00555001636,0.00820419301,-4.79162587,1708.49791
0.0166298595,0.0164047389,-0.000881062293,0.000882227632,-0.00218253164,-0.588965924,1706.1421
0.0166677922,0.120214384,0.00216260124,0.00616094034,0.00787009479,-4.70995872,1708.78492
0.0166806725,0.0149706296,-0.000807942112,0.000734280177,-0.00230496023,-0.549384296,1705.92202
0.0167280769,0.0136327222,-0.0007375378,0.000607988396,-0.00241940682,-0.511801903,1705.70287
0.0167294586,0.0599612217,-0.00141079785,0.00851221152,0.00154223641,-2.00356794,1708.93159
0.0167454502,0.117715008,0.00208186284,0.00679264862,0.0075278204,-4.61921867,1708.9692
0.0167723013,0.0123845633,-0.000670220287,0.000500624529,-0.00252639499,-0.476032044,1705.48576
0.0168135591,0.0112201325,-0.000606244435,0.000409729826,-0.0026264139,-0.44193011,1705.27169
0.0168286922,0.115035914,0.00197093943,0.00743554177,0.00717807255,-4.5176868,1709.07793
0.0168520493,0.0101338132,-0.000545768237,0.000333105744,-0.00271992003,-0.409378569,1705.06156
0.0168771831,0.0556052884,-0.00154891669,0.00775327878,0.00116724384,-1.8237451,1708.85237
0.0168879575,0.00912036556,-0.000488868714,0.000268800203,-0.00280733905,-0.378283808,1704.85617
0.0169179197,0.112164181,0.0018279502,0.00807790505,0.00682137207,-4.40445128,1709.13663
0.0169214569,0.00817490128,-0.000435557515,0.000215089872,-0.00288906785,-0.348571788,1704.65621
0.0169527092,0.00729285993,-0.000385793795,0.000170461844,-0.00296547652,-0.320181803,1704.46226
0.016981865,0.00646998704,-0.000339495347,0.00013359408,-0.00303691027,-0.293062975,1704.27479
0.017009065,0.0057023135,-0.000296548241,0.00010333621,-0.00310369123,-0.267171353,1704.09415
0.017013563,0.109085956,0.00165194499,0.00870416369,0.00645793346,-4.27718963,1709.16578
0.0170149981,0.0515415566,-0.00164310662,0.00699708769,0.000812231329,-1.66068336,1708.75911
0.0170344404,0.00498613648,-0.000256815009,7.86910331e-05,-0.00316612016,-0.242467709,1703.92062
0.0170581136,0.00431800152,-0.000220141546,5.87970579e-05,-0.00322447798,-0.218915805,1703.75436
0.0170801987,0.00369468589,-0.000186362873,4.29124652e-05,-0.00327902726,-0.196481552,1703.59546
0.0171008024,0.00311318307,-0.000155307896,3.04000356e-05,-0.00333001347,-0.175131188,1703.44395
0.0171160836,0.105786393,0.00144162889,0.00929779032,0.00608752586,-4.13683928,1709.17923
0.0171200239,0.0025706882,-0.000126803291,2.07150614e-05,-0.00337766624,-0.154833556,1703.29978
0.017137956,0.00206458457,-0.000100676609,1.33883825e-05,-0.00342220043,-0.135546714,1703.16285
0.0171435683,0.0477504251,-0.00170105335,0.00626118486,0.000476855865,-1.51894134,1708.65176
0.0171546853,0.00159243101,-7.67587184e-05,8.03175378e-06,-0.00346381714,-0.117298218,1703.03301
0.0171702923,0.00115195011,-5.48855897e-05,4.29260292e-06,-0.00350270465,-0.100044304,1702.9101
0.0171848523,0.000741017226,-3.4899735e-05,2.00310012e-06,-0.00353903923,-0.0839973878,1702.79391
0.0171984357,0.000357650242,-1.66512029e-05,5.43506777e-07,-0.00357298597,-0.066658703,1702.6842
0.0172111079,0,0,0,-0.00360469443,-0.0573860898,1702.58072
0.0172259759,0.102249575,0.00119853419,0.00983514445,0.00570931042,-3.97806271,1709.18505
0.0172635139,0.0442136074,-0.00172678158,0.00556233062,0.000160724031,-1.39244479,1708.53054
0.0173437699,0.0984584434,0.000921442764,0.0102968506,0.00532169671,-3.80819714,1709.18754
0.0173754133,0.040914044,-0.00172602855,0.00490857021,-0.000136661896,-1.28141046,1708.39588
0.0174700339,0.0943947116,0.000617810463,0.0106484022,0.00492216946,-3.61192782,1709.18822
0.0174798064,0.0378358195,-0.0017030249,0.00430598903,-0.000415916358,-1.1825144,1708.24839
0.0175771967,0.0349640862,-0.00166216813,0.00375648424,-0.000677755731,-1.09467502,1708.08887
0.0176053769,0.0900387783,0.000285897029,0.0108734104,0.00450723284,-3.41512057,1709.18698
0.0176680539,0.0322849924,-0.00160709228,0.00326038364,-0.000922973718,-1.01587822,1707.91822
0.0177504517,0.0853696328,-5.89739225e-05,0.0109424218,0.00407228316,-3.179734,1709.18258
0.0177528163,0.0297856156,-0.00154113784,0.00281609862,-0.00115241418,-0.944917397,1707.7375
0.0178318927,0.0274539002,-0.00146713895,0.00242115173,-0.00136694586,-0.880481057,1707.54781
0.0179056646,0.0252785992,-0.00138755749,0.00207229968,-0.00156744106,-0.821595832,1707.35039
0.017905958,0.0803647536,-0.000415272987,0.0107906109,0.0036117677,-2.92971873,1709.17279
0.0179744878,0.0232492201,-0.00130446605,0.00176595998,-0.00175475887,-0.767385896,1707.14648
0.0180386942,0.0213559743,-0.00121960317,0.00149836869,-0.00192973235,-0.717156471,1706.93738
0.018072646,0.075,-0.000774968156,0.0104349703,0.0031193279,-2.68581651,1709.15405
0.0180980266,0.15,0,0,0.0151617665,-5.98455012,1685
0.0180985935,0.0195897299,-0.00113440027,0.00126576784,-0.0020931603,-0.670327046,1706.72441
0.0181076549,0.14964235,8.9608599e-05,2.58491598e-06,0.0150762516,-5.9653632,1685.47233
0.0181179755,0.149258983,0.000183403315,9.01893131e-06,0.0149845172,-5.9339658,1685.9786
0.0181290382,0.14884805,0.000281395118,1.92867186e-05,0.0148861219,-5.90994237,1686.5212
0.0181408964,0.148407569,0.000383549644,3.55689206e-05,0.0147806131,-5.88343926,1687.10265
0.0181536072,0.147935415,0.000489788214,5.84049343e-05,0.0146675166,-5.85509893,1687.72554
0.0181544748,0.0179419674,-0.00105001976,0.00106450482,-0.00224580177,-0.626431824,1706.50888
0.018167232,0.147429312,0.000599979321,8.89152858e-05,0.0145463376,-5.82489768,1688.39254
0.0181818365,0.146886817,0.000713930622,0.000128271938,0.0144165625,-5.79298684,1689.1063
0.0181974912,0.146305314,0.000831379515,0.000177816651,0.0142776613,-5.75930064,1689.86941
0.0182066074,0.0164047389,-0.000967387283,0.000891112874,-0.00238837288,-0.585095035,1706.29208
0.0182142714,0.145681998,0.00095198341,0.000239019256,0.0141290909,-5.72382857,1690.68426
0.0182322583,0.145013864,0.00107530845,0.000313494138,0.0139703,-5.6865441,1691.55287
0.018239334,0.0696352464,-0.00109560719,0.00989547015,0.00262387848,-2.42790373,1709.12369
0.0182515385,0.144297686,0.00120081843,0.000402994763,0.0138007342,-5.64742823,1692.47674
0.018255243,0.0149706296,-0.000887223686,0.000742355399,-0.00252154603,-0.54601656,1706.07523
0.018272205,0.143530013,0.00132786412,0.000509417396,0.013619843,-5.60651507,1693.45648
0.0182943576,0.14270714,0.00145567083,0.000634794787,0.0134270882,-5.5638598,1694.49153
0.018300616,0.0136327222,-0.000810073042,0.000615253147,-0.00264595021,-0.508953288,1705.8595
0.018318103,0.141825099,0.00158332597,0.000781284165,0.0132219537,-5.51953384,1695.5797
0.0183429453,0.0123845633,-0.00073632938,0.00050709347,-0.00276217232,-0.473717824,1705.646
0.0183435558,0.140879634,0.00170976725,0.000951146508,0.013003957,-5.47363018,1696.71667
0.0183708389,0.139866187,0.00183377151,0.00114671851,0.012772662,-5.42625833,1697.89538
0.0183824351,0.0112201325,-0.000666261201,0.000415429908,-0.00287075908,-0.440162566,1705.43572
0.0183948403,0.0646303672,-0.00135877628,0.00923503656,0.00215635624,-2.20459851,1709.08111
0.0184000836,0.138779867,0.0019539448,0.00137037321,0.0125276941,-5.37753399,1699.1055
0.0184192759,0.0101338132,-0.000600031622,0.000338074299,-0.00297221932,-0.408166136,1705.22954
0.0184314313,0.137615437,0.00206871444,0.00162446773,0.0122687553,-5.32756251,1700.33293
0.0184536454,0.00912036556,-0.000537716872,0.0002730819,-0.00306702635,-0.377633557,1705.02824
0.018465033,0.136367278,0.00217632372,0.00191127551,0.0119956415,-5.27641465,1701.55943
0.0184857093,0.00817490128,-0.000479322935,0.000218734985,-0.00315562052,-0.348488268,1704.83249
0.0185010507,0.13502937,0.00227483032,0.00223290105,0.0117082591,-5.22409402,1702.7628
0.0185156223,0.00729285993,-0.000424799579,0.000173524287,-0.00323841156,-0.320667052,1704.64284
0.0185396584,0.133595261,0.00236210941,0.00259117427,0.0114066412,-5.17049693,1703.91749
0.0185399151,0.0599612217,-0.00156014038,0.00851123502,0.0017143033,-1.99609666,1709.02499
0.0185435288,0.00646998704,-0.00037405255,0.000136129776,-0.00331578088,-0.294116618,1704.45972
0.0185695632,0.0057023135,-0.000326954017,0.000105401695,-0.0033880838,-0.2687907,1704.28346
0.0185810421,0.132058033,0.00243586261,0.00298752247,0.011090962,-5.11536737,1704.99612
0.0185938512,0.00498613648,-0.000283351435,8.0342289e-05,-0.00345565146,-0.244647857,1704.11431
0.0186165099,0.00431800152,-0.000243074992,6.00885479e-05,-0.00351879271,-0.221649776,1703.9524
0.0186254015,0.13041027,0.00249363408,0.00342281776,0.0107615475,-5.05825275,1705.97179
0.0186376487,0.00369468589,-0.000205943805,4.38963752e-05,-0.00357779575,-0.199760448,1703.7978
0.0186573694,0.00311318307,-0.000171771012,3.11257076e-05,-0.0036329297,-0.178944421,1703.65051
0.0186729506,0.128644026,0.00253283516,0.00389719773,0.0104188806,-4.99846795,1706.82128
0.0186752581,0.0556052884,-0.00171038476,0.00775547572,0.00129647567,-1.81531977,1708.95453
0.0186757673,0.0025706882,-0.000140367903,2.1228561e-05,-0.00368444596,-0.159168908,1703.51047
0.018692931,0.00206458457,-0.000111547201,1.37322831e-05,-0.00373257948,-0.140390692,1703.37756
0.0187089433,0.00159243101,-8.51256233e-05,8.24475754e-06,-0.00377754995,-0.122634912,1703.25162
0.0187238815,0.00115195011,-6.09257518e-05,4.4097547e-06,-0.00381956282,-0.105859916,1703.13248
0.0187239186,0.12675078,0.00255077859,0.00440986064,0.0100635982,-4.93508,1707.52841
0.0187378177,0.000741017226,-3.87775425e-05,2.05648913e-06,-0.00385881027,-0.09027797,1703.01991
0.0187508189,0.000357650242,-1.85192865e-05,5.6689755e-07,-0.00389547212,-0.0733512265,1702.91368
0.0187629481,0,0,0,-0.00392971185,-0.0642578818,1702.81354
0.0187785515,0.124721401,0.0025447248,0.00495882895,0.00969647735,-4.86691496,1708.08707
0.018801522,0.0515415566,-0.00181239459,0.00700187492,0.000902093367,-1.65233373,1708.86931
0.0188371128,0.1225461,0.00251193847,0.00554070151,0.00931840717,-4.79261253,1708.50275
0.0188998848,0.120214384,0.00244976812,0.00615034743,0.00893034341,-4.710663,1708.79176
0.0189193161,0.0477504251,-0.00187424073,0.00626848143,0.000530534901,-1.51017634,1708.76925
0.0189671705,0.117715008,0.00235571603,0.00678068419,0.00853324245,-4.61957708,1708.9782
0.0190292084,0.0442136074,-0.00190084757,0.00557159025,0.000181158684,-1.38374618,1708.65455
0.0190392944,0.115035914,0.002227601,0.00742220471,0.00812797205,-4.51773616,1709.0893
0.0191166043,0.112164181,0.00206354178,0.00806311475,0.00771519793,-4.40398708,1709.15061
0.0191317289,0.040914044,-0.00189840079,0.00491949076,-0.000146762438,-1.27263512,1708.52567
0.0191994732,0.109085956,0.00186246983,0.00868813111,0.00729524563,-4.27643634,1709.18264
0.0192273723,0.0378358195,-0.00187174139,0.00431810489,-0.000454058011,-1.17388793,1708.3833
0.0192883007,0.105786393,0.00162346895,0.00928036284,0.00686794458,-4.135203,1709.19935
0.0193165997,0.0349640862,-0.0018256623,0.00376945231,-0.000741647032,-1.08619148,1708.2283
0.0193835153,0.102249575,0.00134792525,0.00981699789,0.00643245315,-3.97647374,1709.20905
0.0193998417,0.0322849924,-0.00176420886,0.00327383322,-0.00101051361,-1.00765084,1708.06168
0.0194774997,0.0297856156,-0.00169102754,0.00282973178,-0.00126167966,-0.93698179,1707.88457
0.0194855763,0.0984584434,0.00103571399,0.0102776406,0.00598709737,-3.80487077,1709.21614
0.0195499483,0.0274539002,-0.00160922868,0.00243469434,-0.00149617939,-0.872902628,1707.69819
0.019594976,0.0943947116,0.000693912965,0.0106296358,0.00552919605,-3.60942467,1709.2223
0.019617537,0.0252785992,-0.00152149163,0.00208553011,-0.00171503796,-0.81441486,1707.50386
0.0196805917,0.0232492201,-0.00143007102,0.0017786936,-0.00191925484,-0.76064593,1707.30291
0.0197122421,0.0900387783,0.000322089299,0.0108556418,0.00505499255,-3.40949653,1709.22757
0.0197394167,0.0213559743,-0.00133684969,0.00151046254,-0.00210979147,-0.710891735,1707.09673
0.0197942956,0.0195897299,-0.00124337411,0.00127711412,-0.00228756368,-0.664569057,1706.88669
0.0198379401,0.0853696328,-6.40753149e-05,0.010923158,0.00455954432,-3.17382358,1709.2309
0.0198454931,0.0179419674,-0.00115089561,0.00107502874,-0.00245343682,-0.621207187,1706.67415
0.0198932563,0.0164047389,-0.00106040732,0.000900768324,-0.00260822321,-0.580426781,1706.46044
0.0199378154,0.0149706296,-0.000972679194,0.000751120727,-0.00275268242,-0.541922239,1706.24682
0.0199726764,0.0803647536,-0.000461358001,0.0107741897,0.00403689429,-2.92527755,1709.23024
0.0199793854,0.0136327222,-0.000888289227,0.000623127945,-0.00288752226,-0.505449982,1706.03447
0.0200181669,0.0123845633,-0.000807653765,0.000514094932,-0.00301340092,-0.470820764,1705.8245
0.0200543469,0.0112201325,-0.000731053308,0.000421589247,-0.0031309296,-0.437881256,1705.61788
0.0200880999,0.0101338132,-0.0006586545,0.000343433964,-0.00324067549,-0.406507772,1705.4155
0.0201171009,0.075,-0.000859719687,0.0104213719,0.00348023866,-2.67850978,1709.22218
0.0201195886,0.00912036556,-0.000590531202,0.000277692523,-0.00334316482,-0.37660282,1705.2181
0.0201489651,0.00817490128,-0.000526682189,0.000222653161,-0.0034388859,-0.348086778,1705.02635
0.020176371,0.00729285993,-0.000467046431,0.000176810328,-0.00352829208,-0.320893748,1704.84074
0.0202019384,0.00646998704,-0.000411516321,0.000138845884,-0.00361180449,-0.294967876,1704.66171
0.0202257908,0.0057023135,-0.000359948962,0.000107610403,-0.00368981459,-0.270260485,1704.48955
0.0202480431,0.00498613648,-0.000312175702,8.21051759e-05,-0.00376268657,-0.246727901,1704.32447
0.0202615254,0.0696352464,-0.0012137376,0.00988458694,0.00292249485,-2.4206848,1709.20326
0.0202688026,0.00431800152,-0.000268010117,6.14652178e-05,-0.00383075948,-0.22432977,1704.16659
0.0202881696,0.00369468589,-0.000227254625,4.49436578e-05,-0.00389434919,-0.203028241,1704.01597
0.0203062375,0.00311318307,-0.000189705891,3.18970829e-05,-0.00395375021,-0.182786278,1703.87257
0.0203230933,0.0025706882,-0.000155159188,2.17737403e-05,-0.00400923726,-0.163569618,1703.73632
0.0203388184,0.00206458457,-0.000123411839,1.40970056e-05,-0.00406106674,-0.145333898,1703.6071
0.0203534887,0.00159243101,-9.42658783e-05,8.47048252e-06,-0.0041094781,-0.128102236,1703.48474
0.0203671749,0.00115195011,-6.75300022e-05,4.53385906e-06,-0.00415469501,-0.111835074,1703.36903
0.0203799429,0.000741017226,-4.30211192e-05,2.11322408e-06,-0.00419692648,-0.0967451338,1703.25977
0.0203918545,0.000357650242,-2.05652902e-05,5.90601414e-07,-0.00423636787,-0.0802517525,1703.15672
0.0203962617,0.0646303672,-0.00150213755,0.00922800674,0.002398289,-2.19545201,1709.17191
0.020402967,0,0,0,-0.00427319742,-0.0713456592,1703.05962
0.0205219597,0.0599612217,-0.00172246246,0.00850754747,0.00190447766,-1.98700066,1709.12657
0.0206190501,0.15,0,0,0.0172737742,-5.98877226,1685
0.0206270348,0.14964235,0.00010195112,2.58008346e-06,0.0171739871,-5.96953702,1685.47213
0.0206355936,0.149258983,0.000208659753,9.0189156e-06,0.0170669749,-5.93808772,1685.97819
0.0206392258,0.0556052884,-0.00188556714,0.00775558934,0.00143930296,-1.80524242,1709.06626
0.0206447679,0.14884805,0.000320127851,1.92717723e-05,0.0169522338,-5.91407392,1686.52056
0.0206546018,0.148407569,0.000436304896,3.55383225e-05,0.0168292439,-5.88758602,1687.10177
0.0206651429,0.147935415,0.000557089377,5.83525623e-05,0.0166974612,-5.8592496,1687.7244
0.0206764419,0.147429312,0.0006823186,8.88321696e-05,0.0165563187,-5.82904531,1688.39113
0.0206885533,0.146886817,0.000811760126,0.000128146621,0.0164052288,-5.79712495,1689.1046
0.0207015356,0.146305314,0.000945101481,0.000177634484,0.016243586,-5.7634148,1689.8674
0.0207154514,0.145681998,0.00108193919,0.000238760236,0.0160707716,-5.72788994,1690.68193
0.0207303678,0.145013864,0.00122176851,0.000313131338,0.0158861582,-5.69054281,1691.55021
0.0207463568,0.144297686,0.00136396955,0.000402497802,0.0156891166,-5.65137273,1692.47373
0.0207486254,0.0515415566,-0.00199575324,0.007005155,0.00100158126,-1.64223441,1708.99042
0.0207634955,0.143530013,0.00150779193,0.000508753515,0.0154790241,-5.61039953,1693.45313
0.0207818665,0.14270714,0.00165234258,0.000633925358,0.0152552736,-5.56767364,1694.48784
0.0208015584,0.141825099,0.00179657263,0.00078016404,0.0150172856,-5.52326554,1695.57569
0.0208226664,0.140879634,0.00193926424,0.000949723445,0.0147645213,-5.4772673,1696.71235
0.020845292,0.139866187,0.00207901843,0.00114493247,0.0144964978,-5.42978731,1697.89081
0.0208506864,0.0477504251,-0.00206155176,0.00627478734,0.000590348156,-1.49967706,1708.89889
0.0208695446,0.138779867,0.00221424447,0.00136815569,0.0142128045,-5.38094015,1699.10076
0.020895541,0.137615437,0.00234315173,0.00162174104,0.0139131218,-5.33083005,1700.3281
0.0209234068,0.136367278,0.00246374475,0.00190795237,0.0135972399,-5.27952673,1701.55466
0.0209459011,0.0442136074,-0.00208885936,0.00558031361,0.000204657548,-1.37329074,1708.79187
0.0209532761,0.13502937,0.00257382263,0.00222888421,0.0132650781,-5.22703288,1702.75826
0.0209852933,0.133595261,0.00267098398,0.0025863566,0.0129167035,-5.173244,1703.91339
0.0210196126,0.132058033,0.00275263868,0.00298178745,0.0125523469,-5.1179034,1704.9927
0.0210347286,0.040914044,-0.00208437594,0.0049302487,-0.000156497027,-1.2621407,1708.66982
0.0210563996,0.13041027,0.00281602789,0.00341604052,0.0121724148,-5.06055777,1705.96933
0.0210958318,0.128644026,0.00285825379,0.00388924713,0.0117774956,-5.00052143,1706.82005
0.0211175975,0.0378358195,-0.00205359286,0.00433036681,-0.000494204606,-1.16356484,1708.53348
0.0211380994,0.12675078,0.00287632054,0.00440060163,0.0113683551,-4.93685993,1707.52868
0.0211834062,0.124721401,0.00286718817,0.00494812828,0.0109459211,-4.86839918,1708.08908
0.0211949074,0.0349640862,-0.00200174347,0.00378280171,-0.000809626305,-1.07606535,1708.38381
0.0212319708,0.1225461,0.00282784037,0.00552842927,0.0105112515,-4.7937725,1708.50666
0.0212670312,0.0322849924,-0.00193330912,0.00328784166,-0.00110397177,-0.997832627,1708.22189
0.0212840274,0.120214384,0.00275537131,0.00613639506,0.0100654821,-4.71147626,1708.79771
0.0213343169,0.0297856156,-0.00185226864,0.00284404453,-0.00137847205,-0.927522096,1708.04897
0.0213398271,0.117715008,0.00264708143,0.00676494856,0.00960975236,-4.61999062,1708.9863
0.021397089,0.0274539002,-0.00176202402,0.00244899248,-0.00163435433,-0.863868994,1707.86638
0.0213996391,0.115035914,0.00250062511,0.00740465701,0.00914510537,-4.5177501,1709.09966
0.0214556503,0.0252785992,-0.00166548617,0.00209955254,-0.00187282082,-0.805854343,1707.67553
0.0214637518,0.112164181,0.00231408976,0.00804369075,0.00867236067,-4.40347605,1709.16341
0.0215102832,0.0232492201,-0.00156510063,0.00179222504,-0.00209503266,-0.752604353,1707.47785
0.0215324746,0.109085956,0.00208635299,0.0086670153,0.00819196123,-4.27553122,1709.19807
0.0215612512,0.0213559743,-0.00146290136,0.00152333545,-0.00230209836,-0.703406059,1707.27482
0.0216061388,0.105786393,0.00181680833,0.00925746729,0.00770380042,-4.1334262,1709.21779
0.0216088003,0.0195897299,-0.00136055412,0.00128920258,-0.00249506714,-0.657671761,1707.06787
0.0216531597,0.0179419674,-0.00125940181,0.00108624501,-0.00267492469,-0.614925475,1706.85844
0.0216850999,0.102249575,0.00150679916,0.00979296983,0.00720703281,-3.97447168,1709.23108
0.0216945434,0.0164047389,-0.00116050628,0.000911057792,-0.00284259202,-0.574783318,1706.64788
0.021733151,0.0149706296,-0.00106468722,0.000760457411,-0.00299892672,-0.536935759,1706.43749
0.0217691688,0.0136327222,-0.000972556773,0.000631509791,-0.00314472486,-0.501136686,1706.22848
0.0217697386,0.0984584434,0.0011572394,0.0102521392,0.0066998957,-3.80119489,1709.2425
0.0218027705,0.0123845633,-0.000884552294,0.00052154,-0.00328072411,-0.467191102,1706.02194
0.0218341181,0.0112201325,-0.000800964886,0.000428131591,-0.00340760732,-0.434941222,1705.81886
0.0218604632,0.0943947116,0.000774876639,0.0106043645,0.00617953157,-3.60649512,1709.25392
0.0218633629,0.0101338132,-0.000721964038,0.000349119696,-0.00352600627,-0.404261689,1705.6201
0.0218906459,0.00912036556,-0.000647620121,0.000282577027,-0.00363650552,-0.375051972,1705.42641
0.0219160988,0.00817490128,-0.000577923551,0.000226798182,-0.00373964614,-0.347229423,1705.23842
0.0219398442,0.00729285993,-0.000512801436,0.000180281522,-0.0038359292,-0.320725325,1705.05661
0.0219577114,0.0900387783,0.000360904567,0.0108309804,0.00564190604,-3.40321724,1709.26563
0.0219619968,0.00646998704,-0.000452131843,0.000141710753,-0.00392581913,-0.29548119,1704.88138
0.0219826633,0.0057023135,-0.000395755936,0.000109936574,-0.00400974675,-0.271445914,1704.71302
0.0220019435,0.00498613648,-0.000343488182,8.39590102e-05,-0.00408811202,-0.248573621,1704.55171
0.0220199303,0.00431800152,-0.000295124859,6.29107156e-05,-0.00416128664,-0.226821988,1704.39756
0.0220367106,0.00369468589,-0.000250451076,4.60416278e-05,-0.00422961627,-0.206151427,1704.25059
0.0220523653,0.00311318307,-0.000209246474,3.27045523e-05,-0.00429342267,-0.186523442,1704.11076
0.0220619522,0.0853696328,-6.88882681e-05,0.0108969684,0.00508171978,-3.16693568,1709.2768
0.0220669697,0.0025706882,-0.000171289801,2.23435456e-05,-0.0043530055,-0.167902444,1703.97799
0.0220805946,0.00206458457,-0.000136362506,1.44775906e-05,-0.00440864407,-0.150243037,1703.85213
0.0220933054,0.00159243101,-0.000104251493,8.70566201e-06,-0.00446059887,-0.133566716,1703.73302
0.0221051636,0.00115195011,-7.4751133e-05,4.66296028e-06,-0.00450911289,-0.117835906,1703.62046
0.0221162263,0.000741017226,-4.76648452e-05,2.17236614e-06,-0.00455441297,-0.103264683,1703.51421
0.0221265469,0.000357650242,-2.28060218e-05,6.14513087e-07,-0.00459671087,-0.0872249913,1703.41405
0.0221361752,0,0,0,-0.00463620054,-0.0785128234,1703.31971
0.0221736884,0.0803647536,-0.000509616689,0.0107512939,0.0044925897,-2.91958698,1709.28565
0.022293459,0.075,-0.000948955783,0.0104017462,0.00386724057,-2.67001179,1709.28898
0.0224132295,0.0696352464,-0.00133822276,0.00986822045,0.00324287668,-2.4120397,1709.2826
0.0225249657,0.0646303672,-0.00165323232,0.00921618177,0.00265807465,-2.18481936,1709.26381
0.0226292065,0.0599612217,-0.00189354908,0.00849973949,0.00210895892,-1.97624781,1709.23074
0.0227264546,0.0556052884,-0.00207024485,0.0077522609,0.00159321924,-1.79350524,1709.18215
0.0228171793,0.0515415566,-0.00218908192,0.00700565198,0.00110923681,-1.63038241,1709.11729
0.022901818,0.0477504251,-0.00225911729,0.00627890357,0.000655677064,-1.48743186,1709.03587
0.0229807791,0.0442136074,-0.00228723634,0.00558739453,0.000231264947,-1.36105038,1708.93801
0.0230544433,0.040914044,-0.00228070315,0.00493982919,-0.000165307595,-1.24988475,1708.82419
0.0231231661,0.0378358195,-0.00224567265,0.00434185491,-0.000535409621,-1.15148996,1708.69518
0.0231872788,0.0349640862,-0.00218785084,0.00379570478,-0.000880463311,-1.06422787,1708.55198
0.0232470908,0.0322849924,-0.00211216773,0.00330167043,-0.00120192127,-0.986343888,1708.3958
0.0233028905,0.0297856156,-0.00202295344,0.00285838273,-0.0015012397,-0.916447505,1708.22798
0.0233549471,0.0274539002,-0.00192391226,0.00246347059,-0.00177985333,-0.853280239,1708.04996
0.0234035117,0.0252785992,-0.00181819776,0.00211386402,-0.0020391547,-0.795805743,1707.86326
0.0234488185,0.0232492201,-0.00170845404,0.00180611752,-0.00228047861,-0.743145311,1707.66942
0.023491086,0.0213559743,-0.00159687281,0.00153661066,-0.00250509162,-0.694576959,1707.47
0.0235305183,0.0195897299,-0.00148524406,0.00130171031,-0.00271418582,-0.649506828,1707.26653
0.0235673053,0.0179419674,-0.00137500619,0.00109787891,-0.00290887603,-0.607453433,1707.06049
0.0236016246,0.0164047389,-0.00126729285,0.000921749358,-0.00309019994,-0.568027329,1706.8533
0.0236336418,0.0149706296,-0.00116297565,0.000770171353,-0.00325912011,-0.530911701,1706.64629
0.0236611192,0.15,0,0,0.0198222919,-5.99370261,1685
0.0236635112,0.0136327222,-0.00106270223,0.000640237662,-0.00341652716,-0.495857384,1706.44069
0.0236664661,0.14964235,0.000116934117,2.6184681e-06,0.0197048048,-5.97477158,1685.47182
0.0236721975,0.149258983,0.00023926259,8.98911207e-06,0.0195788518,-5.94363042,1685.97754
0.023678341,0.14884805,0.000366980434,1.92602102e-05,0.0194438531,-5.91960217,1686.51957
0.0236849263,0.148407569,0.000500022341,3.55120069e-05,0.0192992067,-5.89311291,1687.1004
0.0236913769,0.0123845633,-0.000966932232,0.000529295908,-0.00356324386,-0.462667103,1706.23761
0.0236919851,0.147935415,0.000638264024,5.82961138e-05,0.0191442837,-5.86477137,1687.72263
0.0236995514,0.147429312,0.00078151107,8.87250919e-05,0.0189784295,-5.83456234,1688.38892
0.0237076618,0.146886817,0.000929488345,0.000127966668,0.0188009665,-5.80261943,1689.10194
0.0237163553,0.146305314,0.00108182818,0.000177355034,0.0186111985,-5.76887158,1689.86427
0.0237173733,0.0112201325,-0.000875968581,0.00043494847,-0.0037000297,-0.431178691,1706.03805
0.023725674,0.145681998,0.0012380573,0.000238347769,0.0184084147,-5.73328532,1690.67829
0.0237356627,0.145013864,0.00139758281,0.000312547148,0.0181918966,-5.69585716,1691.54606
0.0237416259,0.0101338132,-0.00078998439,0.000355044138,-0.00382758558,-0.401262684,1705.84285
0.0237463696,0.144297686,0.00155967872,0.00040169947,0.0179609254,-5.65660144,1692.46904
0.0237578465,0.143530013,0.00172347127,0.000507691243,0.0177147917,-5.61553132,1693.44789
0.0237642516,0.00912036556,-0.000709047108,0.000287666007,-0.00394655842,-0.372814676,1705.65277
0.0237701485,0.14270714,0.00188792352,0.000632542261,0.017452807,-5.57269199,1694.48206
0.0237833352,0.141825099,0.0020518205,0.000778394039,0.0171743169,-5.52815488,1695.56938
0.0237853595,0.00817490128,-0.000633139325,0.00023111576,-0.00405754563,-0.345748908,1705.46839
0.02379747,0.140879634,0.00221375497,0.000947490792,0.016878717,-5.4820114,1696.70555
0.0238050514,0.00729285993,-0.000562176734,0.000183896164,-0.00416109929,-0.319993732,1705.29022
0.0238126212,0.139866187,0.00237211437,0.00114215055,0.0165654703,-5.43436904,1697.88357
0.0238234224,0.00646998704,-0.000496023477,0.000144693018,-0.00425773003,-0.295487977,1705.11861
0.0238288618,0.138779867,0.0025250698,0.00136472597,0.0162341265,-5.38534135,1699.09318
0.0238405611,0.0057023135,-0.000434505126,0.000112357219,-0.00434791064,-0.272178119,1704.95384
0.0238462702,0.137615437,0.00267056793,0.00161755223,0.0158843434,-5.33503149,1700.32031
0.0238565501,0.00498613648,-0.000377419573,8.58874694e-05,-0.00443207924,-0.25001613,1704.79608
0.0238649304,0.136367278,0.00280632678,0.0019028797,0.0155159087,-5.28350811,1701.54684
0.0238714665,0.00431800152,-0.000324546062,6.44139169e-05,-0.00451064229,-0.228957815,1704.64541
0.0238849323,0.13502937,0.00292983667,0.0022227892,0.0151287626,-5.23077288,1702.75063
0.0238853823,0.00369468589,-0.000275652598,4.71831049e-05,-0.00458397719,-0.208961974,1704.50185
0.0238983646,0.00311318307,-0.000230501957,3.35438233e-05,-0.00465243467,-0.189988793,1704.36535
0.0239063724,0.133595261,0.00303836771,0.00257908728,0.0147230183,-5.17672044,1703.90624
0.0239104761,0.0025706882,-0.000188856468,2.29356942e-05,-0.00471634095,-0.172001535,1704.23581
0.023921775,0.00206458457,-0.000150481755,1.48730608e-05,-0.00477599968,-0.154953932,1704.11309
0.0239293542,0.132058033,0.00312898527,0.00297317925,0.0142989809,-5.12109331,1704.98634
0.0239323161,0.00159243101,-0.000115149594,8.9500513e-06,-0.00483169367,-0.138866143,1703.997
0.02394215,0.00115195011,-8.26399776e-05,4.79715321e-06,-0.00488368645,-0.123702619,1703.88734
0.0239513243,0.000741017226,-5.27427403e-05,2.23391083e-06,-0.00493222375,-0.109679189,1703.78388
0.0239539885,0.13041027,0.00319857506,0.00340591802,0.0138571609,-5.06343748,1705.96409
0.0239598831,0.000357650242,-2.52584621e-05,6.38764955e-07,-0.00497753476,-0.094118272,1703.68639
0.0239678678,0,0,0,-0.00501983024,-0.0856113867,1703.5946
0.0239803941,0.128644026,0.00324387934,0.00387742697,0.0133982804,-5.00306655,1706.81627
0.0240086984,0.12675078,0.00326154622,0.00438689648,0.0129232682,-4.93904473,1707.52665
0.0240390379,0.124721401,0.0032481935,0.0049323534,0.0124332417,-4.87019663,1708.08903
0.024071559,0.1225461,0.00320048888,0.00551040825,0.0119294698,-4.79515061,1708.50872
0.0241064185,0.120214384,0.00311524935,0.00611597557,0.011413314,-4.71240285,1708.80191
0.0241437845,0.117715008,0.00298955857,0.00674200059,0.0108861437,-4.62041352,1708.99264
0.0241838374,0.115035914,0.00282091693,0.00737912527,0.010349223,-4.51763962,1709.10813
0.0242267702,0.112164181,0.00260737939,0.00801552585,0.00980356847,-4.40271153,1709.17403
0.0242727901,0.109085956,0.00234784169,0.00863638486,0.00924977867,-4.27416077,1709.21095
0.0243221191,0.105786393,0.00204204954,0.00922437255,0.00868784196,-4.13109557,1709.23325
0.024374995,0.102249575,0.00169146516,0.00975809839,0.00811693135,-3.97163347,1709.24969
0.024431673,0.0984584434,0.00129807598,0.0102152472,0.00753520865,-3.79662601,1709.26507
0.0244924263,0.0943947116,0.000868448149,0.0105673577,0.00693964453,-3.60237141,1709.28153
0.0245575482,0.0900387783,0.000405891302,0.0107939529,0.00632592443,-3.39552589,1709.29968
0.0246273526,0.0853696328,-7.37615769e-05,0.0108586418,0.00568839183,-3.15891943,1709.31903
0.0247021762,0.0803647536,-0.000564014926,0.0107174283,0.00502024251,-2.91208348,1709.33815
0.0247823801,0.075,-0.0010497497,0.0103717831,0.00431374552,-2.65915389,1709.35424
0.0248625839,0.0696352464,-0.00147829597,0.0098424131,0.00361123318,-2.40105589,1709.36223
0.0249374076,0.0646303672,-0.00182259986,0.00919625524,0.00295587276,-2.17172748,1709.35812
0.025007212,0.0599612217,-0.00208460222,0.00848505009,0.00234283585,-1.96288852,1709.33959
0.0250723338,0.0556052884,-0.00227578256,0.00774324796,0.00176907873,-1.77912929,1709.30504
0.0251330872,0.0515415566,-0.00240354884,0.00700157415,0.00123239648,-1.61580268,1709.2534
0.0251897652,0.0477504251,-0.0024776472,0.00627942536,0.00073095485,-1.47248299,1709.18421
0.0252426411,0.0442136074,-0.00250606476,0.00559175107,0.000263036761,-1.34610606,1709.09747
0.0252919701,0.040914044,-0.0024967454,0.00494741295,-0.000173066913,-1.23498484,1708.99361
0.02533799,0.0378358195,-0.0024565728,0.00435195705,-0.00057909302,-1.13682838,1708.87345
0.0253809228,0.0349640862,-0.00239179288,0.00380771027,-0.000956802178,-1.04989023,1708.73805
0.0254209756,0.0322849924,-0.00230782448,0.00331498903,-0.00130795801,-0.97244625,1708.58871
0.0254583417,0.0297856156,-0.00220938498,0.00287250514,-0.00163430153,-0.903068506,1708.4269
0.0254932012,0.0274539002,-0.00210050367,0.00247795107,-0.00193752718,-0.840495962,1708.25419
0.0255257222,0.0252785992,-0.0019845943,0.00212833138,-0.00221926323,-0.783675651,1708.07221
0.0255560617,0.0232492201,-0.00186451047,0.00182026775,-0.00248105767,-0.731720523,1707.88264
0.025584366,0.0213559743,-0.00174260868,0.00155020436,-0.00272436918,-0.6838986,1707.68715
0.0256107716,0.0195897299,-0.00162080689,0.00131456589,-0.00295056231,-0.639608211,1707.48734
0.0256354059,0.0179419674,-0.00150064063,0.00110986667,-0.0031609066,-0.598361309,1707.28479
0.0256583877,0.0164047389,-0.0013833149,0.000932783733,-0.00335657841,-0.559761099,1707.08099
0.0256798279,0.0149706296,-0.00126975068,0.000780205881,-0.00353866417,-0.52348463,1706.87729
0.0256998298,0.0136327222,-0.00116062955,0.000649257606,-0.00370816528,-0.489279835,1706.67498
0.0257184899,0.0123845633,-0.00105643216,0.000537311796,-0.00386600363,-0.456943752,1706.47518
0.0257358983,0.0112201325,-0.000957470391,0.000441991986,-0.00401302739,-0.426309079,1706.27889
0.025752139,0.0101338132,-0.000863917958,0.00036116247,-0.00415001684,-0.397243301,1706.08698
0.0257672902,0.00912036556,-0.00077583669,0.000292917975,-0.00427769012,-0.369638386,1705.90019
0.025781425,0.00817490128,-0.000693198907,0.000235568057,-0.00439670853,-0.343405367,1705.7191
0.0257946116,0.00729285993,-0.000615906679,0.000187620286,-0.00450768165,-0.318469702,1705.5442
0.0258069137,0.00646998704,-0.000543808219,0.000147762703,-0.00461117188,-0.294767657,1705.37584
0.0258183905,0.0057023135,-0.000476711719,0.00011484637,-0.00470769871,-0.272243457,1705.21427
0.0258290975,0.00498613648,-0.000414396885,8.78685103e-05,-0.0047977425,-0.250847135,1705.05967
0.0258390862,0.00431800152,-0.000356624481,6.59565355e-05,-0.00488174792,-0.230532855,1704.9121
0.0258484049,0.00369468589,-0.000303144114,4.83533224e-05,-0.00496012706,-0.211258064,1704.77156
0.0258570984,0.00311318307,-0.000253700511,3.44033546e-05,-0.00503326218,-0.192981895,1704.63801
0.0258652088,0.0025706882,-0.0002080385,2.3541532e-05,-0.00510150818,-0.175666741,1704.51132
0.0258727751,0.00206458457,-0.000165906875,1.52772712e-05,-0.00516519488,-0.159265709,1704.39136
0.0258798339,0.00159243101,-0.000127061335,9.19961822e-06,-0.00522462895,-0.143798082,1704.27794
0.0258864191,0.00115195011,-9.12666052e-05,4.93408282e-06,-0.0052800958,-0.129230493,1704.17084
0.0258925626,0.000741017226,-5.82980676e-05,2.29685666e-06,-0.00533186116,-0.115781446,1704.06984
0.025898294,0.000357650242,-2.79427459e-05,6.63109776e-07,-0.00538017256,-0.100719853,1703.97469
0.025903641,0,0,0,-0.00542525856,-0.0924248955,1703.88515
0.0269008515,0.15,0,0,0.0225364035,-6.00212554,1685
0.0269033516,0.14964235,0.000132742676,2.6262874e-06,0.0224001291,-5.98284266,1685.47139
0.0269060315,0.149258983,0.000271587043,8.97530632e-06,0.0222540712,-5.95132828,1685.97665
0.0269089041,0.14884805,0.000416502597,1.91836044e-05,0.0220975701,-5.92725044,1686.51819
0.0269119832,0.148407569,0.000567406465,3.53763448e-05,0.0219299367,-5.90064408,1687.09849
0.0269152837,0.147935415,0.000724148999,5.80811252e-05,0.0217504518,-5.87217215,1687.72016
0.0269188216,0.147429312,0.000886498078,8.84088263e-05,0.0215583678,-5.84182899,1688.38586
0.0269226138,0.146886817,0.00105412872,0.000127521892,0.021352912,-5.809756,1689.09825
0.0269266787,0.146305314,0.00122660982,0.000176750149,0.0211332915,-5.77588562,1689.85991
0.026931036,0.145681998,0.00140338985,0.000237546862,0.0208986981,-5.74019455,1690.67324
0.0269357065,0.145013864,0.00158378155,0.000311509326,0.0206483164,-5.70265724,1691.54028
0.0269407128,0.144297686,0.00176694635,0.000400373663,0.0203813324,-5.66326922,1692.46251
0.0269460792,0.143530013,0.00195187793,0.000506014462,0.020096945,-5.62205545,1693.44059
0.0269518314,0.14270714,0.00213738522,0.000630441058,0.0197943789,-5.57906064,1694.47398
0.0269579972,0.141825099,0.00232207619,0.000775782717,0.0194729003,-5.5343534,1695.56054
0.0269646063,0.140879634,0.00250434249,0.000944270087,0.0191318348,-5.48802246,1696.69598
0.0269716907,0.139866187,0.00268234543,0.00113820644,0.0187705878,-5.44017286,1697.87334
0.0269792845,0.138779867,0.00285400447,0.00135992866,0.0183886665,-5.39091594,1699.08239
0.0269874243,0.137615437,0.00301698907,0.00161175537,0.0179857043,-5.34035287,1700.30912
0.0269961494,0.136367278,0.00316871521,0.00189591987,0.0175614859,-5.28855064,1701.53544
0.0270055019,0.13502937,0.00330634798,0.00221448586,0.0171159724,-5.23550964,1702.7393
0.0270155269,0.133595261,0.00342681168,0.00256924325,0.0166493254,-5.18112362,1703.89528
0.0270262727,0.132058033,0.00352680929,0.00296158194,0.0161619276,-5.12513459,1704.97612
0.0270377912,0.13041027,0.00360285287,0.00339234168,0.0156543985,-5.06708824,1705.95498
0.0270501379,0.128644026,0.00365130683,0.0038616362,0.0151276002,-5.00629786,1706.80862
0.0270633724,0.12675078,0.00366844595,0.00436865117,0.0145826329,-4.94182684,1707.52074
0.0270775585,0.124721401,0.00365052993,0.00491141603,0.0140208125,-4.87249824,1708.08502
0.0270927647,0.1225461,0.0035938965,0.00548655241,0.0134436295,-4.79693633,1708.50665
0.0271090643,0.120214384,0.00349507522,0.00608900028,0.0128526818,-4.7136334,1708.80167
0.0271265359,0.117715008,0.00335092416,0.00671173835,0.0122495793,-4.62103629,1708.99403
0.0271452638,0.115035914,0.00315879556,0.00734547986,0.0116358176,-4.51760696,1709.11091
0.0271653383,0.112164181,0.00291671054,0.0079784514,0.0110126186,-4.40192155,1709.17803
0.0271868562,0.109085956,0.00262360501,0.00859601621,0.010380742,-4.27257169,1709.21613
0.0272099215,0.105786393,0.00227952283,0.00918079646,0.00974027389,-4.12846091,1709.2398
0.0272346452,0.102249575,0.00188617486,0.00971195659,0.00909040323,-3.96817322,1709.25813
0.0272611466,0.0984584434,0.00144649622,0.0101665387,0.00842920972,-3.79145872,1709.27621
0.0272895536,0.0943947116,0.000967110083,0.0105178633,0.0077534793,-3.59688715,1709.29657
0.0273200033,0.0900387783,0.000453537132,0.0107433057,0.0070585998,-3.38665433,1709.32023
0.0273526424,0.0853696328,-7.85359595e-05,0.0108071296,0.00633853841,-3.15086897,1709.34722
0.0273876284,0.0803647536,-0.000620736784,0.0106714334,0.00558604626,-2.90329264,1709.37665
0.0274251301,0.075,-0.00115511012,0.0103298445,0.00479291129,-2.64595278,1709.4061
0.0274626317,0.0696352464,-0.00162486442,0.00980520852,0.00400694989,-2.38799039,1709.42979
0.0274976178,0.0646303672,-0.00199993407,0.00916613444,0.00327624488,-2.15657692,1709.44226
0.0275302569,0.0599612217,-0.00228470507,0.00846132119,0.00259495897,-1.94725152,1709.44054
0.0275607065,0.0556052884,-0.00249116985,0.00772631108,0.00195926798,-1.76245743,1709.42251
0.0275891135,0.0515415566,-0.00262838284,0.00699069076,0.00136634125,-1.59879009,1709.38669
0.027615615,0.0477504251,-0.00270689064,0.00627415578,0.000813810297,-1.45509977,1709.33229
0.0276403387,0.0442136074,-0.0027357767,0.00559126859,0.000299484729,-1.32868826,1709.25915
0.0276634039,0.040914044,-0.00272372063,0.00495099196,-0.000178774264,-1.21763325,1709.16761
0.0276849218,0.0378358195,-0.00267834316,0.00435879526,-0.000623097672,-1.11973426,1709.05847
0.0277049964,0.0349640862,-0.00260645972,0.00381708367,-0.0010356088,-1.03316767,1708.93284
0.0277237243,0.0322849924,-0.00251398999,0.00332621379,-0.00141840454,-0.956218377,1708.79211
0.0277411959,0.0297856156,-0.00240605502,0.00288498113,-0.00177353106,-0.887427889,1708.63788
0.0277574954,0.0274539002,-0.00228701957,0.0024911539,-0.002102961,-0.825525485,1708.47184
0.0277727016,0.0252785992,-0.0021605675,0.00214181983,-0.00240857515,-0.769441665,1708.29576
0.0277868877,0.0232492201,-0.00202976954,0.00183367828,-0.00269214977,-0.718278148,1708.11146
0.0278001222,0.0213559743,-0.00189715346,0.0015632471,-0.00295534927,-0.67129175,1707.92072
0.027812469,0.0195897299,-0.0017647703,0.00132701765,-0.00319972291,-0.627871617,1707.72527
0.0278239875,0.0179419674,-0.00163425697,0.00112156363,-0.00342670589,-0.5875204,1707.52676
0.0278347333,0.0164047389,-0.00150689341,0.000943613017,-0.00363762291,-0.549832257,1707.32677
0.0278447583,0.0149706296,-0.00138365385,0.000790098351,-0.00383369301,-0.514484246,1707.12672
0.0278541107,0.0136327222,-0.00126525598,0.000658181714,-0.00401603619,-0.481217048,1706.92793
0.0278628358,0.0123845633,-0.0011522023,0.000545265864,-0.00418568036,-0.449816649,1706.73156
0.0278709757,0.0112201325,-0.00104481561,0.000448997419,-0.00434356853,-0.420113686,1706.53864
0.0278785694,0.0101338132,-0.000943272219,0.000367259055,-0.00449056593,-0.391972374,1706.35004
0.0278856538,0.00912036556,-0.000847629889,0.00029815908,-0.00462746679,-0.365280933,1706.16651
0.027892263,0.00817490128,-0.000757851992,0.000240016459,-0.00475500075,-0.339947069,1705.98864
0.0278984288,0.00729285993,-0.000673828122,0.000191344713,-0.0048738388,-0.315893348,1705.81691
0.027904181,0.00646998704,-0.000595391575,0.000150834981,-0.00498459863,-0.293053533,1705.65167
0.0279095473,0.0057023135,-0.000522334035,0.000117339125,-0.00508784959,-0.271369711,1705.49317
0.0279145537,0.00498613648,-0.000454417776,8.98533488e-05,-0.00518411712,-0.250790121,1705.34157
0.0279192242,0.00431800152,-0.00039138571,6.75026541e-05,-0.00527388665,-0.231267456,1705.19692
0.0279235814,0.00369468589,-0.000332969558,4.95264843e-05,-0.00535760727,-0.212757988,1705.05923
0.0279276463,0.00311318307,-0.000278896407,3.52651767e-05,-0.00543569481,-0.195219978,1704.92844
0.0279314386,0.0025706882,-0.000228893884,2.41490196e-05,-0.00550853474,-0.178615135,1704.80442
0.0279349764,0.00206458457,-0.000182694167,1.5682558e-05,-0.00557648471,-0.162896086,1704.68704
0.027938277,0.00159243101,-0.000140037002,9.44983552e-06,-0.00563987684,-0.148081723,1704.57609
0.0279413561,0.00115195011,-0.000100671922,5.07137219e-06,-0.00569901976,-0.134140999,1704.47138
0.0279442287,0.000741017226,-6.43598053e-05,2.36039626e-06,-0.00575420049,-0.121296004,1704.37266
0.0279469085,0.000357650242,-3.08738795e-05,6.87029289e-07,-0.00580568605,-0.106755017,1704.27969
0.0279494087,0,0,0,-0.00585372415,-0.0986790345,1704.19224
0.030111421,0,0,0,-0.00630653603,-0.104117248,1704.51681
0.0301127129,0.000357650242,-3.4070479e-05,7.02811027e-07,-0.0062555223,-0.111923699,1704.60242
0.0301140977,0.000741017226,-7.09683224e-05,2.42064796e-06,-0.0062008338,-0.125892146,1704.69344
0.030115582,0.00115195011,-0.000110920864,5.20668971e-06,-0.00614220249,-0.138123005,1704.79012
0.030117173,0.00159243101,-0.000154170084,9.69621081e-06,-0.00607934071,-0.151407398,1704.89272
0.0301188785,0.00206458457,-0.000200970073,1.60818956e-05,-0.00601193883,-0.165534534,1705.00146
0.0301207066,0.0025706882,-0.000251587179,2.47476429e-05,-0.00593966346,-0.180534333,1705.11654
0.0301226661,0.00311318307,-0.000306298288,3.61143134e-05,-0.00586215524,-0.196388416,1705.23817
0.0301247665,0.00369468589,-0.000365388551,5.06819892e-05,-0.00577902661,-0.213144041,1705.36649
0.030127018,0.00431800152,-0.000429148254,6.90247705e-05,-0.0056898591,-0.230839831,1705.50162
0.0301294313,0.00498613648,-0.000497868678,9.18061739e-05,-0.00559420045,-0.249518007,1705.64363
0.0301320182,0.0057023135,-0.000571836731,0.000119789824,-0.00549156135,-0.269223096,1705.79252
0.0301347911,0.00646998704,-0.00065132812,0.000153852651,-0.00538141173,-0.290003518,1705.94822
0.0301377634,0.00729285993,-0.000736598805,0.000194998838,-0.0052631767,-0.311912503,1706.11058
0.0301409494,0.00817490128,-0.000827874451,0.000244374888,-0.00513623188,-0.335009814,1706.27936
0.0301443644,0.00912036556,-0.000925337573,0.000303285439,-0.00499989829,-0.359363948,1706.4542
0.0301480251,0.0101338132,-0.001029112,0.000373209544,-0.00485343661,-0.38505503,1706.63462
0.030151949,0.0112201325,-0.00113924431,0.00045581689,-0.00469604081,-0.412178503,1706.82
0.030156155,0.0123845633,-0.00125568183,0.000552983254,-0.00452683117,-0.440849759,1707.00959
0.0301606634,0.0136327222,-0.00137824674,0.000666804285,-0.00434484669,-0.471209749,1707.20249
0.030165496,0.0149706296,-0.00150660615,0.000799606077,-0.00414903692,-0.503432873,1707.39763
0.0301706761,0.0164047389,-0.00164023722,0.000953949645,-0.00393825331,-0.537737871,1707.59379
0.0301762287,0.0179419674,-0.00177838645,0.00113263008,-0.00371124037,-0.574390075,1707.78961
0.0301821805,0.0195897299,-0.00192002486,0.00133866434,-0.00346662681,-0.613718879,1707.98356
0.0301885603,0.0213559743,-0.0020637968,0.0015752626,-0.00320291694,-0.656139401,1708.17398
0.0301953988,0.0232492201,-0.00220796188,0.00184578121,-0.00291848372,-0.70215952,1708.35911
0.0302027291,0.0252785992,-0.00235033169,0.00215364917,-0.00261156295,-0.752400673,1708.53707
0.0302105865,0.0274539002,-0.0024882003,0.00250226079,-0.00228024967,-0.807619173,1708.70592
0.0302190088,0.0297856156,-0.00261826971,0.00289482272,-0.00192249933,-0.868727537,1708.86372
0.0302280367,0.0322849924,-0.00273657079,0.00333414808,-0.0015361327,-0.936813454,1709.00852
0.0302377138,0.0349640862,-0.00283838341,0.00382237387,-0.00111884648,-1.01316351,1709.13847
0.0302480867,0.0378358195,-0.0029181531,0.00436060838,-0.000668229519,-1.0992648,1709.25185
0.0302592054,0.040914044,-0.00296942505,0.00494843361,-0.000181783731,-1.19683956,1709.34719
0.0302711237,0.0442136074,-0.00298475767,0.00558337051,0.000343053814,-1.30777052,1709.42333
0.0302838989,0.0477504251,-0.00295574119,0.00626000059,0.000908895127,-1.43421487,1709.47953
0.0302975927,0.0515415566,-0.00287285486,0.00696930941,0.00151840669,-1.57826005,1709.51559
0.0303122712,0.0556052884,-0.00272584431,0.00769708556,0.00217436297,-1.74236121,1709.53194
0.0303280052,0.0599612217,-0.0025031657,0.00842346652,0.00287979272,-1.92821302,1709.52982
0.0303448704,0.0646303672,-0.00219399106,0.00911995194,0.0036382982,-2.13827681,1709.51139
0.0303629484,0.0696352464,-0.00178558038,0.00975007475,0.00445465732,-2.37180055,1709.47948
0.0303823263,0.075,-0.00127075135,0.0102685063,0.00533592561,-2.62978984,1709.43776
0.0304017041,0.0803647536,-0.000683379952,0.0106051368,0.00622843018,-2.89208329,1709.39359
0.0304197821,0.0853696328,-8.39660717e-05,0.010734341,0.00707800419,-3.14132795,1709.35356
0.0304366474,0.0900387783,0.000506810077,0.0106708222,0.00789332409,-3.37599332,1709.31945
0.0304523813,0.0943947116,0.00107741919,0.0104474057,0.00868208478,-3.58951197,1709.29144
0.0304670598,0.0984584434,0.0016126348,0.0100977439,0.00945069891,-3.78509254,1709.26872
0.0304807536,0.102249575,0.00210464839,0.00964658212,0.0102040786,-3.96361195,1709.24976
0.0304935288,0.105786393,0.00254642906,0.00911916838,0.0109456228,-4.12505217,1709.2315
0.0305054471,0.109085956,0.00293410662,0.00853880541,0.0116773254,-4.27036525,1709.20836
0.0305165659,0.112164181,0.00326558376,0.00792586517,0.0123999642,-4.40069258,1709.17078
0.0305269388,0.115035914,0.0035404811,0.0072976639,0.0131133307,-4.51725435,1709.10385
0.0305366158,0.117715008,0.0037597411,0.00666864202,0.0138164719,-4.62148416,1708.98669
0.0305456438,0.120214384,0.00392536308,0.006050489,0.0145079238,-4.71482748,1708.79353
0.0305540661,0.1225461,0.00404013697,0.00545240594,0.0151859202,-4.79881829,1708.49719
0.0305619234,0.124721401,0.00410743981,0.00488136626,0.0158485699,-4.8750244,1708.0739
0.0305692537,0.12675078,0.00413104971,0.00434239641,0.0164939992,-4.94496079,1707.50781
0.0305760922,0.128644026,0.00411498939,0.00383885827,0.0171204593,-5.01000785,1706.79396
0.030582472,0.13041027,0.00406339515,0.00337271787,0.0177264016,-5.07134449,1705.93885
0.0305884238,0.132058033,0.0039804089,0.00294479435,0.0183105258,-5.12990787,1704.9589
0.0305939764,0.133595261,0.003870091,0.00255498545,0.0188718046,-5.18638443,1703.87741
0.0305991565,0.13502937,0.00373635187,0.00220246752,0.0194094904,-5.24122796,1702.72121
0.0306039891,0.136367278,0.0035829002,0.00188586962,0.0199231079,-5.29469596,1701.51753
0.0306084976,0.137615437,0.00341320603,0.00160342246,0.0204124371,-5.34689437,1700.29171
0.0306127036,0.138779867,0.00323047635,0.00135308358,0.02087749,-5.39782264,1699.06575
0.0306166274,0.139866187,0.00303764156,0.00113264081,0.0213184835,-5.44741376,1697.85765
0.0306202881,0.140879634,0.00283735071,0.000939796118,0.0217358105,-5.49556655,1696.68136
0.0306237032,0.141825099,0.00263197389,0.000772232297,0.0221300112,-5.54216974,1695.54708
0.0306268891,0.14270714,0.00242361016,0.00062766469,0.0225017454,-5.58711822,1694.46171
0.0306298614,0.143530013,0.00221409956,0.000503880207,0.022851767,-5.63032315,1693.42952
0.0306326343,0.144297686,0.00200503816,0.000398765838,0.0231809009,-5.67171793,1692.45262
0.0306352212,0.145013864,0.00179779487,0.000310326792,0.0234900218,-5.71126476,1691.53154
0.0306376345,0.145681998,0.0015935294,0.000236699993,0.0237800366,-5.74894293,1690.66561
0.030639886,0.146305314,0.00139321075,0.000176161185,0.0240518689,-5.78473596,1689.85334
0.0306419864,0.146886817,0.00119763576,0.000127127534,0.024306446,-5.81865927,1689.09268
0.030643946,0.147429312,0.00100744683,8.81576691e-05,0.0245446886,-5.85075133,1688.38124
0.030645774,0.147935415,0.00082314896,5.79330308e-05,0.0247675017,-5.88108414,1687.71644
0.0306474795,0.148407569,0.000645125949,3.52928374e-05,0.0249757682,-5.9095697,1687.09561
0.0306490705,0.14884805,0.000473655131,1.91374417e-05,0.0251703435,-5.93623501,1686.5161
0.0306505549,0.149258983,0.000308919969,8.87122258e-06,0.0253520516,-5.96054933,1685.97531
0.0306519396,0.14964235,0.00015102359,2.64356246e-06,0.0255216829,-5.9911989,1685.47074
0.0306532315,0.15,0,0,0.0256799899,-6.00949737,1685
0.0323962834,0,0,0,-0.0067850776,-0.108343267,1704.85985
0.0324017707,0.000357650242,-3.75443134e-05,7.01082971e-07,-0.0067309356,-0.115801547,1704.94371
0.0324076526,0.000741017226,-7.81448896e-05,2.47544164e-06,-0.00667287907,-0.129127816,1705.03291
0.0324139575,0.00115195011,-0.00012204512,5.33660032e-06,-0.00661061821,-0.140748334,1705.12768
0.0324207156,0.00159243101,-0.000169500618,9.93115957e-06,-0.00654384337,-0.153348311,1705.22827
0.0324279597,0.00206458457,-0.000220779994,1.6462191e-05,-0.00647222085,-0.166756005,1705.33491
0.0324357247,0.0025706882,-0.000276165526,2.53168113e-05,-0.00639539081,-0.181002032,1705.44781
0.0324440481,0.00311318307,-0.000335950821,3.69203673e-05,-0.00631296487,-0.196067883,1705.56716
0.0324529699,0.00369468589,-0.000400438262,5.17770052e-05,-0.00622452343,-0.212000104,1705.69311
0.0324625333,0.00431800152,-0.000469935796,7.04645935e-05,-0.00612961275,-0.228837501,1705.82578
0.0324727842,0.00498613648,-0.000544752666,9.36497225e-05,-0.00602774157,-0.24662256,1705.96523
0.0324837723,0.0057023135,-0.000625193829,0.000122098149,-0.0059183774,-0.265400366,1706.11146
0.0324955505,0.00646998704,-0.000711552847,0.000156687601,-0.00580094232,-0.285220226,1706.2644
0.0325081756,0.00729285993,-0.000804102964,0.00019842128,-0.00567480823,-0.306136623,1706.4239
0.0325217085,0.00817490128,-0.000903086062,0.000248442392,-0.00553929159,-0.328210977,1706.58969
0.0325362145,0.00912036556,-0.00100869914,0.000308049344,-0.00539364743,-0.351513889,1706.76142
0.0325517635,0.0101338132,-0.00112107793,0.000378711317,-0.00523706274,-0.376128078,1706.93857
0.0325684306,0.0112201325,-0.00124027726,0.000462083699,-0.0050686491,-0.402152126,1707.12053
0.0325862961,0.0123845633,-0.00136624771,0.000560022692,-0.00488743447,-0.429705189,1707.30649
0.0326054463,0.0136327222,-0.00149880799,0.000674597961,-0.00469235434,-0.458932914,1707.49551
0.0326259734,0.0149706296,-0.00163761287,0.000808102606,-0.004482242,-0.490013909,1707.68647
0.0326479765,0.0164047389,-0.00178211555,0.000963056355,-0.00425581832,-0.52317094,1707.8781
0.0326715618,0.0179419674,-0.00193152362,0.00114220463,-0.00401168098,-0.558680102,1708.06892
0.0326968429,0.0195897299,-0.00208475114,0.00134850379,-0.0037482936,-0.596880494,1708.25731
0.0327239419,0.0213559743,-0.00224036316,0.00158509239,-0.00346397504,-0.638193911,1708.4415
0.0327529894,0.0232492201,-0.00239651122,0.00185524586,-0.00315688997,-0.683139981,1708.61957
0.0327841256,0.0252785992,-0.00255086431,0.00216230105,-0.00282504046,-0.732352991,1708.78949
0.0328175006,0.0274539002,-0.00270053223,0.00250955071,-0.00246626009,-0.786604367,1708.94916
0.0328532754,0.0297856156,-0.00284198252,0.00290009286,-0.00207821228,-0.846823647,1709.09644
0.0328916226,0.0322849924,-0.00297095186,0.00333662732,-0.00165839277,-0.914118845,1709.22923
0.0329327272,0.0349640862,-0.00308235454,0.0038211812,-0.00120413774,-0.989797356,1709.3455
0.0329767873,0.0378358195,-0.00317018854,0.00435475751,-0.000712637792,-1.07537466,1709.44342
0.0330240156,0.040914044,-0.00322745025,0.00493686299,-0.000180956582,-1.17259219,1709.52144
0.0330746399,0.0442136074,-0.00324604627,0.00556495451,0.000393949463,-1.28337923,1709.5784
0.0331289042,0.0477504251,-0.0032167631,0.00623364773,0.00101521871,-1.4098868,1709.61367
0.0331870704,0.0515415566,-0.00312918708,0.00693393937,0.00168609533,-1.55430612,1709.62727
0.0332494191,0.0556052884,-0.00297188557,0.00765193028,0.00240999318,-1.71897416,1709.6201
0.0333162509,0.0599612217,-0.00273218617,0.00836778471,0.00319066278,-1.90593298,1709.59406
0.0333878882,0.0646303672,-0.00239750377,0.00905394454,0.00403254806,-2.11706154,1709.55205
0.0334646766,0.0696352464,-0.00195412821,0.0096735636,0.00494146223,-2.35269392,1709.49777
0.0335469865,0.075,-0.00139203706,0.0101839043,0.00592577646,-2.61175913,1709.43595
0.0336292963,0.0803647536,-0.000749387802,0.0105144809,0.00692575859,-2.87787513,1709.37615
0.0337060847,0.0853696328,-9.02472243e-05,0.0106377712,0.0078803467,-3.12925857,1709.32586
0.0337777221,0.0900387783,0.000562484601,0.0105741369,0.00879868851,-3.36433631,1709.28595
0.0338445539,0.0943947116,0.00119340083,0.0103531343,0.00968894312,-3.58063445,1709.25563
0.0339069025,0.0984584434,0.00178751705,0.0100063348,0.0105579216,-3.7776829,1709.23309
0.0339650687,0.102249575,0.002334975,0.009559692,0.0114108477,-3.95806068,1709.21596
0.0340193331,0.105786393,0.00282807195,0.00903744222,0.0122513179,-4.12092844,1709.20051
0.0340699573,0.109085956,0.00326205438,0.00846292473,0.013081405,-4.26757938,1709.18054
0.0341171856,0.112164181,0.00363435548,0.00785612492,0.0139018546,-4.39910139,1709.14591
0.0341612458,0.115035914,0.00394425518,0.00723418115,0.014712331,-4.51674127,1709.08133
0.0342023504,0.117715008,0.00419252907,0.00661133194,0.0155116797,-4.6219244,1708.96572
0.0342406976,0.120214384,0.00438118461,0.0059991613,0.0162981827,-4.71614874,1708.77316
0.0342764724,0.1225461,0.00451315249,0.00540676707,0.0170697897,-4.80095966,1708.47654
0.0343098474,0.124721401,0.00459204833,0.00484106049,0.0178243142,-4.87793893,1708.05229
0.0343409836,0.12675078,0.004621967,0.00430702849,0.0185595922,-4.94860968,1707.48485
0.0343700311,0.128644026,0.0046073058,0.00380801369,0.0192736026,-5.0143572,1706.76957
0.0343971301,0.13041027,0.004552615,0.00334597797,0.0199645524,-5.07636238,1705.91324
0.0344224112,0.132058033,0.00446247399,0.00292174787,0.0206309304,-5.13556264,1704.93243
0.0344459964,0.133595261,0.00434139062,0.00253523697,0.0212715359,-5.19264384,1703.85056
0.0344679996,0.13502937,0.00419372153,0.00218564328,0.0218854865,-5.24805917,1702.69447
0.0344885267,0.136367278,0.00402361138,0.00187162136,0.0224722102,-5.30206593,1701.49135
0.0345076768,0.137615437,0.00383494869,0.00159142954,0.0230314265,-5.35477049,1700.26647
0.0345255423,0.138779867,0.00363133616,0.00134305383,0.0235631206,-5.40617339,1699.04175
0.0345422094,0.139866187,0.00341607327,0.00112431037,0.024067512,-5.4562093,1697.83511
0.0345577585,0.140879634,0.00319214907,0.000932928572,0.024545023,-5.50477919,1696.66044
0.0345722644,0.141825099,0.00296224327,0.000766617262,0.0249962457,-5.55177422,1695.52784
0.0345857973,0.14270714,0.00272873374,0.000623116024,0.0254219104,-5.59709188,1694.44421
0.0345984224,0.143530013,0.0024937089,0.000500234155,0.025822857,-5.64064554,1693.41373
0.0346102006,0.144297686,0.00225898366,0.000395878655,0.0262000083,-5.68237071,1692.43853
0.0346211887,0.145013864,0.00202611764,0.000308073802,0.026554346,-5.7222268,1691.51908
0.0346314397,0.145681998,0.00179643511,0.000234974408,0.0268868907,-5.76018811,1690.65473
0.0346410031,0.146305314,0.00157104544,0.00017487098,0.0271986838,-5.79625872,1689.84397
0.0346499249,0.146886817,0.00135086275,0.000126191428,0.0274907729,-5.83046702,1689.08475
0.0346582482,0.147429312,0.00113662582,8.75036017e-05,0.0277641992,-5.86284058,1688.37466
0.0346660132,0.147935415,0.000928917678,5.74988133e-05,0.028019988,-5.89344727,1687.71113
0.0346732574,0.148407569,0.000728183679,3.50244537e-05,0.0282591406,-5.92220255,1687.09151
0.0346800155,0.14884805,0.000534748602,1.89889508e-05,0.0284826281,-5.94913375,1686.51312
0.0346863203,0.149258983,0.000348831787,8.79773739e-06,0.0286913869,-5.97372668,1685.97339
0.0346922022,0.14964235,0.000170563014,2.621238e-06,0.0288863158,-6.00454783,1685.46981
0.0346976896,0.15,0,0,0.029068267,-6.02287427,1685
0.0348109763,0,0,0,-0.00729081088,-0.110472913,1705.2224
0.0348209299,0.000357650242,-4.13089073e-05,6.9782995e-07,-0.00723334247,-0.117833343,1705.30455
0.0348315992,0.000741017226,-8.59148993e-05,2.55383351e-06,-0.00717170441,-0.130705068,1705.39195
0.0348430356,0.00115195011,-0.000134078194,5.46190872e-06,-0.00710558361,-0.141597711,1705.48484
0.0348552944,0.00159243101,-0.000186068267,1.01520172e-05,-0.00703464697,-0.153454075,1705.58346
0.0348684347,0.00206458457,-0.000242169578,1.68150579e-05,-0.00695853511,-0.166099743,1705.68803
0.0348825198,0.0025706882,-0.000302680205,2.58419446e-05,-0.00687685999,-0.179559544,1705.79877
0.0348976176,0.00311318307,-0.000367910008,3.76600215e-05,-0.00678920217,-0.193800732,1705.91584
0.0349138011,0.00369468589,-0.000438177979,5.27771581e-05,-0.00669510789,-0.208869661,1706.03941
0.0349311483,0.00431800152,-0.000513808947,7.17738228e-05,-0.00659408569,-0.224804971,1706.16959
0.0349497428,0.00498613648,-0.000595129123,9.53184481e-05,-0.00648560262,-0.241649298,1706.30643
0.0349696744,0.0057023135,-0.000682460308,0.000124177426,-0.00636908004,-0.259448099,1706.44992
0.0349910391,0.00646998704,-0.00077611248,0.000159227528,-0.00624388881,-0.278251417,1706.59999
0.03501394,0.00729285993,-0.000876374486,0.000201468893,-0.00610934395,-0.298114839,1706.75646
0.0350384876,0.00817490128,-0.000983502473,0.000252038977,-0.00596469856,-0.319101308,1706.91906
0.0350648003,0.00912036556,-0.00109770571,0.000312227067,-0.00580913705,-0.341283423,1707.0874
0.0350930051,0.0101338132,-0.00121912933,0.000383489073,-0.00564176752,-0.364746436,1707.26094
0.0351232378,0.0112201325,-0.00134783365,0.000467462082,-0.00546161329,-0.389592064,1707.43903
0.0351556445,0.0123845633,-0.00148376936,0.000565977988,-0.00526760347,-0.415943308,1707.62081
0.0351903813,0.0136327222,-0.00162674829,0.000681075109,-0.00505856264,-0.443950423,1707.80528
0.0352276159,0.0149706296,-0.00177640902,0.000815006923,-0.00483319959,-0.473797582,1707.99125
0.0352675278,0.0164047389,-0.00193217694,0.00097024501,-0.0045900953,-0.505713355,1708.17734
0.0353103096,0.0179419674,-0.00209321766,0.00114947528,-0.00432769019,-0.539983747,1708.36199
0.0353561676,0.0195897299,-0.00225838405,0.00135558337,-0.00404427086,-0.576956787,1708.54344
0.035405323,0.0213559743,-0.00242615643,0.00159162632,-0.00373795776,-0.617062021,1708.71976
0.0354580129,0.0232492201,-0.00259457382,0.00186078528,-0.0034066926,-0.660833352,1708.88887
0.0355144915,0.0252785992,-0.00276115777,0.00216629136,-0.00304822697,-0.708920486,1709.04856
0.0355750311,0.0274539002,-0.00292282868,0.00251132092,-0.00266011453,-0.762111757,1709.19653
0.0356399238,0.0297856156,-0.00307581425,0.00289884808,-0.00223970612,-0.821356441,1709.33046
0.0357094827,0.0322849924,-0.00321555138,0.00333144479,-0.00178414953,-0.887785463,1709.44804
0.0357840431,0.0349640862,-0.00333658318,0.003811014,-0.0012903951,-0.962731131,1709.5471
0.0358639648,0.0378358195,-0.00343245321,0.00433844462,-0.000755207185,-1.04773883,1709.62569
0.0359496332,0.040914044,-0.00349560351,0.00491315867,-0.000175180482,-1.14457763,1709.68223
0.0360414616,0.0442136074,-0.00351727681,0.00553255942,0.00045324285,-1.25521748,1709.7156
0.0361398929,0.0477504251,-0.00348745257,0.00619128982,0.00113376418,-1.38182952,1709.72534
0.0362454018,0.0515415566,-0.0033947946,0.00688042283,0.00187024521,-1.52665824,1709.71195
0.0363584973,0.0556052884,-0.00322669914,0.00758634229,0.00266678259,-1.69200095,1709.67694
0.036479725,0.0599612217,-0.00296928419,0.00828945737,0.003527896,-1.88013974,1709.62287
0.0366096695,0.0646303672,-0.00260826862,0.00896301687,0.00445892406,-2.09266761,1709.55349
0.0367489576,0.0696352464,-0.0021287122,0.00957040033,0.00546677569,-2.33043466,1709.47376
0.0368982612,0.075,-0.00151792286,0.0100704893,0.00656120933,-2.59155555,1709.38992
0.0370475648,0.0803647536,-0.000818015275,0.0103937507,0.00767598859,-2.86042062,1709.31397
0.0371868529,0.0853696328,-9.74122093e-05,0.0105120288,0.00874266529,-3.11431347,1709.25417
0.0373167974,0.0900387783,0.000619022435,0.0104481416,0.00977087131,-3.35132579,1709.21016
0.037362877,0,0,0,-0.00782528096,-0.110637805,1705.60553
0.037377639,0.000357650242,-4.53703419e-05,7.15247736e-07,-0.0077642829,-0.11763196,1705.68597
0.0373934624,0.000741017226,-9.42901442e-05,2.59338919e-06,-0.00769884391,-0.1298002,1705.77157
0.0374104236,0.00115195011,-0.000147035261,5.56455204e-06,-0.00762862608,-0.140015829,1705.86255
0.0374286044,0.00159243101,-0.000203892204,1.03387614e-05,-0.00755327127,-0.15113913,1705.95917
0.037438025,0.0943947116,0.00131260708,0.0102299581,0.0107692455,-3.57012082,1709.17994
0.0374480925,0.00206458457,-0.000265162214,1.7116e-05,-0.00747239268,-0.163006877,1706.06162
0.0374689819,0.0025706882,-0.000331159036,2.62895176e-05,-0.00738557206,-0.175644544,1706.17013
0.0374913733,0.00311318307,-0.000402208096,3.82895388e-05,-0.00729235682,-0.189022977,1706.28486
0.0375153747,0.00369468589,-0.000478644238,5.36255889e-05,-0.0071922566,-0.20318769,1706.40596
0.037541102,0.00431800152,-0.000560808221,7.28792129e-05,-0.00708473957,-0.218176969,1706.53352
0.0375511206,0.0984584434,0.00196788801,0.00988730386,0.0117450188,-3.76910749,1709.16057
0.0375686792,0.00498613648,-0.000649042069,9.67187918e-05,-0.0069692281,-0.234033246,1706.6676
0.0375982394,0.0057023135,-0.000743683043,0.000125909209,-0.00684509408,-0.250802085,1706.80816
0.037629925,0.00646998704,-0.000845055916,0.000161323793,-0.00671165344,-0.268533956,1706.95512
0.0376566295,0.102249575,0.00257306582,0.00944649889,0.0127037445,-3.95136879,1709.14859
0.037663889,0.00729285993,-0.000953463241,0.000203956763,-0.00656816014,-0.287285264,1707.10827
0.0377002952,0.00817490128,-0.00106917325,0.00025493652,-0.00641379927,-0.307120217,1707.26732
0.0377393191,0.00912036556,-0.001192405,0.000315539406,-0.00624767937,-0.328113194,1707.43183
0.0377550608,0.105786393,0.00311959366,0.00893113274,0.0136492311,-4.11589694,1709.13933
0.037781149,0.0101338132,-0.00132331027,0.000387203632,-0.00606882375,-0.350351822,1707.60124
0.0378259867,0.0112201325,-0.00146195174,0.000471542857,-0.00587616084,-0.373940882,1707.77481
0.0378468892,0.109085956,0.0036018899,0.00836422982,0.0145836408,-4.26402064,1709.12582
0.0378740485,0.0123845633,-0.00160827693,0.000570358726,-0.00566851341,-0.399007234,1707.95164
0.0379255661,0.0136327222,-0.00176208716,0.000685651382,-0.00544458673,-0.425705931,1708.13065
0.0379325576,0.112164181,0.00401683521,0.00776540812,0.0155076934,-4.39687931,1709.09728
0.0379807881,0.0149706296,-0.00192300114,0.000819626697,-0.0052029556,-0.454227565,1708.31054
0.0380124793,0.115035914,0.00436335307,0.00715153775,0.0164209283,-4.51574966,1709.0378
0.0380399808,0.0164047389,-0.00209041245,0.000974698625,-0.00494205039,-0.48480735,1708.48982
0.0380870397,0.117715008,0.0046420531,0.00653665238,0.0173219889,-4.62203188,1708.92601
0.0381034297,0.0179419674,-0.00226344031,0.00115348326,-0.00466014222,-0.517738227,1708.66678
0.0381565985,0.120214384,0.00485493965,0.00593218821,0.0182089002,-4.71726924,1708.73595
0.038171441,0.0195897299,-0.00244087179,0.00135878439,-0.00435532712,-0.55338085,1708.83952
0.0382214913,0.1225461,0.00500507298,0.00534712615,0.0190793227,-4.80303215,1708.44049
0.0382443425,0.0213559743,-0.00262109782,0.00159356384,-0.00402551169,-0.592177537,1709.00594
0.0382820309,0.124721401,0.00509630362,0.00478829921,0.0199307685,-4.88091509,1708.01631
0.038322486,0.0232492201,-0.00280204051,0.00186089328,-0.00366839745,-0.634674274,1709.16375
0.0383385095,0.12675078,0.00513304724,0.00426064786,0.0207607773,-4.95245122,1707.44826
0.0383911994,0.128644026,0.00512008437,0.00376749143,0.0215670502,-5.01903146,1706.7321
0.0384062484,0.0252785992,-0.00298106992,0.00216388273,-0.00328146623,-0.681538172,1709.31053
0.0384403548,0.13041027,0.00506239114,0.00331078672,0.0223475441,-5.08183858,1705.87498
0.0384862128,0.132058033,0.00496499866,0.00289136896,0.0231005329,-5.14180945,1704.89375
0.0384960337,0.0274539002,-0.00315491307,0.00250557545,-0.00286196999,-0.733577443,1709.44378
0.0385289946,0.133595261,0.00483287808,0.00250917045,0.0238246398,-5.19962826,1703.81195
0.0385689065,0.13502937,0.00467084908,0.00216341494,0.0245188455,-5.25574625,1702.65647
0.038592275,0.0297856156,-0.00331955407,0.0028888045,-0.00240692262,-0.791764022,1709.56095
0.0386061411,0.136367278,0.00448350941,0.00185278726,0.025182481,-5.31041907,1701.45448
0.0386408779,0.137615437,0.00427518319,0.00157557863,0.0258152064,-5.36375203,1700.23116
0.0386732846,0.138779867,0.00404988548,0.00132980909,0.0264169814,-5.41574528,1699.00835
0.0386954365,0.0322849924,-0.00347012656,0.0033159977,-0.00191309683,-0.85725456,1709.65955
0.0387035173,0.139866187,0.00381130092,0.00111332884,0.026988032,-5.46633366,1697.80388
0.0387317221,0.140879634,0.00356277386,0.000923900553,0.0275288134,-5.51541887,1696.63152
0.0387580348,0.141825099,0.00330730808,0.000759264919,0.0280399742,-5.56289313,1695.50132
0.0387825824,0.14270714,0.00304757392,0.000617191641,0.0285223208,-5.60865536,1694.4201
0.0388054833,0.143530013,0.002785921,0.00049551807,0.0289767849,-5.65262104,1693.39203
0.0388060158,0.0349640862,-0.00360079952,0.003788919,-0.00137702682,-0.931410053,1709.73725
0.038826848,0.144297686,0.00252439511,0.000392176844,0.0294043933,-5.69472828,1692.41917
0.0388467796,0.145013864,0.00226475774,0.000305216204,0.0298062415,-5.73493616,1691.502
0.0388653741,0.145681998,0.00200850776,0.000232811671,0.0301834701,-5.77322587,1690.63982
0.0388827213,0.146305314,0.0017569033,0.000173272996,0.0305372451,-5.80960167,1689.83113
0.0388989047,0.146886817,0.00151098425,0.000125046259,0.0308687409,-5.84408532,1689.07387
0.0389140026,0.147429312,0.00127159447,8.67149997e-05,0.0311791263,-5.87670948,1688.36564
0.0389245463,0.0378358195,-0.00370465898,0.00430833344,-0.000795017154,-1.01580847,1709.79201
0.0389280877,0.147935415,0.0010394028,5.69845288e-05,0.0314695532,-5.9075472,1687.70386
0.038941228,0.148407569,0.000814923029,3.47138281e-05,0.0317411475,-5.9365179,1687.08588
0.0389534868,0.14884805,0.000598532786,1.88222982e-05,0.0319950021,-5.96365019,1686.50904
0.0389649232,0.149258983,0.000390490878,8.72115167e-06,0.032232172,-5.98844014,1685.97076
0.0389755925,0.14964235,0.000190953485,2.59914068e-06,0.0324536699,-6.01936366,1685.46854
0.0389855461,0.15,0,0,0.0326604531,-6.03769542,1685
0.0390515997,0.040914044,-0.00377359061,0.0048735717,-0.000163156434,-1.1122527,1709.82224
0.0391877888,0.0442136074,-0.00379816783,0.00548199383,0.000522668342,-1.22275229,1709.82693
0.0393337706,0.0477504251,-0.00376756184,0.006128275,0.00126676644,-1.34951537,1709.80612
0.0394902491,0.0515415566,-0.00366948577,0.00680363056,0.00207366625,-1.49480488,1709.76084
0.0396579792,0.0556052884,-0.00349016032,0.00749470632,0.00294820115,-1.6609467,1709.6931
0.0398377699,0.0599612217,-0.00321447874,0.0081823752,0.00389571924,-1.85037231,1709.60634
0.0400304883,0.0646303672,-0.00282650519,0.00884063683,0.00492252,-2.06456925,1709.50557
0.0400597819,0,0,0,-0.00839012072,-0.108124321,1706.01042
0.0400792162,0.000357650242,-4.97154792e-05,7.5221865e-07,-0.00832526854,-0.114552094,1706.089
0.040100048,0.000741017226,-0.000103247119,2.59846821e-06,-0.00825568108,-0.125825712,1706.17262
0.0401223777,0.00115195011,-0.000160887649,5.64018131e-06,-0.00818099385,-0.135393356,1706.26152
0.040146313,0.00159243101,-0.000222936902,1.04819416e-05,-0.0081008219,-0.145787577,1706.35592
0.0401719693,0.00206458457,-0.000289710332,1.7348565e-05,-0.00801474901,-0.156862394,1706.45604
0.0401994705,0.0025706882,-0.000361536244,2.66337512e-05,-0.00792232473,-0.168646547,1706.56207
0.0402289491,0.00311318307,-0.000438754677,3.87707815e-05,-0.00782306104,-0.18112918,1706.67417
0.0402370642,0.0696352464,-0.00230976917,0.00943360036,0.00603668317,-2.30451992,1709.39735
0.0402605474,0.00369468589,-0.000521714973,5.42683672e-05,-0.00771642859,-0.194354552,1706.79247
0.0402944178,0.00431800152,-0.000610772128,7.37070341e-05,-0.00760185254,-0.208360551,1706.91707
0.0403307236,0.00498613648,-0.00070628193,9.77525788e-05,-0.00747870783,-0.223189179,1707.04797
0.0403696399,0.0057023135,-0.000808594645,0.000127165515,-0.0073463138,-0.238885978,1707.18514
0.0404113545,0.00646998704,-0.000918046951,0.000162812443,-0.00720392822,-0.255501682,1707.32846
0.0404560686,0.00729285993,-0.00103495178,0.000205677911,-0.00705074042,-0.273093397,1707.4777
0.0404584938,0.075,-0.00164909482,0.00992129172,0.00724944306,-2.56824401,1709.28965
0.0405039979,0.00817490128,-0.0011595857,0.000256877013,-0.00688586367,-0.291726525,1707.6325
0.0405553734,0.00912036556,-0.00129217331,0.000317668314,-0.0067083265,-0.311477196,1707.7924
0.0406104432,0.0101338132,-0.00143286837,0.000389466827,-0.00651706294,-0.332435432,1707.95676
0.0406694727,0.0112201325,-0.00158173083,0.000473856543,-0.00631090171,-0.354709174,1708.12478
0.0406799234,0.0803647536,-0.000890048344,0.0102359191,0.00848754238,-2.8397691,1709.19712
0.0407327467,0.0123845633,-0.00173869942,0.000572601788,-0.00608855401,-0.37842936,1708.29548
0.0408005704,0.0136327222,-0.00190355903,0.000687656468,-0.00584860016,-0.403756227,1708.46766
0.0408732709,0.0149706296,-0.00207590229,0.00082117002,-0.00558947487,-0.430886968,1708.63991
0.0408864993,0.0853696328,-0.000106393957,0.0103494067,0.00967456616,-3.09670713,1709.12863
0.040951199,0.0164047389,-0.00225508454,0.000975488519,-0.00530945136,-0.460064491,1708.8106
0.0410347305,0.0179419674,-0.00244017167,0.00115314808,-0.00500662447,-0.491589448,1708.97787
0.0410792177,0.0900387783,0.000675347677,0.0102854513,0.0108206366,-3.33587698,1709.08232
0.0411242682,0.0195897299,-0.00262987927,0.00135685823,-0.0046788924,-0.525835615,1709.13962
0.0412202442,0.0213559743,-0.00282250465,0.00158947208,-0.00432393966,-0.563260643,1709.29354
0.0412590084,0.0943947116,0.00143399135,0.0100711543,0.0119348831,-3.557277,1709.05477
0.0413231213,0.0232492201,-0.00301584871,0.00185393959,-0.00393921904,-0.604424492,1709.43715
0.0414267385,0.0984584434,0.00215259798,0.00973402881,0.0130249736,-3.75904318,1709.04182
0.0414333957,0.0252785992,-0.00320712673,0.00215323476,-0.00352193399,-0.650013234,1709.56781
0.0415515994,0.0274539002,-0.00339287022,0.0024902537,-0.00306902555,-0.700857263,1709.68277
0.041583217,0.102249575,0.00281769257,0.00930060429,0.0140968049,-3.9430979,1709.03871
0.0416783025,0.0297856156,-0.0035688204,0.00286767579,-0.00257716114,-0.757953307,1709.77928
0.0417291988,0.105786393,0.00341985191,0.00879425451,0.0151544124,-4.10948062,1709.03964
0.0418141161,0.0322849924,-0.00372981219,0.00328777403,-0.00204272867,-0.822486351,1709.85468
0.0418653879,0.109085956,0.00395258582,0.00823716039,0.0162000581,-4.25926784,1709.03663
0.0419596954,0.0349640862,-0.00386964845,0.00375216601,-0.00146183653,-0.895849077,1709.90651
0.0419924413,0.112164181,0.00441214574,0.00764855751,0.0172344426,-4.39366254,1709.01802
0.0421109718,0.115035914,0.00479707875,0.00704499367,0.0182569837,-4.51391701,1708.96704
0.0421157425,0.0378358195,-0.00398097041,0.00426149153,-0.000830319893,-0.979654268,1709.93266
0.0422215511,0.117715008,0.00510780884,0.00644028232,0.0192661222,-4.62142494,1708.86179
0.0422830102,0.040914044,-0.00405512613,0.00481499543,-0.000143752067,-1.07574199,1709.93161
0.0423247126,0.120214384,0.00534629999,0.00584564445,0.0202596238,-4.71781341,1708.6764
0.0424209539,0.1225461,0.00551573142,0.00526993316,0.0212348556,-4.80467703,1708.38388
0.0424623052,0.0442136074,-0.00408204279,0.00541001442,0.000602543667,-1.18616065,1709.90287
0.0425107392,0.124721401,0.00562018717,0.00471988237,0.0221890234,-4.88361158,1707.96109
0.0425945016,0.12675078,0.00566440618,0.00420037901,0.0231193652,-4.9561636,1707.39339
0.0426544923,0.0477504251,-0.00405011446,0.00604128301,0.00141349209,-1.31315888,1709.84691
0.0426726451,0.128644026,0.00565355893,0.00371471403,0.0240232988,-5.02373079,1706.67709
0.0427455466,0.13041027,0.00559305824,0.00326483833,0.024898527,-5.08749782,1705.81981
0.0428135579,0.132058033,0.00548840101,0.00285159791,0.0257431054,-5.14840035,1704.83875
0.0428604986,0.0515415566,-0.00394611762,0.00670022267,0.00229429456,-1.4590135,1709.76507
0.0428770068,0.133595261,0.00534503821,0.00247494816,0.0265554782,-5.20712001,1703.75766
0.0429099304,0,0,0,-0.00898705582,-0.101469953,1706.4383
0.0429341769,0.000357650242,-5.43341638e-05,7.77885093e-07,-0.00891805823,-0.107640681,1706.51481
0.0429361995,0.13502937,0.00516827066,0.00213414442,0.0273344892,-5.26410521,1702.6035
0.0429601668,0.000741017226,-0.00011276494,2.62675009e-06,-0.00884400905,-0.118262518,1706.59625
0.0429880255,0.00115195011,-0.000175600255,5.69429063e-06,-0.00876451548,-0.127054576,1706.68283
0.0429914215,0.136367278,0.00496316829,0.0018279087,0.0280793725,-5.31960927,1701.40341
0.0430178874,0.00159243101,-0.000243152384,1.05791984e-05,-0.00867916383,-0.136659485,1706.77477
0.0430429391,0.137615437,0.00473451022,0.00155457261,0.0287897303,-5.37373598,1700.18251
0.0430498965,0.00206458457,-0.000315749685,1.75007972e-05,-0.00858750642,-0.146903539,1706.87226
0.0430813177,0.0556052884,-0.00375515479,0.00737376165,0.00325052576,-1.62613407,1709.66024
0.0430842072,0.0025706882,-0.000393733984,2.68530605e-05,-0.00848905827,-0.157810857,1706.9755
0.0430910009,0.138779867,0.0044867431,0.00131219802,0.0294655004,-5.42648483,1698.96251
0.043120985,0.00311318307,-0.000477458851,3.90680879e-05,-0.00838329344,-0.169370696,1707.08462
0.0431358386,0.139866187,0.00422395526,0.00109867697,0.0301069185,-5.47779085,1697.76111
0.0431604073,0.00369468589,-0.000567286772,5.46521859e-05,-0.00826964087,-0.181627,1707.19973
0.0431776685,0.140879634,0.00394986395,0.000911812992,0.0307144782,-5.52755646,1696.59201
0.0432026643,0.00431800152,-0.000663585342,7.4182048e-05,-0.00814747972,-0.194616958,1707.32091
0.0432166924,0.141825099,0.00366781328,0.000749386043,0.0312888904,-5.57567482,1695.46515
0.0432479597,0.00498613648,-0.000766722157,9.83178444e-05,-0.00801613417,-0.208382102,1707.44815
0.0432530986,0.14270714,0.00338078086,0.000609202965,0.0318310439,-5.62204603,1694.38728
0.0432870626,0.143530013,0.00309139065,0.000489135715,0.0323419691,-5.66658835,1693.36251
0.0432965121,0.0057023135,-0.000877058207,0.000127812184,-0.00787486741,-0.222967819,1707.58136
0.0433180148,0.0599612217,-0.00346095543,0.0080434068,0.00428836456,-1.81696802,1709.53714
0.0433187482,0.144297686,0.00280193077,0.000387149125,0.0328228044,-5.70924102,1692.39286
0.0433483084,0.145013864,0.00251437471,0.00030132064,0.0332747662,-5.74996305,1691.47878
0.0433485556,0.00646998704,-0.000994939436,0.000163520915,-0.007722875,-0.238425038,1707.7204
0.0433758856,0.145681998,0.00223040443,0.000229852805,0.0336991231,-5.78873859,1690.61956
0.0434016128,0.146305314,0.00195143446,0.000171079918,0.0340971734,-5.82557365,1689.81369
0.0434043413,0.00729285993,-0.00112068613,0.000206414321,-0.00755927727,-0.254811496,1707.86499
0.0434256143,0.146886817,0.00167863647,0.00012346985,0.0344702259,-5.86049033,1689.0591
0.0434480057,0.147429312,0.00141296346,8.56259965e-05,0.0348195846,-5.89352249,1688.3534
0.0434641383,0.00817490128,-0.00125457975,0.000257588937,-0.00738311078,-0.272193742,1708.01473
0.0434688951,0.147935415,0.00115517303,5.62714447e-05,0.0351465354,-5.92474387,1687.69399
0.0434883832,0.148407569,0.00090584966,3.42809076e-05,0.035452336,-5.95407526,1687.07824
0.043506564,0.14884805,0.000665425592,1.85882023e-05,0.0357382085,-5.98154526,1686.50351
0.0435235252,0.149258983,0.000434200154,8.61538162e-06,0.0360053327,-6.00665426,1685.96719
0.0435282349,0.00912036556,-0.00139684663,0.000318279571,-0.00719331862,-0.290649673,1708.16907
0.0435393486,0.14964235,0.000212357703,2.56771326e-06,0.0362548421,-6.03780921,1685.46681
0.0435541106,0.15,0,0,0.0364878046,-6.05621626,1685
0.0435717315,0.0646303672,-0.00304599684,0.00868389787,0.00541507082,-2.03300459,1709.40221
0.0435969404,0.0101338132,-0.00154763824,0.000389871259,-0.00698873961,-0.310271788,1708.32731
0.0436705862,0.0112201325,-0.00170700719,0.00047391065,-0.00676809611,-0.331171339,1708.48857
0.0437495274,0.0123845633,-0.00187487855,0.000572116133,-0.00652998041,-0.353483535,1708.65174
0.0438341449,0.0136327222,-0.00205101569,0.00068638576,-0.00627283974,-0.377374033,1708.8155
0.0438436917,0.0696352464,-0.0024921251,0.0092606156,0.00663989055,-2.27508875,1709.26377
0.0439248467,0.0149706296,-0.00223497997,0.00081880187,-0.0059949597,-0.403046886,1708.97831
0.0440220705,0.0164047389,-0.0024260834,0.000971630659,-0.00569444636,-0.430753997,1709.13836
0.0441262851,0.0179419674,-0.0026233338,0.00114731447,-0.00536920708,-0.460806467,1709.2936
0.044135207,0.075,-0.00178192771,0.00973448473,0.00797552493,-2.54194544,1709.13155
0.0442379932,0.0195897299,-0.00282537148,0.00134845581,-0.00501693001,-0.493588571,1709.44173
0.0443577337,0.0213559743,-0.0030303951,0.00157778373,-0.00463506406,-0.529573493,1709.58023
0.0444267224,0.0803647536,-0.00096414306,0.010039443,0.00934136482,-2.81656285,1709.02286
0.0444860841,0.0232492201,-0.00323607919,0.00183810874,-0.00422079805,-0.569340869,1709.70637
0.0446236635,0.0252785992,-0.00343948269,0.00213225149,-0.00377104057,-0.613597422,1709.81727
0.0446986825,0.0853696328,-0.000118101006,0.0101485095,0.0106527333,-3.07656174,1708.94697
0.0447711354,0.0274539002,-0.00363694502,0.00246294592,-0.00328240343,-0.663198248,1709.90996
0.0449292114,0.0297856156,-0.00382396929,0.00283270381,-0.00275118753,-0.71916738,1709.98148
0.0449523992,0.0900387783,0.000728343549,0.0100852366,0.0119202751,-3.31809105,1708.90053
0.0450986537,0.0322849924,-0.00399509612,0.00324362852,-0.00217337399,-0.782720472,1710.02901
0.0451890963,0.0943947116,0.00155160995,0.00987600477,0.013153636,-3.54214738,1708.87855
0.0452802797,0.0349640862,-0.00414377196,0.00369718311,-0.00154462134,-0.855284469,1710.05001
0.0454099154,0.0984584434,0.00233294472,0.00954617387,0.0143609486,-3.74693585,1708.87533
0.0454749655,0.0378358195,-0.00426220785,0.00419387992,-0.00086026923,-0.938509309,1710.04244
0.0456159217,0.102249575,0.00305765344,0.0091220639,0.0155484785,-3.93297048,1708.88474
0.0456836502,0.040914044,-0.0043412333,0.00473288512,-0.000115347287,-1.03427352,1710.00507
0.0458081089,0.105786393,0.00371523191,0.00862688995,0.0167205118,-4.10140091,1708.89965
0.0459073402,0.0442136074,-0.00437015103,0.00531152981,0.000695415607,-1.14466451,1709.93783
0.0459220302,0,0,0,-0.00961791,-0.0903882586,1706.89045
0.0459507911,0.000357650242,-5.92059407e-05,7.81316529e-07,-0.00954435825,-0.0961838769,1706.96456
0.0459816201,0.000741017226,-0.000122795833,2.63358736e-06,-0.00946540996,-0.106056358,1707.04344
0.0459874038,0.109085956,0.00429827773,0.00808184291,0.0178794328,-4.25300238,1708.91093
0.0460146658,0.00115195011,-0.000191090522,5.71389406e-06,-0.00938064197,-0.114101809,1707.1273
0.0460500877,0.00159243101,-0.00026441584,1.0611929e-05,-0.00928960978,-0.122908483,1707.21632
0.0460880565,0.00206458457,-0.000343112362,1.75466134e-05,-0.00919183195,-0.132307146,1707.31071
0.0461287555,0.0025706882,-0.000427533941,2.69092321e-05,-0.00908678656,-0.142321374,1707.41061
0.0461471146,0.0477504251,-0.00433660405,0.0059246508,0.00157759279,-1.27196733,1709.84151
0.0461546715,0.112164181,0.00480240301,0.00750575691,0.0190259447,-4.38900906,1708.90585
0.046172381,0.00311318307,-0.000518045698,3.91282404e-05,-0.00897390716,-0.152941426,1707.51617
0.0462191433,0.00369468589,-0.00061502103,5.47045456e-05,-0.0088525782,-0.164210407,1707.62746
0.0462692681,0.00431800152,-0.000718837534,7.42076875e-05,-0.00872212989,-0.17616476,1707.74451
0.0463107186,0.115035914,0.00522577776,0.0069148044,0.0201593645,-4.51076478,1708.86679
0.046322997,0.00498613648,-0.000829871639,9.82884139e-05,-0.00858183247,-0.18884547,1707.8673
0.0463805894,0.0057023135,-0.00094849166,0.000127687131,-0.00843088962,-0.202297714,1707.9957
0.0464041299,0.0515415566,-0.00422645793,0.00656392512,0.00253709409,-1.418506,1709.7182
0.0464423229,0.00646998704,-0.00107504898,0.000163244087,-0.00826843109,-0.216572579,1708.12951
0.0464562979,0.117715008,0.00556862871,0.0063224933,0.0212779506,-4.61967492,1708.77094
0.0465084953,0.00729285993,-0.00120986694,0.00020590984,-0.00809350434,-0.231728415,1708.26839
0.0465794258,0.00817490128,-0.0013532271,0.000256756211,-0.00790506508,-0.24783294,1708.41188
0.0465921115,0.120214384,0.00583285711,0.00573980333,0.0223792285,-4.71734223,1708.59246
0.0466554566,0.00912036556,-0.00150535229,0.000316987355,-0.00770196664,-0.264965906,1708.55935
0.0466796259,0.0556052884,-0.00402376286,0.00721667408,0.00358027355,-1.58679063,1709.5721
0.0467188146,0.1225461,0.0060217513,0.00517545869,0.0234602898,-4.80542172,1708.30471
0.0467369543,0.0101338132,-0.00166638598,0.000387950642,-0.00748294794,-0.283222499,1708.71002
0.0468243122,0.0112201325,-0.00183636739,0.00047114686,-0.00724662003,-0.302717625,1708.86287
0.0468370183,0.124721401,0.006139625,0.00463607826,0.0245180515,-4.88552799,1707.88474
0.0469179514,0.0123845633,-0.00201520161,0.000568239058,-0.00699145109,-0.323591283,1709.01668
0.0469472927,0.12675078,0.00619153202,0.00412648428,0.0255494655,-4.95922015,1707.31848
0.0469749313,0.0599612217,-0.0037110166,0.00786511252,0.00471418153,-1.77913083,1709.40918
0.0470183238,0.0136327222,-0.002202624,0.000681059161,-0.0067157497,-0.34601522,1709.16999
0.0470501698,0.128644026,0.00618302562,0.00364993587,0.0265516816,-5.02790184,1706.60291
0.0471259134,0.0149706296,-0.00239815815,0.000811611137,-0.00641764658,-0.370201153,1709.32109
0.0471461458,0.13041027,0.00611994945,0.00320837802,0.0275221621,-5.09275875,1705.74625
0.0472356835,0.132058033,0.0060082614,0.00280267009,0.0284587569,-5.15472413,1704.76612
0.0472412392,0.0164047389,-0.00260106652,0.000962069196,-0.00609507458,-0.396410655,1709.46799
0.0472914705,0.0646303672,-0.00326913034,0.00848479647,0.00594708209,-1.99711254,1709.23754
0.047319215,0.133595261,0.00585388837,0.00243279493,0.0293597432,-5.21447562,1703.68653
0.0473648575,0.0179419674,-0.0028102931,0.0011347689,-0.00574574702,-0.424966579,1709.60842
0.0473971431,0.13502937,0.00566260934,0.00209804527,0.0302238377,-5.27245746,1702.53454
0.0474698436,0.136367278,0.00543996409,0.00179718694,0.0310501873,-5.3289194,1701.33727
0.0474973645,0.0195897299,-0.00302439712,0.0013321912,-0.00536713587,-0.456266472,1709.73987
0.0475376673,0.137615437,0.00519118504,0.00152859927,0.0318383447,-5.38396273,1700.11974
0.0476009413,0.138779867,0.0049211493,0.0012903936,0.032588233,-5.43758554,1698.90354
0.0476307705,0.0696352464,-0.00267826617,0.00904294716,0.0072894348,-2.24132483,1709.06732
0.0476393995,0.0213559743,-0.00324147568,0.00155692744,-0.00495644791,-0.490799754,1709.85957
0.0476599708,0.139866187,0.00463434827,0.00108051163,0.0333001047,-5.48972245,1697.70625
0.0477150406,0.140879634,0.00433487189,0.000896805731,0.0339744974,-5.54027598,1696.54142
0.0477664162,0.141825099,0.00402640503,0.000737102848,0.0346121893,-5.58914024,1695.4189
0.0477916474,0.0232492201,-0.00345907782,0.00181163642,-0.00451060096,-0.529165282,1709.96456
0.0478143454,0.14270714,0.00371223315,0.000599254353,0.0352141562,-5.63621842,1694.34536
0.0478590595,0.143530013,0.00339525536,0.000481173882,0.035781531,-5.68142952,1693.32484
0.0479007741,0.144297686,0.00307800337,0.000380865409,0.0363155668,-5.7247121,1692.35931
0.0479396905,0.145013864,0.00276266401,0.000296442303,0.0368176043,-5.76603028,1691.44919
0.0479548426,0.0252785992,-0.00367410725,0.00209897419,-0.00402620237,-0.572091913,1710.05171
0.0479759962,0.145681998,0.00245110386,0.000226139536,0.0372890424,-5.8053716,1690.59376
0.0479944677,0.075,-0.00191894841,0.0095011859,0.00875546008,-2.5119409,1708.91
0.0480098666,0.146305314,0.00214489536,0.000168321013,0.0377313137,-5.84274143,1689.79148
0.0480414649,0.146886817,0.00184534354,0.000121481496,0.0381458634,-5.87816352,1689.0403
0.0480709435,0.147429312,0.00155351219,8.42485587e-05,0.038534132,-5.91167393,1688.33781
0.0480984447,0.147935415,0.00127024935,5.53668362e-05,0.0388975406,-5.943348,1687.68143
0.048124101,0.148407569,0.000996211607,3.37302053e-05,0.0392374803,-5.97310793,1687.06853
0.0481297723,0.0274539002,-0.00388271261,0.00242149833,-0.00349952829,-0.620461927,1710.11786
0.0481480363,0.14884805,0.000731886996,1.82897172e-05,0.0395553026,-6.00098266,1686.49646
0.048170366,0.149258983,0.000477616246,8.48201006e-06,0.0398523131,-6.02647313,1685.96265
0.0481911978,0.14964235,0.000233612437,2.52778853e-06,0.0401297667,-6.05792682,1685.46462
0.0482106321,0.15,0,0,0.0403888428,-6.07644542,1685
0.0483172803,0.0297856156,-0.00408016829,0.00278154277,-0.00292650713,-0.675330392,1710.15988
0.0483581649,0.0803647536,-0.00104255415,0.00979508125,0.0102566967,-2.78987859,1708.78561
0.0485182711,0.0322849924,-0.00426073999,0.00318104111,-0.00230270778,-0.737946914,1710.17483
0.0486974648,0.0853696328,-0.000134002454,0.00990016251,0.0116996758,-3.05244143,1708.70381
0.048733714,0.0349640862,-0.00441753927,0.00362130321,-0.00162333433,-0.809774089,1710.16022
0.0489646483,0.0378358195,-0.0045423752,0.00410272306,-0.000883227385,-0.892498305,1710.11426
0.049014004,0.0900387783,0.0007771267,0.00983861946,0.0130955765,-3.29719462,1708.65948
0.0491052836,0,0,0,-0.0102846106,-0.0738668386,1707.36825
0.0491382571,0.000357650242,-6.42877168e-05,7.78438001e-07,-0.0102060663,-0.0792717174,1707.43951
0.0491736015,0.000741017226,-0.000133251581,2.62088348e-06,-0.0101217495,-0.0883763499,1707.51535
0.0492114873,0.00115195011,-0.000207224943,5.69106396e-06,-0.0100312048,-0.0956676517,1707.59595
0.0492121878,0.040914044,-0.00462559682,0.00462440984,-7.68707937e-05,-0.98803489,1710.03607
0.0492520973,0.00159243101,-0.000286544826,1.05651391e-05,-0.00993395442,-0.103665221,1707.68149
0.0492956273,0.00206458457,-0.000371562831,1.74613308e-05,-0.00982948087,-0.112208341,1707.77215
0.0493093095,0.0943947116,0.00166508635,0.00963548654,0.0144545706,-3.5240358,1708.64586
0.0493422873,0.0025706882,-0.00046264319,2.67650685e-05,-0.00971722263,-0.121319476,1707.86805
0.0493923025,0.00311318307,-0.000560160637,3.88980688e-05,-0.00959656993,-0.130989614,1707.9693
0.0494459139,0.00369468589,-0.000664497161,5.43522761e-05,-0.00946685974,-0.141260615,1708.07596
0.0494775266,0.0442136074,-0.0046559296,0.00518372231,0.000801601326,-1.09851047,1709.92578
0.0495033803,0.00431800152,-0.000776037669,7.36860901e-05,-0.00932737015,-0.152168132,1708.188
0.0495649787,0.00498613648,-0.000895164312,9.75363179e-05,-0.00917731403,-0.163752584,1708.30537
0.0495848054,0.0984584434,0.00250951114,0.00931512733,0.0157852753,-3.73156464,1708.65564
0.0496310064,0.0057023135,-0.00102224919,0.000126626074,-0.00901583189,-0.176058939,1708.4279
0.0497017818,0.00646998704,-0.00115764512,0.00016177428,-0.0088419838,-0.189138487,1708.5553
0.0497619445,0.0477504251,-0.0046203239,0.00577566034,0.0017584091,-1.2262424,1709.78494
0.0497776463,0.00729285993,-0.00130167407,0.000203905349,-0.00865474018,-0.20305028,1708.68719
0.0498418207,0.102249575,0.00329452068,0.00890287328,0.017094343,-3.91998582,1708.68113
0.0498589658,0.00817490128,-0.00145461282,0.000254059241,-0.00845297149,-0.217863347,1708.82301
0.0499461325,0.00912036556,-0.00161667543,0.00031340153,-0.00823543656,-0.233659479,1708.96204
0.050039567,0.0101338132,-0.00178799179,0.000383233158,-0.0080007694,-0.250536777,1709.10339
0.0500668135,0.0515415566,-0.00450381555,0.00639220942,0.00280016641,-1.37361662,1709.6169
0.0500815951,0.105786393,0.00400824465,0.00842142416,0.0183863256,-4.09062466,1708.71382
0.0501397198,0.0112201325,-0.0019685818,0.000464999414,-0.00774746445,-0.26861412,1709.24592
0.0502470741,0.0123845633,-0.00215832446,0.000560297467,-0.00747386013,-0.288036735,1709.38826
0.0503052852,0.109085956,0.00464241091,0.00789117949,0.0196637484,-4.24419915,1708.74321
0.0503621477,0.0136327222,-0.00235692094,0.000670881628,-0.00717812048,-0.30898306,1709.52879
0.0503936039,0.0556052884,-0.00428948698,0.00702125346,0.00393399901,-1.54316186,1709.42699
0.0504854956,0.0149706296,-0.00256385108,0.000798665206,-0.00685821507,-0.331673151,1709.6656
0.0505139698,0.112164181,0.00519197677,0.00733046163,0.0209273332,-4.3819528,1708.75536
0.0506177128,0.0164047389,-0.00277832227,0.000945717555,-0.00651189707,-0.356378823,1709.7965
0.0507086556,0.115035914,0.00565464843,0.00675495044,0.0221763114,-4.50534894,1708.73158
0.0507438921,0.0599612217,-0.00395855761,0.00764575695,0.00516781701,-1.7371273,1709.22269
0.050759437,0.0179419674,-0.00299920987,0.00111425443,-0.00613667887,-0.383435723,1709.91902
0.0508902816,0.117715008,0.00603042869,0.00617778723,0.023408773,-4.61581579,1708.64827
0.0509113519,0.0195897299,-0.00322498817,0.00130661949,-0.00572980927,-0.413257257,1710.03039
0.051059724,0.120214384,0.00632117735,0.00560971656,0.0246220156,-4.71489706,1708.4791
0.0510741902,0.0213559743,-0.00345365253,0.00152525353,-0.00528824617,-0.446351172,1710.12763
0.0511193677,0.0646303672,-0.00349049548,0.00824228354,0.00651087154,-1.95725055,1709.01378
0.0512177999,0.1225461,0.00653026297,0.00505927155,0.0258128674,-4.80433006,1708.19781
0.0512487373,0.0232492201,-0.00368262918,0.00177265081,-0.00480862924,-0.483337489,1710.20752
0.0513652719,0.124721401,0.00666220847,0.0045329485,0.0269779662,-4.88576412,1707.78204
0.0514358352,0.0252785992,-0.00390867239,0.00205129072,-0.00428725729,-0.524968108,1710.26673
0.0515028513,0.12675078,0.00672237094,0.00403548738,0.0281139883,-4.9607611,1707.21832
0.0515218418,0.0696352464,-0.00286382767,0.00877993039,0.00797481046,-2.20390006,1708.8121
0.0516312016,0.128644026,0.00671668085,0.00357011176,0.0292178242,-5.03073031,1706.5044
0.0516363863,0.0274539002,-0.00412775111,0.00236354838,-0.003720064,-0.572151897,1710.30191
0.0517509421,0.13041027,0.00665141106,0.00313875939,0.0302867045,-5.09685736,1705.6492
0.051851358,0.0297856156,-0.0043349223,0.00271157134,-0.00310259873,-0.62597626,1710.30982
0.0518626502,0.132058033,0.00653298204,0.00274230515,0.0313182814,-5.16007134,1704.67087
0.0519532556,0.075,-0.00205739338,0.009221322,0.0095753385,-2.47814723,1708.63084
0.0519668649,0.133595261,0.00636780074,0.00238076396,0.0323106729,-5.22104376,1703.59374
0.0520640886,0.13502937,0.00616213012,0.00205347229,0.0332624767,-5.28021251,1702.44496
0.0520817872,0.0322849924,-0.00452419604,0.00309711934,-0.00243001221,-0.687727428,1710.28753
0.0521547905,0.136367278,0.00592198684,0.00175924747,0.0341727599,-5.33782179,1701.25166
0.0522394079,0.137615437,0.00565306428,0.00149652502,0.0350410332,-5.39396856,1700.03872
0.0523183492,0.138779867,0.00536067788,0.0012634747,0.0358672123,-5.44864795,1698.82761
0.0523287853,0.0349640862,-0.00468838166,0.00352136107,-0.00169704883,-0.758905838,1710.23276
0.0523846694,0.0803647536,-0.00112461153,0.00950411737,0.0112158182,-2.75938383,1708.49266
0.0523919949,0.139866187,0.00504972993,0.00105809736,0.0366515738,-5.50179202,1697.63573
0.0524607004,0.140879634,0.00472469061,0.000878303616,0.0373947063,-5.55330208,1696.47649
0.052469416,0,0,0,-0.0109891945,-0.0509397657,1707.87316
0.0525061707,0.000357650242,-6.95195206e-05,7.68224401e-07,-0.0109051609,-0.0559345132,1707.94099
0.0525247971,0.141825099,0.00438959216,0.000721976734,0.0380974624,-5.60307555,1695.35962
0.0525455682,0.000741017226,-0.00014400744,2.58392172e-06,-0.0108149444,-0.0642554495,1708.01316
0.052584594,0.14270714,0.00404803377,0.000587021577,0.0387609115,-5.651016,1694.29167
0.0525877986,0.00115195011,-0.000223808552,5.61662008e-06,-0.0107180549,-0.0708001708,1708.08983
0.0525935437,0.0378358195,-0.00481892407,0.00398459148,-0.000898045895,-0.841233443,1710.14398
0.0526330655,0.00159243101,-0.000309269829,1.04227945e-05,-0.0106139791,-0.0779929733,1708.17116
0.0526403797,0.143530013,0.00370319547,0.0004714023,0.0393862958,-5.69704031,1693.27662
0.0526815874,0.00206458457,-0.00040075212,1.72186308e-05,-0.0105021606,-0.0856839955,1708.2573
0.0526924233,0.144297686,0.00335785756,0.000373170391,0.0399749895,-5.74108949,1692.31638
0.0527335982,0.0025706882,-0.000498627973,2.63804137e-05,-0.0103819956,-0.0938948941,1708.34834
0.0527409757,0.145013864,0.00301442421,0.000290483356,0.0405284633,-5.78312925,1691.41135
0.0527862711,0.145681998,0.00267495012,0.000221616786,0.0410482525,-5.8231474,1690.56077
0.0527871435,0.0853696328,-0.000155558108,0.00960602444,0.0127937239,-3.02471497,1708.40721
0.0527893488,0.00311318307,-0.000603279333,3.83196247e-05,-0.010252828,-0.102617999,1708.44436
0.052828528,0.146305314,0.00234116874,0.000164971699,0.0415359296,-5.86115133,1689.7631
0.0528491082,0.00369468589,-0.000715094041,5.35151575e-05,-0.0101139441,-0.111893912,1708.54537
0.0528679503,0.146886817,0.00201452092,0.000119076572,0.0419930817,-5.89716684,1689.01627
0.0528773396,0.040914044,-0.00490573706,0.00448588929,-2.6938451e-05,-0.936660371,1710.02061
0.0529047281,0.147429312,0.00169618337,8.25893812e-05,0.0424212907,-5.93123169,1688.31789
0.0529131645,0.00431800152,-0.000834461209,7.25096872e-05,-0.00996456672,-0.121757611,1708.65132
0.0529390388,0.147935415,0.00138709632,5.42821414e-05,0.0428221181,-5.96342267,1687.66538
0.0529710479,0.148407569,0.00108799001,3.30731546e-05,0.0431970923,-5.99366364,1687.05611
0.0529818268,0.00498613648,-0.000961765221,9.59208996e-05,-0.00980384767,-0.132249056,1708.76207
0.0530009098,0.14884805,0.000799409606,1.79355455e-05,0.043547699,-6.021984,1686.48745
0.0530287685,0.149258983,0.000521738413,8.32434774e-06,0.0438753736,-6.04788598,1685.95684
0.0530547585,0.14964235,0.000255219351,2.48091639e-06,0.044181496,-6.07964198,1685.46181
0.0530554263,0.0057023135,-0.00109737808,0.000124448802,-0.0096308606,-0.143413139,1708.87741
0.0530790049,0.15,0,0,0.044467361,-6.09826436,1685
0.0531343178,0.00646998704,-0.00124164976,0.000158884483,-0.00944459191,-0.155301512,1708.99698
0.0531626191,0.0900387783,0.000817912031,0.00954748878,0.0143208052,-3.27290367,1708.36742
0.0531815417,0.0442136074,-0.00493702532,0.00502268746,0.000922735674,-1.04735121,1709.86347
0.0532188821,0.00729285993,-0.00139489616,0.000200118973,-0.00924393083,-0.167974141,1709.12031
0.0533095269,0.00817490128,-0.00155738426,0.000249152354,-0.00902765819,-0.181501635,1709.24676
0.0534066895,0.00912036556,-0.00172931392,0.000307102779,-0.00879443369,-0.195968177,1709.37549
0.0535076173,0.0477504251,-0.00489911553,0.00559021384,0.00195784309,-1.1756513,1709.67514
0.0535108386,0.0101338132,-0.00191079581,0.000375215086,-0.00854278163,-0.211475219,1709.50548
0.0535129073,0.0943947116,0.00176848461,0.0093521272,0.0158077901,-3.50252557,1708.36472
0.0536224765,0.0112201325,-0.00210182474,0.000454868534,-0.00827107484,-0.228146132,1709.63545
0.0537421417,0.0123845633,-0.00230224783,0.000547583066,-0.00797751675,-0.246131971,1709.76388
0.0538396977,0.0984584434,0.00267420972,0.00904359701,0.017263807,-3.71279529,1708.39017
0.0538571394,0.0515415566,-0.00477628695,0.00618084578,0.00308569925,-1.32398993,1709.46016
0.0538704114,0.0136327222,-0.00251172659,0.000655023287,-0.00766012155,-0.265618582,1709.88896
0.0540079042,0.0149706296,-0.00272969213,0.000778999124,-0.00731669221,-0.28683525,1710.00858
0.0541445667,0.102249575,0.00351780199,0.0086457628,0.0186959218,-3.90383259,1708.43456
0.0541552835,0.0164047389,-0.00295529272,0.000921461871,-0.00694479676,-0.310065092,1710.12035
0.0542317937,0.0556052884,-0.00455067952,0.00678314737,0.00431419627,-1.49486734,1709.22523
0.05431326,0.0179419674,-0.00318733266,0.00108449393,-0.00654174162,-0.335657427,1710.22156
0.0544289846,0.105786393,0.00428619573,0.00818066225,0.0201089798,-4.07666521,1708.48789
0.0544825958,0.0195897299,-0.00342420166,0.0012702902,-0.0061045464,-0.364042333,1710.30921
0.0546333874,0.0599612217,-0.00420235527,0.00738095634,0.00565209521,-1.6905919,1708.97936
0.0546641076,0.0213559743,-0.00366379379,0.00148112835,-0.00562991485,-0.395747566,1710.38009
0.0546943234,0.109085956,0.00497028034,0.00766800829,0.0215056753,-4.23229859,1708.53826
0.054858671,0.0232492201,-0.00390341477,0.00171932472,-0.00511420444,-0.431417216,1710.43077
0.0549418629,0.112164181,0.00556433205,0.00712541324,0.0228867791,-4.37193719,1708.57037
0.0550638577,0.0646303672,-0.00370945596,0.00795212343,0.00710962042,-1.91296045,1708.73397
0.0550672244,0.0252785992,-0.00413967869,0.0019871725,-0.00455340101,-0.47183017,1710.45774
0.0551727972,0.115035914,0.00606558861,0.00656802257,0.0242514677,-4.497038,1708.56439
0.0552907737,0.0274539002,-0.00436839264,0.00228686081,-0.00394309242,-0.517920714,1710.45754
0.0553882401,0.117715008,0.00647381808,0.00600861744,0.0255976942,-4.60909826,1708.49592
0.0555252807,0.0696352464,-0.00304879155,0.00846737297,0.0086995862,-2.16233488,1708.50247
0.0555303974,0.0297856156,-0.00458442304,0.00262035729,-0.0032784466,-0.570806622,1710.42691
0.0555892308,0.120214384,0.00679081505,0.00545766341,0.0269225604,-4.70969521,1708.33785
0.0557767389,0.1225461,0.00701999679,0.00492344977,0.0282226615,-4.80058624,1708.06428
0.0557872511,0.0322849924,-0.00478154834,0.00298924815,-0.00255419499,-0.63181094,1710.3631
0.0559516686,0.124721401,0.00716607469,0.0044123591,0.029494387,-4.88346078,1707.65384
0.0560198823,0.075,-0.00219765259,0.00889089744,0.01043915,-2.43982219,1708.29966
0.0560247053,0,0,0,-0.0117338143,-0.0205186508,1708.4067
0.0560625738,0.0349640862,-0.0049523134,0.00339457478,-0.00176462273,-0.702471708,1710.26404
0.0560647854,0.000357650242,-7.48154807e-05,7.49756847e-07,-0.0116437562,-0.0250942195,1708.4704
0.0561077475,0.000741017226,-0.000154887855,2.51971015e-06,-0.0115470674,-0.0326287112,1708.53815
0.0561148639,0.12675078,0.00723469479,0.00392904067,0.0307341653,-4.95988263,1707.09355
0.0561537988,0.00115195011,-0.000240571116,5.48219949e-06,-0.0114432209,-0.0384407614,1708.61008
0.0562031614,0.00159243101,-0.000332220393,1.01694961e-05,-0.0113316653,-0.0448428052,1708.68633
0.0562560733,0.00206458457,-0.00043020376,1.67931825e-05,-0.0112118023,-0.0516966893,1708.767
0.0562671117,0.128644026,0.007232148,0.00347668161,0.0319386543,-5.03126634,1706.38208
0.0563127899,0.0025706882,-0.000534899809,2.57166409e-05,-0.011082983,-0.0590234177,1708.85216
0.0563576935,0.0378358195,-0.00508785076,0.0038365675,-0.000903566095,-0.784548036,1710.12851
0.0563735847,0.00311318307,-0.000646695132,3.73369881e-05,-0.0109445018,-0.0668168864,1708.94184
0.0564091466,0.13041027,0.00716512022,0.00305721476,0.0331048769,-5.09879566,1705.52914
0.0564387509,0.00369468589,-0.000765980537,5.21153638e-05,-0.0107955911,-0.0751164703,1709.036
0.0565086029,0.00431800152,-0.000893146134,7.05734479e-05,-0.0106354144,-0.0839565891,1709.13454
0.0565144839,0.0803647536,-0.00121138023,0.00916314428,0.0122231468,-2.72439582,1708.1504
0.0565416537,0.132058033,0.00704047969,0.00267153588,0.0342303099,-5.16339375,1704.55347
0.0565834775,0.00498613648,-0.00102857499,9.33038909e-05,-0.0104630592,-0.0933768932,1709.23727
0.0566637361,0.0057023135,-0.00117263514,0.000120976991,-0.0102775281,-0.103422379,1709.34389
0.056665272,0.133595261,0.00686509968,0.00231969929,0.0353129319,-5.22572432,1703.47974
0.0566740337,0.040914044,-0.00517769259,0.00431431391,3.55842361e-05,-0.880021414,1709.95662
0.0567497655,0.00646998704,-0.00132566946,0.000154348665,-0.0100777298,-0.114145278,1709.45397
0.0567805978,0.13502937,0.0066457146,0.00200109396,0.0363512383,-5.28621758,1702.33524
0.0568419809,0.00729285993,-0.00148798328,0.000194268443,-0.0098624678,-0.125606727,1709.56694
0.0568881874,0.136367278,0.00638880653,0.00171459833,0.0373442318,-5.34511123,1701.14704
0.056940827,0.00817490128,-0.00165982898,0.0002416876,-0.00963042883,-0.137879228,1709.68204
0.056975907,0.0853696328,-0.000184640002,0.00926278082,0.0139396956,-2.99298784,1708.06387
0.0569885598,0.137615437,0.00610051933,0.00145871404,0.0382913939,-5.40249739,1699.93994
0.0570131203,0.0442136074,-0.00520959212,0.00482537661,0.0010598798,-0.991089231,1709.75012
0.0570467806,0.00912036556,-0.00184138727,0.000297667112,-0.00938016865,-0.151049713,1709.79834
0.057082199,0.138779867,0.00578659727,0.00123167966,0.0391926441,-5.4583671,1698.73518
0.0571603528,0.0101338132,-0.00203274453,0.000363385123,-0.00911009682,-0.165223412,1709.91466
0.0571695568,0.139866187,0.00545234495,0.00103156513,0.0400482916,-5.51265057,1697.55
0.0572510546,0.140879634,0.00510260463,0.00085634854,0.040858984,-5.56525324,1696.39764
0.0572820914,0.0112201325,-0.00223386551,0.000440143485,-0.00881845941,-0.180528698,1710.02957
0.0573270854,0.141825099,0.00474174841,0.00070397804,0.0416256542,-5.61607162,1695.28769
0.0573765887,0.0477504251,-0.00516933317,0.00536529151,0.00217682392,-1.12010548,1709.5127
0.0573980159,0.14270714,0.00437368317,0.000572420723,0.0423494698,-5.66500502,1694.22658
0.0574063772,0.0900387783,0.000848474004,0.00920867895,0.0156011472,-3.24438656,1708.03097
0.0574125835,0.0123845633,-0.00244456077,0.000529372808,-0.00850331957,-0.197123083,1710.14136
0.0574641883,0.143530013,0.00400186425,0.000459699775,0.0430317858,-5.71197402,1693.21819
0.0575259218,0.144297686,0.00362931532,0.000363921254,0.0436741002,-5.75692362,1692.2644
0.0575524587,0.0136327222,-0.00266444795,0.000632635265,-0.00816253617,-0.215200575,1710.24805
0.0575835142,0.145013864,0.00325865356,0.000283292824,0.0442780156,-5.79982075,1691.36555
0.0576372431,0.145681998,0.00289211803,0.000216136288,0.0448452046,-5.84065477,1690.52085
0.0576873679,0.146305314,0.00253159975,0.000160894821,0.0453773802,-5.8794349,1689.72876
0.0577023915,0.0149706296,-0.0028929062,0.000751624235,-0.00779374011,-0.235000597,1710.34733
0.0577341302,0.146886817,0.00217867257,0.000116135115,0.0458762709,-5.91618874,1688.98721
0.0577661923,0.0515415566,-0.00504050695,0.00592692826,0.00339442051,-1.26952546,1709.25021
0.0577777557,0.147429312,0.00183462372,8.05496118e-05,0.0463436002,-5.95095573,1688.2938
0.057807971,0.0943947116,0.00185918023,0.00902323696,0.017218814,-3.47674529,1708.04137
0.0578184547,0.147935415,0.00150048374,5.29413035e-05,0.0467810687,-5.98381409,1687.64597
0.0578564235,0.148407569,0.00117705498,3.22561818e-05,0.0471903415,-6.01468887,1687.0411
0.0578631052,0.0164047389,-0.00312902273,0.000888159594,-0.00739430874,-0.256818697,1710.43657
0.0578918454,0.14884805,0.000864938569,1.7492344e-05,0.047573037,-6.0436097,1686.47656
0.0579248911,0.149258983,0.000564559567,8.12601693e-06,0.0479307191,-6.07007772,1685.94982
0.0579557201,0.14964235,0.000276190175,2.42143825e-06,0.0482648913,-6.10227815,1685.45842
0.057984481,0.15,0,0,0.0485769628,-6.12106759,1685
0.058035375,0.0179419674,-0.00337153065,0.00104417714,-0.00696133749,-0.281019216,1710.51285
0.0581826253,0.0984584434,0.00282396525,0.00872908407,0.018802358,-3.68972836,1708.08455
0.0581838103,0.0556052884,-0.00480436925,0.00649962992,0.00472131103,-1.44188349,1708.97079
0.0582200317,0.0195897299,-0.00361873722,0.00122171034,-0.00649161156,-0.308050021,1710.57296
0.0584179662,0.0213559743,-0.0038684415,0.0014228621,-0.00598157508,-0.338459304,1710.61345
0.0585321473,0.102249575,0.00372412675,0.00834852115,0.020359287,-3.88341154,1708.14985
0.0586301331,0.0232492201,-0.00411784042,0.00164976365,-0.00542729928,-0.372915027,1710.63075
0.0586314569,0.0599612217,-0.00443998625,0.00706825883,0.00616708533,-1.6394766,1708.685
0.0588575558,0.0252785992,-0.00436342259,0.00190451693,-0.0048244535,-0.412225756,1710.62123
0.058858223,0.105786393,0.0045455367,0.00790270072,0.0218947687,-4.05848765,1708.22585
0.0591013313,0.0274539002,-0.00460084902,0.00218911777,-0.00416827691,-0.457356883,1710.5814
0.0591112914,0.0646303672,-0.00392425065,0.00761222138,0.00774291187,-1.86400813,1708.40569
0.0591624251,0.109085956,0.00527819107,0.00741062472,0.0234116937,-4.21622376,1708.29917
0.0593626354,0.0297856156,-0.00482482473,0.00250535861,-0.0034535543,-0.509450088,1710.50812
0.0594462209,0.112164181,0.00591567357,0.00688910652,0.024910914,-4.35778184,1708.35313
0.0596256284,0.0696352464,-0.00323228209,0.00810380691,0.00946273131,-2.11622067,1708.14767
0.0596427285,0.0322849924,-0.00502894693,0.00285468212,-0.00267459745,-0.569860984,1710.39887
0.0597109793,0.115035914,0.00645476171,0.00635276088,0.026391585,-4.48462132,1708.36662
0.0597820134,0,0,0,-0.0125207449,0.0183932814,1708.97051
0.0598249373,0.000357650242,-8.00664853e-05,7.2190764e-07,-0.0124240863,0.0142431307,1709.02926
0.0598709476,0.000741017226,-0.000165667732,2.42423368e-06,-0.0123203093,0.00748912408,1709.09169
0.0599202663,0.00115195011,-0.000257164581,5.2786309e-06,-0.0122088474,0.00238344785,1709.15792
0.0599429616,0.0349640862,-0.0052055363,0.00323801012,-0.00182523344,-0.640168109,1710.25188
0.0599579775,0.117715008,0.00689494812,0.00581393301,0.0278515573,-4.59838187,1708.31433
0.0599731313,0.00159243101,-0.000354918371,9.788146e-06,-0.012089108,-0.00325515092,1709.22805
0.0600297975,0.00206458457,-0.000459302207,1.61567554e-05,-0.0119604485,-0.00930082352,1709.30213
0.0600905382,0.0025706882,-0.000570698293,2.47307066e-05,-0.0118221712,-0.0157740525,1709.38021
0.0601556466,0.00311318307,-0.000689495176,3.58880967e-05,-0.011673518,-0.0226705623,1709.46225
0.0601769485,0.075,-0.00233962061,0.00850898773,0.0113450978,-2.39687612,1707.92708
0.0601884066,0.120214384,0.00723792208,0.00528274068,0.0292877717,-4.70064622,1708.16855
0.0602254365,0.00369468589,-0.000816083675,5.00670315e-05,-0.0115136635,-0.0300285826,1709.54817
0.0602647829,0.0378358195,-0.00534546352,0.00365553942,-0.00089880057,-0.722164906,1710.06659
0.0603002446,0.00431800152,-0.000950851659,6.7762292e-05,-0.0113417086,-0.0378821535,1709.63779
0.0603804318,0.00498613648,-0.00109417739,8.95348948e-05,-0.0111566722,-0.0462708219,1709.73087
0.0604033783,0.1225461,0.00748713886,0.00476725052,0.0306966254,-4.79311027,1707.90375
0.0604663848,0.0057023135,-0.00124642113,0.000116018091,-0.0109574819,-0.0552399317,1709.82701
0.0605585182,0.00646998704,-0.00140791476,0.000147924512,-0.0107429641,-0.0648425777,1709.92569
0.0606039294,0.124721401,0.00764747659,0.00427371152,0.0320742918,-4.87754061,1707.4993
0.0606097447,0.040914044,-0.00543795197,0.00410643684,0.000111849707,-0.817860105,1709.84396
0.0606572765,0.00729285993,-0.00157894885,0.000186053252,-0.0105118325,-0.0751414123,1710.02624
0.0607282687,0.0803647536,-0.00130353419,0.00877149446,0.0132760061,-2.68462174,1707.7703
0.060763136,0.00817490128,-0.00175975695,0.000231297017,-0.0102626746,-0.0862112357,1710.1278
0.0607910273,0.12675078,0.0077248492,0.00380668116,0.0334169836,-4.95552038,1706.94301
0.0608766073,0.00912036556,-0.00195049641,0.000284649006,-0.00999393728,-0.0981422164,1710.22927
0.0609655744,0.128644026,0.00772588507,0.00336930389,0.0347211547,-5.02845973,1706.23456
0.0609795108,0.0442136074,-0.00547037299,0.00458844757,0.00121435084,-0.929476173,1709.58684
0.0609982377,0.0101338132,-0.00215122526,0.000347209258,-0.00970391045,-0.111043939,1710.32934
0.0611284127,0.13041027,0.00765766303,0.00296351174,0.0359836477,-5.09753751,1705.38454
0.0611286139,0.0112201325,-0.00236187452,0.000420190057,-0.00939070809,-0.125050471,1710.42641
0.0612426056,0.0853696328,-0.000223002173,0.00887028474,0.0151339829,-2.95645814,1707.68559
0.0612683647,0.0123845633,-0.00258221511,0.000504919857,-0.00905224778,-0.140326586,1710.5186
0.0612803276,0.132058033,0.00752748079,0.00259022709,0.0372017877,-5.1636685,1704.41234
0.0613758649,0.0477504251,-0.00542804308,0.00509751671,0.00241683285,-1.05933911,1709.30017
0.0614181643,0.0136327222,-0.00281181874,0.000602845104,-0.00868622766,-0.157075322,1710.60373
0.0614220519,0.133595261,0.00734266139,0.00224955137,0.0383734353,-5.22750623,1703.34296
0.0615542691,0.13502937,0.00711039562,0.00194093495,0.0394970032,-5.2894711,1702.20384
0.0615787352,0.0149706296,-0.0030500118,0.000715529103,-0.00829010122,-0.175547167,1710.67927
0.061677617,0.136367278,0.0068376173,0.00166332706,0.0405714457,-5.34979254,1701.02199
0.0617224402,0.0900387783,0.000866154619,0.00882262602,0.016932015,-3.21082036,1707.66184
0.0617508519,0.0164047389,-0.0032958215,0.000844646888,-0.0078610496,-0.196051097,1710.7424
0.0617926905,0.137615437,0.00653090838,0.00141530588,0.0415962292,-5.40855548,1699.82202
0.0618007187,0.0515415566,-0.00529393308,0.00562708076,0.00372797521,-1.20992809,1708.99117
0.0619000448,0.138779867,0.00619643082,0.00119518917,0.0425712887,-5.46574634,1698.62499
0.0619353446,0.0179419674,-0.00354791335,0.000991974813,-0.00739595245,-0.218967507,1710.78997
0.0620001977,0.139866187,0.0058398812,0.00100112564,0.0434969766,-5.52129774,1697.44793
0.0620936321,0.140879634,0.00546646448,0.000831170677,0.044374007,-5.57511327,1696.30386
0.0621331032,0.0195897299,-0.00380451881,0.00115937328,-0.00689135576,-0.244763107,1710.81859
0.0621700868,0.0943947116,0.00193360614,0.00864958607,0.0186820298,-3.44597914,1707.68704
0.0621807989,0.141825099,0.00508088519,0.000683347392,0.0452033995,-5.62708315,1695.2022
0.0622561215,0.0556052884,-0.00504856677,0.00616742463,0.00515715221,-1.38387855,1708.66946
0.0622621183,0.14270714,0.00468735131,0.000555694637,0.0459864254,-5.67710998,1694.14926
0.0623379828,0.143530013,0.00428958707,0.000446303055,0.0467245562,-5.7251186,1693.14884
0.0623450816,0.0213559743,-0.00406335243,0.00134876062,-0.00634343942,-0.274007899,1710.82466
0.0624087582,0.144297686,0.00389085419,0.000353341149,0.0474194165,-5.77105452,1692.20273
0.0624747859,0.145013864,0.00349397838,0.000275074598,0.0480727427,-5.81488641,1691.31122
0.0625363844,0.145681998,0.00310137932,0.000209878528,0.0486863458,-5.85660586,1690.47352
0.0625723023,0.0232492201,-0.00432151762,0.00156207586,-0.00574798479,-0.307394117,1710.80447
0.0625877047,0.0984584434,0.00295431824,0.00837247618,0.0203942526,-3.66153192,1707.74927
0.0625938507,0.146305314,0.00271510263,0.000156244756,0.0492620799,-5.89622421,1689.68806
0.0626474622,0.146886817,0.00233685271,0.000112784137,0.0498018151,-5.93377115,1688.95276
0.0626974773,0.147429312,0.00196802546,7.8228988e-05,0.0503074154,-5.96928819,1688.26525
0.0627441374,0.147935415,0.00160974022,5.14181741e-05,0.0507807203,-6.00285524,1687.62297
0.0627442699,0.0599612217,-0.00467008912,0.00670461033,0.00671476147,-1.5833855,1708.34697
0.0627876674,0.148407569,0.00126287036,3.13297946e-05,0.0512235302,-6.03439883,1687.02331
0.0628158611,0.0252785992,-0.00457540013,0.00180122754,-0.00510034174,-0.345756828,1710.75436
0.0628282774,0.14884805,0.00092807222,1.69908868e-05,0.0516375952,-6.06394895,1686.46367
0.0628661632,0.149258983,0.000605812153,7.90242368e-06,0.0520246061,-6.09100496,1685.94151
0.0629015076,0.14964235,0.000296391419,2.35456673e-06,0.0523861886,-6.12365696,1685.4544
0.062934481,0.15,0,0,0.0527238649,-6.14261188,1685
0.0629773083,0.102249575,0.0039083389,0.00801223982,0.0220766613,-3.85768017,1707.83656
0.063076933,0.0274539002,-0.00482054638,0.00206802412,-0.00439539874,-0.390096111,1710.67096
0.0632675185,0.0646303672,-0.00413409814,0.00721966256,0.00841288765,-1.81005361,1708.0378
0.0633407768,0.105786393,0.00478045259,0.00758880713,0.0237347754,-4.03507151,1707.93613
0.0633567772,0.0297856156,-0.00505152999,0.00236408499,-0.00362755662,-0.44158672,1710.55134
0.0636567436,0.0322849924,-0.00526181029,0.00269073038,-0.00279070805,-0.501596434,1710.39328
0.0636798634,0.109085956,0.00555972652,0.00712034387,0.0253717163,-4.194884,1708.03323
0.0637528194,0,0,0,-0.0133523905,0.0668847042,1709.56631
0.063798078,0.000357650242,-8.51265828e-05,6.83394879e-07,-0.0132485136,0.0631622458,1709.61913
0.0638283911,0.0696352464,-0.00341419625,0.00768663272,0.0102665592,-2.06498543,1707.75785
0.0638465909,0.000741017226,-0.000176047431,2.29332976e-06,-0.0131369876,0.0571724839,1709.67523
0.0638985922,0.00115195011,-0.000273127599,4.99676391e-06,-0.0130172042,0.0527339125,1709.73465
0.0639543326,0.00159243101,-0.00037673245,9.26203666e-06,-0.0128885266,0.0478173502,1709.79745
0.0639782789,0.0349640862,-0.00544354973,0.00304880438,-0.00187822423,-0.571730123,1710.19562
0.0639962036,0.112164181,0.00623908784,0.00662291528,0.0269884545,-4.33838977,1708.10973
0.064014081,0.00206458457,-0.000487237742,1.5282093e-05,-0.0127502644,0.042535652,1709.86367
0.0640781256,0.0025706882,-0.000605026716,2.33813058e-05,-0.0126016682,0.0368686422,1709.93328
0.0641467753,0.00311318307,-0.00073048709,3.39135426e-05,-0.0124419233,0.0308184031,1710.00619
0.0642203612,0.00369468589,-0.000864006719,4.72879811e-05,-0.0122701435,0.0243476608,1710.08227
0.0642913233,0.115035914,0.00681482056,0.00611053802,0.0285841638,-4.4670365,1708.14324
0.0642992383,0.00431800152,-0.00100596808,6.39659316e-05,-0.0120853629,0.017422458,1710.16126
0.0643229341,0.0378358195,-0.00558742461,0.00343850419,-0.000882949445,-0.65382834,1709.95863
0.0643837871,0.00498613648,-0.00115674131,8.44694538e-05,-0.0118865276,0.0100030177,1710.24282
0.0644295932,0.075,-0.00248406224,0.00807351677,0.0122956723,-2.34860241,1707.52417
0.0644744153,0.0057023135,-0.00131667552,0.000109386639,-0.011672486,0.00204326401,1710.32649
0.064566646,0.117715008,0.00728609953,0.0055950388,0.0301566337,-4.5825434,1708.1075
0.0645715601,0.00646998704,-0.00148608805,0.00013937789,-0.0114419779,-0.00651118029,1710.41165
0.06467569,0.00729285993,-0.0016652513,0.000175182083,-0.0111936221,-0.0157249256,1710.49749
0.0646923717,0.040914044,-0.00568242222,0.00385914055,0.000202798253,-0.749924609,1709.68432
0.0647873074,0.00817490128,-0.00185437664,0.000217622719,-0.0109259024,-0.025675566,1710.58303
0.0648234997,0.120214384,0.00765451417,0.00508620471,0.0317026859,-4.68652997,1707.97445
0.0649069506,0.00912036556,-0.00205359498,0.000267613753,-0.0106371519,-0.0364570588,1710.66703
0.0650307952,0.0803647536,-0.00140255756,0.00832735428,0.0143770543,-2.63931874,1707.36395
0.0650351968,0.0101338132,-0.00226293341,0.000326164867,-0.0103255356,-0.0481839288,1710.74803
0.0650631233,0.1225461,0.00792355001,0.00459188792,0.0332185608,-4.78064663,1707.71858
0.0650883736,0.0442136074,-0.00571561033,0.00430872755,0.00138722637,-0.862252339,1709.37675
0.0651726644,0.0112201325,-0.00248228727,0.000394385831,-0.0099890302,-0.060996446,1710.82426
0.0652866727,0.124721401,0.00809819846,0.00411814718,0.0347002563,-4.86672367,1707.32005
0.0653200166,0.0123845633,-0.00271138702,0.000473489563,-0.00962540258,-0.075067023,1710.89366
0.0654779641,0.0136327222,-0.00294975889,0.000564793181,-0.00923218498,-0.0906083875,1710.95384
0.0654952261,0.12675078,0.00818460804,0.00366947013,0.0361438067,-4.94637668,1706.76787
0.0655128499,0.0477504251,-0.00567189737,0.00478371668,0.00267908164,-0.993090714,1709.04222
0.0655916678,0.0853696328,-0.000272632477,0.00842708207,0.0163793883,-2.91416355,1707.28408
0.0656472689,0.0149706296,-0.00319667892,0.000669716273,-0.00880664834,-0.107883029,1711.00209
0.0656897895,0.128644026,0.00818972021,0.00324895367,0.037545498,-5.02099661,1706.0627
0.0658287474,0.0164047389,-0.00345111924,0.000789775775,-0.00834577231,-0.127214037,1711.03538
0.0658713013,0.13041027,0.00812098191,0.00285853673,0.0389020236,-5.09175434,1705.21606
0.0659678481,0.0515415566,-0.00553371042,0.00527817119,0.00408770683,-1.14496727,1708.68936
0.066023275,0.0179419674,-0.00371168566,0.000926576416,-0.00784621612,-0.148998281,1711.0504
0.0660406371,0.132058033,0.00798609641,0.00249917601,0.0402105865,-5.15955322,1704.24798
0.0661149164,0.0900387783,0.000868427319,0.00838824119,0.0183163294,-3.17127502,1707.27148
0.0661986136,0.133595261,0.00779281428,0.00217102953,0.0414689543,-5.22503425,1703.18384
0.0662317902,0.0195897299,-0.00397654584,0.00108179529,-0.00730428315,-0.173721871,1711.04358
0.0663459928,0.13502937,0.00754876206,0.00187361943,0.0426754789,-5.28860602,1702.05115
0.0664552985,0.0213559743,-0.00424334662,0.00125715829,-0.00671588526,-0.201977855,1711.01124
0.0664555627,0.0556052884,-0.00528104496,0.00578350293,0.00562319396,-1.3205607,1708.32912
0.0664834857,0.136367278,0.00726130608,0.0016059768,0.0438290852,-5.35048758,1700.87684
0.0666030648,0.0943947116,0.00198877278,0.00823039579,0.0202004497,-3.40908346,1707.31267
0.0666117553,0.137615437,0.00693744859,0.00136676778,0.0449292403,-5.41075588,1699.68531
0.0666948782,0.0232492201,-0.00450912033,0.00145440821,-0.00607651067,-0.234482657,1710.94962
0.0667314205,0.138779867,0.00658375304,0.0011543995,0.0459759078,-5.46939586,1698.49738
0.0668430584,0.139866187,0.00620629276,0.00096711028,0.0469694933,-5.52633814,1697.32982
0.0669472075,0.140879634,0.0058106221,0.000803043682,0.0479107859,-5.58147881,1696.19542
0.0669516848,0.0252785992,-0.00477017916,0.00167526096,-0.00538118776,-0.272096861,1710.85518
0.0669783464,0.0599612217,-0.00489113146,0.00628717918,0.00729672913,-1.52187465,1707.97463
0.0670443701,0.141825099,0.00540176591,0.000660307723,0.0488008984,-5.63471009,1695.10342
0.0670584676,0.0984584434,0.0030619903,0.00797330691,0.0220425648,-3.62706081,1707.39451
0.0671350149,0.14270714,0.00498422145,0.000537021893,0.04964121,-5.68593982,1694.06
0.0672195792,0.143530013,0.00456197176,0.000431352124,0.0504333116,-5.73509245,1693.06881
0.067226957,0.0274539002,-0.00502199439,0.00192134585,-0.00462445341,-0.315849633,1710.72471
0.0672984708,0.144297686,0.00413850772,0.000341537457,0.0511789562,-5.7821146,1692.13159
0.0673720702,0.145013864,0.00371685567,0.000265908874,0.0518800147,-5.82697705,1691.24858
0.0674407325,0.145681998,0.00329960897,0.000202901413,0.0525384361,-5.86967346,1690.41896
0.0674833214,0.102249575,0.00406687884,0.00763657783,0.023851148,-3.82551125,1707.50392
0.0675047888,0.146305314,0.00288896181,0.000151061571,0.0531562145,-5.91021721,1689.64116
0.0675220225,0.0297856156,-0.00525905678,0.00219412716,-0.00380032479,-0.366954855,1710.55562
0.0675387207,0.0646303672,-0.00433820205,0.0067718285,0.00912128794,-1.75058658,1707.64092
0.0675645482,0.146886817,0.00248674404,0.000109049838,0.0537353601,-5.94864004,1688.91309
0.0676202988,0.147429312,0.00209445591,7.56433414e-05,0.0542778755,-5.98498546,1688.23238
0.0676723096,0.147935415,0.00171330203,4.97211736e-05,0.0547857365,-6.01933489,1687.5965
0.0677208315,0.148407569,0.00134422402,3.02977881e-05,0.0552608764,-6.05161357,1687.00284
0.0677660984,0.14884805,0.00098793132,1.64330719e-05,0.0557051736,-6.08185254,1686.44883
0.0678083288,0.149258983,0.000644930369,7.65625765e-06,0.0561204433,-6.10956378,1685.93194
0.0678383047,0.0322849924,-0.00547472837,0.00249481283,-0.0029022772,-0.426804352,1710.34625
0.0678477263,0.14964235,0.000315549322,2.26711239e-06,0.05650843,-6.14272457,1685.44977
0.0678796755,0.105786393,0.00498711788,0.0072388132,0.0256321034,-4.00513225,1707.62694
0.067884481,0.15,0,0,0.056870767,-6.16186396,1685
0.0679492546,0,0,0,-0.0142312919,0.125792053,1710.19591
0.06799631,0.000357650242,-8.98189393e-05,6.33011024e-07,-0.0141195371,0.122495243,1710.24172
0.0680467489,0.000741017226,-0.000185663284,2.12289384e-06,-0.0139995571,0.117242028,1710.29029
0.0681008146,0.00115195011,-0.00028789935,4.62730425e-06,-0.0138706986,0.113416561,1710.34163
0.0681393885,0.0696352464,-0.0035944741,0.00721355195,0.0111129505,-2.00790859,1707.34459
0.0681587679,0.00159243101,-0.000396894132,8.57388853e-06,-0.0137322779,0.10916485,1710.39577
0.068177329,0.0349640862,-0.00566108567,0.00282422309,-0.00192322919,-0.496996202,1710.09625
0.0682208883,0.00206458457,-0.000513023516,1.41407149e-05,-0.0135835536,0.104586096,1710.45266
0.0682494417,0.109085956,0.00581089376,0.00679717931,0.0273888201,-4.16698432,1707.74751
0.0682874754,0.0025706882,-0.000636669124,2.16250434e-05,-0.0134237207,0.0996602227,1710.51224
0.0683588504,0.00311318307,-0.000768215088,3.13507639e-05,-0.0132519049,0.0943867238,1710.57435
0.0684353577,0.00369468589,-0.000908043448,4.36916474e-05,-0.0130671547,0.0887290743,1710.63878
0.0685173662,0.00431800152,-0.00105652838,5.9068331e-05,-0.0128684335,0.0826530881,1710.70521
0.0685407308,0.0378358195,-0.00580870519,0.00318260327,-0.000855535858,-0.579389909,1709.80688
0.0685944034,0.112164181,0.00653044998,0.00632697419,0.0291224248,-4.31242363,1707.84612
0.0686052715,0.00498613648,-0.00121402898,7.79559169e-05,-0.0126546108,0.0761184374,1710.7732
0.0686994976,0.0057023135,-0.00138088035,0.000100888529,-0.0124244511,0.0690780833,1710.84219
0.0687832472,0.075,-0.00263176011,0.00758266262,0.0132929032,-2.29418984,1707.10314
0.068800499,0.00646998704,-0.00155738259,0.000128464724,-0.0121766032,0.0614760725,1710.91145
0.0689087629,0.00729285993,-0.00174378742,0.000161352695,-0.0119095864,0.0532453611,1710.98005
0.0689162247,0.115035914,0.00714156989,0.00584154984,0.0308321526,-4.44291477,1707.89911
0.068930263,0.040914044,-0.00590641119,0.00356946523,0.000309011704,-0.676052751,1709.48136
0.0690248115,0.00817490128,-0.001940282,0.000200295428,-0.0116217759,0.0443050959,1711.04688
0.0691492045,0.00912036556,-0.00214696931,0.000246115554,-0.0113113861,0.0345569941,1711.11057
0.0692164578,0.117715008,0.00764309413,0.00535222865,0.0325157768,-4.5601353,1707.87931
0.0692825419,0.0101338132,-0.00236384483,0.000299719614,-0.0109764521,0.0238808661,1711.16947
0.0693478043,0.0442136074,-0.00594103931,0.00398322092,0.00157918706,-0.789215943,1709.12506
0.069425467,0.0112201325,-0.00259076878,0.00036210154,-0.0106148086,0.0121294984,1711.22165
0.0694271059,0.0803647536,-0.00151002342,0.00782920874,0.0155284662,-2.58769048,1706.94383
0.0694965509,0.120214384,0.00803646258,0.00486844938,0.034170045,-4.66589364,1707.75841
0.069578669,0.0123845633,-0.0028274335,0.00043434484,-0.0102240667,-0.000878329077,1711.26487
0.069742887,0.0136327222,-0.00307332412,0.000517623129,-0.00980158778,-0.0153661191,1711.29657
0.069757855,0.1225461,0.0083251546,0.00439778185,0.0357910861,-4.76184291,1707.51072
0.0697953688,0.0477504251,-0.00589715645,0.00442088572,0.00296434419,-0.921155826,1708.74566
0.0699189131,0.0149706296,-0.00332767264,0.000613198473,-0.00934445587,-0.031608697,1711.31385
0.0700016305,0.124721401,0.00851424586,0.00394610396,0.0373747661,-4.84969687,1707.1174
0.0700277737,0.0853696328,-0.000335692029,0.00793195076,0.0176782146,-2.86513524,1706.87176
0.0701075962,0.0164047389,-0.0035894056,0.000722416832,-0.00884944521,-0.0499438339,1711.31353
0.0702290532,0.12675078,0.00861008519,0.00351784672,0.0389169815,-4.93114415,1706.56896
0.0702751153,0.0515415566,-0.00575679717,0.00487730423,0.00447447824,-1.07445538,1708.35311
0.0703098465,0.0179419674,-0.00385708314,0.000846699699,-0.00831298983,-0.0707857854,1711.29215
0.0704412201,0.128644026,0.00861989973,0.00311606859,0.0404138881,-5.00757921,1705.86697
0.0705266397,0.0195897299,-0.00412882793,0.000987530719,-0.00773114715,-0.0946404055,1711.24605
0.070588148,0.0900387783,0.000852580918,0.00790462798,0.0197565016,-3.124668,1706.87202
0.0706391546,0.13041027,0.0085514734,0.00274271669,0.041862065,-5.08015532,1705.02391
0.0707590212,0.0213559743,-0.00440224259,0.00114643702,-0.00709955932,-0.122120579,1711.17152
0.0707893578,0.0556052884,-0.00549946274,0.00534509572,0.00612038627,-1.2515665,1707.95951
0.0708238114,0.132058033,0.00841288706,0.002398792,0.043258623,-5.1497601,1704.06047
0.0709960811,0.133595261,0.00821229306,0.00208452005,0.0446012644,-5.21701926,1703.00233
0.0710081121,0.0232492201,-0.00467431832,0.00132496873,-0.00641341908,-0.15396179,1711.06488
0.0711109317,0.0943947116,0.00202154475,0.0077650576,0.0217765691,-3.36480613,1706.92983
0.0711567948,0.13502937,0.00795772953,0.00179950645,0.0458883031,-5.2823277,1701.87708
0.0712751138,0.0252785992,-0.00494133094,0.00152465082,-0.00566743263,-0.191064343,1710.92278
0.0713067277,0.136367278,0.00765697257,0.00154287697,0.0471186545,-5.34589194,1700.71148
0.0713405768,0.0599612217,-0.00510142272,0.0058132874,0.00791402682,-1.45443322,1707.57888
0.0714466028,0.137615437,0.00731742572,0.00131339694,0.0482918029,-5.40777998,1699.5297
0.0715613142,0.0274539002,-0.0051987202,0.00174693546,-0.00485578562,-0.234474001,1710.74236
0.0715770949,0.138779867,0.00694603582,0.00110957547,0.0494077541,-5.46797699,1698.35224
0.0715986463,0.0984584434,0.00314345802,0.00753126934,0.0237498464,-3.58500732,1707.03111
0.0716988335,0.139866187,0.00654923587,0.000929752477,0.0504669778,-5.52640752,1697.19557
0.0718124057,0.140879634,0.00613291498,0.000772169824,0.0514703462,-5.58296412,1696.07225
0.0718680937,0.0297856156,-0.00544095259,0.00199316405,-0.00397211327,-0.285414878,1710.52153
0.0719183593,0.141825099,0.00570240442,0.000635030945,0.0524190717,-5.63754311,1694.9913
0.0719314311,0.0646303672,-0.00453569177,0.00626632306,0.00986924512,-1.68496703,1707.22682
0.0720172054,0.14270714,0.00526247867,0.000516545406,0.0533146456,-5.69005216,1693.95871
0.0720536445,0.102249575,0.00419590002,0.00722139617,0.0256853295,-3.78556059,1707.16188
0.0721094208,0.143530013,0.00481736922,0.0004149637,0.0541587814,-5.74041729,1692.97805
0.0721954503,0.144297686,0.00437078698,0.000328603654,0.054953362,-5.78858782,1692.05095
0.0721969322,0.0322849924,-0.00566136174,0.00226446783,-0.00300947649,-0.345336386,1710.25942
0.0722757088,0.145013864,0.003925951,0.000255868849,0.0557003929,-5.83453714,1691.17761
0.0723505834,0.145681998,0.00348562157,0.000195260864,0.0564019609,-5.87826154,1690.35717
0.0723841399,0,0,0,-0.0151601343,0.195981565,1710.86123
0.0724204354,0.146305314,0.00305213581,0.000145386815,0.0570601986,-5.91977704,1689.58805
0.0724324235,0.000357650242,-9.39170679e-05,5.69479505e-07,-0.0150398025,0.193103041,1710.8988
0.0724781208,0.105786393,0.00516149075,0.00685272384,0.0275893394,-3.96721455,1707.30721
0.0724841789,0.000741017226,-0.00019405084,1.90882211e-06,-0.0149106212,0.188545858,1710.93853
0.0724856016,0.146886817,0.00262744431,0.000104962107,0.0576772547,-5.95911805,1688.86817
0.0725396558,0.00115195011,-0.000300765701,4.16121545e-06,-0.0147718897,0.185264253,1710.98038
0.0725463964,0.147429312,0.00221314791,7.28132594e-05,0.0582552679,-5.99633098,1688.19518
0.0725494157,0.0349640862,-0.00585198269,0.00256166242,-0.00196034556,-0.415839556,1709.95663
0.0725647706,0.0696352464,-0.00377307273,0.00668247266,0.012003141,-1.94431976,1706.92021
0.0725991217,0.00159243101,-0.000414427717,7.70723307e-06,-0.0146228739,0.181603783,1711.02432
0.072603113,0.147935415,0.0018105335,4.78637276e-05,0.0587963477,-6.03149786,1687.56654
0.0726560249,0.148407569,0.00142060861,2.91680903e-05,0.059302557,-6.06454062,1686.97968
0.0726628635,0.00206458457,-0.000535410267,1.27058239e-05,-0.0144627778,0.177649319,1711.07027
0.0727053875,0.14884805,0.00104413434,1.58247947e-05,0.0597759,-6.0955033,1686.43204
0.0727311887,0.0025706882,-0.000664090694,1.94214399e-05,-0.0142907378,0.173380658,1711.11807
0.0727514388,0.149258983,0.000681657423,7.37770678e-06,0.0602183127,-6.12401299,1685.92112
0.0727944009,0.14964235,0.000333534737,2.10775254e-06,0.0606316551,-6.15754774,1685.44454
0.0728044267,0.00311318307,-0.000800846879,2.81417617e-05,-0.0141058157,0.168794291,1711.16752
0.072834481,0.15,0,0,0.0610176691,-6.17663925,1685
0.0728741226,0.109085956,0.00602752365,0.00644129221,0.0294655685,-4.13102852,1707.44983
0.0728829309,0.00369468589,-0.000946052426,3.91981589e-05,-0.0139069911,0.163854132,1711.21832
0.0729272444,0.0378358195,-0.0060033713,0.00288511178,-0.000816591993,-0.498698927,1709.61559
0.0729670799,0.00431800152,-0.00110007071,5.29628266e-05,-0.0136931527,0.158525284,1711.27006
0.0730572797,0.00498613648,-0.00126324746,6.98553396e-05,-0.0134630889,0.152766417,1711.32221
0.0731539652,0.0057023135,-0.00143590186,9.03463982e-05,-0.0132154764,0.146528823,1711.3741
0.0732436502,0.075,-0.00278349356,0.00703456798,0.0143381423,-2.23287464,1706.67656
0.0732435602,0.112164181,0.00678552431,0.00600154844,0.0313153407,-4.27833965,1707.56894
0.0732576029,0.00646998704,-0.00161831539,0.000114962302,-0.0129488682,0.139754079,1711.42489
0.0733322408,0.040914044,-0.0061043377,0.00323461979,0.000430513322,-0.596005477,1709.24081
0.0733686926,0.00729285993,-0.00181071813,0.00014428924,-0.0126616795,0.132372187,1711.47353
0.0734877702,0.00817490128,-0.00201327271,0.000178977535,-0.0123521724,0.124298481,1711.51877
0.0735882155,0.115035914,0.00743075918,0.0055461496,0.0331379989,-4.41066515,1707.63967
0.07361541,0.00912036556,-0.00222605516,0.000219745516,-0.012018438,0.115429988,1711.55907
0.0737522278,0.0101338132,-0.00244903136,0.000267383747,-0.0116583768,0.105642142,1711.59265
0.0737663583,0.0442136074,-0.00614159018,0.00360909814,0.00179030239,-0.710059779,1708.83903
0.0738988833,0.0112201325,-0.0026820299,0.000322757577,-0.0112696768,0.0947777367,1711.61742
0.0739097508,0.117715008,0.00796170834,0.00508593559,0.0349313479,-4.52965333,1707.63405
0.0739225298,0.0803647536,-0.00162755829,0.00727552813,0.0167317162,-2.52869777,1706.52251
0.0740560841,0.0123845633,-0.00292471009,0.000386804091,-0.0108497889,0.0826395316,1711.63097
0.0742097171,0.120214384,0.00837958437,0.0046298992,0.0366921104,-4.63723673,1707.52346
0.0742245884,0.0136327222,-0.00317652392,0.000460536881,-0.0103958997,0.0690021414,1711.63057
0.0742316909,0.0477504251,-0.00609944635,0.00400618986,0.00327272819,-0.843169509,1708.41923
0.074405209,0.0149706296,-0.00343667176,0.000545050974,-0.00990490216,0.0535822186,1711.61318
0.0744895613,0.1225461,0.00868784298,0.00418535038,0.0384163519,-4.7350966,1707.28242
0.0745558693,0.0853696328,-0.000414510514,0.00738371391,0.0190320516,-2.8082505,1706.46101
0.074598817,0.0164047389,-0.00370405046,0.000641510462,-0.0093733624,0.036018477,1711.57551
0.0747304832,0.0515415566,-0.00595962734,0.00442174167,0.00488842959,-0.997831583,1707.99249
0.0747506333,0.124721401,0.00889163522,0.00375803614,0.0400998527,-4.82482371,1706.89316
0.0748063463,0.0179419674,-0.0039771937,0.000751140395,-0.00879748613,0.0158790185,1711.51399
0.0749941921,0.12675078,0.00899744261,0.00335226807,0.041738416,-4.90816786,1706.34757
0.075028798,0.0195897299,-0.00425420377,0.000875219284,-0.00817308176,-0.00735918726,1711.42499
0.0751467235,0.0900387783,0.000815721868,0.00737088926,0.0212542235,-3.06976552,1706.47545
0.0752214128,0.128644026,0.00901274227,0.002971101,0.0433281073,-4.98655178,1705.64827
0.075265141,0.0556052884,-0.00570099934,0.00484957899,0.00664889946,-1.17626489,1707.57174
0.075267245,0.0213559743,-0.00453267437,0.00101507812,-0.00749552085,-0.0343124169,1711.30482
0.0754333912,0.13041027,0.00894562557,0.00261648889,0.0448654279,-5.0610885,1704.80871
0.0755228375,0.0232492201,-0.00480959821,0.00117207913,-0.00675970071,-0.0657528806,1711.15005
0.0756311498,0.132058033,0.00880452063,0.00228949146,0.046347429,-5.13264389,1703.85021
0.0756979425,0.0943947116,0.00202857,0.00725291184,0.0234121639,-3.31183479,1706.55001
0.0757968083,0.0252785992,-0.00508126076,0.00134755477,-0.00596000606,-0.102615147,1710.95763
0.0758156425,0.133595261,0.00859795216,0.00199041334,0.0477717758,-5.20182758,1702.79875
0.0758382432,0.0599612217,-0.00529895988,0.00528039625,0.00856685806,-1.38051973,1707.17154
0.0759877592,0.13502937,0.00833434183,0.0017189579,0.0491367686,-5.26901513,1701.68185
0.0760904789,0.0274539002,-0.00534312481,0.00154279977,-0.00509027329,-0.145943324,1710.72518
0.0761483301,0.136367278,0.00802185579,0.00147435794,0.0504413338,-5.33438785,1700.5261
0.0762121851,0.0984584434,0.00319501392,0.0070459452,0.025517936,-3.5339309,1706.66989
0.0762981297,0.137615437,0.0076682782,0.00125549296,0.05168499,-5.39801971,1699.35533
0.0764052658,0.0297856156,-0.00558969765,0.0017590596,-0.00414375888,-0.196977304,1710.4514
0.0764378805,0.138779867,0.00728091583,0.00106098719,0.0528677989,-5.45989592,1698.18969
0.0764525542,0.0646303672,-0.00472549294,0.00570077955,0.0106570048,-1.61253379,1706.80767
0.0765682567,0.139866187,0.00686654339,0.000889291805,0.0539903052,-5.51992486,1697.04532
0.0766898871,0.140879634,0.0064313684,0.000738759947,0.055053473,-5.57800071,1695.93448
0.0766919316,0.102249575,0.00429144179,0.00676649976,0.027581084,-3.73634216,1706.82046
0.0767426873,0.0322849924,-0.00581436775,0.00199743188,-0.00311311376,-0.257190044,1710.1363
0.0768033584,0.141825099,0.00598101379,0.000607701301,0.0560586202,-5.63402197,1694.86595
0.0769092178,0.14270714,0.00552051858,0.00049442518,0.0570073548,-5.68789775,1693.84554
0.0770079761,0.143530013,0.00505435126,0.000397275694,0.0579015153,-5.73955659,1692.87668
0.0770710245,0,0,0,-0.0161417554,0.27777326,1711.56431
0.0771001096,0.144297686,0.00458643279,0.000314657439,0.0587431155,-5.78895068,1691.96092
0.0771043711,0.0349640862,-0.00600920904,0.00225877527,-0.00199036537,-0.328234406,1709.78164
0.077111037,0.0696352464,-0.00394989118,0.00609124359,0.0129374337,-1.87340548,1706.49693
0.0771199354,0.000357650242,-9.71566255e-05,4.91732557e-07,-0.0160121132,0.275300638,1711.59228
0.0771394961,0.105786393,0.00529941053,0.00643047711,0.0296083741,-3.91981702,1706.98598
0.0771723633,0.000741017226,-0.000200667246,1.64748407e-06,-0.0158729473,0.271386434,1711.6217
0.0771860626,0.145013864,0.00412016639,0.000245053879,0.0595342961,-5.83605639,1691.09839
0.077228561,0.00115195011,-0.00031089089,3.59021553e-06,-0.0157235065,0.26856391,1711.65251
0.0772662498,0.145681998,0.00365847205,0.000187039644,0.0602772806,-5.88087304,1690.28822
0.0772887996,0.00159243101,-0.000428189965,6.6466237e-06,-0.0155630031,0.265404333,1711.6846
0.0773410579,0.146305314,0.00320382371,0.000139288309,0.0609743391,-5.92341945,1689.52881
0.0773533696,0.00206458457,-0.000552932679,1.095192e-05,-0.0153905831,0.261977577,1711.71781
0.0774108478,0.146886817,0.00275828777,0.000100575315,0.0616277557,-5.96373306,1688.81809
0.0774225825,0.0025706882,-0.000685489581,1.67316079e-05,-0.0152053205,0.258262956,1711.75194
0.0774759561,0.147429312,0.00232356163,6.97815542e-05,0.0622398034,-6.00186278,1688.1537
0.0774920616,0.0378358195,-0.00616480335,0.00254363651,-0.000766907856,-0.411847625,1709.39111
0.0774967721,0.00311318307,-0.000826229993,2.42304076e-05,-0.0150062098,0.254253256,1711.7867
0.0775366969,0.147935415,0.00190101145,4.58771051e-05,0.062812722,-6.03789303,1687.53315
0.0775570374,0.109085956,0.0062053094,0.00605274666,0.0316038402,-4.08544185,1707.14817
0.0775762963,0.00369468589,-0.000975516972,3.37297069e-05,-0.0147921576,0.249912575,1711.82169
0.0775933631,0.148407569,0.00149170837,2.79662324e-05,0.0633487012,-6.0716933,1686.95387
0.077646228,0.14884805,0.00109646348,1.51869185e-05,0.0638498673,-6.10329314,1686.41333
0.0776615387,0.00431800152,-0.00113370121,4.5544827e-05,-0.0145619742,0.245205561,1711.85643
0.0776955467,0.149258983,0.000715861498,7.17222173e-06,0.0643182736,-6.13233143,1685.90907
0.0777415571,0.14964235,0.000350288567,1.93256097e-06,0.0647558925,-6.16696452,1685.43872
0.0777529104,0.00498613648,-0.00130111366,6.00317459e-05,-0.0143143624,0.240091571,1711.89029
0.077784481,0.15,0,0,0.0651645712,-6.18687028,1685
0.0778168678,0.075,-0.0029401553,0.00642730574,0.0154317725,-2.16366604,1706.25651
0.0778508522,0.0057023135,-0.00147805646,7.75868618e-05,-0.0140479069,0.234509831,1711.92248
0.0779076289,0.040914044,-0.00627008281,0.00285213612,0.000566501512,-0.509965748,1708.97055
0.0779465695,0.112164181,0.00699992997,0.00564681964,0.0335690489,-4.23454813,1707.28503
0.0779558364,0.00646998704,-0.00166479192,9.8650482e-05,-0.0137610608,0.228404464,1711.95205
0.0780683696,0.00729285993,-0.00186152946,0.00012371698,-0.0134521311,0.221711487,1711.97782
0.0781889943,0.00817490128,-0.00206840953,0.000153332642,-0.0131192621,0.214330931,1711.99839
0.0783099713,0.115035914,0.00767797404,0.00522462691,0.0355034978,-4.36869336,1707.37064
0.0783182926,0.00912036556,-0.00228548466,0.000188095853,-0.0127604175,0.206156757,1712.01211
0.0783530775,0.0442136074,-0.00631177993,0.00318377774,0.00201974661,-0.624867133,1708.52798
0.078456888,0.0101338132,-0.00251269737,0.000228668814,-0.0123733592,0.197066218,1712.01704
0.0785226987,0.0803647536,-0.0017569075,0.00666465584,0.0179872854,-2.4611864,1706.11182
0.0786054491,0.0112201325,-0.00274985305,0.000275775273,-0.0119556245,0.186885645,1712.01093
0.0786489957,0.117715008,0.00823752528,0.00479646478,0.0374050746,-4.48953415,1707.37627
0.0787646925,0.0123845633,-0.00299658816,0.00033019091,-0.0115045004,0.175403766,1711.99124
0.0788305559,0.0477504251,-0.00627385223,0.00353696751,0.00360337343,-0.75898395,1708.07348
0.0789353862,0.0136327222,-0.00325233466,0.000392756954,-0.0110169954,0.162394377,1711.95513
0.0789652778,0.120214384,0.00867953433,0.00437092133,0.0392705292,-4.59890378,1707.27319
0.0791183535,0.0149706296,-0.0035162783,0.000464386608,-0.0104898088,0.147558926,1711.89944
0.0791811815,0.0853696328,-0.000511562499,0.00678098937,0.0204414847,-2.74225494,1706.06334
0.0792603434,0.1225461,0.00900737081,0.00395504674,0.0410959151,-4.69874506,1707.03646
0.0793144771,0.0164047389,-0.00378730837,0.000546048903,-0.00991929583,0.130520566,1711.8208
0.0793423673,0.0515415566,-0.00613780396,0.00390874612,0.00532865935,-0.914753985,1707.61895
0.0795247029,0.0179419674,-0.00406396015,0.00063876557,-0.00930143291,0.110831769,1711.71568
0.0795356156,0.124721401,0.00922624155,0.00355439745,0.042876977,-4.79060036,1706.64943
0.079750045,0.0195897299,-0.00434434978,0.000743608676,-0.00863177919,0.0879525982,1711.58049
0.0797924222,0.12675078,0.00934272481,0.0031731794,0.0446094708,-4.87599221,1706.10523
0.0797954925,0.0900387783,0.000754771332,0.00678587916,0.0228101816,-3.00520327,1706.09295
0.0798909803,0.0556052884,-0.00588215165,0.00429428675,0.00720778911,-1.0942435,1707.17779
0.0799915901,0.0213559743,-0.0046261001,0.000861705007,-0.00790543555,0.0612467759,1711.41177
0.0800320018,0.128644026,0.00936448095,0.00281446605,0.0462894148,-4.95645378,1705.40773
0.0802505036,0.0232492201,-0.00490625239,0.000994217091,-0.00711700538,0.0299183413,1711.20638
0.0802555102,0.13041027,0.00929987258,0.00248024482,0.0479132708,-5.03309433,1704.57131
0.0803685946,0.0943947116,0.00200628318,0.00669303343,0.0251080115,-3.24871391,1706.18393
0.0804640253,0.132058033,0.00915763832,0.00217163458,0.0494780646,-5.10674944,1703.61788
0.0804790412,0.0599612217,-0.00548138019,0.00468599521,0.00925424125,-1.29951416,1706.76468
0.0805280341,0.0252785992,-0.00518116391,0.0011423059,-0.00626055458,-0.00696664953,1710.96178
0.080658553,0.133595261,0.00894664319,0.00188903666,0.0509814533,-5.17800107,1702.5736
0.0808255204,0.0274539002,-0.00544639324,0.00130714079,-0.0053295741,-0.0504688857,1710.67631
0.0808400315,0.13502937,0.00867567049,0.00163226639,0.0524217494,-5.24717001,1701.46591
0.0809032524,0.0984584434,0.00321271142,0.00651660348,0.0273476864,-3.472283,1706.321
0.0810093362,0.136367278,0.00835324855,0.00140068184,0.0537979112,-5.31446183,1700.32108
0.0811093865,0.0646303672,-0.00490631681,0.00507278983,0.0114835629,-1.53245734,1706.3953
0.0811443973,0.0297856156,-0.00569656446,0.00148988273,-0.00431694657,-0.101844482,1710.34953
0.0811672837,0.137615437,0.00798750941,0.00119328919,0.0551095091,-5.37996844,1699.16255
0.081314636,0.138779867,0.00758609902,0.001008834,0.0563566745,-5.44363062,1698.01005
0.0814020447,0.102249575,0.00434926888,0.00627135403,0.0295393187,-3.67621044,1706.4891
0.0814521036,0.139866187,0.00715611653,0.000845896027,0.0575400385,-5.5053518,1696.87935
0.0814862031,0.0322849924,-0.00592520512,0.0016916316,-0.00321491881,-0.162537805,1709.98257
0.0815803497,0.140879634,0.0067040706,0.000702952972,0.058660665,-5.56503388,1695.78237
0.0816999929,0.141825099,0.00623586096,0.000578430806,0.0597199837,-5.62257652,1694.7276
0.0817850565,0.0696352464,-0.00412470032,0.0054375804,0.0139148269,-1.79421785,1706.0861
0.0818116103,0.14270714,0.00575677805,0.000470748923,0.060719723,-5.6778906,1693.72069
0.0818525862,0.0349640862,-0.0061245397,0.00191338117,-0.00201508191,-0.234219194,1709.57841
0.0818673773,0.105786393,0.00539644969,0.00597170575,0.0316901488,-3.86124432,1706.67187
0.0819157403,0.143530013,0.00527151614,0.000378354181,0.061661849,-5.7309077,1692.76489
0.0820128851,0.144297686,0.00478419666,0.000299746177,0.0625485076,-5.78158348,1691.86167
0.0820242274,0,0,0,-0.0171791542,0.371387678,1712.30729
0.0820731307,0.000357650242,-9.92106485e-05,3.9854987e-07,-0.0170394438,0.369302554,1712.32418
0.0821035133,0.145013864,0.00429839896,0.000233495581,0.0633819742,-5.82989793,1691.0111
0.0821255504,0.000741017226,-0.000204842441,1.33497557e-06,-0.0168894839,0.365964281,1712.34173
0.0821817393,0.00115195011,-0.000317245558,2.90573646e-06,-0.0167284704,0.363500076,1712.3598
0.082188062,0.145681998,0.00381719602,0.000178256556,0.0641646081,-5.875854,1690.21228
0.0822419684,0.00159243101,-0.000436775987,5.37652071e-06,-0.0165555584,0.360734431,1712.37823
0.0822453141,0.0378358195,-0.00628521443,0.00215585257,-0.00070835919,-0.318763602,1709.14205
0.0822669392,0.146305314,0.00334319319,0.000132774826,0.0648988145,-5.91947394,1689.46358
0.0823014949,0.109085956,0.00633971531,0.00563130116,0.0338045912,-4.02848533,1706.85017
0.0823065284,0.00206458457,-0.000563794155,8.85433923e-06,-0.0163698329,0.357722989,1712.39679
0.0823405251,0.146886817,0.0028785683,9.58909019e-05,0.0655870113,-5.9607986,1688.76295
0.0823757305,0.0025706882,-0.000698661309,1.35189654e-05,-0.0161703018,0.354438315,1712.4152
0.0824091748,0.147429312,0.00242511194,6.65442855e-05,0.0662316023,-5.99988006,1688.10805
0.0824499085,0.00311318307,-0.000841735992,1.95636966e-05,-0.0159558884,0.350870889,1712.43307
0.0824732194,0.147935415,0.001984267,4.37563071e-05,0.0668349546,-6.03680599,1687.4964
0.0825093105,0.075,-0.00310256357,0.00575871088,0.0165728286,-2.08545646,1705.85379
0.0825294203,0.00369468589,-0.000993369134,2.72122441e-05,-0.0157254231,0.346990873,1712.44995
0.0825329678,0.148407569,0.00155716661,2.66811677e-05,0.0673993811,-6.07141773,1686.92547
0.0825887082,0.14884805,0.00114467005,1.44986615e-05,0.0679271269,-6.10372518,1686.39276
0.0826146494,0.00431800152,-0.00115389801,3.67155515e-05,-0.0154776333,0.342759857,1712.46522
0.0826407094,0.149258983,0.000747395543,6.91803656e-06,0.0684203587,-6.13333455,1685.89582
0.0826662809,0.040914044,-0.00639612707,0.0024196531,0.000714999798,-0.417723177,1708.68058
0.0826892224,0.14964235,0.000365752453,1.81905106e-06,0.0688811577,-6.16895107,1685.43231
0.0827060068,0.00498613648,-0.00132363881,4.83557474e-05,-0.015211133,0.338133064,1712.47818
0.0827064912,0.112164181,0.00716908577,0.00526264876,0.0358844998,-4.1792751,1707.00101
0.082734481,0.15,0,0,0.0693114733,-6.18955444,1685
0.0828039333,0.0057023135,-0.00150287752,6.24445537e-05,-0.0149244107,0.333043858,1712.48792
0.0829089012,0.00646998704,-0.00169185929,7.93270662e-05,-0.0146158156,0.327436966,1712.49336
0.0830214167,0.00729285993,-0.00189077601,9.93922885e-05,-0.0142835425,0.321245051,1712.49321
0.08308432,0.115035914,0.00787865848,0.00487691915,0.0379295765,-4.31516215,1707.09754
0.0831175172,0.0442136074,-0.00644414015,0.00270486782,0.00226542628,-0.532994197,1708.20309
0.0831420227,0.00817490128,-0.00209975088,0.000123068656,-0.0139256146,0.314361983,1712.48595
0.0832335644,0.0803647536,-0.0018998561,0.00599460073,0.0192942807,-2.38390603,1705.72208
0.0832713008,0.00912036556,-0.00231882,0.000150823497,-0.0135398644,0.306675455,1712.46979
0.0834098745,0.0101338132,-0.00254791138,0.000183173835,-0.0131239116,0.29805366,1712.44265
0.0834368034,0.117715008,0.00846608254,0.00448382234,0.0399378465,-4.43783631,1707.11051
0.0835584124,0.0112201325,-0.00278681954,0.000220683727,-0.0126751401,0.288316212,1712.40219
0.0836011996,0.0477504251,-0.00641369626,0.00301072478,0.00395405687,-0.667965108,1707.72042
0.0837176309,0.0123845633,-0.00303517553,0.000263959445,-0.0121906704,0.277249134,1712.34574
0.0837656419,0.120214384,0.00893200936,0.00409159425,0.0419061423,-4.54905711,1707.01129
0.0838882979,0.0136327222,-0.00329241261,0.000313659643,-0.0116673309,0.264606286,1712.27038
0.0839092345,0.0853696328,-0.000629455843,0.00612197472,0.0219057157,-2.66576261,1705.68873
0.0840712368,0.0149706296,-0.00355772624,0.000370496742,-0.0111016256,0.250072499,1712.17292
0.0840724214,0.1225461,0.00927961059,0.00370695613,0.0438305597,-4.6508553,1706.7757
0.084119661,0.0515415566,-0.00628617199,0.00333583115,0.00579280792,-0.824968123,1707.24488
0.0842673297,0.0164047389,-0.00383002796,0.000435232157,-0.0104896983,0.233266876,1712.05
0.0843586218,0.124721401,0.00951411512,0.00333530214,0.0457068601,-4.74492433,1706.38828
0.0844775227,0.0179419674,-0.00410789197,0.000508678651,-0.00982729675,0.213728378,1711.89817
0.0845395797,0.0900387783,0.000666453096,0.00614798709,0.0244236834,-2.92947629,1705.73417
0.0846256235,0.12675078,0.00964217763,0.00298076458,0.0475308019,-4.83258091,1705.84352
0.0846754022,0.0556052884,-0.00603906938,0.00367672283,0.0077945594,-1.00507154,1706.78991
0.0847028295,0.0195897299,-0.00438949256,0.000591700195,-0.00910973192,0.19090117,1711.71405
0.0848747144,0.128644026,0.0096715515,0.00264637349,0.0492984006,-4.91527757,1705.14653
0.084944337,0.0213559743,-0.0046725309,0.000685211042,-0.0083318365,0.164119163,1711.49451
0.085107096,0.13041027,0.00961083894,0.00233420731,0.0510061188,-4.99419316,1704.31263
0.0851276406,0.0943947116,0.001950877,0.00608400474,0.0268635257,-3.17383783,1705.84093
0.08520321,0.0232492201,-0.00495415396,0.000790174861,-0.00748792356,0.132591703,1711.2369
0.0852711039,0.0599612217,-0.00564591538,0.00402759081,0.00997355453,-1.21066865,1706.36997
0.0853238891,0.132058033,0.00946906372,0.0020454502,0.0526509924,-5.07011366,1703.3642
0.0854806972,0.0252785992,-0.00523085963,0.000907603834,-0.00657174493,0.0953901513,1710.93932
0.0855261394,0.133595261,0.00925539709,0.00178062751,0.0542307009,-5.14356009,1702.3275
0.0856762537,0.0984584434,0.00319233833,0.0059420116,0.0292386099,-3.39837686,1705.99338
0.0857148226,0.13502937,0.00897895726,0.00153967605,0.0557435946,-5.21488157,1701.22976
0.0857781371,0.0274539002,-0.00549837978,0.00103855725,-0.00557645202,0.0514316501,1710.601
0.0858908486,0.136367278,0.00864859964,0.00132208198,0.0571886855,-5.28429649,1700.09686
0.0859096393,0.0646303672,-0.00507648582,0.00437983138,0.0123461945,-1.44384461,1706.00044
0.0860550666,0.137615437,0.00827277332,0.00112699368,0.0585656134,-5.35182385,1698.95176
0.0860969642,0.0297856156,-0.00575154318,0.00118413786,-0.00449456032,-0.000527623087,1710.22256
0.086188065,0.102249575,0.00436487454,0.00573490471,0.0315596319,-3.60340887,1706.17618
0.0862082686,0.138779867,0.00785944424,0.000953301094,0.0598745936,-5.4173889,1697.8137
0.0863511937,0.139866187,0.00741601362,0.000799729996,0.0611163542,-5.48091584,1696.69801
0.0864387166,0.0322849924,-0.00598411259,0.00134548527,-0.0033179198,-0.0618921364,1709.80632
0.0864845312,0.140879634,0.00694927206,0.000664891914,0.0622920673,-5.54230698,1695.61622
0.0865940885,0.0696352464,-0.0042969987,0.0047189324,0.0149325291,-1.7057018,1705.69744
0.0866089242,0.141825099,0.00646537978,0.000547341128,0.0634032797,-5.6014619,1694.57657
0.0866655435,0.105786393,0.00544789687,0.00547552514,0.0338343338,-3.78968665,1706.37256
0.0867249727,0.14270714,0.00596986472,0.000445617882,0.0644518446,-5.65829451,1693.58443
0.0868050425,0.0349640862,-0.00618858208,0.00152379444,-0.00203769242,-0.134248238,1709.35652
0.0868332366,0.143530013,0.00546763503,0.000358281299,0.0654398571,-5.71274033,1692.64294
0.086934238,0.144297686,0.0049630026,0.00028393447,0.0663695962,-5.76475929,1691.75344
0.0870284641,0.145013864,0.00445971458,0.000221242814,0.0672434711,-5.8143358,1690.91594
0.087110992,0.109085956,0.00642590978,0.00517622178,0.0360675453,-3.95831194,1706.56269
0.0871163694,0.145681998,0.00396099011,0.000168946689,0.0680639758,-5.86147729,1690.1295
0.0871977091,0.0378358195,-0.00635589251,0.00172016424,-0.000644337246,-0.219560701,1708.87938
0.0871983779,0.146305314,0.00346956051,0.000125869704,0.0688336484,-5.90621066,1689.3925
0.0872588813,0,0,0,-0.0182755001,0.476051111,1713.09244
0.0872748852,0.146886817,0.00298771082,9.09225388e-05,0.0695550377,-5.94858096,1688.70289
0.0873071059,0.000357650242,-9.97059861e-05,2.89339451e-07,-0.0181249546,0.474331112,1713.09668
0.0873277527,0.075,-0.00327141467,0.00502624383,0.0177585037,-1.99701187,1705.47719
0.0873462603,0.147429312,0.00251732173,6.31068998e-05,0.0702306752,-5.98864514,1688.05834
0.0873587981,0.000741017226,-0.000205811467,9.69410533e-07,-0.0179633824,0.471491346,1713.10067
0.0874128474,0.147935415,0.00205991063,4.15025946e-05,0.0708630518,-6.02649212,1687.4564
0.0874142072,0.00115195011,-0.000318653983,2.10286045e-06,-0.0177899237,0.469268011,1713.10422
0.0874736005,0.00159243101,-0.000438580213,3.88641867e-06,-0.0176036734,0.466771819,1713.10707
0.0874749678,0.148407569,0.0016166713,2.53052738e-05,0.0714546002,-6.06203259,1686.89456
0.0875265593,0.112164181,0.00728811749,0.00484845945,0.0382614526,-4.1106441,1706.72278
0.087532921,0.14884805,0.00118851078,1.37427676e-05,0.0720076802,-6.09530625,1686.37036
0.0875372644,0.00206458457,-0.000565940411,6.39416426e-06,-0.0174036521,0.464045957,1713.10894
0.0875869867,0.149258983,0.000776082322,6.46781303e-06,0.0725245684,-6.12604226,1685.88139
0.0876055061,0.0025706882,-0.00070108477,9.75409966e-06,-0.0171887984,0.461055211,1713.10945
0.0876186102,0.040914044,-0.00647505829,0.001935649,0.000872399415,-0.319885879,1708.38304
0.0876374256,0.14964235,0.000379820874,1.7529391e-06,0.0730074506,-6.1613225,1685.42534
0.0876786546,0.00311318307,-0.000844359835,1.41013422e-05,-0.0169579613,0.457785851,1713.10814
0.087684481,0.15,0,0,0.0734583754,-6.18103732,1685
0.0877570629,0.00369468589,-0.000996103816,1.95934105e-05,-0.0167098908,0.454209414,1713.10445
0.0878411091,0.00431800152,-0.0011566408,2.64069155e-05,-0.0164432286,0.450284126,1713.09768
0.0879142499,0.115035914,0.00802795348,0.00450259506,0.0404160159,-4.24823352,1706.82531
0.0879311987,0.00498613648,-0.00132627358,3.47384401e-05,-0.016156496,0.445959977,1713.08701
0.0880277661,0.0057023135,-0.00150527518,4.48056306e-05,-0.0158480821,0.44117732,1713.07144
0.088061417,0.0803647536,-0.00205819987,0.0052628872,0.0206499386,-2.29546258,1705.36145
0.088069776,0.0442136074,-0.00653299418,0.00217078716,0.00252349558,-0.436868514,1707.87729
0.0881312771,0.00646998704,-0.00169387865,5.6850169e-05,-0.0155162288,0.43587153,1713.04976
0.0882422311,0.00729285993,-0.0018922648,7.11404249e-05,-0.0151590157,0.429960892,1713.02058
0.0882759336,0.117715008,0.00864256112,0.00414773397,0.0425294538,-4.37278605,1706.84077
0.0883611632,0.00817490128,-0.00210054792,8.79720383e-05,-0.0147743417,0.423345949,1712.98225
0.0884886471,0.00912036556,-0.00231875891,0.000107669898,-0.0143599055,0.41590663,1712.93289
0.0885533829,0.0477504251,-0.00651417965,0.00242550034,0.00432068151,-0.572245992,1707.37327
0.0886133552,0.120214384,0.00913223853,0.00379169661,0.0445987393,-4.48605107,1706.74091
0.0886252977,0.0101338132,-0.00254682502,0.000130590161,-0.0139131826,0.407496493,1712.87031
0.0887458662,0.0853696328,-0.000770902115,0.00540429306,0.0234220696,-2.57724058,1705.34498
0.0887717741,0.0112201325,-0.00278454701,0.000157122163,-0.0134314015,0.397936845,1712.79208
0.0889281421,0.1225461,0.00949989585,0.00344096849,0.0466200681,-4.58985942,1706.50254
0.0889287828,0.0123845633,-0.00303157223,0.000187690478,-0.0129115151,0.387009764,1712.69548
0.0890717633,0.0515415566,-0.00640000452,0.002700658,0.00627651916,-0.728535238,1706.88317
0.0890970812,0.0136327222,-0.00328736215,0.000222757147,-0.0123501713,0.374449242,1712.57756
0.0892218126,0.124721401,0.00975066906,0.0031006989,0.0485892725,-4.68632199,1706.11151
0.0892774811,0.0149706296,-0.00355115521,0.000262824349,-0.0117436792,0.359931942,1712.43518
0.0893844016,0.0900387783,0.000547308888,0.00545496365,0.026092172,-2.84093289,1705.40671
0.0894708525,0.0164047389,-0.00382192413,0.000308437781,-0.0110879729,0.343066425,1712.26507
0.0894957834,0.12675078,0.00989134085,0.00277495963,0.0505021645,-4.77663111,1705.56377
0.0896274178,0.0556052884,-0.00616745275,0.00299457256,0.00840459784,-0.908106859,1706.42009
0.0896781283,0.0179419674,-0.0040983264,0.000360191132,-0.0103785734,0.323380593,1712.064
0.0897513759,0.128644026,0.00992976242,0.00246679548,0.0523548043,-4.86173437,1704.86568
0.0899003082,0.0195897299,-0.00437864637,0.000418731745,-0.00961054761,0.300308826,1711.82893
0.0899801032,0.0943947116,0.00185829967,0.00542372407,0.0286762828,-3.08545386,1705.52841
0.0899898229,0.13041027,0.00987464294,0.00217833483,0.0541436968,-4.94301721,1704.03344
0.0901384639,0.0213559743,-0.00466072821,0.000484768415,-0.00877846473,0.273178621,1711.55718
0.0902122746,0.132058033,0.00973521096,0.00191092352,0.0558659242,-5.02129999,1703.08979
0.0902230265,0.0599612217,-0.00578912577,0.00330271487,0.0107199466,-1.11324026,1705.99804
0.0903937441,0.0232492201,-0.00494189662,0.000559081778,-0.00787635362,0.241196924,1711.24677
0.090419804,0.133595261,0.00952092495,0.00166517694,0.0575192202,-5.09704795,1702.06097
0.0905358445,0.0984584434,0.0031293863,0.00532022768,0.0311884208,-3.31037484,1705.69417
0.090613412,0.13502937,0.00924120326,0.00144117795,0.059101999,-5.17067691,1700.97387
0.0906673802,0.0252785992,-0.00521886392,0.000642536862,-0.00689765931,0.203436117,1710.89665
0.0907940325,0.136367278,0.0089051739,0.00123856058,0.0606133484,-5.24234907,1699.85387
0.0908614622,0.0646303672,-0.00523377712,0.00361924349,0.0132398432,-1.34575728,1705.63215
0.090960692,0.0274539002,-0.00548761895,0.000736097872,-0.00583520171,0.158823304,1710.50706
0.0909625368,0.137615437,0.00852158988,0.00105661788,0.062052995,-5.31200174,1698.72334
0.0910543059,0.102249575,0.00433341712,0.00515537468,0.0336398723,-3.51603073,1705.88848
0.0911197376,0.138779867,0.0080987113,0.000894412095,0.0634212521,-5.37958827,1697.60098
0.0912663932,0.139866187,0.00764421857,0.000750822855,0.0647189553,-5.44503212,1696.50161
0.0912750942,0.0297856156,-0.00574329134,0.000840844162,-0.00468113779,0.106132791,1710.07977
0.0914032109,0.140879634,0.00716516595,0.000624609867,0.065947393,-5.50823173,1695.43635
0.0915308508,0.141825099,0.00666795847,0.000514468528,0.0671082344,-5.56908885,1694.41311
0.0915379882,0.105786393,0.00544868851,0.00494032598,0.0360389019,-3.70318023,1706.09427
0.0915458045,0.0696352464,-0.00446588456,0.00393247859,0.0159853312,-1.60669336,1705.33841
0.0916121035,0.0322849924,-0.00597998842,0.000957987847,-0.00342692909,0.0439872302,1709.61834
0.0916499283,0.14270714,0.00615834806,0.000419070719,0.0682034604,-5.62752144,1693.43703
0.0917610181,0.143530013,0.00564144535,0.000337097417,0.0692352975,-5.68346977,1692.51105
0.0918646557,0.144297686,0.00512174322,0.000267263681,0.0702061572,-5.73689877,1691.63642
0.0919613412,0.145013864,0.00460314893,0.000208337114,0.0711185826,-5.78779794,1690.81309
0.0919733454,0.0349640862,-0.00619060172,0.00108889754,-0.00206331596,-0.0291363044,1709.1282
0.0919892246,0.109085956,0.00645870112,0.00468605442,0.0383907869,-3.87292446,1706.29125
0.092051541,0.145681998,0.00408902186,0.000159150797,0.0719751997,-5.83617964,1690.04006
0.09213569,0.146305314,0.00358221469,0.000118611989,0.0727786776,-5.88207569,1689.31573
0.0922141942,0.146886817,0.0030851164,8.57065338e-05,0.0735316929,-5.92553561,1688.63803
0.0922793542,0.075,-0.00344715013,0.00422695783,0.0189835091,-1.89696643,1705.1329
0.0922874323,0.147429312,0.00259969542,5.95031733e-05,0.0742369013,-5.96662068,1688.00467
0.0923557574,0.147935415,0.00212754212,3.91427787e-05,0.0748969142,-6.00542441,1687.41321
0.0923605623,0.0378358195,-0.00636656842,0.0012351014,-0.000580298594,-0.114982785,1708.61656
0.0924101914,0.112164181,0.00735179025,0.00440293222,0.0406980922,-4.0266187,1706.45507
0.0924194992,0.148407569,0.00166990984,2.38697178e-05,0.0755142799,-6.04189982,1686.86121
0.0924789651,0.14884805,0.00122775393,1.29570108e-05,0.0760914692,-6.07610138,1686.3462
0.092534442,0.149258983,0.000801766935,6.06364118e-06,0.0766308645,-6.10771257,1685.86584
0.0925861974,0.14964235,0.000392415667,1.73010162e-06,0.0771347525,-6.14315531,1685.41783
0.092634481,0.15,0,0,0.0776052775,-6.16264339,1685
0.0927756218,0.040914044,-0.0064974084,0.00139804605,0.00103287734,-0.215654877,1708.09221
0.092790979,0,0,0,-0.0194341426,0.5905541,1713.92215
0.0928029193,0.115035914,0.00812066278,0.00410046224,0.0429610897,-4.16582325,1706.55783
0.0928378157,0.000357650242,-9.82005454e-05,1.58470143e-07,-0.01927201,0.589204283,1713.9121
0.0928880202,0.000741017226,-0.000202668802,5.45051337e-07,-0.0190980235,0.58679185,1713.90079
0.0929418346,0.00115195011,-0.000313726307,1.17381491e-06,-0.0189112653,0.584669495,1713.88793
0.0929995185,0.00159243101,-0.00043170799,2.16459812e-06,-0.0187107675,0.582310992,1713.87322
0.0930129039,0.0803647536,-0.00223362453,0.00446649097,0.0220489797,-2.19431567,1705.03532
0.0930613502,0.00206458457,-0.000556951868,3.55451568e-06,-0.018495483,0.579721465,1713.85627
0.0931276278,0.0025706882,-0.000689795776,5.41165414e-06,-0.0182642783,0.576873595,1713.83664
0.0931693024,0.117715008,0.00876188217,0.0037871155,0.0451782482,-4.29223102,1706.57012
0.0931986711,0.00311318307,-0.000830573963,7.807838e-06,-0.018015925,0.57374581,1713.81376
0.0932205262,0.0442136074,-0.00657009131,0.00157955646,0.00278773759,-0.33264634,1707.56514
0.0932748228,0.00369468589,-0.00097961249,1.08257682e-05,-0.01774909,0.570302625,1713.78699
0.0933564502,0.00431800152,-0.00113722385,1.45571923e-05,-0.0174623261,0.566501573,1713.75554
0.0934439469,0.00498613648,-0.00130370048,1.9104062e-05,-0.0171540593,0.562292445,1713.71846
0.0935111081,0.120214384,0.00927532719,0.00347023116,0.0473467408,-4.40759387,1706.46436
0.0935377351,0.0057023135,-0.00147930702,2.4579384e-05,-0.0168225763,0.557615524,1713.67466
0.0936382671,0.00646998704,-0.00166427088,3.11081273e-05,-0.0164660096,0.552399071,1713.62285
0.0936972462,0.0853696328,-0.000938633626,0.00462490305,0.0249853525,-2.47500291,1705.03711
0.0936974212,0.0477504251,-0.00656830683,0.001780657,0.00469661625,-0.468083422,1707.04619
0.0937460278,0.00729285993,-0.00185877132,3.88281865e-05,-0.0160823212,0.54655658,1713.56152
0.0938299851,0.1225461,0.00966362535,0.00315607911,0.049462923,-4.51353708,1706.21865
0.093861537,0.00817490128,-0.00206292682,4.78914672e-05,-0.0156692839,0.539983378,1713.48894
0.0939853518,0.00912036556,-0.00227678037,5.84651992e-05,-0.0152244612,0.532552619,1713.40312
0.0941180696,0.0101338132,-0.00250028153,7.07338002e-05,-0.0147451838,0.524111048,1713.30185
0.0941274714,0.124721401,0.00993166655,0.00284970309,0.0515227545,-4.61198058,1705.8203
0.0942086073,0.0515415566,-0.00647297347,0.0020026144,0.00677274397,-0.624277035,1706.54692
0.0942603303,0.0112201325,-0.00273326381,8.49011379e-05,-0.0142285245,0.514472595,1713.18263
0.0943356819,0.0900387783,0.00039374814,0.00470380621,0.027810592,-2.7377655,1705.11545
0.0944050019,0.12675078,0.0100862762,0.00255513552,0.0535221536,-4.7048838,1705.2668
0.0944128203,0.0123845633,-0.00297541943,0.000101193415,-0.0136712695,0.503409991,1713.04276
0.0945762751,0.0136327222,-0.00322627189,0.000119862483,-0.0130698875,0.490648319,1712.87934
0.0946639153,0.128644026,0.0101354439,0.00227530946,0.0554572737,-4.79303062,1704.56578
0.094751483,0.0149706296,-0.00348514288,0.000141190982,-0.0124204958,0.475856302,1712.68935
0.09475655,0.0556052884,-0.00626159304,0.00224609118,0.00903044838,-0.802895655,1706.07972
0.0949054605,0.13041027,0.0100877503,0.00201238515,0.0573247058,-4.87706761,1703.73419
0.0949312905,0.0943947116,0.00172427533,0.0047092734,0.0305414014,-2.98165362,1705.25123
0.0949392892,0.0164047389,-0.00375111382,0.00016549974,-0.0117188223,0.458634537,1712.46977
0.0951308026,0.132058033,0.00995268057,0.00176787672,0.0591216155,-4.95783897,1702.795
0.0951405995,0.0179419674,-0.00402298084,0.000193156903,-0.0109601667,0.438504692,1712.21769
0.0953410283,0.133595261,0.00974007251,0.0015425642,0.0608458222,-5.03615091,1701.77429
0.0953438924,0.0599612217,-0.00590658637,0.00250918519,0.0114855795,-1.00658902,1705.65816
0.095356385,0.0195897299,-0.00429920216,0.000224590677,-0.010139358,0.414897596,1711.93053
0.095486945,0.0984584434,0.00301905037,0.00464845437,0.033192431,-3.20628667,1705.42816
0.0955371519,0.13502937,0.00945948354,0.00133670403,0.062495831,-5.11244049,1700.69848
0.0955876865,0.0213559743,-0.00457783592,0.000260305928,-0.00925070991,0.387140438,1711.6063
0.0957201193,0.136367278,0.00912028227,0.00115005434,0.0640708271,-5.18657759,1699.59231
0.0958356197,0.0232492201,-0.0048564663,0.000300905459,-0.00828797596,0.354443566,1711.2438
0.095890813,0.137615437,0.00873149931,0.000982115024,0.0655706419,-5.25854794,1698.4775
0.0959734676,0.0646303672,-0.00537518637,0.00278845671,0.0141563356,-1.23718259,1705.29736
0.0960053255,0.102249575,0.00424970177,0.00453011491,0.0357755538,-3.41202177,1705.63057
0.0960500563,0.138779867,0.00830166069,0.000832130597,0.0669957001,-5.32833065,1697.37209
0.0961013804,0.0252785992,-0.00513211408,0.000347116299,-0.0072443043,0.315890568,1710.843
0.0961986174,0.139866187,0.00783870431,0.000699147311,0.0683469553,-5.39584223,1696.29034
0.0963372129,0.140879634,0.00734992913,0.000582088055,0.0696258191,-5.46098338,1695.24294
0.0963862507,0.0274539002,-0.00540112569,0.000399822162,-0.00611219387,0.270431067,1710.40524
0.0964665111,0.141825099,0.00684196845,0.000479801111,0.0708340886,-5.52366093,1694.2374
0.0964889323,0.105786393,0.00539336335,0.00436362893,0.0382995687,-3.59962365,1705.84123
0.0965871359,0.14270714,0.00632078425,0.000391100784,0.0719738753,-5.58379849,1693.27863
0.0966483121,0.0696352464,-0.00462981737,0.00307533241,0.017064797,-1.49592113,1705.01379
0.0966916044,0.0297856156,-0.00565903369,0.000460097264,-0.00488345364,0.21686924,1709.93351
0.096699669,0.143530013,0.00579167812,0.000314799755,0.0730475379,-5.64134212,1692.36938
0.0968046533,0.144297686,0.00525931462,0.000249733543,0.074057621,-5.69626282,1691.51076
0.096902595,0.145013864,0.00472775355,0.0001947796,0.0750067997,-5.7485565,1690.70267
0.0969400982,0.109085956,0.00643247052,0.00415851241,0.0407702308,-3.77019242,1706.03955
0.0969939668,0.145681998,0.00420048828,0.000148870698,0.0758978308,-5.79824227,1689.94408
0.0970189144,0.0322849924,-0.00590037746,0.00052924409,-0.00354916636,0.153870874,1709.43253
0.0970792091,0.146305314,0.00368048804,0.000111003488,0.0767335111,-5.84535888,1689.23335
0.0971587334,0.146886817,0.00317024194,8.02443694e-05,0.077516642,-5.8899619,1688.56845
0.097232923,0.147429312,0.0026718037,5.57349047e-05,0.0782500002,-5.93211628,1687.9471
0.0973021359,0.147935415,0.0021868357,3.6678943e-05,0.0789363134,-5.97192046,1687.36691
0.0973609993,0.112164181,0.00735441687,0.00392398097,0.0431905255,-3.92507732,1706.20093
0.0973667059,0.148407569,0.00171665125,2.23772328e-05,0.0795782418,-6.00932695,1686.82545
0.0973697597,0.0349640862,-0.00611846713,0.000608807142,-0.00209965828,0.0800095165,1708.90868
0.0973716812,0.075,-0.00362974165,0.00335763407,0.0202392475,-1.78382297,1704.82402
0.0974269445,0.14884805,0.00126225468,1.21497528e-05,0.0801783633,-6.04438367,1686.32031
0.0974831422,0.149258983,0.000824378806,5.72490649e-06,0.0807391623,-6.07666826,1685.84916
0.0975355701,0.14964235,0.000403521512,1.67333263e-06,0.0812630222,-6.11287711,1685.40977
0.097584481,0.15,0,0,0.0817521796,-6.13283637,1685
0.0977458323,0.0378358195,-0.00630508777,0.000700672047,-0.000524474754,-0.00612563419,1708.36978
0.0977536658,0.115035914,0.00815110709,0.00366865172,0.0455610865,-4.06582666,1706.29744
0.0980950502,0.0803647536,-0.00242752364,0.00360191866,0.0234827742,-2.07877496,1704.74573
0.0981199918,0.117715008,0.00881845159,0.00340033708,0.0478806912,-4.19413268,1706.3002
0.0981489464,0.040914044,-0.00645009333,0.000807067132,0.00118764032,-0.106017749,1707.82469
0.0984617441,0.120214384,0.00935581757,0.0031259034,0.0501467744,-4.31174988,1706.18271
0.0985810463,0.0442136074,-0.00654084901,0.000930797033,0.00304876954,-0.221705471,1707.28292
0.0986374218,0,0,0,-0.0206586216,0.7121391,1714.79895
0.0986821211,0.000357650242,-9.4201208e-05,1.11520593e-08,-0.020484199,0.711122545,1714.77294
0.0987300345,0.000741017226,-0.000194405658,6.43981214e-08,-0.0202970494,0.70904217,1714.74454
0.0987698948,0.0853696328,-0.00113525561,0.00378012936,0.0265870164,-2.35720291,1704.7667
0.0987805713,0.1225461,0.00976546684,0.0028512375,0.0523559117,-4.42029059,1705.92461
0.098781393,0.00115195011,-0.000300916273,1.20404515e-07,-0.0200961952,0.706897821,1714.71338
0.0988364445,0.00159243101,-0.000414053782,2.15048643e-07,-0.0198806031,0.704540435,1714.67909
0.0988954544,0.00206458457,-0.00053414233,3.42522821e-07,-0.0196491562,0.701942044,1714.64118
0.0989587075,0.0025706882,-0.000661506579,5.04163213e-07,-0.0194006462,0.699080901,1714.59913
0.0990265087,0.00311318307,-0.000796469083,7.00632718e-07,-0.0191337649,0.695929145,1714.5523
0.0990442162,0.0477504251,-0.0065621935,0.00107488997,0.00507186996,-0.356058919,1706.75437
0.0990780111,0.124721401,0.0100519496,0.00258151061,0.0545042496,-4.52108663,1705.5149
0.0990991851,0.00369468589,-0.000939346607,9.32506796e-07,-0.0188470942,0.692448524,1714.49993
0.0991770873,0.00431800152,-0.00109044502,1.19939529e-06,-0.0185390956,0.688594126,1714.44114
0.0992605911,0.00498613648,-0.00125005328,1.50021651e-06,-0.0182080979,0.684312156,1714.3749
0.0993500992,0.0057023135,-0.001418437,1.83301913e-06,-0.017852284,0.679537957,1714.30002
0.0993554983,0.12675078,0.0102217829,0.00232036385,0.0565878661,-4.61677294,1704.95263
0.0993994699,0.0900387783,0.000202160862,0.00389074634,0.0295705637,-2.61800102,1704.86189
0.0994460433,0.00646998704,-0.00159583041,2.19477733e-06,-0.0174696754,0.674190374,1714.21512
0.0995406902,0.0515415566,-0.00649466612,0.00124067399,0.00727087374,-0.511475097,1706.24945
0.0995488863,0.00729285993,-0.00178242678,2.58089416e-06,-0.0170581157,0.668169046,1714.11863
0.0996143713,0.128644026,0.0102830239,0.0020709209,0.0586030558,-4.70884911,1704.2467
0.0996591242,0.00817490128,-0.00197836677,2.98411009e-06,-0.0166152515,0.661359007,1714.00874
0.0997772887,0.00912036556,-0.0021837248,3.39798565e-06,-0.0161385113,0.653638731,1713.88343
0.0998558788,0.13041027,0.0102449395,0.00183539414,0.0605465398,-4.79550773,1703.41465
0.0999039498,0.0101338132,-0.00239849317,3.82168402e-06,-0.0156250819,0.644877605,1713.74046
0.0999868123,0.0943947116,0.00154438221,0.00393686855,0.0324507312,-2.86036233,1705.01094
0.100039718,0.0112201325,-0.00262256547,4.26662415e-06,-0.0150718825,0.634887342,1713.57737
0.100072863,0.0556052884,-0.00631413624,0.00143030565,0.00966089619,-0.688932007,1705.77962
0.100081186,0.132058033,0.0101171132,0.00161535874,0.0624156048,-4.87833919,1702.47959
0.100185249,0.0123845633,-0.0028557162,4.75466391e-06,-0.0144755357,0.623416984,1713.39154
0.100291379,0.133595261,0.00990900359,0.00141203149,0.0642081883,-4.95968659,1701.46723
0.100341245,0.0136327222,-0.00309757462,5.31704796e-06,-0.0138323352,0.610182115,1713.18021
0.100487472,0.13502937,0.00963033336,0.00122554953,0.0659229139,-5.03882962,1700.40338
0.100508457,0.0149706296,-0.00334759579,6.00799627e-06,-0.0131382119,0.594845503,1712.94062
0.100534755,0.0984584434,0.00285627252,0.00392295712,0.0352427613,-3.08395693,1705.19697
0.100643302,0.0599612217,-0.00599268078,0.00164565966,0.0122586689,-0.889985256,1705.35823
0.10067041,0.136367278,0.00929078655,0.00105594415,0.0675590861,-5.1155431,1699.31201
0.100687693,0.0164047389,-0.00360502699,6.91590667e-06,-0.0123886942,0.577004185,1712.67008
0.100841077,0.137615437,0.00889965889,0.000902958855,0.0691166579,-5.18996479,1698.21408
0.100879816,0.0179419674,-0.00386886775,8.17783127e-06,-0.0115788686,0.556179275,1712.36619
0.101000296,0.138779867,0.00846572566,0.000766012156,0.0705961788,-5.2620764,1697.12689
0.101045941,0.102249575,0.0041081904,0.00385549338,0.0379590935,-3.28916555,1705.40406
0.101085754,0.0195897299,-0.00413782247,9.99913692e-06,-0.0107033363,0.53180542,1712.027
0.101148834,0.139866187,0.00799716409,0.000644332573,0.0719987301,-5.33178575,1696.0641
0.101254757,0.0646303672,-0.00549657074,0.00188558427,0.0150833822,-1.11706309,1705.00096
0.101287408,0.140879634,0.00750149938,0.000537018454,0.0733258539,-5.39899244,1695.03588
0.1013065,0.0213559743,-0.00441024351,1.26789101e-05,-0.00975616624,0.503220734,1711.65132
0.101416686,0.141825099,0.00698557648,0.000443083738,0.0745794795,-5.46360649,1694.04936
0.101522836,0.105786393,0.00527603879,0.00374194472,0.0406090619,-3.47675863,1705.61485
0.101537292,0.14270714,0.00645555319,0.000361497124,0.0757618517,-5.52555622,1693.10917
0.101543119,0.0232492201,-0.00468406169,1.66431011e-05,-0.00873084902,0.469658915,1711.23894
0.101649807,0.143530013,0.0059169103,0.000291213943,0.0768754627,-5.58479344,1692.21786
0.101754775,0.144297686,0.00537447457,0.000231200406,0.0779229895,-5.64129556,1691.37642
0.101796751,0.0252785992,-0.0049566991,2.2486426e-05,-0.00762024888,0.430243248,1710.79091
0.101852702,0.145013864,0.00483245107,0.000180452812,0.0789072379,-5.69506516,1690.58465
0.10191018,0.0696352464,-0.00478626151,0.00214500984,0.0181582309,-1.37203543,1704.72565
0.101944059,0.145681998,0.00429446201,0.000138011299,0.0798310932,-5.74612815,1689.84151
0.101967741,0.109085956,0.00634110721,0.0035902742,0.043198921,-3.6478306,1705.80866
0.102029288,0.146305314,0.00376358978,0.000102968919,0.0806974774,-5.79452996,1689.14534
0.102068621,0.0274539002,-0.00522495697,3.10228546e-05,-0.00641655705,0.383980887,1710.30979
0.1021088,0.146886817,0.003242422,7.44782228e-05,0.0815093134,-5.84033257,1688.49414
0.102182978,0.147429312,0.0027330972,5.17572219e-05,0.082269495,-5.88360709,1687.88564
0.10225218,0.147935415,0.00223734997,3.40779723e-05,0.0829808631,-5.92445596,1687.31748
0.10231674,0.148407569,0.00175655421,2.08004161e-05,0.0836461857,-5.96284032,1686.78728
0.10236004,0.0297856156,-0.00548486965,4.33443687e-05,-0.00511124708,0.329760725,1709.7997
0.102376969,0.14884805,0.00129176439,1.12999464e-05,0.0842681439,-5.99881262,1686.29267
0.1023828,0.112164181,0.00728976603,0.00340846942,0.0457321109,-3.80371493,1705.96096
0.102433158,0.149258983,0.000843754122,5.3359731e-06,0.08484932,-6.03199286,1685.83137
0.102485578,0.14964235,0.000413052141,1.54771512e-06,0.0853921908,-6.06872893,1685.40118
0.102534481,0.15,0,0,0.0858990817,-6.08877112,1685
0.10261273,0.075,-0.00381835408,0.00241516588,0.0215127552,-1.65596904,1704.55017
0.102672413,0.0322849924,-0.00573150719,6.08947361e-05,-0.00369503378,0.266358909,1709.26632
0.102770017,0.115035914,0.00811303326,0.00320419156,0.048209676,-3.94593347,1706.04428
0.103007247,0.0349640862,-0.00595870177,8.55195407e-05,-0.00215783669,0.192423001,1708.71659
0.103131259,0.117715008,0.00880606173,0.00298456694,0.0506307598,-4.07614139,1706.03069
0.10331528,0.0803647536,-0.00264069723,0.00266550886,0.0249382688,-1.94700567,1704.49072
0.103366157,0.0378358195,-0.00615870475,0.000119577656,-0.000488748039,0.106511012,1708.15834
0.103468268,0.120214384,0.00936761779,0.00275599917,0.0529931174,-4.19605392,1705.89524
0.103750875,0.040914044,-0.00632180921,0.000165960219,0.00132399753,0.00693332761,1707.59979
0.10378267,0.1225461,0.00979953657,0.0025239648,0.0552936052,-4.3073826,1705.61944
0.103970703,0.0853696328,-0.00136298645,0.00286588619,0.0282140842,-2.22183173,1704.53098
0.104075982,0.124721401,0.0101061526,0.00229337386,0.0575286153,-4.41124254,1705.19414
0.104163256,0.0442136074,-0.00643605182,0.000227832199,0.0032930596,-0.108562398,1707.04914
0.104349618,0.12675078,0.0102937091,0.00206784715,0.0596944404,-4.5088107,1704.62003
0.104582158,0.0900387783,-3.08672214e-05,0.0030114033,0.0313593143,-2.47949566,1704.64304
0.104604898,0.128644026,0.010369836,0.0018515102,0.0617875644,-4.60142485,1703.90722
0.104605289,0.0477504251,-0.00648677843,0.000309657523,0.00543205022,-0.240747317,1706.51463
0.104816071,0,0,0,-0.021952678,0.837019001,1715.72553
0.104843054,0.13041027,0.0103438414,0.0016464607,0.0638048806,-4.69151008,1703.07374
0.104857841,0.000357650242,-8.71684646e-05,-1.45081298e-07,-0.0217653597,0.836253358,1715.68191
0.104902614,0.000741017226,-0.000179919797,-4.65737246e-07,-0.0215644028,0.83439634,1715.63467
0.104950607,0.00115195011,-0.000278535901,-1.04695909e-06,-0.0213487686,0.832139352,1715.58335
0.10500205,0.00159243101,-0.000383321692,-1.94384742e-06,-0.0211173567,0.82964876,1715.52748
0.105057193,0.00206458457,-0.000494587482,-3.21398403e-06,-0.0208689786,0.826910035,1715.46653
0.105065234,0.132058033,0.010225467,0.00145311406,0.0657438385,-4.77995681,1702.14256
0.105079106,0.0515415566,-0.00645502052,0.000415235158,0.00775564701,-0.391616568,1706.00506
0.1051163,0.0025706882,-0.000612646362,-4.92658677e-06,-0.0206023498,0.823881993,1715.39985
0.105152597,0.0943947116,0.00131422227,0.00310195306,0.0343918002,-2.71933299,1704.80466
0.105179658,0.00311318307,-0.00073781189,-7.16171167e-06,-0.0203160809,0.820521739,1715.32673
0.105247572,0.00369468589,-0.000870394525,-1.00112343e-05,-0.0200086673,0.81681346,1715.24631
0.10527251,0.133595261,0.010024283,0.00127302901,0.0676025278,-4.86528897,1701.13889
0.105320368,0.00431800152,-0.00101069874,-1.35750398e-05,-0.0196784785,0.812721763,1715.15765
0.105398399,0.00498613648,-0.00115901891,-1.79635642e-05,-0.0193237453,0.808175178,1715.05961
0.105465881,0.13502937,0.00975028529,0.00110712195,0.0693797148,-4.94738059,1700.08775
0.105482041,0.0057023135,-0.00131563314,-2.33040982e-05,-0.0189425466,0.803105238,1714.95095
0.105571697,0.00646998704,-0.00148079711,-2.97373265e-05,-0.0185327933,0.797433978,1714.83021
0.105586993,0.0556052884,-0.00631606456,0.000548255425,0.0102798217,-0.565152753,1705.53092
0.105646281,0.136367278,0.009413346,0.00095573336,0.0710748437,-5.02688234,1699.01225
0.1056678,0.00729285993,-0.00165473636,-3.74169442e-05,-0.0180922114,0.791072728,1714.69577
0.10568477,0.0984584434,0.00263586548,0.00313910991,0.0373273104,-2.94106274,1704.99792
0.105770813,0.00817490128,-0.00183763634,-4.65091632e-05,-0.0176183227,0.783914654,1714.54581
0.10581458,0.137615437,0.00902293454,0.000818731553,0.0726880057,-5.10400374,1697.93243
0.105881233,0.00912036556,-0.00202963052,-5.71909076e-05,-0.0171084233,0.775824622,1714.37831
0.105971588,0.138779867,0.00858801762,0.000695712258,0.0742198878,-5.17867291,1696.86483
0.105999593,0.0101338132,-0.00223078692,-6.96542666e-05,-0.0165595596,0.7666195,1714.19108
0.106118065,0.139866187,0.00811696807,0.000586099992,0.0756717091,-5.25078866,1695.82238
0.106126464,0.0112201325,-0.00244109688,-8.41027298e-05,-0.0159685018,0.756083828,1713.98177
0.106131399,0.0599612217,-0.00604008172,0.000712623413,0.0130222844,-0.762395864,1705.1057
0.106181244,0.102249575,0.00390308159,0.0031269036,0.0401788095,-3.14508684,1705.20642
0.106254715,0.140879634,0.00761750482,0.00048918092,0.0770451486,-5.32025299,1694.81474
0.106262457,0.0123845633,-0.00266045997,-0.000100740663,-0.0153317143,0.743990931,1713.74792
0.106382199,0.141825099,0.00709666038,0.000404146909,0.0783422724,-5.38697981,1693.84862
0.106408229,0.0136327222,-0.00288866073,-0.000119766152,-0.0146453234,0.730068011,1713.48705
0.106501131,0.14270714,0.00656077016,0.000330133229,0.0795654608,-5.45090292,1692.92833
0.106564482,0.0149706296,-0.0031253441,-0.000141358841,-0.013905082,0.713978532,1713.19674
0.106612085,0.143530013,0.00601548042,0.000266249217,0.0807173402,-5.51198116,1692.05621
0.106644414,0.105786393,0.00509046547,0.00307076236,0.0429561515,-3.33217576,1705.41262
0.106714951,0.0646303672,-0.0055921473,0.00091042517,0.0160033284,-0.984390082,1704.74656
0.106715596,0.144297686,0.00546576995,0.000211602463,0.0818007198,-5.57019952,1691.23314
0.106731971,0.0164047389,-0.00336998637,-0.000165667467,-0.0131063294,0.695322518,1712.87483
0.106812164,0.145013864,0.00491598193,0.000165317593,0.0828185348,-5.62556805,1690.45882
0.106902253,0.145681998,0.00436986284,0.000126550321,0.0837737965,-5.67811946,1689.73217
0.106911503,0.0179419674,-0.0036218605,-0.000192789022,-0.0122439509,0.673628909,1712.51955
0.106986299,0.146305314,0.0038306056,9.44978068e-05,0.0846695496,-5.72790523,1689.05156
0.107064708,0.146886817,0.00330089524,6.84051244e-05,0.0855088352,-5.77499352,1688.41496
0.107076514,0.109085956,0.00617807533,0.00297697944,0.0456660967,-3.50340828,1705.59596
0.107103944,0.0195897299,-0.00387999375,-0.000222742003,-0.0113123332,0.648346955,1712.12976
0.107137856,0.147429312,0.00278295513,4.75715826e-05,0.0862946613,-5.81946322,1687.82016
0.107206098,0.147935415,0.00227859251,3.13429956e-05,0.0870299779,-5.86142238,1687.26483
0.107269762,0.148407569,0.00178924303,1.91436247e-05,0.0877176575,-5.90084172,1686.74664
0.107310223,0.0213559743,-0.00414311512,-0.000255431762,-0.0103053154,0.618839244,1711.70524
0.107329155,0.14884805,0.00131601326,1.04085717e-05,0.0883604807,-5.93778052,1686.26325
0.107340462,0.0696352464,-0.00493114784,0.001140285,0.0192473833,-1.23366996,1704.47364
0.107384564,0.149258983,0.000859719956,4.92513762e-06,0.0889611246,-5.97192576,1685.81243
0.107436256,0.14964235,0.000420926915,1.40492929e-06,0.0895221552,-6.009182,1685.39204
0.107479628,0.112164181,0.00715113891,0.00285224582,0.0483125682,-3.66009045,1705.73237
0.107484481,0.15,0,0,0.0900459838,-6.02926056,1685
0.107531334,0.0232492201,-0.00440958891,-0.000290606078,-0.00921614097,0.584377494,1711.24688
0.107768344,0.0252785992,-0.00467732915,-0.000327799137,-0.00803740669,0.544138578,1710.75693
0.1078557,0.115035914,0.00799966602,0.00270323074,0.0508970636,-3.8037028,1705.79534
0.108010951,0.075,-0.00401083271,0.00139732503,0.0227853693,-1.51171219,1704.30737
0.108022396,0.0274539002,-0.00494368823,-0.000366263339,-0.00676101211,0.497202015,1710.23908
0.108206546,0.117715008,0.00871796184,0.00253631588,0.0534191421,-3.93584022,1705.75844
0.108294715,0.0297856156,-0.00520530814,-0.000404885862,-0.00537810991,0.442554738,1709.69844
0.108533856,0.120214384,0.00930409755,0.00235739933,0.0558769369,-4.0581392,1705.59874
0.108586616,0.0322849924,-0.00545792264,-0.000442092094,-0.00387905836,0.379083472,1709.14127
0.10868144,0.0803647536,-0.00287287783,0.00165408089,0.0263966284,-1.79704643,1704.2636
0.108839209,0.1225461,0.00975937391,0.00217175387,0.0582676431,-4.17220127,1705.29996
0.108899506,0.0349640862,-0.00569610109,-0.000475746806,-0.00225337651,0.305532752,1708.57455
0.10912408,0.124721401,0.0100877854,0.00198389763,0.0605879557,-4.27960165,1704.855
0.109234894,0.0378358195,-0.00591289661,-0.000503044164,-0.000489701682,0.220512309,1708.00536
0.109306952,0.0853696328,-0.00162323064,0.00187820821,0.0298477787,-2.06672694,1704.32174
0.10938984,0.12675078,0.0102953201,0.00179775972,0.0628344381,-4.38148656,1704.26619
0.109594398,0.040914044,-0.00609938122,-0.000520525195,0.00142425366,0.122442275,1707.44037
0.109637773,0.128644026,0.0103894507,0.0016162317,0.0650038161,-4.47881223,1703.54471
0.109869075,0.13041027,0.0103784968,0.00144208981,0.0670931958,-4.57266537,1702.70894
0.109890504,0.0900387783,-0.0003081825,0.00206120291,0.0331583083,-2.3199384,1704.45003
0.109979752,0.0442136074,-0.00624409903,-0.00052396956,0.00350175292,0.00966703659,1706.8856
0.110084861,0.132058033,0.0102720702,0.00127721095,0.069100221,-4.66320712,1701.78159
0.110286171,0.133595261,0.0100807034,0.00112264079,0.0710231637,-4.75084203,1700.78717
0.110392815,0.0477504251,-0.00633191759,-0.000508273752,0.00575711049,-0.119333283,1706.34683
0.11043491,0.0943947116,0.00102973085,0.00219951532,0.0363464572,-2.55614751,1704.62345
0.110473977,0.13502937,0.00981461009,0.000979410356,0.0728609607,-4.83609397,1699.74975
0.110649185,0.136367278,0.00948367687,0.000847899452,0.0746132176,-4.91881651,1698.69138
0.11081264,0.137615437,0.00909745571,0.000728236979,0.0762801808,-4.99898025,1697.63112
0.110835579,0.0515415566,-0.00634388383,-0.000467415225,0.00820582247,-0.265822766,1705.83081
0.110942797,0.0984584434,0.00235276306,0.00229162345,0.0394284196,-2.77510981,1704.82231
0.11096513,0.138779867,0.00866504631,0.000620277888,0.077862688,-5.07650464,1696.58461
0.111107391,0.139866187,0.00819497822,0.00052368356,0.0793621047,-5.15128952,1695.56407
0.111240108,0.140879634,0.00769513641,0.000437957881,0.0807802536,-5.22325187,1694.57854
0.111310179,0.0556052884,-0.00625644489,-0.000395320512,0.010864813,-0.432741706,1705.34704
0.111345805,0,0,0,-0.0233202653,0.958897926,1716.70471
0.111363923,0.141825099,0.00717271923,0.000362492216,0.0821193413,-5.2923093,1693.63429
0.111383808,0.000357650242,-7.6555008e-05,-3.1579886e-07,-0.0231196076,0.958366944,1716.64195
0.111416614,0.102249575,0.00362852122,0.00233891236,0.0424176159,-2.97723725,1705.02925
0.111424543,0.000741017226,-0.000158092584,-1.04252798e-06,-0.0229043729,0.95665309,1716.57421
0.111468208,0.00115195011,-0.000244872075,-2.31962277e-06,-0.0226734609,0.954163797,1716.50098
0.111479432,0.14270714,0.0066342227,0.000296608096,0.0833818863,-5.35840341,1692.73532
0.111515013,0.00159243101,-0.000337181567,-4.29786069e-06,-0.0224257034,0.951422664,1716.42171
0.111565183,0.00206458457,-0.000435317153,-7.08979681e-06,-0.0221598399,0.948421947,1716.33575
0.111587193,0.143530013,0.00608544568,0.000239585262,0.0845706497,-5.42150212,1691.88376
0.11161896,0.0025706882,-0.000539581642,-1.08397203e-05,-0.0218745091,0.945125954,1716.2424
0.111676605,0.00311318307,-0.000650283487,-1.5708424e-05,-0.0215682402,0.941504949,1716.14084
0.111687725,0.144297686,0.00553150979,0.000190686212,0.0856885724,-5.48159994,1691.08033
0.111738394,0.00369468589,-0.000767733359,-2.18788282e-05,-0.0212394423,0.937518399,1716.03016
0.111781513,0.145013864,0.00497688998,0.00014917555,0.0867387176,-5.53871616,1690.32466
0.111804626,0.00431800152,-0.000892242326,-2.95576008e-05,-0.0208863934,0.933091995,1715.90931
0.111818906,0.0599612217,-0.00603890453,-0.000286156707,0.0137528977,-0.623222991,1704.90961
0.111858647,0.105786393,0.00483017001,0.00234463374,0.0453243815,-3.16329333,1705.22643
0.11186901,0.145681998,0.00442545246,0.000114334887,0.0877242212,-5.59289224,1689.61564
0.111875621,0.00498613648,-0.00102412005,-3.89760604e-05,-0.0205072275,0.928170928,1715.77711
0.111950637,0.146305314,0.0038804979,8.54740939e-05,0.0886482476,-5.64418794,1688.95161
0.11195172,0.0057023135,-0.00116367025,-5.03918782e-05,-0.0200999208,0.922694133,1715.63226
0.112026789,0.146886817,0.0033448072,6.19386923e-05,0.0895139538,-5.69267931,1688.3306
0.112033291,0.00646998704,-0.00131118634,-6.40883298e-05,-0.0196622759,0.916584433,1715.47327
0.112097832,0.147429312,0.00282068831,4.31169676e-05,0.0903244588,-5.73845295,1687.75041
0.112120728,0.00729285993,-0.00146694609,-8.03755219e-05,-0.0191919042,0.909753237,1715.29851
0.11216411,0.147935415,0.00231002267,2.84337646e-05,0.0910828188,-5.78162213,1687.20877
0.112214452,0.00817490128,-0.00163120587,-9.95883877e-05,-0.0186862068,0.902089238,1715.10619
0.112225941,0.148407569,0.00181431032,1.73818763e-05,0.0917920077,-5.82216765,1686.70336
0.112271028,0.109085956,0.00593639814,0.00231331264,0.048155972,-3.33433352,1705.39359
0.112283625,0.14884805,0.00133471315,9.4601109e-06,0.0924549025,-5.86015716,1686.23193
0.112314915,0.00912036556,-0.00180419377,-0.000122087954,-0.0181423524,0.893441899,1714.89435
0.11233744,0.149258983,0.000872094842,4.48967461e-06,0.0930742718,-5.89534371,1685.79227
0.112364213,0.0646303672,-0.00565390529,-0.000134203291,0.016891634,-0.838225003,1704.53811
0.112387644,0.14964235,0.00042705896,1.25417727e-06,0.0936527682,-5.93316491,1685.3823
0.112422602,0.0101338132,-0.00198610102,-0.000148262918,-0.0175572531,0.88361273,1714.66093
0.112434481,0.15,0,0,0.0941928859,-5.95328936,1685
0.112538032,0.0112201325,-0.00217706833,-0.00017852917,-0.0169275376,0.872395112,1714.40378
0.112655745,0.112164181,0.00693117831,0.00225021354,0.050916808,-3.49162875,1705.50752
0.112661761,0.0123845633,-0.00237717101,-0.000213316627,-0.0162495215,0.859570649,1714.12071
0.112794388,0.0136327222,-0.002586405,-0.00025305304,-0.0155191743,0.844862921,1713.80963
0.112936551,0.0149706296,-0.00280466798,-0.00029815531,-0.0147320832,0.827939696,1713.46865
0.11294873,0.0696352464,-0.00505827602,6.27204259e-05,0.0203068666,-1.07959325,1704.25625
0.113014656,0.115035914,0.00780338361,0.00216093549,0.05360887,-3.63660639,1705.54321
0.113088937,0.0164047389,-0.00303173534,-0.000349010984,-0.0138834132,0.808410259,1713.09625
0.113252279,0.0179419674,-0.00326723054,-0.000405952421,-0.012967864,0.785819238,1712.69148
0.11334949,0.117715008,0.00854632836,0.00205104751,0.0562321772,-3.77078475,1705.47635
0.113427367,0.0195897299,-0.0035105879,-0.000469223127,-0.0119796254,0.759641126,1712.25419
0.113575276,0.075,-0.0042030164,0.00030412415,0.024031086,-1.34937881,1704.08857
0.113615044,0.0213559743,-0.00376100477,-0.000538934023,-0.0109123263,0.729275961,1711.78524
0.113661863,0.120214384,0.00915722464,0.00192588593,0.0587852919,-3.89570442,1705.28648
0.113816216,0.0232492201,-0.00401737878,-0.000615008437,-0.00975898262,0.694045706,1711.28674
0.113953282,0.1225461,0.00963662458,0.00179041904,0.0612658021,-4.01287255,1704.9599
0.114031854,0.0252785992,-0.00427822455,-0.000697113994,-0.00851194372,0.653192844,1710.76212
0.114201823,0.0803647536,-0.00312203287,0.000566136268,0.0278315496,-1.62686748,1704.05263
0.114225152,0.124721401,0.00998784139,0.00164888263,0.063670758,-4.12401355,1704.49168
0.114262997,0.0274539002,-0.00454156165,-0.000784578785,-0.00716283663,0.60588282,1710.21612
0.114478784,0.12675078,0.0102164078,0.0015052673,0.0659970425,-4.23025722,1703.88582
0.11451076,0.0297856156,-0.0048047616,-0.000876291609,-0.00570250986,0.551204175,1709.65454
0.114715403,0.128644026,0.0103299647,0.00136176191,0.0682416678,-4.33264439,1703.15446
0.114776338,0.0322849924,-0.00506434154,-0.000970593697,-0.00412097725,0.488162785,1709.08375
0.114786339,0.0853696328,-0.00191591753,0.000814274422,0.0314618088,-1.88961143,1704.124
0.114936149,0.13041027,0.0103372859,0.00122132862,0.0704019981,-4.43033034,1702.31608
0.115061013,0.0349640862,-0.00531568845,-0.00106514252,-0.00240736237,0.415701209,1708.51005
0.115142087,0.132058033,0.0102475863,0.0010871996,0.0724759067,-4.52340398,1701.39299
0.115331646,0.0900387783,-0.000631466074,0.00103622957,0.0349415221,-2.13687988,1704.26617
0.11533421,0.133595261,0.0100707449,0.000960356024,0.0744618749,-4.61416982,1700.40879
0.115366157,0.0378358195,-0.00555267526,-0.00115675668,-0.000549842294,0.332692991,1707.93889
0.115513446,0.13502937,0.00981693772,0.000841597991,0.0763590359,-4.70301872,1699.38643
0.115680658,0.136367278,0.00949621193,0.000731558261,0.0781671778,-4.78936037,1698.34679
0.115693243,0.040914044,-0.00576713961,-0.00124131999,0.00146441209,0.237836496,1707.37442
0.115836653,0.137615437,0.00911827898,0.000630621843,0.0798867179,-4.87292717,1697.30781
0.115840373,0.0943947116,0.00068771501,0.00122477813,0.038289149,-2.3682354,1704.45
0.115982184,0.138779867,0.00869239108,0.000538930937,0.081518656,-4.95363095,1696.28418
0.116043847,0.0442136074,-0.00594816409,-0.00131368094,0.0036493071,0.129622062,1706.81948
0.116117953,0.139866187,0.00822723405,0.000456400276,0.0830645129,-5.03138882,1695.28731
0.116244614,0.140879634,0.00773084816,0.0003827638,0.084526261,-5.10613866,1694.32562
0.116314974,0.0984584434,0.00200248924,0.0013750895,0.0415211654,-2.5834435,1704.65288
0.116362779,0.141825099,0.00721058493,0.000317625699,0.0859062515,-5.17779708,1693.40492
0.116419662,0.0477504251,-0.00608126832,-0.00136765417,0.00601992383,0.00629295733,1706.27661
0.116473016,0.14270714,0.0066730906,0.00026051096,0.0872071429,-5.24630595,1692.52886
0.11657586,0.143530013,0.0061243083,0.000210886682,0.0884318325,-5.31164709,1691.69936
0.116671804,0.144297686,0.00556949594,0.0001681829,0.0895833927,-5.37383051,1690.91698
0.116757738,0.102249575,0.00327892818,0.00148573565,0.0446513425,-2.78290897,1704.85574
0.116761312,0.145013864,0.00501325517,0.000131815371,0.0906650141,-5.43288418,1690.18129
0.116822499,0.0515415566,-0.00614747378,-0.00139577173,0.0085926737,-0.133990913,1705.74989
0.116844816,0.145681998,0.00445956865,0.000101202567,0.0916799555,-5.48885909,1689.49113
0.116922718,0.146305314,0.00391184347,7.5776706e-05,0.0926314997,-5.54182483,1688.84487
0.116995394,0.146886817,0.00337295702,5.49921586e-05,0.0935229176,-5.59186679,1688.24052
0.117063195,0.147429312,0.00284530376,3.83334897e-05,0.0943574368,-5.63908043,1687.67595
0.117126448,0.147935415,0.00233084206,2.53110169e-05,0.0951382176,-5.68358502,1687.14892
0.1171708,0.105786393,0.00448865591,0.00155759223,0.0476904274,-2.9673798,1705.04013
0.117185458,0.148407569,0.0018311398,1.54916068e-05,0.0958683332,-5.72537254,1686.65717
0.11724051,0.14884805,0.00134741824,8.44303497e-06,0.0965507546,-5.76451978,1686.1985
0.117254303,0.0556052884,-0.00612278822,-0.001389662,0.0113855672,-0.292863939,1705.24762
0.117291868,0.149258983,0.000880592509,4.02273158e-06,0.0971883398,-5.80085385,1685.77076
0.117339782,0.14964235,0.000431310419,1.09175127e-06,0.097783826,-5.83930767,1685.37192
0.117384481,0.15,0,0,0.098339788,-5.85949172,1685
0.117556154,0.109085956,0.00560887401,0.001593254,0.0506461365,-3.13788028,1705.18615
0.117717155,0.0599612217,-0.00597676401,-0.00134065536,0.0144186965,-0.473198741,1704.78474
0.117915659,0.112164181,0.00662217348,0.0015964229,0.0535233799,-3.29562815,1705.27184
0.118213288,0.0646303672,-0.00567057265,-0.00123986029,0.0177150993,-0.677905242,1704.38409
0.11824657,0,0,0,-0.0247655617,1.06971453,1717.73947
0.118251046,0.115035914,0.00751616542,0.00157148615,0.0563246374,-3.44197631,1705.27425
0.118279922,0.000357650242,-6.18058958e-05,-4.95850974e-07,-0.0245513671,1.06943821,1717.65623
0.118315672,0.000741017226,-0.000127795731,-1.64377606e-06,-0.0243216474,1.06785342,1717.56659
0.118353993,0.00115195011,-0.000198206552,-3.64577858e-06,-0.0240752418,1.06509203,1717.46995
0.118395069,0.00159243101,-0.000273309747,-6.74832686e-06,-0.0238109149,1.06210001,1717.36568
0.118439099,0.00206458457,-0.000353389311,-1.11162672e-05,-0.0235273346,1.05883015,1717.25306
0.118486294,0.0025706882,-0.000438741464,-1.69730399e-05,-0.0232230643,1.05524544,1717.13129
0.118536883,0.00311318307,-0.000529675071,-2.45658623e-05,-0.0228965531,1.0513187,1716.99949
0.118563936,0.117715008,0.00828302407,0.00152312041,0.0590504189,-3.57834795,1705.17174
0.11859111,0.00369468589,-0.000626511572,-3.41699782e-05,-0.0225461258,1.04699663,1716.85667
0.118649236,0.00431800152,-0.000729583353,-4.60977522e-05,-0.0221699713,1.04219694,1716.70173
0.118711541,0.00498613648,-0.000839232087,-6.07034937e-05,-0.0217661297,1.03687194,1716.53346
0.118745096,0.0696352464,-0.00515823829,-0.00108098414,0.0213022907,-0.908726114,1704.07468
0.118778327,0.0057023135,-0.000955808096,-7.83744943e-05,-0.0213324786,1.03095849,1716.35051
0.118849914,0.00646998704,-0.00107966801,-9.95374002e-05,-0.0208667168,1.02436643,1716.15141
0.118855837,0.120214384,0.00891897643,0.00145601283,0.0616997558,-3.70617601,1704.94681
0.118926649,0.00729285993,-0.00121117185,-0.000124662443,-0.0203663468,1.01698577,1715.93457
0.119008902,0.00817490128,-0.00135068015,-0.000154263046,-0.0198286558,1.00868908,1715.69828
0.119097069,0.00912036556,-0.0014985503,-0.000188894963,-0.0192506929,0.999334552,1715.44073
0.119128157,0.1225461,0.00942374459,0.00137461401,0.0642706737,-3.82687881,1704.58865
0.119191576,0.0101338132,-0.00165513149,-0.000229147046,-0.0186292457,0.988775672,1715.16006
0.119292878,0.0112201325,-0.00182075519,-0.000275636195,-0.0179608126,0.976830409,1714.85442
0.119315143,0.075,-0.00438772155,-0.000859865376,0.0252146102,-1.16744609,1703.88646
0.119382209,0.124721401,0.0097999738,0.00128294612,0.0667606239,-3.94169886,1704.09463
0.119401465,0.0123845633,-0.00199572494,-0.000329005164,-0.017241573,0.963251951,1714.52204
0.119517859,0.0136327222,-0.00218030708,-0.000389910418,-0.0164673542,0.94775496,1714.16135
0.119619219,0.12675078,0.0100527931,0.00118483636,0.0691668519,-4.05099113,1703.47039
0.119642623,0.0149706296,-0.00237471564,-0.000459005617,-0.0156335949,0.930017741,1713.77112
0.119776357,0.0164047389,-0.00257909269,-0.000536916527,-0.0147353051,0.909668938,1713.35067
0.11984033,0.128644026,0.0101893133,0.00108357317,0.0714866965,-4.15552258,1702.72887
0.11988519,0.0803647536,-0.00338333755,-0.000596094577,0.0292072367,-1.4344869,1703.84191
0.119919708,0.0179419674,-0.00279348468,-0.000624210924,-0.0137670187,0.886281418,1712.90003
0.120046608,0.13041027,0.010218117,0.000981709986,0.073717819,-4.25787312,1701.88852
0.120073366,0.0195897299,-0.00301781137,-0.000721359047,-0.0127227499,0.859369505,1712.42016
0.120238073,0.0213559743,-0.00325182317,-0.000828682653,-0.0115959421,0.828388009,1711.91318
0.120239049,0.132058033,0.0101484408,0.000881328726,0.0758583597,-4.35782497,1700.97092
0.120414624,0.0232492201,-0.00349504253,-0.000946290729,-0.0103794081,0.792733319,1711.38244
0.120416998,0.0853696328,-0.00223850128,-0.000325795099,0.0330202909,-1.68818305,1703.9156
0.120418581,0.133595261,0.00998984476,0.000784145015,0.0779070368,-4.45378131,1699.99859
0.12058607,0.13502937,0.00975232174,0.000691650602,0.079863199,-4.54657632,1698.99321
0.120603869,0.0252785992,-0.00374668226,-0.00107399979,-0.00906527406,0.751746131,1710.83252
0.120742324,0.136367278,0.00944595087,0.000604829668,0.0817268329,-4.63675026,1697.97438
0.120806722,0.0274539002,-0.00400553101,-0.00121123793,-0.00764491731,0.704714055,1710.26901
0.120888095,0.137615437,0.00908053994,0.000524236955,0.083498541,-4.72403467,1696.95885
0.120913131,0.0900387783,-0.00100027322,-6.5236265e-05,0.0366733278,-1.92779076,1704.06534
0.121024161,0.0297856156,-0.00426979316,-0.00135693117,-0.00610890146,0.650873898,1709.69805
0.121024089,0.138779867,0.00866543337,0.000450251107,0.0851794958,-4.80825022,1695.96026
0.121150959,0.139866187,0.00820942168,0.00038303971,0.0867713817,-4.88931483,1694.98918
0.121257234,0.0322849924,-0.00453687294,-0.00150936911,-0.00444690952,0.589412747,1709.12555
0.121269319,0.140879634,0.00772066211,0.000322578755,0.0882763265,-4.96716165,1694.05338
0.121375983,0.0943947116,0.000286700504,0.000174533514,0.0401847852,-2.15291007,1704.25617
0.121379739,0.141825099,0.00720663089,0.000268703966,0.0896968305,-5.04171679,1693.15819
0.121482752,0.14270714,0.006674102,0.00022115659,0.091035695,-5.11292339,1692.30691
0.121507067,0.0349640862,-0.00480306352,-0.00166605037,-0.00264767397,0.519454829,1708.55634
0.121578855,0.143530013,0.00612914562,0.000179606338,0.0922959549,-5.1807751,1691.50121
0.121668511,0.144297686,0.00557714257,0.000143662209,0.093480815,-5.2453095,1690.74152
0.121752153,0.145013864,0.0050228124,0.000112902074,0.0945935939,-5.30654747,1690.02734
0.121774864,0.0378358195,-0.00506312398,-0.00182351635,-0.000698902816,0.4400306,1707.99332
0.121807786,0.0984584434,0.00158184283,0.000385167759,0.0435712223,-2.36327749,1704.46088
0.121830184,0.145681998,0.00447025011,8.68977443e-05,0.0956376728,-5.36454296,1689.35748
0.121902981,0.146305314,0.00392296783,6.52160976e-05,0.0966164528,-5.41938902,1688.7303
0.121970894,0.146886817,0.00338393944,4.74290461e-05,0.0975333174,-5.47117834,1688.14387
0.122034252,0.147429312,0.00285564738,3.3126592e-05,0.0983916027,-5.52001517,1687.59607
0.122061917,0.040914044,-0.00530974536,-0.00197718067,0.00141280198,0.350036056,1707.4371
0.122093359,0.147935415,0.00234012976,2.19125715e-05,0.0991945721,-5.56602527,1687.08472
0.122148502,0.148407569,0.0018390263,1.343485e-05,0.0999453969,-5.60921299,1686.60763
0.122199945,0.14884805,0.00135362236,7.33668259e-06,0.100647141,-5.64966493,1686.16266
0.122210624,0.102249575,0.00284961841,0.000562185649,0.0468466086,-2.55926304,1704.65754
0.122247938,0.149258983,0.000884889864,3.51489825e-06,0.101302752,-5.68729165,1685.7477
0.122292711,0.14964235,0.000433526531,9.1447246e-07,0.10191505,-5.72647317,1685.36079
0.122334481,0.15,0,0,0.10248669,-5.74673864,1685
0.12236961,0.0442136074,-0.00553285521,-0.00212115555,0.00370204145,0.248178069,1706.88637
0.122586438,0.105786393,0.00406000572,0.000703867275,0.0500219943,-2.74157391,1704.82639
0.122699428,0.0477504251,-0.00571874056,-0.00224811136,0.00618474726,0.132882165,1706.33942
0.122937043,0.109085956,0.00518859079,0.000810665868,0.0531054888,-2.91118006,1704.94772
0.123052962,0.0515415566,-0.00584897801,-0.00234925079,0.00887836925,0.0022240869,1705.79683
0.123264128,0.112164181,0.00621641332,0.000884583033,0.0561024582,-3.06922256,1705.0011
0.123431916,0.0556052884,-0.00589925448,-0.00241420058,0.011802176,-0.145899746,1705.26492
0.123569273,0.115035914,0.00712966038,0.000928659365,0.059015874,-3.21695443,1704.96609
0.123838118,0.0599612217,-0.00583865584,-0.00243125277,0.0149777635,-0.313670232,1704.75903
0.123853947,0.117715008,0.00791923728,0.000946552119,0.0618467485,-3.35567904,1704.82422
0.124119526,0.120214384,0.00858026521,0.000942194786,0.0645946054,-3.48669815,1704.56136
0.124273529,0.0646303672,-0.00562796054,-0.00238859743,0.0184299325,-0.504374811,1704.3053
0.124367289,0.1225461,0.0091115312,0.000919524079,0.0672579404,-3.61124023,1704.16978
0.124598432,0.124721401,0.00951495234,0.000882362005,0.0698346414,-3.73025352,1703.64927
0.124740248,0.0696352464,-0.00521829385,-0.00227537601,0.0221882096,-0.720919281,1703.93943
0.124814069,0.12675078,0.00979505378,0.000834242374,0.0723223534,-3.84454532,1703.00699
0.125015241,0.128644026,0.00995824831,0.000778357591,0.0747187772,-3.95489039,1702.25654
0.125202919,0.13041027,0.0100122622,0.000717486323,0.077021897,-4.06185226,1701.41611
0.125240526,0.075,-0.00455374546,-0.00208207423,0.0262891719,-0.964914905,1703.69882
0.125378006,0.132058033,0.00996613915,0.000653926758,0.0792301425,-4.16579153,1700.50637
0.125539452,0,0,0,-0.0262929828,1.1580664,1718.83299
0.125541349,0.133595261,0.00982970269,0.000589660317,0.0813424927,-4.26656404,1699.5486
0.125567217,0.000357650242,-4.26037648e-05,-6.75048772e-07,-0.0260654043,1.1580793,1718.72827
0.12559698,0.000741017226,-8.83840479e-05,-2.24049257e-06,-0.0258213671,1.15670904,1718.61567
0.125628882,0.00115195011,-0.000137557425,-4.95549951e-06,-0.0255596524,1.15376302,1718.4945
0.125663078,0.00159243101,-0.000190382189,-9.16408698e-06,-0.0252789596,1.1505907,1718.36407
0.125693734,0.13502937,0.00961284711,0.000526313639,0.0833585305,-4.36402524,1698.56306
0.125699733,0.00206458457,-0.000247133801,-1.50844219e-05,-0.0249778878,1.14712059,1718.22356
0.125739023,0.0025706882,-0.000308107848,-2.3017189e-05,-0.0246549279,1.1433115,1718.07211
0.125740804,0.0803647536,-0.00364782924,-0.00182337415,0.030476097,-1.21825965,1703.61614
0.125781139,0.00311318307,-0.000373621276,-3.32958531e-05,-0.0243084528,1.13910906,1717.90878
0.125826283,0.00369468589,-0.000444014613,-4.62932844e-05,-0.0239367067,1.1344849,1717.73252
0.125835897,0.136367278,0.00932547075,0.000465119837,0.0852784555,-4.45847598,1697.56795
0.125874674,0.00431800152,-0.000519653007,-6.24242746e-05,-0.0235377944,1.12939385,1717.5422
0.125926543,0.00498613648,-0.000600926585,-8.21561266e-05,-0.0231096677,1.12376276,1717.33658
0.125968524,0.137615437,0.00897733008,0.000406978541,0.0871030662,-4.54992702,1696.57873
0.125982143,0.0057023135,-0.000688251665,-0.000106002641,-0.022650112,1.11752791,1717.11434
0.12604174,0.00646998704,-0.00078207144,-0.000134526513,-0.0221567297,1.11059793,1716.87405
0.126092254,0.138779867,0.00857778703,0.000352526349,0.0888337174,-4.63812259,1695.60797
0.126105622,0.00729285993,-0.000882856621,-0.000168349746,-0.0216269235,1.10285476,1716.61421
0.126174098,0.00817490128,-0.000991105027,-0.000208150729,-0.0210578762,1.09418574,1716.33326
0.126207522,0.0853696328,-0.00258456922,-0.00153596628,0.0344753428,-1.46032609,1703.67011
0.126207684,0.139866187,0.00813567407,0.000302204551,0.0904722639,-4.72293306,1694.66537
0.126247498,0.00912036556,-0.00110734011,-0.000254656098,-0.0204465295,1.08445589,1716.02963
0.126315371,0.140879634,0.00765922092,0.000256267133,0.0920209945,-4.80428476,1693.75801
0.126326175,0.0101338132,-0.00123210894,-0.000308639661,-0.019789559,1.0734969,1715.70177
0.12641051,0.0112201325,-0.00136598058,-0.000370925265,-0.0190833482,1.06109878,1715.34823
0.126415834,0.141825099,0.00715599538,0.00021480992,0.0934825625,-4.88211836,1692.89072
0.126500909,0.0123845633,-0.00150954166,-0.000442374956,-0.0183239575,1.04704376,1714.96779
0.126509557,0.14270714,0.00663287267,0.000177810743,0.0948599156,-4.95639373,1692.06646
0.126596994,0.143530013,0.00609603005,0.000145156892,0.0961562286,-5.02711095,1691.28667
0.126597808,0.0136327222,-0.00166338704,-0.00052385818,-0.0175070912,1.03108367,1714.55954
0.126642933,0.0900387783,-0.00141076262,-0.00123999191,0.0383060071,-1.69023692,1703.81298
0.126678566,0.144297686,0.00555095844,0.00011665855,0.0973748414,-5.09431462,1690.55165
0.126701675,0.0149706296,-0.00182810993,-0.000616244959,-0.0166280597,1.01289385,1714.1231
0.126754665,0.145013864,0.00500248744,9.20775933e-05,0.0985192017,-5.15803201,1689.86081
0.12681301,0.0164047389,-0.00200428854,-0.000720393215,-0.0156817412,0.992113521,1713.65877
0.126825659,0.145681998,0.00445481927,7.11528781e-05,0.0995928153,-5.21833065,1689.21295
0.126891892,0.146305314,0.00391156809,5.35964347e-05,0.100599202,-5.27533041,1688.60645
0.12693235,0.0179419674,-0.0021924669,-0.000837105277,-0.0146625323,0.968346929,1713.16772
0.126953681,0.146886817,0.00337580428,3.91087546e-05,0.101541861,-5.3291208,1688.03941
0.127011325,0.147429312,0.00285010094,2.73988511e-05,0.102424237,-5.3798086,1687.50975
0.127049136,0.0943947116,-0.000171909201,-0.00095044726,0.0419861923,-1.90752852,1704.00237
0.127060272,0.0195897299,-0.00239312812,-0.000967082153,-0.0135642978,0.941155056,1712.6522
0.127065103,0.147935415,0.00233658019,1.81748761e-05,0.103249698,-5.42753763,1687.01537
0.127115273,0.148407569,0.0018369585,1.11731687e-05,0.104021514,-5.47232481,1686.55413
0.127162077,0.14884805,0.00135259098,6.12044315e-06,0.104742845,-5.51426646,1686.12395
0.127197391,0.0213559743,-0.00260665517,-0.00111086775,-0.012380322,0.910060894,1712.11565
0.127205742,0.149258983,0.000884512515,2.95690755e-06,0.105416726,-5.55336807,1685.72281
0.127246478,0.14964235,0.000433477375,7.19150486e-07,0.106046063,-5.59340072,1685.34877
0.127284481,0.15,0,0,0.106633592,-5.61377876,1685
0.127344371,0.0232492201,-0.00283327361,-0.00126877689,-0.0111032459,0.874554404,1711.56269
0.12742809,0.0984584434,0.0010900287,-0.000679398965,0.0455322741,-2.11183722,1704.2043
0.127501919,0.0252785992,-0.00307296745,-0.00144080796,-0.00972500097,0.834098005,1710.99898
0.127670795,0.0274539002,-0.00332535702,-0.00162654149,-0.00823674149,0.788130574,1710.43075
0.127781623,0.102249575,0.00233786392,-0.00043462797,0.0489582108,-2.3034431,1704.39211
0.127851814,0.0297856156,-0.00358954542,-0.00182499621,-0.00662876896,0.736073847,1709.86408
0.12804585,0.0322849924,-0.00386390174,-0.00203449517,-0.0048904511,0.677327126,1709.30392
0.128111441,0.105786393,0.00353979755,-0.00022067096,0.052275199,-2.48296836,1704.54361
0.128253837,0.0349640862,-0.00414573108,-0.00225250387,-0.00301013403,0.611242119,1708.75288
0.128419134,0.109085956,0.0046696376,-3.94330516e-05,0.0554916322,-2.65129119,1704.63874
0.12847678,0.0378358195,-0.00443083814,-0.00247541257,-0.000975045512,0.537086919,1708.21041
0.128706187,0.112164181,0.00570672903,0.000109156091,0.0586132636,-2.80944443,1704.65843
0.128715753,0.040914044,-0.00471296518,-0.00269831673,0.0012288147,0.453989848,1707.67267
0.12897191,0.0442136074,-0.00498304786,-0.00291479845,0.00361680556,0.360852579,1707.13322
0.128973984,0.115035914,0.00663568099,0.000226595688,0.061643519,-2.9585493,1704.58494
0.129223817,0.117715008,0.00744596305,0.000315349027,0.0645838994,-3.09975255,1704.40323
0.129246486,0.0477504251,-0.00522826534,-0.00311672639,0.00620581138,0.256233325,1706.58508
0.129456891,0.120214384,0.00813141372,0.000378453176,0.0674344239,-3.23417521,1704.10278
0.129540805,0.0515415566,-0.00543093406,-0.00329408338,0.00901447205,0.138273303,1706.02388
0.12967433,0.1225461,0.00868969954,0.000419248956,0.0701940689,-3.36280199,1703.67907
0.129856287,0.0556052884,-0.00556722503,-0.00343489542,0.0120635263,0.00473646671,1705.45227
0.129877182,0.124721401,0.00912177744,0.000441149235,0.0728611775,-3.48642216,1703.13424
0.130066428,0.12675078,0.00943127666,0.000447486095,0.0754338138,-3.60577143,1702.47689
0.130194453,0.0599612217,-0.005605768,-0.00352499986,0.0153763562,-0.14669472,1704.88432
0.130242978,0.128644026,0.00962394033,0.000441374875,0.0779100572,-3.72144297,1701.72104
0.130407685,0.13041027,0.00970717498,0.000425609049,0.0802882329,-3.83379029,1700.88444
0.130556935,0.0646303672,-0.00550679262,-0.00354850964,0.0189798854,-0.318682469,1704.34788
0.130561343,0.132058033,0.00968954528,0.000402642914,0.0825670752,-3.94304856,1699.98671
0.130704694,0.133595261,0.0095803744,0.000374608793,0.0847458364,-4.04930442,1699.04771
0.130838429,0.13502937,0.0093893763,0.000343345303,0.0868243441,-4.1522754,1698.08618
0.130945482,0.0696352464,-0.00521971651,-0.00349069904,0.0229060935,-0.516027787,1703.88487
0.130963192,0.136367278,0.00912630966,0.000310403128,0.0888030196,-4.2517569,1697.11882
0.131079587,0.137615437,0.00880080375,0.000277026544,0.0906828635,-4.34789626,1696.15979
0.131188173,0.138779867,0.00842218611,0.000244160736,0.092465418,-4.44062243,1695.22053
0.131289475,0.139866187,0.00799929981,0.000212529073,0.0941527127,-4.52971104,1694.30986
0.131361966,0.075,-0.00468437795,-0.00333693005,0.0271943195,-0.741633272,1703.54398
0.131383982,0.140879634,0.00754040149,0.000182676974,0.0957472015,-4.61507019,1693.43417
0.131472149,0.141825099,0.00705310859,0.00015498157,0.0972516947,-4.69665743,1692.59781
0.131554402,0.14270714,0.00654436935,0.000129678554,0.0986692898,-4.77445009,1691.80338
0.131631137,0.143530013,0.00602044825,0.000106892346,0.100003306,-4.8484559,1691.05212
0.131702725,0.144297686,0.00548693185,8.66574086e-05,0.101257221,-4.91871299,1690.34419
0.13176951,0.145013864,0.0049487493,6.89401513e-05,0.102434617,-4.98527806,1689.67895
0.131778451,0.0803647536,-0.00390094877,-0.00309451787,0.0315763499,-0.977406714,1703.37473
0.131831816,0.145681998,0.00441020276,5.36568706e-05,0.103539128,-5.04823846,1689.05519
0.131889941,0.146305314,0.00387500542,4.06813915e-05,0.104574397,-5.1077131,1688.47131
0.131944168,0.146886817,0.00334632436,2.98606727e-05,0.105544042,-5.16380532,1687.92545
0.131994757,0.147429312,0.00282682537,2.10337393e-05,0.106451621,-5.21662924,1687.41562
0.132041953,0.147935415,0.00231871799,1.40226621e-05,0.10730061,-5.26635103,1686.93976
0.132085983,0.148407569,0.00182380052,8.66072165e-06,0.108094385,-5.31299432,1686.49581
0.132127059,0.14884805,0.00134350426,4.76941653e-06,0.108836203,-5.35665499,1686.08177
0.132165379,0.149258983,0.00087893454,2.33832478e-06,0.109529193,-5.39745985,1685.69567
0.132166998,0.0853696328,-0.00294214517,-0.00279962465,0.0357645187,-1.20448478,1703.36757
0.132201129,0.14964235,0.000430909948,5.03013293e-07,0.11017635,-5.43850766,1685.33568
0.132234481,0.15,0,0,0.110780494,-5.45904554,1685
0.13252948,0.0900387783,-0.0018538316,-0.00247566587,0.0397770316,-1.42214305,1703.47356
0.132867646,0.0943947116,-0.000681878974,-0.00214163952,0.0436312594,-1.62966901,1703.64202
0.133183128,0.0984584434,0.000530534353,-0.00181341791,0.0473430455,-1.82646411,1703.82989
0.13324673,0,0,0,-0.0279071951,1.21200273,1719.98859
0.133267921,0.000357650242,-1.8831998e-05,-8.39755485e-07,-0.0276668581,1.21241763,1719.86189
0.133290636,0.000741017226,-3.96289333e-05,-2.78105044e-06,-0.0274091753,1.21147984,1719.7258
0.133314985,0.00115195011,-6.25904038e-05,-6.13103887e-06,-0.0271328738,1.20856901,1719.57957
0.133341084,0.00159243101,-8.79576483e-05,-1.13401348e-05,-0.0268365923,1.20545718,1719.42241
0.13336906,0.00206458457,-0.000116001496,-1.86642679e-05,-0.0265188661,1.20204607,1719.25344
0.133399047,0.0025706882,-0.000147023092,-2.84747015e-05,-0.0261781187,1.1983093,1719.07175
0.133431191,0.00311318307,-0.000181357267,-4.11754375e-05,-0.0258126527,1.19418987,1718.87634
0.133465646,0.00369468589,-0.000219375593,-5.72246344e-05,-0.0254206388,1.18964434,1718.66612
0.133477447,0.102249575,0.00174456086,-0.00150225384,0.050926059,-2.0126275,1704.00315
0.133502578,0.00431800152,-0.000261489797,-7.7132066e-05,-0.025000105,1.18461489,1718.43996
0.133542167,0.00498613648,-0.000308155591,-0.000101466898,-0.0245489236,1.1790329,1718.19663
0.133584601,0.0057023135,-0.000359876213,-0.000130857027,-0.0240647968,1.17283269,1717.93486
0.133630087,0.00646998704,-0.000417206106,-0.000165990291,-0.0235452418,1.16592269,1717.65333
0.133678844,0.00729285993,-0.000480754778,-0.000207624788,-0.0229875732,1.15818254,1717.35068
0.133731106,0.00817490128,-0.000551190161,-0.000256586591,-0.0223888833,1.14949779,1717.02559
0.133752023,0.105786393,0.00292656042,-0.00121576582,0.0543914343,-2.18863185,1704.13525
0.133787127,0.00912036556,-0.000629241636,-0.000313761798,-0.0217460212,1.13973191,1716.67678
0.133847175,0.0101338132,-0.000715703245,-0.000380096008,-0.0210555684,1.12871438,1716.30311
0.133911541,0.0112201325,-0.000811437417,-0.000456598761,-0.0203138119,1.11623214,1715.90369
0.133980536,0.0123845633,-0.000917377564,-0.000544333992,-0.0195167145,1.10207061,1715.47794
0.134008179,0.109085956,0.00404845812,-0.000958496461,0.0577476885,-2.35521258,1704.20445
0.134054491,0.0136327222,-0.00103449938,-0.000644378753,-0.018659881,1.08601288,1715.0258
0.134133765,0.0149706296,-0.00116380805,-0.000757811414,-0.0177385205,1.06775997,1714.54786
0.134218738,0.0164047389,-0.00130635298,-0.000885711336,-0.0167474052,1.04697771,1714.04557
0.134247153,0.112164181,0.0050877609,-0.000732577894,0.0610008494,-2.51325045,1704.19231
0.134309821,0.0179419674,-0.00146321471,-0.00102910364,-0.0156808257,1.02333386,1713.52141
0.134407454,0.0195897299,-0.00163548524,-0.0011889027,-0.0145325336,0.996457632,1712.97903
0.134470096,0.115035914,0.00602734417,-0.000538301693,0.0641547228,-2.66369758,1704.0834
0.134512107,0.0213559743,-0.00182423445,-0.00136586235,-0.0132956857,0.965956549,1712.42328
0.134624285,0.0232492201,-0.00203044877,-0.00156049768,-0.0119627843,0.931432755,1711.86009
0.134678083,0.117715008,0.00685507507,-0.000374628079,0.0672112518,-2.80751633,1703.86593
0.134744529,0.0252785992,-0.00225494608,-0.00177299542,-0.010525602,0.89246934,1711.2961
0.134872119,0.120214384,0.00756333575,-0.000239602342,0.070170924,-2.9456176,1703.53285
0.134873419,0.0274539002,-0.00249826444,-0.00200316695,-0.00897510205,0.84861901,1710.73797
0.135011577,0.0297856156,-0.00276048937,-0.00225026124,-0.00730135074,0.799564693,1710.19141
0.135053138,0.1225461,0.00814850359,-0.000130676355,0.0730331834,-3.07875866,1703.08269
0.13515967,0.0322849924,-0.00304100192,-0.00251270325,-0.00549341978,0.745001904,1709.66004
0.135222014,0.124721401,0.00861038331,-4.49982856e-05,0.0757968196,-3.20761245,1702.51982
0.13531841,0.0349640862,-0.00333816895,-0.00278802687,-0.00353927581,0.684460571,1709.1438
0.135379562,0.12675078,0.00895160205,2.03968249e-05,0.0784603114,-3.33272739,1701.85407
0.135488565,0.0378358195,-0.00364893419,-0.00307271055,-0.00142565534,0.617449917,1708.63806
0.135526541,0.128644026,0.00917706818,6.84352116e-05,0.0810221172,-3.45441758,1701.09966
0.135663661,0.13041027,0.00929346988,0.000101898079,0.0834809003,-3.57284452,1700.27368
0.135670955,0.040914044,-0.00396823659,-0.00336183296,0.000862080296,0.54338162,1708.13383
0.135791583,0.132058033,0.0093087885,0.00012337132,0.0858356957,-3.68806902,1699.39457
0.13586646,0.0442136074,-0.00428819231,-0.00364883273,0.00334011864,0.461426985,1707.61871
0.135910923,0.133595261,0.00923187534,0.000135178817,0.0880860242,-3.80009471,1698.48068
0.136022258,0.13502937,0.00907209133,0.000139370279,0.0902319548,-3.90885409,1697.54915
0.136076022,0.0477504251,-0.0045970733,-0.00392519739,0.00602641241,0.370387635,1707.07935
0.136126125,0.136367278,0.00883896321,0.000137747667,0.0922741268,-4.0140533,1696.61518
0.136223024,0.137615437,0.00854191371,0.000131859159,0.0942137398,-4.11548289,1695.6916
0.136300653,0.0515415566,-0.00487825892,-0.00418007746,0.00894096492,0.268589563,1706.50488
0.136313423,0.138779867,0.00819011133,0.000123005144,0.0960525212,-4.2131719,1694.78874
0.136397757,0.139866187,0.00779232677,0.000112212627,0.0977926746,-4.30708574,1693.91452
0.136476435,0.140879634,0.00735679797,0.000100309573,0.0994368195,-4.39705682,1693.0747
0.136541436,0.0556052884,-0.0051088474,-0.00440002573,0.0121062319,0.153807657,1705.89158
0.136549835,0.141825099,0.00689115368,8.79809353e-05,0.100987925,-4.48295158,1692.27313
0.136618311,0.14270714,0.00640237422,7.57491541e-05,0.102449241,-4.56476957,1691.51212
0.136682193,0.143530013,0.00589677795,6.40043857e-05,0.103824237,-4.64254819,1690.7927
0.13674179,0.144297686,0.00538002385,5.30230833e-05,0.105116534,-4.7163348,1690.11492
0.13679739,0.145013864,0.00485712486,4.2992965e-05,0.106329855,-4.7862032,1689.4781
0.136799532,0.0599612217,-0.00525775659,-0.00456920356,0.0155477183,0.0232241842,1705.24843
0.136849259,0.145681998,0.00433247401,3.40287682e-05,0.107467967,-4.85225049,1688.88106
0.136897649,0.146305314,0.00380987934,2.61874316e-05,0.108534649,-4.91459166,1688.32222
0.136942794,0.146886817,0.00329260336,1.94805945e-05,0.109533642,-4.97335571,1687.79979
0.136984909,0.147429312,0.00278340546,1.38881034e-05,0.110468629,-5.02867789,1687.31186
0.1370242,0.147935415,0.0022845861,9.35891853e-06,0.111343202,-5.08072203,1686.85644
0.137060855,0.148407569,0.00179803098,5.83623785e-06,0.11216085,-5.12952944,1686.43157
0.137076187,0.0646303672,-0.005284507,-0.00466814147,0.0192949125,-0.125852363,1704.60062
0.137095051,0.14884805,0.00132525425,3.25211309e-06,0.112924935,-5.17516675,1686.03531
0.137126953,0.149258983,0.000867438953,1.65221026e-06,0.11363869,-5.21796313,1685.6658
0.137156715,0.14964235,0.000425476137,2.6849792e-07,0.114305205,-5.26028616,1685.32127
0.137184481,0.15,0,0,0.114927396,-5.28106288,1685
0.137372735,0.0696352464,-0.00513842095,-0.00467807095,0.0233827999,-0.298211518,1703.99299
0.137690605,0.075,-0.00475631446,-0.00457948079,0.0278541433,-0.498974506,1703.4859
0.138008476,0.0803647536,-0.00412127322,-0.00436996073,0.0324299678,-0.712546299,1703.1575
0.138305024,0.0853696328,-0.003292093,-0.00408291093,0.0368084733,-0.920589294,1703.02135
0.138581678,0.0900387783,-0.0023132089,-0.00374445352,0.0410064541,-1.12262322,1703.03328
0.138839775,0.0943947116,-0.00123019773,-0.00337685746,0.0450400695,-1.31785466,1703.13941
0.139080557,0.0984584434,-8.70036435e-05,-0.00299975307,0.0489241998,-1.50525881,1703.28653
0.139305188,0.102249575,0.00107607217,-0.00262797632,0.052671869,-1.68461576,1703.43019
0.139514751,0.105786393,0.00222358291,-0.00227246332,0.0562938721,-1.85614429,1703.53632
0.139710255,0.109085956,0.00332551628,-0.00194069004,0.0597986346,-2.02034945,1703.57924
0.139892645,0.112164181,0.00435743506,-0.00163731013,0.0631922985,-2.17789041,1703.53932
0.1400628,0.115035914,0.00530033331,-0.00136472287,0.0664789324,-2.32951019,1703.40206
0.140221541,0.117715008,0.00614030939,-0.00112361333,0.0696608379,-2.475945,1703.15797
0.140369633,0.120214384,0.00686812042,-0.000913383756,0.07273891,-2.61783717,1702.8027
0.140507791,0.1225461,0.00747866593,-0.000732529277,0.075713014,-2.75573333,1702.33726
0.140636682,0.124721401,0.0079704046,-0.000578951476,0.0785823476,-2.89009292,1701.76781
0.140756926,0.12675078,0.00834478413,-0.00045019758,0.0813457714,-3.02122063,1701.10502
0.140869104,0.128644026,0.0086057009,-0.0003436513,0.0840020876,-3.14925816,1700.36304
0.140973757,0.13041027,0.00875896101,-0.000256660349,0.0865502653,-3.27423114,1699.55817
0.141071389,0.132058033,0.00881178922,-0.000186642157,0.0889896118,-3.39606762,1698.70752
0.141162473,0.133595261,0.00877239376,-0.000131151985,0.0913198867,-3.51462406,1697.82787
0.141247446,0.13502937,0.00864959222,-8.79373761e-05,0.0935413699,-3.62974174,1696.93477
0.141326719,0.136367278,0.00845249996,-5.49602153e-05,0.0956548934,-3.74124591,1696.04194
0.141391951,0,0,0,-0.0296131302,1.21612732,1721.2098
0.141400675,0.137615437,0.00819024691,-3.03967668e-05,0.0976618348,-3.84883002,1695.1609
0.141405524,0.000357650242,8.99627172e-06,-9.69840038e-07,-0.0293612619,1.21706053,1721.06128
0.141420072,0.000741017226,1.74328789e-05,-3.22295555e-06,-0.0290912473,1.21685394,1720.90187
0.141435668,0.00115195011,2.51249961e-05,-7.0944856e-06,-0.0288017654,1.21434076,1720.73075
0.141452384,0.00159243101,3.18431873e-05,-1.31151181e-05,-0.0284914009,1.21168319,1720.54707
0.141469669,0.138779867,0.00787175647,-1.26326974e-05,0.0995640885,-3.95228128,1694.30092
0.141470302,0.00206458457,3.73172428e-05,-2.15773674e-05,-0.0281586326,1.20876339,1720.34991
0.141489509,0.0025706882,4.12346215e-05,-3.29066507e-05,-0.0278018251,1.20554492,1720.13829
0.141510097,0.00311318307,4.32349749e-05,-4.75660325e-05,-0.0274192193,1.20196558,1719.91118
0.141532165,0.00369468589,4.29046736e-05,-6.60806073e-05,-0.0270089222,1.19798388,1719.66748
0.141534036,0.139866187,0.00750561086,-2.79779197e-07,0.101364019,-4.05153619,1693.46911
0.14155582,0.00431800152,3.97709254e-05,-8.90339719e-05,-0.0265688955,1.19354216,1719.40607
0.141581176,0.00498613648,3.32957393e-05,-0.000117075559,-0.0260969433,1.18857373,1719.12578
0.141594084,0.140879634,0.0070999423,7.84149401e-06,0.103064402,-4.1465722,1692.6706
0.141608355,0.0057023135,2.2869521e-05,-0.000150923453,-0.0255906981,1.18300067,1718.82542
0.141637488,0.00646998704,7.80473454e-06,-0.00019136788,-0.0250476058,1.17673226,1718.50382
0.141650104,0.141825099,0.00666233584,1.27008334e-05,0.104668361,-4.2373748,1691.90883
0.141668716,0.00729285993,-1.26700973e-05,-0.000239273422,-0.0244649084,1.16966263,1718.15984
0.14170219,0.00817490128,-3.94164148e-05,-0.000295579683,-0.0238396251,1.16166804,1717.79245
0.141702367,0.14270714,0.00619976655,1.51049583e-05,0.1061793,-4.32385642,1691.18581
0.141738071,0.00912036556,-7.33911315e-05,-0.000361301551,-0.0231685315,1.1525998,1717.40075
0.141751123,0.143530013,0.00571857296,1.57360553e-05,0.107600838,-4.40598721,1690.50242
0.141776531,0.0101338132,-0.000115650873,-0.000437529191,-0.0224481358,1.14227409,1716.98414
0.141796609,0.144297686,0.00522445543,1.51390644e-05,0.108936748,-4.48384252,1689.85865
0.141817757,0.0112201325,-0.000167355151,-0.000525433318,-0.0216746519,1.13048156,1716.54235
0.141839044,0.145013864,0.00472248861,1.37462245e-05,0.110190901,-4.55752514,1689.25381
0.141861948,0.0123845633,-0.00022976993,-0.000626193831,-0.0208439705,1.11700954,1716.0756
0.141878632,0.145681998,0.00421714213,1.18923191e-05,0.111367213,-4.6271438,1688.68675
0.141909315,0.0136327222,-0.000304291897,-0.000741051033,-0.019951625,1.10166607,1715.58479
0.141915565,0.146305314,0.00371230961,9.8340347e-06,0.112469604,-4.6928249,1688.15596
0.14195002,0.146886817,0.00321134448,7.76269495e-06,0.113501957,-4.75470985,1687.65975
0.141960089,0.0149706296,-0.000392449287,-0.000871304262,-0.018992754,1.08422261,1715.07165
0.141982163,0.147429312,0.00271709988,5.81650527e-06,0.114468091,-4.81295206,1687.19627
0.142012151,0.147935415,0.00223197042,4.08734227e-06,0.115371731,-4.86771063,1686.76367
0.142014514,0.0164047389,-0.000495870485,-0.00101820844,-0.017962058,1.06439768,1714.53892
0.142040127,0.148407569,0.00175793437,2.6437005e-06,0.116216491,-4.91905107,1686.36007
0.142066226,0.14884805,0.00129659538,1.53356391e-06,0.117005856,-4.96702896,1685.98363
0.142072852,0.0179419674,-0.000616263793,-0.00118298965,-0.016853753,1.04190177,1713.9905
0.142090575,0.149258983,0.000849222031,8.81339975e-07,0.117743174,-5.01207223,1685.63258
0.14211329,0.14964235,0.000416787067,2.3524105e-08,0.118431647,-5.05601023,1685.30525
0.142134481,0.15,0,0,0.119074298,-5.07727155,1685
0.142135385,0.0195897299,-0.000755386949,-0.00136678043,-0.0156615157,1.01641668,1713.43158
0.142202414,0.0213559743,-0.000915009928,-0.00157053522,-0.0143784189,0.987624925,1712.86852
0.142274263,0.0232492201,-0.00109687222,-0.00179497806,-0.0129968641,0.955238173,1712.30865
0.142351279,0.0252785992,-0.00130262148,-0.00204054753,-0.0115085031,0.91898175,1711.75961
0.142433832,0.0274539002,-0.00153371378,-0.00230732319,-0.00990414571,0.878586062,1711.22843
0.142522321,0.0297856156,-0.00179118245,-0.00259486149,-0.00817365606,0.833958996,1710.7204
0.142617173,0.0322849924,-0.00207540894,-0.00290189218,-0.00630583475,0.785065122,1710.23756
0.142718845,0.0349640862,-0.00238588322,-0.00322623509,-0.00428828172,0.73172718,1709.7771
0.142827828,0.0378358195,-0.00272074743,-0.00356467019,-0.00210723672,0.673786797,1709.33028
0.142944647,0.040914044,-0.00307618364,-0.00391246467,0.000252609068,0.611026389,1708.88259
0.143069866,0.0442136074,-0.00344568215,-0.00426318601,0.00280833983,0.542742372,1708.41489
0.143204089,0.0477504251,-0.00381915714,-0.00460889033,0.0055790946,0.467807761,1707.90613
0.143347963,0.0515415566,-0.00418159407,-0.00493867394,0.00858642523,0.385373014,1707.33697
0.143502183,0.0556052884,-0.00451123783,-0.0052378149,0.0118547753,0.293396383,1706.69463
0.143667491,0.0599612217,-0.00477786896,-0.00548942148,0.015412151,0.188399014,1705.97888
0.143844686,0.0646303672,-0.00494120196,-0.00567285184,0.0192911104,0.0670745382,1705.20585
0.144034622,0.0696352464,-0.00495017197,-0.00576421264,0.0235302919,-0.0743470639,1704.41499
0.144238216,0.075,-0.00474119881,-0.00573878202,0.0281766913,-0.242366609,1703.67026
0.144441809,0.0803647536,-0.00427987667,-0.0055843346,0.0329417237,-0.426947645,1703.08751
0.144631746,0.0853696328,-0.0036063176,-0.00532716328,0.0375096039,-0.61083964,1702.72385
0.144808941,0.0900387783,-0.00276290103,-0.00499498957,0.0418951338,-0.792792934,1702.54925
0.144974249,0.0943947116,-0.00179400296,-0.00461228945,0.0461127056,-0.972128037,1702.51482
0.145128469,0.0984584434,-0.000743355339,-0.00420179447,0.0501757366,-1.14748456,1702.56312
0.145272343,0.102249575,0.000347786859,-0.00378182771,0.0540961576,-1.31809152,1702.63945
0.145406566,0.105786393,0.00144243051,-0.00336671547,0.0578840656,-1.48373521,1702.69841
0.145531785,0.109085956,0.00250871287,-0.00296711299,0.0615475318,-1.64456457,1702.70632
0.145648604,0.112164181,0.00352024561,-0.00259052452,0.0650926025,-1.80093484,1702.63934
0.145757587,0.115035914,0.00445606512,-0.00224182998,0.0685234509,-1.95328509,1702.48124
0.145859259,0.117715008,0.0053003778,-0.00192378807,0.0718426162,-2.10205546,1702.22251
0.145954111,0.120214384,0.00604216003,-0.00163750416,0.0750513066,-2.24763205,1701.85978
0.1460426,0.1225461,0.0066746385,-0.00138282907,0.0781497296,-2.39033488,1701.39518
0.146125153,0.124721401,0.00719473314,-0.00115870168,0.0811374213,-2.53037162,1700.83565
0.146202168,0.12675078,0.00760250438,-0.000963425457,0.0840135552,-2.66780041,1700.19203
0.146274017,0.128644026,0.00790059812,-0.000794885866,0.0867772079,-2.80256617,1699.47794
0.146341047,0.13041027,0.00809371176,-0.000650727077,0.0894275845,-2.93452317,1698.70865
0.14640358,0.132058033,0.0081881042,-0.00052849185,0.0919641906,-3.06345568,1697.89985
0.146461918,0.133595261,0.00819115583,-0.000425725064,0.094386952,-3.18910544,1697.06674
0.146516343,0.13502937,0.00811098283,-0.000340048081,0.0966962956,-3.31119904,1696.22331
0.146567117,0.136367278,0.00795611071,-0.000269219985,0.0988931826,-3.42949164,1695.38182
0.146614484,0.137615437,0.00773520672,-0.000211167039,0.100979109,-3.5437653,1694.55259
0.146658675,0.138779867,0.00745684815,-0.000164010267,0.102956089,-3.65375105,1693.74391
0.146699901,0.139866187,0.00712933973,-0.000126034028,0.104826606,-3.75920451,1692.96213
0.146738361,0.140879634,0.00676059222,-9.57155699e-05,0.106593564,-3.86005339,1692.21187
0.146774242,0.141825099,0.00635804068,-7.17500996e-05,0.108260217,-3.95630319,1691.49619
0.146807715,0.14270714,0.0059285836,-5.3006292e-05,0.10983011,-4.04799317,1690.81691
0.146838944,0.143530013,0.00547853532,-3.85247772e-05,0.11130701,-4.13513623,1690.1748
0.146868077,0.144297686,0.00501360479,-2.74846104e-05,0.112694842,-4.21772281,1689.56982
0.146895256,0.145013864,0.00453889898,-1.9186796e-05,0.113997632,-4.29583448,1689.00133
0.146920612,0.145681998,0.00405894077,-1.30526448e-05,0.115219457,-4.36960587,1688.46825
0.146944267,0.146305314,0.00357769452,-8.60610942e-06,0.116364397,-4.4391818,1687.96919
0.146966335,0.146886817,0.00309859648,-5.45849988e-06,0.117436494,-4.50471513,1687.50255
0.146986923,0.147429312,0.00262458997,-3.29450097e-06,0.118439724,-4.56637089,1687.06663
0.14700613,0.147935415,0.00215816382,-1.86433886e-06,0.119377966,-4.62431898,1686.65968
0.147024048,0.148407569,0.00170139203,-9.5934379e-07,0.120254984,-4.67863785,1686.27996
0.147040764,0.14884805,0.00125597366,-4.09797266e-07,0.121074409,-4.72940533,1685.92575
0.147056359,0.149258983,0.000823270984,9.7445021e-09,0.121839726,-4.77701687,1685.5954
0.147070908,0.14964235,0.000404346368,-2.41796828e-07,0.122554272,-4.82292061,1685.28732
0.147084481,0.15,0,0,0.123221201,-4.8449147,1685
0.15,0,0,0,-0.031416,1.15062131,1722.50036
0.150004851,0.000357650242,4.01646301e-05,-1.05031167e-06,-0.0311545407,1.15225352,1722.33098
0.150010051,0.000741017226,8.13092447e-05,-3.50387512e-06,-0.0308742682,1.15329398,1722.14928
0.150015624,0.00115195011,0.000123258795,-7.70678088e-06,-0.0305738219,1.15184628,1721.9544
0.150021598,0.00159243101,0.000165787657,-1.42383851e-05,-0.0302517421,1.15032158,1721.74541
0.150028002,0.00206458457,0.000208622852,-2.34181787e-05,-0.0299064614,1.14860794,1721.52135
0.150034867,0.0025706882,0.000251435563,-3.57028654e-05,-0.0295362964,1.14667313,1721.28121
0.150042225,0.00311318307,0.000293833672,-5.15915823e-05,-0.0291394385,1.14445068,1721.02394
0.150050112,0.00369468589,0.000335354023,-7.16497611e-05,-0.0287139435,1.14189895,1720.74846
0.150058566,0.00431800152,0.000375454288,-9.65063747e-05,-0.0282577211,1.13896116,1720.45368
0.150067628,0.00498613648,0.000413504159,-0.000126860988,-0.027768522,1.13557115,1720.13851
0.150077342,0.0057023135,0.000448776132,-0.000163487372,-0.0272439252,1.13165129,1719.80189
0.150087754,0.00646998704,0.000480436059,-0.000207237126,-0.0266813226,1.12711131,1719.44283
0.150098915,0.00729285993,0.000507533672,-0.000259042193,-0.0260779028,1.12184652,1719.06047
0.150110878,0.00817490128,0.000528993316,-0.000319915992,-0.0254306326,1.11573582,1718.65411
0.150123701,0.00912036556,0.000543605227,-0.000390953549,-0.0247362367,1.10863559,1718.22335
0.150137447,0.0101338132,0.000550017861,-0.000473330921,-0.023991174,1.1003717,1717.76814
0.150152181,0.0112201325,0.000546732551,-0.000568308789,-0.0231916125,1.09075075,1717.28895
0.150167974,0.0123845633,0.000532101878,-0.000677156085,-0.0223333993,1.07957696,1716.7869
0.150184903,0.0136327222,0.000504302243,-0.000801215222,-0.0214120275,1.06665129,1716.26394
0.15020305,0.0149706296,0.000461325769,-0.000941910615,-0.0204225987,1.05174881,1715.72305
0.150222501,0.0164047389,0.000401009058,-0.00110063371,-0.0193597787,1.03460654,1715.16837
0.150243351,0.0179419674,0.000321049928,-0.00127877435,-0.0182177488,1.01494444,1714.60535
0.1502657,0.0195897299,0.000219036087,-0.00147766685,-0.0169901487,0.99248955,1714.0408
0.150289656,0.0213559743,9.24860799e-05,-0.00169849889,-0.0156700104,0.966999809,1713.4827
0.150315334,0.0232492201,-6.11013438e-05,-0.00194227081,-0.0142496814,0.938287228,1712.93987
0.150342859,0.0252785992,-0.00024417392,-0.00220975789,-0.0127207372,0.906247582,1712.4211
0.150372363,0.0274539002,-0.000459010861,-0.00250122089,-0.0110738771,0.87089087,1711.93409
0.150403989,0.0297856156,-0.000707622357,-0.00281656656,-0.00929880379,0.832329301,1711.484
0.150437888,0.0322849924,-0.0009915103,-0.00315512961,-0.0073840813,0.790724518,1711.07165
0.150474225,0.0349640862,-0.00131129435,-0.00351519142,-0.00531696674,0.746259686,1710.69195
0.150513175,0.0378358195,-0.00166634073,-0.00389405439,-0.0030832102,0.699153925,1710.3326
0.150554926,0.040914044,-0.00205415295,-0.00428759102,-0.000666814968,0.649582979,1709.97399
0.150599678,0.0442136074,-0.00246968776,-0.00468998114,0.00195025267,0.597216735,1709.5902
0.150647649,0.0477504251,-0.00290448841,-0.00509395602,0.00478842105,0.541239998,1709.1515
0.150699069,0.0515415566,-0.00334519796,-0.00548949801,0.0078709616,0.481123873,1708.62796
0.150754186,0.0556052884,-0.00377174761,-0.00586172114,0.0112245657,0.415327157,1707.99423
0.150813266,0.0599612217,-0.00415619394,-0.00619376483,0.0148801162,0.339738384,1707.23528
0.150876595,0.0646303672,-0.00446075623,-0.00646578782,0.0188737678,0.251499726,1706.35176
0.150944477,0.0696352464,-0.00463430066,-0.00665044305,0.0232485315,0.146838009,1705.36874
0.151017241,0.075,-0.00461196898,-0.00671711968,0.0280565649,0.0188779054,1704.34052
0.151090004,0.0803647536,-0.00434406936,-0.00664321259,0.0330013303,-0.127604789,1703.41425
0.151157886,0.0853696328,-0.00385072724,-0.00644368482,0.0377536236,-0.280776088,1702.70576
0.151221215,0.0900387783,-0.00316900915,-0.00614534999,0.0423256686,-0.437128989,1702.21749
0.151280295,0.0943947116,-0.00234097449,-0.00577468613,0.0467294961,-0.5955599,1701.92149
0.151335412,0.0984584434,-0.00140901683,-0.00535532431,0.0509765029,-0.754974933,1701.7658
0.151386832,0.102249575,-0.000414386537,-0.0049085151,0.0550770258,-0.913850842,1701.69233
0.151434803,0.105786393,0.000604992821,-0.00445162916,0.0590400291,-1.07132343,1701.6484
0.151479555,0.109085956,0.00161579267,-0.00399852665,0.0628728929,-1.22701522,1701.58789
0.151521306,0.112164181,0.00258987009,-0.00355980289,0.0665813206,-1.38085634,1701.47748
0.151560256,0.115035914,0.00350437087,-0.00314316793,0.0701693984,-1.53289778,1701.29535
0.151596593,0.117715008,0.00434156502,-0.00275385834,0.073639758,-1.68322535,1701.02826
0.151630492,0.120214384,0.00508851188,-0.00239507424,0.0769938071,-1.83193527,1700.67056
0.151662118,0.1225461,0.00573659991,-0.00206840265,0.0802319988,-1.97905424,1700.223
0.151691622,0.124721401,0.00628102756,-0.00177416152,0.0833541169,-2.12450011,1699.69143
0.151719147,0.12675078,0.00672025813,-0.00151171013,0.0863595532,-2.26809536,1699.08553
0.151744826,0.128644026,0.00705546859,-0.00127970633,0.0892475606,-2.40958324,1698.41754
0.151768782,0.13041027,0.00729002367,-0.00107632502,0.0920174708,-2.54864219,1697.70109
0.15179113,0.132058033,0.00742898918,-0.000899432679,0.0946688676,-2.68490782,1696.95023
0.15181198,0.133595261,0.00747869289,-0.000746726373,0.0972017213,-2.81799743,1696.17848
0.151831431,0.13502937,0.00744633772,-0.000615842281,0.0996164761,-2.94753392,1695.39826
0.151849578,0.136367278,0.00733966846,-0.000504439174,0.101914096,-3.0731663,1694.62044
0.151866507,0.137615437,0.00716669339,-0.000410257281,0.10409608,-3.1945849,1693.85421
0.1518823,0.138779867,0.00693545837,-0.000331169227,0.106164452,-3.3115561,1693.10696
0.151897034,0.139866187,0.00665385696,-0.000265202264,0.108121723,-3.4239053,1692.3844
0.15191078,0.140879634,0.00632948185,-0.000210562091,0.109970843,-3.53141788,1691.69067
0.151923603,0.141825099,0.00596952143,-0.00016560522,0.111715139,-3.63394308,1691.02859
0.151935566,0.14270714,0.00558069052,-0.000128865716,0.113358247,-3.73150546,1690.39983
0.151946727,0.143530013,0.00516919025,-9.90708549e-05,0.114904049,-3.82420322,1689.80514
0.151957139,0.144297686,0.00474067872,-7.51117916e-05,0.116356608,-3.91212827,1689.24451
0.151966853,0.145013864,0.00430025535,-5.60306111e-05,0.117720101,-3.99533594,1688.71742
0.151975915,0.145681998,0.00385246649,-4.09923284e-05,0.11899877,-4.07390369,1688.2229
0.151984369,0.146305314,0.00340132293,-2.92828932e-05,0.120196868,-4.14798047,1687.75972
0.151992256,0.146886817,0.00295032642,-2.02981769e-05,0.121318622,-4.217742,1687.32644
0.151999614,0.147429312,0.00250250098,-1.35303545e-05,0.12236819,-4.28336781,1686.92153
0.152006479,0.147935415,0.00206042601,-8.55643447e-06,0.123349635,-4.34503666,1686.5434
0.152012883,0.148407569,0.00162627173,-5.01564325e-06,0.124266904,-4.40284519,1686.19046
0.152018857,0.14884805,0.00120183591,-2.59556976e-06,0.125123806,-4.45689341,1685.86113
0.15202443,0.149258983,0.000788581458,-9.96730566e-07,0.125924001,-4.50773262,1685.5539
0.15202963,0.14964235,0.000387669033,-6.01330807e-07,0.12667099,-4.55570558,1685.26732
0.152034481,0.15,0,0,0.127368103,-4.57816486,1685
0.156984481,0.15,0,0,0.131515005,-4.27308357,1685
0.156988352,0.14964235,0.000366190261,-9.21743433e-07,0.130777557,-4.24937442,1685.24551
0.156992502,0.149258983,0.000744016696,-2.09758296e-06,0.129987189,-4.19875378,1685.50865
0.15699695,0.14884805,0.00113247152,-5.01667643e-06,0.129140344,-4.14468422,1685.79065
0.157001717,0.148407569,0.00153029021,-9.46963831e-06,0.128233304,-4.08683267,1686.0928
0.157006828,0.147935415,0.00193591094,-1.59126338e-05,0.127262189,-4.02505713,1686.41646
0.157012306,0.147429312,0.00234744127,-2.47795711e-05,0.126222969,-3.95917754,1686.76301
0.157018177,0.146886817,0.00276262489,-3.65974202e-05,0.125111479,-3.88906793,1687.13386
0.157024472,0.146305314,0.00317881037,-5.19774761e-05,0.123923444,-3.81451487,1687.5304
0.157031218,0.145681998,0.00359291977,-7.16345232e-05,0.122654505,-3.73535205,1687.95397
0.15703845,0.145013864,0.00400141878,-9.63943947e-05,0.121300255,-3.65144494,1688.40578
0.157046202,0.144297686,0.0044002934,-0.000127201761,0.119856283,-3.56268526,1688.88687
0.157054511,0.143530013,0.00478503339,-0.000165137106,0.118318219,-3.46893332,1689.39802
0.157063417,0.14270714,0.00515062751,-0.000211434891,0.116681794,-3.37006248,1689.93962
0.157072964,0.141825099,0.00549157226,-0.000267495999,0.114942901,-3.26597082,1690.51156
0.157083198,0.140879634,0.0058018879,-0.000334889894,0.113097658,-3.15668308,1691.11306
0.157094167,0.139866187,0.00607515011,-0.000415338457,0.111142472,-3.04233316,1691.74254
0.157105925,0.138779867,0.00630454542,-0.000510720972,0.109074121,-2.92303444,1692.39742
0.157118529,0.137615437,0.00648296132,-0.000623065123,0.106889807,-2.79895244,1693.07396
0.157132039,0.136367278,0.00660310902,-0.000754527661,0.104587203,-2.67034064,1693.76707
0.15714652,0.13502937,0.00665767244,-0.000907354263,0.102164497,-2.5375247,1694.47025
0.157162042,0.133595261,0.00663949687,-0.00108383009,0.0996204101,-2.4008945,1695.1755
0.157178681,0.132058033,0.0065418244,-0.00128621207,0.0969541982,-2.26089612,1695.87342
0.157196516,0.13041027,0.00635857642,-0.00151663978,0.0941656135,-2.11801919,1696.55338
0.157215634,0.128644026,0.00608468537,-0.0017770216,0.0912548337,-1.97277954,1697.20398
0.157236126,0.12675078,0.00571647641,-0.00206889371,0.088222362,-1.82569778,1697.81358
0.157258091,0.124721401,0.00525210204,-0.00239324619,0.0850688861,-1.67727695,1698.37122
0.157281636,0.1225461,0.00469202268,-0.00275031342,0.0817951016,-1.52798111,1698.86761
0.157306874,0.120214384,0.00403950829,-0.00313933148,0.0784015068,-1.37822035,1699.29647
0.157333927,0.117715008,0.00330115502,-0.0035582581,0.0748881767,-1.22834663,1699.65595
0.157362925,0.115035914,0.002487408,-0.00400344645,0.0712545294,-1.07866481,1699.95032
0.157394008,0.112164181,0.00161303602,-0.00446930434,0.0674991017,-0.929457221,1700.19182
0.157427326,0.109085956,0.000697516598,-0.00494788912,0.0636193556,-0.781052188,1700.40165
0.15746304,0.105786393,-0.000234763475,-0.00542860957,0.0596115321,-0.633847199,1700.61027
0.157501322,0.102249575,-0.00115450129,-0.00589794386,0.0554705868,-0.488413863,1700.86315
0.157542356,0.0984584434,-0.00202786462,-0.00633945619,0.0511902369,-0.345684269,1701.21539
0.157586341,0.0943947116,-0.00281728108,-0.00673357495,0.0467630997,-0.207427102,1701.71634
0.157633489,0.0900387783,-0.00348401425,-0.00705915776,0.042180908,-0.0753615546,1702.40996
0.157684026,0.0853696328,-0.00398745803,-0.0072929172,0.0374347832,0.0490478447,1703.32343
0.157738198,0.0803647536,-0.00428751004,-0.00740651075,0.0325155301,0.161445344,1704.44787
0.157796265,0.075,-0.00435656808,-0.00737799079,0.0274139015,0.26248652,1705.73936
0.157854332,0.0696352464,-0.00419644348,-0.00720859421,0.0224707612,0.347550944,1707.02851
0.157908504,0.0646303672,-0.00386834761,-0.0069319797,0.0179879063,0.411952065,1708.15175
0.157959042,0.0599612217,-0.0034343898,-0.00657963215,0.0139071806,0.463528513,1709.07815
0.158006189,0.0556052884,-0.00294400688,-0.0061788491,0.010180625,0.506888197,1709.80819
0.158050174,0.0515415566,-0.0024328,-0.00574881703,0.00676811435,0.545148306,1710.36423
0.158091209,0.0477504251,-0.00192594361,-0.00530554552,0.00363566418,0.581655605,1710.78086
0.15812949,0.0442136074,-0.00144094587,-0.00486220804,0.000754214211,0.61752045,1711.09808
0.158165204,0.040914044,-0.000989255108,-0.00442734241,-0.00190127914,0.653343458,1711.35637
0.158198522,0.0378358195,-0.000577794481,-0.0040075736,-0.00435254199,0.689193561,1711.59298
0.158229605,0.0349640862,-0.000210098613,-0.00360742455,-0.00661853649,0.724756789,1711.83897
0.158258603,0.0322849924,0.000112665488,-0.00322998341,-0.00871590742,0.759486931,1712.1174
0.158285656,0.0297856156,0.000390942631,-0.00287728294,-0.010659345,0.792819929,1712.44271
0.158310894,0.0274539002,0.000626353187,-0.00255038107,-0.0124618805,0.824284894,1712.82111
0.158334439,0.0252785992,0.000821315998,-0.00224945243,-0.0141351305,0.853492345,1713.25194
0.158356405,0.0232492201,0.000978693359,-0.00197421715,-0.0156894983,0.880130877,1713.72954
0.158376897,0.0213559743,0.00110157058,-0.00172411211,-0.0171343392,0.9040212,1714.24511
0.158396014,0.0195897299,0.00119315781,-0.00149811986,-0.0184781006,0.92513068,1714.78841
0.158413849,0.0179419674,0.00125667229,-0.0012950184,-0.0197284398,0.943536178,1715.34908
0.158430488,0.0164047389,0.0012952471,-0.00111344229,-0.0208923206,0.959383332,1715.91746
0.15844601,0.0149706296,0.00131186723,-0.000951938379,-0.0219760961,0.972863552,1716.48512
0.158460491,0.0136327222,0.00130933581,-0.000809012343,-0.0229855782,0.984196352,1717.04509
0.158474001,0.0123845633,0.00129025897,-0.000683166502,-0.0239260974,0.993612439,1717.59182
0.158486605,0.0112201325,0.00125704015,-0.000572927995,-0.0248025538,1.00133956,1718.12115
0.158498363,0.0101338132,0.00121190148,-0.000476870448,-0.0256194608,1.00759466,1718.63006
0.158509332,0.00912036556,0.00115687987,-0.000393629632,-0.0263809828,1.01258038,1719.11656
0.158519566,0.00817490128,0.00109380776,-0.000321914454,-0.0270909686,1.01648142,1719.57946
0.158529113,0.00729285993,0.00102432179,-0.000260514785,-0.0277529797,1.01946306,1720.01821
0.158538019,0.00646998704,0.000949873535,-0.000208305589,-0.028370316,1.02167147,1720.43276
0.158546329,0.0057023135,0.000871741975,-0.00016424849,-0.0289460381,1.02323452,1720.82343
0.15855408,0.00498613648,0.000791046452,-0.000127391297,-0.0294829869,1.02426329,1721.19081
0.158561312,0.00431800152,0.00070875962,-9.68659712e-05,-0.0299838018,1.02485341,1721.53568
0.158568059,0.00369468589,0.000625720311,-7.188525e-05,-0.0304509363,1.02508688,1721.85897
0.158574353,0.00311318307,0.000542645551,-5.17391717e-05,-0.0308866725,1.02503755,1722.16166
0.158580225,0.0025706882,0.000460142268,-3.57907356e-05,-0.0312931341,1.02476844,1722.44479
0.158585703,0.00206458457,0.000378718812,-2.34678843e-05,-0.0316722981,1.02430626,1722.70943
0.158590813,0.00159243101,0.000298795915,-1.42653493e-05,-0.0320260057,1.02371236,1722.95661
0.158595581,0.00115195011,0.00022071671,-7.71764262e-06,-0.0323559721,1.02303124,1723.18737
0.158600029,0.000741017226,0.000144756002,-3.5188938e-06,-0.0326637954,1.02241929,1723.40271
0.158604178,0.000357650242,7.11285713e-05,-1.05507918e-06,-0.0329509652,1.01930455,1723.60359
0.158608049,0,0,0,-0.0332188698,1.01662273,1723.79093
0.161934481,0.15,0,0,0.135661907,-3.92092327,1685
0.161945971,0.14964235,0.000339531582,-1.19222388e-06,0.134867377,-3.89526356,1685.22327
0.161958286,0.149258983,0.00068879926,-3.27549018e-06,0.134015618,-3.84127148,1685.46248
0.161971488,0.14884805,0.00104668457,-7.69903495e-06,0.133102772,-3.78384568,1685.71871
0.161985638,0.148407569,0.00141183151,-1.43942881e-05,0.132124851,-3.72184045,1685.99308
0.162000806,0.147935415,0.001782596,-2.40262666e-05,0.131077714,-3.65573109,1686.28676
0.162017065,0.147429312,0.00215701564,-3.71503887e-05,0.129957085,-3.58525706,1686.60092
0.162034493,0.146886817,0.00253278184,-5.44700507e-05,0.128758578,-3.51029177,1686.93675
0.162053174,0.146305314,0.00290721272,-7.67786349e-05,0.127477731,-3.43066876,1687.29542
0.162073198,0.145681998,0.00327722812,-0.000104976252,0.126110044,-3.34627168,1687.678
0.162094662,0.145013864,0.00363932843,-0.000140090176,0.124651025,-3.25690196,1688.08547
0.162117669,0.144297686,0.0039895814,-0.000183295982,0.123096236,-3.16241312,1688.51864
0.162142331,0.143530013,0.00432361781,-0.000235906945,0.121441347,-3.06268598,1688.97806
0.162168766,0.14270714,0.00463663235,-0.000299394753,0.119682228,-2.95764891,1689.46395
0.162197102,0.141825099,0.00492339586,-0.000375379168,0.11781501,-2.84734345,1689.9761
0.162227475,0.140879634,0.00517828058,-0.000465619439,0.11583613,-2.73184236,1690.51372
0.162260032,0.139866187,0.00539530841,-0.00057201594,0.113742389,-2.61123681,1691.07533
0.162294931,0.138779867,0.00556822556,-0.000696591967,0.111531019,-2.48569209,1691.65866
0.162332338,0.137615437,0.00569059591,-0.000841466362,0.109199732,-2.3554575,1692.26048
0.162372436,0.136367278,0.00575592213,-0.00100881081,0.106746748,-2.22086171,1692.87652
0.162415416,0.13502937,0.00575780191,-0.0012007952,0.10417081,-2.0823109,1693.50138
0.162461488,0.133595261,0.0056901219,-0.00141951595,0.10147117,-1.94028266,1694.1286
0.162510871,0.132058033,0.00554729211,-0.00166690492,0.098647559,-1.79532053,1694.75075
0.162563806,0.13041027,0.00532452458,-0.00194461534,0.0957001288,-1.64802351,1695.35973
0.162620547,0.128644026,0.00501815861,-0.00225388115,0.0926293579,-1.49903014,1695.94719
0.162681368,0.12675078,0.00462603318,-0.00259536323,0.0894359379,-1.34899081,1696.50524
0.162746563,0.124721401,0.00414789893,-0.00296894838,0.0861206317,-1.19859672,1697.02735
0.162816445,0.1225461,0.00358586193,-0.00337347752,0.0826841117,-1.04855366,1697.50952
0.162891352,0.120214384,0.00294486239,-0.00380651461,0.0791267841,-0.899492035,1697.9516
0.162971645,0.117715008,0.00223316321,-0.00426411348,0.0754486093,-0.752033149,1698.35831
0.163057711,0.115035914,0.0014628012,-0.00474048255,0.0716489323,-0.606835329,1698.74159
0.163149967,0.112164181,0.000649971474,-0.00522769325,0.0677263358,-0.464586654,1699.1246
0.163248855,0.109085956,-0.000184708499,-0.00571536359,0.0636785333,-0.326142168,1699.53958
0.163354855,0.105786393,-0.00101613737,-0.00619063132,0.059502322,-0.192475449,1700.02419
0.163468476,0.102249575,-0.00181503166,-0.00663800871,0.0551936157,-0.0648686919,1700.62383
0.163590267,0.0984584434,-0.00254868923,-0.00703968208,0.0507475462,0.0549800861,1701.38525
0.163720816,0.0943947116,-0.00318233628,-0.00737392239,0.0461586268,0.164683447,1702.34154
0.163860751,0.0900387783,-0.00367797843,-0.00762495256,0.0414209577,0.267121201,1703.50596
0.164010748,0.0853696328,-0.00399699015,-0.00777109138,0.0365284388,0.351902733,1704.86735
0.164171532,0.0803647536,-0.00411176485,-0.00778222252,0.0314748865,0.417407734,1706.37695
0.164343876,0.075,-0.00400163862,-0.00764876372,0.0262539894,0.474751168,1707.95026
0.16451622,0.0696352464,-0.00367995791,-0.00738575828,0.0212151811,0.513958493,1709.38232
0.164677003,0.0646303672,-0.00322013445,-0.00703256897,0.0166621164,0.536263958,1710.52183
0.164827,0.0599612217,-0.00268063465,-0.00661932741,0.0125302421,0.550306826,1711.37585
0.164966936,0.0556052884,-0.00210656178,-0.00617126202,0.00876649288,0.561886756,1711.97916
0.165097484,0.0515415566,-0.00153100335,-0.00570699522,0.00532676049,0.574011231,1712.37986
0.165219275,0.0477504251,-0.000976324554,-0.0052402949,0.00217403001,0.588340783,1712.63043
0.165332897,0.0442136074,-0.000456958896,-0.00478140444,-0.000723009472,0.605580197,1712.78281
0.165438896,0.040914044,1.75715033e-05,-0.00433728048,-0.00339103234,0.625759167,1712.88501
0.165537785,0.0378358195,0.00044183166,-0.00391311217,-0.00585291798,0.648390022,1712.97881
0.16563004,0.0349640862,0.000813530098,-0.00351215412,-0.00812842268,0.672717533,1713.09789
0.165716106,0.0322849924,0.00113253693,-0.00313653072,-0.0102347174,0.697830718,1713.26661
0.1657964,0.0297856156,0.00140022635,-0.00278750655,-0.0121868221,0.72283057,1713.49968
0.165871307,0.0274539002,0.00161903731,-0.00246547046,-0.0139979595,0.746932405,1713.80288
0.165941189,0.0252785992,0.00179204507,-0.00217025987,-0.0156798417,0.769499488,1714.17461
0.166006383,0.0232492201,0.00192275071,-0.00190127039,-0.0172429,0.790060762,1714.6079
0.166067204,0.0213559743,0.00201491443,-0.00165756284,-0.0186964767,0.808322069,1715.09244
0.166123945,0.0195897299,0.0020723593,-0.00143795116,-0.0200489844,0.824147121,1715.61637
0.16617688,0.0179419674,0.00209886346,-0.00124108141,-0.0213080318,0.837524703,1716.16767
0.166226264,0.0164047389,0.00209808368,-0.00106549185,-0.0224805296,0.848537545,1716.73511
0.166272335,0.0149706296,0.00207350395,-0.000909661771,-0.0235727787,0.857332444,1717.30875
0.166315316,0.0136327222,0.00202840128,-0.00077205062,-0.0245905439,0.864095817,1717.88025
0.166355413,0.0123845633,0.00196582395,-0.000651129638,-0.0255391146,0.86903524,1718.44286
0.166392821,0.0112201325,0.00188858012,-0.000545407208,-0.0264233571,0.872366454,1718.99134
0.166427719,0.0101338132,0.00179923354,-0.000453448988,-0.027247758,0.874304054,1719.52177
0.166460276,0.00912036556,0.0017001044,-0.000373892965,-0.0280164622,0.875054163,1720.03139
0.16649065,0.00817490128,0.00159327607,-0.000305459118,-0.0287333049,0.874808699,1720.51838
0.166518985,0.00729285993,0.00148060532,-0.000246954743,-0.0294018403,0.873741633,1720.98165
0.16654542,0.00646998704,0.00136373467,-0.000197276628,-0.0300253655,0.87200739,1721.42076
0.166570082,0.0057023135,0.00124410549,-0.000155410546,-0.0306069423,0.869741269,1721.83568
0.166593089,0.00498613648,0.00112297124,-0.000120430901,-0.0311494166,0.86706762,1722.22677
0.166614553,0.00431800152,0.00100141275,-9.14971829e-05,-0.0316554354,0.864095479,1722.59461
0.166634578,0.00369468589,0.000880353581,-6.78502178e-05,-0.0321274617,0.860890294,1722.94
0.166653259,0.00311318307,0.000760575096,-4.88040505e-05,-0.032567789,0.857507885,1723.26383
0.166670686,0.0025706882,0.00064273113,-3.37410195e-05,-0.0329785532,0.854012534,1723.56708
0.166686945,0.00206458457,0.000527360692,-2.21102705e-05,-0.0333617448,0.850458674,1723.85079
0.166702113,0.00159243101,0.000414900876,-1.34318157e-05,-0.0337192183,0.846934375,1724.11598
0.166716264,0.00115195011,0.000305699108,-7.26211328e-06,-0.0340527028,0.843474833,1724.36371
0.166729465,0.000741017226,0.000200023993,-3.32456001e-06,-0.0343638103,0.840255634,1724.59499
0.166741781,0.000357650242,9.80748887e-05,-9.94529775e-07,-0.0346540436,0.834613884,1724.81082
0.16675327,0,0,0,-0.0349248049,0.830704784,1725.01214
0.166884481,0.15,0,0,0.139808809,-3.51561938,1685
0.166902545,0.14964235,0.000306936646,-1.58366252e-06,0.138929137,-3.48826339,1685.20425
0.166921908,0.149258983,0.000621493671,-4.6157056e-06,0.137985823,-3.43031613,1685.42301
0.166942663,0.14884805,0.000942454597,-1.07033712e-05,0.136974641,-3.3683542,1685.6572
0.16696491,0.148407569,0.00126839554,-1.98985619e-05,0.13589133,-3.30159653,1685.90775
0.166988757,0.147935415,0.00159761955,-3.29961931e-05,0.134731541,-3.23053976,1686.17563
0.167014319,0.147429312,0.00192813458,-5.06979757e-05,0.133490855,-3.15494424,1686.46177
0.167041719,0.146886817,0.00225763051,-7.38594236e-05,0.132164826,-3.07473743,1686.76711
0.167071089,0.146305314,0.0025834579,-0.000103426353,0.13074906,-2.98977083,1687.09252
0.167102571,0.145681998,0.00290261201,-0.00014046799,0.129239265,-2.89989208,1687.43882
0.167136316,0.145013864,0.00321172381,-0.000186187368,0.127631284,-2.80491496,1687.8067
0.167172488,0.144297686,0.00350705267,-0.000241936844,0.125921172,-2.70473229,1688.19671
0.167211261,0.143530013,0.00378448613,-0.000309201797,0.124105203,-2.59933597,1688.6092
0.167252822,0.14270714,0.00403954988,-0.000389589024,0.122179938,-2.48876566,1689.04426
0.167297372,0.141825099,0.00426742947,-0.000484830468,0.120142307,-2.37305109,1689.50161
0.167345124,0.140879634,0.00446301144,-0.000596782733,0.117989638,-2.25226568,1689.98059
0.167396311,0.139866187,0.00462093954,-0.000727400604,0.115719685,-2.12659704,1690.48005
0.167451177,0.138779867,0.00473568733,-0.000878694252,0.113330642,-1.99629777,1690.99824
0.16750999,0.137615437,0.00480165567,-0.00105269215,0.110821151,-1.86169554,1691.5328
0.16757303,0.136367278,0.00481329768,-0.00125138549,0.108190304,-1.72319114,1692.08072
0.167640604,0.13502937,0.00476527471,-0.00147665823,0.105437613,-1.58126295,1692.63835
0.167713037,0.133595261,0.00465264698,-0.00173019715,0.102562967,-1.4364687,1693.20149
0.167790678,0.132058033,0.00447110179,-0.00201338144,0.0995665743,-1.28943937,1693.76567
0.167873902,0.13041027,0.00421722195,-0.00232715081,0.0964488929,-1.1408709,1694.32643
0.16796311,0.128644026,0.00388879625,-0.00267184863,0.0932105352,-0.991513405,1694.87994
0.168058732,0.12675078,0.0034851709,-0.00304705437,0.0898521677,-0.842151169,1695.42373
0.16816123,0.124721401,0.0030076324,-0.00345137663,0.0863743958,-0.693639644,1695.95765
0.168271098,0.1225461,0.00245981518,-0.00388218008,0.0827776437,-0.54689811,1696.48504
0.168388867,0.120214384,0.00184813253,-0.00433535867,0.0790620338,-0.402827635,1697.01383
0.168515103,0.117715008,0.00118219718,-0.00480514021,0.0752272747,-0.262363859,1697.55728
0.168650416,0.115035914,0.000475175658,-0.005283843,0.0712725747,-0.126530772,1698.13584
0.168795459,0.112164181,-0.000255969066,-0.00576165737,0.0671965834,0.00352506734,1698.78037
0.168950931,0.109085956,-0.000990370214,-0.00622662162,0.062997369,0.126501665,1699.52708
0.169117583,0.105786393,-0.00170337816,-0.00666462471,0.0586724539,0.240721555,1700.40927
0.169296217,0.102249575,-0.00236688409,-0.007059697,0.0542189055,0.344303926,1701.45563
0.169487696,0.0984584434,-0.00294991664,-0.00739347976,0.0496334698,0.434811196,1702.69132
0.169692944,0.0943947116,-0.00342055559,-0.00764748702,0.0449127354,0.511887819,1704.12232
0.169912949,0.0900387783,-0.00374597286,-0.00780882941,0.0400532918,0.577364857,1705.7229
0.170148774,0.0853696328,-0.00389668105,-0.00785817276,0.0350518201,0.617798828,1707.44064
0.170401556,0.0803647536,-0.00384906725,-0.00777260236,0.0299049724,0.638222788,1709.19113
0.170672515,0.075,-0.00358289491,-0.0075492707,0.024609053,0.648308499,1710.86549
0.170943473,0.0696352464,-0.00312578919,-0.00721233743,0.0195185347,0.639739327,1712.25789
0.171196255,0.0646303672,-0.00256036014,-0.00680581354,0.0149356384,0.621957456,1713.26073
0.17143208,0.0599612217,-0.00194118848,-0.0063578786,0.0107895387,0.602245027,1713.92478
0.171652085,0.0556052884,-0.00130767557,-0.00588991586,0.00702230408,0.585545901,1714.31586
0.171834481,0.15,0,0,0.143955711,-3.02362145,1685
0.171857333,0.0515415566,-0.000688255977,-0.00541775664,0.00358615158,0.573893241,1714.50187
0.171858131,0.14964235,0.000268183627,-1.94303306e-06,0.142933345,-2.99503849,1685.19763
0.171883482,0.149258983,0.000541767273,-5.82784699e-06,0.141836416,-2.93383392,1685.40936
0.171910655,0.14884805,0.000819461038,-1.3444436e-05,0.140660794,-2.86785699,1685.63586
0.171939783,0.148407569,0.00109980663,-2.49804454e-05,0.139402765,-2.79690541,1685.87775
0.171971004,0.147935415,0.00138110062,-4.13473214e-05,0.138058729,-2.721476,1686.13564
0.172004471,0.147429312,0.00166137715,-6.33837054e-05,0.136625255,-2.64139945,1686.41009
0.172040344,0.146886817,0.00193839368,-9.20774111e-05,0.135099028,-2.55665483,1686.70162
0.172048812,0.0477504251,-0.000102313834,-0.00495208651,0.000441357108,0.568176314,1714.5473
0.172078797,0.146305314,0.0022096196,-0.000128506574,0.133476866,-2.46711451,1687.01075
0.172120015,0.145681998,0.00247222677,-0.000173875925,0.13175582,-2.37267559,1687.3379
0.172164196,0.145013864,0.00272308382,-0.000229507205,0.12993317,-2.27329945,1687.68346
0.172211554,0.144297686,0.00295875716,-0.000296833564,0.128006448,-2.16899021,1688.04774
0.172227446,0.0442136074,0.000437621921,-0.0045004617,-0.00244533392,0.568525978,1714.51075
0.172262318,0.143530013,0.00317551869,-0.000377404493,0.125973454,-2.05975346,1688.43096
0.172316731,0.14270714,0.00336936413,-0.000472867968,0.123832244,-1.94566607,1688.83321
0.172375057,0.141825099,0.00353604236,-0.000584953223,0.121581132,-1.82684386,1689.25444
0.172394098,0.040914044,0.000923701146,-0.00406816501,-0.005101953,0.574434532,1714.4437
0.172437577,0.140879634,0.00367109685,-0.000715461195,0.119218703,-1.70344222,1689.69442
0.172504593,0.139866187,0.00376992212,-0.00086622842,0.116743813,-1.57571312,1690.15272
0.17254957,0.0378358195,0.00135180293,-0.00365885393,-0.00755229797,0.584888906,1714.38942
0.172576427,0.138779867,0.00382783944,-0.00103907703,0.114155572,-1.44396944,1690.6287
0.172653427,0.137615437,0.00384019481,-0.00123576608,0.111453318,-1.30859618,1691.1215
0.172694613,0.0349640862,0.00172057638,-0.00327474747,-0.00981671729,0.598672855,1714.38173
0.172735963,0.136367278,0.00380248265,-0.00145792459,0.108636604,-1.17005107,1691.63013
0.172824434,0.13502937,0.00371049725,-0.00170697011,0.105705174,-1.02887029,1692.15354
0.172829926,0.0322849924,0.00203067887,-0.00291710895,-0.0119127365,0.614520779,1714.44417
0.172919266,0.133595261,0.00356051538,-0.00198400783,0.102658923,-0.885672058,1692.69081
0.172956163,0.0297856156,0.00228421473,-0.00258644559,-0.0138555622,0.631249223,1714.59
0.173020917,0.132058033,0.00334951347,-0.0022897102,0.0994978692,-0.741155326,1693.24148
0.173073931,0.0274539002,0.00248423588,-0.00228268692,-0.0156584891,0.647836604,1714.82325
0.173129878,0.13041027,0.00307542059,-0.00262417657,0.0962220989,-0.596098236,1693.80596
0.173183799,0.0252785992,0.0026344209,-0.00200531528,-0.0173332205,0.663450866,1715.14041
0.173246673,0.128644026,0.00273740667,-0.00298677233,0.0928317203,-0.451356252,1694.38611
0.173286297,0.0232492201,0.00273882916,-0.0017534589,-0.0188901297,0.677477487,1715.53266
0.173371866,0.12675078,0.00233620381,-0.00337594912,0.0893268028,-0.307859793,1694.98599
0.17338192,0.0213559743,0.0028017083,-0.00152598892,-0.020338477,0.689518872,1715.98789
0.173471127,0.0195897299,0.00282734834,-0.00132159741,-0.0216865772,0.699361395,1716.49256
0.173506062,0.124721401,0.00187445729,-0.00378905094,0.0857073163,-0.166611142,1695.61265
0.173554351,0.0179419674,0.00281997532,-0.00113885606,-0.0229419364,0.706939551,1717.0331
0.173631992,0.0164047389,0.0027836722,-0.00097626597,-0.0241113658,0.712300823,1717.59686
0.173649907,0.1225461,0.00135708346,-0.00422211094,0.0819730678,-0.0286963964,1696.27708
0.173704425,0.0149706296,0.00272232221,-0.000832299107,-0.0252010732,0.715573383,1718.17263
0.173771999,0.0136327222,0.0026395702,-0.000705432041,-0.0262167381,0.716937119,1718.75092
0.173804094,0.120214384,0.000791613562,-0.00466965845,0.078123648,0.104698565,1696.99433
0.17383504,0.0123845633,0.0025387993,-0.00059417207,-0.0271635747,0.716600428,1719.32398
0.173893852,0.0112201325,0.00242311969,-0.000497077736,-0.0280463834,0.714784193,1719.8857
0.173948718,0.0101338132,0.00229536535,-0.000412774536,-0.0288695944,0.711708787,1720.43143
0.173969369,0.117715008,0.00018851413,-0.00512453881,0.0741583918,0.23225958,1697.78297
0.173999905,0.00912036556,0.002158097,-0.000339965013,-0.0296373051,0.707584503,1720.95776
0.174047658,0.00817490128,0.00201360608,-0.000277436483,-0.030353311,0.702613768,1721.46236
0.174092207,0.00729285993,0.00186392467,-0.000224066241,-0.0310211333,0.696991459,1721.94373
0.174133768,0.00646998704,0.00171084122,-0.000178821199,-0.0316440425,0.690864654,1722.40106
0.174146528,0.115035914,-0.000438567662,-0.00557780709,0.070076356,0.35256966,1698.66494
0.174172541,0.0057023135,0.00155591644,-0.000140753363,-0.0322250789,0.684332783,1722.83407
0.174208713,0.00498613648,0.00140050197,-0.000108993312,-0.0327670714,0.677515755,1723.24289
0.174242458,0.00431800152,0.00124575743,-8.27516483e-05,-0.0332726534,0.67052373,1723.62797
0.17427394,0.00369468589,0.00109266553,-6.13228162e-05,-0.0337442774,0.663455743,1723.98996
0.17430331,0.00311318307,0.000942049663,-4.40767211e-05,-0.034184229,0.656405436,1724.3297
0.17433071,0.0025706882,0.000794591178,-3.04510383e-05,-0.0345946382,0.649426815,1724.64811
0.174336425,0.112164181,-0.00107270148,-0.0060185935,0.0658763269,0.464091414,1699.66897
0.174356272,0.00206458457,0.000650844377,-1.99406426e-05,-0.0349774907,0.642560295,1724.94619
0.174380119,0.00159243101,0.000511250367,-1.21063891e-05,-0.0353346382,0.635888657,1725.22497
0.174402366,0.00115195011,0.000376150346,-6.54217969e-06,-0.0356678074,0.629442866,1725.48549
0.174423122,0.000741017226,0.000245798541,-3.01221489e-06,-0.0359786087,0.623420318,1725.72879
0.174442484,0.000357650242,0.000120373336,-8.99066915e-07,-0.0362685442,0.615135917,1725.95588
0.174460548,0,0,0,-0.0365390172,0.609978112,1726.16774
0.174539976,0.109085956,-0.00169361549,-0.0064344804,0.0615568669,0.565152499,1700.82376
0.174758164,0.105786393,-0.00227791857,-0.00681123167,0.0571163986,0.653660752,1702.14631
0.174992041,0.102249575,-0.00279991911,-0.00713382274,0.0525533198,0.728157824,1703.64162
0.175242735,0.0984584434,-0.00323240431,-0.007387076,0.0478661413,0.786344783,1705.30332
0.175511454,0.0943947116,-0.00354661941,-0.0075566799,0.0430536135,0.827458525,1707.10231
0.175799496,0.0900387783,-0.00371550756,-0.0076293284,0.0381147763,0.847067682,1708.97905
0.176072105,0.15,0,0,0.147505814,-2.53916255,1685
0.176102105,0.14964235,0.000230959946,-2.22951809e-06,0.146187416,-2.51003059,1685.23105
0.17610825,0.0853696328,-0.00371791747,-0.00759013185,0.033048875,0.841814356,1710.85063
0.176134262,0.149258983,0.000465078534,-6.80140972e-06,0.144797728,-2.44716192,1685.47393
0.176168731,0.14884805,0.00070106577,-1.56253582e-05,0.143333673,-2.37884682,1685.729
0.176205679,0.148407569,0.000937513303,-2.90109842e-05,0.141792727,-2.3054731,1685.99659
0.176245283,0.147935415,0.00117280218,-4.79410377e-05,0.140172412,-2.22759907,1686.27699
0.176287736,0.147429312,0.0014050914,-7.33322742e-05,0.138470313,-2.1450667,1686.57055
0.176333241,0.146886817,0.00163230523,-0.000106248466,0.1366841,-2.05789113,1686.87762
0.176382017,0.146305314,0.00185212502,-0.000147832478,0.134811494,-1.96602031,1687.19857
0.176434302,0.145681998,0.00206198354,-0.000199330941,0.132850278,-1.8694429,1687.53384
0.176439204,0.0803647536,-0.00353032393,-0.00742751163,0.0278550549,0.818444303,1712.61658
0.176490345,0.145013864,0.00225906257,-0.000262088055,0.130798315,-1.76815179,1687.88391
0.176550418,0.144297686,0.00244029824,-0.000337540114,0.12865354,-1.66217539,1688.24929
0.176614811,0.143530013,0.00260239369,-0.000427205456,0.12641401,-1.55158768,1688.63052
0.176683834,0.14270714,0.00274183938,-0.000532668108,0.124077898,-1.43650749,1689.02822
0.17675782,0.141825099,0.00285494367,-0.000655556672,0.121643474,-1.31710304,1689.44302
0.176793955,0.075,-0.00313490938,-0.00713967233,0.0225318339,0.778871666,1714.17153
0.176837127,0.140879634,0.00293787563,-0.000797516047,0.119109134,-1.19359764,1689.87563
0.176922135,0.139866187,0.00298672444,-0.000960170168,0.116473367,-1.06627515,1690.32684
0.177013256,0.138779867,0.00299757739,-0.00114507459,0.113734734,-0.935484131,1690.79759
0.177110929,0.137615437,0.00296661832,-0.00135365768,0.110891907,-0.801645145,1691.289
0.177148707,0.0696352464,-0.00257411046,-0.00675653467,0.0174350754,0.727590616,1715.34432
0.177215626,0.136367278,0.00289024972,-0.001587147,0.107943674,-0.665261099,1691.8025
0.17732785,0.13502937,0.00276524114,-0.00184647973,0.104888938,-0.526921028,1692.33993
0.177448144,0.133595261,0.00258890621,-0.00213219722,0.101726702,-0.387300576,1692.90375
0.177479661,0.0646303672,-0.00193261508,-0.00632629439,0.0128626155,0.674581051,1716.08434
0.177577088,0.132058033,0.00235930985,-0.00244432253,0.0984560594,-0.247167676,1693.49747
0.177715303,0.13041027,0.00207550522,-0.00278222006,0.0950761743,-0.107387094,1694.12614
0.177788414,0.0599612217,-0.00125801007,-0.0058718691,0.00873799548,0.625465372,1716.47634
0.177863457,0.128644026,0.00173779871,-0.00314444284,0.0915862626,0.031077819,1694.79678
0.178022263,0.12675078,0.00134803454,-0.00352856811,0.0879855677,0.167146123,1695.5187
0.178076456,0.0556052884,-0.000585024935,-0.0054101592,0.00499904707,0.584020108,1716.60606
0.178192489,0.124721401,0.000909899071,-0.00393101268,0.0842733271,0.299592276,1696.30403
0.178345176,0.0515415566,6.18754519e-05,-0.00495323843,0.00159489599,0.551659851,1716.55163
0.178374955,0.1225461,0.000429204797,-0.00434686691,0.0804487475,0.42708915,1697.16784
0.17857054,0.120214384,-8.58405576e-05,-0.0047697718,0.0765109926,0.548196559,1698.1274
0.17859587,0.0477504251,0.000665676405,-0.00450915841,-0.00151637241,0.528666257,1716.38199
0.178780189,0.117715008,-0.000624369061,-0.00519181158,0.0724591882,0.661309125,1699.20078
0.178829746,0.0442136074,0.00121514495,-0.00408340416,-0.00436952069,0.514391809,1716.15716
0.179004914,0.115035914,-0.00117260663,-0.00560361923,0.0682924427,0.764763145,1700.40513
0.179047934,0.040914044,0.0017039698,-0.00367953376,-0.0069935825,0.507690146,1715.92852
0.179245796,0.112164181,-0.00171395953,-0.00599411467,0.064009895,0.856594673,1701.75832
0.179251486,0.0378358195,0.00212918749,-0.00329986187,-0.00941297972,0.507141276,1715.73814
0.179441383,0.0349640862,0.00249022161,-0.00294569602,-0.0116484098,0.511164311,1715.61779
0.179504,0.109085956,-0.00222952246,-0.00635137355,0.0596107985,0.935277188,1703.27281
0.179618542,0.0322849924,0.00278831893,-0.00261760363,-0.013717557,0.518196241,1715.58848
0.179780769,0.105786393,-0.00269801596,-0.00666265104,0.0550946286,0.998213361,1704.94634
0.179783816,0.0297856156,0.00302605953,-0.00231558262,-0.015635658,0.52682219,1715.66083
0.179938004,0.0274539002,0.00320693752,-0.00203920513,-0.0174159478,0.535849462,1715.83629
0.18,0.15,0,0,0.147911177,-2.05335163,1685.55234
0.180036204,0.14964235,0.000192445473,-2.64213588e-06,0.146412528,-2.02282339,1685.80547
0.18007501,0.149258983,0.000386174564,-8.07961959e-06,0.144848209,-1.95681339,1686.0687
0.180077439,0.102249575,-0.00309621355,-0.0069142328,0.0504612053,1.04316761,1706.76068
0.180081849,0.0252785992,0.00333504966,-0.00178771163,-0.0190700157,0.544322436,1716.10902
0.180116607,0.14884805,0.000579949301,-1.83203595e-05,0.143216295,-1.88518681,1686.34228
0.180161196,0.148407569,0.000772463944,-3.36948752e-05,0.141514876,-1.80893239,1686.62653
0.18020899,0.147935415,0.000962234163,-5.51742898e-05,0.139741961,-1.72851444,1686.9218
0.180216044,0.0232492201,0.00341485591,-0.00156008004,-0.0206080967,0.551537037,1716.46812
0.180260221,0.147429312,0.00114758932,-8.36734638e-05,0.137895457,-1.6438473,1687.22852
0.180315136,0.146886817,0.00132666164,-0.000120229592,0.135973254,-1.55499703,1687.54719
0.180341238,0.0213559743,0.00345099245,-0.00135510025,-0.0220392977,0.557030403,1716.89968
0.180373999,0.146305314,0.0014973792,-0.000165944594,0.133973231,-1.46192248,1687.87842
0.180395442,0.0984584434,-0.0034001674,-0.00709416586,0.0457108045,1.06865367,1708.67893
0.180437095,0.145681998,0.00165746281,-0.000222010269,0.131893183,-1.36460536,1688.22293
0.180458033,0.0195897299,0.00344812617,-0.00117143479,-0.0233717763,0.560541107,1717.38861
0.180504728,0.145013864,0.0018044279,-0.000289697277,0.129730855,-1.26305349,1688.58155
0.180566993,0.0179419674,0.00341084335,-0.00100766411,-0.0246128876,0.561969493,1717.92
0.180577223,0.144297686,0.001935591,-0.000370347793,0.127483961,-1.15730927,1688.95528
0.180654932,0.143530013,0.00204808311,-0.000465362267,0.125150196,-1.04745325,1689.34526
0.180668645,0.0164047389,0.00334356619,-0.000862324459,-0.0257693005,0.561337171,1718.48004
0.18073631,0.0943947116,-0.00358513055,-0.00718854109,0.040844227,1.07242155,1710.64387
0.180738228,0.14270714,0.00213887235,-0.000576181509,0.122727261,-0.933609906,1689.75282
0.180763477,0.0149706296,0.00325049324,-0.000733943561,-0.0268470924,0.558760493,1719.05651
0.180827514,0.141825099,0.00220479718,-0.000704262202,0.120212873,-0.815954427,1690.17951
0.180851948,0.0136327222,0.003135563,-0.000621074683,-0.0278518247,0.55441972,1719.63906
0.18092322,0.140879634,0.00224261238,-0.000851044572,0.117604787,-0.694719871,1690.62715
0.180934484,0.0123845633,0.00300243077,-0.000522313107,-0.0287886063,0.548519602,1720.21917
0.181011483,0.0112201325,0.00285444602,-0.000436314067,-0.0296621445,0.541299421,1720.79008
0.181025807,0.139866187,0.00224905026,-0.00101791096,0.114900779,-0.570204,1691.09789
0.181083318,0.0101338132,0.00269464565,-0.00036180477,-0.0304767878,0.53300662,1721.34658
0.181101688,0.0900387783,-0.00362846893,-0.00718816124,0.0358627671,1.05235358,1712.5789
0.181135771,0.138779867,0.00222089902,-0.00120613399,0.112098715,-0.442776766,1691.59427
0.181150333,0.00912036556,0.0025257589,-0.000297596953,-0.0312365618,0.523801505,1721.88481
0.181212853,0.00817490128,0.00235022146,-0.000242573432,-0.0319451999,0.513853618,1722.40203
0.181253642,0.137615437,0.00215510074,-0.00141681288,0.109196587,-0.312887981,1692.11939
0.18127118,0.00729285993,0.0021701921,-0.000195692169,-0.032606169,0.50336186,1722.89642
0.181325593,0.00646998704,0.0019875629,-0.000156004756,-0.0332226923,0.492490414,1723.36691
0.181376357,0.0057023135,0.00180397638,-0.000122654845,-0.033797769,0.481421031,1723.81303
0.181379989,0.136367278,0.00204887087,-0.00165079648,0.106192501,-0.18107557,1692.67693
0.181423715,0.00498613648,0.00162084784,-9.48697077e-05,-0.034334192,0.470291508,1724.23473
0.181467896,0.00431800152,0.00143938462,-7.19489434e-05,-0.0348345629,0.459177497,1724.63234
0.181493339,0.0853696328,-0.00351040134,-0.00708510727,0.0307679874,1.01027284,1714.39369
0.181509114,0.00369468589,0.00126060403,-5.32607854e-05,-0.0353013068,0.448173081,1725.00644
0.18151542,0.13502937,0.00189984176,-0.00190859184,0.10308468,-0.0479737643,1693.27138
0.181547566,0.00311318307,0.00108535129,-3.82411821e-05,-0.0357366844,0.437363354,1725.35777
0.181583439,0.0025706882,0.000914316466,-2.63926453e-05,-0.0361428038,0.426804332,1725.68723
0.181616906,0.00206458457,0.000748052588,-1.72674636e-05,-0.0365216312,0.41652125,1725.99579
0.181648128,0.00159243101,0.000586991816,-1.0476392e-05,-0.0368750006,0.406582767,1726.28448
0.181660589,0.133595261,0.00170623125,-0.00219025798,0.0998714752,0.0856784422,1693.90823
0.181677255,0.00115195011,0.000431460104,-5.65851659e-06,-0.0372046225,0.397033013,1726.55433
0.181704429,0.000741017226,0.000281691068,-2.62278994e-06,-0.0375120929,0.388084616,1726.80639
0.181729779,0.000357650242,0.000137838145,-7.74222305e-07,-0.0377989003,0.377144243,1727.04168
0.18175343,0,0,0,-0.0380664383,0.370792514,1727.26122
0.181816197,0.132058033,0.00146703593,-0.00249528507,0.0965513631,0.219029028,1694.59428
0.181913151,0.0803647536,-0.00321302883,-0.00687169188,0.0255612446,0.949006092,1715.99297
0.181982994,0.13041027,0.00118224597,-0.0028224603,0.0931229462,0.351104854,1695.33804
0.182161784,0.128644026,0.00085308152,-0.00316973029,0.0895849517,0.480802939,1696.14972
0.18235343,0.12675078,0.0004822364,-0.00353404813,0.0859362214,0.606875408,1697.04105
0.18236315,0.075,-0.00272421082,-0.00654899465,0.0202429601,0.869527297,1717.28855
0.182558856,0.124721401,7.41570866e-05,-0.00391125068,0.0821757029,0.727940437,1698.02532
0.182779054,0.1225461,-0.00036473067,-0.00429595676,0.0783024714,0.842467689,1699.11684
0.182813149,0.0696352464,-0.00208986859,-0.00614859436,0.0151682337,0.782644647,1718.1559
0.183015084,0.120214384,-0.000825884327,-0.00468135272,0.0743157315,0.94868346,1700.32977
0.183232961,0.0646303672,-0.0013955838,-0.00571832317,0.0106294813,0.70031857,1718.59539
0.183268087,0.117715008,-0.00129847704,-0.00505928499,0.070214831,1.04497569,1701.67661
0.183539281,0.115035914,-0.00176932966,-0.00542098037,0.0659993427,1.12973057,1703.16601
0.183624612,0.0599612217,-0.000683968907,-0.00527699789,0.00654578888,0.627183677,1718.70969
0.183829976,0.112164181,-0.00222286943,-0.00575609162,0.0616691456,1.19999659,1704.80012
0.18398999,0.0556052884,1.41311616e-05,-0.00483800049,0.00285167655,0.565719833,1718.59193
0.184141573,0.109085956,-0.00264148015,-0.00605306717,0.0572245074,1.25405211,1706.57101
0.184330859,0.0515415566,0.0006769906,-0.0044102282,-0.000506109401,0.516565621,1718.32183
0.184475575,0.105786393,-0.00300609145,-0.00630079698,0.0526661988,1.28977727,1708.45684
0.184648861,0.0477504251,0.00128965605,-0.00399945662,-0.00357114401,0.479294796,1717.96736
0.184833594,0.102249575,-0.00329621395,-0.0064878287,0.0479956093,1.30458115,1710.41973
0.184945531,0.0442136074,0.00184247789,-0.00360933728,-0.00637930873,0.452720109,1717.58678
0.184963636,0.15,0,0,0.141924938,-1.3559424,1687.49155
0.185002737,0.14964235,0.000137293665,-2.95622315e-06,0.14062372,-1.32511136,1687.71176
0.185044649,0.149258983,0.000274716343,-9.06558401e-06,0.13925062,-1.25807198,1687.94412
0.185089575,0.14884805,0.000411148329,-2.03672227e-05,0.13780353,-1.18542941,1688.18921
0.185137731,0.148407569,0.000545438419,-3.71845341e-05,0.13627983,-1.10876737,1688.44773
0.18518935,0.147935415,0.00067628528,-6.04227569e-05,0.134676925,-1.02856162,1688.72044
0.185217355,0.0984584434,-0.00349019729,-0.00660314295,0.0432148333,1.29761984,1712.4051
0.185222301,0.040914044,0.00233002662,-0.00324215593,-0.0089603474,0.435185587,1717.22918
0.18524468,0.147429312,0.000802228148,-9.09412049e-05,0.132992262,-0.94481442,1689.0082
0.185303989,0.146886817,0.000921644152,-0.000129688373,0.131223329,-0.857604335,1689.31195
0.185367563,0.146305314,0.00103274608,-0.00017766295,0.129367667,-0.766917341,1689.63276
0.185435707,0.145681998,0.00113358374,-0.000235931623,0.127422872,-0.672755148,1689.97182
0.185480504,0.0378358195,0.00274995665,-0.00289917391,-0.0113390896,0.424847479,1716.9338
0.185508752,0.145013864,0.00122204964,-0.000305618454,0.125386605,-0.575142876,1690.3305
0.185587049,0.144297686,0.00129589023,-0.000387895827,0.123256591,-0.474137627,1690.71037
0.185628711,0.0943947116,-0.00356692782,-0.00663702222,0.0383266688,1.26689735,1714.34403
0.185670976,0.143530013,0.00135272385,-0.000483969742,0.121030627,-0.369833761,1691.11327
0.185721387,0.0349640862,0.00310223347,-0.00258095439,-0.0135364322,0.41990227,1716.72936
0.185760938,0.14270714,0.00139006689,-0.00059506004,0.118706589,-0.262370005,1691.54131
0.185857368,0.141825099,0.00140536947,-0.000722374068,0.116282422,-0.151936629,1691.99701
0.185946111,0.0322849924,0.00338852018,-0.0022875626,-0.0155701146,0.418644206,1716.63379
0.185960732,0.140879634,0.00139606268,-0.000867072734,0.113756135,-0.0387839319,1692.48327
0.186069646,0.0900387783,-0.00350845789,-0.00658382333,0.0333345167,1.21337778,1716.15717
0.186071528,0.139866187,0.0013596188,-0.00103022755,0.111125839,0.0767687469,1693.00354
0.18615576,0.0297856156,0.00361172255,-0.00201863499,-0.0174553237,0.419477482,1716.65477
0.186190292,0.138779867,0.00129362659,-0.00121276787,0.108389772,0.194324214,1693.56183
0.186317595,0.137615437,0.00119588269,-0.00141541718,0.105546292,0.313397784,1694.16286
0.186351346,0.0274539002,0.00377564924,-0.0017734969,-0.0192051796,0.421070689,1716.7911
0.186454051,0.136367278,0.00106450149,-0.00163861809,0.102593863,0.433406919,1694.81217
0.186533811,0.0252785992,0.00388470773,-0.00155122567,-0.0208311278,0.422391142,1717.03469
0.186542286,0.0853696328,-0.00329691074,-0.00643871946,0.0282420506,1.13917507,1717.76111
0.18660032,0.13502937,0.000898044696,-0.00188244571,0.0995310709,0.553660752,1695.51614
0.186704037,0.0232492201,0.00394366149,-0.00135071779,-0.022343241,0.422683356,1717.37275
0.186757105,0.133595261,0.000695669992,-0.00214650892,0.0963566305,0.673349872,1696.2821
0.186862843,0.0213559743,0.00395744279,-0.00117073782,-0.0237504551,0.421446936,1717.78985
0.186925165,0.132058033,0.000457299932,-0.00242984799,0.0930693956,0.791541571,1697.1183
0.187010997,0.0195897299,0.00393100637,-0.00100996392,-0.0250607609,0.418397234,1718.26968
0.187048911,0.0803647536,-0.00291656728,-0.00619794844,0.0230525709,1.0441551,1719.0772
0.187105309,0.13041027,0.000183797846,-0.00273081443,0.0896683679,0.907153584,1698.03387
0.187149212,0.0179419674,0.00386921448,-0.000867024249,-0.0262813543,0.413419655,1718.79636
0.187278156,0.0164047389,0.00377675551,-0.000740523299,-0.0274187562,0.406529951,1719.35524
0.187298406,0.128644026,-0.000122846568,-0.00304696259,0.0861527063,1.01894727,1699.03857
0.18739845,0.0149706296,0.00365808672,-0.000629083374,-0.0284789081,0.397874165,1719.93345
0.187505387,0.12675078,-0.000459309158,-0.00337482876,0.0825217404,1.12549635,1700.14245
0.187510675,0.0136327222,0.00351737607,-0.000531369,-0.0294672487,0.387669592,1720.52004
0.187591964,0.075,-0.0023582996,-0.00586270621,0.0177681048,0.931390642,1720.04015
0.187615371,0.0123845633,0.00335846265,-0.000446107041,-0.0303887764,0.376052596,1721.10601
0.187713044,0.0112201325,0.00318486035,-0.000372063287,-0.0312480999,0.363194343,1721.68418
0.187727251,0.124721401,-0.000820780653,-0.00371018871,0.078774997,1.22565372,1701.35509
0.187804165,0.0101338132,0.0029997613,-0.000308047041,-0.03204948,0.34933369,1722.24897
0.187889174,0.00912036556,0.00280602636,-0.000252979797,-0.0327968643,0.334741254,1722.79621
0.187965069,0.1225461,-0.00120075524,-0.00404788751,0.0749122372,1.31742984,1702.68468
0.18796848,0.00817490128,0.00260620113,-0.000205878931,-0.0334939167,0.319671671,1723.3229
0.188042466,0.00729285993,0.00240253551,-0.000165832586,-0.0341440423,0.304273996,1723.82701
0.188111489,0.00646998704,0.00219699646,-0.000132004577,-0.0347504092,0.288702425,1724.3073
0.188135018,0.0696352464,-0.00167202774,-0.00546590185,0.0127409893,0.815240345,1720.57324
0.188175882,0.0057023135,0.00199128769,-0.000103634652,-0.0353159671,0.273133222,1724.76313
0.188219987,0.120214384,-0.00159083923,-0.00438108045,0.0709334762,1.39861289,1704.13657
0.188235955,0.00498613648,0.00178686693,-8.00430298e-05,-0.0358434643,0.257687885,1725.19438
0.188291999,0.00431800152,0.00158496657,-6.06213131e-05,-0.0363354625,0.24246376,1725.60126
0.188344283,0.00369468589,0.00138661764,-4.48201017e-05,-0.03679435,0.22753747,1725.98429
0.18839306,0.00311318307,0.00119267008,-3.21467806e-05,-0.0372223544,0.212955452,1726.34419
0.188438565,0.0025706882,0.00100381138,-2.21652179e-05,-0.0376215533,0.198776406,1726.68181
0.188481017,0.00206458457,0.000820585264,-1.44876622e-05,-0.0379938847,0.185046325,1726.99811
0.188493234,0.117715008,-0.00198080693,-0.00470211089,0.0668390596,1.46792483,1705.71148
0.188520621,0.00159243101,0.000643409133,-8.78233178e-06,-0.0383411566,0.171848056,1727.2941
0.188557569,0.00115195011,0.000472590163,-4.74105414e-06,-0.0386650556,0.159215837,1727.57083
0.188592039,0.000741017226,0.00030833964,-2.21070095e-06,-0.0389671549,0.147322013,1727.82934
0.188624196,0.000357650242,0.000150785785,-6.29533048e-07,-0.0392489223,0.133839498,1728.07069
0.188641643,0.0646303672,-0.000942865593,-0.0050525892,0.00825715903,0.709232669,1720.71641
0.188654196,0,0,0,-0.0395117347,0.126414934,1728.29588
0.18878613,0.115035914,-0.0023587164,-0.00500323843,0.0626297699,1.52342135,1707.40345
0.189100086,0.112164181,-0.00271088228,-0.00527544575,0.0583068817,1.56216603,1709.1977
0.189114283,0.0599612217,-0.000208676823,-0.00463786243,0.00423222441,0.616713363,1720.57643
0.189436616,0.109085956,-0.00302180291,-0.00550849928,0.0538722362,1.58216947,1711.06871
0.189555217,0.0556052884,0.000503161447,-0.00423216762,0.000598172076,0.5390494,1720.24432
0.189797345,0.105786393,-0.00327480606,-0.00569302024,0.0493283615,1.58241214,1712.979
0.189927273,0.15,0,0,0.133086625,-0.625066918,1689.97389
0.189966573,0.0515415566,0.00117322048,-0.00384189076,-0.00270002763,0.476084972,1719.79566
0.189968478,0.14964235,8.27941454e-05,-2.78882748e-06,0.132028873,-0.59645031,1690.18006
0.190012646,0.149258983,0.000164801129,-8.58526511e-06,0.130900641,-0.534048231,1690.4008
0.190059991,0.14884805,0.000245084933,-1.93085644e-05,0.129698741,-0.466135609,1690.63718
0.190110739,0.148407569,0.000322690281,-3.52969748e-05,0.12841954,-0.394370217,1690.89033
0.190165137,0.147935415,0.000396538266,-5.74040517e-05,0.1270594,-0.319321738,1691.16148
0.190184013,0.102249575,-0.00345240303,-0.0058201687,0.044678571,1.56146763,1714.87928
0.190223446,0.147429312,0.000465419609,-8.64342845e-05,0.12561471,-0.240986478,1691.45196
0.190285948,0.146886817,0.000527993883,-0.000123271964,0.1240819,-0.15945591,1691.76327
0.190350335,0.0477504251,0.00178819317,-0.00347094272,-0.0057071507,0.426780039,1719.29441
0.190352944,0.146305314,0.000582790155,-0.000168839091,0.122457476,-0.0747624376,1692.09702
0.190424757,0.145681998,0.000628211307,-0.00022410699,0.12073804,0.0130405292,1692.45502
0.190501734,0.145013864,0.000662542745,-0.000290083864,0.118920314,0.103872292,1692.8393
0.190584246,0.144297686,0.00068396652,-0.000367803048,0.117001167,0.197616615,1693.25214
0.190598483,0.0984584434,-0.00353701119,-0.00588175611,0.0399269849,1.5179087,1716.7101
0.190672691,0.143530013,0.00069058182,-0.000458306028,0.114977631,0.294116967,1693.69609
0.190708354,0.0442136074,0.00233954507,-0.00312156336,-0.00845984436,0.389579676,1718.79511
0.190767495,0.14270714,0.000680433137,-0.000562621086,0.11284692,0.393169977,1694.17407
0.190869117,0.141825099,0.00065154665,-0.000681735738,0.110606452,0.494517608,1694.68939
0.190978045,0.140879634,0.000601977389,-0.000816562845,0.108253873,0.597839543,1695.24579
0.191042356,0.040914044,0.00282247763,-0.00279501154,-0.0109882926,0.362540368,1718.34321
0.191042756,0.0943947116,-0.00351188106,-0.00587276446,0.0350784555,1.4502958,1718.40561
0.191094806,0.139866187,0.000529868493,-0.000967899074,0.105787074,0.702745645,1695.8475
0.191219963,0.138779867,0.000433521581,-0.00113637811,0.103204157,0.808767894,1696.49932
0.191353953,0.0378358195,0.00323507673,-0.00249184919,-0.0133175431,0.343546832,1717.97443
0.191354119,0.137615437,0.000311480247,-0.00132240708,0.100503425,0.91533399,1697.20658
0.191497921,0.136367278,0.000162627258,-0.00152609861,0.0976834212,1.0217841,1697.97522
0.191518974,0.0900387783,-0.00335984823,-0.00578777549,0.0301383503,1.36014309,1719.8984
0.191644647,0.0349640862,0.00357765951,-0.00221209423,-0.015468555,0.330455655,1717.71405
0.191652064,0.13502937,-1.37025945e-05,-0.00174720283,0.0947429336,1.12734781,1698.81165
0.19181729,0.133595261,-0.000217596915,-0.00198501698,0.0916809952,1.23113468,1699.72272
0.191915842,0.0322849924,0.00385221096,-0.00195538187,-0.0174590118,0.321351159,1717.57676
0.191994396,0.132058033,-0.000448431631,-0.0022383404,0.0884968891,1.33216772,1700.71543
0.192029434,0.0853696328,-0.00306531511,-0.00562307893,0.0251121254,1.24961582,1721.125
0.192168844,0.0297856156,0.00406189597,-0.00172106855,-0.019303974,0.314643566,1717.56728
0.192184238,0.13041027,-0.000704716556,-0.00250533907,0.0851901549,1.42919594,1701.79657
0.19238773,0.128644026,-0.000983941393,-0.00278340675,0.0817605986,1.52086847,1702.97242
0.192404875,0.0274539002,0.00421071764,-0.00150831825,-0.0210164048,0.308950669,1717.6819
0.192576599,0.0803647536,-0.00261676389,-0.00537866841,0.0200045763,1.12064556,1722.03151
0.192605854,0.12675078,-0.00128244281,-0.00306910036,0.0782083149,1.60574511,1704.24821
0.192625072,0.0252785992,0.00430327511,-0.00131612269,-0.0226075706,0.303175587,1717.91049
0.192830499,0.0232492201,0.00434454812,-0.00114334572,-0.024087354,0.296531926,1718.23868
0.192839662,0.124721401,-0.00159530346,-0.00335838886,0.0745337199,1.68251167,1705.62703
0.193022145,0.0213559743,0.00433969312,-0.000988768649,-0.0254645037,0.288516107,1718.64985
0.193090282,0.1225461,-0.00191623285,-0.00364643478,0.0707375731,1.74906703,1707.10873
0.193163107,0.075,-0.00200566496,-0.00505610219,0.0148187443,0.977454145,1722.5782
0.193200935,0.0195897299,0.00429388991,-0.000851119242,-0.0267468308,0.278847116,1719.12683
0.193358923,0.120214384,-0.00223741922,-0.00392705812,0.0668210372,1.80330318,1708.68865
0.193367732,0.0179419674,0.00421223394,-0.000729112154,-0.027941363,0.267449693,1719.65307
0.193523339,0.0164047389,0.00409962584,-0.000621463659,-0.0290544656,0.254385547,1720.21345
0.19364688,0.117715008,-0.00254953392,-0.00419355094,0.0627857691,1.84375267,1710.3562
0.193668509,0.0149706296,0.00396067947,-0.000526935127,-0.030091938,0.239671557,1720.79469
0.193749616,0.0696352464,-0.00128383471,-0.00468731615,0.00989934818,0.835245458,1722.73609
0.19380394,0.0136327222,0.00379970549,-0.000444280004,-0.0310590906,0.223398175,1721.38555
0.193930286,0.0123845633,0.00362068573,-0.000372307367,-0.0319608056,0.205877104,1721.97675
0.193955543,0.115035914,-0.00284177526,-0.00443885413,0.058633982,1.86828746,1712.09355
0.194048157,0.0112201325,0.00342725882,-0.000309937804,-0.0328015871,0.187402678,1722.56087
0.194158121,0.0101338132,0.00322272683,-0.000256149863,-0.0335856017,0.168172685,1723.13216
0.194260709,0.00912036556,0.00301005401,-0.000209995519,-0.0343167126,0.148445135,1723.68626
0.1942864,0.112164181,-0.00310208552,-0.00465524163,0.0543685125,1.87499465,1713.8746
0.194296781,0.0646303672,-0.00053418453,-0.00431164624,0.00552233644,0.708428155,1722.57395
0.194356414,0.00817490128,0.00279186933,-0.00017060553,-0.0349985069,0.128434529,1724.22003
0.1944457,0.00729285993,0.0025704758,-0.000137192247,-0.0356343207,0.108315503,1724.73131
0.194528996,0.00646998704,0.0023478777,-0.00010903886,-0.0362272591,0.088261334,1725.21876
0.194606705,0.0057023135,0.00212580359,-8.54899972e-05,-0.0367802145,0.0683714684,1725.68165
0.194641047,0.109085956,-0.0033173821,-0.00483481258,0.0499929029,1.86221933,1715.66456
0.194679201,0.00498613648,0.00190572642,-6.59506743e-05,-0.0372958827,0.0487482869,1726.11978
0.194746834,0.00431800152,0.00168888613,-4.98926968e-05,-0.0377767771,0.029512817,1726.53334
0.194807241,0.0599612217,0.000210142959,-0.00394066434,0.0016010894,0.598995426,1722.18959
0.19480993,0.00369468589,0.00147631301,-3.68473286e-05,-0.0382252415,0.0107594802,1726.92279
0.194868793,0.00311318307,0.00126884953,-2.63998394e-05,-0.0386434621,-0.00744596104,1727.28883
0.194890909,0.15,0,0,0.12424898,0.10335014,1692.45605
0.194923708,0.0025706882,0.00106717145,-1.81838176e-05,-0.0390334779,-0.0250525662,1727.63229
0.19493347,0.14964235,3.48348191e-05,-2.44643451e-06,0.123314204,0.129417925,1692.69066
0.194974939,0.00206458457,0.000871806965,-1.18735509e-05,-0.0393971912,-0.0420287867,1727.95411
0.194979091,0.149258983,6.77806855e-05,-7.51511223e-06,0.122315847,0.186106211,1692.94242
0.195021196,0.105786393,-0.00347345519,-0.00497018517,0.0455115081,1.82874234,1717.42031
0.195022733,0.00159243101,0.000683154545,-7.19179953e-06,-0.0397363763,-0.058298796,1728.25532
0.195027993,0.14884805,9.80999303e-05,-1.69369229e-05,0.121250358,0.24765095,1693.21271
0.195067321,0.00115195011,0.000501499674,-3.88157607e-06,-0.0400526883,-0.0738354031,1728.53696
0.195080411,0.148407569,0.000125051669,-3.09971618e-05,0.120113882,0.312734881,1693.50297
0.195108918,0.000741017226,0.00032702996,-1.82161655e-06,-0.0403476709,-0.0885207984,1728.80007
0.195136598,0.147935415,0.000147803954,-5.04748635e-05,0.118902462,0.380872677,1693.81472
0.195147725,0.000357650242,0.000159848743,-4.86607941e-07,-0.040622764,-0.104348512,1729.04572
0.195183929,0,0,0,-0.040879322,-0.112733015,1729.27493
0.195196825,0.147429312,0.00016543026,-7.60956561e-05,0.117612065,0.452039032,1694.14967
0.195261382,0.146886817,0.000176908469,-0.00010865734,0.116238603,0.526100285,1694.50967
0.195283459,0.0556052884,0.000925066481,-0.00358229049,-0.00193384724,0.507232834,1721.66332
0.195330582,0.146305314,0.000181122301,-0.000148985185,0.114777959,0.602987778,1694.89673
0.195404757,0.145681998,0.000176866107,-0.000197943888,0.113226019,0.682605667,1695.31308
0.195428678,0.102249575,-0.00355537872,-0.00505392743,0.0409295329,1.77303449,1719.09206
0.195484266,0.145013864,0.000162853574,-0.000256423248,0.111578702,0.764825047,1695.76119
0.195569492,0.144297686,0.000137731364,-0.000325325467,0.109831999,0.849476662,1696.24376
0.195660847,0.143530013,0.000100098519,-0.000405547006,0.107982008,0.936346668,1696.76378
0.195727732,0.0515415566,0.00159333629,-0.00324088414,-0.00513834575,0.43227238,1721.06155
0.19575877,0.14270714,4.85331307e-05,-0.00049796038,0.106024975,1.02517285,1697.32452
0.195863734,0.141825099,-1.83721534e-05,-0.000603377622,0.10395733,1.11560678,1697.9296
0.195865461,0.0984584434,-0.00354889769,-0.00508082685,0.0362529776,1.69462681,1720.62618
0.195976245,0.140879634,-0.000101967416,-0.000722519589,0.101775725,1.20727254,1698.58297
0.196096847,0.139866187,-0.000203493333,-0.000855993274,0.0994770707,1.29972345,1699.28888
0.196142202,0.0477504251,0.00220312976,-0.00291898048,-0.00805759116,0.372505193,1720.44105
0.19622612,0.138779867,-0.000324016737,-0.0010042401,0.0970585697,1.39240476,1700.05192
0.19633365,0.0943947116,-0.00343994965,-0.00504664586,0.0314885317,1.59427733,1721.96874
0.196364689,0.137615437,-0.000464354337,-0.00116747278,0.0945177439,1.48465837,1700.8769
0.196513222,0.136367278,-0.000624986146,-0.0013456131,0.0918524647,1.57573163,1701.76876
0.196528869,0.0442136074,0.00274689037,-0.00261782122,-0.0107283292,0.325889774,1719.85055
0.196672435,0.13502937,-0.000805961373,-0.00153824693,0.0890609752,1.66479052,1702.73243
0.196835504,0.0900387783,-0.00321355496,-0.00494709705,0.0266432651,1.47266746,1723.06968
0.196843096,0.133595261,-0.00100679487,-0.0017445534,0.0861419109,1.75085658,1703.77265
0.196889598,0.040914044,0.0032204196,-0.00233788494,-0.0131806451,0.290153925,1719.3306
0.197026028,0.132058033,-0.00122635759,-0.00196326069,0.0830943209,1.83286197,1704.89361
0.197222114,0.13041027,-0.00146275719,-0.00219254112,0.0799176874,1.90948304,1706.09846
0.197226129,0.0378358195,0.00362216517,-0.00207925209,-0.0154393618,0.263025974,1718.91252
0.197373444,0.0853696328,-0.00285636405,-0.00478118974,0.0217241048,1.33211611,1723.88682
0.1974323,0.128644026,-0.00171321857,-0.00242989291,0.0766119474,1.97931767,1707.38879
0.197540085,0.0349640862,0.0039526106,-0.00184160793,-0.0175251187,0.242264947,1718.61764
0.197657599,0.12675078,-0.0019739901,-0.00267220201,0.0731775177,2.04092545,1708.76393
0.19783298,0.0322849924,0.00421387393,-0.00162438566,-0.0194552392,0.225745983,1718.4571
0.197899098,0.124721401,-0.00224022369,-0.00291569943,0.0696153248,2.09263662,1710.22008
0.197950065,0.0803647536,-0.00235775856,-0.0045490312,0.0167370187,1.17598348,1724.38825
0.198106228,0.0297856156,0.00440932345,-0.00142680248,-0.0212444237,0.211685787,1718.43261
0.198157962,0.1225461,-0.00250594238,-0.00315589993,0.0659268434,2.13270279,1711.74947
0.198361145,0.0274539002,0.00454316129,-0.00124792985,-0.0229052757,0.198760478,1718.53806
0.198435439,0.120214384,-0.00276406064,-0.00338765997,0.0621141581,2.15934298,1713.33941
0.198568147,0.075,-0.00170955707,-0.00425318373,0.011685781,1.00805989,1724.55348
0.198598963,0.0252785992,0.00462013568,-0.00108678166,-0.0244487118,0.185975705,1718.76149
0.198732868,0.117715008,-0.00300630596,-0.0036052833,0.0581800071,2.17074491,1714.9715
0.198820827,0.0232492201,0.00464535372,-0.000942299375,-0.0258842864,0.172553139,1719.08722
0.199027809,0.0213559743,0.00462410642,-0.000813394602,-0.0272204453,0.158002112,1719.49777
0.199051684,0.115035914,-0.00322325595,-0.00380266133,0.0541278258,2.16516022,1716.62112
0.199186229,0.0696352464,-0.000965131187,-0.00392285277,0.00690522796,0.844983951,1724.38954
0.199220906,0.0195897299,0.00456174712,-0.000698922481,-0.0284647229,0.142064017,1719.97539
0.199393424,0.112164181,-0.00340448033,-0.0039734447,0.0499618305,2.14100755,1718.25726
0.19940105,0.0179419674,0.00446350445,-0.000597749497,-0.0296238956,0.124508183,1720.50319
0.199569109,0.0164047389,0.00433436501,-0.000508696675,-0.0307041025,0.105238961,1721.0658
0.199725895,0.0149706296,0.00417904463,-0.000430613017,-0.0317109396,0.0844783723,1721.64982
0.199759738,0.109085956,-0.00353867834,-0.00411136218,0.0456870919,2.09692533,1719.84317
0.199762849,0.0646303672,-0.00020508238,-0.00359184809,0.00266031131,0.701694475,1723.98063
0.199854546,0.15,0,0,0.115411966,0.820260016,1694.93803
0.199872163,0.0136327222,0.00400195431,-0.00036246392,-0.0326495345,0.0625112949,1722.2439
0.199897752,0.14964235,-5.75473724e-06,-2.05413802e-06,0.114559647,0.843550421,1695.21543
0.199944066,0.149258983,-1.43802291e-05,-6.27249617e-06,0.113649038,0.893933551,1695.51316
0.199993711,0.14884805,-2.64466208e-05,-1.41714719e-05,0.1126767,0.948369441,1695.83282
0.20000862,0.0123845633,0.00380719548,-0.000303247089,-0.0335246056,0.0395974243,1722.83866
0.200046924,0.148407569,-4.2513691e-05,-2.5959434e-05,0.111638891,1.00591586,1696.17607
0.200103964,0.147935415,-6.32000883e-05,-4.23098784e-05,0.110531728,1.06608515,1696.54466
0.200135923,0.0112201325,0.00359850714,-0.000252032514,-0.0343405097,0.0159728223,1723.42663
0.20015239,0.105786393,-0.00361383543,-0.00421023885,0.0413095694,2.03165759,1721.33758
0.200165106,0.147429312,-8.91861965e-05,-6.38389797e-05,0.1093512,1.12884634,1696.94049
0.200230643,0.146886817,-0.000121212794,-9.12287886e-05,0.108093179,1.19406631,1697.36562
0.200254686,0.0101338132,0.00337924719,-0.000207971682,-0.0351012813,-0.0081360385,1724.00197
0.200300789,0.0599612217,0.000541567823,-0.00326911183,-0.00113645545,0.578852676,1723.40955
0.200300894,0.146305314,-0.000160078445,-0.000125185445,0.106753442,1.26165821,1697.82225
0.200365483,0.00912036556,0.00315241509,-0.000170262426,-0.0358106638,-0.0325373261,1724.56025
0.200376195,0.145681998,-0.000206634858,-0.000166449315,0.105327694,1.33150295,1698.31276
0.200456912,0.145013864,-0.000261777845,-0.000215781695,0.103811595,1.40344446,1698.83971
0.200468847,0.00817490128,0.00292066435,-0.000138154266,-0.0364721366,-0.0570918196,1725.09828
0.200543432,0.144297686,-0.000326434325,-0.000273954422,0.102200791,1.47728295,1699.40585
0.200565277,0.00729285993,0.0026863168,-0.000110967563,-0.0370889375,-0.0815918697,1725.61384
0.200573276,0.102249575,-0.00361799648,-0.00426474918,0.0368360831,1.94433839,1722.69692
0.200636173,0.143530013,-0.000401543999,-0.000341728848,0.100490954,1.55275513,1700.01411
0.200655239,0.00646998704,0.00245138615,-8.80938235e-05,-0.0376640822,-0.105851681,1726.10554
0.200735583,0.14270714,-0.000488035454,-0.000419839748,0.0986778199,1.62956321,1700.6676
0.200739166,0.0057023135,0.00221760039,-6.89871596e-05,-0.0382003813,-0.129735125,1726.57261
0.200802644,0.0556052884,0.00125358975,-0.00296065241,-0.00455492434,0.475783935,1722.74336
0.200817462,0.00498613648,0.00198642695,-5.31578199e-05,-0.0387004556,-0.153121545,1727.01482
0.20084214,0.141825099,-0.000586795796,-0.00050896919,0.0967572363,1.70731898,1701.36962
0.200890507,0.00431800152,0.00175909684,-4.01697483e-05,-0.0391667492,-0.175918294,1727.43231
0.20095636,0.140879634,-0.000698632317,-0.000609710409,0.0947252069,1.78557752,1702.12358
0.200958652,0.00369468589,0.00153662704,-2.96350384e-05,-0.039601542,-0.198047831,1727.82555
0.201022226,0.00311318307,0.00131984307,-2.12108778e-05,-0.0400069608,-0.219450921,1728.1952
0.201024426,0.0984584434,-0.00353866181,-0.004270552,0.0322742347,1.83563164,1723.87819
0.201078793,0.139866187,-0.000824227019,-0.000722546737,0.0925779447,1.86383097,1702.93301
0.201081534,0.0025706882,0.00110940051,-1.45956127e-05,-0.0403849898,-0.240083102,1728.54209
0.201136865,0.00206458457,0.000905805153,-9.52153264e-06,-0.0407374797,-0.259918135,1728.86716
0.201188484,0.00159243101,0.000709431784,-5.76281818e-06,-0.0410661571,-0.278885443,1729.17143
0.201210029,0.138779867,-0.000964081673,-0.000847806678,0.0903119232,1.94145344,1703.80142
0.20123664,0.00115195011,0.000520541498,-3.11053353e-06,-0.0413726323,-0.296964987,1729.45594
0.201270833,0.0515415566,0.00191562712,-0.00266936919,-0.00765101887,0.39099262,1722.0382
0.201281566,0.000741017226,0.000339297225,-1.47318437e-06,-0.0416584071,-0.314092086,1729.72175
0.201323478,0.000357650242,0.000165777748,-3.5883636e-07,-0.0419248822,-0.331961627,1729.96991
0.201350702,0.137615437,-0.00111845354,-0.000985609808,0.0879239293,2.0177258,1704.73222
0.201362578,0,0,0,-0.0421733784,-0.341151905,1730.20147
0.20150149,0.136367278,-0.00128728259,-0.00113581384,0.085411115,2.09181984,1705.72853
0.201508016,0.0943947116,-0.00336276121,-0.0042235776,0.0276322345,1.70676138,1724.84188
0.20166312,0.13502937,-0.00147011259,-0.0012979722,0.0827710495,2.16282603,1706.79297
0.201707615,0.0477504251,0.00251705842,-0.00239676468,-0.0104697308,0.322400883,1721.34326
0.201836372,0.133595261,-0.00166600601,-0.00147128225,0.0800017679,2.22969332,1707.92735
0.202022082,0.132058033,-0.00187345243,-0.00165451784,0.0771018197,2.29125205,1709.13231
0.202026378,0.0900387783,-0.00307819499,-0.00412183283,0.0229185253,1.55863046,1725.55497
0.202115098,0.0442136074,0.00305107746,-0.00214337738,-0.0130474633,0.267637668,1720.70144
0.202221145,0.13041027,-0.00209028753,-0.00184598192,0.0740703142,2.34621304,1710.40685
0.202434522,0.128644026,-0.00231361519,-0.00204346219,0.0709069654,2.39317311,1711.74782
0.202495246,0.040914044,0.00351394322,-0.00190918199,-0.0154138724,0.224175453,1720.14835
0.202582013,0.0853696328,-0.00267358149,-0.00396527427,0.0181411847,1.39369922,1725.99324
0.202663242,0.12675078,-0.0025397203,-0.00224420001,0.0676121363,2.43061907,1713.14933
0.202849894,0.0378358195,0.00390438131,-0.00169383985,-0.0175932843,0.189516502,1719.71103
0.202908407,0.124721401,-0.00276401262,-0.00244487584,0.0641868844,2.45695381,1714.60211
0.203171201,0.1225461,-0.00298098646,-0.00264162745,0.0606330087,2.47053585,1716.09295
0.203177601,0.0803647536,-0.00213879505,-0.00375409834,0.0133070521,1.21556957,1726.14136
0.203180751,0.0349640862,0.00422306422,-0.00149679293,-0.0196058289,0.161431518,1719.40705
0.203452892,0.120214384,-0.00318421343,-0.0028300903,0.0569530986,2.46968747,1717.60419
0.203489414,0.0322849924,0.00447217399,-0.0013173621,-0.0214683447,0.137874659,1719.24435
0.203754837,0.117715008,-0.00336636845,-0.00300546108,0.0531505826,2.45276455,1719.11349
0.203777371,0.0297856156,0.00465510832,-0.00115476124,-0.0231950648,0.116983373,1719.22208
0.203816014,0.075,-0.00146618661,-0.00349123576,0.00842040055,1.02799468,1725.99176
0.204046012,0.0274539002,0.00477621049,-0.00100807529,-0.0247981475,0.0972175201,1719.33217
0.204078493,0.115035914,-0.0035192716,-0.00316261886,0.0492297758,2.41825895,1720.59386
0.204296632,0.0252785992,0.00484031174,-0.000876310352,-0.0262880991,0.0775724709,1719.5613
0.204425422,0.112164181,-0.00363394654,-0.0032963115,0.0451959236,2.36489744,1722.01418
0.204454427,0.0696352464,-0.000709601558,-0.00320298523,0.00380434445,0.848621629,1725.57641
0.20453044,0.0232492201,0.00485249216,-0.000758503901,-0.0276741004,0.0575119638,1719.89295
0.204748564,0.0213559743,0.00481824587,-0.000653677678,-0.028964258,0.0366193913,1720.30915
0.204797297,0.109085956,-0.00370074985,-0.0034013243,0.0410552396,2.29164222,1723.34025
0.204818182,0.15,0,0,0.10657555,1.49666208,1697.41985
0.204861364,0.14964235,-3.79751037e-05,-1.66162541e-06,0.105786498,1.51704034,1697.74048
0.204907651,0.149258983,-7.97053829e-05,-5.02860204e-06,0.104943327,1.56082087,1698.08445
0.204952056,0.0195897299,0.00474308425,-0.000560818041,-0.0301657999,0.0143123211,1720.79196
0.204957267,0.14884805,-0.000125628977,-1.13906701e-05,0.104042761,1.60777357,1698.45352
0.20501045,0.148407569,-0.000176164212,-2.08744937e-05,0.103081243,1.65735638,1698.84946
0.205050015,0.0646303672,5.29638621e-05,-0.00291809939,-0.000287884599,0.692543824,1724.98547
0.205067457,0.147935415,-0.000231761467,-3.40475993e-05,0.102055059,1.7091524,1699.27417
0.205128563,0.147429312,-0.000292903266,-5.14217044e-05,0.100960347,1.76312232,1699.72964
0.205141897,0.0179419674,0.00463220131,-0.000478886689,-0.0312852273,-0.00959796427,1721.32442
0.205194063,0.146886817,-0.000360100371,-7.35647918e-05,0.0997931062,1.81909974,1700.21798
0.205195911,0.105786393,-0.00370984439,-0.00347264499,0.0368148847,2.19755305,1724.53644
0.205264273,0.146305314,-0.000433887324,-0.00010106102,0.0985492073,1.87694524,1700.74142
0.205319004,0.0164047389,0.00449062719,-0.000406880814,-0.0323284327,-0.0348493548,1721.89123
0.205339531,0.145681998,-0.000514816681,-0.000134525602,0.0972244116,1.93652387,1701.3023
0.205420201,0.145013864,-0.000603449417,-0.000174593219,0.0958143909,1.99766214,1701.90304
0.20548423,0.0149706296,0.00432319671,-0.000343866022,-0.0333007907,-0.0612009796,1722.47907
0.205506671,0.144297686,-0.000700342468,-0.000221908245,0.0943147538,2.06012316,1702.54617
0.205599359,0.143530013,-0.000806032836,-0.000277105433,0.092721077,2.12361265,1703.23426
0.205605649,0.0599612217,0.000795991751,-0.00264354662,-0.00394340897,0.559217641,1724.28526
0.205623187,0.102249575,-0.00365107768,-0.0035064504,0.0324829125,2.08310482,1725.56785
0.205638372,0.0136327222,0.00413442191,-0.000288990327,-0.0342072302,-0.0884171791,1723.07666
0.205698712,0.14270714,-0.000921016067,-0.000340797022,0.0910289417,2.18779449,1703.96992
0.205782175,0.0123845633,0.00392843782,-0.000241443469,-0.0350522912,-0.116371175,1723.67472
0.205805208,0.141825099,-0.00104572001,-0.00041355462,0.0892339762,2.25225351,1704.75575
0.205916331,0.0112201325,0.00370900461,-0.000200420717,-0.0358401701,-0.144912594,1724.26582
0.205919362,0.140879634,-0.0011804721,-0.000495874401,0.0873319037,2.31648524,1705.59424
0.206041488,0.0101338132,0.00347950181,-0.000165187546,-0.0365747562,-0.173791371,1724.84416
0.206041724,0.139866187,-0.00132545976,-0.000588147274,0.0853185957,2.3799165,1706.48772
0.206081187,0.0984584434,-0.00351324045,-0.0034987121,0.0280681504,1.94882526,1726.4028
0.206124012,0.0556052884,0.00150065586,-0.00238389512,-0.00723155279,0.447150072,1723.53003
0.206158249,0.00912036556,0.00324293869,-0.000135072492,-0.0372596616,-0.202759877,1725.40536
0.206172885,0.138779867,-0.00148068601,-0.000690627748,0.0831901304,2.44188117,1707.43822
0.206267177,0.00817490128,0.0030019708,-0.000109468696,-0.0378982462,-0.231613673,1725.94621
0.206313477,0.137615437,-0.00164591898,-0.00080339239,0.080942855,2.50161571,1708.44731
0.206368799,0.00729285993,0.00275892129,-8.78254766e-05,-0.0384936388,-0.26017275,1726.46451
0.206463603,0.00646998704,0.00251580006,-6.96456202e-05,-0.0390487553,-0.288285045,1726.95885
0.206464178,0.136367278,-0.00182063515,-0.00092629722,0.078573452,2.55825334,1709.51592
0.206552048,0.0057023135,0.00227432686,-5.44828961e-05,-0.0395663147,-0.315816076,1727.42848
0.206572119,0.0943947116,-0.00328509874,-0.00344633713,0.0235799431,1.79525952,1727.01513
0.206607601,0.0515415566,0.00215318956,-0.00214095559,-0.0102075916,0.354324026,1722.76651
0.206625715,0.13502937,-0.00200395555,-0.00105893193,0.0760790082,2.61081931,1710.64405
0.20663456,0.00498613648,0.00203595607,-4.19396176e-05,-0.040048853,-0.34265702,1727.87314
0.206711537,0.00431800152,0.00180190128,-3.1661835e-05,-0.0404987362,-0.368719466,1728.29299
0.20678335,0.00369468589,0.00157315968,-2.3336847e-05,-0.0409181717,-0.393931843,1728.68847
0.206798867,0.133595261,-0.00219457908,-0.00120057329,0.0734570848,2.65822862,1711.83053
0.206850346,0.00311318307,0.00135053539,-1.66886042e-05,-0.041309219,-0.418245227,1729.06025
0.206912848,0.0025706882,0.00113466161,-1.14744195e-05,-0.0416737994,-0.441621956,1729.40916
0.206971157,0.00206458457,0.000926021357,-7.47941655e-06,-0.0420137052,-0.464041786,1729.73613
0.20698447,0.132058033,-0.00239071647,-0.0013501396,0.0707057885,2.69928756,1713.07262
0.207025554,0.00159243101,0.000724966634,-4.52434744e-06,-0.0423306083,-0.485440019,1730.04219
0.207058751,0.0477504251,0.00274398305,-0.00191545512,-0.0129158128,0.278283503,1722.0367
0.207076303,0.00115195011,0.000531735996,-2.44370635e-06,-0.0426260678,-0.505803667,1730.32837
0.207098352,0.0900387783,-0.00295629214,-0.00334849467,0.0190277369,1.62474837,1727.38606
0.207123647,0.000741017226,0.000346470364,-1.17278607e-06,-0.0429015377,-0.525119239,1730.59574
0.207167815,0.000357650242,0.000169227242,-2.48477252e-07,-0.0431583737,-0.544822325,1730.84536
0.207183419,0.13041027,-0.00259002425,-0.00150614981,0.067823842,2.73269773,1714.36566
0.207209021,0,0,0,-0.0433978573,-0.554748607,1731.07828
0.207396673,0.128644026,-0.00278954594,-0.00166668794,0.0648106536,2.75706389,1715.70263
0.207479638,0.0442136074,0.00326684872,-0.00170738741,-0.0153918999,0.216400042,1721.37798
0.207625261,0.12675078,-0.00298566169,-0.00182937898,0.0616663847,2.77091553,1717.07371
0.207662423,0.0853696328,-0.00251668949,-0.00320520974,0.0144204304,1.44011602,1727.50494
0.207870285,0.124721401,-0.00317404837,-0.00199138614,0.0583920153,2.77273678,1718.46594
0.20787229,0.040914044,0.00371839492,-0.00151634696,-0.0176647712,0.165998965,1720.82135
0.208132928,0.1225461,-0.00334966439,-0.00214942324,0.0549894059,2.76099134,1719.86289
0.208238603,0.0378358195,0.00409752244,-0.00134170115,-0.0197580456,0.124487334,1720.38991
0.208267053,0.0803647536,-0.00195696904,-0.00301730276,0.00976545235,1.24460688,1727.36805
0.208414456,0.120214384,-0.00350676711,-0.00229979744,0.0514613551,2.73417108,1721.24453
0.208580344,0.0349640862,0.0044050163,-0.00118271747,-0.0216912094,0.0894942266,1720.0978
0.208716227,0.117715008,-0.00363891671,-0.00243847906,0.0478116515,2.69088093,1722.58738
0.208899159,0.0322849924,0.0046431219,-0.00103856921,-0.0234804985,0.0590094057,1719.95015
0.208915159,0.075,-0.00126983604,-0.00278792606,0.0050673699,1.04177375,1726.97622
0.209039698,0.115035914,-0.00373892615,-0.00256120716,0.0440451146,2.62992645,1723.86488
0.209196589,0.0297856156,0.00481518505,-0.000908534883,-0.0251395859,0.0313970536,1719.94397
0.209386427,0.112164181,-0.0037990613,-0.00266355561,0.0401676216,2.55022506,1725.0483
0.209474066,0.0274539002,0.00492549285,-0.000791573946,-0.0266801239,0.00477615619,1720.06971
0.209563265,0.0696352464,-0.000509079787,-0.00254061444,0.000636127604,0.849878508,1726.37749
0.20973293,0.0252785992,0.00497902559,-0.000686864356,-0.0281121627,-0.0218682841,1720.31311
0.209758087,0.109085956,-0.00381146151,-0.0027412396,0.0361861095,2.45080394,1726.10793
0.209781818,0.15,0,0,0.0977396996,2.12437523,1699.9015
0.209824341,0.14964235,-6.29467829e-05,-1.31646848e-06,0.0970031696,2.14189763,1700.25802
0.20986992,0.149258983,-0.000130370634,-3.94561273e-06,0.0962160353,2.17928664,1700.64026
0.209918778,0.14884805,-0.000202609631,-8.96526373e-06,0.0953751891,2.21907976,1701.05004
0.209971148,0.148407569,-0.000279974709,-1.64403823e-05,0.094477263,2.26099794,1701.48921
0.209974429,0.0232492201,0.00498124155,-0.000593549586,-0.0294444728,-0.0480272407,1720.6572
0.210027284,0.147935415,-0.000362785649,-2.68373026e-05,0.0935187325,2.30463576,1701.95967
0.210087457,0.147429312,-0.000451368868,-4.05581306e-05,0.0924959197,2.34991222,1702.46345
0.210151956,0.146886817,-0.000546053077,-5.80560122e-05,0.0914049997,2.39668126,1703.00261
0.210156472,0.105786393,-0.00376781883,-0.00279040537,0.0321085359,2.33182083,1727.01483
0.210167896,0.0646303672,0.000249991493,-0.00229962637,-0.00328726493,0.683991914,1725.66238
0.210199728,0.0213559743,0.00493753407,-0.000510713686,-0.0306847926,-0.0748991061,1721.08392
0.210221093,0.146305314,-0.000647163908,-7.98027098e-05,0.0902420093,2.44482407,1703.57927
0.210295201,0.145681998,-0.000755014795,-0.000106295742,0.0890028592,2.49414842,1704.1956
0.210374638,0.145013864,-0.000869896663,-0.000138049828,0.0876833508,2.54446528,1704.85377
0.210409913,0.0195897299,0.00485306593,-0.000437562648,-0.0318400208,-0.103594988,1721.57539
0.210459787,0.144297686,-0.000992066053,-0.000175591435,0.0862791972,2.59549693,1705.5559
0.210551058,0.143530013,-0.00112172951,-0.000219432857,0.0847860493,2.64691487,1706.30409
0.210583502,0.102249575,-0.00365875192,-0.00280749075,0.0279437875,2.19400396,1727.74272
0.210606,0.0179419674,0.00473311442,-0.000373072048,-0.0329163651,-0.133436444,1722.11489
0.210648893,0.14270714,-0.00125902508,-0.00027007243,0.0831995279,2.6983666,1707.10027
0.210731967,0.0599612217,0.000984873923,-0.00207037928,-0.00678852485,0.542526425,1724.88254
0.210753762,0.141825099,-0.00140399883,-0.000327975058,0.0815152617,2.74938512,1707.94618
0.210788932,0.0164047389,0.00458286677,-0.000316508404,-0.0339194544,-0.164122993,1722.68739
0.210866171,0.140879634,-0.00155657781,-0.00039354043,0.0797289315,2.79943932,1708.84327
0.210959593,0.0149706296,0.00440719715,-0.000267171906,-0.0348544276,-0.195691585,1723.27981
0.210986664,0.139866187,-0.00171653853,-0.000467082884,0.0778363216,2.84791552,1709.79258
0.211041239,0.0984584434,-0.00347483257,-0.00278941532,0.0237014997,2.03772938,1728.27005
0.21111582,0.138779867,-0.00188347041,-0.00054880034,0.0758333779,2.89411221,1710.79457
0.211118806,0.0136327222,0.00421062495,-0.00022430216,-0.0357260021,-0.22807714,1723.88113
0.211254264,0.137615437,-0.00205673508,-0.000638741163,0.0737162718,2.93723423,1711.84902
0.211258199,0.0556052884,0.00167880816,-0.00185628767,-0.00993566137,0.423294614,1724.08098
0.211267338,0.0123845633,0.00399728424,-0.000187204903,-0.0365385276,-0.261027944,1724.48225
0.211402662,0.136367278,-0.0022354217,-0.000736767557,0.0714814717,2.97638861,1712.95475
0.211405907,0.0112201325,0.00377092989,-0.000155239126,-0.0372960287,-0.294277474,1725.07592
0.211531888,0.0943947116,-0.00320692512,-0.0027342768,0.0193917594,1.86428588,1728.58168
0.211535181,0.0101338132,0.00353494234,-0.000127823757,-0.038002239,-0.327596007,1725.65646
0.21156173,0.13502937,-0.0024182995,-0.000842516842,0.0691258188,3.01058257,1714.1094
0.211655782,0.00912036556,0.00329233085,-0.000104425167,-0.0386606293,-0.360769975,1726.21957
0.211732237,0.133595261,-0.00260376855,-0.00095536214,0.0666466084,3.03872442,1715.30923
0.211749131,0.0515415566,0.0023194005,-0.0016582785,-0.0127827326,0.323849355,1723.2961
0.211768294,0.00817490128,0.00304574567,-8.45585653e-05,-0.0392744303,-0.393605672,1726.76212
0.211873258,0.00729285993,0.00279749707,-6.77858627e-05,-0.0398466528,-0.425931602,1727.28196
0.211915004,0.132058033,-0.00278981147,-0.00107437418,0.064041674,3.05962732,1716.54873
0.211971181,0.00646998704,0.00254957822,-5.37135829e-05,-0.0403801041,-0.457599581,1727.77771
0.212057817,0.0900387783,-0.00284554008,-0.00264129196,0.0150246479,1.67599421,1728.66982
0.212062535,0.0057023135,0.00230368989,-4.19901406e-05,-0.0408774031,-0.488485438,1728.24863
0.212110912,0.13041027,-0.0029739482,-0.00119828632,0.061309474,3.07201872,1717.82038
0.212147762,0.00498613648,0.00206126567,-3.23021403e-05,-0.0413409936,-0.51848988,1728.69451
0.212207131,0.0477504251,0.00289791317,-0.0014764506,-0.015372902,0.241437357,1722.56351
0.212227271,0.00431800152,0.00182349754,-2.43713002e-05,-0.0417731557,-0.547532244,1729.11548
0.212301446,0.00369468589,0.00159136083,-1.79526683e-05,-0.0421760175,-0.575549028,1729.51201
0.212320907,0.128644026,-0.00315319734,-0.00132546694,0.058449179,3.07455721,1719.11435
0.212370646,0.00311318307,0.00136563787,-1.28310383e-05,-0.0425515644,-0.602497225,1729.88477
0.212435203,0.0025706882,0.00114694046,-8.81760811e-06,-0.0429016487,-0.628349757,1730.23459
0.21249543,0.00206458457,0.000935730718,-5.74462642e-06,-0.0432279986,-0.65309386,1730.56241
0.212546002,0.12675078,-0.00332404779,-0.0014539026,0.0554607574,3.06585444,1720.4182
0.212551617,0.00159243101,0.000732340435,-3.47423194e-06,-0.0435322256,-0.676670788,1730.86926
0.212604035,0.00115195011,0.00053698897,-1.87972506e-06,-0.0438158327,-0.699073678,1731.15618
0.212621563,0.0853696328,-0.0023813979,-0.00251106708,0.010609558,1.47577841,1728.53371
0.212634407,0.0442136074,0.00340866839,-0.00131031802,-0.0177407894,0.173243269,1721.91544
0.212652937,0.000741017226,0.000349799077,-9.19875606e-07,-0.0440802213,-0.72034109,1731.42423
0.212698558,0.000357650242,0.000170811229,-1.54978789e-07,-0.0443266978,-0.741686696,1731.67449
0.212741119,0,0,0,-0.0445564999,-0.752275149,1731.90799
0.212787282,0.124721401,-0.00348244471,-0.00158119546,0.0523450585,3.04449467,1721.71675
0.213033021,0.040914044,0.0038485621,-0.00115913361,-0.0199143457,0.116490291,1721.37864
0.213045912,0.1225461,-0.00362378741,-0.00170453767,0.0491038892,3.00906039,1722.99198
0.213225846,0.0803647536,-0.00180601205,-0.00234481929,0.00615424116,1.26681833,1728.17777
0.213323138,0.120214384,-0.00374294801,-0.00182083902,0.0457400837,2.95834105,1724.22318
0.213404896,0.0378358195,0.00421663787,-0.0010220176,-0.0219163407,0.0685540992,1720.97262
0.213620298,0.117715008,-0.00383410272,-0.0019268062,0.0422575611,2.8912576,1725.38726
0.213751825,0.0349640862,0.00451372394,-0.000898065794,-0.023765489,0.0270606788,1720.70849
0.213873579,0.075,-0.0011124946,-0.00214607596,0.00166337221,1.05237436,1727.6078
0.213938825,0.115035914,-0.00389110741,-0.00201874068,0.0386613662,2.80640792,1726.45945
0.214075481,0.0322849924,0.00474210848,-0.000786320672,-0.0254773279,-0.0100319906,1720.58895
0.214280255,0.112164181,-0.00390776891,-0.00209298427,0.034957686,2.70276341,1727.4143
0.214377427,0.0297856156,0.00490521235,-0.000685992543,-0.0270649092,-0.0441296172,1720.60928
0.214521312,0.0696352464,-0.000354185384,-0.00193595989,-0.00256739328,0.851048289,1726.88207
0.214646237,0.109085956,-0.00387725906,-0.00214618623,0.0311538363,2.58081911,1728.22699
0.214659117,0.0274539002,0.00500725716,-0.000596095136,-0.0285393316,-0.0764634162,1720.75879
0.214745454,0.15,0,0,0.0889043844,2.69192304,1702.38301
0.214786716,0.14964235,-8.16208559e-05,-1.02966244e-06,0.0882140215,2.70666546,1702.76471
0.214830945,0.149258983,-0.000168281955,-3.05160872e-06,0.0874761758,2.73792309,1703.1737
0.214878353,0.14884805,-0.000260246515,-6.95334378e-06,0.0866879069,2.7709627,1703.61182
0.214921911,0.0252785992,0.00505293269,-0.000516507328,-0.0299101521,-0.10830838,1721.02272
0.214929171,0.148407569,-0.000357746577,-1.2759377e-05,0.0858460337,2.80565759,1704.0809
0.214983643,0.147935415,-0.00046100455,-2.08443748e-05,0.0849472226,2.84158999,1704.58283
0.215038534,0.105786393,-0.00379180186,-0.00217505261,0.0272582024,2.44111875,1728.87489
0.215042031,0.147429312,-0.000570228866,-3.1516276e-05,0.0839879896,2.87866915,1705.11955
0.215104618,0.146886817,-0.0006856081,-4.51316496e-05,0.0829647041,2.91673081,1705.69301
0.215125594,0.0646303672,0.00039639,-0.00173479824,-0.00630961151,0.67777105,1726.08936
0.215167077,0.0232492201,0.00504762986,-0.000446058533,-0.0311857036,-0.141281201,1721.38396
0.215171705,0.146305314,-0.000807304111,-6.20619952e-05,0.0818735961,2.95564714,1706.30518
0.215243616,0.145681998,-0.000935442708,-8.26958064e-05,0.0807107661,2.99520563,1706.95797
0.215320698,0.145013864,-0.00107010291,-0.000107438922,0.0794721983,3.03518518,1707.65322
0.215395796,0.0213559743,0.00499679087,-0.000383234272,-0.0323733367,-0.175726948,1721.82462
0.215403322,0.144297686,-0.00121130427,-0.000136706616,0.0781537794,3.07527277,1708.39265
0.215459039,0.102249575,-0.00364345393,-0.00217663241,0.0232801153,2.28347104,1729.33935
0.215491888,0.143530013,-0.00135899073,-0.000170896262,0.0767513202,3.11509189,1709.17779
0.215586822,0.14270714,-0.00151301369,-0.00021038968,0.0752605849,3.15426487,1710.0099
0.215609173,0.0195897299,0.00490565891,-0.000327735266,-0.0334796043,-0.210568601,1722.32717
0.215688582,0.141825099,-0.00167311306,-0.000255544422,0.0736773243,3.192313,1710.88989
0.21568934,0.0599612217,0.00111935338,-0.00154669152,-0.00964674032,0.530058272,1725.26898
0.215797658,0.140879634,-0.0018388938,-0.000306665031,0.0719973175,3.22868711,1711.8182
0.215808236,0.0179419674,0.00477963366,-0.000278996199,-0.0345104048,-0.245807248,1722.87532
0.21590978,0.0984584434,-0.00342457368,-0.00214869282,0.0192296402,2.10879487,1729.60721
0.215914578,0.139866187,-0.0020097995,-0.000363985337,0.070216419,3.26275707,1712.79468
0.215993946,0.0164047389,0.00462387088,-0.000236433206,-0.0354710914,-0.281877706,1723.45445
0.216039906,0.138779867,-0.00218508328,-0.000427642846,0.0683306145,3.2938062,1713.81843
0.216167198,0.0149706296,0.0044431765,-0.000199380159,-0.0363665559,-0.31869636,1724.05188
0.216174244,0.137615437,-0.00236377614,-0.000497650593,0.0663360836,3.3210267,1714.88765
0.21621527,0.0556052884,0.00179974115,-0.00137404428,-0.0126448535,0.405139296,1724.45418
0.216318243,0.136367278,-0.00254465348,-0.000573866112,0.06422927,3.34351771,1715.99941
0.216328828,0.0136327222,0.00424201894,-0.000167236231,-0.037201294,-0.356028042,1724.65694
0.216392932,0.0943947116,-0.00312711977,-0.00208993033,0.0151172446,1.91910094,1729.67204
0.216472595,0.13502937,-0.00272620069,-0.000655958662,0.0620069598,3.36028558,1717.14946
0.216479616,0.0123845633,0.00402451483,-0.000139464045,-0.0379794555,-0.393640824,1725.26083
0.216620289,0.0112201325,0.00379440525,-0.000115569583,-0.0387048841,-0.431305357,1725.85651
0.216638046,0.133595261,-0.00290657908,-0.000743375842,0.0596663648,3.37024746,1718.33202
0.216705919,0.0515415566,0.00242635725,-0.00121699454,-0.0153563311,0.300219788,1723.6761
0.216751525,0.0101338132,0.0035550492,-9.51018688e-05,-0.0393811491,-0.468799906,1726.43852
0.216815394,0.132058033,-0.0030835937,-0.000835311421,0.0572052131,3.37223893,1719.53951
0.216873958,0.00912036556,0.00330943146,-7.76513521e-05,-0.0400115713,-0.505917116,1727.00268
0.216910824,0.0900387783,-0.0027426483,-0.00200002127,0.010953307,1.71666264,1729.53431
0.216988178,0.00817490128,0.00306017753,-6.28483e-05,-0.0405992449,-0.542470192,1727.54598
0.217005494,0.13041027,-0.00325466498,-0.000930676076,0.0546218427,3.36502559,1720.76237
0.217094735,0.00729285993,0.00280957319,-5.03604043e-05,-0.0411470546,-0.578296017,1728.06634
0.217163655,0.0477504251,0.00299122204,-0.00107506187,-0.0178228336,0.212318299,1722.96488
0.217194145,0.00646998704,0.00255958742,-3.98902806e-05,-0.0416576923,-0.613256016,1728.56246
0.217209263,0.128644026,-0.00341680583,-0.00102807392,0.0519152979,3.34732038,1721.98886
0.217286886,0.0057023135,0.00231189717,-3.11728351e-05,-0.04213367,-0.647235676,1729.03364
0.217373407,0.00498613648,0.00206791304,-2.39730155e-05,-0.0425773325,-0.680142858,1729.47968
0.217427685,0.12675078,-0.00356660604,-0.00112578189,0.0490854257,3.31781024,1723.20493
0.217454123,0.00431800152,0.00182880472,-1.80824192e-05,-0.0429908685,-0.711909705,1729.90076
0.217465956,0.0853696328,-0.00226276465,-0.00188014218,0.0067474132,1.5043256,1729.20055
0.217529424,0.00369468589,0.00159552607,-1.33170676e-05,-0.0433763208,-0.74248317,1730.29735
0.217590685,0.0442136074,0.00348910262,-0.000947312528,-0.020077669,0.138492739,1722.34815
0.217599675,0.00311318307,0.0013688391,-9.51615657e-06,-0.0437355955,-0.771827726,1730.67013
0.217661811,0.124721401,-0.00370022418,-0.00122176252,0.0461329696,3.27522437,1724.39421
0.217665213,0.0025706882,0.00114933653,-6.53860549e-06,-0.0440704712,-0.79992752,1731.01996
0.217726354,0.00206458457,0.000937462745,-4.25873783e-06,-0.0443826069,-0.826774039,1731.34777
0.217783394,0.00159243101,0.000733533246,-2.57599105e-06,-0.04467355,-0.852314397,1731.65459
0.217836608,0.00115195011,0.000537752335,-1.39898416e-06,-0.0449447432,-0.876546912,1731.94147
0.217886252,0.000741017226,0.000350228991,-7.06514439e-07,-0.0451975316,-0.899570083,1732.20948
0.217912773,0.1225461,-0.00381339652,-0.00131360361,0.0430596572,3.21835904,1725.5381
0.217932566,0.000357650242,0.000170991326,-7.62703923e-08,-0.0454331691,-0.922405673,1732.45969
0.217975773,0,0,0,-0.0456528458,-0.93359702,1732.69314
0.21798907,0.040914044,0.00391712558,-0.000832664351,-0.0221476712,0.0759121077,1721.84865
0.218061004,0.0803647536,-0.00167962818,-0.00173194251,0.00250739293,1.28515219,1728.68048
0.21818178,0.120214384,-0.00390156653,-0.00139899808,0.0398682783,3.1464129,1726.61606
0.218360731,0.0378358195,0.00427443366,-0.000730000017,-0.0240546229,0.0219602353,1721.48245
0.218470129,0.117715008,-0.00395987489,-0.00147474588,0.0365627503,3.05769405,1727.60616
0.218698839,0.075,-0.000986730163,-0.00155942872,-0.00176214009,1.06205777,1727.98288
0.21870746,0.0349640862,0.00456187774,-0.000638256242,-0.0258163653,-0.0256895151,1721.25798
0.218779212,0.115035914,-0.00398308657,-0.00153769001,0.0331481566,2.95122963,1728.48587
0.21903093,0.0322849924,0.00478172815,-0.00055646522,-0.027447673,-0.0690065088,1721.17586
0.21911052,0.112164181,-0.00396564034,-0.00158551784,0.0296307643,2.82795506,1729.2331
0.219332701,0.0297856156,0.00493739515,-0.000483707962,-0.0289609287,-0.109702004,1721.22995
0.219336674,0.0696352464,-0.000236590651,-0.00138172611,-0.00578066711,0.853787904,1727.17356
0.219465651,0.109085956,-0.00390113152,-0.00161517746,0.0260180036,2.68776445,1729.82754
0.219614229,0.0274539002,0.00503296649,-0.000419148504,-0.0303666435,-0.149176588,1721.40884
0.219709091,0.15,0,0,0.0800695755,3.20114947,1704.86437
0.219748523,0.14964235,-9.54272426e-05,-8.02593141e-07,0.0794216073,3.21326849,1705.2601
0.219790791,0.149258983,-0.0001962904,-2.35614923e-06,0.0787290461,3.23880173,1705.68394
0.219836098,0.14884805,-0.000302792854,-5.37559821e-06,0.0779891165,3.2655431,1706.13764
0.219846317,0.105786393,-0.00378297773,-0.00162386361,0.0223183892,2.53005033,1730.25216
0.219876872,0.0252785992,0.0050729951,-0.000361954258,-0.0316738567,-0.188102261,1721.6975
0.219884663,0.148407569,-0.000415103041,-9.85557366e-06,0.0771988213,3.29346475,1706.623
0.219931722,0.0646303672,0.000501140087,-0.00121573682,-0.00933253004,0.675050898,1726.33851
0.219936719,0.147935415,-0.000533366545,-1.60900805e-05,0.0763550177,3.32220853,1707.14185
0.219992519,0.147429312,-0.000657700849,-2.43175055e-05,0.0754544185,3.35168041,1707.696
0.220052332,0.146886817,-0.000788187489,-3.4813973e-05,0.0744935951,3.38165781,1708.28727
0.220116445,0.146305314,-0.00092486251,-4.78573784e-05,0.0734689839,3.41194239,1708.9174
0.220121897,0.0232492201,0.00506240122,-0.000311415531,-0.0328904426,-0.227064745,1722.07897
0.220185168,0.145681998,-0.00106770712,-6.3738774e-05,0.0723768942,3.44233605,1709.58806
0.220254354,0.102249575,-0.00360506514,-0.00160935887,0.0185413817,2.35554562,1730.49467
0.220258832,0.145013864,-0.00121663679,-8.27627742e-05,0.0712135208,3.47257702,1710.30075
0.220337793,0.144297686,-0.00137148743,-0.000105232502,0.0699749592,3.50233557,1711.05676
0.220350485,0.0213559743,0.00500663359,-0.000266958654,-0.0340233468,-0.266388774,1722.53575
0.220422432,0.143530013,-0.00153200103,-0.000131441304,0.0686572266,3.53123813,1711.85713
0.220486854,0.0599612217,0.00120888464,-0.00106434909,-0.012498273,0.522593208,1725.50632
0.220513157,0.14270714,-0.00169780843,-0.000161667475,0.0672562873,3.55885729,1712.70249
0.220563738,0.0195897299,0.0049113985,-0.000227973493,-0.0350787641,-0.306245735,1723.05084
0.220610406,0.141825099,-0.00186841074,-0.000196161122,0.0657680838,3.58469808,1713.59302
0.220691732,0.0984584434,-0.00336075977,-0.00157011525,0.014697154,2.16608042,1730.54874
0.220714647,0.140879634,-0.0020431597,-0.000235128163,0.0641885747,3.60819503,1714.52831
0.220762687,0.0179419674,0.00478202159,-0.000193893139,-0.0360622738,-0.346918862,1723.60849
0.220826384,0.139866187,-0.00222123637,-0.000278713099,0.0625137793,3.62870494,1715.50721
0.220946155,0.138779867,-0.00240162867,-0.00032697814,0.0607398298,3.64550266,1716.5277
0.22094829,0.0164047389,0.00462348166,-0.000164182001,-0.036978944,-0.388278431,1724.19464
0.221004746,0.0556052884,0.00187325383,-0.000929003768,-0.0153415422,0.393157413,1724.70218
0.221074538,0.137615437,-0.00258310821,-0.000379879872,0.0588630313,3.65777854,1717.58673
0.221121442,0.0149706296,0.00444050484,-0.000138353324,-0.0378334112,-0.430088501,1724.79712
0.221160559,0.0943947116,-0.00304281456,-0.00150546768,0.0107962388,1.96351676,1730.41468
0.221212152,0.136367278,-0.00276420697,-0.000437243753,0.0568799296,3.66463815,1718.68002
0.221282979,0.0136327222,0.00423751235,-0.000115984712,-0.0386299409,-0.472140605,1725.40565
0.221359662,0.13502937,-0.00294319472,-0.000498737264,0.054787387,3.66510485,1719.80189
0.22143368,0.0123845633,0.00401857187,-9.66850876e-05,-0.0393724754,-0.514215041,1726.01183
0.221487898,0.0515415566,0.00248410518,-0.000809074022,-0.0179126263,0.283670272,1723.95123
0.221517778,0.133595261,-0.0031180583,-0.000563842782,0.0525826658,3.65812575,1720.94505
0.221574272,0.0112201325,0.00378737835,-8.00984081e-05,-0.0400646699,-0.556087861,1726.6089
0.221663097,0.0900387783,-0.00264371194,-0.00141568576,0.00684901881,1.75006113,1730.09924
0.221687263,0.132058033,-0.00328648395,-0.000631831714,0.0502635178,3.6425819,1722.10047
0.221705433,0.0101338132,0.00354725029,-6.59024332e-05,-0.0407099223,-0.5975437,1727.19159
0.221827795,0.00912036556,0.00330113591,-5.38067891e-05,-0.0413113971,-0.638384554,1727.75595
0.221868936,0.13041027,-0.00344584392,-0.000701741311,0.04782828,3.61730402,1723.2572
0.22193864,0.0477504251,0.00303412092,-0.000703504034,-0.020251417,0.190977038,1723.27868
0.221941949,0.00817490128,0.00305162715,-4.3550728e-05,-0.0418720446,-0.678434185,1728.29909
0.222048446,0.00729285993,0.00280097885,-3.49009923e-05,-0.0423946179,-0.717540307,1728.81903
0.222063671,0.128644026,-0.0035931872,-0.000772359674,0.0452759732,3.58109707,1724.40227
0.222147798,0.00646998704,0.00255113149,-2.76496739e-05,-0.0428816873,-0.755575219,1729.31455
0.22220177,0.0853696328,-0.00215586587,-0.0013024975,0.00286501367,1.52853158,1729.61398
0.222240486,0.0057023135,0.00230373587,-2.16120949e-05,-0.0433356523,-0.792435273,1729.78502
0.222272409,0.12675078,-0.00372523401,-0.000842217126,0.0426064019,3.53275905,1725.5207
0.222326956,0.00498613648,0.00206017862,-1.66247409e-05,-0.0437587539,-0.828039545,1730.23028
0.222359145,0.0442136074,0.00351844396,-0.000610908614,-0.0223897536,0.112055688,1722.70787
0.222407626,0.00431800152,0.00182160783,-1.25432582e-05,-0.0441530843,-0.86232795,1730.65053
0.222482884,0.00369468589,0.00158895787,-9.24076918e-06,-0.0445205965,-0.895258674,1731.04628
0.222496156,0.124721401,-0.00383840074,-0.000909600893,0.039820253,3.47107446,1726.59558
0.222553094,0.00311318307,0.00136297318,-6.60592275e-06,-0.0448631133,-0.926808255,1731.41823
0.222618594,0.0025706882,0.00114423074,-4.54078971e-06,-0.0451823354,-0.956968666,1731.76724
0.2226797,0.00206458457,0.000933161076,-2.95868339e-06,-0.0454798496,-0.985737382,1732.09425
0.222735991,0.1225461,-0.00392886865,-0.000972483473,0.0369191874,3.39472772,1727.60828
0.222736708,0.00159243101,0.000730067391,-1.79087588e-06,-0.0457571354,-1.01307319,1732.4003
0.222751442,0.040914044,0.00393437684,-0.000529861441,-0.0243532046,0.0440592328,1722.2578
0.222779176,0.0803647536,-0.00157202104,-0.00116811313,-0.00114808351,1.30181166,1728.97206
0.222789891,0.00115195011,0.000535143254,-9.81620742e-07,-0.0460155725,-1.03895069,1732.68645
0.222839506,0.000741017226,0.00034848857,-5.26830564e-07,-0.0462564471,-1.06358308,1732.95376
0.222885793,0.000357650242,0.000170123557,-1.09264872e-08,-0.0464809578,-1.08780462,1733.2033
0.222928975,0,0,0,-0.0466902446,-1.09954226,1733.43612
0.222993072,0.120214384,-0.00399241261,-0.00102861992,0.0339059227,3.30283299,1728.53892
0.223117423,0.0378358195,0.00428110341,-0.000458998283,-0.0261624568,-0.0155943875,1721.94135
0.223268638,0.117715008,-0.00402463296,-0.00107524296,0.030784301,3.19562029,1729.36697
0.2233981,0.075,-0.000886022229,-0.00101709967,-0.00518586606,1.07246429,1728.18511
0.223458853,0.0349640862,0.00455941451,-0.000397088827,-0.0278344119,-0.0691657672,1721.7644
0.223564019,0.115035914,-0.00402093917,-0.00111072136,0.0275593315,3.0723294,1730.07214
0.223777381,0.0322849924,0.00477144078,-0.000343087184,-0.0293830333,-0.118601393,1721.72579
0.223880639,0.112164181,-0.0039760832,-0.00113286718,0.0242372071,2.93234758,1730.63552
0.224017024,0.0696352464,-0.000149215539,-0.000867006401,-0.00898356786,0.859237779,1727.32434
0.224074541,0.0297856156,0.00492033673,-0.000295896252,-0.0308199997,-0.165803514,1721.81828
0.224220025,0.109085956,-0.00388492559,-0.00113859204,0.0208252776,2.77568961,1731.0408
0.224351767,0.0274539002,0.00501003843,-0.000254832057,-0.0321552093,-0.211779834,1722.02994
0.224583815,0.105786393,-0.00374262391,-0.00112622805,0.0173319642,2.60256877,1731.27571
0.22459443,0.0646303672,0.000571720582,-0.000731741893,-0.0123384761,0.676569931,1726.47194
0.224610396,0.0252785992,0.00504550933,-0.000218477545,-0.0333971653,-0.257045998,1722.34578
0.224672727,0.15,0,0,0.0712352457,3.65353338,1707.3456
0.224709792,0.14964235,-0.000105360462,-6.19571288e-07,0.0706275279,3.66314948,1707.74535
0.224749523,0.149258983,-0.000216403431,-1.80560496e-06,0.0699779776,3.68329411,1708.17333
0.22479211,0.14884805,-0.000333282294,-4.11857107e-06,0.0692839838,3.7041896,1708.63122
0.224837759,0.148407569,-0.000456112235,-7.5398978e-06,0.0685427318,3.72581897,1709.12074
0.224851676,0.0232492201,0.00503196282,-0.000186580521,-0.0345532714,-0.301679387,1722.74916
0.224886691,0.147935415,-0.000584974828,-1.2291519e-05,0.0677512696,3.74784278,1709.6436
0.224939141,0.147429312,-0.000719912163,-1.8545881e-05,0.0669065085,3.77013296,1710.20151
0.224973763,0.102249575,-0.00354373289,-0.00109416833,0.0137666116,2.41467765,1731.33326
0.224995362,0.146886817,-0.000860918198,-2.65019414e-05,0.0660052269,3.79248122,1710.7961
0.225055626,0.146305314,-0.0010079286,-3.63585293e-05,0.0650440746,3.81468074,1711.42891
0.225076771,0.0213559743,0.00497438815,-0.000159291846,-0.0356300569,-0.346103388,1723.22312
0.225120224,0.145681998,-0.00116080988,-4.83237394e-05,0.0640195814,3.83650059,1712.10135
0.225133103,0.0599612217,0.00126122866,-0.000613005131,-0.01532771,0.520551245,1725.64792
0.225189466,0.145013864,-0.00131934796,-6.26101631e-05,0.0629281674,3.8576535,1712.81461
0.225263687,0.144297686,-0.00148323482,-7.94233572e-05,0.0617661582,3.87779836,1713.56961
0.225286766,0.0195897299,0.00487796292,-0.000135639203,-0.0366333487,-0.391308091,1723.75131
0.225343245,0.143530013,-0.00165205444,-9.89590626e-05,0.0605298035,3.89655865,1714.36693
0.22539175,0.0984584434,-0.00328218502,-0.00104157446,0.0101392445,2.21348976,1731.21258
0.225428523,0.14270714,-0.00182526739,-0.00012139697,0.0592153007,3.91348246,1715.2067
0.225482675,0.0179419674,0.00474785453,-0.000115121391,-0.0375683995,-0.437320125,1724.31865
0.225519934,0.141825099,-0.00200219386,-0.000146885745,0.0578188243,3.92805193,1716.08847
0.225617917,0.140879634,-0.00218199657,-0.000175530965,0.0563365607,3.9396807,1717.01114
0.225635641,0.0556052884,0.0019073043,-0.000511265587,-0.0180120448,0.387518743,1724.87091
0.225665441,0.0164047389,0.00458904254,-9.73116875e-05,-0.0384399853,-0.483758889,1724.9117
0.225722946,0.139866187,-0.0023636633,-0.000207380272,0.0547647506,3.94771077,1717.9728
0.225835526,0.138779867,-0.00254598938,-0.000242406636,0.0530997376,3.95141014,1718.97054
0.225835948,0.0149706296,0.00440622941,-8.18969743e-05,-0.0392524805,-0.53037265,1725.51885
0.225839793,0.0943947116,-0.00295162414,-0.000968401737,0.00646020637,2.00083912,1730.91918
0.225956202,0.137615437,-0.00272756082,-0.000280489754,0.0513380248,3.94997207,1720.00039
0.225995017,0.0136327222,0.00420378674,-6.85971046e-05,-0.0400099144,-0.576959494,1726.13031
0.226085555,0.136367278,-0.00290673883,-0.000321396014,0.0494763397,3.94251642,1721.05705
0.226104468,0.0515415566,0.00250073065,-0.000425119091,-0.0204393972,0.274177374,1724.16089
0.226143415,0.0123845633,0.00398572955,-5.71559243e-05,-0.040716015,-0.62330603,1726.73807
0.226224209,0.13502937,-0.00308164632,-0.000364757611,0.0475117065,3.92809367,1722.1338
0.226281858,0.0112201325,0.00375570182,-4.73447524e-05,-0.0413742434,-0.669195998,1727.33569
0.226320051,0.0900387783,-0.0025453753,-0.000875524965,0.00273964237,1.7789788,1730.46438
0.226372833,0.133595261,-0.00325015766,-0.000410051536,0.0454415258,3.9056929,1723.22232
0.226411014,0.0101338132,0.00351697414,-3.89606059e-05,-0.0419878202,-0.714423745,1727.91819
0.226531507,0.00912036556,0.00327245084,-3.18235608e-05,-0.0425597477,-0.758801723,1728.4818
0.226532144,0.132058033,-0.00340989223,-0.000456580791,0.0432636617,3.87425591,1724.31258
0.226541845,0.0477504251,0.00303476431,-0.000352913751,-0.0226477271,0.177244318,1723.53858
0.226643916,0.00817490128,0.00302468432,-2.57743657e-05,-0.0430928275,-0.802164585,1729.02379
0.22670291,0.13041027,-0.00355821317,-0.0005034584,0.0409765346,3.83269481,1725.39272
0.226748786,0.00729285993,0.0027758943,-2.06722903e-05,-0.0435896758,-0.844371239,1729.54232
0.226834843,0.0853696328,-0.0020565437,-0.000765335852,-0.00101321168,1.5506604,1729.86322
0.22684662,0.00646998704,0.00252799032,-1.63931441e-05,-0.0440527365,-0.885305307,1730.03625
0.226885955,0.128644026,-0.00369223939,-0.000549606391,0.0385792183,3.77990852,1726.44905
0.226937891,0.0057023135,0.0022825962,-1.28274779e-05,-0.0444842925,-0.924874405,1730.50502
0.226949883,0.0442136074,0.00350486252,-0.000292789112,-0.0246672453,0.0936549854,1723.02323
0.22702304,0.00498613648,0.00204107522,-9.87896331e-06,-0.0448864765,-0.963008689,1730.94853
0.227082162,0.12675078,-0.00380887529,-0.000593714432,0.0360715379,3.71473506,1727.46612
0.227102477,0.00431800152,0.00180455534,-7.46294161e-06,-0.0452612805,-0.999658876,1731.36703
0.227176586,0.00369468589,0.00157395383,-5.50515581e-06,-0.0456105643,-1.03479396,1731.76105
0.227245722,0.00311318307,0.00135000072,-3.94062056e-06,-0.0459360641,-1.06839927,1732.1313
0.227292477,0.124721401,-0.00390482691,-0.000634243092,0.0334541681,3.63608868,1728.42688
0.227310222,0.0025706882,0.00113326105,-2.71240153e-06,-0.0462393999,-1.10047554,1732.47867
0.227330549,0.040914044,0.00390845758,-0.000242948984,-0.0265221381,0.0205769977,1722.63033
0.227370394,0.00206458457,0.000924155397,-1.76970057e-06,-0.0465220834,-1.13103069,1732.8041
0.227386651,0.0803647536,-0.00147838788,-0.00064070127,-0.00479097547,1.31855583,1729.13167
0.22742653,0.00159243101,0.000722978865,-1.07263768e-06,-0.046785524,-1.16002884,1733.10865
0.227478901,0.00115195011,0.000529918595,-6.02447792e-07,-0.0470310361,-1.1874141,1733.39336
0.227517914,0.1225461,-0.00397652223,-0.000669534389,0.030728724,3.54351472,1729.313
0.227527758,0.000741017226,0.000345069276,-3.65768286e-07,-0.0472598449,-1.21356394,1733.65932
0.227573338,0.000357650242,0.000168447102,5.06275126e-08,-0.0474730923,-1.23906543,1733.90758
0.22761586,0,0,0,-0.0476718657,-1.25127225,1734.1392
0.22768568,0.0378358195,0.00424473725,-0.000201744885,-0.0282319284,-0.0445185637,1722.36975
0.227759561,0.120214384,-0.00402002934,-0.000697633714,0.0278978457,3.43614384,1730.10545
0.227978136,0.075,-0.000805051276,-0.000506829661,-0.00858956028,1.08487103,1728.28384
0.228016987,0.0349640862,0.00451441903,-0.000167736462,-0.0298125286,-0.103826238,1722.245
0.228018585,0.117715008,-0.00403113056,-0.000717092129,0.0249652601,3.31314962,1730.78518
0.228296233,0.115035914,-0.00400592977,-0.000725985351,0.0219358303,3.17421944,1731.33407
0.228326071,0.0322849924,0.00471949272,-0.000139643988,-0.0312770555,-0.159248331,1722.25332
0.228569621,0.0696352464,-8.63531582e-05,-0.000380073844,-0.0121604188,0.868253185,1727.3944
0.228593845,0.112164181,-0.00394045233,-0.000721752907,0.0188155704,3.0189506,1731.73606
0.22861442,0.0297856156,0.00486295215,-0.000116340402,-0.0326364596,-0.212236355,1722.38661
0.228883427,0.0274539002,0.0049488053,-9.71056859e-05,-0.0339000083,-0.263233028,1722.63266
0.228912857,0.109085956,-0.00383048018,-0.000702963413,0.0156116099,2.8481471,1731.97838
0.229121429,0.0646303672,0.000614109833,-0.000271693783,-0.015313862,0.682845597,1726.54182
0.229134389,0.0252785992,0.00498176539,-8.11398845e-05,-0.0350756565,-0.313327682,1722.97662
0.229254807,0.105786393,-0.00367167169,-0.000668452759,0.0123321146,2.66299136,1732.05283
0.229368515,0.0232492201,0.00496673412,-6.79158898e-05,-0.036170329,-0.364229585,1723.40236
0.229586936,0.0213559743,0.004908693,-5.68910546e-05,-0.0371901335,-0.415534216,1723.89359
0.229621346,0.102249575,-0.00345907651,-0.000617335955,0.00898613029,2.46449138,1731.95675
0.22963622,0.0599612217,0.00128255347,-0.000182183315,-0.0181231216,0.524180536,1725.73927
0.229636364,0.15,0,0,0.0624013692,4.05705064,1709.8267
0.229670553,0.14964235,-0.000112257473,-4.65695719e-07,0.0618328325,4.06427086,1710.22213
0.2297072,0.149258983,-0.000230305305,-1.35166058e-06,0.0612251626,4.07930441,1710.64534
0.229746482,0.14884805,-0.000354251798,-3.07675239e-06,0.0605759139,4.09469995,1711.09795
0.229788589,0.148407569,-0.000484164995,-5.61767742e-06,0.0598824541,4.11040709,1711.58157
0.229790705,0.0195897299,0.00481265332,-4.75588937e-05,-0.038140522,-0.46656625,1724.43466
0.229833723,0.147935415,-0.000620071283,-9.13190954e-06,0.059142023,4.12612312,1712.0978
0.229882103,0.147429312,-0.000761948603,-1.37353869e-05,0.0583517331,4.14169371,1712.64819
0.229933962,0.146886817,-0.000909716912,-1.95602033e-05,0.057508573,4.15690594,1713.23421
0.229980806,0.0179419674,0.004683608,-3.9776027e-05,-0.0390264142,-0.517686134,1725.01124
0.229989549,0.146305314,-0.00106322829,-2.67365683e-05,0.0566094118,4.17153878,1713.85721
0.23001424,0.0984584434,-0.00318750534,-0.000549377278,0.00558333834,2.25409014,1731.69355
0.230049134,0.145681998,-0.00122225585,-3.53949765e-05,0.0556510068,4.18532769,1714.51836
0.230113003,0.145013864,-0.00138648187,-4.56615019e-05,0.054630014,4.19797138,1715.21856
0.230116479,0.0556052884,0.00190818813,-0.000111009564,-0.020645809,0.388257918,1725.00007
0.230158153,0.0164047389,0.00452642995,-3.32550648e-05,-0.0398522885,-0.56895605,1725.61054
0.230181464,0.144297686,-0.00155548521,-5.7652689e-05,0.0535430016,4.20911394,1715.95842
0.230254848,0.143530013,-0.00172872779,-7.14684912e-05,0.0523864681,4.21835204,1716.73814
0.230323605,0.0149706296,0.00434572932,-2.77642841e-05,-0.0406222519,-0.620176851,1726.22157
0.230333509,0.14270714,-0.00190554059,-8.71859069e-05,0.051156864,4.22522451,1717.55743
0.230417826,0.141825099,-0.00208510929,-0.000104849238,0.0498506201,4.22920928,1718.41535
0.230435385,0.0943947116,-0.00285140979,-0.000465167985,0.00213369412,2.03374179,1731.27275
0.230477957,0.0136327222,0.0041457898,-2.31271972e-05,-0.0413400921,-0.6711208,1726.83504
0.230508206,0.140879634,-0.00226645964,-0.000124459549,0.0484641794,4.22971985,1719.31028
0.230564521,0.0515415566,0.00248260449,-5.5963854e-05,-0.0229273011,0.271608718,1724.33967
0.230605084,0.139866187,-0.00244844319,-0.000145962486,0.0469940376,4.22610273,1720.23969
0.230621956,0.0123845633,0.00393054565,-1.92059235e-05,-0.0420093186,-0.721572841,1727.44338
0.230708928,0.138779867,-0.00262972387,-0.000169234675,0.0454367882,4.2176358,1721.20006
0.230756294,0.0112201325,0.00370356905,-1.58865991e-05,-0.042633193,-0.771321992,1728.0405
0.23082024,0.137615437,-0.00280876618,-0.000194068854,0.0437891762,4.20352866,1722.1867
0.230881621,0.0101338132,0.00346806761,-1.30760733e-05,-0.0432147543,-0.820170077,1728.6217
0.230886812,0.0900387783,-0.00244480556,-0.000366288873,-0.00135308413,1.80567963,1730.70896
0.230939555,0.136367278,-0.0029838256,-0.000220158194,0.042048159,4.18292576,1723.19362
0.230982508,0.0477504251,0.00299955174,-1.47686401e-05,-0.0250034544,0.170859783,1723.77461
0.230998541,0.00912036556,0.00322689105,-1.06976746e-05,-0.043756838,-0.867938697,1729.18343
0.231067449,0.13502937,-0.00315294189,-0.00024708085,0.0402109739,4.15491269,1724.21339
0.231107618,0.00817490128,0.00298254495,-8.68787543e-06,-0.0442620928,-0.914472905,1729.72315
0.23120454,0.133595261,-0.00331393623,-0.000274284639,0.0382752143,4.11852461,1725.23698
0.231209378,0.00729285993,0.00273720924,-6.99366627e-06,-0.0447329939,-0.959642677,1730.23915
0.231304312,0.00646998704,0.00249275999,-5.57050893e-06,-0.0451718551,-1.00334296,1730.73038
0.231351488,0.132058033,-0.00346441732,-0.000301076575,0.0362389115,4.07275858,1726.25373
0.231370699,0.0853696328,-0.00196138282,-0.000255862911,-0.00486821381,1.57255063,1730.01975
0.231372457,0.0442136074,0.00345474447,1.49399544e-05,-0.0269027267,0.0829344945,1723.32024
0.231392877,0.0057023135,0.00225079314,-4.380721e-06,-0.0455808391,-1.0454927,1731.19639
0.231475502,0.00498613648,0.00201264909,-3.39220505e-06,-0.0459619675,-1.08603316,1731.63711
0.231509002,0.13041027,-0.00360179802,-0.000326602664,0.0341006225,4.01656918,1727.25124
0.231552584,0.00431800152,0.00177943723,-2.57744534e-06,-0.0463171286,-1.12492591,1732.05285
0.231624495,0.00369468589,0.00155206004,-1.91276039e-06,-0.0466480868,-1.16215032,1732.44416
0.231677843,0.128644026,-0.00372330096,-0.000349844503,0.0318595224,3.94891166,1728.21546
0.231691582,0.00311318307,0.00133123605,-1.37770731e-06,-0.0469564889,-1.19770169,1732.8118
0.231736246,0.040914044,0.0038457046,3.5355779e-05,-0.0286478518,0.00503939837,1722.98866
0.231754169,0.0025706882,0.00111752155,-9.54462264e-07,-0.0472438724,-1.2315904,1733.15665
0.231812557,0.00206458457,0.000911330834,-6.25981056e-07,-0.0475116716,-1.26383424,1733.47968
0.231858823,0.12675078,-0.00382595383,-0.000369587129,0.029515498,3.86890922,1729.13077
0.231867029,0.00159243101,0.000712954828,-3.82505338e-07,-0.0477612243,-1.29440125,1733.78193
0.23188938,0.0803647536,-0.0013948339,-0.000137494975,-0.00840476911,1.3368034,1729.22323
0.231917846,0.00115195011,0.000522578127,-2.30836633e-07,-0.0479937782,-1.32325048,1734.06448
0.231965255,0.000741017226,0.000340294079,-1.98260584e-07,-0.048210496,-1.35076134,1734.32839
0.232009484,0.000357650242,0.00016611895,1.11110732e-07,-0.0484124614,-1.37742818,1734.57472
0.232050745,0,0,0,-0.0486007081,-1.39013394,1734.80453
0.232052818,0.124721401,-0.00390659128,-0.000384587119,0.027069241,3.77596366,1729.98027
0.232075633,0.0378358195,0.00417159571,4.84318304e-05,-0.030257137,-0.0652800035,1722.78694
0.232260761,0.1225461,-0.00396178226,-0.000393521921,0.0245223352,3.66932788,1730.74615
0.232392253,0.0349640862,0.00443303885,5.58642047e-05,-0.0317454696,-0.130155259,1722.71636
0.232445357,0.075,-0.000739535794,-1.7111511e-05,-0.011959088,1.10029329,1728.33534
0.232483656,0.120214384,-0.00398819475,-0.000394876641,0.021877337,3.54795642,1731.41035
0.232687633,0.0322849924,0.00463189079,5.90957552e-05,-0.0331250962,-0.191337348,1722.7728
0.232722579,0.117715008,-0.00398275785,-0.000387482787,0.0191378371,3.41064577,1731.9553
0.232963199,0.0297856156,0.00477109882,5.92617085e-05,-0.0344062229,-0.249945607,1722.94742
0.232978681,0.115035914,-0.00394201171,-0.00036916927,0.0163085037,3.25806723,1732.36493
0.233001333,0.0696352464,-4.3433547e-05,8.98156002e-05,-0.0152991433,0.881496536,1727.43327
0.23322028,0.0274539002,0.0048545223,5.72758744e-05,-0.0355974763,-0.307026783,1723.22789
0.233253198,0.112164181,-0.00386229543,-0.000338429206,0.0133950937,3.09111832,1732.62576
0.233460116,0.0252785992,0.00488639469,5.38345084e-05,-0.0367062558,-0.363527734,1723.59966
0.233520015,0.0646303672,0.000633078009,0.000174403727,-0.0182482173,0.694255946,1726.59202
0.233547455,0.109085956,-0.00373987642,-0.000294857591,0.0104044212,2.90971673,1732.72813
0.233683863,0.0232492201,0.00487120261,4.94995716e-05,-0.037739,-0.419830867,1724.04717
0.233862869,0.105786393,-0.00357075893,-0.000237421794,0.00734427602,2.71494065,1732.66725
0.2338926,0.0213559743,0.004813934,4.47440028e-05,-0.0387013894,-0.476072805,1724.55485
0.234003902,0.0599612217,0.00127776561,0.000237391456,-0.0208753522,0.533630573,1725.81939
0.234087336,0.0195897299,0.0047196758,3.98465997e-05,-0.0395984981,-0.532298899,1725.10784
0.234200964,0.102249575,-0.00335085697,-0.000165962482,0.00422327001,2.50801889,1732.444
0.234269008,0.0179419674,0.00459327727,3.50129218e-05,-0.0404349087,-0.588450698,1725.69255
0.234438494,0.0164047389,0.00443940977,3.03977598e-05,-0.0412147983,-0.644442858,1726.29692
0.234455329,0.0556052884,0.00188089765,0.000280348797,-0.0232348231,0.395342303,1725.12435
0.234563369,0.0984584434,-0.00307574743,-8.09130533e-05,0.00105059549,2.2905647,1732.06523
0.23459661,0.0149706296,0.00426252831,2.60950469e-05,-0.0419420023,-0.700138784,1726.91056
0.2346,0.15,0,0,0.0535679217,4.41783851,1712.30768
0.234630831,0.14964235,-0.000116566752,-3.26435658e-07,0.0530382299,4.42273133,1712.69206
0.234663879,0.149258983,-0.00023890871,-9.45425822e-07,0.0524720897,4.43282478,1713.10336
0.234699303,0.14884805,-0.000367091401,-2.14104463e-06,0.0518672223,4.44293048,1713.54308
0.234737274,0.148407569,-0.000501138668,-3.88895886e-06,0.0512211798,4.45295032,1714.01273
0.234744119,0.0136327222,0.00406679548,2.21710583e-05,-0.0426200634,-0.755315278,1727.52474
0.234777975,0.147935415,-0.000641026765,-6.28643718e-06,0.050531396,4.46262617,1714.51378
0.234821603,0.147429312,-0.000786677113,-9.39886811e-06,0.0497951875,4.47178106,1715.04765
0.234868369,0.146886817,-0.000937946621,-1.32969516e-05,0.0490097567,4.48019529,1715.61565
0.234876474,0.0515415566,0.00243476124,0.000306318799,-0.0253692843,0.27578965,1724.5183
0.234881734,0.0123845633,0.0038560417,1.86502364e-05,-0.0432522681,-0.809751325,1728.13231
0.234918496,0.146305314,-0.0010946178,-1.80457945e-05,0.0481721968,4.48763599,1716.21892
0.234951833,0.0943947116,-0.00274052083,1.63887934e-05,-0.00216432881,2.06453039,1731.54339
0.234972228,0.145681998,-0.00125638786,-2.37038958e-05,0.0472794989,4.49382121,1716.85843
0.235010117,0.0112201325,0.00363375115,1.55343831e-05,-0.0438416754,-0.863240703,1728.72758
0.235029824,0.145013864,-0.00142285706,-3.03174908e-05,0.0463285617,4.4984353,1717.53484
0.235091562,0.144297686,-0.0015935168,-3.79176266e-05,0.0453162052,4.50111516,1718.24849
0.235129888,0.0101338132,0.00340305708,1.28105024e-05,-0.0443911384,-0.915593509,1729.30611
0.235157738,0.143530013,-0.00176773718,-4.65135345e-05,0.044239187,4.50144738,1718.99928
0.235228673,0.14270714,-0.00194475421,-5.60858541e-05,0.0430942238,4.4989644,1719.78656
0.235241624,0.00912036556,0.00316674647,1.0455632e-05,-0.0449033227,-0.966640956,1729.86462
0.235269368,0.0477504251,0.00293352043,0.000318235468,-0.0273123575,0.171542074,1724.01388
0.235304708,0.141825099,-0.00212365736,-6.65786242e-05,0.0418780168,4.49314111,1720.60906
0.235345866,0.00817490128,0.00292727231,8.44080092e-06,-0.0453807205,-1.01623874,1730.40073
0.235368229,0.0900387783,-0.00233976489,0.000123617715,-0.00541235521,1.83208206,1730.89536
0.235386211,0.140879634,-0.00230337759,-7.78902244e-05,0.0405872834,4.48339199,1721.46471
0.235443114,0.00729285993,0.00268677102,6.73403615e-06,-0.0458256629,-1.06426813,1730.91288
0.235473574,0.139866187,-0.00248267641,-8.98633426e-05,0.0392187935,4.46906968,1722.35058
0.235533839,0.00646998704,0.00244708314,5.3024861e-06,-0.0462403307,-1.11063551,1731.40015
0.235567219,0.138779867,-0.00266013651,-0.000102274178,0.0377694128,4.44946486,1723.26268
0.235618478,0.0057023135,0.00220977609,4.11387955e-06,-0.0466267639,-1.15527117,1731.86215
0.235635907,0.0442136074,0.00337309324,0.000318995713,-0.0290906752,0.0795371531,1723.62277
0.235667598,0.137615437,-0.00283415457,-0.000114821483,0.0362361527,4.42380825,1724.19586
0.235697439,0.00498613648,0.00197616778,3.13750145e-06,-0.0469868701,-1.19812749,1732.29891
0.235771104,0.00431800152,0.0017473504,2.34480521e-06,-0.0473224323,-1.23917679,1732.71075
0.235775194,0.136367278,-0.00300293743,-0.00012711514,0.0346162269,4.39127392,1725.14365
0.235814566,0.0853696328,-0.00186765347,0.000236866479,-0.0086852828,1.59574288,1730.14043
0.235839827,0.00369468589,0.00152421364,1.70969821e-06,-0.047635117,-1.27840878,1733.09829
0.235890527,0.13502937,-0.00316450377,-0.000138667539,0.0329071147,4.35098539,1726.09816
0.23590394,0.00311318307,0.00130746704,1.20868774e-06,-0.0479264804,-1.31582868,1733.46228
0.235963752,0.0025706882,0.00109766109,8.20844865e-07,-0.0481979755,-1.35145581,1733.80364
0.235977857,0.040914044,0.00375105242,0.000311217698,-0.0307254648,-0.00295734461,1723.35377
0.236014152,0.133595261,-0.00331669291,-0.000148876143,0.0311066316,4.3020058,1727.04994
0.236019552,0.00206458457,0.000895206916,5.29521379e-07,-0.0484509583,-1.38531783,1734.12335
0.236071609,0.00159243101,0.000700394488,3.14054754e-07,-0.0486866937,-1.41739385,1734.42245
0.236120174,0.00115195011,0.00051340914,1.49808191e-07,-0.0489063613,-1.44767158,1734.70202
0.236146667,0.132058033,-0.00345716801,-0.000157021487,0.0292130056,4.24337311,1727.98798
0.236165481,0.000741017226,0.000334346731,-2.43047319e-08,-0.049111061,-1.4764106,1734.96311
0.236207748,0.000357650242,0.000163226986,1.64116773e-07,-0.0493018175,-1.50420526,1735.2068
0.236247181,0,0,0,-0.0494796095,-1.51748196,1735.43413
0.236288711,0.13041027,-0.00358341421,-0.000162247866,0.0272249584,4.17421801,1728.89963
0.236292997,0.0803647536,-0.0013182259,0.000351725098,-0.0119767504,1.3577331,1729.29807
0.236296869,0.0378358195,0.00406650764,0.000297191808,-0.0322337818,-0.0783049075,1723.21126
0.236440968,0.128644026,-0.00369276198,-0.000163619467,0.0251417915,4.09372136,1729.77073
0.236594481,0.0349640862,0.0043199438,0.000278888843,-0.0336294645,-0.148525249,1723.19459
0.236604173,0.12675078,-0.00378239492,-0.000160145811,0.0229634733,4.00105536,1730.58576
0.236779114,0.124721401,-0.00384938049,-0.000150721837,0.0206907246,3.89537882,1731.32818
0.236805829,0.075,-0.000686016788,0.000461486629,-0.0152836066,1.11956765,1728.38574
0.236872129,0.0322849924,0.004513045,0.000257868623,-0.034923874,-0.215160832,1723.2984
0.236966633,0.1225461,-0.00389088282,-0.000134190086,0.0183251016,3.77557039,1731.98087
0.237131152,0.0297856156,0.00464861648,0.000235436348,-0.0361264622,-0.279364161,1723.51326
0.237167636,0.120214384,-0.00390411518,-0.000109185828,0.015869067,3.64102005,1732.52681
0.237318661,0.0696352464,-1.67553634e-05,0.000551309049,-0.0183904728,0.899506004,1727.48245
0.2373728,0.0274539002,0.00473016631,0.000212551705,-0.0372452088,-0.34217514,1723.82683
0.237383092,0.117715008,-0.00388624987,-7.44404786e-05,0.0133260512,3.49246348,1732.94992
0.237598237,0.0252785992,0.00476169239,0.000189916609,-0.0382869521,-0.404279238,1724.22492
0.23761404,0.115035914,-0.00383413471,-2.90393634e-05,0.0107004894,3.33015698,1733.23605
0.237797092,0.0646303672,0.000632492342,0.000614474304,-0.0211335485,0.711097872,1726.66012
0.237808552,0.0232492201,0.00474768858,0.000168136662,-0.0392576419,-0.466007961,1724.6926
0.237861595,0.112164181,-0.00374452653,2.77548543e-05,0.00799782536,3.15366959,1733.37408
0.238004759,0.0213559743,0.0046928652,0.000147595581,-0.0401625285,-0.527546507,1725.21506
0.23812695,0.109085956,-0.00361437164,9.65553805e-05,0.00522448508,2.96361517,1733.35705
0.238187804,0.0195897299,0.00460198408,0.000128538048,-0.0410063054,-0.58893237,1725.77825
0.238243429,0.0599612217,0.00125084177,0.000652975823,-0.0235775045,0.54900347,1725.92241
0.23835857,0.0179419674,0.00447975099,0.000111093252,-0.0417932159,-0.650052658,1726.36936
0.238411385,0.105786393,-0.00344035818,0.00017758959,0.00238779531,2.76121041,1733.18305
0.238517881,0.0164047389,0.00433070114,9.5302189e-05,-0.0425271328,-0.710730979,1726.97705
0.238659825,0.0556052884,0.00182947371,0.00066944867,-0.0257730896,0.408718241,1725.27463
0.238666504,0.0149706296,0.00415913806,8.11499921e-05,-0.0432116174,-0.770820247,1727.59156
0.238716272,0.102249575,-0.00321892495,0.000270365299,-0.000504165784,2.54783852,1732.85579
0.238805159,0.0136327222,0.00396909443,6.85859359e-05,-0.043849964,-0.830137332,1728.2047
0.238934512,0.0123845633,0.00376429054,5.7527345e-05,-0.0444452336,-0.888466824,1728.80978
0.239043083,0.0984584434,-0.00294615357,0.000373732183,-0.00344280197,2.32517564,1732.38474
0.239048289,0.0515415566,0.00236126736,0.000667795096,-0.0277600979,0.286544338,1724.7246
0.239055187,0.0112201325,0.00354811329,4.78724927e-05,-0.0450002792,-0.945607088,1729.40148
0.239167768,0.0101338132,0.00332361191,3.95077946e-05,-0.0455177657,-1.00137778,1729.97569
0.239272797,0.00912036556,0.00309350292,3.23144108e-05,-0.0460001857,-1.05562092,1730.52933
0.23937078,0.00817490128,0.0028601814,2.61739422e-05,-0.0464498723,-1.10820334,1731.06024
0.239393392,0.0943947116,-0.00261764767,0.000485607838,-0.0064193401,2.0951339,1731.78438
0.239410694,0.0477504251,0.00284072867,0.000651631469,-0.0295698421,0.179021618,1724.28129
0.239462191,0.00729285993,0.00262573652,2.09715736e-05,-0.0468690105,-1.15901749,1731.56702
0.239547469,0.00646998704,0.00239197096,1.65984408e-05,-0.0472596458,-1.20798113,1732.04886
0.239563636,0.15,0,0,0.0447348799,4.74442794,1714.78855
0.239590654,0.14964235,-0.000118536067,-1.93417422e-07,0.0442441977,4.74702685,1715.15649
0.239619613,0.149258983,-0.000242721905,-5.55219649e-07,0.0437197719,4.75229018,1715.55014
0.239627027,0.0057023135,0.00216042246,1.29531258e-05,-0.0476236933,-1.25503582,1732.50545
0.239650655,0.14884805,-0.000372582408,-1.2433571e-06,0.0431594938,4.7572555,1715.97088
0.23968393,0.148407569,-0.000508099788,-2.23380382e-06,0.0425611023,4.76174258,1716.42011
0.239701248,0.00498613648,0.00193238629,9.94247423e-06,-0.047962945,-1.30014499,1732.93689
0.239719596,0.147935415,-0.000649204188,-3.56282208e-06,0.0419222282,4.76555356,1716.89918
0.239748789,0.0442136074,0.00326392825,0.000624412773,-0.0312270735,0.083122357,1723.95298
0.239757827,0.147429312,-0.000795766569,-5.24856251e-06,0.0412403957,4.76849766,1717.40936
0.239768891,0.0900387783,-0.0022284559,0.000602894324,-0.00942530772,1.85978515,1731.07297
0.23977049,0.00431800152,0.00170893806,7.48191868e-06,-0.0482790773,-1.34329162,1733.34356
0.239798808,0.146886817,-0.00094758906,-7.30390333e-06,0.0405130252,4.77034687,1717.95179
0.239835088,0.00369468589,0.00149095599,5.49538895e-06,-0.0485736572,-1.38447563,1733.7261
0.239842735,0.146305314,-0.00110439512,-9.7298854e-06,0.0397374382,4.77085239,1718.52747
0.23988982,0.145681998,-0.00126581932,-1.25146549e-05,0.0389108643,4.7697286,1719.13716
0.239895352,0.00311318307,0.00127914245,3.91506402e-06,-0.0488481491,-1.423712,1734.08531
0.239940292,0.145013864,-0.00143139669,-1.56287713e-05,0.0380304507,4.76664973,1719.78132
0.239951573,0.0025706882,0.00107404434,2.68078112e-06,-0.0491039206,-1.46102909,1734.42209
0.239994392,0.144297686,-0.00160055161,-1.90205682e-05,0.0370932753,4.761246,1720.46007
0.240004023,0.00206458457,0.000876072107,1.74170624e-06,-0.0493422486,-1.49646368,1734.73745
0.240052383,0.143530013,-0.00177258673,-2.26106343e-05,0.0360963619,4.75310023,1721.17306
0.240052955,0.00159243101,0.000685517265,1.04612811e-06,-0.0495643244,-1.5299996,1735.03244
0.240064204,0.040914044,0.00362845304,0.000589199515,-0.0327514764,-0.00380907355,1723.74537
0.240098604,0.00115195011,0.000502568652,5.4499614e-07,-0.0497712592,-1.5616481,1735.30812
0.240114543,0.14270714,-0.00194667208,-2.62856092e-05,0.0350367007,4.74174453,1721.9194
0.240141191,0.000741017226,0.000327327282,1.55492808e-07,-0.0499640893,-1.59164391,1735.56556
0.240171389,0.0853696328,-0.00177313543,0.000720866101,-0.0124531802,1.62151624,1730.27076
0.240180922,0.000357650242,0.000159818912,2.27178874e-07,-0.0501437803,-1.62050102,1735.80582
0.240181173,0.141825099,-0.00212183482,-2.98912812e-05,0.0339112726,4.72665773,1722.69753
0.240217987,0,0,0,-0.0503112551,-1.63423674,1736.02993
0.240252594,0.140879634,-0.0022969499,-3.32251335e-05,0.0327170782,4.70726341,1723.5051
0.24032915,0.139866187,-0.00247073229,-3.60283896e-05,0.0314511721,4.68292878,1724.33887
0.24035846,0.0378358195,0.00393332605,0.000548652322,-0.0341588301,-0.084055072,1723.6603
0.240411211,0.138779867,-0.00264173229,-3.79778789e-05,0.0301107034,4.65296548,1725.19458
0.240499173,0.137615437,-0.00280833479,-3.86794849e-05,0.0286929614,4.61663107,1726.06676
0.240593459,0.136367278,-0.00296875779,-3.76552605e-05,0.0271954286,4.57311717,1726.94868
0.240602829,0.0803647536,-0.00124598556,0.000834259759,-0.0154972363,1.38231888,1729.39803
0.240632977,0.0349640862,0.00417887618,0.000504996425,-0.0354619097,-0.159493951,1723.69537
0.240694526,0.13502937,-0.00312105509,-3.43401743e-05,0.0256158384,4.52157855,1727.83219
0.240802859,0.133595261,-0.00326312169,-2.8069306e-05,0.0239522405,4.46121575,1728.70767
0.240889079,0.0322849924,0.00436662909,0.000460007392,-0.0366711814,-0.231466903,1723.84411
0.240918982,0.132058033,-0.00339270834,-1.81233658e-05,0.0222030703,4.39122497,1729.56397
0.241043455,0.13041027,-0.0035074299,-3.70490405e-06,0.0203672239,4.31070957,1730.38844
0.241065292,0.075,-0.000641619578,0.000935539535,-0.0185548681,1.14338027,1728.47349
0.241128002,0.0297856156,0.0044991044,0.00041509686,-0.037795338,-0.301222082,1724.09667
0.241176878,0.128644026,-0.00360480065,1.6092756e-05,0.0184441357,4.21879367,1731.16704
0.241319895,0.12675078,-0.00368231027,4.21841318e-05,0.0164338582,4.11465333,1731.88456
0.241350897,0.0274539002,0.00457952554,0.000371341592,-0.0388417083,-0.3697121,1724.44073
0.241473195,0.124721401,-0.00373744808,7.56407016e-05,0.0143371396,3.99743887,1732.52499
0.241527755,0.0696352464,-3.22245644e-06,0.00101029703,-0.0214274055,0.922716447,1727.57739
0.241558841,0.0252785992,0.00461169901,0.000329542511,-0.0398165684,-0.437353846,1724.86254
0.241637519,0.1225461,-0.0037677454,0.000117468899,0.0121554989,3.86686581,1733.07203
0.241752835,0.0232492201,0.00459986693,0.000290256736,-0.0407253773,-0.504442596,1725.34783
0.241813658,0.120214384,-0.00377064579,0.000168553677,0.00989129063,3.7228848,1733.50978
0.241933816,0.0213559743,0.00454849506,0.00025382094,-0.041572954,-0.571136439,1725.88257
0.241959195,0.0646303672,0.000615598124,0.00105380712,-0.0239639036,0.733602414,1726.77895
0.242002462,0.117715008,-0.00374337593,0.000229758594,0.00754775679,3.56517969,1733.82364
0.242102656,0.0195897299,0.00446212929,0.00022042514,-0.0423636097,-0.637445676,1726.45351
0.242204842,0.115035914,-0.00368330677,0.000301703338,0.00512905978,3.39382082,1734.00129
0.242260171,0.0179419674,0.00434527497,0.000190129226,-0.043101247,-0.703297816,1727.04863
0.242361693,0.0599612217,0.00120512232,0.00106932617,-0.0262244779,0.570365389,1726.07867
0.242407119,0.0164047389,0.00420229473,0.000162898674,-0.0437894326,-0.768519731,1727.6573
0.242421774,0.112164181,-0.00358799621,0.000384775183,0.00264028693,3.20928245,1734.03374
0.242544209,0.0149706296,0.00403733091,0.000138629719,-0.0444314517,-0.832899485,1728.2704
0.242654305,0.109085956,-0.00345482789,0.000479004952,8.74201545e-05,3.01238368,1733.91635
0.242672104,0.0136327222,0.00385426562,0.000117164171,-0.0450303483,-0.896250955,1728.8803
0.242737192,0.0556052884,0.00175730816,0.00106056968,-0.0282562044,0.4283201,1725.47883
0.242791419,0.0123845633,0.00365669092,9.83147297e-05,-0.0455889556,-0.958377688,1729.48075
0.24290273,0.0112201325,0.003447885,8.18809827e-05,-0.0461099186,-1.01908322,1730.06681
0.242903556,0.105786393,-0.00328095534,0.000583941559,-0.00252274287,2.80422715,1733.64956
0.243006574,0.0101338132,0.00323080558,6.76495699e-05,-0.0465957117,-1.07819388,1730.63467
0.243087501,0.0515415566,0.00226552979,0.00103231515,-0.0300959397,0.303704132,1724.98406
0.243103453,0.00912036556,0.00300809248,5.54071514e-05,-0.0470486526,-1.13556123,1731.18152
0.243170729,0.102249575,-0.00306324915,0.000698503829,-0.00518273082,2.58615941,1733.23933
0.243193832,0.00817490128,0.00278207632,4.49486193e-05,-0.0474709139,-1.19106257,1731.7054
0.243278149,0.00729285993,0.0025547942,3.60766778e-05,-0.0478645321,-1.24460129,1732.20503
0.24335681,0.00646998704,0.00232800798,2.86066554e-05,-0.0482314162,-1.29610625,1732.67975
0.243414311,0.0477504251,0.00272456645,0.000988881144,-0.0317726296,0.193051103,1724.6
0.243430194,0.0057023135,0.00210322394,2.23677497e-05,-0.0485733553,-1.34552998,1733.12933
0.243457113,0.0984584434,-0.00279818786,0.000820859238,-0.00788462111,2.35983941,1732.69686
0.243498656,0.00498613648,0.00188171389,1.7203776e-05,-0.0488920245,-1.39284645,1733.55392
0.243562524,0.00431800152,0.00166453681,1.29732687e-05,-0.0491889923,-1.43804884,1733.95399
0.243622109,0.00369468589,0.00145256009,9.54903102e-06,-0.0494657257,-1.48114705,1734.33018
0.243677697,0.00311318307,0.00124647995,6.81814079e-06,-0.0497235967,-1.5221666,1734.68331
0.243719199,0.0442136074,0.00313059251,0.000934298858,-0.0333091063,0.0933850888,1724.33179
0.243729555,0.0025706882,0.00104684094,4.67954748e-06,-0.0499638869,-1.56113945,1735.01432
0.24376409,0.0943947116,-0.00248176872,0.000948193328,-0.0106203635,2.12716958,1732.03789
0.243777935,0.00206458457,0.000854054433,3.04584263e-06,-0.0501877936,-1.59811436,1735.32421
0.24382307,0.00159243101,0.000668415672,1.83441345e-06,-0.0503964343,-1.63308487,1735.61403
0.243865177,0.00115195011,0.000490119228,9.68622581e-07,-0.0505908517,-1.66607095,1735.88484
0.243904459,0.000741017226,0.00031927325,3.4606806e-07,-0.0507720183,-1.69732431,1736.1377
0.243941106,0.000357650242,0.000155911669,2.94514122e-07,-0.0509408408,-1.72722208,1736.37366
0.243975295,0,0,0,-0.0510981857,-1.74137804,1736.59374
0.244003634,0.040914044,0.00348117365,0.000872095746,-0.034723487,0.00213480573,1724.18225
0.244093139,0.0900387783,-0.00210940675,0.00107662783,-0.0133822333,1.89011888,1731.28134
0.244268989,0.0378358195,0.00377520986,0.000805317613,-0.0360302609,-0.0828729968,1724.15093
0.244445849,0.0853696328,-0.00167595362,0.00120059949,-0.0161634448,1.65092694,1730.44778
0.244516544,0.0349640862,0.00401284583,0.000736440274,-0.037241131,-0.163347231,1724.23384
0.244527273,0.15,0,0,0.0359022001,5.04271814,1717.26931
0.244550045,0.14964235,-0.000118258973,-5.62574356e-08,0.0354511103,5.04306497,1717.61645
0.244574454,0.149258983,-0.000241938019,-1.5704485e-07,0.0349690234,5.04353913,1717.9878
0.244600619,0.14884805,-0.000371023762,-3.27008985e-07,0.0344540035,5.04339625,1718.38463
0.244628665,0.148407569,-0.00050546,-5.44079606e-07,0.03390398,5.04243009,1718.80822
0.244658728,0.147935415,-0.000645135418,-7.87473111e-07,0.0333167843,5.04047032,1719.25978
0.244690952,0.147429312,-0.000789876977,-1.02582948e-06,0.0326901519,5.03731955,1719.74046
0.244725493,0.146886817,-0.000939440669,-1.21478604e-06,0.0320217253,5.03275064,1720.25126
0.244747492,0.0322849924,0.00419542183,0.000667510893,-0.0383656651,-0.240633315,1724.42355
0.244762518,0.146305314,-0.00109350236,-1.29372303e-06,0.0313090583,5.02650688,1720.79301
0.244802206,0.145681998,-0.00125164827,-1.18255491e-06,0.0305496238,5.018297,1721.3663
0.24482392,0.0803647536,-0.00117588695,0.00131396252,-0.018958962,1.41136057,1729.55783
0.244844747,0.145013864,-0.00141336527,-7.77620552e-07,0.0297408219,5.00779157,1721.97144
0.244890346,0.144297686,-0.0015780312,5.29063647e-08,0.0288799928,4.99461976,1722.60836
0.244939225,0.143530013,-0.00174490534,1.47411008e-06,0.0279644315,4.97836637,1723.27653
0.244962948,0.0297856156,0.00432515318,0.000600093257,-0.0394117946,-0.315855139,1724.70987
0.244991619,0.14270714,-0.0019131196,3.68982705e-06,0.0269914067,4.95856918,1723.97486
0.245047779,0.141825099,-0.00208167066,6.94853113e-06,0.0259581831,4.93471685,1724.70161
0.245107978,0.140879634,-0.00224941394,1.15486603e-05,0.0248620493,4.90624694,1725.45426
0.245163951,0.0274539002,0.0044049708,0.000535347782,-0.0403861971,-0.389735695,1725.0806
0.245172506,0.139866187,-0.00241505958,1.78475823e-05,0.0237003489,4.87253526,1726.22939
0.245229176,0.075,-0.00060382174,0.00140831815,-0.0217667384,1.17229205,1728.63118
0.245241673,0.138779867,-0.00257716955,2.62658611e-05,0.0224705179,4.83290739,1727.02256
0.245315814,0.137615437,-0.00273415533,3.72955078e-05,0.0211701269,4.78668571,1727.82818
0.24535147,0.0252785992,0.00443846503,0.000474156778,-0.041294586,-0.46269839,1725.52246
0.245395286,0.136367278,-0.00288428498,5.14933177e-05,0.0197969292,4.73314328,1728.63941
0.245480472,0.13502937,-0.00302569263,6.94689602e-05,0.0183489137,4.67151263,1729.44805
0.245526411,0.0232492201,0.00442961594,0.000417071891,-0.0421419296,-0.535018317,1726.02184
0.245571784,0.133595261,-0.003156379,9.19136492e-05,0.0168243638,4.60098557,1730.24448
0.245634433,0.0696352464,-8.99265957e-08,0.00146953816,-0.0244048123,0.951482286,1727.74874
0.245669661,0.132058033,-0.0032742408,0.000119595019,0.0152219205,4.52072893,1731.01764
0.245689616,0.0213559743,0.004382629,0.000364426677,-0.0429326153,-0.606791522,1726.56549
0.245774577,0.13041027,-0.0033771251,0.000153308232,0.0135406498,4.42991804,1731.75507
0.245841873,0.0195897299,0.00430180283,0.000316365109,-0.0436705717,-0.677986723,1727.14097
0.245887036,0.128644026,-0.00346283461,0.000193926449,0.0117801123,4.32774729,1732.44305
0.245983917,0.0179419674,0.00419141116,0.000272885323,-0.0443593596,-0.748490531,1727.73703
0.246007581,0.12675078,-0.00352913799,0.000242350945,0.00994043401,4.2136047,1733.06688
0.246012504,0.0646303672,0.000585288093,0.00149474006,-0.0267349616,0.761957906,1726.97738
0.246116432,0.0164047389,0.00405561339,0.000233874765,-0.0450022387,-0.818139954,1728.34376
0.246136794,0.124721401,-0.00357380597,0.000299419418,0.00802237664,4.08704212,1733.61123
0.246240057,0.0149706296,0.00389838016,0.000199140398,-0.045602217,-0.886727626,1728.95265
0.246275299,0.1225461,-0.00359455569,0.000365921619,0.00602740243,3.94765404,1734.06073
0.24635539,0.0136327222,0.00372343632,0.000168433451,-0.0461620868,-0.954041164,1729.55661
0.246365214,0.0599612217,0.00114359226,0.00148843146,-0.0288126036,0.597770701,1726.31524
0.246423762,0.120214384,-0.00358912089,0.000442544964,0.00395773211,3.79518062,1734.40068
0.246462986,0.0123845633,0.00353423259,0.000141469877,-0.046684452,-1.01988999,1730.14986
0.246563365,0.0112201325,0.00333392808,0.000117950127,-0.0471717481,-1.08409126,1730.72782
0.246582901,0.117715008,-0.0035553532,0.00052979917,0.00181639011,3.62963399,1734.61793
0.24665701,0.0101338132,0.0031253802,9.75654291e-05,-0.0476262577,-1.14647861,1731.28701
0.246694263,0.0556052884,0.00166743404,0.00145540785,-0.0306810557,0.454095734,1725.76215
0.246744373,0.00912036556,0.00291114471,8.0012723e-05,-0.0480501225,-1.20691258,1731.82485
0.246753482,0.115035914,-0.00349112144,0.000627936042,-0.000392768136,3.45127631,1734.70186
0.246825876,0.00817490128,0.0026934842,6.49980442e-05,-0.0484453528,-1.26528104,1732.33957
0.246901911,0.00729285993,0.00247438077,5.22412384e-05,-0.0488138362,-1.32149787,1732.83007
0.246936329,0.112164181,-0.00339424765,0.000736894305,-0.00266505398,3.26063197,1734.64538
0.246972846,0.00646998704,0.00225555168,4.14832898e-05,-0.049157344,-1.37550233,1733.29577
0.24700124,0.0515415566,0.00215059393,0.00140132661,-0.0323741756,0.327133702,1725.31995
0.247039022,0.0057023135,0.00203846911,3.2482951e-05,-0.0494775381,-1.42725747,1733.73655
0.24710076,0.00498613648,0.00182437997,2.50202542e-05,-0.0497759766,-1.47674847,1734.15263
0.247132324,0.109085956,-0.00326246165,0.000856206122,-0.00499497658,3.05852763,1734.44579
0.247158355,0.00431800152,0.00161432557,1.88955771e-05,-0.0500541194,-1.52397609,1734.5445
0.247212088,0.00369468589,0.00140916199,1.39283284e-05,-0.0503133333,-1.56895896,1734.91285
0.247262215,0.00311318307,0.00120957968,9.95854812e-06,-0.0505548972,-1.61173641,1735.25852
0.247287624,0.0477504251,0.00258806146,0.00133122043,-0.0339185029,0.213431353,1724.99135
0.247308981,0.0025706882,0.00101612193,6.84413224e-06,-0.050780007,-1.65234826,1735.58246
0.247342411,0.105786393,-0.00309332042,0.000984860678,-0.00737631844,2.84611254,1734.10541
0.247352609,0.00206458457,0.000829202176,4.46003432e-06,-0.0509897803,-1.69084751,1735.88566
0.24739331,0.00159243101,0.000649120551,2.69053101e-06,-0.0511852608,-1.72723922,1736.16917
0.247431281,0.00115195011,0.000476078633,1.4298524e-06,-0.0513674227,-1.76155574,1736.43405
0.247466705,0.000741017226,0.000310193318,5.58419446e-07,-0.0515371752,-1.79407403,1736.68134
0.247499753,0.000357650242,0.000151508477,3.74986263e-07,-0.0516953661,-1.82495118,1736.91208
0.247530584,0,0,0,-0.0518428055,-1.83946068,1737.12729
0.247554797,0.0442136074,0.00297606969,0.00124970723,-0.0353349266,0.110078481,1724.7786
0.247567605,0.102249575,-0.0028841013,0.00112118096,-0.00980226911,2.62477825,1733.63175
0.247804048,0.040914044,0.0033121261,0.00116080543,-0.036639983,0.0145828102,1724.68195
0.247808991,0.0984584434,-0.00263163141,0.00126266828,-0.0122656342,2.39611109,1733.03712
0.248036578,0.0378358195,0.00359498551,0.00106793675,-0.0378468638,-0.0750999836,1724.69896
0.248067734,0.0943947116,-0.00233219504,0.00140579431,-0.0147591391,2.1619365,1732.33774
0.248253511,0.0349640862,0.00382461932,0.000973904899,-0.0389661976,-0.160502345,1724.82421
0.248345083,0.0900387783,-0.00198148465,0.00154592537,-0.0172758539,1.92413201,1731.55258
0.248455891,0.0322849924,0.00400207832,0.000880968411,-0.0400066526,-0.24297578,1725.04948
0.248642373,0.0853696328,-0.00157456648,0.0016766643,-0.0198097695,1.6847913,1730.70197
0.248644695,0.0297856156,0.00412928585,0.000790878742,-0.0409753999,-0.323533622,1725.36432
0.248820834,0.0274539002,0.00420893256,0.000704947529,-0.0418784668,-0.402716156,1725.75672
0.24896104,0.0803647536,-0.00110602319,0.00179097074,-0.0223565597,1.44546087,1729.80648
0.248985157,0.0252785992,0.00424430841,0.000624095608,-0.0427210051,-0.48091836,1726.21389
0.249138458,0.0232492201,0.00423909772,0.00054890942,-0.0435074935,-0.558359376,1726.7229
0.249281475,0.0213559743,0.00419723251,0.000479718358,-0.0442418885,-0.635087813,1727.27125
0.249302621,0.075,-0.000570401008,0.0018795652,-0.0249147428,1.20670777,1728.88646
0.249414898,0.0195897299,0.00412275554,0.000416633755,-0.0449277361,-0.711044065,1727.84731
0.249424743,0.15,0,0,0.0271875528,5.31530594,1719.71692
0.24944302,0.14964235,-0.000115718336,8.66822656e-08,0.0267761782,5.31347154,1720.04002
0.249462611,0.149258983,-0.000236542417,2.51026192e-07,0.0263365675,5.30923543,1720.38561
0.249483611,0.14884805,-0.000362424638,6.11908863e-07,0.0258669585,5.30403571,1720.75487
0.24950612,0.148407569,-0.000493274665,1.1899247e-06,0.0253654713,5.29771836,1721.14895
0.249530248,0.147935415,-0.000628945807,2.05770706e-06,0.0248301385,5.29010507,1721.56894
0.249539371,0.0179419674,0.004019705,0.000359599981,-0.0455682555,-0.786094169,1728.44058
0.249556111,0.147429312,-0.000769228713,3.2979966e-06,0.0242589072,5.28099901,1722.01586
0.249583834,0.146886817,-0.000913842767,5.01176264e-06,0.0236496419,5.27017699,1722.49057
0.24961355,0.146305314,-0.00106242784,7.3206012e-06,0.0230001291,5.25737987,1722.99376
0.249644202,0.0696352464,-4.89538956e-06,0.00192847609,-0.0273189942,0.986038553,1728.02291
0.249645403,0.145681998,-0.00121453587,1.03712821e-05,0.0223080839,5.24231533,1723.5259
0.249655494,0.0164047389,0.00389202219,0.000308435695,-0.0461663988,-0.860060222,1729.04183
0.249679546,0.145013864,-0.00136962237,1.43395595e-05,0.0215711591,5.22465522,1724.08715
0.249716144,0.144297686,-0.00152703835,1.94345466e-05,0.0207869562,5.20403282,1724.67732
0.249755374,0.143530013,-0.00168602281,2.59032557e-05,0.0199530394,5.1800403,1725.29573
0.249763827,0.0149706296,0.0037434828,0.000262867543,-0.0467248959,-0.932741831,1729.64318
0.249797425,0.14270714,-0.0018456965,3.40353964e-05,0.0190669537,5.15222505,1725.94119
0.249842499,0.141825099,-0.00200505597,4.4169114e-05,0.0181262454,5.12008495,1726.61183
0.249864893,0.0136327222,0.00357764392,0.000222559538,-0.047246287,-1.00392714,1730.23807
0.249890814,0.140879634,-0.00216296937,5.66954136e-05,0.0171284869,5.08307732,1727.30507
0.249942603,0.139866187,-0.00231817458,7.20632182e-05,0.0160713065,5.04063214,1728.01739
0.24995918,0.0123845633,0.00339780808,0.000187136984,-0.0477329459,-1.07341818,1730.82114
0.249962869,0.0646303672,0.000544186685,0.00193651228,-0.0294436551,0.796264714,1727.28055
0.249998117,0.138779867,-0.00246927997,9.0769326e-05,0.0149524216,4.99214369,1728.74434
0.250047142,0.0112201325,0.00320700516,0.000156205073,-0.0481870977,-1.14104102,1731.38821
0.250057622,0.137615437,-0.0026147652,0.000113375012,0.0137696773,4.93692077,1729.48034
0.250121405,0.136367278,-0.00275299267,0.000140509687,0.0125210894,4.87424106,1730.21858
0.250129203,0.0101338132,0.00300798257,0.000129364198,-0.0486108325,-1.20663944,1731.93608
0.250189775,0.13502937,-0.0028822235,0.000172855334,0.0112048929,4.8034038,1730.95098
0.250205759,0.00912036556,0.00280320449,0.000106222396,-0.0490061148,-1.27008201,1732.46242
0.25026016,0.0599612217,0.0010689797,0.00190939732,-0.0313393411,0.631211837,1726.65589
0.250263061,0.133595261,-0.0030006414,0.000211133587,0.00981959365,4.72362769,1731.6681
0.25027718,0.00817490128,0.00259485899,8.63977213e-05,-0.0493747926,-1.33126583,1732.96565
0.250341617,0.132058033,-0.00310636523,0.000256138573,0.00836402531,4.63411657,1732.35916
0.25034381,0.00729285993,0.00238486772,6.95304996e-05,-0.0497186034,-1.39011593,1733.4448
0.25040597,0.00646998704,0.0021749008,5.52842342e-05,-0.0500391807,-1.44658032,1733.89942
0.250425821,0.13041027,-0.0031974635,0.000308692163,0.00683740863,4.5342228,1733.01205
0.250463961,0.0057023135,0.00196639404,4.33445843e-05,-0.0503380591,-1.50062856,1734.32947
0.25051608,0.128644026,-0.00327198119,0.000369581103,0.00523941343,4.42336697,1733.61359
0.250518061,0.00498613648,0.00176056673,3.34273914e-05,-0.050616679,-1.55226199,1734.73522
0.250537508,0.0556052884,0.0015626369,0.00185298759,-0.0330455472,0.485953034,1726.14683
0.250568532,0.00431800152,0.00155844121,2.52749355e-05,-0.0508763919,-1.60149199,1735.11721
0.250612829,0.12675078,-0.00332794728,0.00043958009,0.0035702207,4.30094729,1734.1497
0.250615618,0.00369468589,0.00136086168,1.86529623e-05,-0.0511184643,-1.64834156,1735.47616
0.250659545,0.00311318307,0.00116851227,1.335191e-05,-0.0513440824,-1.69285864,1735.8129
0.250700525,0.0025706882,0.000981934764,9.18631051e-06,-0.0515543563,-1.73509571,1736.12839
0.250716535,0.124721401,-0.00336339995,0.000519405984,0.00183058381,4.16646815,1734.60588
0.250738756,0.00206458457,0.000801545037,5.99311058e-06,-0.0517503242,-1.7751109,1736.42363
0.250774423,0.00159243101,0.000627648556,3.61998733e-06,-0.0519329563,-1.81291505,1736.69965
0.250796251,0.0515415566,0.00201926738,0.00177381136,-0.0345930909,0.356675837,1725.75288
0.250807697,0.00115195011,0.000460454612,1.93790957e-06,-0.052103159,-1.8485819,1736.9575
0.250827698,0.1225461,-0.00337642977,0.000609672637,2.188559e-05,4.01962471,1734.96778
0.25083874,0.000741017226,0.000300089691,7.95110732e-07,-0.0522617784,-1.88227608,1737.19819
0.250867699,0.000357650242,0.000146608714,4.52754089e-07,-0.0524096039,-1.91413684,1737.42276
0.250894716,0,0,0,-0.0525473894,-1.92910077,1737.63219
0.250946853,0.120214384,-0.00336518614,0.000710819684,-0.00185381173,3.86029397,1735.2219
0.251037638,0.0477504251,0.00243401386,0.00167761665,-0.0360060812,0.239956149,1725.47425
0.251074577,0.117715008,-0.00332785072,0.000823060625,-0.00379372785,3.68855495,1735.3565
0.251211484,0.115035914,-0.00326262442,0.000946315909,-0.00579434193,3.50473738,1735.36248
0.251262831,0.0442136074,0.00280312791,0.00156961805,-0.0373034508,0.132957109,1725.31064
0.251358236,0.112164181,-0.00316768478,0.0010801265,-0.00785139267,3.30944804,1735.23437
0.251472919,0.040914044,0.00312402386,0.00145433369,-0.0385001488,0.0332852747,1725.26011
0.25151554,0.109085956,-0.00304110274,0.00122355948,-0.00995990893,3.1035602,1734.97102
0.251668913,0.0378358195,0.00339529172,0.00133555863,-0.0396080684,-0.0609541728,1725.31847
0.251684155,0.105786393,-0.00288073623,0.00137509612,-0.0121142811,2.88820862,1734.57608
0.251851761,0.0349640862,0.00361670643,0.00121645585,-0.0406367643,-0.151263971,1725.47909
0.251864894,0.102249575,-0.00268413724,0.0015324928,-0.0143083854,2.66479334,1734.05804
0.252022342,0.0322849924,0.00378901459,0.00109952851,-0.0415940076,-0.238862374,1725.73315
0.252058629,0.0984584434,-0.00244842118,0.00169264934,-0.0165357781,2.43484724,1733.42967
0.25218148,0.0297856156,0.0039138312,0.000986699577,-0.0424862112,-0.324569412,1726.07004
0.252266295,0.0943947116,-0.00217011538,0.00185138325,-0.0187899772,2.20007106,1732.70709
0.252329944,0.0274539002,0.0039935737,0.00087943073,-0.0433187548,-0.408906829,1726.478
0.252468448,0.0252785992,0.00403121967,0.000778711622,-0.0440962309,-0.492215961,1726.94474
0.252488892,0.0900387783,-0.00184509998,0.00200333512,-0.021064858,1.96225422,1731.90878
0.252597661,0.0232492201,0.00403014941,0.00068517789,-0.0448226304,-0.574645187,1727.458
0.252718207,0.0213559743,0.00399400449,0.000599161803,-0.0455014797,-0.65620421,1728.00606
0.252727496,0.0853696328,-0.00146859478,0.00214132317,-0.0233551889,1.72335038,1731.05437
0.252830666,0.0195897299,0.00392655437,0.000520752867,-0.0461359434,-0.736805134,1728.57803
0.252935581,0.0179419674,0.00383158474,0.000449851214,-0.0467288992,-0.816294629,1729.16414
0.252983256,0.0803647536,-0.00103524198,0.00225742279,-0.0256573435,1.48469336,1730.16406
0.253033458,0.0164047389,0.00371280775,0.000386213627,-0.047282992,-0.894482081,1729.75585
0.25312477,0.0149706296,0.00357379257,0.000329493505,-0.0478006737,-0.971162605,1730.34586
0.253209956,0.0136327222,0.00341791472,0.000279273029,-0.0482842317,-1.04612899,1730.92811
0.253257407,0.075,-0.00053946976,0.00234147651,-0.0279703782,1.24655455,1729.25849
0.253289428,0.0123845633,0.00324831965,0.00023509009,-0.0487358097,-1.11918321,1731.4977
0.253363569,0.0112201325,0.00306790027,0.000196460485,-0.0491574221,-1.19015389,1732.05078
0.253432737,0.0101338132,0.00287928753,0.000162896088,-0.049550966,-1.25889741,1732.58444
0.253497264,0.00912036556,0.00268484815,0.000133915126,-0.0499182289,-1.32528596,1733.09658
0.253531557,0.0696352464,-1.51244703e-05,0.00237953998,-0.0301452464,1.02619701,1728.4181
0.253557463,0.00817490128,0.00248668818,0.000109050228,-0.0502608958,-1.38922701,1733.58579
0.253613624,0.00729285993,0.0022866635,8.78629317e-05,-0.0505805544,-1.45066261,1734.05126
0.253666017,0.00646998704,0.00208639311,6.99405456e-05,-0.0508787003,-1.50954702,1734.49263
0.253714896,0.0057023135,0.00188727303,5.48989718e-05,-0.0511567407,-1.56585763,1734.90992
0.253760496,0.00498613648,0.00169049355,4.23862219e-05,-0.0514159988,-1.61960514,1735.30347
0.253787317,0.0646303672,0.000495289512,0.00237190435,-0.0320685107,0.836253441,1727.70568
0.253803037,0.00431800152,0.00149705664,3.20831829e-05,-0.0516577178,-1.67081172,1735.67383
0.253842724,0.00369468589,0.00130779261,2.37026296e-05,-0.0518830642,-1.71950959,1736.02174
0.253879749,0.00311318307,0.00112337792,1.69847199e-05,-0.052093132,-1.76575047,1736.34805
0.253914291,0.0025706882,0.000944351995,1.16979186e-05,-0.0522889458,-1.80959514,1736.6537
0.253946515,0.00206458457,0.00077113274,7.6391378e-06,-0.0524714652,-1.85111311,1736.93969
0.253976578,0.00159243101,0.000604031262,4.61889461e-06,-0.0526415874,-1.89032352,1737.20701
0.254004624,0.00115195011,0.00044326498,2.48571287e-06,-0.0528001515,-1.92734251,1737.45671
0.254025921,0.0599612217,0.000984637431,0.00232543219,-0.0337859883,0.670365156,1727.11671
0.254030788,0.000741017226,0.000288970686,1.0512786e-06,-0.0529479411,-1.96219067,1737.68978
0.254055198,0.000357650242,0.00014121533,5.34610962e-07,-0.053085688,-1.99502093,1737.90722
0.25407797,0,0,0,-0.05321409,-2.01044814,1738.11
0.254245021,0.15,0,0,0.0186104605,5.56608439,1722.1259
0.254248519,0.0556052884,0.00144651951,0.00224698883,-0.0353333697,0.523537038,1726.64768
0.2542586,0.14964235,-0.000111013348,2.28852362e-07,0.0182390798,5.56206981,1722.42243
0.254273156,0.149258983,-0.000226732524,6.73054931e-07,0.0178422328,5.55322186,1722.73959
0.254288758,0.14884805,-0.000347081503,1.57712486e-06,0.0174183309,5.54311115,1723.07844
0.254305483,0.148407569,-0.000471942225,2.96524915e-06,0.0169656853,5.53155669,1723.44002
0.254323409,0.147935415,-0.000601140798,4.96666219e-06,0.0164825301,5.51843846,1723.82529
0.254342625,0.147429312,-0.000734441713,7.71146316e-06,0.0159670238,5.50354316,1724.23515
0.254363222,0.146886817,-0.00087154025,1.13580373e-05,0.0154172528,5.48665689,1724.67034
0.254385301,0.146305314,-0.0010120551,1.60872466e-05,0.0148312356,5.4675234,1725.13145
0.254408967,0.145681998,-0.00115552099,2.21103312e-05,0.0142069291,5.44585159,1725.61882
0.254434335,0.145013864,-0.00130138157,2.96723383e-05,0.0135422368,5.4213181,1726.13252
0.254456184,0.0515415566,0.00187531473,0.00214394002,-0.0367384565,0.391961557,1726.29628
0.254461526,0.144297686,-0.00144898314,3.90565195e-05,0.0128350196,5.39356058,1726.67223
0.254490674,0.143530013,-0.00159756897,5.05879511e-05,0.0120831084,5.36217907,1727.23724
0.254521916,0.14270714,-0.00174627377,6.46383387e-05,0.0112843206,5.32674992,1727.82627
0.254555406,0.141825099,-0.00189412106,8.16258956e-05,0.0104364788,5.28680725,1728.43744
0.254591303,0.140879634,-0.00204002212,0.000102017397,0.00953743358,5.2418351,1729.06814
0.254629782,0.139866187,-0.00218277541,0.000126335878,0.00858508993,5.19127593,1729.71491
0.254649919,0.0477504251,0.00226627464,0.00202273305,-0.0380229541,0.272257331,1726.0607
0.254671027,0.138779867,-0.00232107178,0.00015516131,0.00757743737,5.13453315,1730.37337
0.254715238,0.137615437,-0.00245350833,0.000189121724,0.00651258437,5.07095893,1731.03807
0.254762628,0.136367278,-0.00257859413,0.000228899174,0.00538879674,4.99988657,1731.70239
0.254813426,0.13502937,-0.00269475721,0.000275238367,0.00420453994,4.92063207,1732.35852
0.254830658,0.0442136074,0.00261564108,0.00188917823,-0.0392038665,0.161660628,1725.93852
0.254867876,0.133595261,-0.00280037046,0.000328899487,0.00295852547,4.83254566,1732.99736
0.254926241,0.132058033,-0.00289376662,0.000390648584,0.0016497603,4.73501143,1733.60854
0.254988804,0.13041027,-0.00297324564,0.000461260635,0.000277598842,4.62736608,1734.18053
0.254999273,0.040914044,0.00292071988,0.00174828097,-0.0402945828,0.0578921563,1725.92594
0.255055864,0.128644026,-0.0030371063,0.000541481651,-0.00115820318,4.50900892,1734.70078
0.255127747,0.12675078,-0.00308368099,0.000631998524,-0.00265743461,4.37944472,1735.15599
0.255156577,0.0378358195,0.00317993336,0.00160425551,-0.0413057219,-0.0408047203,1726.01737
0.255204798,0.124721401,-0.00311134674,0.00073339287,-0.00421937619,4.23829331,1735.53261
0.25528739,0.1225461,-0.00311852701,0.000846093909,-0.00584275133,4.08531803,1735.81734
0.255303329,0.0349640862,0.00339278542,0.00146057934,-0.0422457875,-0.135894847,1726.20525
0.255375921,0.120214384,-0.00310369454,0.000970323746,-0.00752568346,3.92045909,1735.99788
0.255440236,0.0322849924,0.00355973967,0.00132003135,-0.0431216733,-0.228471166,1726.48029
0.255470817,0.117715008,-0.00306536079,0.00110603438,-0.00926566316,3.74386946,1736.0638
0.25556796,0.0297856156,0.0036821401,0.00118475253,-0.0439390516,-0.31920378,1726.83183
0.255572537,0.115035914,-0.00300204023,0.00125283446,-0.0110595299,3.55593675,1736.00735
0.255681571,0.112164181,-0.00291219396,0.00140990792,-0.0129034737,3.35729526,1735.82436
0.255687116,0.0274539002,0.00376207505,0.00105632643,-0.0447026697,-0.408569633,1727.24842
0.255798278,0.0252785992,0.00380219449,0.000935843739,-0.0454165739,-0.496844778,1727.71829
0.255798445,0.109085956,-0.00279415503,0.00157591857,-0.0147930648,3.14882874,1735.51483
0.255901984,0.0232492201,0.00380556469,0.000823994128,-0.0460842778,-0.584122939,1728.22985
0.255923723,0.105786393,-0.00264602839,0.00174890843,-0.0167233192,2.9316513,1735.08326
0.255998733,0.0213559743,0.00377552519,0.00072112698,-0.0467088878,-0.670376079,1728.7721
0.256058008,0.102249575,-0.00246557699,0.0019261424,-0.0186888133,2.7071046,1734.53854
0.256088992,0.0195897299,0.00371556201,0.000627320077,-0.0472931948,-0.755488736,1729.33489
0.256173196,0.0179419674,0.00362919923,0.000542438413,-0.0478397417,-0.839290295,1729.90917
0.25620195,0.0984584434,-0.00225013166,0.00210399322,-0.020683862,2.47669624,1733.89338
0.256251752,0.0164047389,0.00351990979,0.000466186778,-0.0483508721,-0.921581181,1730.487
0.256325038,0.0149706296,0.00339104776,0.000398154326,-0.0488287647,-1.00215277,1731.06167
0.256356242,0.0943947116,-0.00199641619,0.00227769136,-0.0227027777,2.24203873,1733.16332
0.256393408,0.0136327222,0.00324579751,0.000337848182,-0.0492754587,-1.080795,1731.62759
0.256457192,0.0123845633,0.00308713725,0.000284722714,-0.0496928709,-1.15731647,1732.18027
0.256516696,0.0112201325,0.00291781623,0.000238210777,-0.0500828087,-1.2315552,1732.71619
0.256521628,0.0900387783,-0.00170044658,0.00244121564,-0.0247402348,2.00476947,1732.36589
0.25657221,0.0101338132,0.00274034238,0.000197741481,-0.0504469789,-1.30337058,1733.23271
0.256623999,0.00912036556,0.00255697845,0.000162747911,-0.0507869946,-1.37264353,1733.72794
0.256672314,0.00817490128,0.00236974454,0.000132680687,-0.0511043803,-1.43929208,1734.20064
0.256698906,0.0853696328,-0.00135755232,0.00258667309,-0.0267917653,1.7667213,1731.51971
0.256717389,0.00729285993,0.00218042623,0.000107021193,-0.0514005761,-1.50326554,1734.65011
0.256759439,0.00646998704,0.00199058537,8.52829054e-05,-0.0516769415,-1.5645282,1735.07608
0.256798669,0.0057023135,0.00180157378,6.70135259e-05,-0.0519347586,-1.62306957,1735.47864
0.256835267,0.00498613648,0.00161454878,5.17944036e-05,-0.0521752349,-1.67890293,1735.85816
0.25686941,0.00431800152,0.00143048842,3.92459896e-05,-0.052399507,-1.73205886,1736.21521
0.256888931,0.0803647536,-0.000962418126,0.00270528922,-0.0288544198,1.52903777,1730.64426
0.256901263,0.00369468589,0.00125020782,2.90240942e-05,-0.0526086432,-1.78258244,1736.55053
0.256930979,0.00311318307,0.00107437496,2.0818051e-05,-0.0528036466,-1.8305316,1736.86497
0.256958702,0.0025706882,0.00090352563,1.43515396e-05,-0.0529854583,-1.87597286,1737.15946
0.256984565,0.00206458457,0.000738078567,9.38066273e-06,-0.0531549603,-1.91898606,1737.43496
0.257008693,0.00159243101,0.000578349526,5.67665865e-06,-0.0533129783,-1.95959789,1737.69246
0.257031202,0.00115195011,0.00042456369,3.07085826e-06,-0.0534602852,-1.99797575,1737.93296
0.257052202,0.000741017226,0.000276868178,1.31854589e-06,-0.0535976038,-2.03387012,1738.15744
0.257071793,0.000357650242,0.000135342775,5.99118539e-07,-0.0537256092,-2.06775186,1738.36686
0.25709007,0,0,0,-0.0538449442,-2.08382048,1738.56215
0.25709262,0.075,-0.000509316382,0.00278604842,-0.0309277574,1.29169546,1729.76012
0.257296309,0.0696352464,-2.85841054e-05,0.0028149087,-0.0328785851,1.07172875,1728.9465
0.257486334,0.0646303672,0.000441149006,0.00279338581,-0.0346053068,0.881630775,1728.26428
0.257663612,0.0599612217,0.000893381485,0.00272937503,-0.0361489759,0.71489511,1727.70848
0.257828998,0.0556052884,0.00132208079,0.00263067033,-0.0375415191,0.566487361,1727.27471
0.257983289,0.0515415566,0.0017218582,0.00250541838,-0.0388077641,0.432616399,1726.95937
0.258127231,0.0477504251,0.00208803685,0.00236073724,-0.0399670532,0.309955469,1726.75901
0.258261517,0.0442136074,0.00241682641,0.00220301274,-0.041034499,0.195817707,1726.66959
0.258386795,0.040914044,0.00270541393,0.00203772251,-0.0420219646,0.0880407079,1726.6859
0.258503669,0.0378358195,0.00295204667,0.00186951875,-0.042938825,-0.0150524012,1726.80127
0.258612702,0.0349640862,0.00315595422,0.00170220451,-0.0437925591,-0.11480288,1727.00745
0.258714422,0.0322849924,0.00331730403,0.00153882066,-0.0445892065,-0.212167197,1727.29488
0.258809318,0.0297856156,0.00343714508,0.00138174042,-0.0453337192,-0.307764578,1727.65299
0.25882874,0.15,0,0,0.0104544132,5.79077519,1724.41663
0.258837821,0.14964235,-0.000104399748,3.70347357e-07,0.0101215176,5.78465321,1724.68568
0.258847554,0.149258983,-0.000213059032,1.09926274e-06,0.00976583499,5.77137094,1724.97345
0.258857987,0.14884805,-0.000325880501,2.5466506e-06,0.00938594384,5.75656171,1725.28089
0.258869171,0.148407569,-0.000442725766,4.74108395e-06,0.00898033926,5.73999743,1725.60892
0.258881158,0.147935415,-0.000563402489,7.86798316e-06,0.00854744868,5.72163651,1725.9584
0.258894008,0.147429312,-0.00068765936,1.2100116e-05,0.00808563363,5.70125637,1726.33011
0.258897849,0.0274539002,0.00351723339,0.00123269057,-0.046030229,-0.401999983,1728.07067
0.258907781,0.146886817,-0.00081517936,1.76482783e-05,0.00759319275,5.67865363,1726.72471
0.258922545,0.146305314,-0.000945573369,2.47461973e-05,0.00706836603,5.65358086,1727.14266
0.258938371,0.145681998,-0.00107837428,3.36623725e-05,0.00650934072,5.62574467,1727.58423
0.258955334,0.145013864,-0.00121303163,4.47058755e-05,0.00591425891,5.59482522,1728.04942
0.258973517,0.144297686,-0.00134890654,5.82256692e-05,0.00528122717,5.56048694,1728.53786
0.258980441,0.0252785992,0.00355988869,0.00109287361,-0.0466822509,-0.495076494,1728.53669
0.258993008,0.143530013,-0.00148526742,7.46104054e-05,0.00460832848,5.52235527,1729.0488
0.2590139,0.14270714,-0.00162128688,9.42989569e-05,0.00389363665,5.48000392,1729.58097
0.259036294,0.141825099,-0.00175604142,0.000117781655,0.00313523361,5.4329785,1730.13251
0.259057492,0.0232492201,0.00356785269,0.000963042812,-0.0472928342,-0.587041694,1729.04012
0.259060299,0.140879634,-0.00188851317,0.000145594795,0.00233122959,5.38080027,1730.70089
0.25908603,0.139866187,-0.00201759407,0.000178323916,0.00147978661,5.32292782,1731.28277
0.259113611,0.138779867,-0.0021420905,0.000216616563,0.000579145277,5.25878059,1731.87394
0.259129375,0.0213559743,0.00354415343,0.000843578826,-0.0478646757,-0.677832438,1729.57067
0.259143175,0.137615437,-0.00226073175,0.000261163326,-0.000372344919,5.18779624,1732.46918
0.259174864,0.136367278,-0.00237218154,0.000312682382,-0.00137619186,5.10940544,1733.0622
0.259196436,0.0195897299,0.0034919831,0.000734556406,-0.0484002021,-0.767300857,1730.1189
0.259208833,0.13502937,-0.00247505071,0.000371924594,-0.00243372379,5.02297634,1733.64556
0.259245244,0.133595261,-0.00256790884,0.000439658791,-0.00354604901,4.9278742,1734.21062
0.259258998,0.0179419674,0.00341459417,0.000635813549,-0.0489016297,-0.855268683,1730.67638
0.259284273,0.132058033,-0.00264930588,0.000516655795,-0.00471401296,4.82349458,1734.74758
0.259317363,0.0164047389,0.00331521398,0.000547016905,-0.0493710073,-0.941532148,1731.23582
0.259326108,0.13041027,-0.00271780219,0.000603656386,-0.00593815318,4.70926797,1735.24557
0.259370952,0.128644026,-0.00277198227,0.000701344391,-0.00721865292,4.58468208,1735.69279
0.259371814,0.0149706296,0.00319697491,0.000467699997,-0.0498102469,-1.02587012,1731.79099
0.25941902,0.12675078,-0.00281046599,0.00081031163,-0.00855529463,4.44930676,1736.07684
0.259422611,0.0136327222,0.00306286318,0.000397301241,-0.0502211444,-1.10807537,1732.33678
0.259470001,0.0123845633,0.0029156831,0.000335202472,-0.0506053948,-1.1879641,1732.86906
0.259470544,0.124721401,-0.00283192111,0.000931015386,-0.00994741471,4.30282202,1736.38511
0.259514212,0.0112201325,0.0027580333,0.000280759834,-0.0509646024,-1.26537991,1733.38463
0.259525773,0.1225461,-0.00283506825,0.00106372944,-0.0113938614,4.14505044,1736.60537
0.259555458,0.0101338132,0.00259229238,0.000233322399,-0.0513002876,-1.3401833,1733.88108
0.259584974,0.120214384,-0.00281867304,0.00120848723,-0.0128929582,3.97598778,1736.72646
0.259593936,0.00912036556,0.0024206135,0.000192244128,-0.0516138925,-1.41226805,1734.35672
0.259629834,0.00817490128,0.00224492577,0.000156899584,-0.0519067841,-1.48156074,1734.81045
0.259648431,0.117715008,-0.00278152339,0.00136501818,-0.0144424762,3.79582864,1736.73908
0.259663323,0.00729285993,0.00206693949,0.000126693636,-0.0521802579,-1.54801253,1735.24166
0.259694566,0.00646998704,0.00188815574,0.000101066196,-0.0524355399,-1.61160007,1735.65017
0.259716451,0.115035914,-0.00272239135,0.001532676,-0.0160396188,3.60498768,1736.63662
0.259723713,0.0057023135,0.00170987859,7.94959654e-05,-0.0526737894,-1.67232336,1736.0361
0.259750905,0.00498613648,0.00153322819,6.15020616e-05,-0.0528961008,-1.73020277,1736.39985
0.259776272,0.00431800152,0.00135915535,4.66463428e-05,-0.0531035063,-1.78527687,1736.74199
0.259789362,0.112164181,-0.00263997537,0.00171035755,-0.0176810242,3.4041121,1736.41587
0.259799938,0.00369468589,0.00118845687,3.45284657e-05,-0.0532969777,-1.83759827,1737.06326
0.259822017,0.00311318307,0.00102178952,2.47884283e-05,-0.0534774295,-1.88723234,1737.36448
0.259842614,0.0025706882,0.000859684128,1.71038612e-05,-0.0536457208,-1.93425177,1737.64656
0.25986183,0.00206458457,0.000702559536,1.11891145e-05,-0.0538026577,-1.97874574,1737.91044
0.259867516,0.109085956,-0.00253281993,0.00189640863,-0.0193627931,3.19408178,1736.07757
0.259879757,0.00159243101,0.000550735241,6.77644799e-06,-0.0539489964,-2.02074315,1738.15707
0.259896481,0.00115195011,0.000404443106,3.67588365e-06,-0.0540854452,-2.06043544,1738.38741
0.259912083,0.000741017226,0.000263839722,1.57843153e-06,-0.054212667,-2.09733511,1738.6024
0.259926639,0.000357650242,0.000129016286,6.4215221e-07,-0.054331282,-2.13239144,1738.80297
0.259940218,0,0,0,-0.0544418793,-2.14922203,1738.99002
0.259951289,0.105786393,-0.00239922048,0.00208851768,-0.021080548,2.97598688,1735.62661
0.260041086,0.102249575,-0.00223711873,0.00228357009,-0.022829538,2.75110713,1735.07184
0.26013734,0.0984584434,-0.002043994,0.0024774884,-0.0246048,2.52090524,1734.42546
0.260240515,0.0943947116,-0.00181673125,0.00266502821,-0.0264013957,2.28690479,1733.70211
0.260351109,0.0900387783,-0.00155150609,0.00283963642,-0.0282147454,2.05059905,1732.91812
0.260469655,0.0853696328,-0.00124372655,0.00299279546,-0.030041084,1.81370346,1732.09087
0.260596725,0.0803647536,-0.00088814021,0.00311495911,-0.0318780718,1.5772126,1731.23889
0.260732932,0.075,-0.000478864162,0.00319430632,-0.0337256958,1.34080599,1730.38234
0.260869138,0.0696352464,-4.27302467e-05,0.00321653119,-0.0354656229,1.12130312,1729.59853
0.260996208,0.0646303672,0.000385483008,0.00318398441,-0.037007335,0.931090591,1728.94645
0.261114754,0.0599612217,0.000799845808,0.0031054406,-0.0383873573,0.763549757,1728.42113
0.261225348,0.0556052884,0.00119463671,0.00298948837,-0.0396340507,0.613629162,1728.01774
0.261328523,0.0515415566,0.00156469959,0.00284495385,-0.0407694345,0.477550243,1727.7318
0.261424777,0.0477504251,0.00190541697,0.00267957193,-0.0418106259,0.352054052,1727.55877
0.261514574,0.0442136074,0.00221297794,0.00250025096,-0.0427709626,0.234538079,1727.49345
0.261598347,0.040914044,0.00248445874,0.00231293281,-0.0436608788,0.122949423,1727.52966
0.261676501,0.0378358195,0.00271791703,0.00212267277,-0.0444885887,0.0156687011,1727.65997
0.261749412,0.0349640862,0.00291234147,0.00193362035,-0.0452606167,-0.0885264029,1727.87574
0.261817432,0.0322849924,0.00306763346,0.00174909505,-0.0459822085,-0.190472105,1728.16729
0.261880889,0.0297856156,0.00318452856,0.00157169447,-0.0466576471,-0.290716463,1728.52424
0.26194009,0.0274539002,0.00326445219,0.00140331006,-0.0472904937,-0.389585756,1728.93588
0.261995319,0.0252785992,0.00330939399,0.00124526412,-0.0478837699,-0.487237037,1729.39154
0.262046844,0.0232492201,0.00332177304,0.00109839525,-0.0484400942,-0.583674622,1729.88092
0.262094912,0.0213559743,0.00330430599,0.000963129147,-0.0489617829,-0.678796907,1730.39439
0.262139755,0.0195897299,0.00325989036,0.000839554464,-0.0494509237,-0.772435395,1730.92317
0.262181591,0.0179419674,0.00319150443,0.000727501207,-0.0499094283,-0.864397314,1731.45946
0.262220619,0.0164047389,0.00310212458,0.000626608237,-0.0503390706,-0.954468582,1731.9965
0.26225703,0.0149706296,0.00299465728,0.000536364846,-0.0507415127,-1.04242331,1732.52857
0.262290999,0.0136327222,0.00287188735,0.000456155879,-0.0511183226,-1.12805949,1733.05094
0.262322689,0.0123845633,0.00273644145,0.000385304179,-0.051470987,-1.21119486,1733.55986
0.262352253,0.0112201325,0.00259076229,0.000323097981,-0.0518009188,-1.29167322,1734.05237
0.262379833,0.0101338132,0.00243709376,0.000268814354,-0.052109463,-1.36936529,1734.52629
0.262405564,0.00912036556,0.00227747411,0.000221737072,-0.0523978999,-1.44417228,1734.98011
0.262429569,0.00817490128,0.00211373542,0.000181170607,-0.0526674481,-1.51602715,1735.41283
0.262451963,0.00729285993,0.00194750782,0.000146450447,-0.0529192657,-1.58489029,1735.82393
0.262472855,0.00646998704,0.00178022703,0.000116949795,-0.0531544524,-1.65074657,1736.21329
0.262492346,0.0057023135,0.00161314463,9.20836978e-05,-0.053374051,-1.71360358,1736.58104
0.262510529,0.00498613648,0.00144734005,7.13113849e-05,-0.0535790482,-1.77348907,1736.9276
0.262527492,0.00431800152,0.00128373341,5.41370619e-05,-0.053770377,-1.83044805,1737.25354
0.262543318,0.00369468589,0.00112309869,4.01091762e-05,-0.0539489178,-1.88453977,1737.55957
0.262558082,0.00311318307,0.000966077436,2.88202365e-05,-0.0541155003,-1.93583642,1737.84649
0.262571855,0.0025706882,0.000813192234,1.99023094e-05,-0.0542709056,-1.98441685,1738.11518
0.262584705,0.00206458457,0.00066485899,1.30294804e-05,-0.0544158678,-2.0303754,1738.36652
0.262596692,0.00159243101,0.000521398756,7.89853791e-06,-0.0545510764,-2.07374318,1738.60143
0.262607876,0.00115195011,0.000383049176,4.28287958e-06,-0.0546771781,-2.11469959,1738.82084
0.262618309,0.000741017226,0.000249975243,1.83792355e-06,-0.054794779,-2.15276709,1739.02564
0.262628042,0.000357650242,0.000122277899,7.07800642e-07,-0.0549044469,-2.18892834,1739.2167
0.262637123,0,0,0,-0.055006719,-2.20628088,1739.39489
0.263309907,0.15,0,0,0.00248089514,5.99974552,1726.65609
0.263314388,0.14964235,-9.5891462e-05,5.06977045e-07,0.00218657588,5.99162625,1726.89641
0.26331919,0.149258983,-0.000195551209,1.50327952e-06,0.00187214605,5.97410021,1727.15346
0.263324338,0.14884805,-0.000298868966,3.46708563e-06,0.00153635063,5.95477147,1727.42808
0.263329856,0.148407569,-0.000405694616,6.42990103e-06,0.00117786771,5.93340624,1727.72108
0.263335771,0.147935415,-0.000515827323,1.06292113e-05,0.000795316933,5.91000703,1728.03323
0.263342111,0.147429312,-0.000629011365,1.62801787e-05,0.000387261237,5.88435879,1728.36521
0.263348908,0.146886817,-0.000744930305,2.36414416e-05,-4.77903375e-05,5.85626623,1728.71757
0.263356192,0.146305314,-0.000863201957,3.2997754e-05,-0.00051137871,5.82548428,1729.09071
0.263364001,0.145681998,-0.000983373696,4.46720695e-05,-0.00100508944,5.79173211,1729.48483
0.263372371,0.145013864,-0.00110491834,5.90294853e-05,-0.00153054589,5.75470433,1729.89988
0.263381343,0.144297686,-0.00122723063,7.64759409e-05,-0.00208940053,5.7140801,1730.33548
0.26339096,0.143530013,-0.00134962509,9.74608555e-05,-0.00268332445,5.66949695,1730.79089
0.263401268,0.14270714,-0.00147133651,0.000122481612,-0.00331399448,5.62054687,1731.26487
0.263412318,0.141825099,-0.00159151989,0.000152087146,-0.00398307812,5.56680147,1731.75568
0.263424162,0.140879634,-0.00170925144,0.000186873887,-0.0046922158,5.50781429,1732.26091
0.263436858,0.139866187,-0.00182353469,0.000227478123,-0.00544300047,5.44310242,1732.77742
0.263450467,0.138779867,-0.00193330799,0.000274581996,-0.00623695432,5.37215539,1733.30127
0.263465054,0.137615437,-0.00203745147,0.000328904838,-0.00707550271,5.29443091,1733.82756
0.26348069,0.136367278,-0.00213479894,0.000391194996,-0.00795994514,5.20937075,1734.35043
0.263497451,0.13502937,-0.00222415525,0.000462218114,-0.00889142346,5.11641066,1734.86292
0.263515417,0.133595261,-0.00230431234,0.000542737404,-0.00987088755,5.01498787,1735.35699
0.263534674,0.132058033,-0.00237406513,0.000633495751,-0.0108990587,4.90455773,1735.82353
0.263555317,0.13041027,-0.00243222714,0.000735187507,-0.0119763916,4.78460998,1736.25243
0.263577443,0.128644026,-0.00247764506,0.000848430274,-0.0131030343,4.65469015,1736.63277
0.26360116,0.12675078,-0.00250921063,0.000973726667,-0.0142787897,4.51442503,1736.95309
0.263626583,0.124721401,-0.00252586595,0.00111142122,-0.0155030763,4.3635497,1737.20181
0.263653834,0.1225461,-0.00252659999,0.00126165116,-0.0167748927,4.20193508,1737.36777
0.263683045,0.120214384,-0.00251043412,0.00142429085,-0.0180927865,4.0296153,1737.44085
0.263714356,0.117715008,-0.00247639432,0.00159888906,-0.0194548305,3.84681249,1737.41278
0.263747918,0.115035914,-0.00242346743,0.00178459626,-0.02085861,3.65395563,1737.27783
0.263783893,0.112164181,-0.00235054147,0.00198008199,-0.0223012251,3.45168509,1737.03347
0.263822456,0.109085956,-0.00225633314,0.00218345304,-0.0237793152,3.2408432,1736.68085
0.263863791,0.105786393,-0.0021393011,0.00239215023,-0.0252891125,3.02248167,1736.22484
0.263908098,0.102249575,-0.00199752899,0.00260277526,-0.0268265353,2.79785218,1735.67386
0.263955591,0.0984584434,-0.00182860843,0.00281088446,-0.0283873332,2.56831556,1735.03925
0.264006499,0.0943947116,-0.00162954366,0.00301088959,-0.0299673014,2.33530302,1734.33448
0.264061068,0.0900387783,-0.00139665779,0.00319582037,-0.0315625842,2.10025892,1733.57445
0.264119561,0.0853696328,-0.00112543832,0.00335664788,-0.0331700914,1.86473706,1732.77513
0.264182259,0.0803647536,-0.000810769905,0.00348312049,-0.0347880617,1.62960636,1731.95386
0.264249466,0.075,-0.000446587473,0.00356270311,-0.0364168734,1.39422008,1731.12999
0.264316672,0.0696352464,-5.61943361e-05,0.00358069101,-0.0379525473,1.17519317,1730.37833
0.26437937,0.0646303672,0.000329503799,0.00353984009,-0.0393152159,0.984855929,1729.75595
0.264437863,0.0599612217,0.00070511979,0.00344969682,-0.0405369552,0.81652212,1729.25819
0.264492432,0.0556052884,0.00106518178,0.0033195081,-0.0416426357,0.665130319,1728.88015
0.26454334,0.0515415566,0.0014047862,0.00315865237,-0.0426515325,0.52689887,1728.61691
0.264590833,0.0477504251,0.00171933993,0.00297542385,-0.0435785952,0.398647083,1728.46326
0.26463514,0.0442136074,0.00200501903,0.00277718864,-0.0444354353,0.277853766,1728.41333
0.264676475,0.040914044,0.00225879366,0.00257034585,-0.0452311007,0.162557898,1728.46035
0.264715038,0.0378358195,0.00247854613,0.00236032584,-0.0459726807,0.051233959,1728.59647
0.264751013,0.0349640862,0.00266302276,0.00215161566,-0.0466657764,-0.0572052145,1728.81289
0.264784575,0.0322849924,0.0028118579,0.0019478235,-0.0473148664,-0.163532926,1729.10003
0.264815886,0.0297856156,0.00292547656,0.00175177324,-0.0479235877,-0.268221999,1729.44782
0.264845096,0.0274539002,0.00300497607,0.00156553889,-0.0484949502,-0.371530699,1729.84599
0.264872347,0.0252785992,0.00305201148,0.0013905773,-0.0490314998,-0.473562929,1730.28446
0.26489777,0.0232492201,0.00306867298,0.00122782076,-0.0495354389,-0.574279887,1730.75357
0.264921488,0.0213559743,0.00305736183,0.00107775142,-0.0500087162,-0.673547943,1731.24432
0.264943614,0.0195897299,0.00302067873,0.000940488756,-0.0504530916,-0.771183496,1731.74855
0.264964257,0.0179419674,0.00296132613,0.00081586944,-0.0508701825,-0.866971186,1732.25904
0.264983514,0.0164047389,0.00288202593,0.000703512457,-0.0512614967,-0.960685271,1732.76953
0.26500148,0.0149706296,0.00278545491,0.000602875336,-0.0516284541,-1.05210557,1733.27475
0.265018241,0.0136327222,0.00267419315,0.00051330256,-0.0519724021,-1.14102875,1733.77035
0.265033877,0.0123845633,0.00255068572,0.000434065872,-0.0522946253,-1.22727475,1734.25286
0.265048464,0.0112201325,0.00241721652,0.000364396387,-0.0525963512,-1.31069224,1734.71958
0.265062073,0.0101338132,0.00227589197,0.000303510508,-0.0528787545,-1.39116064,1735.16853
0.265074769,0.00912036556,0.00212863228,0.000250629842,-0.0531429588,-1.46858875,1735.59829
0.265086613,0.00817490128,0.00197716908,0.000204996227,-0.0533900381,-1.54291493,1736.008
0.265097663,0.00729285993,0.00182304819,0.000165882895,-0.0536210177,-1.61410671,1736.39719
0.265107971,0.00646998704,0.00166763597,0.000132602258,-0.0538368747,-1.68215675,1736.76575
0.265117588,0.0057023135,0.00151212787,0.000104510886,-0.0540385385,-1.74707977,1737.11385
0.26512656,0.00498613648,0.00135755888,8.10122883e-05,-0.0542268918,-1.80891026,1737.44189
0.26513493,0.00431800152,0.00120481502,6.1558055e-05,-0.0544027711,-1.86769998,1737.75041
0.265142739,0.00369468589,0.00105464534,4.56475776e-05,-0.0545669681,-1.92351466,1738.0401
0.265150023,0.00311318307,0.000907674118,3.28272127e-05,-0.0547202304,-1.97643228,1738.31171
0.265156819,0.0025706882,0.000764412766,2.26869233e-05,-0.0548632635,-2.02653686,1738.56608
0.26516316,0.00206458457,0.000625271483,1.48631778e-05,-0.0549967317,-2.07392777,1738.80405
0.265169075,0.00159243101,0.000490570595,9.01729801e-06,-0.0551212598,-2.11863797,1739.0265
0.265174593,0.00115195011,0.000360551244,4.88836541e-06,-0.0552374352,-2.16083895,1739.23427
0.265179741,0.000741017226,0.000235384896,2.10094711e-06,-0.0553458089,-2.20006712,1739.42823
0.265184543,0.000357650242,0.000115182038,7.80606591e-07,-0.0554468977,-2.23727687,1739.60921
0.265189024,0,0,0,-0.0555411891,-2.25509719,1739.77801
0.267412063,0.15,0,0,-0.00481827753,6.18018281,1728.70615
0.26741252,0.14964235,-8.64835337e-05,6.31478078e-07,-0.00507705181,6.17024964,1728.91898
0.26741301,0.149258983,-0.000176230679,1.87123538e-06,-0.0053534707,6.1488671,1729.14664
0.267413535,0.14884805,-0.000269126586,4.30364122e-06,-0.00564863641,6.12544687,1729.38987
0.267414098,0.148407569,-0.000365018216,7.95965457e-06,-0.0059637029,6.09976344,1729.64939
0.267414701,0.147935415,-0.000463706394,1.31187993e-05,-0.00629987425,6.07186146,1729.92587
0.267415348,0.147429312,-0.000564942477,2.00300312e-05,-0.00665840303,6.04152713,1730.2199
0.267416041,0.146886817,-0.000668423539,2.89905135e-05,-0.00704058773,6.00857486,1730.53198
0.267416784,0.146305314,-0.000773788333,4.03260745e-05,-0.00744776918,5.97276198,1730.86243
0.26741758,0.145681998,-0.000880613528,5.44029122e-05,-0.00788132581,5.93382325,1731.21141
0.267418434,0.145013864,-0.000988410669,7.1628117e-05,-0.00834266757,5.89146565,1731.57885
0.267419349,0.144297686,-0.00109662436,9.24520439e-05,-0.00883322831,5.84537044,1731.96438
0.26742033,0.143530013,-0.00120463136,0.000117372349,-0.00935445656,5.79518601,1732.36729
0.267421381,0.14270714,-0.0013117408,0.000146931885,-0.00990780441,5.74054609,1732.78645
0.267422508,0.141825099,-0.00141719588,0.00018171795,-0.0104947144,5.68106224,1733.22022
0.267423716,0.140879634,-0.00152017745,0.000222362025,-0.0111166042,5.61630888,1733.66638
0.267425011,0.139866187,-0.00161981017,0.00026953465,-0.0117748492,5.54582822,1734.12206
0.267426399,0.138779867,-0.0017151704,0.000323946059,-0.0124707626,5.46913633,1734.58359
0.267427887,0.137615437,-0.00180529532,0.000386335325,-0.0132055733,5.38573956,1735.0465
0.267429482,0.136367278,-0.00188919437,0.000457460187,-0.0139804008,5.29513056,1735.50536
0.267431191,0.13502937,-0.00196586326,0.000538083122,-0.0147962291,5.1967937,1735.9538
0.267433023,0.133595261,-0.00203429965,0.000628950273,-0.0156538769,5.09021583,1736.38442
0.267434987,0.132058033,-0.00209351712,0.000730773563,-0.0165539672,4.97490276,1736.78883
0.267437093,0.13041027,-0.00214255783,0.000844204247,-0.0174968948,4.85039651,1737.15774
0.267439349,0.128644026,-0.00218050389,0.000969800204,-0.0184827929,4.71629447,1737.48114
0.267441769,0.12675078,-0.00220648367,0.00110798932,-0.0195114999,4.5722715,1737.74851
0.267444361,0.124721401,-0.00221967173,0.00125902749,-0.0205825265,4.41810503,1737.94926
0.267447141,0.1225461,-0.00221928032,0.00142295088,-0.021695025,4.25370107,1738.07322
0.26745012,0.120214384,-0.0022045402,0.00159952208,-0.0228477624,4.07911964,1738.11122
0.267453313,0.117715008,-0.00217466889,0.00178816923,-0.0240391001,3.89459754,1738.05582
0.267456737,0.115035914,-0.00212882536,0.00198791455,-0.0252669817,3.70056579,1737.90195
0.267460406,0.112164181,-0.00206605201,0.00219729103,-0.0265289358,3.49765224,1737.64748
0.267464339,0.109085956,-0.00198520539,0.00241426167,-0.0278220967,3.28666689,1737.29364
0.267468555,0.105786393,-0.00188487082,0.00263611495,-0.0291432514,3.06861335,1736.84505
0.267473073,0.102249575,-0.00176325088,0.00285929681,-0.0304889225,2.84468529,1736.30944
0.267477917,0.0984584434,-0.00161806424,0.00307914303,-0.0318554983,2.61620157,1735.69713
0.267483109,0.0943947116,-0.00144644012,0.0032898318,-0.0332394253,2.38443503,1735.02031
0.267488675,0.0900387783,-0.00124491301,0.00348411442,-0.0346374839,2.15079166,1734.29243
0.267494641,0.0853696328,-0.0010090112,0.00365267969,-0.0360471668,1.91673012,1733.52804
0.267501035,0.0803647536,-0.000733813878,0.00378464722,-0.0374671983,1.68313644,1732.74318
0.26750789,0.075,-0.000413181985,0.00386692261,-0.0388982576,1.44900122,1731.95619
0.267514744,0.0696352464,-6.71831556e-05,0.00388422012,-0.040249276,1.23055023,1731.23887
0.267521139,0.0646303672,0.000277058591,0.00383905026,-0.0414499715,1.04018233,1730.64619
0.267527105,0.0599612217,0.000614738733,0.0037416731,-0.0425283809,0.871271417,1730.174
0.26753267,0.0556052884,0.000940565413,0.00360180786,-0.0435062161,0.718636112,1729.81762
0.267537863,0.0515415566,0.00124992955,0.00342917314,-0.0444002755,0.578464321,1729.57202
0.267542706,0.0477504251,0.00153825982,0.00323253511,-0.0452235581,0.447704002,1729.43174
0.267547225,0.0442136074,0.00180182275,0.00301961618,-0.0459861269,0.323903091,1729.39059
0.267551441,0.040914044,0.00203750161,0.0027972225,-0.0466957909,0.205256708,1729.44153
0.267555374,0.0378358195,0.0022430404,0.00257111202,-0.0473586375,0.0902602945,1729.57661
0.267559043,0.0349640862,0.00241699278,0.00234611536,-0.0479794485,-0.0220666298,1729.7871
0.267562466,0.0322849924,0.00255874404,0.00212612315,-0.0485620233,-0.132424981,1730.06363
0.26756566,0.0297856156,0.00266843089,0.00191418668,-0.0491094287,-0.241219587,1730.39653
0.267568639,0.0274539002,0.00274684734,0.00171257983,-0.0496241892,-0.348651424,1730.77605
0.267571418,0.0252785992,0.00279533506,0.00152291176,-0.0501084312,-0.454758262,1731.19266
0.267574011,0.0232492201,0.00281566861,0.00134622033,-0.0505639907,-0.559460499,1731.63733
0.26757643,0.0213559743,0.00280994358,0.00118306444,-0.0509924925,-0.662599712,1732.10167
0.267578687,0.0195897299,0.00278047051,0.0010336131,-0.0513954072,-0.763969617,1732.57809
0.267580792,0.0179419674,0.00272968122,0.00089772615,-0.0517740917,-0.863340103,1733.05989
0.267582756,0.0164047389,0.00266004914,0.000775025146,-0.0521298173,-0.960477869,1733.54129
0.267584589,0.0149706296,0.00257402449,0.00066495494,-0.0524637889,-1.05516011,1734.01741
0.267586298,0.0136327222,0.00247398339,0.000566835233,-0.0527771569,-1.14718341,1734.48425
0.267587893,0.0123845633,0.00236218935,0.000479903321,-0.0530710246,-1.23637065,1734.9386
0.267589381,0.0112201325,0.00224076611,0.000403349027,-0.0533464533,-1.32257474,1735.37797
0.267590769,0.0101338132,0.0021116799,0.000336342574,-0.053604464,-1.40568013,1735.80053
0.267592064,0.00912036556,0.00197672965,0.000278056266,-0.0538460386,-1.48560263,1736.20501
0.267593272,0.00817490128,0.00183754325,0.000227681056,-0.0540721204,-1.56228729,1736.59059
0.267594399,0.00729285993,0.00169557848,0.000184438664,-0.0542836136,-1.63570694,1736.95686
0.26759545,0.00646998704,0.0015521279,0.00014759025,-0.0544813836,-1.70586064,1737.30373
0.267596431,0.0057023135,0.00140832615,0.000116442318,-0.0546662563,-1.77276999,1737.63137
0.267597346,0.00498613648,0.00126515906,9.03500634e-05,-0.054839019,-1.83647566,1737.94015
0.2675982,0.00431800152,0.00112347375,6.87188964e-05,-0.0550004198,-1.89703502,1738.23059
0.267598996,0.00369468589,0.00098398952,5.10044491e-05,-0.0551511686,-1.95451916,1738.50334
0.267599739,0.00311318307,0.00084730883,3.67120038e-05,-0.0552919376,-2.00901137,1738.7591
0.267600432,0.0025706882,0.000713928298,2.53933359e-05,-0.0554233623,-2.06060096,1738.99865
0.267601079,0.00206458457,0.000584249293,1.66498019e-05,-0.0555460425,-2.10939184,1739.22279
0.267601682,0.00159243101,0.000458588144,1.01092254e-05,-0.0556605433,-2.15541747,1739.43233
0.267602245,0.00115195011,0.000337185696,5.4805685e-06,-0.0557673967,-2.19884446,1739.62809
0.26760277,0.000741017226,0.000220216762,2.36101249e-06,-0.0558671027,-2.23922099,1739.81086
0.26760326,0.000357650242,0.000107798301,8.5629393e-07,-0.055960131,-2.27744181,1739.98142
0.267603717,0,0,0,-0.0560469224,-2.29570297,1740.14052
0.269888579,0,0,0,-0.056525464,-2.32822559,1740.48353
0.269891914,0.000357650242,0.000100196948,9.31460612e-07,-0.0564457744,-2.30954484,1740.33435
0.269895488,0.000741017226,0.000204614986,2.61152127e-06,-0.0563603787,-2.2703493,1740.17446
0.269899319,0.00115195011,0.000313175685,6.04729862e-06,-0.05626888,-2.22885576,1740.00314
0.269903426,0.00159243101,0.000425758911,1.11503371e-05,-0.0561708533,-2.18423995,1739.8197
0.269907829,0.00206458457,0.000542187955,1.83484772e-05,-0.0560658468,-2.13694582,1739.62337
0.269912547,0.0025706882,0.000662224177,2.79607032e-05,-0.0559533807,-2.08680881,1739.41341
0.269917605,0.00311318307,0.000785557929,4.03883542e-05,-0.0558329462,-2.03379356,1739.18907
0.269923027,0.00369468589,0.000911799891,5.60615089e-05,-0.0557040044,-1.97779223,1738.94959
0.269928839,0.00431800152,0.00104047162,7.54620622e-05,-0.0555659858,-1.91871109,1738.69428
0.269935068,0.00498613648,0.00117099583,9.91205044e-05,-0.0554182893,-1.85646221,1738.42246
0.269941745,0.0057023135,0.00130268644,0.000127618874,-0.0552602817,-1.79096948,1738.13354
0.269948903,0.00646998704,0.00143473862,0.000161591033,-0.0550912981,-1.72217029,1737.82704
0.269956575,0.00729285993,0.00156621905,0.000201722334,-0.0549106411,-1.65001841,1737.50262
0.269964799,0.00817490128,0.00169605692,0.000248747515,-0.0547175815,-1.57448679,1737.16012
0.269973614,0.00912036556,0.00182303605,0.000303446728,-0.0545113589,-1.49557094,1736.79964
0.269983063,0.0101338132,0.00194578886,0.000366639066,-0.0542911822,-1.41329156,1736.42155
0.269993192,0.0112201325,0.002062793,0.000439172939,-0.0540562306,-1.32769697,1736.02662
0.270004048,0.0123845633,0.00217237179,0.000521912833,-0.0538056543,-1.23886577,1735.61602
0.270015686,0.0136327222,0.00227269917,0.000615721401,-0.0535385754,-1.14690846,1735.19146
0.27002816,0.0149706296,0.00236181102,0.000721436111,-0.0532540879,-1.05196801,1734.75523
0.270041531,0.0164047389,0.00243762403,0.000839839422,-0.0529512565,-0.954219075,1734.31031
0.270055864,0.0179419674,0.00249796385,0.000971621472,-0.0526291137,-0.853865162,1733.86039
0.270071227,0.0195897299,0.00254060401,0.00111733431,-0.0522866543,-0.751133234,1733.41001
0.270087695,0.0213559743,0.00256331659,0.00127733676,-0.0519228254,-0.646264948,1732.9645
0.270105347,0.0232492201,0.00256393586,0.00145172925,-0.0515365111,-0.539503766,1732.53009
0.270124268,0.0252785992,0.00254043525,0.00164027859,-0.0511265078,-0.431076934,1732.11381
0.27014455,0.0274539002,0.00249101648,0.00184233343,-0.05069149,-0.321171498,1731.72346
0.27016629,0.0297856156,0.00241420832,0.00205673252,-0.0502299597,-0.209904981,1731.36749
0.270189594,0.0322849924,0.0023089712,0.00228170588,-0.0497401775,-0.0972907271,1731.05482
0.270214573,0.0349640862,0.00217480228,0.00251477803,-0.0492200675,0.0168126064,1730.79464
0.270241348,0.0378358195,0.00201183268,0.00275266715,-0.0486670904,0.132748782,1730.59616
0.270270048,0.040914044,0.00182090055,0.00299121609,-0.0480780762,0.251132709,1730.46836
0.270300812,0.0442136074,0.00160362325,0.0032252691,-0.0474490038,0.372834764,1730.41973
0.270333788,0.0477504251,0.00136237145,0.00344877722,-0.0467747186,0.499338986,1730.45809
0.270369135,0.0515415566,0.00110028867,0.00365451765,-0.0460485673,0.632306746,1730.59044
0.270407024,0.0556052884,0.000820980185,0.00383457009,-0.0452619348,0.774336622,1730.82299
0.270447638,0.0599612217,0.000528984045,0.0039797801,-0.0444036504,0.928092671,1731.16116
0.270491171,0.0646303672,0.00022840637,0.00408044017,-0.0434592429,1.0973529,1731.60981
0.270537835,0.0696352464,-7.50501592e-05,0.00412647468,-0.0424099712,1.2876722,1732.17316
0.270587854,0.075,-0.000377585774,0.00410660255,-0.0412316105,1.5054141,1732.85477
0.270637873,0.0803647536,-0.000656155479,0.00401951744,-0.0399855298,1.73803691,1733.60192
0.270684537,0.0853696328,-0.000893027699,0.00388130449,-0.0387507592,1.97018627,1734.34619
0.270728071,0.0900387783,-0.00109466841,0.00370532724,-0.0375263643,2.20288588,1735.07047
0.270768684,0.0943947116,-0.00126571745,0.00350289666,-0.036313185,2.43488749,1735.76009
0.270806573,0.0984584434,-0.00141054229,0.00328336345,-0.0351131952,2.66520103,1736.40197
0.27084192,0.102249575,-0.00153244244,0.00305428513,-0.0339290264,2.89239757,1736.98411
0.270874896,0.105786393,-0.00163413852,0.00282156804,-0.0327636248,3.1153208,1737.49571
0.27090566,0.109085956,-0.00171776151,0.00258994226,-0.0316200031,3.33269157,1737.9276
0.270934361,0.112164181,-0.00178499161,0.00236301436,-0.0305010682,3.54340341,1738.27288
0.270961136,0.115035914,-0.00183714108,0.00214356695,-0.0294095057,3.74648628,1738.52746
0.270986115,0.117715008,-0.00187524237,0.00193368799,-0.0283477078,3.94114852,1738.69024
0.271009418,0.120214384,-0.00190012784,0.00173489535,-0.0273177316,4.12678148,1738.76316
0.271031158,0.1225461,-0.00191249934,0.00154822677,-0.0263212825,4.30296511,1738.75081
0.27105144,0.124721401,-0.0019129843,0.00137432046,-0.0253597125,4.46945917,1738.65995
0.271070361,0.12675078,-0.00190218039,0.00121348212,-0.024434031,4.62618804,1738.49887
0.271088013,0.128644026,-0.001880689,0.0010657434,-0.0235449233,4.77322009,1738.27684
0.271104481,0.13041027,-0.0018491378,0.000930913146,-0.0226927736,4.91074435,1738.00346
0.271119844,0.132058033,-0.00180819343,0.000808622801,-0.0218776918,5.03904659,1737.68827
0.271134177,0.133595261,-0.00175856581,0.000698366682,-0.0210995412,5.15848618,1737.34037
0.271147548,0.13502937,-0.00170100574,0.000599537289,-0.0203579664,5.26947514,1736.96821
0.271160022,0.136367278,-0.00163629773,0.000511455997,-0.0196524217,5.37245954,1736.57936
0.27117166,0.137615437,-0.00156524944,0.000433399123,-0.0189821976,5.46790402,1736.18054
0.271182517,0.138779867,-0.00148867957,0.000364619889,-0.0183464467,5.55627954,1735.77751
0.271192645,0.139866187,-0.00140740656,0.000304368364,-0.0177442076,5.63805495,1735.37518
0.271202094,0.140879634,-0.00132223716,0.000251905211,-0.0171744274,5.71369001,1734.9776
0.271210909,0.141825099,-0.0012339546,0.000206505942,-0.0166359819,5.78362581,1734.58806
0.271219133,0.14270714,-0.00114330677,0.000167480574,-0.0161276942,5.84828025,1734.20916
0.271226805,0.143530013,-0.00105099918,0.000134179228,-0.0156483514,5.90804895,1733.84289
0.271233963,0.144297686,-0.000957690996,0.000105988112,-0.0151967188,5.96330534,1733.49075
0.27124064,0.145013864,-0.000863989472,8.23367568e-05,-0.0147715531,6.01439895,1733.15374
0.27124687,0.145681998,-0.000770446827,6.26988385e-05,-0.0143716134,6.06165273,1732.83253
0.271252681,0.146305314,-0.000677559438,4.6591496e-05,-0.0139956706,6.1053653,1732.52744
0.271258103,0.146886817,-0.000585767886,3.35749186e-05,-0.013642515,6.14581495,1732.23855
0.271263161,0.147429312,-0.000495458034,2.3250541e-05,-0.0133109635,6.1832592,1731.96574
0.27126788,0.147935415,-0.000406962615,1.52615043e-05,-0.0129998642,6.21793459,1731.70871
0.271272282,0.148407569,-0.000320563882,9.27947945e-06,-0.0127081007,6.25001121,1731.46704
0.271276389,0.14884805,-0.0002364969,5.02801877e-06,-0.0124345956,6.27969897,1731.24021
0.27128022,0.149258983,-0.000154953202,2.19096461e-06,-0.0121783124,6.30691038,1731.02765
0.271283795,0.14964235,-7.6083129e-05,7.41863346e-07,-0.0119382573,6.33188407,1730.82872
0.271287129,0.15,0,0,-0.0117134739,6.34351801,1730.64275
0.272050591,0,0,0,-0.0569782759,-2.35277401,1740.80807
0.272057144,0.000357650242,9.2460299e-05,1.00829307e-06,-0.0569052282,-2.33366176,1740.66885
0.272064168,0.000741017226,0.000188753629,2.8474216e-06,-0.0568269693,-2.29352166,1740.51966
0.272071697,0.00115195011,0.000288798119,6.57749203e-06,-0.0567431422,-2.25098341,1740.35985
0.272079767,0.00159243101,0.000392471343,1.21163016e-05,-0.0566533632,-2.2052418,1740.18876
0.272088418,0.00206458457,0.000499596121,1.99168796e-05,-0.0565572249,-2.15674904,1740.0057
0.272097691,0.0025706882,0.000609939526,3.03216536e-05,-0.0564542956,-2.10533825,1739.80998
0.27210763,0.00311318307,0.000723202225,4.37576035e-05,-0.0563441181,-2.05097485,1739.60091
0.272118284,0.00369468589,0.000839010811,6.06813957e-05,-0.0562262092,-1.99354781,1739.3778
0.272129705,0.00431800152,0.000956908976,8.16030466e-05,-0.0561000597,-1.93296006,1739.13999
0.272141946,0.00498613648,0.00107634866,0.000107082348,-0.0559651332,-1.86911969,1738.88688
0.272155068,0.0057023135,0.00119668095,0.000137731579,-0.0558208667,-1.8019464,1738.61793
0.272169133,0.00646998704,0.00131714695,0.000174215501,-0.0556666706,-1.73137367,1738.3327
0.272184209,0.00729285993,0.00143686905,0.000217250534,-0.0555019287,-1.65735062,1738.03088
0.27220037,0.00817490128,0.00155484302,0.000267602187,-0.0553259995,-1.57984494,1737.71235
0.272217692,0.00912036556,0.00166993122,0.00032608063,-0.055138217,-1.4988468,1737.3772
0.27223626,0.0101338132,0.00178085777,0.000393533419,-0.0549378915,-1.41437109,1737.02579
0.272256164,0.0112201325,0.00188620647,0.000470835085,-0.0547243118,-1.32646077,1736.65883
0.272277498,0.0123845633,0.00198442229,0.000558872801,-0.0544967463,-1.2351893,1736.27743
0.272300367,0.0136327222,0.0020738178,0.000658527192,-0.0542544442,-1.14066267,1735.88318
0.272324879,0.0149706296,0.00215258572,0.000770647413,-0.0539966368,-1.04302051,1735.4782
0.272351155,0.0164047389,0.00221881891,0.000896019389,-0.0537225374,-0.942435902,1735.06526
0.272379319,0.0179419674,0.00227053934,0.00103532616,-0.0534313394,-0.839113362,1734.6478
0.272409509,0.0195897299,0.00230573718,0.00118909928,-0.0531222126,-0.733284363,1734.22998
0.27244187,0.0213559743,0.00232242117,0.00135766051,-0.0527942955,-0.625199578,1733.81679
0.272476557,0.0232492201,0.00231868069,0.00154105314,-0.0524466819,-0.515117113,1733.41396
0.272513739,0.0252785992,0.00229275937,0.00173896328,-0.0520784011,-0.40328569,1733.02802
0.272553594,0.0274539002,0.00224313922,0.00195063185,-0.0516883875,-0.289922308,1732.66622
0.272596316,0.0297856156,0.00216863213,0.00217476011,-0.0512754371,-0.175182415,1732.33641
0.272642108,0.0322849924,0.00206847529,0.00240940876,-0.050838147,-0.0591253459,1732.04693
0.272691194,0.0349640862,0.00194242468,0.00265190325,-0.0503748323,0.0583358068,1731.80637
0.272743809,0.0378358195,0.00179084176,0.00289873169,-0.0498834148,0.177477663,1731.62341
0.272800208,0.040914044,0.00161474825,0.00314549586,-0.0493612755,0.298855144,1731.50657
0.272860661,0.0442136074,0.00141588915,0.00338676554,-0.0488050632,0.42324535,1731.46395
0.272925462,0.0477504251,0.00119668918,0.00361625792,-0.0482104462,0.552048115,1731.50306
0.272994922,0.0515415566,0.000960279945,0.00382636355,-0.0475717958,0.686769935,1731.6307
0.273069377,0.0556052884,0.000710121569,0.00400909428,-0.0468817841,0.830317694,1731.85284
0.273149185,0.0599612217,0.000450761977,0.00415473751,-0.0461308711,0.984998206,1732.17469
0.273234732,0.0646303672,0.000185321839,0.00425456718,-0.0453066669,1.15509818,1732.60079
0.27332643,0.0696352464,-7.96372025e-05,0.00429819228,-0.0443930916,1.34438829,1733.13478
0.273424722,0.075,-0.000341586002,0.00427208565,-0.0433693437,1.56039966,1733.77956
0.273523013,0.0803647536,-0.000581370695,0.00417820833,-0.0422888369,1.79232552,1734.48485
0.273614711,0.0853696328,-0.000782613716,0.00403351621,-0.0412198664,2.02299461,1735.1859
0.273700258,0.0900387783,-0.000952693359,0.00385054564,-0.0401613072,2.25407968,1735.86691
0.273780066,0.0943947116,-0.00109577417,0.00364126546,-0.0391136366,2.4842025,1736.51454
0.273854521,0.0984584434,-0.00121601419,0.00341494528,-0.03807837,2.71291238,1737.11712
0.273923981,0.102249575,-0.00131653404,0.00317937358,-0.0370576268,2.9386869,1737.66406
0.273988782,0.105786393,-0.00139988648,0.0029403631,-0.0360538196,3.16040317,1738.14588
0.274049235,0.109085956,-0.00146804534,0.00270258986,-0.0350694314,3.37683556,1738.55458
0.274096359,0,0,0,-0.0574067414,-2.36994627,1741.11513
0.274105364,0.000357650242,8.46552892e-05,1.13272977e-06,-0.0573398475,-2.3501292,1740.98576
0.274105634,0.112164181,-0.00152256752,0.00246961155,-0.0341068623,3.58693831,1738.88418
0.274115016,0.000741017226,0.000172801593,3.0507079e-06,-0.0572681974,-2.30896348,1740.84714
0.274125362,0.00115195011,0.000264327992,7.0582373e-06,-0.0571914706,-2.26559834,1740.6987
0.274136452,0.00159243101,0.000359110768,1.29742623e-05,-0.0571093207,-2.2187648,1740.53981
0.27414834,0.00206458457,0.000456975775,2.13117933e-05,-0.0570213804,-2.16915175,1740.36984
0.274158249,0.115035914,-0.00156465719,0.00224417513,-0.0331683273,3.78977468,1739.13119
0.274161082,0.0025706882,0.000557699944,3.24165041e-05,-0.0569272608,-2.11654047,1740.18817
0.27417474,0.00311318307,0.000660999117,4.67400718e-05,-0.0568265513,-2.06091319,1739.99415
0.274189381,0.00369468589,0.000766520505,6.47586256e-05,-0.0567188187,-2.00215286,1739.78717
0.274205074,0.00431800152,0.000873834459,8.70039876e-05,-0.0566036072,-1.94016054,1739.56661
0.274207335,0.117715008,-0.00159524925,0.00202833323,-0.0322557933,3.98458423,1739.29483
0.274221896,0.00498613648,0.000982426334,0.000114057634,-0.0564804383,-1.87484087,1739.33194
0.274239927,0.0057023135,0.00109168816,0.000146553708,-0.0563488109,-1.80611127,1739.08265
0.274253128,0.120214384,-0.00161507621,0.00182358318,-0.0313709437,4.1707813,1739.37695
0.274259255,0.00646998704,0.00120091029,0.000185178498,-0.0562082018,-1.73390075,1738.81837
0.274279973,0.00729285993,0.00130927359,0.000230669388,-0.0560580664,-1.65815286,1738.53881
0.274295849,0.1225461,-0.00162473082,0.0016309582,-0.0305151642,4.34795901,1739.38184
0.27430218,0.00817490128,0.00141584253,0.00028381189,-0.0558978398,-1.57883113,1738.24387
0.274325984,0.00912036556,0.00151955928,0.000345434432,-0.055726938,-1.49592092,1737.93366
0.274335704,0.124721401,-0.00162471876,0.00145110696,-0.0296895432,4.51587869,1739.31566
0.2743515,0.0101338132,0.00161923998,0.000416400484,-0.0555447596,-1.40943219,1737.60851
0.274372886,0.12675078,-0.00161550236,0.00128435755,-0.0288948812,4.67445567,1739.18598
0.27437885,0.0112201325,0.00171357369,0.000497597419,-0.0553506879,-1.31940298,1737.26911
0.274407573,0.128644026,-0.00159753456,0.00113077294,-0.0281317082,4.8237399,1739.00119
0.274408168,0.0123845633,0.00180112516,0.000589921158,-0.0551440924,-1.2259022,1736.91648
0.274439593,0.0136327222,0.00188034239,0.000694255777,-0.0549243311,-1.12903215,1736.55212
0.274439934,0.13041027,-0.00157128338,0.000990199062,-0.0274003037,4.96389423,1738.76999
0.274470124,0.132058033,-0.00153724738,0.000862307212,-0.02670072,5.09517214,1738.50098
0.274473277,0.0149706296,0.00194957036,0.000811447064,-0.0546907519,-1.02893006,1736.17801
0.274498289,0.133595261,-0.00149596326,0.000746631583,-0.0260328058,5.21789646,1738.20237
0.274509384,0.0164047389,0.00200707197,0.00094226889,-0.0544426934,-0.925768666,1735.79669
0.274524564,0.13502937,-0.0014480069,0.00064260242,-0.0253962303,5.33243995,1737.88173
0.274548087,0.0179419674,0.0020510576,0.00108738131,-0.0541794843,-0.819754878,1735.41136
0.274549077,0.136367278,-0.00139398942,0.000549575019,-0.0247905063,5.43920828,1737.54588
0.274571945,0.137615437,-0.00133454963,0.000466854751,-0.0242150128,5.5386255,1737.20083
0.274589573,0.0195897299,0.00207972419,0.00124727939,-0.0539004407,-0.711126205,1735.0259
0.27459328,0.138779867,-0.00127034439,0.000393718,-0.0236690161,5.63112251,1736.85174
0.274613183,0.139866187,-0.00120203773,0.000329432527,-0.0231516896,5.7171295,1736.50298
0.274631751,0.140879634,-0.00113029112,0.000273270215,-0.0226621318,5.79706903,1736.15816
0.274634042,0.0213559743,0.00209130465,0.00142223193,-0.0536048599,-0.600143926,1734.64488
0.274649074,0.141825099,-0.00105575433,0.000224512118,-0.0221993832,5.87134697,1735.82019
0.274665234,0.14270714,-0.000979055083,0.000182466706,-0.0217624415,5.94034867,1735.4914
0.274680311,0.143530013,-0.000900790612,0.000146477246,-0.0213502747,6.00444155,1735.17356
0.274681709,0.0232492201,0.00208412768,0.00161220991,-0.0532920098,-0.487082308,1734.27364
0.274694376,0.144297686,-0.0008215205,0.00011592008,-0.0209618334,6.06397454,1734.86796
0.274707497,0.145013864,-0.000741763749,9.02109987e-05,-0.0205960614,6.1192748,1734.57551
0.274719739,0.145681998,-0.000661997018,6.88071122e-05,-0.0202519045,6.17064775,1734.29679
0.274731159,0.146305314,-0.000582651439,5.12071098e-05,-0.0199283182,6.21837783,1734.03209
0.274732803,0.0252785992,0.00205668748,0.00181680502,-0.052961112,-0.372212631,1733.91821
0.274741813,0.146886817,-0.000504111796,3.69508532e-05,-0.0196242748,6.26272816,1733.78148
0.274751752,0.147429312,-0.000426716985,2.56195994e-05,-0.0193387682,6.30394915,1733.54484
0.274761025,0.147935415,-0.000350761437,1.68352265e-05,-0.0190708187,6.34226529,1733.32193
0.274769676,0.148407569,-0.000276496484,1.02459425e-05,-0.018819476,6.37782711,1733.11236
0.274777746,0.14884805,-0.000204132541,5.55601243e-06,-0.0185838226,6.41084843,1732.9157
0.274785275,0.149258983,-0.000133842614,2.4209223e-06,-0.0183629749,6.44120521,1732.73143
0.274787571,0.0274539002,0.00200772207,0.00203513925,-0.052611315,-0.255781825,1733.5853
0.274792299,0.14964235,-6.57641603e-05,8.21454846e-07,-0.0181560852,6.46916309,1732.55899
0.274798852,0.15,0,0,-0.0179623308,6.48221582,1732.39781
0.274846277,0.0297856156,0.00193629698,0.00226576957,-0.0522416575,-0.137982511,1733.2822
0.274909204,0.0322849924,0.00184189123,0.00250658664,-0.0518510141,-0.0189197899,1733.01664
0.274976656,0.0349640862,0.00172447847,0.00275472592,-0.0514380239,0.101442441,1732.79664
0.275048958,0.0378358195,0.00158460211,0.00300646238,-0.0510009914,0.223314027,1732.63032
0.275126459,0.040914044,0.00142341558,0.00325719046,-0.0505377586,0.347202061,1732.52566
0.275209533,0.0442136074,0.00124272557,0.00350125049,-0.0500455364,0.473806022,1732.49031
0.27529858,0.0477504251,0.0010449517,0.00373220579,-0.0495206886,0.604487873,1732.53139
0.27539403,0.0515415566,0.000833165143,0.00394218089,-0.048958456,0.740530312,1732.65534
0.275496344,0.0556052884,0.000610688828,0.00412334857,-0.0483526081,0.885086854,1732.86783
0.275606014,0.0599612217,0.000381589896,0.00426495334,-0.0476950007,1.03938359,1733.17373
0.27572357,0.0646303672,0.000148695042,0.00436010888,-0.046975028,1.21165872,1733.57718
0.275849578,0.0696352464,-8.09947251e-05,0.00439855152,-0.0461789053,1.39870613,1734.0813
0.275984648,0.075,-0.000305996067,0.00436336756,-0.0452887765,1.61213159,1734.68836
0.276032132,0,0,0,-0.0578121698,-2.37980653,1741.40565
0.276043387,0.000357650242,7.68993602e-05,1.36186668e-06,-0.0577510739,-2.35922824,1741.28598
0.276055451,0.000741017226,0.000156951888,3.22937948e-06,-0.0576856506,-2.31719402,1741.1578
0.276068383,0.00115195011,0.000240025639,7.46670536e-06,-0.0576156131,-2.27317269,1741.02056
0.276082245,0.00159243101,0.00032600327,1.36857238e-05,-0.0575406498,-2.22522028,1740.8737
0.276097103,0.00206458457,0.000414719995,2.24849454e-05,-0.057460431,-2.17456441,1740.71665
0.27611303,0.0025706882,0.00050596517,3.41836713e-05,-0.0573746083,-2.12083242,1740.54883
0.276119717,0.0803647536,-0.00051079527,0.00426172567,-0.0443511845,1.8454253,1735.3506
0.276130102,0.00311318307,0.000599472194,4.92579995e-05,-0.0572828144,-2.06403643,1740.36966
0.276148401,0.00369468589,0.0006949109,6.81956586e-05,-0.0571846627,-2.0040481,1740.17859
0.276168016,0.00431800152,0.000791880083,9.15439122e-05,-0.0570797476,-1.94076701,1739.97506
0.276189042,0.00498613648,0.000889900024,0.000119898388,-0.0569676444,-1.87409346,1739.75859
0.27621158,0.0057023135,0.000988404589,0.000153907419,-0.0568479097,-1.80394089,1739.52873
0.276235738,0.00646998704,0.00108673387,0.000194270567,-0.0567200823,-1.730233,1739.28514
0.276245726,0.0853696328,-0.000680763776,0.00411085056,-0.0434252062,2.07322474,1736.0072
0.276261633,0.00729285993,0.00118412735,0.000241737198,-0.0565836841,-1.6529091,1739.02759
0.27628939,0.00817490128,0.00127971743,0.000297103324,-0.0564382213,-1.57192821,1738.75599
0.276319143,0.00912036556,0.00137252463,0.00036120558,-0.0562831863,-1.48727029,1738.47047
0.276351035,0.0101338132,0.0014614548,0.000434912976,-0.0561180594,-1.3989402,1738.17137
0.276363282,0.0900387783,-0.000823040435,0.00392143026,-0.042509592,2.30251209,1736.64359
0.276385221,0.0112201325,0.00154529931,0.000519114924,-0.0559423112,-1.30697104,1737.85932
0.276421865,0.0123845633,0.00162273892,0.000614704965,-0.055755405,-1.21142738,1737.53531
0.276461143,0.0136327222,0.00169235263,0.000722559211,-0.0555567991,-1.11240808,1737.20073
0.276472952,0.0943947116,-0.000941691433,0.00370688647,-0.0416045372,2.5308255,1737.2477
0.276503246,0.0149706296,0.00175263256,0.000843508401,-0.0553459488,-1.0100485,1736.85743
0.276548377,0.0164047389,0.00180200588,0.000978302441,-0.0551223083,-0.904521707,1736.50779
0.276575265,0.0984584434,-0.00104058691,0.0034760832,-0.0407111846,2.75793215,1737.80913
0.276596752,0.0179419674,0.00183886487,0.00112756632,-0.0548853306,-0.796037916,1736.15476
0.276648606,0.0195897299,0.00186160579,0.00129174644,-0.0546344659,-0.68484176,1735.80193
0.276670715,0.102249575,-0.00112258936,0.0032368124,-0.039831229,2.98221642,1738.31854
0.276704188,0.0213559743,0.00186867704,0.00147104677,-0.0543691576,-0.571206325,1735.45354
0.276759762,0.105786393,-0.00119006488,0.00299468975,-0.0389666368,3.20264463,1738.76766
0.276763767,0.0232492201,0.00185863627,0.00166535475,-0.0540888332,-0.455423237,1735.11452
0.27682763,0.0252785992,0.00183021577,0.00187415785,-0.0537928902,-0.337787291,1734.79043
0.276842836,0.109085956,-0.00124482842,0.00275426153,-0.0381194456,3.41800686,1739.14959
0.276896085,0.0274539002,0.00178239433,0.00209645188,-0.0534806739,-0.218575859,1734.48747
0.276920337,0.112164181,-0.00128831109,0.00251894299,-0.0372916275,3.62730581,1739.45924
0.276969462,0.0297856156,0.00171447262,0.00233064647,-0.0531514451,-0.0980184952,1734.21236
0.276992639,0.115035914,-0.00132161194,0.00229136538,-0.0364849989,3.82963762,1739.69373
0.277048116,0.0322849924,0.00162614909,0.00257446491,-0.0528043342,0.023734726,1733.97225
0.277060091,0.117715008,-0.00134557491,0.00207348031,-0.0357011657,4.024274,1739.85261
0.277123018,0.120214384,-0.00136084563,0.00186670765,-0.0349414927,4.21064924,1739.93778
0.277132425,0.0349640862,0.00151758899,0.00282486298,-0.0524382776,0.146671794,1733.77456
0.277181725,0.1225461,-0.0013679282,0.00167202447,-0.0342070925,4.38836826,1739.95326
0.277222796,0.0378358195,0.00138948687,0.00307792467,-0.0520519334,0.270940388,1733.62682
0.277236492,0.124721401,-0.00136723326,0.00149004477,-0.0334988265,4.55719499,1739.90475
0.277287587,0.12675078,-0.00135911907,0.00132108076,-0.0328173144,4.71703877,1739.79916
0.277319665,0.040914044,0.00124309737,0.00332886646,-0.0516435694,0.396994769,1733.53644
0.277335253,0.128644026,-0.0013439246,0.00116519526,-0.0321629496,4.8679354,1739.6441
0.277379722,0.13041027,-0.00132199453,0.00102224617,-0.0315359177,5.01002674,1739.44742
0.277421208,0.132058033,-0.00129369628,0.000891925457,-0.0309362165,5.14353981,1739.21689
0.2774235,0.0442136074,0.00108025877,0.0035718521,-0.0512109173,0.525463606,1733.51053
0.277459911,0.133595261,-0.00125942986,0.000773793489,-0.0303636766,5.26876705,1738.95986
0.277496018,0.13502937,-0.00121963132,0.000667309438,-0.0298179823,5.38604832,1738.68311
0.277529703,0.136367278,-0.00117477134,0.000571858027,-0.0292986909,5.49575526,1738.39273
0.277534801,0.0477504251,0.000903354164,0.00380033652,-0.050750986,0.657693643,1733.55575
0.277561128,0.137615437,-0.00112535006,0.000486772842,-0.0288052515,5.59827807,1738.09405
0.277590445,0.138779867,-0.00107188944,0.000411356319,-0.0283370227,5.6940148,1737.79167
0.277617795,0.139866187,-0.00101492422,0.000344896801,-0.0278932885,5.78336313,1737.48946
0.277643311,0.140879634,-0.000954991874,0.000286682418,-0.0274732733,5.86671381,1737.1906
0.277654105,0.0515415566,0.000715300249,0.00400631997,-0.050259825,0.794789747,1733.67807
0.277667115,0.141825099,-0.000892623064,0.000236012918,-0.0270761555,5.94444523,1736.89767
0.277689323,0.14270714,-0.000828335747,0.000192206528,-0.0267010792,6.01692027,1736.61271
0.27771004,0.143530013,-0.000762627925,0.000154614641,-0.0263471655,6.08448871,1736.33726
0.277729368,0.144297686,-0.000695971712,0.000122613395,-0.026013522,6.14748201,1736.07246
0.277747399,0.145013864,-0.000628807317,9.56157577e-05,-0.025699251,6.20620923,1735.8191
0.277764221,0.145681998,-0.00056153832,7.30806935e-05,-0.0254034572,6.26096062,1735.57769
0.277779915,0.146305314,-0.000494532094,5.45017838e-05,-0.0251252534,6.3120093,1735.34846
0.277781987,0.0556052884,0.000519346517,0.00418215032,-0.0497322252,0.940022008,1733.88276
0.277794555,0.146886817,-0.00042811918,3.94128218e-05,-0.0248637666,6.35960775,1735.13147
0.277808214,0.147429312,-0.000362592516,2.73862488e-05,-0.0246181417,6.40398689,1734.92663
0.277820956,0.147935415,-0.000298208433,1.80350086e-05,-0.0243875456,6.44538188,1734.73369
0.277832843,0.148407569,-0.000235187613,1.09994866e-05,-0.0241711697,6.48394996,1734.55235
0.277843933,0.14884805,-0.000173716466,5.97821715e-06,-0.0239682327,6.51989214,1734.38219
0.27785428,0.149258983,-0.000113950151,2.60972317e-06,-0.0237779816,6.55304144,1734.22278
0.277863825,0,0,0,-0.0581957995,-2.38243975,1741.68051
0.277863932,0.14964235,-5.60138785e-05,8.90962183e-07,-0.0235996936,6.58370286,1734.07363
0.277872936,0.15,0,0,-0.0234326603,6.59805563,1733.93422
0.277876342,0.000357650242,6.93105672e-05,1.50571818e-06,-0.0581399929,-2.36137001,1741.57021
0.27788976,0.000741017226,0.000141398946,3.37961359e-06,-0.0580802454,-2.31861835,1741.45206
0.277904142,0.00115195011,0.000216183995,7.79861016e-06,-0.0580162995,-2.27388696,1741.3256
0.277919065,0.0599612217,0.000319039472,0.00431655909,-0.0491613444,1.09359256,1734.17426
0.277919559,0.00159243101,0.00029355651,1.42715929e-05,-0.0579478741,-2.22495889,1741.1903
0.277936084,0.00206458457,0.000373368621,2.34417436e-05,-0.0578746722,-2.17336301,1741.04564
0.277953797,0.0025706882,0.000455425704,3.56145161e-05,-0.0577963804,-2.11863309,1740.89111
0.277972785,0.00311318307,0.000539481108,5.12805268e-05,-0.0577126687,-2.06079645,1740.72617
0.277993137,0.00369468589,0.00062522968,7.09343605e-05,-0.0576231907,-1.99971633,1740.55031
0.278014952,0.00431800152,0.00071230109,9.5131644e-05,-0.0575275835,-1.93529054,1740.36304
0.278038337,0.00498613648,0.000800252667,0.000124474985,-0.0574254681,-1.86741769,1740.16392
0.278063403,0.0057023135,0.000888562167,0.000159618599,-0.0573164498,-1.79600564,1739.95256
0.278065999,0.0646303672,0.00011814248,0.00440357022,-0.0485382377,1.2672689,1734.55619
0.278090271,0.00646998704,0.0009766211,0.000201266602,-0.0572001193,-1.72097223,1739.72865
0.278119071,0.00729285993,0.00106372823,0.000250171409,-0.0570760536,-1.64225454,1739.49199
0.278149942,0.00817490128,0.00114908388,0.000307129591,-0.056943818,-1.55980671,1739.24252
0.278183032,0.00912036556,0.00123178598,0.000372975911,-0.056802967,-1.47360393,1738.98035
0.278218503,0.0101338132,0.00131082822,0.000448574456,-0.0566530473,-1.38364651,1738.70584
0.278223499,0.0696352464,-7.98291958e-05,0.00443372059,-0.047851275,1.45298472,1735.03126
0.278256523,0.0112201325,0.00138510114,0.000534805977,-0.0564935999,-1.28996343,1738.41958
0.278297278,0.0123845633,0.00145339722,0.000632550766,-0.0563241625,-1.19261585,1738.12248
0.278340963,0.0136327222,0.00151442083,0.000742665962,-0.0561442724,-1.09170053,1737.81585
0.278387789,0.0149706296,0.00156680398,0.000865956192,-0.055953469,-0.987352603,1737.50141
0.278392324,0.075,-0.000271732897,0.00438867048,-0.047085346,1.66434238,1735.60098
0.278437982,0.0164047389,0.00160912903,0.00100313637,-0.0557512951,-0.879747438,1737.18135
0.278491784,0.0179419674,0.0016399587,0.00115478562,-0.0555372988,-0.769100857,1736.8584
0.278549455,0.0195897299,0.00165787417,0.00132129152,-0.0553110316,-0.655667116,1736.53589
0.278561148,0.0803647536,-0.000442701789,0.00427857752,-0.0462806229,1.89761791,1736.22007
0.278611272,0.0213559743,0.00166152116,0.00150278422,-0.0550720459,-0.539733636,1736.21772
0.278677535,0.0232492201,0.00164966355,0.00169906073,-0.0548198876,-0.421611701,1735.90842
0.278718648,0.0853696328,-0.000584079789,0.00412123713,-0.0454876377,2.12248837,1736.83183
0.278748562,0.0252785992,0.00162124347,0.00190950084,-0.0545540841,-0.301621416,1735.61311
0.278824696,0.0274539002,0.0015754461,0.00213297568,-0.0542741252,-0.180071579,1735.33751
0.278865582,0.0900387783,-0.000700970576,0.00392639461,-0.0447050253,2.3500444,1737.42291
0.278906305,0.0297856156,0.00151176618,0.00236775588,-0.0539794351,-0.0572284788,1735.0878
0.278993782,0.0322849924,0.00143007372,0.00261141494,-0.0536693321,0.0667145273,1734.87058
0.27900266,0.0943947116,-0.0007974439,0.00370825387,-0.0439327252,2.57656313,1737.98253
0.279087549,0.0349640862,0.0013306716,0.00286075673,-0.0533429738,0.191700059,1734.69268
0.279130543,0.0984584434,-0.000876956684,0.00347518366,-0.0431715365,2.80203915,1738.5015
0.279188058,0.0378358195,0.00121434557,0.00311171771,-0.0529992823,0.317821731,1734.56105
0.279249846,0.102249575,-0.000942167706,0.00323481531,-0.042422762,3.02477465,1738.97174
0.279295794,0.040914044,0.00108238538,0.00335938617,-0.0526368466,0.445484569,1734.48257
0.279361147,0.105786393,-0.00099523875,0.00299250156,-0.0416879543,3.24384142,1739.38616
0.279411277,0.0442136074,0.000936598124,0.00359783246,-0.0522537957,0.575264458,1734.46385
0.279464982,0.109085956,-0.00103782467,0.00275257912,-0.0409687369,3.45803548,1739.73892
0.279535063,0.0477504251,0.000779278773,0.00382045498,-0.0518476356,0.708463557,1734.51103
0.279561851,0.112164181,-0.00107122875,0.00251824769,-0.0402666839,3.66640403,1740.02585
0.279597033,0,0,0,-0.0585588026,-2.37837422,1741.94057
0.279610693,0.000357650242,6.19007484e-05,1.40550748e-06,-0.0585079747,-2.35711826,1741.83933
0.279625335,0.000741017226,0.000126238726,3.48380857e-06,-0.0584535693,-2.31361635,1741.73091
0.27964103,0.00115195011,0.00019297431,8.05166916e-06,-0.0583953565,-2.26803113,1741.61488
0.279652222,0.115035914,-0.00109644544,0.00229195745,-0.0395832404,3.8680694,1740.24473
0.279657854,0.00159243101,0.000262009524,1.47474857e-05,-0.0583330837,-2.21843303,1741.49078
0.279667751,0.0515415566,0.000613119409,0.00401931633,-0.0514150439,0.846166212,1734.6297
0.279675888,0.00206458457,0.000333214073,2.41855988e-05,-0.0582664845,-2.16602385,1741.35813
0.279695218,0.0025706882,0.000406410552,3.67035737e-05,-0.0581952781,-2.11044621,1741.21645
0.279715938,0.00311318307,0.000481373401,5.27905364e-05,-0.0581191698,-2.05171175,1741.06528
0.279736531,0.117715008,-0.00111423313,0.00207550112,-0.0389196749,4.06233341,1740.3955
0.279738148,0.00369468589,0.000557823352,7.29462e-05,-0.0580378503,-1.98968611,1740.90415
0.279761955,0.00431800152,0.000635421341,9.77278018e-05,-0.0579509969,-1.92426545,1740.73263
0.279787473,0.00498613648,0.000713761415,0.000127738933,-0.057858273,-1.85534449,1740.55031
0.279809979,0.0556052884,0.000441254501,0.00418666615,-0.0509516111,0.991574567,1734.82469
0.279814827,0.0057023135,0.000792364448,0.000163632936,-0.0577593294,-1.78282611,1740.35686
0.279815185,0.120214384,-0.00112516143,0.00187017075,-0.0382770543,4.24865045,1740.48014
0.279844148,0.00646998704,0.000870671923,0.000206111089,-0.0576538053,-1.70662663,1740.152
0.279875577,0.00729285993,0.000948039494,0.00025592112,-0.057541329,-1.6266785,1739.93557
0.279888562,0.1225461,-0.00112966152,0.00167684321,-0.0376562343,4.42663959,1740.50248
0.279909265,0.00817490128,0.00102373236,0.000313852405,-0.0574215204,-1.5429307,1739.70753
0.279945376,0.00912036556,0.0010969221,0.000380730039,-0.0572939922,-1.45535378,1739.468
0.279957017,0.124721401,-0.0011280683,0.00149606022,-0.0370578615,4.59607016,1740.46781
0.279962434,0.0599612217,0.000266709886,0.00431219189,-0.0504515197,1.14586743,1735.10008
0.279984084,0.0101338132,0.00116668583,0.000457405287,-0.0571583526,-1.36394343,1739.21732
0.28002088,0.12675078,-0.00112065809,0.00132808654,-0.0364823829,4.75684899,1740.38243
0.280025575,0.0112201325,0.00123200843,0.000544742381,-0.0570142076,-1.26872447,1738.95607
0.280070049,0.0123845633,0.00129178881,0.000643600504,-0.0568611641,-1.16975497,1738.6851
0.280080459,0.128644026,-0.00110767981,0.00117295932,-0.0359300596,4.90900156,1740.25321
0.280117721,0.0136327222,0.001344851,0.000754809943,-0.0566988325,-1.06713012,1738.40563
0.280125852,0.0646303672,9.40973401e-05,0.00438917125,-0.0499071385,1.31717711,1735.45903
0.280136041,0.13041027,-0.00108937951,0.00103052862,-0.0354009833,5.05265272,1740.0872
0.280168821,0.0149706296,0.00138996096,0.000879141267,-0.0565268295,-0.960985698,1738.11925
0.280187895,0.132058033,-0.00106601812,0.000900492596,-0.0348950943,5.18800697,1739.89132
0.280223596,0.0164047389,0.00142584969,0.00101726641,-0.0563447802,-0.8515006,1737.82801
0.280236271,0.133595261,-0.00103788268,0.000782428094,-0.0344121988,5.31533009,1739.67212
0.280281401,0.13502937,-0.00100529176,0.00067581774,-0.0339519873,5.4349325,1739.43558
0.280282309,0.0179419674,0.00145124314,0.00116971074,-0.05615232,-0.73889775,1737.53443
0.28030102,0.0696352464,-7.64521386e-05,0.00440858045,-0.0493085442,1.50247649,1735.90393
0.280323504,0.136367278,-0.000968596094,0.000580073898,-0.0335140503,5.54715492,1739.18708
0.280345243,0.0195897299,0.00146489904,0.00133679542,-0.055949094,-0.62344272,1737.24156
0.280362783,0.137615437,-0.000928175409,0.000494559729,-0.0330978945,5.65235632,1738.93131
0.280399426,0.138779867,-0.00088443263,0.000418607501,-0.0327029567,5.75090411,1738.67229
0.280412703,0.0213559743,0.0014656505,0.00151857013,-0.0557347548,-0.505438973,1736.95301
0.280433612,0.139866187,-0.00083778655,0.000351534343,-0.0323286172,5.84316661,1738.41339
0.280465504,0.140879634,-0.000788663835,0.000292655454,-0.0319742113,5.92950678,1738.15739
0.280485014,0.0232492201,0.00145245558,0.00171473645,-0.0555089574,-0.385219017,1736.67293
0.280488783,0.075,-0.000240330365,0.00435471467,-0.0486428014,1.71326279,1736.43576
0.280495257,0.141825099,-0.000737491012,0.000241295106,-0.0316390402,6.01027772,1737.90652
0.280523014,0.14270714,-0.00068468692,0.000196794514,-0.0313223802,6.08581955,1737.66253
0.28054891,0.143530013,-0.000630656353,0.000158524432,-0.0310234916,6.15645952,1737.42676
0.280562524,0.0252785992,0.00142445162,0.00192456419,-0.0552713487,-0.263129419,1736.40603
0.280573068,0.144297686,-0.000575785752,0.00012587685,-0.0307416254,6.22250737,1737.20018
0.280595605,0.145013864,-0.000520438147,9.82801162e-05,-0.0304760305,6.28425381,1736.98347
0.280616631,0.145681998,-0.000464950018,7.52002275e-05,-0.030225959,6.3419728,1736.77703
0.280636246,0.146305314,-0.000409628673,5.61356071e-05,-0.0299906709,6.39592193,1736.58109
0.280645607,0.0274539002,0.00138101263,0.00214680169,-0.0550215517,-0.139510953,1736.15755
0.280654546,0.146886817,-0.000354750302,4.06268485e-05,-0.0297694386,6.44634533,1736.39566
0.280671618,0.147429312,-0.000300560635,2.82468227e-05,-0.02956155,6.49346398,1736.22066
0.280676547,0.0803647536,-0.000383013285,0.00423667305,-0.0479449306,1.94261328,1737.01183
0.280687544,0.147935415,-0.000247275095,1.86100066e-05,-0.0293663115,6.53749825,1736.05588
0.280702403,0.148407569,-0.000195080411,1.13537448e-05,-0.0291830503,6.57858977,1735.90104
0.280716264,0.14884805,-0.000144135763,6.17253637e-06,-0.0290111159,6.61693613,1735.75578
0.280729196,0.149258983,-9.457414e-05,2.69160258e-06,-0.0288498817,6.65232704,1735.61972
0.280734665,0.0297856156,0.00132180686,0.00237958801,-0.0547591413,-0.0146663016,1735.93317
0.28074126,0.14964235,-4.65033176e-05,9.23733413e-07,-0.0286987456,6.68515063,1735.49243
0.280752515,0.15,0,0,-0.028557111,6.70055858,1735.37348
0.280830126,0.0322849924,0.00124685239,0.00262036169,-0.0544836098,0.111169338,1735.73892
0.280851715,0.0853696328,-0.0005009186,0.00407328844,-0.0472586335,2.16650066,1737.57947
0.280932451,0.0349640862,0.001156564,0.00286579771,-0.0541943191,0.23789525,1735.58109
0.281015132,0.0900387783,-0.00059718648,0.00387512962,-0.0465825025,2.39227967,1738.12647
0.281042134,0.0378358195,0.00105179213,0.00311171923,-0.0538904365,0.365557221,1735.46605
0.281159704,0.040914044,0.00093383633,0.00335312897,-0.0535708498,0.494519699,1735.40012
0.281167587,0.0943947116,-0.000675904854,0.00365545449,-0.0459163109,2.61706497,1738.6431
0.281237052,0,0,0,-0.0589022882,-2.36797198,1742.18662
0.281251278,0.000357650242,5.47051071e-05,1.28227894e-06,-0.0588560452,-2.3468628,1742.09402
0.281266528,0.000741017226,0.00011159726,3.56806978e-06,-0.0588065569,-2.30287934,1741.99487
0.281282873,0.00115195011,0.000170619254,8.21706913e-06,-0.0587536174,-2.25641796,1741.88878
0.281285728,0.0442136074,0.000804444364,0.00358406736,-0.0532340577,0.625313845,1735.38937
0.281300394,0.00159243101,0.000231687232,1.50676256e-05,-0.0586969996,-2.20627821,1741.77533
0.281309816,0.0984584434,-0.000740074506,0.00342249565,-0.0452606117,2.84088685,1739.12123
0.281319176,0.00206458457,0.000294686952,2.46684229e-05,-0.0586364643,-2.15317803,1741.65409
0.281339307,0.0025706882,0.000359460348,3.73939236e-05,-0.0585717599,-2.09689306,1741.52463
0.281360886,0.00311318307,0.000425805745,5.37236174e-05,-0.0585026223,-2.03740454,1741.38652
0.281384017,0.00369468589,0.000493471956,7.41575928e-05,-0.0584287755,-1.97458422,1741.23936
0.28140881,0.00431800152,0.00056215215,9.92487513e-05,-0.0583499314,-1.90832596,1741.08274
0.281420813,0.0477504251,0.000665795333,0.0037979223,-0.0528780294,0.759172741,1735.43947
0.281435387,0.00498613648,0.000631477628,0.000129595257,-0.0582657907,-1.83851888,1740.91631
0.281442503,0.102249575,-0.000792148891,0.00318355089,-0.0446164169,3.0620882,1739.55375
0.281463874,0.0057023135,0.00070101207,0.00016584305,-0.0581760437,-1.7650613,1740.73978
0.28149441,0.00646998704,0.000770245186,0.000208684432,-0.0580803712,-1.68786852,1740.55289
0.281527142,0.00729285993,0.000838587361,0.000258855442,-0.0579784457,-1.6068674,1740.35552
0.281562227,0.00817490128,0.000905365746,0.000317131826,-0.0578699336,-1.52200186,1740.14764
0.281565611,0.0515415566,0.000520369922,0.00398693226,-0.0525000287,0.897283143,1735.55552
0.28156629,0.105786393,-0.000834057212,0.00294369029,-0.0439849676,3.27978335,1739.93457
0.281599835,0.00912036556,0.000969821952,0.000384322474,-0.0577544968,-1.43323768,1739.92939
0.281640147,0.0101338132,0.00103111226,0.000461259475,-0.057631795,-1.34056617,1739.70108
0.281681773,0.109085956,-0.000867289375,0.00270698447,-0.0433675739,3.49277672,1740.25873
0.281683358,0.0112201325,0.00108831105,0.000548784271,-0.0575014888,-1.24400866,1739.46325
0.281720821,0.0556052884,0.000371118509,0.0041433401,-0.0520963928,1.04269179,1735.74192
0.281729676,0.0123845633,0.00114041826,0.000647728745,-0.0573632418,-1.14362107,1739.21671
0.281779324,0.0136327222,0.00118637151,0.000758890202,-0.0572167244,-1.03949846,1738.96259
0.281789509,0.112164181,-0.000893015108,0.00247638786,-0.0427655075,3.70014723,1740.52279
0.281832543,0.0149706296,0.00122506363,0.000882999113,-0.057061616,-0.931779095,1738.70237
0.281887192,0.0599612217,0.000220591412,0.00425805587,-0.0516622614,1.19734518,1736.00234
0.281889588,0.0164047389,0.00125536589,0.00102067862,-0.0568976077,-0.820647617,1738.43793
0.281890018,0.115035914,-0.000912123679,0.00225414071,-0.0421799317,3.90103432,1740.72509
0.281950735,0.0179419674,0.0012761572,0.00117239503,-0.0567244042,-0.706336532,1738.17159
0.281983785,0.117715008,-0.0009252902,0.00204185394,-0.0416118595,4.0947623,1740.86585
0.282016278,0.0195897299,0.00128635905,0.00133839892,-0.056541724,-0.589125302,1737.90616
0.282065525,0.0646303672,7.29810607e-05,0.00432333764,-0.0511912337,1.36529212,1736.33948
0.282071262,0.120214384,-0.000933014504,0.00184067157,-0.0410621326,4.28079992,1740.94713
0.282086534,0.0213559743,0.00128497593,0.00151865716,-0.056349298,-0.469335881,1737.64494
0.282152871,0.1225461,-0.000935665837,0.00165135232,-0.0405314135,4.4587769,1740.97256
0.282161843,0.0232492201,0.00127114015,0.00171277661,-0.0561468654,-0.347324106,1737.39174
0.282229005,0.124721401,-0.000933519173,0.00147434954,-0.0400201884,4.62846609,1740.94706
0.282242566,0.0252785992,0.00124415994,0.00191992219,-0.055934165,-0.223464435,1737.15088
0.282256682,0.0696352464,-7.14219737e-05,0.00433044289,-0.0506749741,1.55044509,1736.75532
0.282300032,0.12675078,-0.000926789279,0.00130986602,-0.0395287754,4.78977157,1740.87639
0.282329093,0.0274539002,0.00120356928,0.00213873029,-0.0557109219,-0.0981301655,1736.92714
0.282366295,0.128644026,-0.000915659189,0.00115790035,-0.0390573379,4.94270979,1740.76677
0.282421843,0.0297856156,0.00114917654,0.00236722669,-0.0554768268,0.0283402569,1736.7257
0.282428112,0.13041027,-0.00090030353,0.00101828371,-0.0386058992,5.08739105,1740.62455
0.282461583,0.075,-0.000208645411,0.00426759526,-0.0501025878,1.76121139,1737.25037
0.282485783,0.132058033,-0.000880906012,0.000890711214,-0.038174358,5.22400083,1740.45594
0.282521261,0.0322849924,0.00108111072,0.00260274218,-0.0552315059,0.15567192,1736.5521
0.282539585,0.133595261,-0.000857671277,0.000774768878,-0.0377625047,5.35278256,1740.26676
0.282589778,0.13502937,-0.000830831501,0.000669957373,-0.0373700364,5.47402218,1740.06233
0.282627828,0.0349640862,0.000999858528,0.0028418596,-0.0549744795,0.283724275,1736.41208
0.282636604,0.136367278,-0.000800648472,0.000575713121,-0.0369965709,5.58803495,1739.84741
0.282666484,0.0803647536,-0.000326966177,0.00414211315,-0.0495043098,1.98626577,1737.78452
0.282680289,0.137615437,-0.000767412029,0.000491427041,-0.0366416607,5.69515432,1739.62613
0.282721043,0.138779867,-0.00073143581,0.000416461051,-0.0363048041,5.79572293,1739.40203
0.282742058,0.0378358195,0.000906293992,0.00308033734,-0.0547051065,0.412500198,1736.31149
0.282759064,0.139866187,-0.000693051262,0.000350162396,-0.0359854568,5.89008544,1739.17805
0.282788892,0,0,0,-0.0592273056,-2.35226786,1742.41941
0.282794534,0.140879634,-0.000652600768,0.000291875814,-0.0356830411,5.97858281,1738.95664
0.28280333,0.000357650242,4.78228549e-05,1.25411896e-06,-0.059185315,-2.33125122,1742.33503
0.282818807,0.000741017226,9.76140049e-05,3.61770752e-06,-0.0591403852,-2.28695362,1742.24469
0.282827625,0.141825099,-0.000610430571,0.000240953654,-0.0353969546,6.06154816,1738.73972
0.282835396,0.00115195011,0.000149305665,8.28894674e-06,-0.0590923323,-2.23982285,1742.14804
0.282853177,0.00159243101,0.000202824033,1.52023803e-05,-0.0590409521,-2.18916202,1742.04469
0.282857641,0.0853696328,-0.000423757433,0.00397345702,-0.0489174685,2.20922022,1738.30901
0.282858496,0.14270714,-0.00056688393,0.000196763981,-0.0351265776,6.13930369,1738.52882
0.282864501,0.040914044,0.000801685866,0.00331314988,-0.0544225107,0.54231906,1736.25611
0.282872238,0.00206458457,0.000258069317,2.48647054e-05,-0.0589860302,-2.13548779,1741.93428
0.282887296,0.143530013,-0.000522295082,0.000158697195,-0.0348712797,6.21215914,1738.3251
0.282892669,0.0025706882,0.000314903681,3.76594196e-05,-0.058927341,-2.07861553,1741.81639
0.282914164,0.144297686,-0.000476982482,0.00012617021,-0.0346304256,6.28041033,1738.12938
0.282914569,0.00311318307,0.000373149584,5.40555893e-05,-0.0588646483,-2.01850698,1741.69066
0.282938044,0.00369468589,0.00043258352,7.45466234e-05,-0.0587977056,-1.95503786,1741.55671
0.28293923,0.145013864,-0.000431246362,9.86329561e-05,-0.0344033799,6.34433821,1737.94225
0.282962614,0.145681998,-0.000385367331,7.55642542e-05,-0.0341895116,6.40420794,1737.76405
0.282963207,0.00431800152,0.000492930098,9.967573e-05,-0.0587262562,-1.88809276,1741.41419
0.28298443,0.146305314,-0.000339601835,5.64780865e-05,-0.0339881973,6.46026917,1737.59495
0.282990179,0.00498613648,0.000553856689,0.000130030153,-0.0586500338,-1.81755389,1741.26278
0.282995749,0.0442136074,0.000687684798,0.00353437572,-0.0541254852,0.673690289,1736.25152
0.283004782,0.146886817,-0.000294180791,4.09259598e-05,-0.0337988247,6.5127624,1737.43498
0.283019091,0.0057023135,0.000614967572,0.0001662431,-0.0585687637,-1.74331977,1741.10221
0.283023769,0.147429312,-0.000249309526,2.84908085e-05,-0.0336207949,6.56190832,1737.28404
0.283035974,0.0900387783,-0.000501633787,0.00377347653,-0.0483406209,2.43315376,1738.81277
0.283041483,0.147935415,-0.000205167371,1.87959999e-05,-0.0334535244,6.60790531,1737.14194
0.283050081,0.00646998704,0.000675797848,0.000208992263,-0.0584821635,-1.6652989,1740.93228
0.283058008,0.148407569,-0.000161908726,1.14822977e-05,-0.033296447,6.65089093,1737.00844
0.283073424,0.14884805,-0.000119664668,6.251203e-06,-0.0331490151,6.69108523,1736.88322
0.2830833,0.00729285993,0.000735809263,0.000258997066,-0.0583899447,-1.58341212,1740.75287
0.283087807,0.149258983,-7.85445038e-05,2.72587786e-06,-0.0330107004,6.72823624,1736.76595
0.283101224,0.14964235,-3.86364287e-05,9.42267064e-07,-0.032880995,6.76281125,1736.65625
0.283113742,0.15,0,0,-0.0327593887,6.7790868,1736.55374
0.283118907,0.00817490128,0.000794387004,0.00031701474,-0.0582918145,-1.49759843,1740.56398
0.283136434,0.0477504251,0.000566320754,0.00373746865,-0.053812372,0.807803492,1736.30289
0.283157075,0.00912036556,0.000850838404,0.000383833194,-0.0581874774,-1.40781864,1740.36573
0.283197987,0.0101338132,0.000904394313,0.000460260741,-0.058076638,-1.31405986,1740.15843
0.283202345,0.0943947116,-0.00056460155,0.00355404936,-0.0477733865,2.65629176,1739.28714
0.283241841,0.0112201325,0.000954213757,0.000547111516,-0.0579590036,-1.21634046,1739.94259
0.283287235,0.0515415566,0.000439858013,0.00391494588,-0.0534809096,0.945966651,1736.41491
0.283288849,0.0123845633,0.000999392531,0.000645185611,-0.0578342866,-1.1147153,1739.71897
0.283339236,0.0136327222,0.00103897626,0.000755242825,-0.057702208,-1.00928079,1739.48859
0.283357555,0.0984584434,-0.000615244979,0.00332329362,-0.0472160899,2.87848239,1739.72498
0.283393246,0.0149706296,0.00107197832,0.000877969051,-0.0575625,-0.900179634,1739.25284
0.283448879,0.0556052884,0.000310987512,0.0040592642,-0.0531280444,1.09085008,1736.59157
0.28345114,0.0164047389,0.00109740279,0.00101393439,-0.0574149086,-0.787604458,1739.01343
0.283502353,0.102249575,-0.000655787479,0.00308804083,-0.0466694726,3.09819667,1740.1202
0.283513197,0.0179419674,0.0011142723,0.00116354251,-0.0572591959,-0.671799783,1738.7725
0.283579716,0.0195897299,0.00112166062,0.00132697109,-0.0570951404,-0.553061375,1738.53263
0.283622146,0.0599612217,0.000182010999,0.0041620039,-0.0527497,1.24443487,1736.83616
0.283637439,0.105786393,-0.000687926489,0.00285304503,-0.046134486,3.31454881,1740.4676
0.283651018,0.0213559743,0.00111872917,0.00150410415,-0.0569225368,-0.431731856,1738.29682
0.283727447,0.0232492201,0.00110476677,0.0016944571,-0.0567411921,-0.308192071,1738.06857
0.283763462,0.109085956,-0.000712988362,0.00262205365,-0.0456121489,3.52635941,1740.7631
0.283807872,0.0646303672,5.60917855e-05,0.0042151795,-0.0523404875,1.41069335,1737.15104
0.283809372,0.0252785992,0.00107923124,0.00189709783,-0.0565509191,-0.182845285,1737.85179
0.283881032,0.112164181,-0.000732009819,0.00239774104,-0.0451034518,3.73273132,1741.00399
0.283897187,0.0274539002,0.00104179171,0.0021105647,-0.0563515248,-0.0560972759,1737.65086
0.283990715,0.115035914,-0.00074577767,0.00218210358,-0.0446092962,3.93281834,1741.18911
0.283991317,0.0297856156,0.000992368875,0.0023327912,-0.0561427926,0.0716789458,1737.47052
0.284006953,0.0696352464,-6.56935929e-05,0.00421071901,-0.0518933737,1.59509373,1737.53776
0.284092215,0.0322849924,0.000931172617,0.00256102969,-0.0559244566,0.20017135,1737.31579
0.28409304,0.117715008,-0.000754887675,0.00197654246,-0.0441304583,4.1259649,1741.319
0.284188501,0.120214384,-0.000759775879,0.00178202905,-0.0436675709,4.31165245,1741.39575
0.284200368,0.0349640862,0.00085873067,0.00279180868,-0.0556961658,0.329202896,1737.19192
0.284220348,0.075,-0.000180185049,0.00413942211,-0.0513991488,1.8045256,1737.99649
0.284257295,0,0,0,-0.0595348478,-2.33201332,1742.63967
0.284271791,0.000357650242,4.13273295e-05,1.2455809e-06,-0.0594968332,-2.31087944,1742.56308
0.284277559,0.1225461,-0.000760758156,0.00159918238,-0.0432211173,4.48952138,1741.42287
0.284287329,0.000741017226,8.44095733e-05,3.61319212e-06,-0.0594561648,-2.26624912,1742.48109
0.284303984,0.00115195011,0.000129192613,8.26747336e-06,-0.0594126789,-2.21870222,1742.39339
0.284316298,0.0378358195,0.000775910026,0.00302086893,-0.0554574356,0.458739962,1737.10426
0.284321837,0.00159243101,0.000175615441,1.51571396e-05,-0.0593661927,-2.16762823,1742.29963
0.284340974,0.00206458457,0.0002235923,2.4774279e-05,-0.0593165143,-2.11351925,1742.19946
0.284360642,0.124721401,-0.000758060607,0.00142834883,-0.0427914346,4.65934848,1741.40488
0.284361486,0.0025706882,0.000273004592,3.74951542e-05,-0.0592634425,-2.0561934,1742.09254
0.284383474,0.00311318307,0.000323697039,5.37768146e-05,-0.0592067665,-1.99560714,1741.97853
0.284407043,0.00369468589,0.000375471367,7.41006236e-05,-0.0591462671,-1.93163095,1741.85708
0.284432306,0.00431800152,0.00042808132,9.89957258e-05,-0.0590817162,-1.86414072,1741.7279
0.284433743,0.0803647536,-0.000278276383,0.00400795836,-0.0508840292,2.02692889,1738.48984
0.284438152,0.12675078,-0.000751849777,0.00126965338,-0.0423787215,4.82103662,1741.34705
0.284440564,0.040914044,0.000683919618,0.00324321115,-0.0552075837,0.589070333,1737.05808
0.284459386,0.00498613648,0.000481227399,0.000129033632,-0.059012878,-1.79301657,1741.59068
0.284488413,0.0057023135,0.000534550542,0.000164830521,-0.0589395097,-1.71815308,1741.44521
0.284510463,0.128644026,-0.000742257899,0.00112304314,-0.0419830498,4.97459494,1741.25497
0.284519527,0.00646998704,0.000587627488,0.00020704487,-0.0588613627,-1.63945096,1741.2913
0.284552879,0.00729285993,0.00063996712,0.000256375646,-0.0587781837,-1.55682508,1741.12886
0.284573765,0.0442136074,0.00058429206,0.00345301428,-0.0549456482,0.720690277,1737.05847
0.284577923,0.13041027,-0.000729404387,0.000988320246,-0.0416043781,5.12012142,1741.13434
0.284588629,0.00817490128,0.000691008163,0.000313557658,-0.0586897171,-1.47020876,1740.95788
0.284626949,0.00912036556,0.00074011908,0.000379354191,-0.0585957061,-1.37955773,1740.77851
0.284632824,0.0853696328,-0.00035735306,0.00383603351,-0.0503800396,2.24798552,1738.97272
0.284640858,0.132058033,-0.000713412424,0.000865169402,-0.0412425651,5.25778474,1740.99066
0.284668025,0.0101338132,0.000786600696,0.000454546159,-0.0584958959,-1.28485525,1740.59104
0.28469957,0.133595261,-0.000694420841,0.000753180933,-0.0408973838,5.3878082,1740.82907
0.284712054,0.0112201325,0.000829692101,0.000539916698,-0.0583900355,-1.18611755,1740.39593
0.284716544,0.0477504251,0.000478888866,0.00364388334,-0.0546702827,0.854745941,1737.11018
0.284754345,0.13502937,-0.000672591418,0.000651870948,-0.0405685346,5.51045531,1740.65425
0.284759249,0.0123845633,0.000868580316,0.000636230231,-0.0582778813,-1.08339967,1740.1939
0.284805445,0.136367278,-0.000648112133,0.000560699216,-0.0402556572,5.6260176,1740.47037
0.284809838,0.0136327222,0.000902414041,0.000744204981,-0.0581591995,-0.97680115,1739.9859
0.28481855,0.0900387783,-0.000420248099,0.0036360354,-0.0498857431,2.46998195,1739.43514
0.284853117,0.137615437,-0.000621197001,0.000479085204,-0.0399583425,5.73480459,1740.28104
0.284864064,0.0149706296,0.000930321651,0.000864478079,-0.0580337691,-0.8664712,1739.77319
0.284869589,0.0515415566,0.000369751196,0.00380867205,-0.0543796256,0.99256769,1737.21746
0.284897591,0.138779867,-0.00059208328,0.000406422392,-0.0396761418,5.8371355,1740.08931
0.284922189,0.0164047389,0.000951433354,0.000997562592,-0.0579013848,-0.752612833,1739.55736
0.284939082,0.139866187,-0.000561026811,0.000342090909,-0.0394085765,5.93333274,1739.89775
0.28497779,0.140879634,-0.000528296255,0.000285468476,-0.0391551449,6.02371683,1739.70846
0.284984494,0.0179419674,0.000964907288,0.00114379623,-0.0577618592,-0.635485014,1739.34037
0.284991817,0.0943947116,-0.000470522179,0.00341886835,-0.0494006555,2.69146644,1739.86939
0.285013901,0.141825099,-0.00049416684,0.000235939651,-0.0389153301,6.10860248,1739.52309
0.285033639,0.0556052884,0.000259251607,0.0039400953,-0.0540711387,1.13650621,1737.38395
0.28504759,0.14270714,-0.000458914169,0.000192903439,-0.0386886048,6.18829584,1739.34294
0.285051279,0.0195897299,0.000969959077,0.00130328193,-0.0576150236,-0.515402133,1739.12455
0.285079018,0.143530013,-0.000422808606,0.000155779405,-0.0384744366,6.26309271,1739.169
0.285108339,0.144297686,-0.000386110283,0.000124012369,-0.0382722924,6.33327687,1739.00197
0.285122866,0.0213559743,0.000965894185,0.00147582135,-0.0574607282,-0.392729436,1738.91266
0.285135693,0.145013864,-0.000349065182,9.70758708e-05,-0.0380816414,6.39911936,1738.84234
0.285153461,0.0984584434,-0.000510416987,0.00319234561,-0.0489249303,2.91205222,1740.26918
0.285161211,0.145681998,-0.000311901654,7.44741224e-05,-0.0379019585,6.46087786,1738.69039
0.285185018,0.146305314,-0.000274828942,5.57443432e-05,-0.0377327266,6.51879592,1738.54625
0.285199601,0.0232492201,0.000952142287,0.00166084244,-0.0572988391,-0.267874175,1738.70787
0.285207228,0.146886817,-0.000238036569,4.04551269e-05,-0.0375734388,6.57310443,1738.40994
0.285209485,0.0599612217,0.000149369751,0.00403026826,-0.0537414112,1.28896539,1737.61256
0.285227948,0.147429312,-0.000201693236,2.82081783e-05,-0.0374235998,6.62401843,1738.28136
0.285247278,0.147935415,-0.000165947313,1.86415059e-05,-0.0372827278,6.67174419,1738.16035
0.285265312,0.148407569,-0.000130926823,1.14072991e-05,-0.0371503552,6.71641757,1738.04668
0.285281853,0.0252785992,0.000928292463,0.00185732474,-0.0571292335,-0.141269016,1738.51376
0.285282135,0.14884805,-9.67400044e-05,6.22334241e-06,-0.0370260298,6.75826234,1737.94008
0.285297831,0.149258983,-6.34779394e-05,2.71592089e-06,-0.0369093153,6.79697987,1737.84027
0.285304262,0.102249575,-0.000541904419,0.00296278989,-0.0484590999,3.13031675,1740.62926
0.285312473,0.14964235,-3.121533e-05,9.49372313e-07,-0.036799792,6.83315022,1737.74691
0.285326133,0.15,0,0,-0.0366970319,6.85023989,1737.65968
0.285370019,0.0274539002,0.000894128345,0.00206372294,-0.0569517894,-0.0133519053,1738.3343
0.285397976,0.0646303672,4.27153136e-05,0.00407151967,-0.0533859151,1.45410675,1737.90533
0.285444947,0.105786393,-0.000566461557,0.00273461539,-0.0480038884,3.34535355,1740.94523
0.285464525,0.0297856156,0.000849660711,0.00227789926,-0.0567663709,0.115470922,1738.17379
0.285565827,0.0322849924,0.000795157351,0.00249705599,-0.0565728062,0.244852899,1738.0368
0.285576195,0.109085956,-0.000585254237,0.00251122939,-0.0475600846,3.55599955,1741.21372
0.285600019,0.0696352464,-5.92437043e-05,0.00405648203,-0.0529987266,1.63683702,1738.26348
0.285646746,0,0,0,-0.0598258545,-2.30760016,1742.84807
0.285660874,0.000357650242,3.52530958e-05,1.23238882e-06,-0.0597914951,-2.28632603,1742.7788
0.285674412,0.0349640862,0.000731164591,0.00271770283,-0.0563708567,0.374583926,1737.92812
0.285676018,0.000741017226,7.20751475e-05,3.56696242e-06,-0.0597547421,-2.24144131,1742.70465
0.285692251,0.00115195011,0.000110427342,8.15807031e-06,-0.0597154493,-2.19365567,1742.62533
0.285698638,0.112164181,-0.0005991896,0.00229502284,-0.0471284577,3.7613715,1741.43259
0.285709651,0.00159243101,0.000150263121,1.49441379e-05,-0.059673453,-2.14231319,1742.54054
0.285728302,0.00206458457,0.000191512066,2.44081671e-05,-0.0596285814,-2.08791991,1742.44997
0.285748295,0.0025706882,0.000234074126,3.69128523e-05,-0.0595806543,-2.03028807,1742.3533
0.285769725,0.00311318307,0.000277814718,5.29010354e-05,-0.0595294838,-1.96937567,1742.25023
0.285790805,0.0378358195,0.000658522023,0.00293560612,-0.0561601752,0.504598812,1737.85258
0.285792696,0.00369468589,0.000322559253,7.2837801e-05,-0.0594748741,-1.90504234,1742.14045
0.285812868,0.115035914,-0.000608955802,0.00208774584,-0.0467097029,3.9606327,1741.60112
0.285816591,0.075,-0.000154186115,0.00397757085,-0.0525720745,1.84419265,1738.68689
0.285817318,0.00431800152,0.000368088322,9.72347202e-05,-0.0594166222,-1.83715742,1742.02369
0.285843711,0.00498613648,0.000414132053,0.000126644563,-0.0593545184,-1.7656015,1741.89969
0.285872002,0.0057023135,0.000460364763,0.000161662832,-0.0592883474,-1.69025987,1741.76824
0.285902327,0.00646998704,0.000506401212,0.000202926294,-0.0592178892,-1.61102646,1741.6292
0.285915568,0.040914044,0.000578364997,0.00314584273,-0.055940251,0.635155897,1737.81499
0.285919435,0.117715008,-0.000615073144,0.00189059107,-0.0463044108,4.15314237,1741.72007
0.285934833,0.00729285993,0.00055179362,0.000251110901,-0.0591429208,-1.52781035,1741.48248
0.285969676,0.00817490128,0.000596030474,0.000306926751,-0.0590632171,-1.44053922,1741.32809
0.286007024,0.00912036556,0.000638537646,0.000371110404,-0.058978554,-1.34916428,1741.16616
0.286018853,0.120214384,-0.000617919005,0.00170435849,-0.0459130513,4.33839064,1741.79155
0.286033162,0.0803647536,-0.000235020771,0.00384160791,-0.0521286912,2.06461604,1739.14084
0.286047058,0.0101338132,0.000678682265,0.000444413314,-0.0588887094,-1.25366592,1740.99696
0.286049301,0.0442136074,0.0004920927,0.00334274945,-0.0557103389,0.766754027,1737.82
0.28608997,0.0112201325,0.00071577974,0.000527585502,-0.0587934667,-1.15405983,1740.82093
0.286111603,0.1225461,-0.000617762794,0.00152952863,-0.0455359694,4.51602608,1741.81887
0.286135968,0.0123845633,0.000749104223,0.00062135352,-0.0586926169,-1.0504033,1740.63873
0.286185274,0.0136327222,0.000777902628,0.000726391834,-0.0585859619,-0.942801475,1740.45123
0.286192651,0.0477504251,0.000401383584,0.00352015127,-0.0554693697,0.90046703,1737.87189
0.28619813,0.124721401,-0.000614790815,0.00136634145,-0.045173388,4.68582806,1741.80623
0.286235205,0.0853696328,-0.000299317375,0.00366838473,-0.0516960387,2.28371978,1739.58384
0.286238124,0.0149706296,0.000801412155,0.000843286946,-0.0584733169,-0.831412884,1740.25958
0.286278853,0.12675078,-0.000609132887,0.0012148438,-0.0448254154,4.84769814,1741.75842
0.286294775,0.0164047389,0.000818881069,0.000972493835,-0.0583545136,-0.716453803,1740.06523
0.286346308,0.0515415566,0.000308056829,0.00367124638,-0.0552158388,1.03760499,1737.97453
0.286354161,0.128644026,-0.000600884139,0.00107493054,-0.0444920555,5.00163916,1741.68048
0.2863555,0.0179419674,0.000829592388,0.00111428478,-0.0582294019,-0.598200415,1739.86996
0.286420591,0.0195897299,0.00083288996,0.00126869099,-0.0580978514,-0.476988156,1739.6759
0.286423696,0.0900387783,-0.000349837865,0.00347017526,-0.0512727081,2.50381164,1740.00685
0.286424418,0.13041027,-0.00059012441,0.00094637359,-0.0441732199,5.14773856,1741.5775
0.286489961,0.132058033,-0.000576933426,0.000828846092,-0.0438687398,5.28615071,1741.45437
0.286490362,0.0213559743,0.000828206297,0.0014354384,-0.0579597519,-0.353206713,1739.48555
0.286511013,0.0556052884,0.000214147522,0.00378908572,-0.0549476684,1.18051053,1738.13116
0.286551108,0.133595261,-0.000561402206,0.000721941742,-0.0435783784,5.41708162,1741.31564
0.28656515,0.0232492201,0.000815091528,0.00161387886,-0.0578150111,-0.227290768,1739.30178
0.286599542,0.0943947116,-0.000389728446,0.00325712566,-0.0508581423,2.72368125,1740.40302
0.286608153,0.13502937,-0.000543640538,0.000625191551,-0.043301842,5.54077543,1741.16543
0.286645316,0.0252785992,0.000793242429,0.00180292067,-0.0576635502,-0.0997024142,1739.12785
0.286661371,0.136367278,-0.000523780956,0.00053807856,-0.0430387907,5.65750319,1741.00739
0.286687562,0.0599612217,0.000121398269,0.00386635422,-0.054662044,1.33182339,1738.34438
0.28671102,0.137615437,-0.000501979642,0.000460051185,-0.0427888479,5.76755354,1740.84467
0.286731246,0.0274539002,0.00076253103,0.0020009586,-0.0575052962,0.0290892848,1738.96733
0.286757338,0.138779867,-0.000478414857,0.000390535307,-0.0425516089,5.87122532,1740.67993
0.286763592,0.0984584434,-0.000420937082,0.00303664598,-0.0504523613,2.94273047,1740.76687
0.286800548,0.139866187,-0.000453283493,0.000328945196,-0.0423266484,5.96882162,1740.5154
0.286823355,0.0297856156,0.000723030397,0.00220581439,-0.0573401684,0.158647057,1738.82415
0.286840861,0.140879634,-0.000426796391,0.000274693198,-0.0421135268,6.06064518,1740.35287
0.286876806,0.0646303672,3.20343502e-05,0.0038958853,-0.054355209,1.4955628,1738.6159
0.286878469,0.141825099,-0.000399173002,0.000227198129,-0.0419117954,6.14699483,1740.19379
0.286913554,0.14270714,-0.000370635892,0.000185892346,-0.0417210017,6.22816278,1740.03926
0.286916637,0.102249575,-0.000445189757,0.00281453609,-0.0500557284,3.15961672,1741.09385
0.286922087,0.0322849924,0.000675038049,0.00241467827,-0.05716806,0.288593421,1738.70244
0.286946286,0.143530013,-0.000341405521,0.000150227471,-0.0415406923,6.30443252,1739.89011
0.286961491,0,0,0,-0.0601012146,-2.27962723,1743.04525
0.286975258,0.000357650242,2.96303372e-05,1.20763336e-06,-0.0600702944,-2.25823865,1742.98288
0.286976821,0.144297686,-0.000311695593,0.00011967879,-0.0413704166,6.37607726,1739.74696
0.286990015,0.000741017226,6.06693139e-05,3.47934763e-06,-0.0600372254,-2.21319384,1742.91612
0.287005309,0.145013864,-0.000281709237,9.3748497e-05,-0.041209729,6.44335925,1739.6102
0.287005833,0.00115195011,9.30918353e-05,7.95720374e-06,-0.0600018778,-2.16529743,1742.84472
0.287022789,0.00159243101,0.000126864582,1.45626953e-05,-0.0599641058,-2.11381136,1742.76839
0.287027918,0.0349640862,0.00061909168,0.00262408553,-0.0569888113,0.418689478,1738.60653
0.287031886,0.145681998,-0.00025163597,7.19679127e-05,-0.0410581912,6.506529,1739.48007
0.287040964,0.00206458457,0.00016193182,2.3768051e-05,-0.0599237564,-2.05926457,1742.68687
0.28705668,0.146305314,-0.000221649533,5.38986129e-05,-0.0409153735,6.56582409,1739.35666
0.287059416,0.105786393,-0.000463759605,0.00259484912,-0.049668782,3.37340467,1741.38026
0.287060445,0.0025706882,0.000198210063,3.59180724e-05,-0.0598806695,-2.00146046,1742.59987
0.287079657,0.0696352464,-5.25520537e-05,0.00387101797,-0.0540222353,1.67642567,1738.94661
0.28707981,0.146886817,-0.00019190631,3.9132866e-05,-0.0407808564,6.62147024,1739.23999
0.287081328,0.00311318307,0.000235582647,5.14388042e-05,-0.0598346782,-1.94035011,1742.50711
0.287101389,0.147429312,-0.000162544839,2.72938228e-05,-0.0406542315,6.67368148,1739.12997
0.287103712,0.00369468589,0.000273895476,7.07762555e-05,-0.0597856089,-1.87578528,1742.40834
0.287121521,0.147935415,-0.000133686283,1.80388022e-05,-0.0405351025,6.72267005,1739.02645
0.287127705,0.00431800152,0.000312952154,9.44212859e-05,-0.0597332823,-1.80763441,1742.30329
0.287140301,0.148407569,-0.000105434875,1.10371219e-05,-0.0404230856,6.7685465,1738.92922
0.287141358,0.0378358195,0.000555978267,0.00282987917,-0.056802173,0.548845611,1738.54084
0.287153424,0.00498613648,0.000352508107,0.000122905266,-0.0596775131,-1.73576973,1742.19175
0.287157823,0.14884805,-7.78777662e-05,6.02189223e-06,-0.0403178102,6.81152585,1738.83806
0.287174168,0.149258983,-5.10861693e-05,2.62140423e-06,-0.0402189193,6.85126574,1738.7527
0.287180992,0.0057023135,0.000392266795,0.000156800697,-0.0596181119,-1.66006798,1742.07353
0.287189418,0.14964235,-2.51167796e-05,9.24469761e-07,-0.0401260696,6.88848339,1738.67288
0.287192617,0.109085956,-0.000477659134,0.00238064657,-0.0492921223,3.58294551,1741.62333
0.287203644,0.15,0,0,-0.0400389051,6.90612546,1738.59828
0.287210543,0.00646998704,0.000431876505,0.000196720607,-0.0595548857,-1.58041679,1741.9485
0.287242218,0.00729285993,0.000470928432,0.000243315751,-0.0594876394,-1.49671877,1741.8166
0.287262956,0.040914044,0.00048673688,0.00302726716,-0.0566077593,0.679290058,1738.50973
0.287276171,0.00817490128,0.000508956766,0.000297269435,-0.0594161773,-1.40889607,1741.67785
0.287297094,0.075,-0.000130561963,0.0037853893,-0.0536566432,1.88165394,1739.33614
0.287312565,0.00912036556,0.000545441087,0.000359289172,-0.0593403052,-1.31689598,1741.53236
0.287316883,0.112164181,-0.000487672399,0.00217403787,-0.0489263366,3.78736235,1741.82143
0.287351576,0.0101338132,0.000579811447,0.000430094269,-0.0592598323,-1.2206972,1741.3804
0.287393392,0.0112201325,0.000611456342,0.000510398459,-0.0591745738,-1.12031645,1741.22238
0.287393298,0.0442136074,0.000412624239,0.00321079884,-0.0564049859,0.810527798,1738.5174
0.287432813,0.115035914,-0.000494394323,0.00197653046,-0.0485719517,3.98582471,1741.97418
0.287438215,0.0123845633,0.000639733675,0.000600886763,-0.0590843536,-1.01581539,1741.05889
0.287486261,0.0136327222,0.000663984641,0.000702185885,-0.0589890067,-0.907307164,1740.89074
0.287514531,0.0803647536,-0.000196368087,0.0036462747,-0.0532780131,2.10007098,1739.75238
0.287533011,0.0477504251,0.000335118775,0.00337456856,-0.0561929926,0.943570712,1738.56778
0.287537761,0.0149706296,0.000683550307,0.000814827697,-0.0588883824,-0.79496219,1740.71898
0.287540966,0.117715008,-0.00049827434,0.00178911449,-0.0482294067,4.17770237,1742.08249
0.287592965,0.0164047389,0.000697790557,0.000939205655,-0.0587823468,-0.679012522,1740.54493
0.287641864,0.120214384,-0.000499636036,0.00161242419,-0.04789904,4.36249115,1742.14846
0.287652138,0.0179419674,0.000706104996,0.00107552447,-0.0586707849,-0.559753842,1740.3702
0.287682771,0.0515415566,0.000255806321,0.00351214675,-0.0559705477,1.07976044,1738.66434
0.287715567,0.0195897299,0.000707955323,0.00122374364,-0.0585536024,-0.437544477,1740.19674
0.287717382,0.0853696328,-0.000248038174,0.00347340464,-0.0529096932,2.317262,1740.15726
0.287735994,0.1225461,-0.000498707901,0.0014468068,-0.0475810854,4.53984596,1742.17523
0.287783555,0.0213559743,0.00070288865,0.00138351652,-0.058430726,-0.312799749,1740.02679
0.287823809,0.124721401,-0.000495643231,0.00129239984,-0.0472756752,4.70954758,1742.16664
0.287843298,0.0556052884,0.000176436882,0.00361699291,-0.0557359299,1.22146582,1738.81002
0.287856433,0.0232492201,0.000690561287,0.00155412595,-0.0583021023,-0.185982237,1739.86297
0.287905734,0.12675078,-0.000490543462,0.00114917494,-0.0469828471,4.87149632,1742.12705
0.287906625,0.0900387783,-0.000288109384,0.00327861378,-0.052550308,2.53550257,1740.5427
0.287934551,0.0252785992,0.000670762107,0.00173442083,-0.0581676942,-0.0575830299,1739.7082
0.287982163,0.128644026,-0.000483476484,0.00101697651,-0.0467025531,5.02568938,1742.061
0.288015369,0.0599612217,9.85296458e-05,0.0036823604,-0.0554867891,1.37138408,1739.00712
0.288018285,0.0274539002,0.000643435377,0.0019227531,-0.0580274744,0.0718989663,1739.56573
0.288053465,0.13041027,-0.000474493863,0.00089554735,-0.0464346702,5.17220518,1741.97303
0.288083174,0.0943947116,-0.000319300273,0.00307133387,-0.0521992425,2.75378678,1740.90266
0.288108041,0.0297856156,0.000608700603,0.00211692658,-0.0578814145,0.201997615,1739.43909
0.288119984,0.132058033,-0.000463644269,0.00078454968,-0.0461790108,5.3111856,1741.86746
0.288182041,0.133595261,-0.000450984054,0.000683581075,-0.0459353336,5.4428216,1741.74833
0.288199812,0.0646303672,2.39434449e-05,0.00370164839,-0.0552199736,1.53346152,1739.2571
0.288204251,0.0322849924,0.000566870659,0.00231414749,-0.0577294687,0.332307585,1739.33203
0.288205545,0,0,0,-0.0603617694,-2.24870999,1743.23182
0.28821872,0.000357650242,2.44863355e-05,1.17030835e-06,-0.0603340341,-2.22724715,1743.17591
0.288232841,0.000741017226,5.02471716e-05,3.35025784e-06,-0.0603043753,-2.182149,1743.11606
0.288239935,0.13502937,-0.000436584471,0.000592188044,-0.0457033531,5.56734022,1741.61925
0.288247978,0.00115195011,7.72700518e-05,7.66432832e-06,-0.0602726779,-2.13427144,1743.05205
0.28824788,0.0984584434,-0.000343303522,0.00285850519,-0.0518564024,2.97135591,1741.23238
0.288264203,0.00159243101,0.000105533289,1.40138428e-05,-0.0602388123,-2.08276902,1742.98363
0.288281595,0.00206458457,0.000134994121,2.28579979e-05,-0.0602026424,-2.02819942,1742.91055
0.288293945,0.136367278,-0.000420536008,0.000509877709,-0.0454827487,5.68499419,1741.48342
0.288300237,0.0025706882,0.000165583111,3.45210774e-05,-0.0601640262,-1.97035533,1742.83257
0.288307378,0.0349640862,0.000518462282,0.00251100939,-0.0575715515,0.462564139,1739.24846
0.28832022,0.00311318307,0.000197199211,4.94094247e-05,-0.0601228156,-1.90917691,1742.74943
0.28834164,0.00369468589,0.000229705558,6.79479532e-05,-0.0600788571,-1.84450677,1742.6609
0.288344333,0.137615437,-0.000402950042,0.000436128482,-0.0452731731,5.79605343,1741.34357
0.288364599,0.00431800152,0.000262924651,9.06058583e-05,-0.0600319919,-1.7762125,1742.56676
0.28838921,0.00498613648,0.00029663376,0.000117891047,-0.0599820568,-1.70415611,1742.4668
0.28839134,0.138779867,-0.000383958285,0.000370399881,-0.0450742594,5.90079833,1741.20204
0.288397518,0.0696352464,-4.60860889e-05,0.0036688751,-0.0549313372,1.71236985,1739.56063
0.288401537,0.102249575,-0.000361610447,0.00264540062,-0.0515220038,3.18691789,1741.52799
0.28841559,0.0057023135,0.000330561815,0.000150352212,-0.0599288851,-1.62820636,1742.36088
0.288417921,0.0378358195,0.000464201536,0.00270346981,-0.057407506,0.592662752,1739.19236
0.288435194,0.139866187,-0.000363710461,0.000312141646,-0.0448856276,5.99951446,1741.06073
0.288443868,0.00646998704,0.000364387109,0.000188577597,-0.0598723074,-1.54824386,1742.24887
0.288474178,0.00729285993,0.000397736676,0.000233191895,-0.059812153,-1.46416501,1742.13072
0.288476106,0.140879634,-0.000342370709,0.000260802055,-0.0447068895,6.09248848,1740.92121
0.288506669,0.00817490128,0.000430187653,0.000284850568,-0.0597482516,-1.37588733,1742.00645
0.288514274,0.141825099,-0.00032011321,0.000215835385,-0.0445376538,6.18000494,1740.78471
0.288536413,0.040914044,0.000405024394,0.00288690916,-0.0572370638,0.722808991,1739.16767
0.288541495,0.00912036556,0.000461270916,0.000344230723,-0.0596804347,-1.28335562,1741.87619
0.288544886,0.105786393,-0.000375307596,0.00243569227,-0.0511964223,3.39950894,1741.78642
0.288549881,0.14270714,-0.000297117456,0.000176708359,-0.0443775293,6.26234375,1740.65217
0.288578825,0.0101338132,0.00049047716,0.000412017728,-0.059608538,-1.18654884,1741.74017
0.2885831,0.143530013,-0.000273563566,0.000142905522,-0.0442261279,6.33977829,1740.52431
0.28860944,0.075,-0.000110132225,0.00357863478,-0.0546154166,1.91543179,1739.91716
0.28861409,0.144297686,-0.000249627919,0.00011393349,-0.0440830672,6.4125738,1740.40163
0.28861884,0.0112201325,0.000517265486,0.000488886813,-0.0595324036,-1.08548727,1741.59877
0.288643002,0.145013864,-0.000225479348,8.932409e-05,-0.0439479719,6.48098622,1740.28447
0.288661732,0.0123845633,0.000541074408,0.000575478986,-0.0594518825,-0.980239702,1741.45254
0.288663424,0.0442136074,0.000342051472,0.00305612506,-0.0570597917,0.853480193,1739.17819
0.288669974,0.145681998,-0.000201276044,6.86365076e-05,-0.0438204755,6.54526143,1740.17303
0.28867862,0.109085956,-0.000385263581,0.00223209177,-0.0508800932,3.6079919,1742.00545
0.288695137,0.146305314,-0.000177163262,5.14583936e-05,-0.0437002206,6.60563448,1740.06739
0.288707708,0.0136327222,0.000561335059,0.000672370809,-0.059366837,-0.870930297,1741.30221
0.288718612,0.146886817,-0.000153271726,3.74067976e-05,-0.04358686,6.66233037,1739.96753
0.288740512,0.147429312,-0.000129716735,2.61265665e-05,-0.0434800571,6.71555816,1739.87338
0.28875699,0.0149706296,0.000577486307,0.000780037803,-0.0592771438,-0.757744306,1741.14873
0.288760943,0.147935415,-0.000106597646,1.72946074e-05,-0.0433794857,6.76552157,1739.78481
0.288780004,0.148407569,-8.39988303e-05,1.05997289e-05,-0.0432848305,6.81234892,1739.70163
0.288797786,0.14884805,-6.19902807e-05,5.79790638e-06,-0.0431957868,6.85628945,1739.62365
0.288799568,0.0477504251,0.000276564658,0.00320551966,-0.0568750263,0.985688109,1739.22746
0.288803382,0.112164181,-0.000392147791,0.00203642718,-0.0505734441,3.81149073,1742.1839
0.288809815,0.0164047389,0.000588991401,0.000898811589,-0.0591826962,-0.640932261,1740.99331
0.288814375,0.149258983,-4.06284011e-05,2.52568571e-06,-0.0431120608,6.89694036,1739.55064
0.288821361,0.0803647536,-0.000163701609,0.00343863228,-0.0542892069,2.13174605,1740.29717
0.288829851,0.14964235,-1.9957904e-05,9.04816937e-07,-0.0430333691,6.93516479,1739.48236
0.288844289,0.15,0,0,-0.0429594114,6.9533608,1739.41854
0.288866439,0.0179419674,0.000595355775,0.00102883128,-0.0590834065,-0.520811594,1740.83739
0.288919775,0.115035914,-0.000396468061,0.00184996541,-0.0502768545,4.00917892,1742.32166
0.288927134,0.0195897299,0.000596145626,0.00116998985,-0.0589792076,-0.397765122,1740.68272
0.288945502,0.0515415566,0.000209927299,0.00332907475,-0.0566817921,1.1208183,1739.31858
0.288992194,0.0213559743,0.000591006861,0.00132187732,-0.0588700538,-0.272234602,1740.53134
0.289019067,0.0853696328,-0.000205308813,0.00326828341,-0.0539727481,2.34704457,1740.66589
0.289028361,0.117715008,-0.000398608088,0.0016734981,-0.0499906319,4.20043397,1742.41978
0.289061932,0.0232492201,0.000579684114,0.00148372161,-0.05875592,-0.144710468,1740.3856
0.289101929,0.0556052884,0.000143639898,0.00342070678,-0.0564787026,1.26120151,1739.45419
0.289129662,0.120214384,-0.000398842436,0.00150749779,-0.0497150005,4.38475545,1742.48034
0.289136684,0.0252785992,0.000562039101,0.00165433163,-0.058636799,-0.0157117596,1740.24814
0.28920351,0.0900387783,-0.000237209194,0.0030788121,-0.0536647267,2.56352945,1741.01607
0.289216812,0.0274539002,0.00053806852,0.00183204132,-0.0585126961,0.114234683,1740.12188
0.289224168,0.1225461,-0.000397363473,0.00135218201,-0.0494500987,4.56180378,1742.50625
0.289269604,0.0599612217,7.90005759e-05,0.00347424439,-0.0562638437,1.40959652,1739.63625
0.2893027,0.0297856156,0.000507918933,0.00201466681,-0.0583836197,0.244636639,1740.00999
0.289312334,0.124721401,-0.000394296914,0.00120758846,-0.0491959814,4.73136066,1742.50105
0.289375581,0.0943947116,-0.000261716365,0.00287896249,-0.053364507,2.78026822,1741.34235
0.289382711,0,0,0,-0.0606083151,-2.21547196,1743.40834
0.289394587,0.12675078,-0.000389722174,0.0010736153,-0.048952627,4.89332578,1742.46868
0.289394765,0.0322849924,0.000471900636,0.0021994651,-0.058249568,0.375063936,1739.91586
0.289395212,0.000357650242,1.98397323e-05,1.12096682e-06,-0.0605835544,-2.19397183,1743.35848
0.28940861,0.000741017226,4.08418636e-05,3.18122393e-06,-0.06055708,-2.14892102,1743.3051
0.289422972,0.00115195011,6.30051435e-05,7.28265534e-06,-0.0605287905,-2.10118254,1743.24801
0.289438368,0.00159243101,8.63173089e-05,1.33039425e-05,-0.0604985709,-2.0497803,1743.18699
0.289449335,0.0646303672,1.75453675e-05,0.00348370189,-0.0560346309,1.56993293,1739.86601
0.289454869,0.00206458457,0.000110745913,2.16893777e-05,-0.060466301,-1.99530695,1743.12181
0.289471321,0.128644026,-0.000383687248,0.000950057387,-0.0487199445,5.04769168,1742.41321
0.289472558,0.0025706882,0.000136232188,3.27406806e-05,-0.0604318553,-1.93753511,1743.05226
0.289491518,0.00311318307,0.000162687203,4.68431067e-05,-0.0603951031,-1.87639779,1742.97811
0.28949345,0.0349640862,0.000430494259,0.00238312705,-0.0581105093,0.505232611,1739.84299
0.289511842,0.00369468589,0.000189987725,6.43985668e-05,-0.0603559091,-1.81173176,1742.89916
0.289533627,0.00431800152,0.000217971311,8.58536683e-05,-0.0603141337,-1.74339471,1742.8152
0.289536109,0.0984584434,-0.000280291674,0.00267517053,-0.0530719234,2.99642351,1741.64057
0.289542908,0.13041027,-0.000376223784,0.00083662864,-0.0484977834,5.19452944,1742.33864
0.289556979,0.00498613648,0.000246433345,0.000111692312,-0.0602696337,-1.67123878,1742.72607
0.28958201,0.0057023135,0.000275124739,0.000142438917,-0.060222263,-1.59512571,1742.63162
0.28959923,0.0378358195,0.000384355237,0.00256176594,-0.0579663555,0.635027914,1739.79499
0.28960884,0.00646998704,0.000303750803,0.000178656244,-0.0601718738,-1.51492899,1742.53176
0.289609693,0.132058033,-0.000367358534,0.000732980375,-0.0482859423,5.33397038,1742.24882
0.2896376,0.00729285993,0.000331971933,0.000220942064,-0.0601183176,-1.4305395,1742.42644
0.28964199,0.0696352464,-3.96639705e-05,0.00344378205,-0.0557876529,1.74687155,1740.14388
0.289668427,0.00817490128,0.000359406224,0.000269922661,-0.0600614467,-1.34187138,1742.31569
0.289671998,0.133595261,-0.00035712286,0.000638714049,-0.0480841786,5.46619248,1742.14728
0.289685868,0.102249575,-0.00029420848,0.00247221516,-0.0527870905,3.21072841,1741.90743
0.289701472,0.00912036556,0.00038563416,0.000326242789,-0.0600011162,-1.24886887,1742.19962
0.289712617,0.040914044,0.000334309001,0.00273097527,-0.0578169269,0.764629657,1739.77539
0.289730123,0.13502937,-0.000345559351,0.000553391953,-0.0478922159,5.59140773,1742.03718
0.289736892,0.0101338132,0.000410205405,0.000390551266,-0.0599371854,-1.15151358,1742.07846
0.289774859,0.0112201325,0.000432647576,0.000463481639,-0.0598695202,-1.0498321,1741.95255
0.289784349,0.136367278,-0.000332726197,0.000476546001,-0.0477097526,5.70985244,1741.92129
0.289815557,0.0123845633,0.000452476798,0.000545627468,-0.0597979955,-0.943903363,1741.82239
0.289825582,0.105786393,-0.000304385918,0.00227340153,-0.0525102685,3.42218836,1742.14034
0.289834156,0.0442136074,0.000281330164,0.00288583625,-0.0576619073,0.894494338,1739.78763
0.289834938,0.137615437,-0.00031869931,0.00040768581,-0.0475364684,5.82177932,1741.80199
0.289848498,0.075,-9.1501147e-05,0.00334992799,-0.0555184008,1.94777818,1740.46918
0.28985918,0.0136327222,0.000469209755,0.000637511947,-0.0597224979,-0.833865473,1741.68864
0.289882133,0.138779867,-0.000303572569,0.000346306209,-0.0473720305,5.92745147,1741.6813
0.289905941,0.0149706296,0.000482376925,0.000739551901,-0.0596429275,-0.719921253,1741.55217
0.289926163,0.139866187,-0.000287456503,0.000291894424,-0.0472160987,6.02713764,1741.56084
0.289955923,0.109085956,-0.00031156103,0.00208111912,-0.0522417731,3.62967437,1742.33752
0.289956063,0.0164047389,0.000491536639,0.000852016416,-0.0595592011,-0.60234202,1741.41404
0.289964435,0.0477504251,0.000226519636,0.00302109597,-0.0575007873,1.02566344,1739.83485
0.289967238,0.140879634,-0.000270475771,0.00024393688,-0.0470683301,6.12110866,1741.44197
0.290005559,0.141825099,-0.000252765813,0.000201925534,-0.0469283828,6.20963467,1741.32572
0.29000979,0.0179419674,0.000496289713,0.00097498077,-0.0594712544,-0.481468662,1741.27559
0.290041308,0.14270714,-0.000234468999,0.000165363583,-0.0467959184,6.2929829,1741.21291
0.290055006,0.0803647536,-0.000134427409,0.00321027854,-0.0552414417,2.16200704,1740.81482
0.29006738,0.0195897299,0.000496294353,0.00110827646,-0.0593790431,-0.357709455,1741.13837
0.29007466,0.143530013,-0.000215730601,0.000133770411,-0.0466706051,6.37141596,1741.10412
0.290077521,0.112164181,-0.000316299741,0.00189694284,-0.0519819174,3.83230576,1742.49808
0.290104082,0.0515415566,0.000171037753,0.00313117323,-0.0573327956,1.15955057,1739.91987
0.290105774,0.144297686,-0.000196694861,0.000106685656,-0.0465521188,6.44519036,1740.9998
0.290129111,0.0213559743,0.000491281112,0.00125143914,-0.0592825442,-0.231532744,1741.00421
0.290134801,0.145013864,-0.000177501392,8.36723334e-05,-0.0464401447,6.51455525,1740.9002
0.290161881,0.145681998,-0.000158282076,6.43190767e-05,-0.0463343779,6.57975156,1740.8055
0.290187145,0.146305314,-0.000139158585,4.82413572e-05,-0.0462345239,6.64101073,1740.71575
0.290190962,0.115035914,-0.000319031148,0.00172192796,-0.0517309748,4.02925582,1742.62214
0.290195281,0.0232492201,0.000481067677,0.0014036551,-0.0591817559,-0.103456194,1740.87522
0.290210713,0.146886817,-0.000120240614,3.50823584e-05,-0.0461402988,6.69855522,1740.63094
0.290232701,0.147429312,-0.000101624859,2.45118493e-05,-0.046051429,6.75259524,1740.55099
0.290247661,0.0853696328,-0.000167353514,0.00304377771,-0.0549737054,2.37546434,1741.14918
0.290253214,0.147935415,-8.33941552e-05,1.62297734e-05,-0.0459676516,6.80333495,1740.47579
0.29025377,0.0556052884,0.000116147166,0.00321046352,-0.0571568148,1.29844981,1740.045
0.290266208,0.0252785992,0.000465572979,0.00156371121,-0.0590766951,0.0259747501,1740.75376
0.29027235,0.148407569,-6.56172177e-05,9.94674944e-06,-0.0458887134,6.85089491,1740.40518
0.290290203,0.14884805,-4.83504593e-05,5.44394872e-06,-0.0458143716,6.89553712,1740.33898
0.290296793,0.117715008,-0.000320079804,0.00155669533,-0.0514891591,4.21990573,1742.7108
0.290306859,0.149258983,-3.16391709e-05,2.36589064e-06,-0.0457443928,6.93677876,1740.277
0.290322397,0.14964235,-1.55184705e-05,8.60415907e-07,-0.0456785535,6.97565516,1740.21903
0.290336893,0.15,0,0,-0.0456166121,6.99423748,1740.16485
0.290342236,0.0274539002,0.000444831021,0.00172994582,-0.058967393,0.156207535,1740.64246
0.290395525,0.120214384,-0.000319676678,0.00140158129,-0.051256615,4.40375592,1742.76604
0.290414221,0.0599612217,6.29400199e-05,0.00325336245,-0.0569712838,1.44518506,1740.21197
0.29042373,0.0297856156,0.00041900145,0.00190021391,-0.0588538881,0.286726502,1740.54416
0.290427392,0.0900387783,-0.000192253986,0.00286093569,-0.0547139345,2.59027513,1741.46584
0.290487633,0.1225461,-0.000317982337,0.00125669624,-0.0510334151,4.58047007,1742.79058
0.290496585,0,0,0,-0.0608416047,-2.18050624,1743.57537
0.290508356,0.000357650242,1.57009757e-05,1.06011328e-06,-0.0608196254,-2.15900518,1743.53115
0.290511084,0.0322849924,0.000388380603,0.00207185323,-0.0587362139,0.417080903,1740.46189
0.290520973,0.000741017226,3.24712497e-05,2.97357173e-06,-0.060796128,-2.11410054,1743.48383
0.290534497,0.00115195011,5.03186096e-05,6.81522336e-06,-0.0607710236,-2.06661483,1743.43321
0.290548994,0.00159243101,6.92374389e-05,1.24394919e-05,-0.0607442111,-2.01541998,1743.3791
0.290564533,0.00206458457,8.92023915e-05,2.02750504e-05,-0.0607155849,-1.96115172,1743.32131
0.290573563,0.124721401,-0.00031509947,0.00112199704,-0.0508195634,4.74982928,1742.78765
0.29058119,0.0025706882,0.00011016207,3.05987052e-05,-0.0606850345,-1.90355337,1743.25963
0.290586209,0.0646303672,1.26764565e-05,0.00325449836,-0.0567740801,1.60368488,1740.4218
0.290595067,0.0943947116,-0.000211085851,0.00266980298,-0.0544614747,2.8055313,1741.76012
0.290599044,0.00311318307,0.000132035682,4.37742867e-05,-0.0606524455,-1.84254955,1743.19388
0.29060472,0.0349640862,0.000353405349,0.00224168566,-0.0586143826,0.546976295,1740.3988
0.290618182,0.00369468589,0.000154709461,6.01807571e-05,-0.0606176994,-1.77797271,1743.12387
0.290638697,0.00431800152,0.000178032747,8.02412207e-05,-0.0605806741,-1.70966925,1743.04942
0.290653729,0.12675078,-0.000311090445,0.000997323892,-0.0506150004,4.91173204,1742.76081
0.290660686,0.00498613648,0.000201815945,0.000104415728,-0.0605412449,-1.63748155,1742.97039
0.290684256,0.0057023135,0.000225829297,0.000133204137,-0.0604992845,-1.56126367,1742.88666
0.290705088,0.0378358195,0.000314655866,0.00240601238,-0.0584883628,0.676275356,1740.35811
0.290709522,0.00646998704,0.000249803135,0.000167143266,-0.0604546649,-1.48088266,1742.79813
0.290728517,0.128644026,-0.000305989026,0.000882434222,-0.0504196103,5.06616663,1742.71368
0.290736604,0.00729285993,0.000273429793,0.000206802925,-0.0604072578,-1.39622522,1742.70478
0.290751494,0.0984584434,-0.000225090745,0.00247626821,-0.0542160938,3.02034353,1742.02844
0.290765633,0.00817490128,0.00029636731,0.000252778467,-0.0603569364,-1.3072041,1742.60663
0.290770564,0.0696352464,-3.37579255e-05,0.00320921894,-0.0565623917,1.77860724,1740.67473
0.290796749,0.00912036556,0.000318244873,0.000305679741,-0.0603035765,-1.21376543,1742.5038
0.290798288,0.13041027,-0.000299813619,0.000777022099,-0.050233229,5.21319787,1742.64986
0.290812673,0.040914044,0.000272846916,0.00256067071,-0.0583580492,0.805143299,1740.343
0.290830103,0.0101338132,0.000338669891,0.00036611574,-0.0602470589,-1.1158964,1742.39649
0.290863379,0.132058033,-0.000292576763,0.000680734355,-0.0500556519,5.35294821,1742.57272
0.290865856,0.0112201325,0.00035723648,0.000434674602,-0.060187271,-1.01363298,1742.28501
0.290897428,0.102249575,-0.00023534202,0.00228461843,-0.0539778118,3.23346409,1742.26801
0.290904179,0.0123845633,0.000373535079,0.000511898684,-0.0601241089,-0.907067364,1742.16982
0.290924104,0.133595261,-0.000284293536,0.000593180608,-0.0498866419,5.48558494,1742.48539
0.290927994,0.0442136074,0.000228810742,0.00270105744,-0.0582232242,0.934058498,1740.35653
0.290945258,0.0136327222,0.00038716295,0.000598254662,-0.0600574804,-0.796354486,1742.05151
0.290968175,0.075,-7.54755539e-05,0.00311369293,-0.0563324897,1.97734999,1740.96998
0.290980755,0.13502937,-0.000274987361,0.000513941637,-0.0497259363,5.61130744,1742.39064
0.29098929,0.0149706296,0.000397735251,0.00069409882,-0.0599873065,-0.681717226,1741.93086
0.291033572,0.105786393,-0.000242608073,0.00209778604,-0.0537467807,3.44386347,1742.47674
0.291033606,0.136367278,-0.000264694188,0.000442575736,-0.0495732534,5.73033812,1742.29089
0.291036489,0.0164047389,0.000404896411,0.000799637952,-0.0599135244,-0.563449535,1741.80883
0.291051607,0.0477504251,0.000183482267,0.00282229372,-0.0580835106,1.06405875,1740.40152
0.291082911,0.137615437,-0.000253464777,0.000378624613,-0.0494282986,5.84291502,1742.18823
0.291087081,0.0179419674,0.000408331695,0.000914886538,-0.0598360893,-0.441916953,1741.68661
0.291128909,0.138779867,-0.000241365435,0.000321618864,-0.0492907693,5.94928623,1742.08438
0.291141311,0.0195897299,0.000407778751,0.00103962108,-0.0597549766,-0.317553656,1741.56559
0.291160583,0.109085956,-0.000247505602,0.00191783986,-0.0535232054,3.65041534,1742.65322
0.291165786,0.0803647536,-0.000109695359,0.00297633874,-0.0560968786,2.18951619,1741.28285
0.291171821,0.139866187,-0.000228477441,0.000271083395,-0.0491603595,6.04970579,1741.98078
0.291184108,0.0515415566,0.000137836133,0.00291924961,-0.0579383124,1.19656723,1740.48046
0.291199441,0.0213559743,0.000403039087,0.00117333319,-0.0596701822,-0.19085418,1741.44742
0.291211855,0.140879634,-0.000214895412,0.000226542769,-0.0490367634,6.14443052,1741.87859
0.291249204,0.141825099,-0.000200724862,0.000187526423,-0.0489196788,6.23371773,1741.77869
0.291261751,0.0232492201,0.000393989225,0.0013151819,-0.0595817232,-0.0623623695,1741.33396
0.291279075,0.112164181,-0.000250506601,0.00174610486,-0.0533072917,3.85223537,1742.79688
0.291284047,0.14270714,-0.000186079217,0.0001535736,-0.0488088092,6.3178234,1741.68178
0.291316552,0.143530013,-0.000171076503,0.00012423783,-0.0487038664,6.39700065,1741.58836
0.291326138,0.0556052884,9.29180975e-05,0.00298681451,-0.0577867455,1.33388388,1740.59538
0.29132854,0.0252785992,0.000380591412,0.00146395059,-0.059489636,0.0673517466,1741.22733
0.291346877,0.144297686,-0.000155835955,9.90908029e-05,-0.0486045712,6.47149842,1741.49881
0.291350141,0.0853696328,-0.000135641967,0.00281542552,-0.055869892,2.40115976,1741.58474
0.291375168,0.145013864,-0.000140474726,7.77254976e-05,-0.048510655,6.54156029,1741.41334
0.291389618,0.115035914,-0.000251968364,0.00158342988,-0.0530992149,4.04849313,1742.90801
0.291400133,0.0274539002,0.000362903984,0.00161800409,-0.0593939732,0.197711762,1741.12987
0.291401561,0.145681998,-0.000125104896,5.97585626e-05,-0.0484218599,6.60742341,1741.33208
0.291426184,0.146305314,-0.000109830897,4.48316741e-05,-0.0483379394,6.66931699,1741.25509
0.291449154,0.146886817,-9.474749e-05,3.26125951e-05,-0.0482586577,6.7274631,1741.18234
0.291470585,0.147429312,-7.99382885e-05,2.27941788e-05,-0.0481837897,6.78207507,1741.11378
0.291476873,0.0297856156,0.000341088624,0.00177526147,-0.0592947968,0.32818306,1741.04412
0.291478379,0.0599612217,4.96345236e-05,0.00301994709,-0.0576275559,1.47888162,1740.74779
0.291490577,0.147935415,-6.54749772e-05,1.5099593e-05,-0.0481131207,6.83336651,1741.04928
0.291492745,0.117715008,-0.00025216141,0.0014302704,-0.0528991019,4.23857356,1742.98774
0.291509228,0.148407569,-5.14167214e-05,9.25901858e-06,-0.0480464455,6.88143709,1740.98872
0.291522129,0.0900387783,-0.000155011803,0.00264069284,-0.0556503436,2.6143411,1741.86995
0.291526628,0.14884805,-3.78107848e-05,5.07541671e-06,-0.0479835682,6.92657365,1740.93193
0.291542861,0.149258983,-2.46927284e-05,2.20405074e-06,-0.047924301,6.96824752,1740.87876
0.291550569,0,0,0,-0.0610623511,-2.14439367,1743.7334
0.291558005,0.14964235,-1.20883421e-05,8.17988693e-07,-0.0478684642,7.00764225,1740.82903
0.291559131,0.0322849924,0.000315419653,0.00193317009,-0.059192169,0.458301323,1740.97277
0.29156146,0.000357650242,1.20748119e-05,9.89201587e-07,-0.0610429503,-2.12293257,1743.69445
0.291572133,0.15,0,0,-0.0478158579,7.02654381,1740.78254
0.291573134,0.000741017226,2.51422227e-05,2.73032664e-06,-0.0610222118,-2.07827328,1743.65276
0.291585647,0.00115195011,3.92162383e-05,6.26793724e-06,-0.0610000579,-2.03114766,1743.60816
0.291588955,0.120214384,-0.000251277536,0.00128683235,-0.0527070234,4.42197774,1743.03798
0.29159906,0.00159243101,5.42946771e-05,1.14318443e-05,-0.0609764001,-1.98025871,1743.56048
0.291613438,0.00206458457,7.03556161e-05,1.86352754e-05,-0.0609511457,-1.92629104,1743.50955
0.29162885,0.0025706882,8.73516623e-05,2.81289853e-05,-0.0609241981,-1.86895556,1743.45519
0.291641567,0.0646303672,9.00726288e-06,0.00301388115,-0.0574590242,1.63549535,1740.93849
0.291645369,0.00311318307,0.000105207054,4.0255152e-05,-0.0608954574,-1.80816885,1743.39724
0.291647304,0.0349640862,0.000286285482,0.00208871185,-0.0590861381,0.587753607,1740.91864
0.291663077,0.00369468589,0.000123814116,5.53706309e-05,-0.06086482,-1.74375254,1743.33553
0.29167871,0.1225461,-0.000249449082,0.00115312379,-0.0525229921,4.59837049,1743.06124
0.291682057,0.00431800152,0.000143031256,7.38755212e-05,-0.0608321796,-1.67554221,1743.26991
0.29168258,0.0943947116,-0.000169438997,0.00245950517,-0.055437582,2.8281739,1742.13439
0.291702403,0.00498613648,0.000162681853,9.62066306e-05,-0.0607974277,-1.60337211,1743.20025
0.291724211,0.0057023135,0.000182554204,0.000122839317,-0.060760454,-1.52708922,1743.12644
0.291741817,0.0378358195,0.000254188164,0.00223840214,-0.0589767194,0.716385749,1740.88459
0.291747588,0.00646998704,0.000202403014,0.000154284079,-0.0607211474,-1.44655574,1743.04841
0.291762445,0.124721401,-0.000246759307,0.00102902426,-0.0523469651,4.76753226,1743.06045
0.291772646,0.00729285993,0.000221952388,0.000191081633,-0.0606793975,-1.36165638,1742.96613
0.291799505,0.00817490128,0.000240900281,0.000233794461,-0.0606350951,-1.27230529,1742.87964
0.29181649,0.0696352464,-2.82436931e-05,0.00296457927,-0.0572788623,1.80839064,1741.16759
0.291828296,0.00912036556,0.00025892427,0.000282994843,-0.0605881343,-1.17845371,1742.78904
0.291832268,0.0984584434,-0.000179965245,0.00227720371,-0.055231334,3.04170807,1742.375
0.291840563,0.12675078,-0.00024325714,0.000914318846,-0.052178849,4.92936129,1743.03878
0.291843126,0.040914044,0.000219735899,0.00237835096,-0.0588638701,0.84437294,1740.87346
0.291859156,0.0101338132,0.000275688425,0.000339248823,-0.0605384136,-1.08009781,1742.69451
0.291892236,0.0112201325,0.000290850994,0.000403095977,-0.0604858384,-0.977286399,1742.59634
0.291913441,0.128644026,-0.000238965936,0.000808729114,-0.052018506,5.08384255,1742.99949
0.291927695,0.0123845633,0.000304072649,0.000475024905,-0.0604303222,-0.870127994,1742.49493
0.291951719,0.0442136074,0.000183633216,0.00250429708,-0.0587474566,0.972204862,1740.88796
0.291965703,0.0136327222,0.000315025156,0.000555444514,-0.0603717896,-0.758797094,1742.39081
0.291971915,0.102249575,-0.000187484898,0.0020976109,-0.0550315528,3.2537052,1742.58943
0.291981429,0.13041027,-0.000233895409,0.000711929961,-0.0518657605,5.231036,1742.94572
0.29200399,0.075,-6.14238072e-05,0.00286885826,-0.0570840235,2.00498762,1741.43424
0.292006444,0.0149706296,0.000323400177,0.000644651368,-0.060310178,-0.64353877,1742.28468
0.292044857,0.132058033,-0.00022804888,0.000623563891,-0.0517204064,5.37105679,1742.88046
0.292050114,0.0164047389,0.000328918002,0.000742793551,-0.0602454398,-0.524670878,1742.1774
0.292068121,0.0477504251,0.000146656065,0.00261175419,-0.0586272147,1.10090735,1740.93059
0.292096925,0.0179419674,0.000331336313,0.000849831644,-0.0601775447,-0.402584202,1742.07002
0.292102194,0.105786393,-0.000192634004,0.00192330927,-0.0548383112,3.46310783,1742.77595
0.292104031,0.133595261,-0.000221430555,0.000543248405,-0.0515822129,5.50406348,1742.80642
0.292147101,0.0195897299,0.000330458815,0.000965497906,-0.0601064813,-0.277738626,1741.96377
0.292159234,0.13502937,-0.000214050395,0.000470582435,-0.0514509313,5.63024456,1742.72601
0.29219149,0.0803647536,-8.83685803e-05,0.0027352856,-0.0568851679,2.21511954,1741.71603
0.292192893,0.0515415566,0.000109607648,0.00269605239,-0.0585027006,1.23192854,1741.00354
0.292200886,0.0213559743,0.000326143953,0.00108925458,-0.0600322581,-0.15065374,1741.86011
0.292210735,0.136367278,-0.000205927945,0.000405150525,-0.0513262996,5.74981023,1742.64135
0.292223733,0.109085956,-0.000195922714,0.00175607635,-0.0546517311,3.66878343,1742.93349
0.292258537,0.0232492201,0.00031831271,0.00122025208,-0.059954904,-0.0218978006,1741.76071
0.292258781,0.137615437,-0.000197094532,0.00034652676,-0.0512080481,5.86298522,1742.55421
0.292303604,0.138779867,-0.000187594282,0.000294278282,-0.051095903,5.97000368,1742.46609
0.292320335,0.0252785992,0.000306956858,0.00135729266,-0.0598744667,0.107936594,1741.66743
0.292326636,0.0556052884,7.33480338e-05,0.00275258281,-0.0583732332,1.36758676,1741.10859
0.29233712,0.112164181,-0.000197739907,0.00159701367,-0.0544719385,3.86984211,1743.0617
0.29234542,0.139866187,-0.000177484086,0.000247968993,-0.0509895903,6.07110546,1742.37823
0.292366413,0.0853696328,-0.00010855768,0.00258130574,-0.0566943269,2.4250155,1741.98723
0.292384431,0.140879634,-0.00016683272,0.000207163361,-0.0508888389,6.16653344,1742.29159
0.292386575,0.0274539002,0.000292146833,0.00149879286,-0.0597910106,0.238252123,1741.58236
0.292420825,0.141825099,-0.000155719271,0.000171430379,-0.0507933831,6.25653162,1742.20693
0.2924429,0.115035914,-0.00019838062,0.00144679096,-0.0542990355,4.06544672,1743.16098
0.292454778,0.14270714,-0.00014423102,0.000140347528,-0.0507029646,6.34134375,1742.12486
0.292457579,0.0297856156,0.000274036329,0.00164276412,-0.0597046111,0.368502823,1741.50775
0.292469996,0.0599612217,3.86152868e-05,0.00277685735,-0.0582378273,1.51079098,1741.247
0.292486453,0.143530013,-0.000132460971,0.000113504586,-0.050617334,6.42121216,1742.04577
0.292516004,0.144297686,-0.000120505146,9.05071284e-05,-0.0505362527,6.49637676,1741.96999
0.292529601,0.0900387783,-0.000123425043,0.00241585221,-0.0565103891,2.63665674,1742.24281
0.292533688,0.0322849924,0.000252869814,0.0017867929,-0.059615347,0.498207021,1741.44597
0.292541585,0.117715008,-0.000198067858,0.0013057236,-0.0541330854,4.25498319,1743.23246
0.292543572,0.145013864,-0.000108459818,7.09795269e-05,-0.0504594926,6.56707404,1741.89768
0.292547883,0,0,0,-0.0612712287,-2.1076772,1743.88293
0.292557925,0.000357650242,8.95672351e-06,9.10733388e-07,-0.0612542524,-2.0862965,1743.84891
0.292568688,0.000741017226,1.88410917e-05,2.45548822e-06,-0.061236108,-2.04197717,1743.81248
0.292569291,0.145681998,-9.64187968e-05,5.45674369e-05,-0.0503868375,6.63353622,1741.82897
0.292580226,0.00115195011,2.96692092e-05,5.64743807e-06,-0.0612167284,-1.99530262,1743.7735
0.292592593,0.00159243101,4.14383048e-05,1.02935905e-05,-0.0611960366,-1.94480055,1743.73184
0.292593284,0.146305314,-8.44709342e-05,4.09393125e-05,-0.0503180827,6.69598959,1741.76387
0.29260585,0.00206458457,5.4126446e-05,1.679134e-05,-0.0611739523,-1.89120411,1743.68733
0.29261527,0.0349640862,0.000228982122,0.00192804826,-0.0595232882,0.627033032,1741.39954
0.292615668,0.146886817,-7.26979478e-05,2.97880958e-05,-0.0502530348,6.75465573,1741.70237
0.292620059,0.0025706882,6.76862105e-05,2.53656567e-05,-0.061150392,-1.83418758,1743.63982
0.292623664,0.0646303672,6.22628144e-06,0.00276469763,-0.058095117,1.66548954,1741.41942
0.292633649,0.120214384,-0.000196958606,0.00117390993,-0.0539741059,4.4379543,1743.27793
0.292635291,0.00311318307,8.20435716e-05,3.63379369e-05,-0.0611252692,-1.77366642,1743.58916
0.292636551,0.147429312,-6.1172667e-05,2.08294295e-05,-0.0501915113,6.80974376,1741.64441
0.292651617,0.00369468589,9.70945617e-05,5.00429087e-05,-0.0610984945,-1.70944594,1743.53522
0.292656032,0.147935415,-4.99582195e-05,1.38091336e-05,-0.0501333401,6.86147148,1741.58989
0.292669118,0.00431800152,0.000112704808,6.68584916e-05,-0.0610699764,-1.64135156,1743.47785
0.292674207,0.148407569,-3.91073987e-05,8.47560928e-06,-0.0500783583,6.90994858,1741.5387
0.292681843,0.0943947116,-0.000134314998,0.00224560235,-0.0563327147,2.84913697,1742.47924
0.292687877,0.00498613648,0.000128709483,8.7198241e-05,-0.0610396216,-1.5692101,1743.41696
0.292691163,0.14884805,-2.86611933e-05,4.65783168e-06,-0.0500264115,6.95549739,1741.49069
0.292702718,0.0378358195,0.000202797329,0.00206328707,-0.0594284804,0.754834233,1741.37097
0.292706981,0.149258983,-1.86491001e-05,2.02519659e-06,-0.0499773527,6.99751011,1741.44573
0.292707985,0.0057023135,0.000144914527,0.000111512357,-0.0610073355,-1.49286294,1743.35244
0.292719538,0.1225461,-0.00019516071,0.00105127595,-0.0538220674,4.61402191,1743.2997
0.292721738,0.14964235,-9.09461815e-06,7.74909893e-07,-0.0499310418,7.03733359,1741.40367
0.292729538,0.00646998704,0.00016109917,0.00014028342,-0.0609730235,-1.41216961,1743.28424
0.292735505,0.15,0,0,-0.0498873171,7.05652126,1741.36433
0.292752642,0.00729285993,0.000177019681,0.000174020414,-0.0609365912,-1.32701557,1743.21234
0.292777407,0.00817490128,0.000192414143,0.000213249323,-0.0608979466,-1.23731951,1743.13677
0.292788382,0.0696352464,-2.32472654e-05,0.0027126478,-0.0579432745,1.83636105,1741.62582
0.292796454,0.040914044,0.000174822625,0.00218891895,-0.0593309227,0.881791778,1741.36279
0.292799666,0.124721401,-0.000192741225,0.000937640791,-0.0536768958,4.7829662,1743.30042
0.292803952,0.00912036556,0.000207008082,0.000258500455,-0.0608570003,-1.14304117,1743.05762
0.292823872,0.0984584434,-0.000142090389,0.00207535367,-0.0561610019,3.06146847,1742.69392
0.292832406,0.0101338132,0.000220520688,0.000310292125,-0.0608136679,-1.04418916,1742.97507
0.292862907,0.0112201325,0.000232671296,0.000369110718,-0.0607678712,-0.940828272,1742.88937
0.292874418,0.12675078,-0.000189738563,0.00083274875,-0.0535384765,4.94468532,1743.28293
0.2928956,0.0123845633,0.000243186002,0.000435387247,-0.0607195403,-0.833085957,1742.80088
0.29289693,0.0442136074,0.000145642288,0.00230104039,-0.0592305413,1.00838598,1741.37739
0.292930644,0.0136327222,0.000251804424,0.000509470451,-0.0606686153,-0.721158389,1742.71007
0.292944156,0.128644026,-0.000186168667,0.000736296419,-0.05340666,5.09915995,1743.25009
0.292956373,0.102249575,-0.000147486726,0.00190848197,-0.0559951511,3.27240986,1742.88488
0.292964944,0.075,-4.9267565e-05,0.00261810632,-0.0577798539,2.03084375,1741.8653
0.292968208,0.0149706296,0.000258286359,0.000591596897,-0.0606150487,-0.605314395,1742.61756
0.29300463,0.0477504251,0.000115888312,0.00239556964,-0.0591271549,1.13566903,1741.41698
0.293008473,0.0164047389,0.000262418272,0.000681858263,-0.0605588074,-0.485896139,1742.52412
0.293009216,0.13041027,-0.000182035977,0.000647947621,-0.0532812678,5.24644657,1743.20471
0.293051633,0.0179419674,0.00026401946,0.000780166293,-0.0604998743,-0.36331942,1742.43065
0.293069911,0.132058033,-0.000177338338,0.000567346415,-0.0531620978,5.38665451,1743.14937
0.293079986,0.105786393,-0.000151023963,0.00174723465,-0.05583517,3.48088153,1743.05074
0.293097897,0.0195897299,0.000262948196,0.000886217459,-0.0604382503,-0.238068924,1742.33828
0.293120075,0.0515415566,8.62108737e-05,0.00246829744,-0.0590204346,1.26511589,1741.48348
0.293126535,0.133595261,-0.000172073489,0.000494121784,-0.0530489301,5.51993562,1743.08647
0.293141506,0.0803647536,-7.01743442e-05,0.00248965803,-0.0576138563,2.23898952,1742.11765
0.293147487,0.0213559743,0.000259108536,0.000999456041,-0.0603739555,-0.110689187,1742.24826
0.29317936,0.13502937,-0.000166243132,0.000427892758,-0.0529415318,5.64646941,1743.01809
0.293195307,0.109085956,-0.000153118737,0.00159311859,-0.0556811126,3.68574349,1743.19069
0.293200643,0.0232492201,0.000252455174,0.00111903796,-0.0603070293,0.0182300658,1742.16208
0.293228642,0.136367278,-0.000159856175,0.000368270955,-0.0528396617,5.76645594,1742.94607
0.293243821,0.0556052884,5.73060144e-05,0.00251510605,-0.0589098553,1.39904053,1741.57842
0.293257621,0.0252785992,0.000243000222,0.00124380132,-0.0602375301,0.148076827,1742.08137
0.293274618,0.137615437,-0.000152930678,0.000314862901,-0.0527430741,5.88010875,1742.87196
0.293302892,0.112164181,-0.00015408685,0.00144702987,-0.0555330389,3.88609474,1743.30457
0.293306224,0.0853696328,-8.56403394e-05,0.00234379244,-0.057455261,2.4471837,1742.35986
0.29331751,0.138779867,-0.00014549497,0.000267271929,-0.0526515221,5.98765008,1742.79703
0.293318696,0.0274539002,0.000230818801,0.00137223374,-0.0601655328,0.278237161,1742.00798
0.293357525,0.139866187,-0.000137587939,0.000225100444,-0.0525647608,6.08930722,1742.72234
0.293376465,0.0599612217,2.9764521e-05,0.00253203519,-0.0587946414,1.54039778,1741.70289
0.293384162,0.0297856156,0.000216051929,0.00150245947,-0.0600911249,0.408150855,1741.94387
0.293394855,0.140879634,-0.000129258661,0.000187952373,-0.0524825493,6.18531043,1742.64872
0.293403261,0.115035914,-0.0001541689,0.00130947744,-0.0553909911,4.08109493,1743.39285
0.293429681,0.141825099,-0.000120565495,0.000155435956,-0.0524046534,6.27589138,1742.57682
0.293454337,0.0322849924,0.000198911764,0.00163222341,-0.0600144001,0.537319448,1741.89114
0.293459892,0.0900387783,-9.6859812e-05,0.00218861861,-0.0573030326,2.65733729,1742.58755
0.293462171,0.14270714,-0.000111574692,0.000127166722,-0.0523308467,6.36128218,1742.50713
0.293491575,0,0,0,-0.0614688755,-2.07085737,1744.02441
0.293492482,0.143530013,-0.000102358682,0.000102770555,-0.0522609122,6.44171463,1742.44002
0.293496896,0.117715008,-0.000153545584,0.00118065444,-0.0552549809,4.27012583,1743.45666
0.293500614,0.000357650242,6.33848406e-06,8.29462214e-07,-0.0614541405,-2.04962494,1743.99496
0.293510302,0.000741017226,1.35493814e-05,2.15349564e-06,-0.061438393,-2.00575569,1743.96342
0.293518646,0.0646303672,4.2300288e-06,0.00251545295,-0.0586737051,1.69315617,1741.85739
0.293520688,0.00115195011,2.16435288e-05,4.96098372e-06,-0.0614215752,-1.95960559,1743.92968
0.293520759,0.144297686,-9.29940811e-05,8.18867231e-05,-0.0521946432,6.51741956,1742.37573
0.293529557,0.0349640862,0.000179679823,0.00175890249,-0.0599354482,0.66541152,1741.852
0.29353182,0.00159243101,3.06145161e-05,9.04163868e-06,-0.0614036208,-1.90955583,1743.89359
0.293543752,0.00206458457,4.04379416e-05,1.47746382e-05,-0.0613844604,-1.85639143,1743.85503
0.29354714,0.145013864,-8.35595202e-05,6.41706346e-05,-0.0521318441,6.58862607,1742.31441
0.293556543,0.0025706882,5.1064e-05,2.23596291e-05,-0.0613640222,-1.79974229,1743.81387
0.293570253,0.00311318307,6.2417971e-05,3.20994424e-05,-0.0613422317,-1.73951917,1743.76997
0.293571751,0.145681998,-7.41333868e-05,4.92963577e-05,-0.0520723311,6.65556096,1742.25615
0.29358425,0.120214384,-0.000152342943,0.00106056642,-0.055124983,4.4526893,1743.49765
0.293584949,0.00369468589,7.43985072e-05,4.4307431e-05,-0.061319012,-1.67551213,1743.72321
0.293594711,0.146305314,-6.47915805e-05,3.69582783e-05,-0.0520159316,6.7184469,1742.20096
0.293600701,0.00431800152,8.68781957e-05,5.93403239e-05,-0.0612942845,-1.60753914,1743.67349
0.293603252,0.0943947116,-0.000104926663,0.00203013088,-0.05715655,2.86852486,1742.79769
0.293610185,0.0378358195,0.000158708529,0.00187951552,-0.059854342,0.792283746,1741.82867
0.29361613,0.146886817,-5.5605406e-05,2.68732947e-05,-0.0519624849,6.77750409,1742.14883
0.293617587,0.00498613648,9.9704526e-05,7.75883621e-05,-0.0612679693,-1.5354207,1743.6207
0.293635686,0.0057023135,0.000112702194,9.94757926e-05,-0.0612399855,-1.4589953,1743.56477
0.293636113,0.147429312,-4.66396925e-05,1.87787666e-05,-0.0519118414,6.83293943,1742.0997
0.293654755,0.147935415,-3.79513845e-05,1.24415946e-05,-0.051863862,6.88497718,1742.05348
0.293655087,0.00646998704,0.000125676337,0.000125455433,-0.0612102522,-1.37812304,1743.50565
0.293665744,0.1225461,-0.000150648659,0.000949070849,-0.0550009352,4.62844432,1743.51793
0.293671051,0.0696352464,-1.88528904e-05,0.00246242628,-0.0585455822,1.86200909,1742.04181
0.293672147,0.148407569,-2.95883381e-05,7.6289799e-06,-0.0518184175,6.9337343,1742.01007
0.293675883,0.00729285993,0.000138416572,0.000156001772,-0.0611786894,-1.29269386,1743.44332
0.293688372,0.14884805,-2.15891944e-05,4.19524713e-06,-0.0517753877,6.97955849,1741.96936
0.293696611,0.040914044,0.000136413221,0.00199078822,-0.0597711194,0.918117249,1741.82333
0.293698174,0.00817490128,0.000150701564,0.000191600853,-0.0611452187,-1.20263482,1743.37782
0.293703509,0.149258983,-1.3980728e-05,1.82279356e-06,-0.0517346605,7.02173758,1741.93122
0.29371763,0.14964235,-6.7839861e-06,7.23284613e-07,-0.0516961309,7.06175621,1741.89552
0.293722068,0.00912036556,0.000162304034,0.000232737354,-0.061109765,-1.10791797,1743.30923
0.293730804,0.15,0,0,-0.0516596744,7.08109947,1741.86212
0.293736995,0.0984584434,-0.000110542492,0.00187259221,-0.0570154925,3.07971636,1742.98808
0.293741772,0.124721401,-0.000148516111,0.000845938123,-0.0548827395,4.79717186,1743.51988
0.293747681,0.0101338132,0.000172995998,0.000279878565,-0.0610722574,-1.00856814,1743.2377
0.293775134,0.0112201325,0.000182553701,0.000333455454,-0.0610326309,-0.904669193,1743.16345
0.293789252,0.0442136074,0.000113265979,0.0020891845,-0.059685761,1.04339698,1741.8381
0.293804562,0.0123845633,0.000190762665,0.000393840902,-0.0609908282,-0.796369399,1743.0868
0.2938127,0.12675078,-0.000145974664,0.000750881079,-0.0547702667,4.95877057,1743.50601
0.293834415,0.075,-3.90693067e-05,0.00237084649,-0.0584083026,2.05441487,1742.25525
0.293836106,0.0136327222,0.00019742243,0.00046132512,-0.060946801,-0.683888035,1743.00817
0.293861767,0.102249575,-0.000114303682,0.00171895177,-0.0568797187,3.28966131,1743.15713
0.293869918,0.0149706296,0.000202351158,0.000536089464,-0.0609005127,-0.567518317,1742.9281
0.293878869,0.128644026,-0.000143034973,0.000663578278,-0.0546633607,5.11321551,1743.47887
0.293888554,0.0477504251,8.97783757e-05,0.00217103827,-0.0595981622,1.16919652,1741.87489
0.293906162,0.0164047389,0.000205390625,0.000618177192,-0.0608519394,-0.447627733,1742.84725
0.2939406,0.13041027,-0.000139698574,0.000583687599,-0.0545618434,5.26056283,1743.44089
0.293945011,0.0179419674,0.000206409812,0.000707462109,-0.0608010722,-0.324656984,1742.76643
0.293978169,0.105786393,-0.000116628626,0.00157113848,-0.0567491836,3.49725691,1743.30375
0.293986654,0.0195897299,0.000205309348,0.000803619643,-0.0607479185,-0.199112092,1742.6866
0.293994996,0.0515415566,6.6466579e-05,0.00223260177,-0.0595080996,1.2970176,1741.93536
0.293997778,0.0803647536,-5.51568339e-05,0.00224912607,-0.0582694733,2.26063519,1742.47964
0.29399819,0.132058033,-0.000135960602,0.000510858359,-0.0544655199,5.40091596,1743.39436
0.294031291,0.0213559743,0.00020202719,0.00090609402,-0.0606925033,-0.0715626328,1742.60887
0.294051917,0.133595261,-0.000131815213,0.000444732815,-0.0543741826,5.53442076,1743.34133
0.294079138,0.0232492201,0.000196541187,0.00101406702,-0.0606348697,0.057385331,1742.53453
0.294086762,0.109085956,-0.000117852832,0.00143040866,-0.0566238849,3.7013555,1743.42736
0.29410204,0.13502937,-0.000127259301,0.000384950694,-0.0542876157,5.66125011,1743.28362
0.294109092,0.0556052884,4.38765316e-05,0.00227024196,-0.0594151924,1.42918217,1742.02083
0.294130425,0.0252785992,0.000188873464,0.0011264357,-0.0605750782,0.187104073,1742.46501
0.2941488,0.136367278,-0.000122295126,0.000331150711,-0.0542055985,5.78159568,1743.22282
0.294150183,0.0853696328,-6.69257535e-05,0.00211265788,-0.0581373904,2.46719083,1742.69454
0.2941854,0.0274539002,0.00017909555,0.00124178335,-0.0605132056,0.316960874,1742.40191
0.294188071,0.112164181,-0.000118229103,0.00129747127,-0.0565038281,3.90104285,1743.52794
0.294192424,0.137615437,-0.00011693173,0.000282971354,-0.0541279089,5.89566175,1743.16024
0.294231392,0.0599612217,2.24754845e-05,0.00228051509,-0.0593188589,1.56868301,1742.13219
0.294233121,0.138779867,-0.00011118611,0.00024005141,-0.0540543256,6.00366033,1743.09699
0.294244328,0.0297856156,0.000167330219,0.00135837098,-0.0604493411,0.446383321,1742.34694
0.294271088,0.139866187,-0.000105083655,0.000202031136,-0.0539846311,6.10580759,1743.03396
0.294282584,0.115035914,-0.000117949964,0.00117269209,-0.0563890064,4.09547698,1743.60602
0.294292365,0.0900387783,-7.53471601e-05,0.00196873297,-0.0580111049,2.67592545,1742.89613
0.294306509,0.140879634,-9.86580994e-05,0.000168553503,-0.0539186127,6.20232231,1742.97186
0.294307494,0.0322849924,0.000153753973,0.00147412572,-0.0603835811,0.574868365,1742.30195
0.294339553,0.141825099,-9.19510801e-05,0.000139265907,-0.0538560647,6.29342459,1742.91124
0.294362485,0.0646303672,2.76092411e-06,0.00226031415,-0.0592182687,1.7195132,1742.26981
0.29437038,0.14270714,-8.50113156e-05,0.000113822183,-0.0537967895,6.37933513,1742.85252
0.294370757,0.117715008,-0.000117159337,0.00105615904,-0.056279389,4.28403435,1743.66268
0.294375201,0.0349640862,0.000138596315,0.00158665577,-0.0603160213,0.702088369,1742.26885
0.294384528,0,0,0,-0.0616558955,-2.03431882,1744.15828
0.294392581,0.000357650242,4.2050907e-06,7.60214511e-07,-0.0616432639,-2.01346573,1744.1331
0.29439914,0.143530013,-7.78935578e-05,9.1884855e-05,-0.0537405985,6.46027493,1742.79599
0.294401213,0.000741017226,9.22769175e-06,1.82454946e-06,-0.0616297657,-1.97019918,1744.10613
0.294410466,0.00115195011,1.50691923e-05,4.21186578e-06,-0.0616153518,-1.92451652,1744.07726
0.294420384,0.00159243101,2.17188676e-05,7.69595377e-06,-0.0615999658,-1.87497187,1744.04638
0.294425009,0.0943947116,-8.12956137e-05,0.00182268695,-0.0578900294,2.885889,1743.08181
0.294425971,0.144297686,-7.06572693e-05,7.31275486e-05,-0.0536873131,6.53646503,1742.74186
0.294431015,0.00206458457,2.91448411e-05,1.26196305e-05,-0.0615835486,-1.82225424,1744.01338
0.294442411,0.0025706882,3.72934992e-05,1.91662565e-05,-0.0615660392,-1.76598323,1743.97814
0.294447776,0.0378358195,0.000122141539,0.00169326085,-0.0602467453,0.827896205,1742.24956
0.294451001,0.145013864,-6.33651063e-05,5.72373434e-05,-0.0536367651,6.60812601,1742.69025
0.294453015,0.120214384,-0.000115956923,0.000947799136,-0.0561749167,4.46621033,1743.69947
0.294454626,0.00311318307,4.60886499e-05,2.76192737e-05,-0.0615473742,-1.70604995,1743.94056
0.29446772,0.00369468589,5.54316244e-05,3.82722923e-05,-0.0615274886,-1.64223341,1743.90052
0.294474353,0.145681998,-5.60812338e-05,4.39171336e-05,-0.0535887975,6.67547791,1742.64123
0.294481755,0.00431800152,6.52027158e-05,5.14604989e-05,-0.0615063158,-1.57434612,1743.85794
0.294496138,0.146305314,-4.88695208e-05,3.28872757e-05,-0.0535432644,6.73873836,1742.5948
0.294496799,0.00498613648,7.52631866e-05,6.75495551e-05,-0.0614837882,-1.50220511,1743.81273
0.294503006,0.0696352464,-1.49308313e-05,0.00220720034,-0.0591122946,1.88638,1742.4335
0.294512925,0.0057023135,8.54582199e-05,8.69352559e-05,-0.0614598376,-1.42564919,1743.76483
0.294516462,0.146886817,-4.17917122e-05,2.38881284e-05,-0.053500031,6.79812514,1742.55094
0.29452557,0.040914044,0.000104720107,0.00179099563,-0.0601758098,0.95248189,1742.24601
0.294529755,0.1225461,-0.000114413243,0.000847413975,-0.0560755015,4.64166567,1743.71828
0.29453021,0.00646998704,9.56204272e-05,0.000110037027,-0.0614343961,-1.34454289,1743.7142
0.294535422,0.147429312,-3.4905585e-05,1.66781407e-05,-0.0534589739,6.85384367,1742.5096
0.294548739,0.00729285993,0.000105573662,0.00013729033,-0.0614073966,-1.25878473,1743.66082
0.294548755,0.0984584434,-8.5334737e-05,0.00167827879,-0.0577738416,3.09600949,1743.24976
0.294553111,0.147935415,-2.82633815e-05,1.10438998e-05,-0.0534199801,6.90611969,1742.47071
0.294568599,0.00817490128,0.000115137035,0.00016913621,-0.0613787737,-1.16831362,1743.60473
0.294569613,0.148407569,-2.19100417e-05,6.76941555e-06,-0.0533829468,6.95506334,1742.43418
0.294585008,0.14884805,-1.58834176e-05,3.72851702e-06,-0.0533477802,7.00107138,1742.3999
0.294589888,0.00912036556,0.000124128825,0.000206008662,-0.0613484651,-1.07311713,1743.54601
0.29459937,0.149258983,-1.02106165e-05,1.62454223e-06,-0.0533143941,7.04340813,1742.36777
0.294601348,0.124721401,-0.000112569423,0.000754736702,-0.0559810278,4.81017947,1743.72123
0.294608958,0.0442136074,8.6703566e-05,0.00187669806,-0.0601032262,1.0763469,1742.26001
0.294612708,0.0101338132,0.000132370318,0.000248319579,-0.0613164125,-0.973239703,1743.48478
0.294612769,0.14964235,-4.91452781e-06,6.85458535e-07,-0.0532827091,7.08356291,1742.33769
0.294625269,0.15,0,0,-0.0532526243,7.10298288,1742.30952
0.294637168,0.0112201325,0.000139689451,0.000296441733,-0.0612825629,-0.868785824,1743.42124
0.29465363,0.075,-3.0284224e-05,0.00211951631,-0.0589994088,2.0767472,1742.62236
0.294663387,0.0123845633,0.000145924475,0.000350688748,-0.0612468703,-0.759927578,1743.35567
0.294664199,0.102249575,-8.79416182e-05,0.00153806758,-0.0576623779,3.30502328,1743.39866
0.294668137,0.12675078,-0.000110447688,0.000669457082,-0.0558913567,4.97164776,1743.71055
0.294691491,0.0136327222,0.000150926334,0.000411292852,-0.0612092971,-0.646909069,1743.28843
0.294698342,0.0477504251,6.84964878e-05,0.00194711669,-0.0600289368,1.20057205,1742.29323
0.294721617,0.0149706296,0.000154562078,0.000478383966,-0.0611698161,-0.530044833,1743.21999
0.294730447,0.128644026,-0.000108055919,0.000591242338,-0.0558063292,5.1260423,1743.68845
0.294753908,0.0164047389,0.000156719114,0.00055196338,-0.0611284118,-0.409729638,1743.15092
0.2947719,0.105786393,-8.94480434e-05,0.0014036969,-0.0575555604,3.51180444,1743.52764
0.294788521,0.0179419674,0.000157306552,0.000631875402,-0.0610850819,-0.286427084,1743.08192
0.294788577,0.13041027,-0.000105393525,0.000519749373,-0.0557257708,5.2734224,1743.65707
0.294794153,0.0515415566,5.04987095e-05,0.00199895114,-0.0599527879,1.32668607,1742.3471
0.294804254,0.0803647536,-4.23631435e-05,0.0020054068,-0.0588859167,2.28109402,1742.82036
0.294825624,0.0195897299,0.000156258046,0.000717785518,-0.0610398394,-0.160659542,1743.01382
0.294842807,0.132058033,-0.000102454393,0.000454636117,-0.0556494955,5.41388685,1743.61838
0.294865394,0.0213559743,0.000153535565,0.000809151761,-0.060992713,-0.033018793,1742.94757
0.294872376,0.109085956,-9.0120446e-05,0.00127620599,-0.0574533502,3.71519541,1743.63631
0.294893399,0.133595261,-9.92313698e-05,0.000395559959,-0.0555773094,5.54757396,1743.57416
0.294896853,0.0556052884,3.31294783e-05,0.00202902868,-0.0598744974,1.45704186,1742.42273
0.294908023,0.0232492201,0.000149132837,0.000905197021,-0.060943748,0.0958699422,1742.88429
0.294940598,0.13502937,-9.57190035e-05,0.000342181641,-0.0555090141,5.67465247,1743.52597
0.294944774,0.0853696328,-5.1084302e-05,0.00187909038,-0.0587785453,2.48608822,1743.00946
0.294953718,0.0252785992,0.000143076708,0.00100489294,-0.0608930062,0.225365008,1742.82522
0.294966112,0.112164181,-9.01585402e-05,0.00115614724,-0.0573557173,3.91426949,1743.72473
0.29498463,0.136367278,-9.19158793e-05,0.000294166774,-0.0554444094,5.79530791,1743.47516
0.295002699,0.0274539002,0.00013543077,0.00110693528,-0.0608405641,0.35482063,1742.77173
0.295006938,0.0599612217,1.67514515e-05,0.0020343822,-0.0597936207,1.59465991,1742.52088
0.295025709,0.137615437,-8.7825146e-05,0.000251185065,-0.0553832961,5.90973683,1743.42287
0.29505356,0.115035914,-8.97140488e-05,0.00104377144,-0.0572626228,4.10817873,1743.79346
0.295055201,0.0297856156,0.000126297736,0.0012097386,-0.0607865112,0.483657559,1742.72529
0.295064032,0.138779867,-8.34559236e-05,0.000212909521,-0.0553254777,6.01814265,1743.37002
0.295075868,0.0900387783,-5.7221818e-05,0.00174704023,-0.0586764267,2.69347916,1743.18643
0.295099785,0.139866187,-7.88238584e-05,0.00017901706,-0.0552707624,6.12073173,1743.31738
0.295111479,0.0322849924,0.000115820066,0.00131142842,-0.0607309446,0.611371433,1742.68751
0.295124938,0.0646303672,1.74187122e-06,0.00201237336,-0.0597095118,1.74355858,1742.64182
0.295133139,0.140879634,-7.39510671e-05,0.000149188709,-0.0552189641,6.21771253,1743.26554
0.295135142,0.117715008,-8.89004374e-05,0.000939086556,-0.0571740097,4.29629463,1743.84352
0.295164255,0.141825099,-6.8866034e-05,0.000123110345,-0.0551699036,6.30929444,1743.21496
0.295171803,0.0349640862,0.000104180183,0.00140985834,-0.0606739631,0.737634368,1742.66
0.295193284,0.14270714,-6.36031838e-05,0.000100473854,-0.0551234099,6.39568707,1743.166
0.295198167,0.0943947116,-6.14606093e-05,0.00161394154,-0.058579007,2.90228068,1743.34907
0.295211251,0.120214384,-8.77957791e-05,0.000841963525,-0.0570897987,4.47810568,1743.8763
0.295220366,0.143530013,-5.82023686e-05,8.09785555e-05,-0.05507932,6.47710053,1743.11889
0.295229469,0,0,0,-0.06183286,-1.99858049,1744.28495
0.29523653,0.000357650242,2.54106749e-06,6.93727e-07,-0.0618221976,-1.97835713,1744.26375
0.295236465,0.0378358195,9.16005628e-05,0.00150262009,-0.0606156581,0.862302373,1742.64445
0.295244099,0.000741017226,5.83012359e-06,1.45778148e-06,-0.0618108048,-1.93573666,1744.24104
0.295245632,0.144297686,-5.27080915e-05,6.43329418e-05,-0.0550374805,6.55374541,1743.07379
0.295251423,0.0696352464,-1.16510321e-05,0.00196098603,-0.0596212875,1.90845825,1742.78535
0.295252212,0.00115195011,9.86780242e-06,3.40990732e-06,-0.0617986408,-1.89036603,1744.21672
0.295260908,0.00159243101,1.46346531e-05,6.28839869e-06,-0.0617856581,-1.841423,1744.1907
0.295269202,0.145013864,-4.71685954e-05,5.02564632e-05,-0.0549977472,6.62583274,1743.03082
0.29527023,0.00206458457,2.00901853e-05,1.03749543e-05,-0.0617718073,-1.78915678,1744.16288
0.295280222,0.0025706882,2.61760339e-05,1.58583951e-05,-0.0617570373,-1.73324809,1744.13317
0.295282255,0.1225461,-8.64553485e-05,0.000752167792,-0.0570098879,4.65327474,1743.89351
0.295290933,0.00311318307,3.28154449e-05,2.29997959e-05,-0.0617412952,-1.67356664,1744.10148
0.295291191,0.145681998,-4.16347754e-05,3.84815632e-05,-0.0549599859,6.69357426,1742.99
0.295302413,0.00369468589,3.99140906e-05,3.20742374e-05,-0.0617245267,-1.60988996,1744.06771
0.295305777,0.040914044,7.83373245e-05,0.00158710481,-0.0605561008,0.985576999,1742.64249
0.295311706,0.146305314,-3.61589139e-05,2.87551224e-05,-0.0549240727,6.75718071,1742.95136
0.295312263,0.0984584434,-6.42452786e-05,0.00148306124,-0.0584859639,3.11138994,1743.49588
0.29531472,0.00431800152,4.73622003e-05,4.33935194e-05,-0.0617066763,-1.54202577,1744.03179
0.295327911,0.00498613648,5.50372772e-05,5.72963009e-05,-0.0616876878,-1.46979164,1743.99366
0.295330844,0.146886817,-3.07932952e-05,2.08411478e-05,-0.054889894,6.81686528,1742.91487
0.29534205,0.0057023135,6.28072261e-05,7.41461316e-05,-0.0616675048,-1.39303076,1743.95325
0.295348495,0.124721401,-8.49103279e-05,0.000669412065,-0.0569341548,4.82157627,1743.89702
0.295348698,0.147429312,-2.55886283e-05,1.4518933e-05,-0.0548573469,6.87282991,1742.88047
0.295357206,0.00646998704,7.0533652e-05,9.43243122e-05,-0.061646071,-1.31161645,1743.91054
0.295365355,0.147935415,-2.05926088e-05,9.59365321e-06,-0.0548263386,6.92530316,1742.8481
0.295373453,0.00729285993,7.80750501e-05,0.000118222242,-0.0616233311,-1.2254592,1743.86552
0.295380072,0.0442136074,6.46759694e-05,0.00166052828,-0.0604953277,1.10797623,1742.65567
0.295380894,0.148407569,-1.58477086e-05,5.86711836e-06,-0.0547967868,6.97439849,1742.81768
0.295387003,0.075,-2.31923557e-05,0.0018789245,-0.0595277417,2.0968281,1742.95059
0.295390867,0.00817490128,8.52899042e-05,0.000146230935,-0.0615992316,-1.1345154,1743.81822
0.295395391,0.14884805,-1.13905904e-05,3.22390075e-06,-0.0547686189,7.02050325,1742.78912
0.295408915,0.149258983,-7.25024305e-06,1.3968417e-06,-0.054741771,7.06297506,1742.76234
0.295409533,0.00912036556,9.20388311e-05,0.000178728768,-0.0615737216,-1.03879295,1743.7687
0.295410292,0.12675078,-8.317788e-05,0.000593376501,-0.0568624587,4.98290332,1743.88879
0.295418705,0.102249575,-6.59501843e-05,0.00135658294,-0.0583971144,3.31952806,1743.62582
0.295421532,0.14964235,-3.45220022e-06,6.40368413e-07,-0.0547161879,7.10317108,1742.73725
0.295429542,0.0101338132,9.8187485e-05,0.000216068955,-0.0615467539,-0.938356072,1743.71708
0.295433303,0.15,0,0,-0.0546917976,7.12253937,1742.71373
0.295450989,0.0112201325,0.000103609365,0.00025856532,-0.0615182864,-0.833329443,1743.66354
0.295459709,0.0477504251,5.09273376e-05,0.00172005052,-0.0604333211,1.23059643,1742.68543
0.295467944,0.128644026,-8.12637291e-05,0.000523728583,-0.0567946445,5.13722743,1743.87076
0.295473978,0.0123845633,0.000108187702,0.000306472894,-0.061488283,-0.723915172,1743.6083
0.295498621,0.0136327222,0.000111816808,0.000359968548,-0.0614567152,-0.610380006,1743.55168
0.295518007,0.105786393,-6.68330661e-05,0.00123587857,-0.0583123512,3.52554655,1743.73824
0.295521729,0.13041027,-7.9165652e-05,0.000460132837,-0.0567305462,5.28460439,1743.84477
0.295522583,0.0803647536,-3.21881401e-05,0.00177387172,-0.0594341313,2.29935684,1743.12349
0.295525035,0.0149706296,0.000114403723,0.000419136632,-0.0614235636,-0.493054436,1743.49407
0.295545073,0.0515415566,3.73914586e-05,0.0017628094,-0.0603699873,1.35499309,1742.73297
0.295553349,0.0164047389,0.000115870951,0.000483944779,-0.0613888195,-0.372360835,1743.43596
0.295571905,0.132058033,-7.68775771e-05,0.000402261315,-0.0566699901,5.42513325,1743.81254
0.295583699,0.0179419674,0.000116158361,0.000554218703,-0.0613524858,-0.248783631,1743.37796
0.295610648,0.109085956,-6.71011141e-05,0.00112178405,-0.0582316026,3.72827706,1743.83288
0.295616231,0.0195897299,0.000115224856,0.000629625929,-0.0613145791,-0.122865381,1743.32075
0.295618716,0.133595261,-7.43925082e-05,0.000349791114,-0.0566127982,5.55894788,1743.77559
0.295636575,0.0556052884,2.43832894e-05,0.00178607847,-0.0603051308,1.48354261,1742.79924
0.295649069,0.0853696328,-3.861334e-05,0.00165875594,-0.0593459692,2.50284175,1743.28832
0.295651102,0.0213559743,0.00011304901,0.000709651972,-0.06127513,0.00478671932,1743.26517
0.295662386,0.13502937,-7.17040572e-05,0.000302406284,-0.0565587903,5.68621178,1743.73527
0.29568848,0.0232492201,0.000109633413,0.000793576655,-0.0612341841,0.133528955,1743.21215
0.295697074,0.112164181,-6.69086461e-05,0.00101470777,-0.0581548063,3.92678074,1743.9099
0.295703127,0.136367278,-6.88091755e-05,0.000259800049,-0.0565077868,5.80710839,1743.69274
0.295728547,0.0252785992,0.000105005349,0.00088046145,-0.061191802,0.26270726,1743.16275
0.295734656,0.0599612217,1.21782343e-05,0.00178734274,-0.0602384275,1.61929313,1742.88483
0.295741135,0.137615437,-6.57076976e-05,0.00022167311,-0.0564596105,5.92182668,1743.64895
0.295767069,0.0900387783,-4.3075655e-05,0.00153926673,-0.0592624798,2.70894172,1743.44231
0.295771494,0.0274539002,9.92181658e-05,0.000969130475,-0.061148058,0.391671744,1743.11813
0.295776594,0.138779867,-6.24039312e-05,0.000187731229,-0.0564140881,6.03056237,1743.60471
0.295777703,0.115035914,-6.63724614e-05,0.000914797122,-0.0580818948,4.12020177,1743.96988
0.295809673,0.139866187,-5.89071888e-05,0.000157686112,-0.0563710511,6.13351441,1743.56065
0.295817529,0.0297856156,9.23539941e-05,0.00105816753,-0.0611030385,0.519835709,1743.07955
0.29583979,0.0646303672,1.05410824e-06,0.00176440229,-0.0601693949,1.76629251,1742.98996
0.295840534,0.140879634,-5.5231554e-05,0.000131254731,-0.0563303374,6.23088293,1743.51729
0.295852923,0.117715008,-6.55797879e-05,0.000821990331,-0.0580127877,4.30790592,1744.01375
0.295866874,0.0322849924,8.4523842e-05,0.00114591023,-0.0610568382,0.646694074,1743.04834
0.295869325,0.141825099,-5.13961612e-05,0.000108159214,-0.0562917914,6.32286819,1743.47501
0.295877154,0.0943947116,-4.61008321e-05,0.00141948106,-0.0591831573,2.91663429,1743.5836
0.295896184,0.14270714,-4.74249254e-05,8.81274518e-05,-0.0562552649,6.40967002,1743.43409
0.295919768,0.0349640862,7.58674253e-05,0.00123046889,-0.0610095554,0.771921537,1743.02591
0.295921242,0.143530013,-4.33463477e-05,7.08938278e-05,-0.0562206174,6.49148865,1743.39473
0.295923097,0.120214384,-6.45903544e-05,0.00073611154,-0.0579473877,4.48937654,1744.04279
0.295944618,0.144297686,-3.91931183e-05,5.62003432e-05,-0.0561877164,6.5685249,1743.35708
0.295952483,0.0696352464,-8.81267143e-06,0.00171562684,-0.0600973667,1.92927261,1743.11437
0.295966427,0.145013864,-3.50016615e-05,4.37978136e-05,-0.0561564376,6.64098034,1743.32122
0.295976465,0.0378358195,6.65528493e-05,0.00130973568,-0.0609612838,0.895381734,1743.01366
0.295979854,0.0984584434,-4.80314563e-05,0.001302218,-0.0591076971,3.12478402,1743.71097
0.295986772,0.145681998,-3.08115557e-05,3.34475145e-05,-0.0561266653,6.70905814,1743.28717
0.295988563,0.1225461,-6.3446257e-05,0.000656898078,-0.0578855814,4.66427544,1744.05851
0.296005753,0.146305314,-2.6664762e-05,2.49222567e-05,-0.0560982924,6.77296134,1743.25493
0.296023461,0.146886817,-2.26047656e-05,1.80090434e-05,-0.0560712209,6.83289745,1743.22449
0.29602898,0,0,0,-0.0620003096,-1.96468446,1744.4048
0.296034986,0.000357650242,1.30757394e-06,5.84390006e-07,-0.0619914782,-1.94481188,1744.38731
0.296037238,0.040914044,5.67722724e-05,0.0013814423,-0.0609121036,1.01728859,1743.01297
0.29603998,0.147429312,-1.86753254e-05,1.25073362e-05,-0.0560453623,6.88906407,1743.19579
0.296041423,0.000741017226,3.28473648e-06,1.06029012e-06,-0.0619820425,-1.90262889,1744.36855
0.296048323,0.00115195011,5.93157969e-06,2.58895867e-06,-0.0619719689,-1.85767733,1744.34847
0.296049638,0.124721401,-6.21709726e-05,0.000584048512,-0.0578272401,4.83237286,1744.06255
0.296055392,0.147935415,-1.49194144e-05,8.2393587e-06,-0.0560206376,6.94168687,1743.16877
0.296055719,0.00159243101,9.21184976e-06,4.85532313e-06,-0.0619612182,-1.80933749,1744.32697
0.296063647,0.00206458457,1.30804572e-05,8.1031818e-06,-0.0619497499,-1.7574905,1744.30397
0.296069769,0.148407569,-1.13770186e-05,5.02456628e-06,-0.0559969775,6.99087617,1743.14338
0.296072145,0.0025706882,1.74759436e-05,1.25270668e-05,-0.0619375217,-1.70188586,1744.2794
0.296073279,0.075,-1.72521574e-05,0.00164003856,-0.0600214234,2.11571841,1743.25727
0.296075665,0.102249575,-4.9156103e-05,0.00118933059,-0.0590359155,3.33209422,1743.82356
0.296081255,0.00311318307,2.23237674e-05,1.83663296e-05,-0.0619244903,-1.642381,1744.25319
0.296083183,0.14884805,-8.08527514e-06,2.74721582e-06,-0.0559743227,7.03697525,1743.11952
0.296091019,0.00369468589,2.7537022e-05,2.58758769e-05,-0.0619106109,-1.57875722,1744.22525
0.296095696,0.149258983,-5.07496303e-06,1.17135679e-06,-0.0559526233,7.07959486,1743.09713
0.296101485,0.00431800152,3.30188638e-05,3.53413207e-05,-0.061895838,-1.51082196,1744.19552
0.296102382,0.0442136074,4.67378127e-05,0.00144318215,-0.0608620686,1.13817763,1743.02516
0.296106617,0.12675078,-6.0777433e-05,0.000517238546,-0.0577722227,4.99356213,1744.05661
0.29610737,0.14964235,-2.37789846e-06,5.9537764e-07,-0.0559318377,7.11987323,1743.07612
0.296112704,0.00498613648,3.86656361e-05,4.70704499e-05,-0.0618801257,-1.43839852,1744.16396
0.296118261,0.15,0,0,-0.0559119085,7.13915794,1743.05641
0.29612473,0.0057023135,4.43700201e-05,6.13897598e-05,-0.0618634276,-1.36133877,1744.13051
0.29613762,0.00646998704,5.00235605e-05,7.86371483e-05,-0.0618456979,-1.27952902,1744.09516
0.296151437,0.00729285993,5.55184778e-05,9.91551888e-05,-0.0618268915,-1.1928945,1744.0579
0.296159772,0.128644026,-5.92691809e-05,0.000456140217,-0.0577203787,5.14781579,1744.04237
0.296165049,0.105786393,-4.96714408e-05,0.00108195957,-0.0589676951,3.53739434,1743.92087
0.296166247,0.00817490128,6.07499391e-05,0.000123280502,-0.061806965,-1.10141823,1744.01875
0.29617221,0.0477504251,3.66805797e-05,0.00149251897,-0.0608111914,1.2591573,1743.05142
0.296182123,0.00912036556,6.56173417e-05,0.000151332166,-0.0617858772,-1.00512916,1743.97778
0.296194076,0.0803647536,-2.37614368e-05,0.00154476724,-0.0599458653,2.31651367,1743.40646
0.29619914,0.0101338132,7.00250453e-05,0.000183604418,-0.0617635904,-0.904104648,1743.93507
0.296209363,0.13041027,-5.76436474e-05,0.000400428596,-0.0576715505,5.29518287,1744.0214
0.296217381,0.0112201325,7.38844958e-05,0.000220353444,-0.0617400708,-0.798498417,1743.89077
0.296236933,0.0123845633,7.7115191e-05,0.000261778758,-0.0617152903,-0.688537487,1743.84508
0.296247058,0.0515415566,2.6818917e-05,0.00152701609,-0.0607594258,1.38182178,1743.09276
0.296248436,0.109085956,-4.97359488e-05,0.000980775557,-0.0589029504,3.73950391,1744.00276
0.296255626,0.132058033,-5.58953862e-05,0.000349790865,-0.0576255771,5.43576263,1743.99517
0.296257891,0.0136327222,7.96460607e-05,0.000308009286,-0.0616892271,-0.574508398,1743.79825
0.296280357,0.0149706296,8.14160556e-05,0.000359091857,-0.0616618673,-0.456765862,1743.75063
0.296298786,0.133595261,-5.40184076e-05,0.000303924507,-0.0575822956,5.56968834,1743.96499
0.296304437,0.0164047389,8.23741839e-05,0.000414970512,-0.0616332059,-0.335751403,1743.70261
0.296306769,0.0853696328,-2.83540917e-05,0.00144139642,-0.0598751057,2.51856184,1743.54839
0.296326231,0.112164181,-4.94669564e-05,0.000886076747,-0.058841605,3.93747146,1744.06942
0.296327289,0.0556052884,1.73813314e-05,0.00154437396,-0.0607066472,1.50857525,1743.14996
0.296330249,0.0179419674,8.24822706e-05,0.000475466221,-0.0616032484,-0.211968567,1743.65469
0.296339051,0.13502937,-5.20067646e-05,0.000262537002,-0.0575415439,5.69711679,1743.93199
0.296357917,0.0195897299,8.17163868e-05,0.000540262857,-0.0615720116,-0.0859823222,1743.60747
0.296376615,0.136367278,-4.98565987e-05,0.000225348211,-0.0575031623,5.81823277,1743.89714
0.296387575,0.0213559743,8.00662497e-05,0.000608888441,-0.0615395246,0.0415893784,1743.56162
0.296398806,0.115035914,-4.89531106e-05,0.000797937376,-0.0587835798,4.13043254,1744.12139
0.296411659,0.137615437,-4.75656907e-05,0.00019208853,-0.0574669949,5.93321879,1743.86127
0.296411903,0.0900387783,-3.14964458e-05,0.00133485042,-0.0598084581,2.72344191,1743.68074
0.296413288,0.0599612217,8.56993827e-06,0.00154249955,-0.0606526311,1.64247884,1743.22349
0.296419365,0.0232492201,7.75380835e-05,0.00068069643,-0.0615058295,0.170091233,1743.51792
0.296444353,0.138779867,-4.51354447e-05,0.00016249485,-0.0574328905,6.04226362,1743.82502
0.296453441,0.0252785992,7.41555088e-05,0.000754855039,-0.0614709812,0.298858801,1743.47725
0.296466513,0.117715008,-4.82604997e-05,0.000716252394,-0.0587287857,4.31774629,1744.15953
0.296474853,0.139866187,-4.25710051e-05,0.000136312159,-0.0574007037,6.14556133,1743.78894
0.296489967,0.0274539002,6.99605702e-05,0.000830332684,-0.061435047,0.42723739,1743.44058
0.296503307,0.140879634,-3.98806362e-05,0.000113291937,-0.0573702951,6.24330332,1743.75345
0.296505472,0.0646303672,5.83539266e-07,0.0015195963,-0.0605970323,1.78761597,1743.31349
0.296509984,0.0943947116,-3.35804463e-05,0.00122862,-0.0597454654,2.93009222,1743.80197
0.296529119,0.0297856156,6.50152525e-05,0.000905897168,-0.0613981048,0.554636749,1743.40896
0.296529678,0.120214384,-4.74341549e-05,0.000640822468,-0.0586771214,4.4988909,1744.18497
0.296529853,0.141825099,-3.70763194e-05,9.31911688e-05,-0.0573415322,6.33568197,1743.71886
0.296554617,0.14270714,-3.41736713e-05,7.57728393e-05,-0.0573142891,6.42288818,1743.68541
0.296571087,0.0322849924,5.94015704e-05,0.000980111081,-0.0613602406,0.68055325,1743.3835
0.296577721,0.143530013,-3.11919167e-05,6.08059778e-05,-0.057288447,6.50511266,1743.65327
0.296588606,0.1225461,-4.65056518e-05,0.000571376883,-0.0586284731,4.67352488,1744.19902
0.296599274,0.144297686,-2.81537049e-05,4.80661704e-05,-0.0572638937,6.58254654,1743.62254
0.296601486,0.0984584434,-3.48632191e-05,0.00112509771,-0.0596858427,3.13734526,1743.91108
0.296604284,0.0696352464,-6.4581799e-06,0.00147437744,-0.0605393669,1.94872896,1743.41971
0.296616073,0.0349640862,5.32214396e-05,0.00105135107,-0.0613215441,0.804667031,1743.36536
0.296619382,0.145013864,-2.50849784e-05,3.73361249e-05,-0.0572405243,6.65538121,1743.59327
0.296638141,0.145681998,-2.20148337e-05,2.84069387e-05,-0.0572182407,6.72381031,1743.56551
0.296643581,0.124721401,-4.54923833e-05,0.000507616844,-0.0585827161,4.84141503,1744.20313
0.296655642,0.146305314,-1.89751383e-05,2.10785161e-05,-0.0571969517,6.78802708,1743.53924
0.296664293,0.0378358195,4.6596138e-05,0.00111781555,-0.0612821029,0.926851621,1743.3557
0.296671968,0.146886817,-1.60003043e-05,1.51622611e-05,-0.0571765735,6.8482318,1743.51443
0.29668685,0.102249575,-3.55614329e-05,0.00102582761,-0.0596294093,3.34388492,1744.00741
0.2966872,0.147429312,-1.31263036e-05,1.04787102e-05,-0.0571570298,6.9046132,1743.49104
0.296694869,0.12675078,-4.44038513e-05,0.00044922794,-0.0585397166,5.00245401,1744.19875
0.29670141,0.147935415,-1.0390604e-05,6.86824237e-06,-0.057138252,6.95739389,1743.46902
0.2967102,0.075,-1.24350461e-05,0.00140613336,-0.0604789584,2.13331524,1743.54141
0.296714666,0.148407569,-7.82972667e-06,4.16647829e-06,-0.0571201806,7.00667399,1743.44831
0.29671598,0.040914044,3.96635456e-05,0.00117757739,-0.061241995,1.04733468,1743.35568
0.296727033,0.14884805,-5.47943396e-06,2.2615113e-06,-0.057102765,7.05277237,1743.42883
0.296738571,0.149258983,-3.36888108e-06,9.34732791e-07,-0.0570859643,7.0954356,1743.41054
0.296742715,0.128644026,-4.32422217e-05,0.000395898066,-0.0584993347,5.15661371,1744.18733
0.296749334,0.14964235,-1.5397919e-06,5.37630592e-07,-0.057069747,7.13582992,1743.39335
0.296759376,0.15,0,0,-0.0570540686,7.15516358,1743.3772
0.296766487,0.105786393,-3.58211832e-05,0.000931737569,-0.0595760415,3.5485196,1744.09059
0.296771384,0.0442136074,3.2574415e-05,0.00122860246,-0.0612012784,1.1666712,1743.36638
0.296785504,0,0,0,-0.062158756,-1.93281263,1744.5182
0.296787353,0.13041027,-4.20052085e-05,0.000347322102,-0.0584614262,5.30394137,1744.17023
0.296790494,0.000357650242,4.78262484e-07,4.42997721e-07,-0.0621516469,-1.91293704,1744.50417
0.296795842,0.000741017226,1.52851641e-06,6.67243757e-07,-0.0621440521,-1.87109424,1744.48912
0.296801575,0.00115195011,3.14708368e-06,1.7881571e-06,-0.0621359447,-1.82678312,1744.47299
0.29680772,0.00159243101,5.28784799e-06,3.44437603e-06,-0.0621272935,-1.77893183,1744.45571
0.296814307,0.00206458457,7.90338596e-06,5.88133948e-06,-0.0621180659,-1.72742472,1744.43722
0.296816117,0.0803647536,-1.69929291e-05,0.00132134577,-0.060419257,2.33244212,1743.66818
0.296821368,0.0025706882,1.09339129e-05,9.28003409e-06,-0.0621082283,-1.67202277,1744.41747
0.296828936,0.00311318307,1.43110006e-05,1.3859773e-05,-0.0620977461,-1.61258806,1744.39638
0.296828996,0.132058033,-4.06879013e-05,0.000303209314,-0.0584258454,5.44453297,1744.14869
0.296830772,0.0477504251,2.54921421e-05,0.00126884471,-0.0611599797,1.28598759,1743.38878
0.296837048,0.00369468589,1.79583989e-05,1.98500876e-05,-0.0620865836,-1.54890679,1744.3739
0.296840782,0.109085956,-3.57604059e-05,0.000843349773,-0.0595256437,3.75005596,1744.16055
0.296845744,0.00431800152,2.17951623e-05,2.75060609e-05,-0.0620747047,-1.48078698,1744.34998
0.296855065,0.00498613648,2.57392192e-05,3.70992365e-05,-0.0620620728,-1.40805991,1744.32457
0.296865057,0.0057023135,2.97095014e-05,4.89130095e-05,-0.0620486512,-1.33058993,1744.29766
0.296867845,0.133595261,-3.92853709e-05,0.000263281981,-0.0583924468,5.57852238,1744.12381
0.296875766,0.00646998704,3.36268572e-05,6.32360079e-05,-0.0620344038,-1.24828258,1744.26921
0.296887246,0.00729285993,3.74149649e-05,8.03558198e-05,-0.062019295,-1.1610864,1744.23922
0.29689443,0.0515415566,1.85726073e-05,0.001296273,-0.0611180798,1.40691119,1743.42372
0.296899551,0.00817490128,4.10010874e-05,0.000100550241,-0.0620032908,-1.06900489,1744.20772
0.296904088,0.13502937,-3.77925471e-05,0.000227274495,-0.0583610868,5.70606355,1744.09657
0.296910094,0.112164181,-3.54658298e-05,0.000760866931,-0.0594781297,3.94752995,1744.21752
0.296912741,0.00912036556,4.43173674e-05,0.000124078241,-0.0619863592,-0.972087827,1744.17476
0.296914929,0.0853696328,-2.01673078e-05,0.0012302055,-0.0603637163,2.53311662,1743.78852
0.29692688,0.0101338132,4.73008794e-05,0.000151174637,-0.0619684709,-0.870436894,1744.14041
0.2969379,0.136367278,-3.62050723e-05,0.000194934899,-0.0583316252,5.8273384,1744.06778
0.296942035,0.0112201325,4.98937597e-05,0.000182038206,-0.0619496003,-0.76423284,1744.10479
0.29695828,0.0123845633,5.2043909e-05,0.000216817178,-0.0619297264,-0.653719176,1744.06806
0.296962665,0.0556052884,1.19738444e-05,0.00130898563,-0.0610754988,1.53186957,1743.47182
0.296969444,0.137615437,-3.45204192e-05,0.00016602288,-0.0583039261,5.94252352,1744.03814
0.296974756,0.115035914,-3.50028486e-05,0.000684303041,-0.0594334117,4.14006827,1744.262
0.296975692,0.0136327222,5.37062886e-05,0.000255599355,-0.0619088334,-0.539205354,1744.03044
0.296994357,0.0149706296,5.48434026e-05,0.000298400796,-0.0618869124,-0.421073807,1743.99219
0.296998872,0.138779867,-3.27388735e-05,0.00014030555,-0.0582778585,6.05180613,1744.00819
0.297007112,0.0900387783,-2.23045029e-05,0.00113689705,-0.0603117382,2.73683757,1743.90053
0.297014365,0.0164047389,5.54244483e-05,0.000345150331,-0.061863962,-0.299778643,1743.95364
0.297026326,0.139866187,-3.08627268e-05,0.000117559399,-0.0582532974,6.15537804,1743.97839
0.29703508,0.117715008,-3.44200625e-05,0.000613520916,-0.0593913955,4.32702307,1744.29476
0.29703581,0.0179419674,5.54270301e-05,0.000395674455,-0.0618399893,-0.175839954,1743.91521
0.297035807,0.0599612217,5.83526802e-06,0.00130527114,-0.0610320796,1.66394259,1743.53346
0.297051938,0.140879634,-2.88967242e-05,9.7567862e-05,-0.0582301234,6.25342183,1743.94909
0.297058798,0.0195897299,5.48381674e-05,0.000449684469,-0.0618150113,-0.0498394389,1743.87735
0.297075833,0.141825099,-2.68483582e-05,8.01197443e-05,-0.0582082236,6.34612339,1743.92055
0.297083438,0.0213559743,5.36541991e-05,0.000506762379,-0.0617890551,0.0775938911,1743.84064
0.297091358,0.120214384,-3.37503967e-05,0.000548307357,-0.0593519781,4.50786721,1744.3168
0.297093112,0.0943947116,-2.36869869e-05,0.00104435483,-0.0602629163,2.94250152,1744.00294
0.297098124,0.14270714,-2.47279064e-05,6.50099132e-05,-0.058187491,6.4336663,1743.89296
0.297109851,0.0232492201,5.18824088e-05,0.0005663465,-0.061762159,0.205795026,1743.80569
0.297114208,0.0646303672,2.97213654e-07,0.00128368814,-0.0609875725,1.80725048,1743.60875
0.29711892,0.143530013,-2.2548258e-05,5.2038935e-05,-0.0581678247,6.51623337,1743.86647
0.297138162,0.0252785992,4.95415948e-05,0.000627722969,-0.0617343722,0.334091955,1743.77322
0.297138321,0.144297686,-2.03249287e-05,4.10130337e-05,-0.0581491296,6.59400768,1743.84115
0.29714386,0.1225461,-3.30168556e-05,0.00048839175,-0.0593150474,4.6822556,1744.32926
0.29715642,0.145013864,-1.80762296e-05,3.17441649e-05,-0.0581313165,6.66717129,1743.81705
0.29716851,0.0274539002,4.66627789e-05,0.000690014662,-0.0617057544,0.461825983,1743.74402
0.297173342,0.0984584434,-2.45016929e-05,0.000954571693,-0.0602169898,3.14890989,1744.09497
0.297173305,0.145681998,-1.58233129e-05,2.40511479e-05,-0.0581143014,6.73590931,1743.7942
0.297189058,0.146305314,-1.35899538e-05,1.775922e-05,-0.0580980057,6.8004049,1743.77258
0.297192841,0.124721401,-3.22319516e-05,0.000433484553,-0.0592804842,4.84995222,1744.33336
0.297198247,0.0696352464,-4.56362037e-06,0.00124323604,-0.0609416223,1.96654393,1743.69743
0.297201039,0.0297856156,4.32900484e-05,0.000752182124,-0.061676375,0.588406426,1743.71893
0.297203754,0.146886817,-1.14029483e-05,1.27031145e-05,-0.0580823562,6.86085222,1743.75217
0.297217464,0.147429312,-9.29107097e-06,8.72305153e-06,-0.0580672848,6.91742794,1743.73292
0.297230255,0.147935415,-7.28617211e-06,5.67748946e-06,-0.0580527297,6.97035847,1743.71479
0.297235908,0.0322849924,3.94806691e-05,0.000813020046,-0.0616463105,0.713332956,1743.69885
0.297238536,0.12675078,-3.1402402e-05,0.00038328678,-0.0592481633,5.01084834,1744.33036
0.297242187,0.148407569,-5.41998461e-06,3.4156783e-06,-0.0580386356,7.01972904,1743.69773
0.297248191,0.102249575,-2.49061741e-05,0.000868808558,-0.060173786,3.35472605,1744.17612
0.297253319,0.14884805,-3.7266845e-06,1.83827836e-06,-0.0580249552,7.0658634,1743.68167
0.297263704,0.149258983,-2.23326995e-06,7.262968e-07,-0.058011651,7.10845439,1743.66657
0.297273283,0.0349640862,3.53050222e-05,0.000871175783,-0.0616156419,0.83629277,1743.68472
0.297273393,0.14964235,-9.88871772e-07,4.72568785e-07,-0.0579986971,7.14896941,1743.65235
0.297281165,0.128644026,-3.05293784e-05,0.000337506207,-0.0592179559,5.16491412,1744.32148
0.297282432,0.15,0,0,-0.0579860615,7.16848647,1743.63896
0.297288328,0.075,-8.66497899e-06,0.00118340774,-0.0608937261,2.14933442,1743.79887
0.297313346,0.0378358195,3.08459015e-05,0.000925155641,-0.0615844497,0.957170812,1743.67748
0.297318019,0.105786393,-2.50055045e-05,0.000787802456,-0.0601331805,3.55873816,1744.24612
0.297320935,0.13041027,-2.96110167e-05,0.000295860488,-0.0591897315,5.31219651,1744.30786
0.29735629,0.040914044,2.61970047e-05,0.000973371448,-0.0615528081,1.07620955,1743.67805
0.297358037,0.132058033,-2.86434096e-05,0.000258083121,-0.0591633597,5.45278887,1744.29056
0.297378409,0.0803647536,-1.17639742e-05,0.00110991551,-0.060846637,2.34686174,1743.90437
0.297383162,0.109085956,-2.48846373e-05,0.00071194694,-0.0600950736,3.75973954,1744.30498
0.297392651,0.133595261,-2.7622588e-05,0.000223922076,-0.0591387121,5.58682613,1744.27049
0.297402322,0.0442136074,2.14597441e-05,0.00101415558,-0.0615207775,1.19398447,1743.6873
0.297424942,0.13502937,-2.65443361e-05,0.00019313918,-0.0591156629,5.7144629,1744.24847
0.297443936,0.112164181,-2.46055857e-05,0.000641366341,-0.0600593742,3.9567536,1744.35293
0.297451663,0.0477504251,1.67434753e-05,0.00104584175,-0.0614883954,1.31164642,1743.70602
0.297455067,0.136367278,-2.54046285e-05,0.000165510312,-0.0590940905,5.83587475,1744.22518
0.297462447,0.0853696328,-1.39004191e-05,0.00103150689,-0.0608030585,2.5462241,1744.00438
0.297483172,0.137615437,-2.42014596e-05,0.000140823321,-0.0590738782,5.95123598,1744.20118
0.297500633,0.115035914,-2.42150149e-05,0.000576029158,-0.0600259913,4.14889805,1744.39042
0.297501353,0,0,0,-0.0623086833,-1.90342278,1744.6255
0.297504553,0.0515415566,1.21543014e-05,0.00106678892,-0.0614556659,1.43083813,1743.73487
0.297505291,0.000357650242,-9.6851577e-09,3.05766738e-07,-0.062303179,-1.88350002,1744.61469
0.297509391,0.138779867,-2.29342745e-05,0.000118874614,-0.0590549143,6.06073258,1744.17695
0.297509511,0.000741017226,4.39809604e-07,3.00373239e-07,-0.062297299,-1.84194314,1744.60309
0.297514036,0.00115195011,1.33494301e-06,1.03871252e-06,-0.0622910225,-1.79819875,1744.59064
0.297518886,0.00159243101,2.63195078e-06,2.12453857e-06,-0.0622843255,-1.75069716,1744.5773
0.297524085,0.00206458457,4.28475502e-06,3.80973177e-06,-0.0622771829,-1.69938791,1744.56301
0.297529657,0.0025706882,6.23841105e-06,6.25415847e-06,-0.0622695687,-1.64404407,1744.54773
0.297533851,0.139866187,-2.16035068e-05,9.94703186e-05,-0.0590370928,6.16455054,1744.15284
0.29753563,0.00311318307,8.4358776e-06,9.65241198e-06,-0.0622614562,-1.58453251,1744.53142
0.297540848,0.0900387783,-1.53205005e-05,0.000951667252,-0.060762485,2.74884297,1744.09733
0.297542032,0.00369468589,1.08169378e-05,1.42033976e-05,-0.0622528181,-1.52063843,1744.51402
0.297548895,0.00431800152,1.33178578e-05,2.01262959e-05,-0.0622436266,-1.45217489,1744.49552
0.297553526,0.117715008,-2.37474538e-05,0.000515778784,-0.0599948298,4.33551771,1744.41815
0.297556252,0.00498613648,1.58781806e-05,2.76502557e-05,-0.0622338535,-1.37899157,1744.47585
0.297556671,0.140879634,-2.02119881e-05,8.2423916e-05,-0.0590203136,6.26286972,1744.12915
0.297561245,0.0556052884,7.7936816e-06,0.00107547397,-0.061422548,1.55402146,1743.77435
0.297564137,0.0057023135,1.84428702e-05,3.70090826e-05,-0.0622234707,-1.30097674,1744.45502
0.29757259,0.00646998704,2.09597776e-05,4.84364629e-05,-0.0622124505,-1.21805918,1744.433
0.297577959,0.141825099,-1.87638757e-05,6.75543609e-05,-0.059004482,6.35587002,1744.10609
0.29758165,0.00729285993,2.33799631e-05,6.21609685e-05,-0.0622007658,-1.13021164,1744.40979
0.297591361,0.00817490128,2.56575759e-05,7.84002819e-05,-0.0621883907,-1.03745326,1744.38541
0.29759782,0.14270714,-1.72656267e-05,5.46865667e-05,-0.0589895089,6.44372969,1744.08381
0.297601771,0.00912036556,2.77505663e-05,9.7354966e-05,-0.0621753007,-0.939857817,1744.3599
0.297602872,0.120214384,-2.32261581e-05,0.000460398938,-0.0599657887,4.51607999,1744.43696
0.29761293,0.0101338132,2.9621198e-05,0.000119202307,-0.0621614739,-0.837558496,1744.33332
0.29761399,0.0943947116,-1.62202729e-05,0.000872818804,-0.060724568,2.95357235,1744.18222
0.297616349,0.143530013,-1.57255261e-05,4.36511875e-05,-0.0589753107,6.5266242,1744.06243
0.297622014,0.0599612217,3.75271051e-06,0.00107054255,-0.0613889445,1.68430887,1743.82474
0.29762489,0.0112201325,3.12351527e-05,0.000144087943,-0.062146891,-0.730752384,1744.30576
0.297633634,0.144297686,-1.41536048e-05,3.42837735e-05,-0.0589618086,6.60472782,1744.04202
0.297637711,0.0123845633,3.25618409e-05,0.000172116353,-0.0621315365,-0.619700841,1744.27735
0.297648907,0.1225461,-2.26673046e-05,0.000409628256,-0.0599387611,4.690236,1744.44784
0.29764976,0.145013864,-1.25620581e-05,2.64244885e-05,-0.0589489284,6.67821449,1744.0226
0.297651454,0.0136327222,3.35751634e-05,0.000203342249,-0.062115399,-0.504735361,1744.24825
0.297664804,0.145681998,-1.0965461e-05,1.99194906e-05,-0.0589366,6.74726164,1744.00419
0.297666185,0.0149706296,3.42535983e-05,0.000237761151,-0.0620984727,-0.386257203,1744.21867
0.297678839,0.146305314,-9.38048653e-06,1.46191918e-05,-0.0589247572,6.81204099,1743.98679
0.297681975,0.0164047389,3.45800461e-05,0.000275298364,-0.0620807575,-0.264735024,1744.18887
0.297682226,0.0984584434,-1.67304367e-05,0.000796593973,-0.0606890795,3.15918397,1744.25842
0.297687153,0.0646303672,1.27333631e-07,0.00105087977,-0.0613546905,1.82583754,1743.88609
0.297691854,0.124721401,-2.20795587e-05,0.000363193904,-0.0599136355,4.85774689,1744.45182
0.297691933,0.146886817,-7.82698858e-06,1.03823283e-05,-0.0589133372,6.87274236,1743.97036
0.2976989,0.0179419674,3.45425399e-05,0.000315797733,-0.0620622603,-0.140703221,1744.15916
0.297704148,0.147429312,-6.32639633e-06,7.06905071e-06,-0.0589022802,6.92952476,1743.95487
0.297715544,0.147935415,-4.90471635e-06,4.55802343e-06,-0.05889153,6.98262352,1743.94028
0.297717043,0.0195897299,3.41348006e-05,0.000359010965,-0.0620429958,-0.0147559143,1744.12992
0.297726175,0.148407569,-3.58731074e-06,2.71057545e-06,-0.0588810341,7.03207785,1743.92654
0.29773192,0.12675078,-2.14675077e-05,0.000320818522,-0.0598902971,5.01850235,1744.44995
0.297736093,0.14884805,-2.40696754e-06,1.44577343e-06,-0.0588707452,7.07827062,1743.91359
0.29773649,0.0213559743,3.33563931e-05,0.00040458727,-0.0620229867,0.112467578,1744.10157
0.297745346,0.149258983,-1.38426609e-06,5.34862475e-07,-0.0588606231,7.12073017,1743.90139
0.297745884,0.102249575,-1.69613747e-05,0.000724007297,-0.0606558647,3.36431938,1744.32555
0.297753978,0.14964235,-5.77755622e-07,4.10903886e-07,-0.058850637,7.16138143,1743.88988
0.297756975,0.0696352464,-3.03852632e-06,0.00101574133,-0.0613195462,1.98336469,1743.95819
0.297757335,0.0232492201,3.22135061e-05,0.000452062507,-0.0620022646,0.240294637,1744.07461
0.297762031,0.15,0,0,-0.0588407485,7.18118264,1743.87901
0.297769299,0.128644026,-2.08317396e-05,0.000282234477,-0.0598686298,5.17247109,1744.44324
0.297779679,0.0252785992,3.07193251e-05,0.000500852971,-0.06198087,0.368048611,1744.04959
0.29780363,0.0274539002,2.88945173e-05,0.000550247024,-0.0619588517,0.495069,1744.02712
0.29780417,0.13041027,-2.01707757e-05,0.000247185725,-0.0598485173,5.31969963,1744.43266
0.297805271,0.105786393,-1.69858957e-05,0.000655636599,-0.0606248091,3.56774745,1744.38343
0.297829303,0.0297856156,2.67677567e-05,0.000599407061,-0.0619362663,0.620766663,1744.00785
0.297831818,0.075,-5.69052678e-06,0.000964791174,-0.0612831653,2.16442039,1744.04048
0.297836702,0.132058033,-1.94816709e-05,0.000215432639,-0.0598298452,5.46028036,1744.41906
0.297856822,0.0322849924,2.43756705e-05,0.000647366736,-0.0619131767,0.744646546,1743.99248
0.297860675,0.109085956,-1.68630466e-05,0.000591774731,-0.0605958188,3.76824767,1744.43207
0.297867052,0.133595261,-1.87613397e-05,0.000186750503,-0.0598125015,5.59434796,1744.40321
0.29788632,0.0349640862,2.17629568e-05,0.000693047559,-0.0618896496,0.866404507,1743.98175
0.297895365,0.13502937,-1.80065499e-05,0.000160929184,-0.059796378,5.72205715,1744.38578
0.297906661,0.0803647536,-7.67216164e-06,0.000902921431,-0.0612476583,2.36042245,1744.1259
0.297912363,0.112164181,-1.663563e-05,0.000532491631,-0.0605688077,3.96483107,1744.47171
0.297917939,0.0378358195,1.89816407e-05,0.00073526347,-0.0618657517,0.985938517,1743.97637
0.29792178,0.136367278,-1.72142263e-05,0.000137772278,-0.0597813711,5.84357969,1744.36731
0.297946422,0.137615437,-1.63826572e-05,0.000117095299,-0.0597673821,5.95909178,1744.34829
0.297951831,0.040914044,1.60904727e-05,0.000772760146,-0.0618415461,1.10350721,1743.97707
0.297960583,0.115035914,-1.63358437e-05,0.000477730862,-0.0605436907,4.15660621,1744.50274
0.297969412,0.138779867,-1.55107534e-05,9.87230568e-05,-0.0597543173,6.06877614,1744.32907
0.297976483,0.0853696328,-9.02196551e-06,0.000837423833,-0.0612150417,2.55854059,1744.20672
0.297988161,0.0442136074,1.31524418e-05,0.000804226073,-0.0618170859,1.21970702,1743.98452
0.297990859,0.139866187,-1.45983024e-05,8.24895528e-05,-0.0597420887,6.17281193,1744.30996
0.298005568,0.117715008,-1.59874069e-05,0.000427333927,-0.0605203798,4.34291039,1744.52576
0.298010868,0.140879634,-1.36468236e-05,6.82364799e-05,-0.0597306134,6.27137999,1744.2912
0.298027102,0.0477504251,1.02355897e-05,0.000828358716,-0.0617924074,1.33571222,1743.99932
0.298029534,0.141825099,-1.2658544e-05,5.58109811e-05,-0.059719814,6.3646503,1744.27294
0.298041622,0.0900387783,-9.90454953e-06,0.000771110477,-0.0611848976,2.76011311,1744.28171
0.298046948,0.14270714,-1.16374022e-05,4.50657797e-05,-0.0597096179,6.45280106,1744.25533
0.298047536,0.120214384,-1.56062247e-05,0.000381096264,-0.0604987832,4.52320545,1744.54147
0.298063194,0.143530013,-1.05881228e-05,3.58596454e-05,-0.0596999571,6.53600339,1744.23843
0.298068844,0.0515415566,7.40512007e-06,0.000843883199,-0.061767523,1.45318441,1744.02199
0.29807835,0.144297686,-9.51692984e-06,2.80555936e-05,-0.0596907678,6.61442095,1744.22232
0.298086689,0.1225461,-1.52033092e-05,0.00033877824,-0.0604788051,4.69713841,1744.5507
0.29809249,0.145013864,-8.43150505e-06,2.15202542e-05,-0.0596819902,6.68822099,1744.207
0.298102391,0.0943947116,-1.04488058e-05,0.000705917135,-0.0611569334,2.96395755,1744.3501
0.298105681,0.145681998,-7.34143982e-06,1.6125909e-05,-0.0596735672,6.75757411,1744.1925
0.298113587,0.0556052884,4.7245913e-06,0.000849625753,-0.0617424118,1.57462141,1744.0529
0.298117987,0.146305314,-6.25761746e-06,1.17471698e-05,-0.0596654445,6.82263926,1744.17879
0.298123215,0.124721401,-1.47844728e-05,0.000300134005,-0.0604603469,4.86446751,1744.55429
0.298129468,0.146886817,-5.19401882e-06,8.26676817e-06,-0.0596575695,6.88360558,1744.16585
0.298140179,0.147429312,-4.16530574e-06,5.5642311e-06,-0.059649891,6.9406057,1744.15366
0.29815017,0.147935415,-3.19212553e-06,3.54028557e-06,-0.0596423584,6.99389961,1744.14218
0.298157291,0.12675078,-1.4352742e-05,0.000264916354,-0.0604433082,5.02508063,1744.55313
0.298159083,0.0984584434,-1.0741183e-05,0.000643136544,-0.0611309539,3.16881738,1744.4114
0.298159492,0.148407569,-2.29278975e-06,2.06609247e-06,-0.0596349218,7.0434541,1744.13135
0.298161548,0.0599612217,2.24848606e-06,0.000844552571,-0.0617170121,1.70315998,1744.09227
0.298168189,0.14884805,-1.49720093e-06,1.08736881e-06,-0.0596275322,7.08978798,1744.12114
0.298176302,0.149258983,-8.15670333e-07,3.57259225e-07,-0.0596201435,7.13203836,1744.1115
0.298178712,0,0,0,-0.0624505494,-1.87633719,1744.72703
0.298181654,0.000357650242,-2.02637466e-07,1.98645999e-07,-0.0624465587,-1.85650087,1744.71924
0.298183871,0.14964235,-3.13824481e-07,3.4807745e-07,-0.059612716,7.17283481,1744.10237
0.298184808,0.000741017226,-8.64098453e-08,-1.23103492e-08,-0.0624422959,-1.81519299,1744.71085
0.298188189,0.00115195011,3.45930713e-07,3.92179962e-07,-0.0624377463,-1.77174716,1744.70185
0.298189081,0.128644026,-1.39083605e-05,0.000232889009,-0.0604275883,5.17894512,1744.54803
0.298190932,0.15,0,0,-0.0596052045,7.19306732,1744.09372
0.298191813,0.00159243101,1.05640808e-06,9.90661978e-07,-0.0624328925,-1.72442913,1744.69219
0.298195697,0.00206458457,2.00014193e-06,2.01717425e-06,-0.0624277163,-1.6731448,1744.68183
0.298199861,0.0025706882,3.14094225e-06,3.61169969e-06,-0.0624221992,-1.61767291,1744.67076
0.298204324,0.00311318307,4.43568236e-06,5.93630921e-06,-0.062416322,-1.55789884,1744.65893
0.298209108,0.00369468589,5.82899969e-06,9.15360625e-06,-0.062410065,-1.49365299,1744.64631
0.298211973,0.102249575,-1.08547506e-05,0.000583555424,-0.0611068225,3.37331191,1744.46535
0.298212957,0.0646303672,3.4360208e-08,0.000827829841,-0.061691213,1.84295636,1744.14013
0.298214235,0.00431800152,7.2777401e-06,1.34375294e-05,-0.0624034084,-1.42473389,1744.63289
0.298218738,0.13041027,-1.34501983e-05,0.000203827526,-0.0604130875,5.32610694,1744.53979
0.298219732,0.00498613648,8.75111631e-06,1.89676657e-05,-0.0623963321,-1.35098873,1744.61863
0.298225624,0.0057023135,1.02185749e-05,2.59222981e-05,-0.0623888159,-1.27233584,1744.60352
0.29823194,0.00646998704,1.16501938e-05,3.44753984e-05,-0.0623808403,-1.18872818,1744.58755
0.298238709,0.00729285993,1.30183111e-05,4.47948532e-05,-0.0623723859,-1.10016115,1744.57072
0.298245966,0.00817490128,1.42977685e-05,5.70382303e-05,-0.0623634346,-1.00667777,1744.55304
0.298246406,0.132058033,-1.29761174e-05,0.000177523256,-0.0603997083,5.46665811,1744.52912
0.298253744,0.00912036556,1.54659485e-05,7.13483457e-05,-0.0623539692,-0.908376016,1744.53455
0.298261314,0.105786393,-1.08371536e-05,0.000527607429,-0.0610844356,3.5761917,1744.51182
0.298262081,0.0101338132,1.65026765e-05,8.7848383e-05,-0.0623439746,-0.805411639,1744.51529
0.298268062,0.0696352464,-1.89396952e-06,0.000798921195,-0.0616648503,1.99877497,1744.19628
0.298271018,0.0112201325,1.73900112e-05,0.000106636394,-0.0623334375,-0.698000317,1744.49532
0.298272218,0.133595261,-1.24838195e-05,0.000153781761,-0.0603873559,5.60073261,1744.51662
0.298280598,0.0123845633,1.8112257e-05,0.000127778942,-0.0623223477,-0.586422633,1744.47474
0.298290866,0.0136327222,1.865606e-05,0.000151304424,-0.062310698,-0.47102762,1744.45368
0.298296299,0.13502937,-1.19708924e-05,0.000132422597,-0.0603759395,5.72848447,1744.50285
0.298301873,0.0149706296,1.901061e-05,0.000177196117,-0.0622984854,-0.352232103,1744.43227
0.298307346,0.109085956,-1.07271349e-05,0.00047549727,-0.0610637061,3.77622233,1744.55088
0.298313671,0.0164047389,1.91676709e-05,0.000205384463,-0.0622857114,-0.230519418,1744.41073
0.298318764,0.136367278,-1.1435098e-05,0.000113277995,-0.0603653727,5.85008423,1744.48825
0.298326318,0.0179419674,1.91217263e-05,0.000235739116,-0.0622723825,-0.106436256,1744.38926
0.29832713,0.075,-3.50226987e-06,0.000757608537,-0.0616376824,2.17815751,1744.2603
0.298339722,0.137615437,-1.08750506e-05,9.61913316e-05,-0.0603555734,5.96570815,1744.4732
0.298339874,0.0195897299,1.88703006e-05,0.00026806097,-0.0622585113,0.0194133575,1744.36815
0.29835029,0.112164181,-1.05525342e-05,0.000427250931,-0.0610445543,3.97240278,1744.58271
0.298354405,0.0213559743,1.84141409e-05,0.000302074921,-0.0622441165,0.146381972,1744.34771
0.298359275,0.138779867,-1.02897714e-05,8.10150129e-05,-0.0603464647,6.075537,1744.458
0.29836998,0.0232492201,1.77575923e-05,0.000337422117,-0.0622292234,0.273791336,1744.32829
0.298377515,0.139866187,-9.67886237e-06,6.76098089e-05,-0.0603379742,6.1797474,1744.44289
0.298386198,0.0803647536,-4.69237994e-06,0.000707874665,-0.0616112938,2.37270042,1744.32667
0.298386675,0.0252785992,1.69088212e-05,0.000373655876,-0.0622138641,0.400961881,1744.31031
0.298390353,0.115035914,-1.03342898e-05,0.000382795484,-0.0610269017,4.16383252,1744.60767
0.298394532,0.140879634,-9.0428875e-06,5.58437677e-05,-0.0603300344,6.27851803,1744.42807
0.298404571,0.0274539002,1.58800302e-05,0.000410235673,-0.0621980773,0.527233144,1744.2942
0.298410408,0.141825099,-8.38326044e-06,4.55900786e-05,-0.0603225826,6.37201413,1744.41365
0.298423754,0.0297856156,1.46878301e-05,0.000446529631,-0.0621819078,0.652019018,1744.28044
0.298425219,0.14270714,-7.70208945e-06,3.6727024e-05,-0.06031556,6.46041037,1744.39974
0.298427729,0.117715008,-1.00877163e-05,0.000341977613,-0.0610106683,4.34984129,1744.62625
0.298439036,0.143530013,-7.00194889e-06,2.91383569e-05,-0.060308912,6.54387194,1744.38642
0.298441303,0.0853696328,-5.49633968e-06,0.000655534417,-0.0615871729,2.56963636,1744.3894
0.298444316,0.0322849924,1.33530635e-05,0.000481812438,-0.0621654054,0.774831208,1744.26955
0.298451926,0.144297686,-6.28697087e-06,2.27118155e-05,-0.0603025875,6.6225602,1744.37372
0.298462597,0.120214384,-9.82304271e-06,0.000304610104,-0.060995772,4.5298855,1744.63903
0.298463952,0.145013864,-5.56158202e-06,1.73379002e-05,-0.0602965381,6.69663447,1744.36165
0.298466357,0.0349640862,1.19010385e-05,0.000515279216,-0.0621486231,0.895375486,1744.26204
0.29847517,0.145681998,-4.83203889e-06,1.29122981e-05,-0.060290718,6.76626123,1744.35023
0.298485637,0.146305314,-4.10524331e-06,9.3315774e-06,-0.0602850829,6.83158665,1744.33945
0.298489982,0.0378358195,1.03608499e-05,0.000546048584,-0.0621316152,1.01356406,1744.25845
0.298492712,0.0900387783,-6.01666499e-06,0.000602770346,-0.0615649918,2.77021527,1744.44756
0.298495126,0.1225461,-9.54729602e-06,0.000270479696,-0.0609821284,4.703608,1744.64668
0.298495401,0.146886817,-3.39078931e-06,6.50063038e-06,-0.0602795893,6.89280106,1744.32928
0.29850451,0.147429312,-2.69810056e-06,4.3167351e-06,-0.0602741936,6.95000776,1744.31969
0.298513008,0.147935415,-2.04305888e-06,2.70220641e-06,-0.0602688507,7.00350062,1744.31065
0.298515306,0.040914044,8.76534884e-06,0.000573193817,-0.0621144337,1.12967274,1744.25931
0.298520936,0.148407569,-1.43761601e-06,1.53761617e-06,-0.0602635134,7.05315492,1744.30214
0.298525474,0.124721401,-9.26413305e-06,0.000239371069,-0.0609696518,4.87076424,1744.64988
0.298528332,0.14884805,-9.08108232e-07,7.94473812e-07,-0.0602581312,7.09964663,1744.29409
0.298535233,0.149258983,-4.5762084e-07,2.09686704e-07,-0.0602526514,7.14170352,1744.28647
0.298540673,0.0943947116,-6.33134802e-06,0.000551073832,-0.0615445184,2.97322241,1744.50054
0.29854167,0.14964235,-1.52011794e-07,2.94616502e-07,-0.0602470218,7.18268328,1744.27924
0.298542451,0.0442136074,7.1494063e-06,0.000595750384,-0.062097125,1.24431947,1744.26508
0.298547675,0.15,0,0,-0.0602411837,7.20338828,1744.27234
0.298553785,0.12675078,-8.97541607e-06,0.000211069975,-0.0609582562,5.03124031,1744.64933
0.298571548,0.0477504251,5.5509143e-06,0.000612766908,-0.0620797244,1.35870282,1744.27622
0.298580198,0.128644026,-8.68120544e-06,0.000185373446,-0.060947856,5.18500245,1744.6457
0.298585416,0.0984584434,-6.49343286e-06,0.000501434166,-0.0615255961,3.1773741,1744.548
0.298602737,0.0515415566,4.00548833e-06,0.000623318872,-0.0620622519,1.474514,1744.29308
0.298604838,0.13041027,-8.38070033e-06,0.000162089976,-0.0609383675,5.3320962,1744.6396
0.298627158,0.102249575,-6.54801856e-06,0.000454442648,-0.0615081135,3.38126621,1744.58974
0.298627826,0.132058033,-8.07245186e-06,0.000141042678,-0.0609297094,5.47261337,1744.6316
0.298636169,0.0556052884,2.53833389e-06,0.000626563433,-0.0620447055,1.59424084,1744.31592
0.298649272,0.133595261,-7.75489023e-06,0.000122067699,-0.0609218038,5.60668766,1744.62218
0.2986661,0.105786393,-6.5241327e-06,0.000410415991,-0.061491985,3.5836318,1744.62568
0.298669279,0.13502937,-7.42638007e-06,0.000105014033,-0.0609145762,5.73447278,1744.61177
0.298672005,0.0599612217,1.18765089e-06,0.000621766346,-0.0620270568,1.72105078,1744.3449
0.298687944,0.136367278,-7.08541776e-06,8.97420585e-05,-0.0609079564,5.85613909,1744.60071
0.298702429,0.109085956,-6.44548781e-06,0.000369493985,-0.0614771381,3.78322242,1744.65587
0.298705357,0.137615437,-6.73096268e-06,7.61222469e-05,-0.0609018786,5.97186198,1744.58932
0.298710417,0.0646303672,-5.64936986e-09,0.00060835159,-0.0620092462,1.85917236,1744.38003
0.298721601,0.138779867,-6.36223124e-06,6.40334133e-05,-0.060896281,6.0818208,1744.57781
0.298736321,0.112164181,-6.3289762e-06,0.000331678155,-0.061463506,3.97902534,1744.68049
0.298736756,0.139866187,-5.97885515e-06,5.33619e-05,-0.0608911064,6.18619094,1744.56637
0.298750895,0.140879634,-5.58100374e-06,4.40005465e-05,-0.0608863018,6.28514773,1744.55516
0.298751592,0.0696352464,-1.04235467e-06,0.000585967966,-0.0619911805,2.01335702,1744.42115
0.298764085,0.141825099,-5.16945174e-06,3.58471137e-05,-0.060881818,6.37885856,1744.54426
0.29876794,0.115035914,-6.18734191e-06,0.000296895303,-0.0614510234,4.17013102,1744.69981
0.29877639,0.14270714,-4.74505919e-06,2.88041315e-05,-0.0608776096,6.46749114,1744.53376
0.29878787,0.143530013,-4.30923513e-06,2.27784828e-05,-0.0608736344,6.55120351,1744.52371
0.298795727,0.075,-1.90040122e-06,0.000554496243,-0.0619727173,2.19116013,1744.46792
0.298797438,0.117715008,-6.02983665e-06,0.000265010839,-0.0614396241,4.3558617,1744.71423
0.298798579,0.144297686,-3.86442631e-06,1.7681157e-05,-0.0608698531,6.63015933,1744.51414
0.298808571,0.145013864,-3.4129503e-06,1.34251823e-05,-0.060866229,6.70450457,1744.50506
0.298817892,0.145681998,-2.95867649e-06,9.92822658e-06,-0.0608627268,6.7744072,1744.49647
0.298819652,0,0,0,-0.0625847878,-1.85257873,1744.82309
0.298821628,0.000357650242,-2.62724883e-07,1.46346581e-07,-0.06258222,-1.83289556,1744.81811
0.298823747,0.000741017226,-2.97868948e-07,-2.32840762e-07,-0.0625794777,-1.79165324,1744.81273
0.298824957,0.120214384,-5.8626372e-06,0.000235866003,-0.0614292405,4.53566836,1744.72419
0.298826018,0.00115195011,-1.33817849e-07,-7.02062263e-08,-0.0625765512,-1.74826218,1744.80694
0.298826588,0.146305314,-2.50535706e-06,7.10804792e-06,-0.0608593125,6.84000251,1744.48836
0.298828453,0.00159243101,1.87734323e-07,1.63171321e-07,-0.0625734297,-1.70105835,1744.80073
0.298831062,0.00206458457,6.40315611e-07,6.60092306e-07,-0.0625701015,-1.64957979,1744.79406
0.298833859,0.0025706882,1.20218911e-06,1.54365939e-06,-0.062566555,-1.59387917,1744.78692
0.2988347,0.146886817,-2.05901806e-06,4.8909769e-06,-0.0608559522,6.90148013,1744.48072
0.298836857,0.00311318307,1.83710346e-06,2.92927564e-06,-0.0625627779,-1.53382731,1744.7793
0.298839862,0.0803647536,-2.52449923e-06,0.000516985838,-0.061954945,2.38433595,1744.51632
0.298840071,0.00369468589,2.51049289e-06,4.93548522e-06,-0.0625587578,-1.46904327,1744.77117
0.298842268,0.147429312,-1.62503591e-06,3.19201689e-06,-0.0608526108,6.95891353,1744.47353
0.298843516,0.00431800152,3.20126687e-06,7.68727171e-06,-0.0625544821,-1.39938205,1744.76251
0.298847209,0.00498613648,3.89832875e-06,1.1306218e-05,-0.0625499382,-1.32484042,1744.75332
0.298849329,0.147935415,-1.21450409e-06,1.95492828e-06,-0.0608492508,7.01263349,1744.46675
0.29885063,0.1225461,-5.68995039e-06,0.00020928309,-0.0614198041,4.7091896,1744.73021
0.298851167,0.0057023135,4.58931899e-06,1.59083755e-05,-0.0625451136,-1.24536094,1744.74359
0.29885541,0.00646998704,5.2598687e-06,2.16066489e-05,-0.062539996,-1.16090917,1744.7333
0.298855916,0.148407569,-8.34738886e-07,1.07278407e-06,-0.0608458298,7.06241263,1744.46036
0.298859958,0.00729285993,5.89706363e-06,2.85090677e-05,-0.0625345734,-1.07150105,1744.72247
0.298862061,0.14884805,-5.05947499e-07,5.37349338e-07,-0.0608422988,7.10907318,1744.45431
0.298864833,0.00817490128,6.48945331e-06,3.67152412e-05,-0.0625288347,-0.977201127,1744.71109
0.298867794,0.149258983,-2.27101762e-07,7.77372543e-08,-0.0608385998,7.15103108,1744.44857
0.298870058,0.00912036556,7.02690403e-06,4.63138666e-05,-0.0625227695,-0.87812704,1744.69919
0.298873142,0.14964235,-5.63479827e-08,2.5435254e-07,-0.0608346662,7.19221807,1744.44309
0.298874581,0.124721401,-5.51394322e-06,0.000185084703,-0.0614112456,4.87617808,1744.73284
0.298875659,0.0101338132,7.50053919e-06,5.73795835e-05,-0.0625163686,-0.774452743,1744.6868
0.298878132,0.15,0,0,-0.060830419,7.21333946,1744.43783
0.298881036,0.0853696328,-2.94110247e-06,0.000477783444,-0.0619388525,2.58016192,1744.56198
0.298881663,0.0112201325,7.90268176e-06,6.99695763e-05,-0.0625096244,-0.666411815,1744.67397
0.298888098,0.0123845633,8.22667141e-06,8.41196192e-05,-0.0625025312,-0.554301168,1744.66075
0.298894997,0.0136327222,8.46687818e-06,9.98397011e-05,-0.0624950856,-0.43848392,1744.64722
0.298896925,0.12675078,-5.33569006e-06,0.000163095568,-0.0614034958,5.03651802,1744.73259
0.298902391,0.0149706296,8.61884874e-06,0.000117109471,-0.0624872868,-0.319389638,1744.63349
0.298910317,0.0164047389,8.67932485e-06,0.00013587333,-0.0624791371,-0.197513218,1744.61968
0.29891777,0.128644026,-5.1551739e-06,0.00014315073,-0.0613964863,5.19017451,1744.73
0.298918813,0.0179419674,8.64628665e-06,0.000156035394,-0.0624706425,-0.0734110466,1744.60594
0.298919449,0.0900387783,-3.20682514e-06,0.000438468813,-0.0619241961,2.77981,1744.60424
0.29892792,0.0195897299,8.51908173e-06,0.000177454275,-0.0624618129,0.0523052061,1744.59245
0.298937217,0.13041027,-4.97186267e-06,0.000125095287,-0.0613901508,5.33719259,1744.72552
0.298937682,0.0213559743,8.29853493e-06,0.00019993859,-0.0624526623,0.17898227,1744.57941
0.298948145,0.0232492201,7.98709523e-06,0.000223242012,-0.0624432096,0.305938414,1744.56705
0.298955284,0.0943947116,-3.36263101e-06,0.000400111473,-0.0619108011,2.98203725,1744.64268
0.29895536,0.132058033,-4.78483505e-06,0.000108786865,-0.061384425,5.47766387,1744.7196
0.298959361,0.0252785992,7.58896626e-06,0.000247061008,-0.0624334781,0.432492953,1744.55564
0.298971384,0.0274539002,7.11015406e-06,0.000271030964,-0.0624234958,0.557987192,1744.54546
0.298972285,0.133595261,-4.59308757e-06,9.40941478e-05,-0.0613792476,5.6117218,1744.7126
0.29898427,0.0297856156,6.55870961e-06,0.000294728607,-0.0624132953,0.681839526,1744.53683
0.298988075,0.13502937,-4.39558264e-06,8.08967307e-05,-0.0613745605,5.73952001,1744.70485
0.298988716,0.0984584434,-3.43733577e-06,0.000363414146,-0.0618985473,3.18553421,1744.67707
0.298998084,0.0322849924,5.94453181e-06,0.000317670593,-0.0624029126,0.803569723,1744.53007
0.299002806,0.136367278,-4.19136209e-06,6.90837352e-05,-0.061370309,5.86122868,1744.69662
0.299012891,0.0349640862,5.27960939e-06,0.000339323793,-0.0623923866,0.922894513,1744.52552
0.299016549,0.137615437,-3.97973533e-06,5.85527741e-05,-0.0613664419,5.97702262,1744.68812
0.299019905,0.102249575,-3.45538896e-06,0.000328786944,-0.0618873472,3.38887161,1744.70728
0.299028762,0.0378358195,4.57752068e-06,0.000359107085,-0.0623817578,1.03974099,1744.52353
0.29902937,0.138779867,-3.76015784e-06,4.92085256e-05,-0.0613629119,6.08708033,1744.67954
0.29904133,0.139866187,-3.53233687e-06,4.09619739e-05,-0.0613596749,6.19157619,1744.67102
0.299045775,0.040914044,3.85362287e-06,0.000376413353,-0.0623710659,1.15440246,1744.52442
0.299049002,0.105786393,-3.43236654e-06,0.000296440467,-0.0618771323,3.59076571,1744.73327
0.299052489,0.140879634,-3.29627247e-06,3.37294848e-05,-0.0613566904,6.29068335,1744.66267
0.299062899,0.141825099,-3.0523341e-06,2.74316604e-05,-0.061353921,6.38456884,1744.65456
0.299064011,0.0442136074,3.12400427e-06,0.000390614004,-0.0623603482,1.26751733,1744.52852
0.29907261,0.14270714,-2.80095728e-06,2.19932001e-05,-0.0613513323,6.47339708,1744.64675
0.299076147,0.109085956,-3.38108939e-06,0.000266457943,-0.0618678437,3.78995423,1744.75511
0.299081671,0.143530013,-2.54285677e-06,1.73421512e-05,-0.0613488926,6.55732312,1744.63928
0.299083558,0.0477504251,2.40625014e-06,0.000401094018,-0.0623496364,1.38030572,1744.53608
0.299090123,0.144297686,-2.27923101e-06,1.34102746e-05,-0.0613465723,6.63650821,1744.63217
0.299098008,0.145013864,-2.01145196e-06,1.01307049e-05,-0.0613443437,6.71109176,1744.62542
0.299101472,0.112164181,-3.31057761e-06,0.000238823031,-0.0618594269,3.98541322,1744.77292
0.299104511,0.0515415566,1.71744977e-06,0.000407260456,-0.0623389537,1.49448153,1744.54735
0.299105365,0.145681998,-1.74166159e-06,7.44067459e-06,-0.0613421805,6.78123927,1744.61905
0.299112228,0.146305314,-1.47171104e-06,5.27670911e-06,-0.0613400569,6.84707687,1744.61304
0.29911863,0.146886817,-1.20536841e-06,3.58389117e-06,-0.061337947,6.90879409,1744.60738
0.299124603,0.147429312,-9.45600032e-07,2.29409288e-06,-0.0613358235,6.96644253,1744.60205
0.299125097,0.115035914,-3.22766531e-06,0.00021346713,-0.0618518291,4.17622435,1744.78692
0.29912697,0.0556052884,1.07341949e-06,0.000408580315,-0.0623283121,1.61271761,1744.56248
0.299130176,0.147935415,-6.99393411e-07,1.36866355e-06,-0.0613336561,7.02037193,1744.59703
0.299135374,0.148407569,-4.7100295e-07,7.17055273e-07,-0.0613314087,7.07031285,1744.59229
0.299140224,0.14884805,-2.7331334e-07,3.43976123e-07,-0.0613290362,7.1170906,1744.58781
0.299144749,0.149258983,-1.05387708e-07,-2.08881888e-08,-0.0613264787,7.15907075,1744.58354
0.299147137,0.117715008,-3.13724879e-06,0.000190278265,-0.061844997,4.36170255,1744.79741
0.29914897,0.14964235,-1.66764483e-08,2.27398363e-07,-0.0613236572,7.20045475,1744.57944
0.299151045,0.0599612217,4.70385959e-07,0.000404594513,-0.0623177091,1.73799507,1744.58157
0.299152907,0.15,0,0,-0.0613204704,7.22179338,1744.57547
0.299167699,0.120214384,-3.04260155e-06,0.00016912889,-0.0618388771,4.5412936,1744.80471
0.29917685,0.0646303672,-6.88745799e-08,0.000394956761,-0.0623071263,1.8744471,1744.60459
0.299186882,0.1225461,-2.94591757e-06,0.000149879005,-0.0618334156,4.71463189,1744.8092
0.299204511,0.0696352464,-5.28162716e-07,0.000379473379,-0.0622965292,2.0270474,1744.63144
0.299204778,0.124721401,-2.84831804e-06,0.000132390529,-0.0618285586,4.88146752,1744.81128
0.299221474,0.12675078,-2.75033495e-06,0.000116528125,-0.061824253,5.04168284,1744.81132
0.299234161,0.075,-9.05538718e-07,0.00035809978,-0.0622858581,2.20328931,1744.66188
0.299237049,0.128644026,-2.65193007e-06,0.000102165303,-0.0618204469,5.19524201,1744.80971
0.29925158,0.13041027,-2.5527931e-06,8.91838969e-05,-0.0618170901,5.34218962,1744.80677
0.299263811,0.0803647536,-1.17156032e-06,0.000332919759,-0.0622757543,2.3951058,1744.69328
0.299265136,0.132058033,-2.45241545e-06,7.74758516e-05,-0.0618141345,5.48261722,1744.80281
0.299277782,0.133595261,-2.35024031e-06,6.6941963e-05,-0.0618115346,5.61665823,1744.79809
0.29928958,0.13502937,-2.2456991e-06,5.74917468e-05,-0.0618092476,5.74446636,1744.79285
0.299291472,0.0853696328,-1.3470188e-06,0.000306821262,-0.0622667656,2.58983959,1744.72283
0.299300587,0.136367278,-2.13826348e-06,4.90422605e-05,-0.0618072336,5.8662118,1744.78728
0.299310856,0.137615437,-2.02754372e-06,4.15173132e-05,-0.0618054555,5.98206913,1744.78152
0.299317277,0.0900387783,-1.4574135e-06,0.000280813976,-0.0622587297,2.78857537,1744.7501
0.299320435,0.138779867,-1.91321808e-06,3.48463673e-05,-0.0618038792,6.09221629,1744.77571
0.299329372,0.139866187,-1.79510384e-06,2.89639037e-05,-0.0618024735,6.19682704,1744.76995
0.29933771,0.140879634,-1.67316257e-06,2.38086794e-05,-0.0618012095,6.29607337,1744.76429
0.299341351,0.0943947116,-1.51702592e-06,0.000255573063,-0.0622515277,2.99005186,1744.77486
0.299345488,0.141825099,-1.54750841e-06,1.93228983e-05,-0.0618000613,6.39012057,1744.75881
0.299352744,0.14270714,-1.4183102e-06,1.54520939e-05,-0.0617990048,6.47913113,1744.75354
0.299359514,0.143530013,-1.28589318e-06,1.21443737e-05,-0.0617980182,6.56325826,1744.74851
0.299363811,0.0984584434,-1.53878896e-06,0.00023153607,-0.0622450757,3.19293524,1744.79696
0.29936583,0.144297686,-1.15082027e-06,9.35088665e-06,-0.0617970815,6.64265919,1744.74372
0.299371722,0.145013864,-1.01380982e-06,7.02379617e-06,-0.0617961758,6.71747403,1744.73919
0.299377218,0.145681998,-8.75735476e-07,5.11889539e-06,-0.0617952833,6.78786157,1744.73491
0.299382346,0.146305314,-7.37346534e-07,3.59053153e-06,-0.0617943867,6.85393857,1744.73088
0.299384763,0.102249575,-1.53601236e-06,0.000208950078,-0.0622393111,3.39575782,1744.81635
0.29938713,0.146886817,-6.00751043e-07,2.40115356e-06,-0.0617934685,6.91589509,1744.72709
0.299391593,0.147429312,-4.67219659e-07,1.50022167e-06,-0.0617925096,6.97377034,1744.72352
0.299395757,0.147935415,-3.40497809e-07,8.64438048e-07,-0.0617914886,7.02790914,1744.72016
0.299399641,0.148407569,-2.22026338e-07,4.22823548e-07,-0.0617903786,7.07804567,1744.717
0.299403265,0.14884805,-1.22254611e-07,1.91682543e-07,-0.061789143,7.12490433,1744.714
0.299404311,0.105786393,-1.51620202e-06,0.000187933918,-0.0622341835,3.59721565,1744.83301
0.299406646,0.149258983,-3.10887986e-08,-9.27542221e-08,-0.061787727,7.16693943,1744.71113
0.2994098,0.14964235,3.717413e-09,2.07143324e-07,-0.0617860423,7.20854342,1744.70837
0.299412742,0.15,0,0,-0.061783937,7.23003112,1744.70564
0.299422547,0.109085956,-1.48500567e-06,0.000168525548,-0.0622296487,3.79603303,1744.84701
0.29942613,0,0,0,-0.0627118087,-1.83036647,1744.91399
0.299427106,0.000357650242,1.01204608e-08,1.3828118e-07,-0.0627105652,-1.81071683,1744.91161
0.299428151,0.000741017226,-6.35391262e-09,-2.67186798e-07,-0.0627092373,-1.7695361,1744.90901
0.299429272,0.00115195011,2.13973639e-08,-2.21342829e-07,-0.0627078204,-1.72618961,1744.90622
0.299430474,0.00159243101,1.22436795e-07,-2.02330033e-07,-0.0627063091,-1.67894541,1744.90321
0.299431762,0.00206458457,2.81024582e-07,-6.35482651e-08,-0.062704698,-1.62737979,1744.89998
0.299433142,0.0025706882,4.57961499e-07,2.71110242e-07,-0.0627029813,-1.57139585,1744.89652
0.299434622,0.00311318307,6.33915672e-07,8.78473341e-07,-0.0627011531,-1.5107819,1744.89283
0.299436208,0.00369468589,8.3576465e-07,1.81899709e-06,-0.0626992076,-1.44542371,1744.88889
0.299437909,0.00431800152,1.05941107e-06,3.14842912e-06,-0.0626971386,-1.37516756,1744.88469
0.299439559,0.112164181,-1.44631983e-06,0.000150699883,-0.062225666,3.99117506,1744.85843
0.299439731,0.00498613648,1.28441824e-06,4.93036369e-06,-0.0626949402,-1.29997772,1744.88024
0.299441685,0.0057023135,1.50511019e-06,7.22208984e-06,-0.0626926062,-1.21983569,1744.87552
0.299443778,0.00646998704,1.71765744e-06,1.0076983e-05,-0.0626901309,-1.13472085,1744.87054
0.299446023,0.00729285993,1.9182991e-06,1.35467387e-05,-0.0626875085,-1.04466542,1744.86528
0.299448429,0.00817490128,2.10368007e-06,1.76781906e-05,-0.0626847338,-0.949748933,1744.85977
0.299451008,0.00912036556,2.2708313e-06,2.2512417e-05,-0.0626818018,-0.850103184,1744.85401
0.299453772,0.0101338132,2.41716308e-06,2.80831836e-05,-0.0626787083,-0.745915205,1744.84801
0.299455431,0.115035914,-1.40310853e-06,0.000134399876,-0.0622221958,4.18171501,1744.86743
0.299456736,0.0112201325,2.54045522e-06,3.44153668e-05,-0.0626754497,-0.637430969,1744.84179
0.299459912,0.0123845633,2.63879506e-06,4.15230709e-05,-0.0626720235,-0.524958699,1744.83539
0.299463317,0.0136327222,2.71057777e-06,4.94074896e-05,-0.0626684281,-0.408871567,1744.82885
0.299466966,0.0149706296,2.75456037e-06,5.80546757e-05,-0.0626646636,-0.289608157,1744.8222
0.299470238,0.117715008,-1.35744533e-06,0.000119541804,-0.062219199,4.3669606,1744.87421
0.299470878,0.0164047389,2.76986841e-06,6.74331735e-05,-0.0626607313,-0.167671362,1744.81552
0.299475071,0.0179419674,2.75600736e-06,7.74916108e-05,-0.0626566344,-0.043624372,1744.80888
0.299479566,0.0195897299,2.71289548e-06,8.81561303e-05,-0.0626523781,0.0819157568,1744.80237
0.299484051,0.120214384,-1.31071599e-06,0.000106033536,-0.0622166365,4.54635263,1744.87898
0.299484384,0.0213559743,2.64091143e-06,9.93282942e-05,-0.0626479697,0.208291707,1744.79607
0.299489548,0.0232492201,2.54092601e-06,0.000110882673,-0.0626434188,0.334819401,1744.79011
0.299495084,0.0252785992,2.41436323e-06,0.000122665936,-0.0626387372,0.460817465,1744.78461
0.299496938,0.1225461,-1.26381872e-06,9.37761207e-05,-0.0622144698,4.71952138,1744.882
0.299501017,0.0274539002,2.26318343e-06,0.0001344949,-0.0626339392,0.585628611,1744.77972
0.299507378,0.0297856156,2.09000581e-06,0.000146158102,-0.0626290413,0.708674634,1744.77558
0.29950896,0.124721401,-1.21720213e-06,8.26731874e-05,-0.0622126608,4.8862145,1744.88351
0.299514195,0.0322849924,1.89798289e-06,0.000157414974,-0.0626240618,0.82948123,1744.77236
0.299520176,0.12675078,-1.17105562e-06,7.26311535e-05,-0.0622111724,5.04631251,1744.88376
0.299521503,0.0349640862,1.6909543e-06,0.000168001464,-0.0626190205,0.947773199,1744.77021
0.299529337,0.0378358195,1.47318825e-06,0.000177630669,-0.0626139381,1.06348844,1744.76931
0.29953064,0.128644026,-1.1253341e-06,6.35631726e-05,-0.0622099688,5.1997788,1744.88297
0.299537733,0.040914044,1.2495356e-06,0.000186004384,-0.0626088353,1.17693317,1744.76982
0.299540402,0.13041027,-1.07987686e-06,5.53885772e-05,-0.0622090158,5.3466575,1744.88138
0.299546733,0.0442136074,1.02491976e-06,0.000192814942,-0.0626037316,1.28876095,1744.77187
0.299549508,0.132058033,-1.03444636e-06,4.80339876e-05,-0.062208281,5.48704023,1744.87916
0.299556381,0.0477504251,8.04559893e-07,0.00019776313,-0.0625986443,1.40020998,1744.77562
0.299558004,0.133595261,-9.88783832e-07,4.14323636e-05,-0.0622077342,5.62106047,1744.87648
0.29956593,0.13502937,-9.42631114e-07,3.55228827e-05,-0.0622073472,5.74887214,1744.87348
0.299566722,0.0515415566,5.94247713e-07,0.000200562525,-0.0625935869,1.51300703,1744.78117
0.299573325,0.136367278,-8.9574713e-07,3.02500757e-05,-0.0622070941,5.8706456,1744.87027
0.299577807,0.0556052884,4.29961234e-07,0.000200957825,-0.0625885678,1.62974237,1744.78858
0.299580223,0.137615437,-8.47950771e-07,2.55632806e-05,-0.0622069509,5.98655535,1744.86697
0.299586658,0.138779867,-7.990862e-07,2.14158896e-05,-0.0622068962,6.09677907,1744.86363
0.299589689,0.0599612217,2.56571514e-07,0.000198729115,-0.0625835892,1.75363543,1744.79792
0.299592662,0.139866187,-7.49058853e-07,1.77648893e-05,-0.0622069103,6.20149013,1744.86031
0.299598264,0.140879634,-6.97827944e-07,1.45703406e-05,-0.0622069756,6.30085968,1744.85707
0.299602425,0.0646303672,6.42852399e-08,0.000193718579,-0.0625786465,1.8888703,1744.80915
0.299603489,0.141825099,-6.45413225e-07,1.17948247e-05,-0.0622070761,6.39505174,1744.85394
0.299608364,0.14270714,-5.9185457e-07,9.40336541e-06,-0.0622071976,6.48422747,1744.85093
0.299612912,0.143530013,-5.37241756e-07,7.36281784e-06,-0.0622073272,6.56853843,1744.84806
0.299616077,0.0696352464,-8.9263465e-08,0.0001858437,-0.0625737283,2.04020604,1744.82224
0.299617154,0.144297686,-4.8150579e-07,5.64226837e-06,-0.0622074533,6.64814216,1744.84534
0.299621113,0.145013864,-4.24543039e-07,4.21150347e-06,-0.0622075652,6.723182,1744.84277
0.299624805,0.145681998,-3.66949811e-07,3.04321e-06,-0.0622076529,6.79381038,1744.84035
0.29962825,0.146305314,-3.09275149e-07,2.10848954e-06,-0.0622077068,6.86013379,1744.83808
0.299630711,0.075,-2.22576992e-07,0.000175090177,-0.0625688117,2.21523312,1744.83706
0.299631464,0.146886817,-2.52466879e-07,1.38515956e-06,-0.062207717,6.92233993,1744.83595
0.299634462,0.147429312,-1.9675562e-07,8.40142363e-07,-0.0622076729,6.98046051,1744.83395
0.299637259,0.147935415,-1.44251372e-07,4.63235248e-07,-0.062207562,7.03482895,1744.83207
0.299639869,0.148407569,-9.38124767e-08,2.02540416e-07,-0.062207368,7.08516823,1744.83029
0.299642303,0.14884805,-5.79682506e-08,8.82624325e-08,-0.0622070671,7.13227629,1744.82861
0.299644574,0.149258983,-9.64203869e-09,-1.24988278e-07,-0.0622066189,7.17426717,1744.82701
0.299645345,0.0803647536,-3.16281503e-07,0.000162510176,-0.0625641938,2.40597179,1744.85233
0.299646693,0.14964235,6.84101834e-09,1.8922577e-07,-0.0622059437,7.21609599,1744.82544
0.29964867,0.15,0,0,-0.0622048485,7.23795756,1744.82386
0.299658997,0.0853696328,-3.80545302e-07,0.000149536137,-0.0625601225,2.59984059,1744.86668
0.299671733,0.0900387783,-4.24720568e-07,0.000136656487,-0.0625565187,2.79785875,1744.87991
0.299683615,0.0943947116,-4.48120456e-07,0.000124194879,-0.0625533237,2.99870492,1744.89191
0.2996947,0.0984584434,-4.54877572e-07,0.000112359368,-0.0625504954,3.20102326,1744.90261
0.299705041,0.102249575,-4.53220003e-07,0.000101264846,-0.0625480022,3.40335214,1744.91199
0.299714688,0.105786393,-4.46542857e-07,9.09639898e-05,-0.0625458182,3.60438258,1744.92006
0.299723689,0.109085956,-4.36554079e-07,8.14705878e-05,-0.062543921,3.80282805,1744.92682
0.299732085,0.112164181,-4.24407969e-07,7.27680578e-05,-0.0625422894,3.99764489,1744.93235
0.299739919,0.115035914,-4.10996603e-07,6.48248772e-05,-0.0625409032,4.18789951,1744.93671
0.299747227,0.117715008,-3.96930019e-07,5.75968806e-05,-0.0625397425,4.37289372,1744.94
0.299754044,0.120214384,-3.82622586e-07,5.10363608e-05,-0.0625387873,4.55206416,1744.94233
0.299760405,0.1225461,-3.68335153e-07,4.50926217e-05,-0.0625380181,4.7250376,1744.94382
0.299766338,0.124721401,-3.54200193e-07,3.97166639e-05,-0.0625374158,4.8915595,1744.94459
0.299771874,0.12675078,-3.40269352e-07,3.48611371e-05,-0.0625369618,5.05150863,1744.94475
0.299777038,0.128644026,-3.26527812e-07,3.04823015e-05,-0.0625366382,5.20484747,1744.94443
0.299781856,0.13041027,-3.12924939e-07,2.65396622e-05,-0.0625364281,5.35161953,1744.94372
0.299786351,0.132058033,-2.99389452e-07,2.29965108e-05,-0.0625363155,5.49191613,1744.94271
0.299790544,0.133595261,-2.85842537e-07,1.98194075e-05,-0.0625362855,5.62587056,1744.94148
0.299794456,0.13502937,-2.72207115e-07,1.69781153e-05,-0.0625363242,5.75363666,1744.94011
0.299798105,0.136367278,-2.58410354e-07,1.44451405e-05,-0.0625364192,5.87538468,1744.93864
0.29980151,0.137615437,-2.44397977e-07,1.2195455e-05,-0.0625365587,5.99128886,1744.93712
0.299804686,0.138779867,-2.3012171e-07,1.02061126e-05,-0.0625367326,6.1015266,1744.93558
0.299807649,0.139866187,-2.15552586e-07,8.45601046e-06,-0.0625369312,6.20627078,1744.93406
0.299810414,0.140879634,-2.00675325e-07,6.92562292e-06,-0.0625371463,6.30569188,1744.93257
0.299812993,0.141825099,-1.8549286e-07,5.5967211e-06,-0.0625373704,6.39995301,1744.93114
0.299815399,0.14270714,-1.70011009e-07,4.45234397e-06,-0.0625375967,6.4892143,1744.92976
0.299817643,0.143530013,-1.54244035e-07,3.47646494e-06,-0.0625378192,6.57362625,1744.92845
0.299819737,0.144297686,-1.37728528e-07,2.65425818e-06,-0.0625380326,6.65333981,1744.9272
0.299821691,0.145013864,-1.19797098e-07,1.97111758e-06,-0.062538232,6.72848835,1744.92603
0.299823513,0.145681998,-1.01045283e-07,1.41408425e-06,-0.0625384129,6.79922727,1744.92493
0.299825214,0.146305314,-8.22358643e-08,9.69089514e-07,-0.0625385709,6.86566765,1744.92389
0.2998268,0.146886817,-6.36986274e-08,6.26269537e-07,-0.0625387016,6.92799524,1744.92293
0.29982828,0.147429312,-4.54912616e-08,3.68572362e-07,-0.0625388,6.98623518,1744.92202
0.29982966,0.147935415,-2.84721973e-08,1.94301698e-07,-0.0625388606,7.04072749,1744.92116
0.299830948,0.148407569,-1.16714669e-08,7.11248869e-08,-0.0625388755,7.09114104,1744.92036
0.29983215,0.14884805,-8.74841098e-11,3.41027645e-08,-0.062538833,7.13852378,1744.9196
0.299833271,0.149258983,1.77303407e-08,-1.01728313e-07,-0.0625387121,7.18016681,1744.91887
0.299834316,0.14964235,1.90868244e-08,1.49938878e-07,-0.0625384641,7.22173314,1744.91816
0.299835292,0.15,0,0,-0.0625379336,7.24385991,1744.91741
0.3,0,0,0,-0.0628089267,-1.81911096,1744.98349
0.3,0.000357650242,0,0,-0.062832,-1.79946281,1745
0.3,0.000741017226,0,0,-0.062832,-1.75841831,1745
0.3,0.00115195011,0,0,-0.062832,-1.71513406,1745
0.3,0.00159243101,0,0,-0.062832,-1.66779714,1745
0.3,0.00206458457,0,0,-0.062832,-1.61630747,1745
0.3,0.0025706882,0,0,-0.062832,-1.56016906,1745
0.3,0.00311318307,0,0,-0.062832,-1.49912278,1745
0.3,0.00369468589,0,0,-0.062832,-1.43353786,1745
0.3,0.00431800152,0,0,-0.062832,-1.36318495,1745
0.3,0.00498613648,0,0,-0.062832,-1.28784992,1745
0.3,0.0057023135,0,0,-0.062832,-1.20754137,1745
0.3,0.00646998704,0,0,-0.062832,-1.12225154,1745
0.3,0.00729285993,0,0,-0.062832,-1.03202119,1745
0.3,0.00817490128,0,0,-0.062832,-0.936936454,1745
0.3,0.00912036556,0,0,-0.062832,-0.837135164,1745
0.3,0.0101338132,0,0,-0.062832,-0.732809769,1745
0.3,0.0112201325,0,0,-0.062832,-0.62421117,1745
0.3,0.0123845633,0,0,-0.062832,-0.511652056,1745
0.3,0.0136327222,0,0,-0.062832,-0.395509618,1745
0.3,0.0149706296,0,0,-0.062832,-0.276226035,1745
0.3,0.0164047389,0,0,-0.062832,-0.15430738,1745
0.3,0.0179419674,0,0,-0.062832,-0.0303196009,1745
0.3,0.0195897299,0,0,-0.062832,0.0951180076,1745
0.3,0.0213559743,0,0,-0.062832,0.221346361,1745
0.3,0.0232492201,0,0,-0.062832,0.34768021,1745
0.3,0.0252785992,0,0,-0.062832,0.473437554,1745
0.3,0.0274539002,0,0,-0.062832,0.597961188,1745
0.3,0.0297856156,0,0,-0.062832,0.720673555,1745
0.3,0.0322849924,0,0,-0.062832,0.841101888,1745
0.3,0.0349640862,0,0,-0.062832,0.958972903,1745
0.3,0.0378358195,0,0,-0.062832,1.0742276,1745
0.3,0.040914044,0,0,-0.062832,1.18717523,1745
0.3,0.0442136074,0,0,-0.062832,1.29847446,1745
0.3,0.0477504251,0,0,-0.062832,1.40936931,1745
0.3,0.0515415566,0,0,-0.062832,1.52159073,1745
0.3,0.0556052884,0,0,-0.062832,1.63747064,1745
0.3,0.0599612217,0,0,-0.062832,1.76062908,1745
0.3,0.0646303672,0,0,-0.062832,1.89541302,1745
0.3,0.0696352464,0,0,-0.062832,2.04617321,1745
0.3,0.075,0,0,-0.062832,2.22066423,1745
0.3,0.0803647536,0,0,-0.062832,2.41099364,1745
0.3,0.0853696328,0,0,-0.062832,2.6045489,1745
0.3,0.0900387783,0,0,-0.062832,2.80231635,1745
0.3,0.0943947116,0,0,-0.062832,3.00291781,1745
0.3,0.0984584434,0,0,-0.062832,3.2049932,1745
0.3,0.102249575,0,0,-0.062832,3.40710341,1745
0.3,0.105786393,0,0,-0.062832,3.60794797,1745
0.3,0.109085956,0,0,-0.062832,3.80623271,1745
0.3,0.112164181,0,0,-0.062832,4.00091173,1745
0.3,0.115035914,0,0,-0.062832,4.19104662,1745
0.3,0.117715008,0,0,-0.062832,4.37593709,1745
0.3,0.120214384,0,0,-0.062832,4.5550169,1745
0.3,0.1225461,0,0,-0.062832,4.72791131,1745
0.3,0.124721401,0,0,-0.062832,4.89436418,1745
0.3,0.12675078,0,0,-0.062832,5.05425346,1745
0.3,0.128644026,0,0,-0.062832,5.20754082,1745
0.3,0.13041027,0,0,-0.062832,5.35426942,1745
0.3,0.132058033,0,0,-0.062832,5.49453026,1745
0.3,0.133595261,0,0,-0.062832,5.62845648,1745
0.3,0.13502937,0,0,-0.062832,5.75620178,1745
0.3,0.136367278,0,0,-0.062832,5.87793636,1745
0.3,0.137615437,0,0,-0.062832,5.99383434,1745
0.3,0.138779867,0,0,-0.062832,6.104073,1745
0.3,0.139866187,0,0,-0.062832,6.20882507,1745
0.3,0.140879634,0,0,-0.062832,6.30826078,1745
0.3,0.141825099,0,0,-0.062832,6.40254294,1745
0.3,0.14270714,0,0,-0.062832,6.49183134,1745
0.3,0.143530013,0,0,-0.062832,6.57627614,1745
0.3,0.144297686,0,0,-0.062832,6.65602101,1745
0.3,0.145013864,0,0,-0.062832,6.73118832,1745
0.3,0.145681998,0,0,-0.062832,6.80193919,1745
0.3,0.146305314,0,0,-0.062832,6.86839349,1745
0.3,0.146886817,0,0,-0.062832,6.93073658,1745
0.3,0.147429312,0,0,-0.062832,6.9889911,1745
0.3,0.147935415,0,0,-0.062832,7.04350534,1745
0.3,0.148407569,0,0,-0.062832,7.09391127,1745
0.3,0.14884805,0,0,-0.062832,7.14139285,1745
0.3,0.149258983,0,0,-0.062832,7.18277908,1745
0.3,0.14964235,0,0,-0.062832,7.22402564,1745
0.3,0.15,0,0,-0.0627313213,7.24620551,1744.97172
