r,z,u_r,u_z,u_swirl,p,T
0,0,0,0,-9.00975817e-05,0,1700.11428
0,0.000357650242,6.5954122e-07,-1.40095411e-06,-8.92585879e-05,-0.0166547895,1700.25049
0,0.000741017226,1.34219709e-06,-3.83849316e-06,-8.83624655e-05,-0.0488426294,1700.43052
0,0.00115195011,2.04410526e-06,-8.81976952e-06,-8.74051421e-05,-0.0815812071,1700.59273
0,0.00159243101,2.76520308e-06,-1.60944078e-05,-8.63824882e-05,-0.117976951,1700.74243
0,0.00206458457,3.50583525e-06,-2.63488967e-05,-8.52903057e-05,-0.15599099,1700.88255
0,0.0025706882,4.26476317e-06,-3.99349779e-05,-8.4124237e-05,-0.196213991,1701.01472
0,0.00311318307,5.04032647e-06,-5.73972748e-05,-8.28797431e-05,-0.238519534,1701.13978
0,0.00369468589,5.83024366e-06,-7.92838544e-05,-8.15521005e-05,-0.283078546,1701.25809
0,0.00431800152,6.63170703e-06,-0.000106218597,-8.01364051e-05,-0.329976535,1701.36969
0,0.00498613648,7.44126891e-06,-0.00013887918,-7.86275803e-05,-0.379337992,1701.47436
0,0.0057023135,8.25481262e-06,-0.000178007036,-7.70203916e-05,-0.431280927,1701.57166
0,0.00646998704,9.06746646e-06,-0.000224403852,-7.53094647e-05,-0.485931588,1701.66102
0,0.00729285993,9.87361852e-06,-0.000278930678,-7.34893065e-05,-0.543420207,1701.74169
0,0.00817490128,1.0666851e-05,-0.000342503979,-7.15543317e-05,-0.603886241,1701.81277
0,0.00912036556,1.14399355e-05,-0.000416089193,-6.94988927e-05,-0.667478869,1701.87325
0,0.0101338132,1.2184842e-05,-0.000500691164,-6.73173151e-05,-0.734357057,1701.92197
0,0.0112201325,1.28925507e-05,-0.000597339473,-6.500394e-05,-0.804690424,1701.95767
0,0.0123845633,1.35529458e-05,-0.000707070442,-6.25531687e-05,-0.878672533,1701.97897
0,0.0136327222,1.4154999e-05,-0.000830896904,-5.99595122e-05,-0.956504432,1701.98451
0,0.0149706296,1.46865789e-05,-0.000969782552,-5.7217641e-05,-1.03843778,1701.97285
0,0.0164047389,1.51346808e-05,-0.00112458236,-5.43224341e-05,-1.12470359,1701.94254
0,0.0179419674,1.54847729e-05,-0.00129601517,-5.12690302e-05,-1.21565232,1701.89238
0,0.0195897299,1.57226185e-05,-0.00148454199,-4.80528735e-05,-1.31150795,1701.82138
0,0.0213559743,1.58315024e-05,-0.00169037907,-4.46697575e-05,-1.41281291,1701.72887
0,0.0232492201,1.5797147e-05,-0.00191322949,-4.11158607e-05,-1.51968246,1701.61469
0,0.0252785992,1.56003261e-05,-0.0021524452,-3.73877802e-05,-1.6330527,1701.47917
0,0.0274539002,1.52296579e-05,-0.0024064207,-3.34825556e-05,-1.75266472,1701.32328
0,0.0297856156,1.46630621e-05,-0.00267318304,-2.93977059e-05,-1.88026466,1701.14848
0,0.0322849924,1.38976812e-05,-0.00294902314,-2.5131264e-05,-2.01465832,1700.95666
0,0.0349640862,1.2907574e-05,-0.00323014702,-2.0681865e-05,-2.15923092,1700.74983
0,0.0378358195,1.17082148e-05,-0.00350965414,-1.60488711e-05,-2.31077001,1700.52978
0,0.040914044,1.02676673e-05,-0.00378157458,-1.12326389e-05,-2.47590096,1700.29769
0,0.0442136074,8.63726621e-06,-0.0040344741,-6.23491299e-06,-2.64743281,1700.05373
0,0.0477504251,6.7744304e-06,-0.0042603085,-1.05949835e-06,-2.8380961,1699.79683
0,0.0515415566,4.79316803e-06,-0.00444211201,4.28670728e-06,-3.03369722,1699.52454
0,0.0556052884,2.61190532e-06,-0.0045698458,9.7924168e-06,-3.25839164,1699.23297
0,0.0599612217,4.65452256e-07,-0.00463498296,1.54396502e-05,-3.49043097,1698.91681
0,0.0646303672,-1.69121877e-06,-0.00459614961,2.1201913e-05,-3.74098146,1698.5693
0,0.0696352464,-3.80059221e-06,-0.00446197458,2.70401324e-05,-4.03588509,1698.182
0,0.075,-5.54320944e-06,-0.00422113327,3.29053852e-05,-4.34535599,1697.74436
0,0.0803647536,-6.93914572e-06,-0.00388613507,3.83563166e-05,-4.68100466,1697.27794
0,0.0853696328,-7.74127647e-06,-0.00351218473,4.30510393e-05,-4.99855181,1696.81142
0,0.0900387783,-8.16749792e-06,-0.00311936468,4.70774837e-05,-5.3147792,1696.34359
0,0.0943947116,-8.22775621e-06,-0.00273162864,5.05200751e-05,-5.62073003,1695.87388
0,0.0984584434,-8.05157525e-06,-0.00236088829,5.34557077e-05,-5.92170657,1695.40229
0,0.102249575,-7.68021295e-06,-0.00201785537,5.59533446e-05,-6.21305196,1694.92911
0,0.105786393,-7.19253836e-06,-0.0017067137,5.80743056e-05,-6.49677196,1694.45501
0,0.109085956,-6.62829183e-06,-0.00143023713,5.98725652e-05,-6.77077457,1693.98125
0,0.112164181,-6.03152153e-06,-0.00118800182,6.13952629e-05,-7.03564663,1693.50952
0,0.115035914,-5.42460539e-06,-0.000978804261,6.26830548e-05,-7.2901291,1693.04147
0,0.117715008,-4.8316063e-06,-0.000800096342,6.37708935e-05,-7.53453496,1692.57887
0,0.120214384,-4.26446227e-06,-0.000649115841,6.46886567e-05,-7.76828828,1692.12354
0,0.1225461,-3.73406234e-06,-0.000522706833,6.54618166e-05,-7.99160828,1691.67727
0,0.124721401,-3.24492596e-06,-0.000417828745,6.61120309e-05,-8.20433609,1691.24178
0,0.12675078,-2.80017232e-06,-0.000331500944,6.66576945e-05,-8.40670327,1690.81862
0,0.128644026,-2.39967907e-06,-0.000261011748,6.71144257e-05,-8.59879488,1690.40913
0,0.13041027,-2.042623e-06,-0.000203884519,6.74954913e-05,-8.78088965,1690.01446
0,0.132058033,-1.72683631e-06,-0.000157940771,6.78121706e-05,-8.95322596,1689.63546
0,0.133595261,-1.44980384e-06,-0.000121267547,6.80740645e-05,-9.11613879,1689.27279
0,0.13502937,-1.20846639e-06,-9.22223287e-05,6.82893549e-05,-9.26994392,1688.92683
0,0.136367278,-9.99769467e-07,-6.94004926e-05,6.84650246e-05,-9.41499731,1688.59776
0,0.137615437,-8.20386384e-07,-5.16187651e-05,6.86070373e-05,-9.55165492,1688.28559
0,0.138779867,-6.6703547e-07,-3.78894673e-05,6.87204974e-05,-9.68028685,1687.99011
0,0.139866187,-5.36815726e-07,-2.73953628e-05,6.88097728e-05,-9.80125951,1687.71103
0,0.140879634,-4.27075811e-07,-1.94627727e-05,6.88786081e-05,-9.91494518,1687.4479
0,0.141825099,-3.35230609e-07,-1.35417653e-05,6.89302124e-05,-10.0217076,1687.20021
0,0.14270714,-2.58919607e-07,-9.18644217e-06,6.89673358e-05,-10.1219084,1686.9674
0,0.143530013,-1.9606014e-07,-6.03879432e-06,6.89923387e-05,-10.2159009,1686.74882
0,0.144297686,-1.4488482e-07,-3.81156594e-06,6.9007243e-05,-10.3040233,1686.54383
0,0.145013864,-1.0378805e-07,-2.2767303e-06,6.90137799e-05,-10.3866102,1686.35175
0,0.145681998,-7.1275738e-08,-1.25492477e-06,6.90134327e-05,-10.4639783,1686.17192
0,0.146305314,-4.60189e-08,-6.03298447e-07,6.90074674e-05,-10.5364089,1686.00365
0,0.146886817,-2.70132416e-08,-2.18239547e-07,6.89969652e-05,-10.6042489,1685.8463
0,0.147429312,-1.3168917e-08,-1.04888404e-08,6.89828458e-05,-10.667677,1685.69922
0,0.147935415,-3.96098537e-09,8.42913519e-08,6.89658887e-05,-10.7270617,1685.5618
0,0.148407569,1.58112436e-09,1.15495655e-07,6.89467537e-05,-10.7826024,1685.43346
0,0.14884805,3.26715347e-09,3.83394654e-08,6.89259926e-05,-10.8345382,1685.31363
0,0.149258983,7.9553142e-09,3.28921195e-07,6.89040635e-05,-10.8805859,1685.20179
0,0.14964235,5.41904383e-09,-3.79331048e-07,6.8881326e-05,-10.9288491,1685.09741
0,0.15,0,0,6.88580993e-05,-10.954958,1685.01851
0.000219181974,0.15,0,0,0.000137716199,-10.9548843,1685
0.000220027669,0.14964235,1.02951222e-08,-3.80955506e-07,0.000137762386,-10.9288456,1685.09738
0.000220934173,0.149258983,1.49251336e-08,3.29594617e-07,0.00013780784,-10.8805921,1685.20175
0.00022190586,0.14884805,5.49885659e-09,3.97461715e-08,0.000137851692,-10.8345054,1685.31359
0.000222947415,0.148407569,1.73989189e-09,1.15242952e-07,0.000137893209,-10.7825695,1685.43342
0.000224063863,0.147935415,-9.68279832e-09,8.45101774e-08,0.000137931475,-10.7270212,1685.56175
0.000225260588,0.147429312,-2.84589834e-08,-9.91667929e-09,0.000137965386,-10.6676208,1685.69916
0.000226543365,0.146886817,-5.63361596e-08,-2.1744125e-07,0.000137993622,-10.6041691,1685.84623
0.000227918378,0.146305314,-9.44446637e-08,-6.02206058e-07,0.000138014624,-10.5363021,1686.00357
0.000229392262,0.145681998,-1.45033195e-07,-1.25340982e-06,0.000138026554,-10.4638379,1686.17183
0.000230972125,0.145013864,-2.10022301e-07,-2.27468231e-06,0.000138027249,-10.3864302,1686.35165
0.000232665587,0.144297686,-2.92055129e-07,-3.80878095e-06,0.000138014178,-10.3037945,1686.54372
0.000234480818,0.143530013,-3.9409334e-07,-6.03508209e-06,0.000137984376,-10.2156139,1686.74869
0.000236426572,0.14270714,-5.19333327e-07,-9.181485e-06,0.000137934379,-10.1215528,1686.96725
0.000238512235,0.141825099,-6.71289648e-07,-1.35351375e-05,0.000137860146,-10.0212712,1687.20005
0.000240747867,0.140879634,-8.54079053e-07,-1.945396e-05,0.000137756957,-9.9144144,1687.44771
0.000243144252,0.139866187,-1.07239689e-06,-2.73836865e-05,0.000137619314,-9.80061909,1687.71082
0.000245712948,0.138779867,-1.33137419e-06,-3.78740268e-05,0.0001374408,-9.67951988,1687.98988
0.000248466345,0.137615437,-1.6362729e-06,-5.15983492e-05,0.000137213929,-9.55074296,1688.28533
0.000251417725,0.136367278,-1.99284053e-06,-6.93736557e-05,0.000136929967,-9.41391984,1688.59747
0.000254581322,0.13502937,-2.40759332e-06,-9.21872632e-05,0.00013657871,-9.26867903,1688.9265
0.000257972398,0.133595261,-2.88714864e-06,-0.000121221866,0.000136148235,-9.11466318,1689.27243
0.000261607308,0.132058033,-3.4375631e-06,-0.000157881446,0.000135624582,-8.95151495,1689.63507
0.000265503585,0.13041027,-4.06490166e-06,-0.000203807868,0.000134991393,-8.77891745,1690.01402
0.000269680022,0.128644026,-4.77417438e-06,-0.000260913192,0.000134229477,-8.59653608,1690.40866
0.000274156766,0.12675078,-5.56967931e-06,-0.000331375102,0.000133316284,-8.40413256,1690.8181
0.000278955408,0.124721401,-6.45307964e-06,-0.00041766907,0.000132225295,-8.20143144,1691.24122
0.000284099095,0.1225461,-7.42460997e-06,-0.000522505948,0.000130925288,-7.98834936,1691.67668
0.000289612638,0.120214384,-8.47812482e-06,-0.000648864655,0.000129379493,-7.76466295,1692.1229
0.000295522631,0.117715008,-9.60459554e-06,-0.000799785517,0.000127544618,-7.53053405,1692.5782
0.00030185758,0.115035914,-1.07825052e-05,-0.000978422259,0.000125369749,-7.28576132,1693.04076
0.000308648042,0.112164181,-1.19880181e-05,-0.00118753926,0.000122795165,-7.03092315,1693.50878
0.00031592677,0.109085956,-1.31736657e-05,-0.00142968114,0.000119751001,-6.76574327,1693.98049
0.000323728873,0.105786393,-1.42945011e-05,-0.00170606029,0.000116155996,-6.49147427,1694.45422
0.000332091984,0.102249575,-1.52633558e-05,-0.00201709178,0.000111915928,-6.20758967,1694.92831
0.000341056442,0.0984584434,-1.60011719e-05,-0.00236002326,0.000106922912,-5.91617005,1695.40147
0.000350665488,0.0943947116,-1.63524613e-05,-0.00273065719,0.000101054386,-5.61533181,1695.87305
0.000360965469,0.0900387783,-1.62327032e-05,-0.0031183364,9.41724994e-05,-5.30962578,1696.34274
0.000372006067,0.0853696328,-1.53880844e-05,-0.0035110997,8.61235595e-05,-4.99400788,1696.81056
0.000383840537,0.0803647536,-1.37934535e-05,-0.00388512435,7.67387997e-05,-4.67714161,1697.27706
0.000396525961,0.075,-1.10241126e-05,-0.00422022908,6.58402588e-05,-4.34274632,1697.74354
0.000409211385,0.0696352464,-7.55098328e-06,-0.0044614693,5.41087963e-05,-4.03411024,1698.18138
0.000421045854,0.0646303672,-3.36630655e-06,-0.00459583238,4.24292978e-05,-3.74090255,1698.56888
0.000432086453,0.0599612217,9.30370417e-07,-0.00463492002,3.0901881e-05,-3.49101099,1698.91653
0.000442386434,0.0556052884,5.19801781e-06,-0.00456995692,1.96047494e-05,-3.26031049,1699.2328
0.000445081285,0.15,0,0,0.000279653028,-10.9546471,1685
0.000446834408,0.14964235,2.01132022e-08,-3.84867075e-07,0.000279768884,-10.9287911,1685.09738
0.000448713589,0.149258983,2.91184353e-08,3.31509006e-07,0.000279884983,-10.8805839,1685.20176
0.000450727892,0.14884805,1.095449e-08,4.40108862e-08,0.000279999382,-10.8343677,1685.3136
0.000451995479,0.0515415566,9.53011893e-06,-0.00444227672,8.59090331e-06,-3.0368611,1699.52444
0.000452887032,0.148407569,3.11919533e-09,1.14039184e-07,0.000280110641,-10.7824577,1685.43343
0.000455201426,0.147935415,-1.99767212e-08,8.49646762e-08,0.000280216973,-10.7268988,1685.56176
0.000457682234,0.147429312,-5.77504088e-08,-8.68969817e-09,0.000280316215,-10.6674788,1685.69918
0.000460341425,0.146886817,-1.13416221e-07,-2.1582382e-07,0.000280405768,-10.6039984,1685.84625
0.000460959937,0.0477504251,1.34707863e-05,-0.00426055924,-2.10369825e-06,-2.84238196,1699.79678
0.000463191825,0.146305314,-1.89581301e-07,-6.00084446e-07,0.000280482547,-10.5361,1686.0036
0.000466247181,0.145681998,-2.90721797e-07,-1.25061859e-06,0.000280542894,-10.4635946,1686.17186
0.000469323049,0.0442136074,1.71764659e-05,-0.00403473007,-1.24564931e-05,-2.65256424,1700.05371
0.000469522232,0.145013864,-4.20652936e-07,-2.27122157e-06,0.000280582493,-10.3861408,1686.35169
0.000473032774,0.144297686,-5.84697433e-07,-3.80443472e-06,0.000280596273,-10.3034498,1686.54375
0.000476795741,0.143530013,-7.88741148e-07,-6.029795e-06,0.000280578277,-10.2152044,1686.74873
0.000477125152,0.040914044,2.04191895e-05,-0.0037818483,-2.24537037e-05,-2.48185191,1700.2977
0.000480829284,0.14270714,-1.03918751e-06,-9.17505141e-06,0.000280521528,-10.1210685,1686.9673
0.00048440388,0.0378358195,2.3284903e-05,-0.00350991073,-3.2087739e-05,-2.31735062,1700.52982
0.000485152857,0.141825099,-1.34311222e-06,-1.35272997e-05,0.000280417862,-10.0206999,1687.2001
0.000489787315,0.140879634,-1.70877365e-06,-1.94445195e-05,0.000280257724,-9.91374236,1687.44777
0.000491194342,0.0349640862,2.56708859e-05,-0.00323038994,-4.13551285e-05,-2.16634772,1700.74988
0.000494755013,0.139866187,-2.14559831e-06,-2.7372398e-05,0.000280029961,-9.79983134,1687.71089
0.000497529291,0.0322849924,2.76407651e-05,-0.00294924009,-5.02551768e-05,-2.02217246,1700.95673
0.000500079912,0.138779867,-2.66388125e-06,-3.78605631e-05,0.000279721533,-9.67859989,1687.98996
0.000503439283,0.0297856156,2.91638014e-05,-0.00267337576,-5.87891756e-05,-1.88807121,1701.14858
0.000505787696,0.137615437,-3.27422549e-06,-5.15822236e-05,0.000279317202,-9.54967284,1688.28542
0.000508952826,0.0274539002,3.02913904e-05,-0.00240658652,-6.69598687e-05,-1.76065682,1701.32341
0.000511905897,0.136367278,-3.98820294e-06,-6.93545177e-05,0.000278799164,-9.41267915,1688.59758
0.000514096513,0.0252785992,3.10294003e-05,-0.00215258615,-7.4771203e-05,-1.64113661,1701.47934
0.000518464025,0.13502937,-4.81891422e-06,-9.21648162e-05,0.000278146589,-9.26724651,1688.92662
0.000518895156,0.0232492201,3.14215325e-05,-0.0019133466,-8.22281517e-05,-1.52777505,1701.61489
0.000523371899,0.0213559743,3.14905853e-05,-0.00169047463,-8.93366452e-05,-1.42083853,1701.72912
0.000525493714,0.133595261,-5.7797085e-06,-0.000121195527,0.000277335108,-9.11301658,1689.27256
0.000527548337,0.0195897299,3.12746512e-05,-0.00148461816,-9.61034986e-05,-1.31940282,1701.82168
0.000531444614,0.0179419674,3.08022448e-05,-0.00129607423,-0.000102536362,-1.22335932,1701.89274
0.000533028871,0.132058033,-6.88283661e-06,-0.000157850469,0.000276336161,-8.94963011,1689.63522
0.000535079524,0.0164047389,3.01065318e-05,-0.00112462651,-0.000108643657,-1.13217548,1701.94297
0.000538470599,0.0149706296,2.92158741e-05,-0.000969813781,-0.0001144345,-1.04563346,1701.97335
0.000541105841,0.13041027,-8.14056516e-06,-0.000203771497,0.000275116248,-8.77676887,1690.01419
0.000541634197,0.0136327222,2.8159114e-05,-0.000830917088,-0.00011991862,-0.963391043,1701.9851
0.000544585576,0.0123845633,2.69621592e-05,-0.000707081345,-0.000125106265,-0.885222899,1701.97966
0.000547338974,0.0112201325,2.56491335e-05,-0.000597342599,-0.000130008098,-0.810883485,1701.95847
0.000549763583,0.128644026,-9.56309698e-06,-0.000260870547,0.00027363603,-8.59409853,1690.40886
0.00054990767,0.0101338132,2.42419539e-05,-0.000500687791,-0.000134635102,-0.740176313,1701.9229
0.000552304054,0.00912036556,2.27607322e-05,-0.000416080512,-0.000138998478,-0.672912866,1701.87432
0.000554539686,0.00817490128,2.12233938e-05,-0.00034249103,-0.000143109547,-0.60892769,1701.81401
0.000556625349,0.00729285993,1.96459076e-05,-0.00027891433,-0.000146979662,-0.548065456,1701.74312
0.000558571104,0.00646998704,1.80426359e-05,-0.000224384828,-0.00015062012,-0.49018032,1701.66269
0.000559043858,0.12675078,-1.1159213e-05,-0.000331325358,0.000271849254,-8.40138111,1690.81832
0.000560386334,0.0057023135,1.6426338e-05,-0.000177985957,-0.000154042095,-0.435135525,1701.5736
0.000562079797,0.00498613648,1.48081647e-05,-0.000138856573,-0.000157256575,-0.382803247,1701.47662
0.000563659659,0.00431800152,1.31977777e-05,-0.000106194959,-0.000160274311,-0.333059422,1701.37236
0.000565133543,0.00369468589,1.1603323e-05,-7.92597187e-05,-0.000163105775,-0.285788056,1701.26126
0.000566508557,0.00311318307,1.00316463e-05,-5.73731205e-05,-0.000165761119,-0.240867111,1701.1436
0.000567791333,0.0025706882,8.48831577e-06,-3.9911443e-05,-0.000168250154,-0.198211365,1701.01941
0.000568988059,0.00206458457,6.9779298e-06,-2.63261833e-05,-0.000170582327,-0.157654578,1700.88846
0.000568991429,0.124721401,-1.29324577e-05,-0.000417611413,0.000269701482,-8.19834413,1691.24148
0.000570104507,0.00159243101,5.50367301e-06,-1.60737509e-05,-0.000172766712,-0.119315948,1700.75015
0.000571146062,0.00115195011,4.06819781e-06,-8.79973665e-06,-0.000174812015,-0.082630557,1700.60337
0.000572117748,0.000741017226,2.67083255e-06,-3.82211147e-06,-0.000176726585,-0.0495773759,1700.44619
0.000573024252,0.000357650242,1.31360004e-06,-1.38452878e-06,-0.000178518478,-0.0171238267,1700.27546
0.000573869947,0,0,0,-0.000180195163,-0.000381742689,1700.08602
0.000579654277,0.1225461,-1.48834825e-05,-0.000522439583,0.000267128588,-7.98490699,1691.67697
0.000591083834,0.120214384,-1.70002016e-05,-0.000648788411,0.000264055008,-7.76085259,1692.12324
0.000603335231,0.117715008,-1.92646679e-05,-0.000799698261,0.000260391729,-7.52634767,1692.57858
0.000616467561,0.115035914,-2.16339927e-05,-0.000978322474,0.000256034015,-7.28120359,1693.04119
0.000630544167,0.112164181,-2.40603876e-05,-0.00118742627,0.000250858961,-7.02600732,1693.50927
0.000645632948,0.109085956,-2.64490413e-05,-0.0014295532,0.000244722726,-6.76050771,1693.98104
0.000661806683,0.105786393,-2.87089452e-05,-0.0017059189,0.000237457923,-6.48596714,1694.45485
0.000679143387,0.102249575,-3.06645992e-05,-0.00201693183,0.000228870389,-6.20188205,1694.92902
0.000686430473,0.15,0,0,0.000431297308,-10.9542456,1685
0.000689136354,0.14964235,2.95853786e-08,-3.9311494e-07,0.000431476971,-10.9287153,1685.09739
0.0006920368,0.149258983,4.30137631e-08,3.35903562e-07,0.000431657315,-10.8805881,1685.20177
0.000695145802,0.14884805,1.84592771e-08,5.09597359e-08,0.000431835188,-10.8341521,1685.31362
0.000697726681,0.0984584434,-3.2158164e-05,-0.00235984126,0.000218737689,-5.91037612,1695.40227
0.000698478356,0.148407569,5.50575903e-09,1.11507922e-07,0.000432008333,-10.7823188,1685.43345
0.000702050537,0.147935415,-2.99130702e-08,8.56065754e-08,0.000432173984,-10.7267626,1685.56179
0.000705879574,0.147429312,-8.77976676e-08,-6.93575035e-09,0.000432328805,-10.6673397,1685.69921
0.000709983937,0.146886817,-1.72794037e-07,-2.13530728e-07,0.000432468791,-10.6038565,1685.84628
0.000714383423,0.146305314,-2.89192321e-07,-5.96982061e-07,0.000432589189,-10.535958,1686.00364
0.000717646202,0.0943947116,-3.28767164e-05,-0.00273045202,0.000206806999,-5.60961846,1695.87394
0.000719099253,0.145681998,-4.43672083e-07,-1.24643733e-06,0.000432684359,-10.4634485,1686.1719
0.000724154174,0.145013864,-6.42189542e-07,-2.26598875e-06,0.000432747652,-10.3859939,1686.35174
0.000729572566,0.144297686,-8.92895734e-07,-3.79779565e-06,0.000432771251,-10.3033015,1686.54382
0.000735380568,0.143530013,-1.20475821e-06,-6.02157663e-06,0.000432745967,-10.2150563,1686.74881
0.000738998031,0.0900387783,-3.26475998e-05,-0.00311811272,0.000192793797,-5.30414326,1696.34373
0.000741606192,0.14270714,-1.58760758e-06,-9.16488123e-06,0.000432661048,-10.1209236,1686.96738
0.000748279467,0.141825099,-2.0522795e-06,-1.35147347e-05,0.000432503901,-10.0205602,1687.2002
0.000755432583,0.140879634,-2.61135043e-06,-1.94291791e-05,0.000432259793,-9.91360945,1687.44788
0.000761885158,0.0853696328,-3.09607007e-05,-0.00351085272,0.000176380676,-4.98900653,1696.81164
0.000763100042,0.139866187,-3.279228e-06,-2.73538161e-05,0.000431911523,-9.79970775,1687.71101
0.000771318827,0.138779867,-4.07164454e-06,-3.7838151e-05,0.000431438979,-9.67848868,1687.9901
0.000780128581,0.137615437,-5.00486632e-06,-5.15551753e-05,0.000430818655,-9.54957765,1688.28558
0.000786417976,0.0803647536,-2.77617797e-05,-0.00388486506,0.000157218866,-4.672823,1697.27823
0.000789571799,0.136367278,-6.09661555e-06,-6.93221487e-05,0.000430023091,-9.41260319,1688.59776
0.000799694028,0.13502937,-7.36686833e-06,-9.21264682e-05,0.000429020151,-9.26719413,1688.92683
0.000810544094,0.133595261,-8.83603095e-06,-0.000121150153,0.000427772245,-9.1129929,1689.2728
0.000812714821,0.075,-2.21968289e-05,-0.00421994114,0.000134940363,-4.3394728,1697.74479
0.000822174331,0.132058033,-1.05228857e-05,-0.000157796749,0.000426235309,-8.94963998,1689.63549
0.000834640837,0.13041027,-1.24461746e-05,-0.000203708066,0.000424357663,-8.77681657,1690.01451
0.000839011666,0.0696352464,-1.52015225e-05,-0.0044611894,0.000110934841,-4.03195075,1698.18267
0.000848003743,0.128644026,-1.46215292e-05,-0.000260795824,0.000422078609,-8.59418899,1690.40921
0.000862327506,0.12675078,-1.70623807e-05,-0.000331237806,0.000419326786,-8.40151879,1690.81873
0.000863544484,0.0646303672,-6.79623266e-06,-0.00459554194,8.70152631e-05,-3.7402786,1698.5702
0.000877681215,0.124721401,-1.97742027e-05,-0.000417509423,0.0004160182,-8.19853488,1691.24194
0.000886431611,0.0599612217,1.89701988e-06,-0.00463458278,6.33905232e-05,-3.4913052,1698.91784
0.000894138928,0.1225461,-2.27579329e-05,-0.000522321561,0.000412053907,-7.98515572,1691.67749
0.00090778344,0.0556052884,1.0516183e-05,-0.00456965031,4.02241249e-05,-3.26161342,1699.23407
0.000911780028,0.120214384,-2.59951606e-05,-0.000648652159,0.00040731731,-7.7611653,1692.12384
0.000927702961,0.0515415566,1.92178422e-05,-0.00444198538,1.76274131e-05,-3.03958949,1699.52567
0.000930689607,0.117715008,-2.94583491e-05,-0.000799541635,0.000401671064,-7.52672675,1692.57926
0.000946286256,0.0477504251,2.7171319e-05,-0.00426027347,-4.32365059e-06,-2.84608956,1699.79796
0.000950958874,0.115035914,-3.30821253e-05,-0.000978142681,0.000394953557,-7.28165297,1693.04197
0.000956088417,0.15,0,0,0.000600728518,-10.953716,1685
0.000959766394,0.14964235,3.90501203e-08,-4.05718353e-07,0.000600921523,-10.9285973,1685.0974
0.000963622959,0.0442136074,3.46510494e-05,-0.00403445455,-2.55809357e-05,-2.65718169,1700.05482
0.000963708835,0.149258983,5.66455777e-08,3.42969346e-07,0.000601111989,-10.8805647,1685.20178
0.000967934756,0.14884805,2.78182002e-08,6.05438764e-08,0.000601295244,-10.8338452,1685.31364
0.000972464541,0.148407569,8.011374e-09,1.08148059e-07,0.000601467899,-10.7821145,1685.43348
0.000972685597,0.112164181,-3.67931603e-05,-0.0011872216,0.000386975137,-7.0265243,1693.51015
0.000977320039,0.147935415,-4.15202763e-08,8.68438227e-08,0.000601625881,-10.726565,1685.56183
0.000979796695,0.040914044,4.12001486e-05,-0.00378158361,-4.61146398e-05,-2.48720393,1700.29875
0.00098252467,0.147429312,-1.22391157e-07,-4.11451594e-09,0.000601764332,-10.6671338,1685.69925
0.000988103539,0.146886817,-2.40878946e-07,-2.09872318e-07,0.000601877466,-10.6036443,1685.84634
0.000994083555,0.146305314,-4.03036633e-07,-5.92116278e-07,0.000601958456,-10.5357436,1686.0037
0.000994885475,0.0378358195,4.69888381e-05,-0.00350965928,-6.59079027e-05,-2.32335019,1700.5308
0.000995974575,0.109085956,-4.04472153e-05,-0.00142932053,0.000377513847,-6.76109461,1693.98205
0.00100049356,0.145681998,-6.18008035e-07,-1.23987578e-06,0.000601999249,-10.4632266,1686.17198
0.00100736448,0.145013864,-8.94241907e-07,-2.25775055e-06,0.000601990393,-10.3857678,1686.35183
0.00100896208,0.0349640862,5.18118325e-05,-0.0032301511,-8.49525295e-05,-2.17283795,1700.75082
0.00101472945,0.144297686,-1.24290211e-06,-3.78738891e-06,0.000601920819,-10.3030691,1686.54392
0.00102093814,0.105786393,-4.39036897e-05,-0.00170565883,0.000366311395,-6.48661475,1694.45599
0.00102209441,0.0322849924,5.57948542e-05,-0.00294901564,-0.000103246194,-2.02906311,1700.95763
0.00102262399,0.143530013,-1.67648387e-06,-6.00861263e-06,0.00060177757,-10.2148175,1686.74893
0.00103108619,0.14270714,-2.20866936e-06,-9.14878602e-06,0.000601545526,-10.1206788,1686.96752
0.00103434581,0.0297856156,5.88773715e-05,-0.0026731642,-0.000120790793,-1.89523079,1701.14946
0.00104015686,0.141825099,-2.8544819e-06,-1.34948394e-05,0.000601207034,-10.020309,1687.20036
0.00104577536,0.0274539002,6.11611996e-05,-0.00240638874,-0.000137591326,-1.76800292,1701.32428
0.0010476967,0.102249575,-4.68939129e-05,-0.00201663702,0.000353068154,-6.20257367,1694.93031
0.00104987976,0.140879634,-3.63130843e-06,-1.9404832e-05,0.000600741496,-9.91335264,1687.44806
0.00105643821,0.0252785992,6.26592429e-05,-0.00215240064,-0.000153655362,-1.64856486,1701.48024
0.00106030178,0.139866187,-4.55900863e-06,-2.73242663e-05,0.000600124922,-9.79944586,1687.71122
0.00106638578,0.0232492201,6.34585034e-05,-0.00191317356,-0.000168992664,-1.53521535,1701.61584
0.00107147319,0.138779867,-5.65924733e-06,-3.78024713e-05,0.00059932932,-9.6782221,1687.99033
0.00107566606,0.0213559743,6.36056443e-05,-0.0016903126,-0.000183615034,-1.42821161,1701.73015
0.00107637933,0.0984584434,-4.91785961e-05,-0.00235950758,0.000337440878,-5.91110194,1695.40371
0.00108344788,0.137615437,-6.95456525e-06,-5.151216e-05,0.000598322042,-9.54930725,1688.28584
0.0010843238,0.0195897299,6.31768681e-05,-0.00148446689,-0.000197536151,-1.32665201,1701.82281
0.00109240077,0.0179419674,6.22300973e-05,-0.00129593256,-0.000210771464,-1.23042697,1701.89402
0.0010962836,0.136367278,-8.46945252e-06,-6.92706799e-05,0.000597065013,-9.41232935,1688.59806
0.00109993593,0.0164047389,6.08319513e-05,-0.00112449388,-0.000223338047,-1.1390183,1701.94441
0.00110696562,0.0149706296,5.90398498e-05,-0.000969689157,-0.000235254447,-1.05221084,1701.97501
0.00110712438,0.0943947116,-5.02797079e-05,-0.00273007611,0.000319039425,-5.61038008,1695.87555
0.00111004227,0.13502937,-1.02313252e-05,-9.20653992e-05,0.000595513746,-9.26691776,1688.92717
0.00111352375,0.0136327222,5.69117703e-05,-0.000830799817,-0.0002465405,-0.969672691,1701.98701
0.00111964195,0.0123845633,5.45000769e-05,-0.000706970924,-0.000257217134,-0.891183029,1701.98186
0.00112479026,0.133595261,-1.22682168e-05,-0.000121077857,0.000593616274,-9.11271517,1689.27319
0.00112534973,0.0112201325,5.18535358e-05,-0.000597238586,-0.000267306159,-0.816503064,1701.961
0.00113067463,0.0101338132,4.90162888e-05,-0.000500589617,-0.000276830059,-0.745440591,1701.92583
0.00113564233,0.00912036556,4.60288445e-05,-0.000415987866,-0.000285811786,-0.677812919,1701.87772
0.00114008014,0.0900387783,-4.99299523e-05,-0.00311770091,0.000297424713,-5.30488994,1696.34552
0.00114027679,0.00817490128,4.29273864e-05,-0.000342403665,-0.000294274556,-0.613458753,1701.81794
0.0011405987,0.132058033,-1.46059861e-05,-0.000157711212,0.000591311762,-8.94936211,1689.63593
0.00114460036,0.00729285993,3.97441236e-05,-0.000278831992,-0.000302241657,-0.552226752,1701.74767
0.0011486339,0.00646998704,3.65079484e-05,-0.000224307282,-0.000309736281,-0.493974966,1701.66797
0.00115239687,0.0057023135,3.32445243e-05,-0.000177913031,-0.000316781373,-0.438569809,1701.57974
0.00115590741,0.00498613648,2.99762702e-05,-0.00013878816,-0.000323399503,-0.385886316,1701.4838
0.00115754384,0.13041027,-1.72702628e-05,-0.000203607168,0.000588528942,-8.77653889,1690.015
0.00115918246,0.00431800152,2.6722555e-05,-0.000106131072,-0.000329612762,-0.335803205,1701.3808
0.00116223782,0.00369468589,2.34997014e-05,-7.92006606e-05,-0.000335442666,-0.288207236,1701.27127
0.00116508822,0.00311318307,2.03214063e-05,-5.73192328e-05,-0.000340910088,-0.242980595,1701.15561
0.00116774741,0.0025706882,1.71988703e-05,-3.98635825e-05,-0.000346035192,-0.200037909,1701.03404
0.00117022822,0.00206458457,1.41413303e-05,-2.62842685e-05,-0.000350837397,-0.159222928,1700.90663
0.00117254261,0.00159243101,1.11553073e-05,-1.60400601e-05,-0.000355335352,-0.120639219,1700.77332
0.00117470175,0.00115195011,8.24606927e-06,-8.76983688e-06,-0.000359546924,-0.0837781674,1700.6339
0.00117540558,0.0853696328,-4.73523485e-05,-0.00351039785,0.000272106917,-4.98973177,1696.8136
0.00117570741,0.128644026,-2.02823798e-05,-0.000260677128,0.000585184196,-8.59391268,1690.40978
0.00117671605,0.000741017226,5.41403331e-06,-3.80189939e-06,-0.000363489199,-0.0504777235,1700.48807
0.00117859523,0.000357650242,2.66490028e-06,-1.36631021e-06,-0.000367178498,-0.0179042279,1700.33567
0.00118034836,0,0,0,-0.000370629384,-0.00122135542,1700.17692
0.00119517703,0.12675078,-2.36605137e-05,-0.000331098918,0.0005811793,-8.40124428,1690.81937
0.00121327108,0.0803647536,-4.2459551e-05,-0.0038843831,0.000242547788,-4.67345034,1697.28035
0.00121604661,0.124721401,-2.7411863e-05,-0.000417347766,0.000576398739,-8.19826458,1691.24267
0.00123841681,0.1225461,-3.15370834e-05,-0.000522134591,0.00057070654,-7.98489062,1691.67833
0.00124414705,0.15,0,0,0.000781721231,-10.9530844,1685
0.00124884502,0.14964235,4.84086177e-08,-4.20136533e-07,0.000781916927,-10.9284209,1685.09741
0.00125385929,0.075,-3.39525442e-05,-0.00421940683,0.000208179334,-4.34003843,1697.74704
0.0012538808,0.149258983,6.9973464e-08,3.5130281e-07,0.000782105838,-10.8804849,1685.2018
0.00125927867,0.14884805,3.95460466e-08,7.1757417e-08,0.00078228171,-10.83345,1685.31367
0.00126239553,0.120214384,-3.60102832e-05,-0.000648436461,0.000563942571,-7.76090912,1692.12479
0.00126506468,0.148407569,1.165866e-08,1.0478551e-07,0.000782439903,-10.7818373,1685.43352
0.00127126672,0.147935415,-5.30987356e-08,8.88995765e-08,0.000782574903,-10.7262947,1685.56188
0.00127791473,0.147429312,-1.58448479e-07,-2.61644493e-10,0.000782680176,-10.6668571,1685.69932
0.00128504075,0.146886817,-3.12514116e-07,-2.0475213e-07,0.000782747992,-10.6033592,1685.84642
0.00128809844,0.117715008,-4.07926193e-05,-0.000799293928,0.000555918318,-7.52647946,1692.58034
0.00129267918,0.146305314,-5.23374135e-07,-5.85395005e-07,0.000782769267,-10.5354571,1686.0038
0.0012944475,0.0696352464,-2.32579793e-05,-0.00446066277,0.00017114521,-4.03232862,1698.18501
0.00130086684,0.145681998,-8.02712731e-07,-1.23078647e-06,0.000782733329,-10.4629316,1686.17209
0.00130964323,0.145013864,-1.16174026e-06,-2.24626833e-06,0.000782627692,-10.3854675,1686.35196
0.00131564951,0.115035914,-4.57935185e-05,-0.000977858665,0.000546412087,-7.2814193,1693.0432
0.00131905068,0.144297686,-1.61471573e-06,-3.77287883e-06,0.000782437779,-10.3027629,1686.54407
0.00132913458,0.143530013,-2.17784188e-06,-5.99043956e-06,0.000782146571,-10.2145046,1686.74909
0.001332313,0.0646303672,-1.04269342e-05,-0.00459500283,0.000134242557,-3.74061842,1698.57257
0.00133994356,0.14270714,-2.86881363e-06,-9.12617428e-06,0.000781734256,-10.1203588,1686.96771
0.00134518163,0.112164181,-5.0910645e-05,-0.00118689844,0.000535163856,-7.02630191,1693.51155
0.00135152975,0.141825099,-3.70721841e-06,-1.34668561e-05,0.00078117775,-10.0199816,1687.20058
0.00136394904,0.140879634,-4.71566503e-06,-1.9370499e-05,0.000780450177,-9.91301722,1687.44832
0.00136763844,0.0599612217,2.90792386e-06,-0.00463396057,9.77939244e-05,-3.49141972,1698.9202
0.00137683725,0.109085956,-5.59454229e-05,-0.00142895338,0.000521869478,-6.76089117,1693.98363
0.00137726134,0.139866187,-5.91972109e-06,-2.72825073e-05,0.000779520284,-9.79910221,1687.71151
0.00139153086,0.138779867,-7.34733638e-06,-3.77519609e-05,0.000778351668,-9.67787079,1687.99066
0.0014005942,0.0556052884,1.61078005e-05,-0.00456907402,6.20517193e-05,-3.261468,1699.23638
0.00140682642,0.137615437,-9.02774403e-06,-5.1451248e-05,0.000776901932,-9.54894873,1688.28622
0.00141076906,0.105786393,-6.07012607e-05,-0.00170524732,0.000506175199,-6.48642659,1694.45778
0.00142322181,0.136367278,-1.09925519e-05,-6.91977351e-05,0.000775121697,-9.41196312,1688.59848
0.00143133925,0.0515415566,2.93874537e-05,-0.00444143631,2.71878798e-05,-3.03929923,1699.5279
0.0014407961,0.13502937,-1.32769594e-05,-9.19786709e-05,0.000772953336,-9.26654376,1688.92765
0.00144714072,0.102249575,-6.48072454e-05,-0.00201617133,0.000487670866,-6.20240111,1694.93233
0.00145963407,0.133595261,-1.59170499e-05,-0.000120975049,0.000770329606,-9.11233346,1689.27373
0.00146002188,0.0477504251,4.15518038e-05,-0.00425973787,-6.68029398e-06,-2.84564204,1699.80008
0.00147982657,0.132058033,-1.89462387e-05,-0.000157589523,0.000767171865,-8.9489732,1689.63655
0.00148612768,0.0984584434,-6.79356302e-05,-0.00235898396,0.000465886907,-5.91094296,1695.40597
0.00148678044,0.0442136074,5.29908276e-05,-0.00403393945,-3.94784417e-05,-2.65663923,1700.05683
0.00150147102,0.13041027,-2.23973929e-05,-0.000203463606,0.000763388064,-8.77614218,1690.01571
0.00151174401,0.040914044,6.30100085e-05,-0.00378108915,-7.11605046e-05,-2.48652537,1700.30064
0.0015246718,0.128644026,-2.62978557e-05,-0.000260508271,0.000758870283,-8.59350869,1690.41058
0.00152791798,0.0943947116,-6.94292589e-05,-0.00272948775,0.000440289949,-5.61026395,1695.87807
0.00153503298,0.0378358195,7.18636471e-05,-0.00350919068,-0.000101700402,-2.32260058,1700.53259
0.00154954083,0.12675078,-3.06707348e-05,-0.000330901358,0.000753491845,-8.40083252,1690.82029
0.00155675971,0.0349640862,7.92433845e-05,-0.00322970707,-0.000131085432,-2.17199512,1700.75252
0.00157271321,0.0900387783,-6.89158539e-05,-0.00311705761,0.000410280086,-5.3047838,1696.3483
0.00157619805,0.124721401,-3.55250217e-05,-0.000417117773,0.000747103862,-8.19784695,1691.24372
0.00157702897,0.0322849924,8.53365012e-05,-0.00294859991,-0.000159311959,-2.02817823,1700.95927
0.00159025102,0.15,0,0,0.000999184933,-10.9522896,1685
0.00159593855,0.0297856156,9.00547475e-05,-0.00267277421,-0.000186382868,-1.89429122,1701.15105
0.00159592757,0.14964235,5.79847779e-08,-4.36419132e-07,0.000999229187,-10.9281258,1685.09742
0.00160201229,0.149258983,8.43091643e-08,3.60422407e-07,0.000999251588,-10.8802851,1685.20183
0.00160477206,0.1225461,-4.08608238e-05,-0.000521868474,0.000739531172,-7.98446688,1691.67951
0.00160853454,0.14884805,5.49101172e-08,8.47247197e-08,0.000999243513,-10.832914,1685.31372
0.00161357965,0.0274539002,9.35501694e-05,-0.0024060263,-0.000212305839,-1.767047,1701.32588
0.00161552576,0.148407569,1.67293509e-08,1.02396141e-07,0.000999198277,-10.7814328,1685.43358
0.00162072942,0.0853696328,-6.53322279e-05,-0.00350968782,0.000375188573,-4.98967819,1696.81665
0.00162301968,0.147935415,-6.63232237e-08,9.27340286e-08,0.00099910808,-10.725884,1685.56196
0.00163003737,0.0252785992,9.58454528e-05,-0.00215206314,-0.000237092522,-1.64758774,1701.48187
0.00163105245,0.147429312,-2.01010633e-07,5.43908013e-09,0.00099896381,-10.6664457,1685.69942
0.00163540067,0.120214384,-4.66443168e-05,-0.000648129389,0.0007305676,-7.76048289,1692.12613
0.00163966282,0.146886817,-3.9742604e-07,-1.96864912e-07,0.000998754846,-10.6029375,1685.84654
0.00164539108,0.0232492201,9.7071341e-05,-0.00191286147,-0.000260757956,-1.53424406,1701.61756
0.00164889231,0.146305314,-6.66269318e-07,-5.75040341e-07,0.000998468838,-10.5350349,1686.00394
0.00165878544,0.145681998,-1.02200089e-06,-1.21682313e-06,0.000998091426,-10.4625005,1686.17225
0.00165971484,0.0213559743,9.73009306e-05,-0.0016900235,-0.00028332033,-1.42724668,1701.73201
0.00166823163,0.117715008,-5.28243775e-05,-0.00079894127,0.000719970538,-7.52604971,1692.58187
0.00166938994,0.145013864,-1.47921167e-06,-2.22851206e-06,0.000997605968,-10.3850303,1686.35215
0.00167219823,0.0803647536,-5.8552804e-05,-0.00388363132,0.000334281103,-4.67337965,1697.28364
0.00167307774,0.0195897299,9.66494361e-05,-0.00148420033,-0.000304800733,-1.32571136,1701.82487
0.00168075695,0.144297686,-2.05570833e-06,-3.7504522e-06,0.000996993177,-10.3023188,1686.54429
0.00168554425,0.0179419674,9.52063204e-05,-0.00129568655,-0.000325222988,-1.22951413,1701.89632
0.00169294131,0.143530013,-2.77187428e-06,-5.96238754e-06,0.000996230723,-10.2140531,1686.74935
0.00169717449,0.0164047389,9.30728303e-05,-0.00112426744,-0.000344613429,-1.13814473,1701.94703
0.00170342328,0.115035914,-5.92839136e-05,-0.000977454405,0.000707454797,-7.2809917,1693.04494
0.00170600177,0.14270714,-3.65010838e-06,-9.09134174e-06,0.000995292768,-10.119901,1686.96801
0.00170802455,0.0149706296,9.03371636e-05,-0.000969480486,-0.000363000663,-1.05138055,1701.978
0.00171814678,0.0136327222,8.7087501e-05,-0.0008306077,-0.000380415288,-0.968893178,1701.99046
0.00172000135,0.141825099,-4.71524844e-06,-1.34238441e-05,0.000994149401,-10.0195177,1687.20092
0.00172736789,0.075,-4.68094963e-05,-0.00421857373,0.000286783535,-4.34008332,1697.75052
0.00172759,0.0123845633,8.34039567e-05,-0.000706794227,-0.000396889592,-0.890458943,1701.98583
0.00173500756,0.140879634,-5.99566278e-06,-1.93178541e-05,0.000992765992,-9.91254571,1687.4487
0.00173639975,0.0112201325,7.93612061e-05,-0.000597076541,-0.000412457221,-0.815839768,1701.96559
0.00174114539,0.112164181,-6.58893338e-05,-0.00118643827,0.000692686027,-7.02587357,1693.51352
0.00174461854,0.0101338132,7.50265991e-05,-0.000500441229,-0.000427152864,-0.744842073,1701.93112
0.00175109279,0.139866187,-7.52336557e-06,-2.72185843e-05,0.000991102476,-9.79862241,1687.71194
0.001752286,0.00912036556,7.04617564e-05,-0.000415852337,-0.000441011931,-0.677283894,1701.88383
0.00175943911,0.00817490128,6.5721997e-05,-0.000342280303,-0.000454070237,-0.613003177,1701.825
0.00176611239,0.00729285993,6.08565401e-05,-0.000278720117,-0.000466363716,-0.551848014,1701.75584
0.00176833462,0.138779867,-9.33337656e-06,-3.76748136e-05,0.000989112403,-9.67738176,1687.99116
0.00177233801,0.00646998704,5.59093563e-05,-0.000224206247,-0.000477928151,-0.493676504,1701.67742
0.00177814601,0.0057023135,5.09194584e-05,-0.000177822249,-0.000488798944,-0.438355029,1701.59072
0.00178157989,0.109085956,-7.23851155e-05,-0.00142843057,0.000675273292,-6.76047174,1693.98587
0.00178253755,0.0696352464,-3.2054238e-05,-0.00445984271,0.000235663921,-4.03224167,1698.18862
0.00178356441,0.00498613648,4.59209342e-05,-0.000138707132,-0.000499010921,-0.385758516,1701.49659
0.00178681623,0.137615437,-1.14623768e-05,-5.13585493e-05,0.000986741915,-9.54844978,1688.28678
0.00178861933,0.00431800152,4.0943199e-05,-0.000106059414,-0.000508598162,-0.335766021,1701.39577
0.00179333516,0.00369468589,3.60110605e-05,-7.91382645e-05,-0.000517593867,-0.288264346,1701.28891
0.00179773464,0.00311318307,3.11452849e-05,-5.72659965e-05,-0.000526030231,-0.243137982,1701.17655
0.00180183901,0.0025706882,2.63629707e-05,-3.98200131e-05,-0.00053393836,-0.200299828,1701.05915
0.00180566804,0.00206458457,2.16781437e-05,-2.62496852e-05,-0.000541348202,-0.159603561,1700.93711
0.00180662674,0.136367278,-1.39498915e-05,-6.90870306e-05,0.000983928519,-9.41145457,1688.59912
0.00180924022,0.00159243101,1.71012084e-05,-1.60167069e-05,-0.000548288503,-0.1211351,1700.81081
0.00181257278,0.00115195011,1.26401633e-05,-8.75063067e-06,-0.000554786781,-0.0844490447,1700.68064
0.00181568178,0.000741017226,8.29839092e-06,-3.79536725e-06,-0.000560869311,-0.0512015821,1700.54711
0.00181858223,0.000357650242,4.08446921e-06,-1.35715882e-06,-0.000566561125,-0.0188612252,1700.41091
0.00182128811,0,0,0,-0.000571884466,-0.00245305613,1700.27299
0.00182492182,0.105786393,-7.85139563e-05,-0.00170465985,0.000654762095,-6.48601274,1694.46031
0.00182786173,0.13502937,-1.68395474e-05,-9.18472804e-05,0.000980599545,-9.26602623,1688.92838
0.00183400636,0.0646303672,-1.43838732e-05,-0.00459416388,0.000184777522,-3.74074026,1698.57623
0.00185062361,0.133595261,-2.01760418e-05,-0.000120819671,0.000976670468,-9.11180674,1689.27455
0.00187138024,0.102249575,-8.37973302e-05,-0.00201550723,0.000630625656,-6.20200077,1694.93518
0.00187502218,0.132058033,-2.4000854e-05,-0.000157406197,0.000972042713,-8.94843763,1689.63748
0.00188202257,0.0599612217,3.99227585e-06,-0.00463299759,0.000134559307,-3.4915387,1698.92384
0.00190117513,0.13041027,-2.83542868e-05,-0.000203248087,0.000966601206,-8.77559685,1690.01676
0.00192117924,0.0984584434,-8.78138594e-05,-0.00235824008,0.000602261191,-5.91055119,1695.40916
0.0019268178,0.0556052884,2.21706404e-05,-0.00456818007,8.53488131e-05,-3.26150429,1699.23993
0.00192920859,0.128644026,-3.32696145e-05,-0.000260255742,0.000960211343,-8.59295421,1690.41177
0.00195925779,0.12675078,-3.87744071e-05,-0.000330607015,0.000952715452,-8.40026798,1690.82164
0.00196286749,0.15,0,0,0.00123330694,-10.9514074,1685
0.0019686081,0.0515415566,4.0437336e-05,-0.00444058273,3.73760782e-05,-3.03942012,1699.53132
0.0019695619,0.14964235,6.7970143e-08,-4.51061282e-07,0.00123316577,-10.9276838,1685.09744
0.00197455903,0.0943947116,-8.97187692e-05,-0.00272865369,0.000568984384,-5.60992006,1695.88162
0.00197673767,0.149258983,9.95781893e-08,3.68303347e-07,0.00123298501,-10.8799322,1685.20187
0.00198442941,0.14884805,7.19391766e-08,9.77842825e-08,0.00123275348,-10.8322718,1685.31378
0.00199146767,0.124721401,-4.48784921e-05,-0.000416776321,0.000943928563,-8.19727458,1691.24525
0.00199267422,0.148407569,2.30084571e-08,1.02131578e-07,0.00123246223,-10.7809018,1685.43366
0.00200151188,0.147935415,-7.92593393e-08,9.81694701e-08,0.00123210092,-10.7253401,1685.56207
0.00200759506,0.0477504251,5.71639679e-05,-0.00425890668,-9.2030517e-06,-2.84573758,1699.80334
0.002010985,0.147429312,-2.45354479e-07,1.28406343e-08,0.00123165758,-10.6659007,1685.69955
0.00202113929,0.146886817,-4.87061619e-07,-1.86482702e-07,0.0012311184,-10.602383,1685.8467
0.00202599359,0.1225461,-5.15797501e-05,-0.000521474711,0.000933633429,-7.98388573,1691.68125
0.00203177707,0.0900387783,-8.90254784e-05,-0.00311614607,0.000530025889,-5.30445487,1696.35222
0.00203202372,0.146305314,-8.18024972e-07,-5.61269957e-07,0.00123046741,-10.534479,1686.00413
0.00204369079,0.145681998,-1.25555812e-06,-1.19829067e-06,0.00122968623,-10.4619357,1686.17248
0.00204396673,0.0442136074,7.28832788e-05,-0.00403314068,-5.42908867e-05,-2.65680023,1700.05992
0.00205619678,0.145013864,-1.81794906e-06,-2.20473744e-06,0.00122875365,-10.3844585,1686.35241
0.0020630021,0.120214384,-5.88339794e-05,-0.000647676642,0.000921574728,-7.75989724,1692.1281
0.00206960201,0.144297686,-2.52678789e-06,-3.72032266e-06,0.00122764524,-10.3017399,1686.54459
0.00207789853,0.040914044,8.66528857e-05,-0.00378032314,-9.78279368e-05,-2.4866598,1700.30355
0.00208397113,0.143530013,-3.40689171e-06,-5.92463315e-06,0.0012263329,-10.2134664,1686.7497
0.00209310937,0.0853696328,-8.43729247e-05,-0.00350868343,0.000484528593,-4.98942631,1696.82093
0.00209937347,0.14270714,-4.48582246e-06,-9.04442614e-06,0.00122478424,-10.1193063,1686.96841
0.00210267168,0.117715008,-6.65743444e-05,-0.000798423269,0.000907452438,-7.5254576,1692.5841
0.00210955415,0.0378358195,9.88105889e-05,-0.00350846509,-0.000139781555,-2.32278311,1700.53533
0.00211588331,0.141825099,-5.7940346e-06,-1.33659288e-05,0.00122296195,-10.0189147,1687.20137
0.00213358028,0.140879634,-7.36596269e-06,-1.92469741e-05,0.00122082302,-9.91193416,1687.44922
0.00213908627,0.0349640862,0.000108944071,-0.00322902008,-0.000180136979,-2.17216926,1700.75512
0.0021451937,0.115035914,-7.46526331e-05,-0.000976863008,0.000890914345,-7.28040035,1693.04746
0.00215254974,0.139866187,-9.24043458e-06,-2.71324782e-05,0.0012183179,-9.79800177,1687.71253
0.00215885174,0.0803647536,-7.55865618e-05,-0.00388256624,0.000431551878,-4.67311143,1697.28826
0.00216663734,0.0322849924,0.000117303688,-0.00294795728,-0.000218891469,-2.02839299,1700.96176
0.00217288321,0.138779867,-1.14598004e-05,-3.75709318e-05,0.00121538931,-9.67675098,1687.99182
0.00219077325,0.112164181,-8.28981472e-05,-0.00118576757,0.000871548028,-7.02527885,1693.51637
0.00219234024,0.0297856156,0.000123776188,-0.00267217208,-0.000256050892,-1.894508,1701.15349
0.00219467874,0.137615437,-1.40687602e-05,-5.12338871e-05,0.0012119711,-9.54780846,1688.28753
0.00221631897,0.0274539002,0.000128565311,-0.00240546745,-0.000291627406,-1.76729941,1701.32831
0.00221804147,0.136367278,-1.71155836e-05,-6.89382325e-05,0.00120798672,-9.41080284,1688.59998
0.0022293213,0.075,-6.04206396e-05,-0.00421739755,0.000370104203,-4.33997618,1697.75543
0.00223868917,0.0252785992,0.000131707589,-0.00215154368,-0.000325638371,-1.64785247,1701.48437
0.00223963019,0.109085956,-9.09910694e-05,-0.0014276715,0.000848871874,-6.75988581,1693.98909
0.0022430841,0.13502937,-2.06528521e-05,-9.16706436e-05,0.00120334742,-9.26536471,1688.92934
0.00225955875,0.0232492201,0.000133379465,-0.00191238211,-0.00035810559,-1.53454236,1701.62019
0.00226992741,0.133595261,-2.47341639e-05,-0.000120610858,0.00119795021,-9.11113488,1689.27565
0.00227902837,0.0213559743,0.000133684468,-0.0016895807,-0.000389055012,-1.42756657,1701.73485
0.00229200017,0.105786393,-9.8604087e-05,-0.0017038088,0.000822326679,-6.48543061,1694.46395
0.00229719194,0.0195897299,0.000132779114,-0.00148379335,-0.00041851642,-1.32606523,1701.82799
0.00229870088,0.132058033,-2.94095134e-05,-0.000157160055,0.00119167527,-8.94775553,1689.63872
0.00229979086,0.0696352464,-4.13515015e-05,-0.00445868077,0.000304030155,-4.03203255,1698.19371
0.00231413708,0.0179419674,0.00013078786,-0.0012953124,-0.00044652322,-1.22989712,1701.89983
0.0023295433,0.13041027,-3.47270701e-05,-0.000202959061,0.00118438302,-8.77490356,1690.01817
0.00232994552,0.0164047389,0.000127848997,-0.00112392461,-0.000473112157,-1.13856344,1701.95101
0.0023446935,0.0149706296,0.000124084383,-0.000969166332,-0.000498322997,-1.05183345,1701.98255
0.0023481358,0.102249575,-0.000105139681,-0.00201454993,0.000791265045,-6.20143772,1694.93925
0.00235845218,0.0136327222,0.000119614618,-0.000830320326,-0.000522198167,-0.969383554,1701.99569
0.00236260343,0.128644026,-4.07263979e-05,-0.000259917558,0.00117591048,-8.59225053,1690.41336
0.00236553324,0.0646303672,-1.85715143e-05,-0.00459297967,0.000238307987,-3.74083302,1698.58138
0.0023712879,0.0123845633,0.000114549777,-0.000706531697,-0.000544782336,-0.890987636,1701.99187
0.00238326259,0.0112201325,0.000108992538,-0.000596837587,-0.000566121978,-0.816409284,1701.97254
0.002394434,0.0101338132,0.000103035455,-0.000500224454,-0.00058626495,-0.745453696,1701.93914
0.00239804075,0.12675078,-4.74396101e-05,-0.000330213351,0.00116606708,-8.39955292,1690.82344
0.00240485602,0.00912036556,9.67627792e-05,-0.000415656403,-0.000605260047,-0.677939573,1701.89307
0.00240830785,0.0984584434,-0.000110072901,-0.00235717552,0.000754947276,-5.909996,1695.41369
0.00241239922,0.15,0,0,0.00151575627,-10.9502762,1685
0.00241457892,0.00817490128,9.02504464e-05,-0.000342103969,-0.000623156583,-0.613704377,1701.83566
0.00242003642,0.14964235,8.0686431e-08,-4.64112869e-07,0.00151521278,-10.9269709,1685.09746
0.00242364959,0.00729285993,8.35661907e-05,-0.000278562232,-0.000640004006,-0.552595346,1701.76814
0.00242686553,0.0599612217,5.13005058e-06,-0.00463164522,0.000173490468,-3.49166707,1698.92894
0.00242822277,0.149258983,1.19154564e-07,3.75020275e-07,0.00151459671,-10.879341,1685.20192
0.00243211179,0.00646998704,7.67702563e-05,-0.00022406572,-0.000655851526,-0.494470472,1701.69163
0.00243602617,0.124721401,-5.48773557e-05,-0.000416320143,0.00115462957,-8.19655088,1691.24728
0.00243699776,0.14884805,9.45062627e-08,1.13792529e-07,0.00151389334,-10.8313911,1685.31386
0.00244000633,0.0057023135,6.99160128e-05,-0.000177698047,-0.00067074781,-0.439196255,1701.60715
0.00244640371,0.148407569,3.2660689e-08,1.04393895e-07,0.00151309035,-10.7800991,1685.43378
0.0024473713,0.00498613648,6.30501103e-05,-0.000138598301,-0.000684740708,-0.386647449,1701.51562
0.00245424222,0.00431800152,5.62128133e-05,-0.000105965149,-0.00069787703,-0.336703624,1701.4179
0.00245648599,0.147935415,-9.23719526e-08,1.05081157e-07,0.00151217367,-10.7245499,1685.56221
0.00246065222,0.00369468589,4.94381751e-05,-7.9058015e-05,-0.000710202358,-0.289251632,1701.31472
0.00246663224,0.00311318307,4.2754648e-05,-5.71991475e-05,-0.000721760885,-0.244178001,1701.20681
0.00246729324,0.147429312,-2.95784126e-07,2.33466768e-08,0.00151112727,-10.6651035,1685.69973
0.00247221111,0.0025706882,3.6185761e-05,-3.97664874e-05,-0.000732595292,-0.201394189,1701.0948
0.00247280655,0.0943947116,-0.000112356056,-0.0027274669,0.000712534936,-5.60942366,1695.88664
0.00247674293,0.1225461,-6.30347e-05,-0.000520949101,0.00114133611,-7.98315214,1691.68355
0.00247741574,0.00206458457,2.97508235e-05,-2.62081263e-05,-0.000742746658,-0.160763452,1700.97934
0.00247887757,0.146886817,-5.91540719e-07,-1.71912548e-07,0.00150993282,-10.6015781,1685.84693
0.00248227124,0.00159243101,2.34646288e-05,-1.59886114e-05,-0.000752254394,-0.122355673,1700.86107
0.00248408358,0.0556052884,2.85735333e-05,-0.00456692107,0.000110007677,-3.26156642,1699.24492
0.00248680102,0.00115195011,1.73385191e-05,-8.7278477e-06,-0.000761156208,-0.0857837184,1700.74066
0.00249102694,0.000741017226,1.13795133e-05,-3.7867933e-06,-0.000769488088,-0.052522363,1700.61887
0.00249129488,0.146305314,-9.96616149e-07,-5.41717186e-07,0.00150856939,-10.5336726,1686.0044
0.00249496939,0.000357650242,5.59806284e-06,-1.34449527e-06,-0.000777284295,-0.0203469899,1700.49654
0.00249864736,0,0,0,-0.000784575272,-0.00417989195,1700.37452
0.00250460505,0.145681998,-1.53164469e-06,-1.17202572e-06,0.00150701308,-10.4611216,1686.1728
0.00251887229,0.145013864,-2.21922035e-06,-2.17078126e-06,0.00150523658,-10.3836378,1686.35279
0.00252038741,0.120214384,-7.18563792e-05,-0.000647072893,0.00112587938,-7.75915892,1692.13071
0.0025341654,0.144297686,-3.08542247e-06,-3.67704508e-06,0.00150320873,-10.3009128,1686.54503
0.00253746336,0.0515415566,5.21036853e-05,-0.00443938057,4.81497663e-05,-3.03963998,1699.53612
0.00254194301,0.0900387783,-0.000111376855,-0.00311485552,0.000663086801,-5.30397638,1696.35775
0.00255055817,0.143530013,-4.16014141e-06,-5.87013341e-06,0.00150089391,-10.2126321,1686.75021
0.00256717014,0.117715008,-8.12582468e-05,-0.000797733264,0.00110789861,-7.52471211,1692.58705
0.00256812965,0.14270714,-5.47683953e-06,-8.97653645e-06,0.0014982514,-10.1184644,1686.96899
0.0025869646,0.141825099,-7.07254748e-06,-1.32820812e-05,0.00149523463,-10.0180649,1687.20203
0.00258726236,0.0477504251,7.36507736e-05,-0.00425773703,-1.18878303e-05,-2.84594672,1699.80791
0.00260715387,0.140879634,-8.98870734e-06,-1.91443377e-05,0.00149179024,-9.91107579,1687.44997
0.00261605072,0.0853696328,-0.000105458287,-0.00350726865,0.000605556095,-4.98905026,1696.82695
0.00261731677,0.115035914,-9.10592219e-05,-0.000976076258,0.00108697079,-7.27965664,1693.0508
0.00262879485,0.139866187,-1.12717792e-05,-2.70078393e-05,0.00148785708,-9.79713433,1687.71338
0.00263372079,0.0442136074,9.38858148e-05,-0.00403201819,-6.99837274e-05,-2.6571183,1700.06424
0.00265199192,0.138779867,-1.39724034e-05,-3.74206792e-05,0.00148336494,-9.67587527,1687.99279
0.00267106918,0.112164181,-0.000101048159,-0.00118487621,0.00106260105,-7.02453207,1693.52014
0.00267685697,0.137615437,-1.71443084e-05,-5.10538201e-05,0.0014782331,-9.54692531,1688.28862
0.00267706272,0.040914044,0.000111617262,-0.00377924698,-0.000126065071,-2.48696733,1700.30762
0.00269548711,0.0803647536,-9.43673349e-05,-0.00388107187,0.000538796132,-4.67270395,1697.29472
0.00270350993,0.136367278,-2.0845362e-05,-6.87236162e-05,0.0014723686,-9.40991139,1688.60121
0.00271749722,0.0378358195,0.000127258555,-0.00350744666,-0.000180092975,-2.32317258,1700.53917
0.00272868664,0.109085956,-0.000110837554,-0.00142666374,0.00103421214,-6.75915056,1693.99333
0.00273207936,0.13502937,-2.51378762e-05,-9.14162193e-05,0.00146566412,-9.26446381,1688.93073
0.00275521932,0.0349640862,0.000140297046,-0.00322805628,-0.000232051081,-2.17255957,1700.75876
0.00276270308,0.133595261,-3.00850616e-05,-0.000120310641,0.00145799567,-9.11022368,1689.27722
0.00278063536,0.075,-7.53754708e-05,-0.00421575741,0.000461600489,-4.33978904,1697.76225
0.00279041098,0.0322849924,0.000151044192,-0.00294705639,-0.000281938114,-2.0288442,1700.96526
0.00279044706,0.105786393,-0.000120023825,-0.00170267866,0.0010011345,-6.48470035,1694.46873
0.00279552878,0.132058033,-3.57461611e-05,-0.000156807,0.00144921947,-8.94683573,1689.64049
0.00282324193,0.0297856156,0.000159365432,-0.00267132849,-0.000329763514,-1.8949656,1701.1569
0.00283071481,0.13041027,-4.21772883e-05,-0.000202545638,0.00143916862,-8.7739744,1690.02017
0.00285387055,0.0274539002,0.000165515211,-0.00240468501,-0.000375544527,-1.76780235,1701.33172
0.00285664836,0.102249575,-0.000127884598,-0.00201328117,0.000962593677,-6.20073567,1694.94461
0.00286578361,0.0696352464,-5.15244107e-05,-0.00445706444,0.000378818843,-4.03173815,1698.20075
0.00286843087,0.128644026,-4.94239933e-05,-0.000259435336,0.00142764882,-8.59131292,1690.41562
0.00288244455,0.0252785992,0.000169547911,-0.0021508169,-0.000419304857,-1.64836772,1701.48786
0.0029088589,0.12675078,-5.7522223e-05,-0.000329653799,0.00141443346,-8.39860584,1690.82599
0.00290910178,0.0232492201,0.000171686018,-0.00191171184,-0.000461073717,-1.53509287,1701.62386
0.00292536756,0.15,0,0,0.00183806402,-10.9489526,1685
0.00292760984,0.0984584434,-0.000133782736,-0.00235576961,0.000917705927,-5.90930405,1695.41965
0.00293397081,0.0213559743,0.000172066926,-0.00168896204,-0.000500885477,-1.42813494,1701.73881
0.00293391077,0.14964235,9.5073657e-08,-4.72922897e-07,0.00183695493,-10.9259482,1685.09749
0.00294306828,0.149258983,1.41082714e-07,3.80681378e-07,0.00183572871,-10.8784378,1685.20199
0.00294522001,0.0646303672,-2.31492949e-05,-0.0045913399,0.000296667604,-3.74091863,1698.58848
0.0029521939,0.124721401,-6.64821556e-05,-0.000415673784,0.00139925779,-8.19559793,1691.25016
0.00295288425,0.14884805,1.19646269e-07,1.31293118e-07,0.00183436629,-10.8302596,1685.31396
0.00295717159,0.0195897299,0.000170889644,-0.00148322517,-0.000538779297,-1.32666381,1701.83236
0.00296340604,0.148407569,4.4409519e-08,1.10046534e-07,0.00183285113,-10.7789884,1685.43393
0.00297468439,0.147935415,-1.06251381e-07,1.13598723e-07,0.00183116457,-10.7234707,1685.56241
0.00297881603,0.0179419674,0.000168316362,-0.00129479054,-0.000574798875,-1.23051813,1701.90473
0.00298677372,0.147429312,-3.51420664e-07,3.78490981e-08,0.00182928551,-10.6640146,1685.69999
0.00299864489,0.1225461,-7.62935668e-05,-0.000520206659,0.00138181195,-7.98219157,1691.6868
0.00299900854,0.0164047389,0.000164524054,-0.00112344687,-0.000608992093,-1.13921281,1701.95657
0.00299973232,0.146886817,-7.08046007e-07,-1.51801193e-07,0.00182719012,-10.6004797,1685.84723
0.00300367378,0.0943947116,-0.000136459242,-0.00272590348,0.000865470892,-5.60880309,1695.89324
0.0030136227,0.146305314,-1.19668293e-06,-5.14634489e-07,0.00182485139,-10.5325706,1686.00477
0.0030178465,0.0149706296,0.000159670471,-0.000968729103,-0.000641410634,-1.0525084,1701.9889
0.00301932771,0.0599612217,6.35408564e-06,-0.00462978954,0.000215802017,-3.49180647,1698.93596
0.00302851187,0.145681998,-1.84176622e-06,-1.13574805e-06,0.00182223878,-10.4600121,1686.17325
0.00303542079,0.0136327222,0.000153910294,-0.000829920965,-0.000672109517,-0.970086865,1702.00299
0.00304447165,0.145013864,-2.67060789e-06,-2.123663e-06,0.00181931766,-10.3825214,1686.35331
0.00304843592,0.120214384,-8.68869591e-05,-0.000646222946,0.00136173297,-7.75819712,1692.13437
0.00305181618,0.0123845633,0.000147385169,-0.000706167356,-0.000701146584,-0.891719743,1702.00026
0.003061579,0.144297686,-3.71435242e-06,-3.61684851e-06,0.00181604884,-10.2997901,1686.54563
0.00306711175,0.0112201325,0.000140227212,-0.000596506276,-0.000728581939,-0.817173157,1701.9822
0.00307991646,0.143530013,-5.00854797e-06,-5.79412228e-06,0.00181238783,-10.2115021,1686.7509
0.00308138126,0.0101338132,0.000132555799,-0.000499924337,-0.000754477414,-0.746251629,1701.95026
0.00308520709,0.0900387783,-0.000135163012,-0.00311315841,0.000804766877,-5.30337743,1696.36498
0.00308846418,0.0556052884,3.55096865e-05,-0.00456519444,0.00013672836,-3.26164042,1699.25175
0.00309469356,0.00912036556,0.000124479147,-0.000415385735,-0.000778895995,-0.678774462,1701.90588
0.00309957246,0.14270714,-6.59320472e-06,-8.88171171e-06,0.00180828414,-10.1173261,1686.96979
0.00310180717,0.117715008,-9.81560558e-05,-0.000796765332,0.0013385956,-7.52374575,1692.59118
0.00310711286,0.00817490128,0.000116094859,-0.000341861016,-0.000801901306,-0.61457911,1701.85039
0.00311869905,0.00729285993,0.00010749027,-0.00027834542,-0.000823557103,-0.553512611,1701.78508
0.00312064183,0.141825099,-8.51273196e-06,-1.31649887e-05,0.0018036804,-10.0169176,1687.20294
0.00312950802,0.00646998704,9.87428801e-05,-0.000223873633,-0.000843926817,-0.495433181,1701.71112
0.00313959192,0.0057023135,8.99211702e-05,-0.000177529381,-0.000863073151,-0.440208283,1701.62957
0.00314322618,0.140879634,-1.08163401e-05,-1.90011563e-05,0.00179851128,-9.90991954,1687.451
0.00314899938,0.00498613648,8.10850273e-05,-0.000138451826,-0.000881057737,-0.387713102,1701.54145
0.00315296288,0.0515415566,6.47153869e-05,-0.00443773353,5.9783364e-05,-3.0399233,1699.54267
0.00315777577,0.00431800152,7.22861241e-05,-0.000105839753,-0.00089794085,-0.337828152,1701.44766
0.00315901606,0.115035914,-0.000109881115,-0.000974976946,0.00131190208,-7.2786969,1693.05544
0.00316596343,0.00369468589,6.35682965e-05,-7.89528395e-05,-0.000913781163,-0.290441247,1701.34908
0.00316743445,0.139866187,-1.35588588e-05,-2.68342511e-05,0.00179270239,-9.79596905,1687.71455
0.00317260302,0.0853696328,-0.00012789026,-0.0035054114,0.000734348269,-4.98857897,1696.83481
0.00317360185,0.00311318307,5.49682109e-05,-5.71132374e-05,-0.000928635552,-0.245441136,1701.24653
0.00318072788,0.0025706882,4.65162624e-05,-3.96992288e-05,-0.000942558933,-0.202738572,1701.14079
0.00318737588,0.00206458457,3.82373913e-05,-2.61575427e-05,-0.000955604145,-0.16220605,1701.03262
0.00319338341,0.138779867,-1.6800142e-05,-3.72117715e-05,0.00178616875,-9.6747006,1687.99411
0.00319357793,0.00159243101,3.01511596e-05,-1.59552128e-05,-0.000967821872,-0.123897756,1700.92277
0.00319936393,0.00115195011,2.22728324e-05,-8.70283636e-06,-0.000979260598,-0.0874768527,1700.81202
0.00320476181,0.000741017226,1.46136296e-05,-3.77817652e-06,-0.000989966581,-0.0542504283,1700.70111
0.00320979758,0.000357650242,7.18616833e-06,-1.33272476e-06,-0.000999983862,-0.0222808911,1700.59081
0.00321313493,0.0477504251,9.14467322e-05,-0.0042561407,-1.48103664e-05,-2.84620778,1699.81414
0.00321449555,0,0,0,-0.0010093516,-0.00636401457,1700.48182
0.00322033854,0.112164181,-0.000121802477,-0.0011836354,0.00128107109,-7.0235727,1693.52536
0.00322119823,0.137615437,-2.06037617e-05,-5.08039824e-05,0.00177881319,-9.54574134,1688.29011
0.00325101306,0.136367278,-2.50378445e-05,-6.84265394e-05,0.00177052435,-9.40871805,1688.60289
0.00326628313,0.0803647536,-0.000114324635,-0.00387911251,0.000652852584,-4.67219939,1697.30315
0.00326927056,0.0442136074,0.000116512242,-0.00403049043,-8.69189445e-05,-2.65753041,1700.07012
0.00328297172,0.13502937,-3.01750715e-05,-9.10648587e-05,0.00176117426,-9.2632608,1688.93263
0.00328607039,0.109085956,-0.000133455768,-0.00142526656,0.00124542569,-6.75820894,1693.99919
0.00331722836,0.133595261,-3.60891102e-05,-0.000119897033,0.00175061564,-9.10901027,1689.27935
0.00332164054,0.040914044,0.000138468167,-0.00377778447,-0.000156466091,-2.48739182,1700.31315
0.00335394821,0.132058033,-4.284924e-05,-0.000156321973,0.00173867843,-8.94561195,1689.6429
0.00335652868,0.105786393,-0.000144348999,-0.00170111656,0.00120418207,-6.48376771,1694.4753
0.00336669929,0.075,-9.12698757e-05,-0.00421361379,0.000558847727,-4.33955414,1697.77114
0.00337049747,0.0378358195,0.000157806926,-0.00350606609,-0.000223415402,-2.32371084,1700.54438
0.0033933084,0.13041027,-5.05196191e-05,-0.000201979465,0.00172516585,-8.77273913,1690.02288
0.00341607702,0.0349640862,0.000173919989,-0.00322675226,-0.000287756526,-2.17310573,1700.76369
0.00343205325,0.102249575,-0.000153622157,-0.00201153649,0.00115643502,-6.19984485,1694.95193
0.00343549876,0.128644026,-5.91518981e-05,-0.000258777099,0.00170984959,-8.59006885,1690.41867
0.00345859904,0.0322849924,0.000187180126,-0.00294583979,-0.000349496261,-2.0294732,1700.96997
0.00346711545,0.0696352464,-6.23278505e-05,-0.00445494918,0.000458257614,-4.03136735,1698.20991
0.00348072282,0.12675078,-6.87854039e-05,-0.000328892448,0.00169246415,-8.39735264,1690.82942
0.00349804094,0.15,0,0,0.00219788558,-10.9473528,1685
0.00349826863,0.0297856156,0.000197438448,-0.00267019122,-0.000408653355,-1.89560902,1701.1615
0.00350746878,0.14964235,1.14186739e-07,-4.72029131e-07,0.00219606537,-10.924559,1685.09754
0.00351300839,0.0984584434,-0.000160510554,-0.00235384821,0.00110115375,-5.90842804,1695.42775
0.00351757453,0.149258983,1.69274996e-07,3.86506281e-07,0.00219407306,-10.8771286,1685.20208
0.00352840693,0.14884805,1.50842333e-07,1.47638937e-07,0.00219188458,-10.8287777,1685.3141
0.0035291987,0.124721401,-7.94289218e-05,-0.000414797048,0.00167270013,-8.1943399,1691.25403
0.00353527713,0.0274539002,0.000205001101,-0.00240363186,-0.000465255118,-1.76850692,1701.3363
0.00354001823,0.148407569,6.2723899e-08,1.17721622e-07,0.00218947839,-10.7775132,1685.43412
0.00355246443,0.147935415,-1.15938892e-07,1.23898598e-07,0.00218683039,-10.7220264,1685.56267
0.00356079556,0.0646303672,-2.80218427e-05,-0.00458919841,0.000358617198,-3.74100122,1698.59771
0.00356580558,0.147429312,-4.066121e-07,5.59124049e-08,0.00218391358,-10.6625659,1685.70031
0.00356980305,0.0252785992,0.000209946771,-0.00214984024,-0.000519335944,-1.64909314,1701.49255
0.00358010602,0.146886817,-8.30058166e-07,-1.26117279e-07,0.00218069765,-10.5990176,1685.84764
0.00358116022,0.1225461,-9.10649592e-05,-0.000519202566,0.00165019632,-7.98092685,1691.69115
0.00359543473,0.146305314,-1.41075688e-06,-4.79949598e-07,0.00217714855,-10.5311049,1686.00527
0.00359978459,0.0943947116,-0.000163527909,-0.00272377943,0.00103717407,-5.60801621,1695.90216
0.00360201293,0.0232492201,0.000212545878,-0.00191081241,-0.000570936268,-1.53586564,1701.6288
0.00361186565,0.145681998,-2.17735528e-06,-1.08908081e-06,0.00217322804,-10.4585398,1686.17384
0.00362947802,0.145013864,-3.16233037e-06,-2.06250103e-06,0.00216889307,-10.3810422,1686.354
0.00363206214,0.0213559743,0.000212974696,-0.00168813323,-0.000620102246,-1.42893443,1701.74413
0.00363685802,0.120214384,-0.000103607462,-0.00064507704,0.0016245305,-7.75693351,1692.13927
0.00364819149,0.0599612217,7.63431424e-06,-0.00462738279,0.000260687438,-3.4919557,1698.94508
0.00364835681,0.144297686,-4.40242522e-06,-3.53826002e-06,0.00216409522,-10.2983048,1686.54644
0.0036600956,0.0195897299,0.000211477056,-0.0014824651,-0.000666885409,-1.32750374,1701.83822
0.00366859307,0.143530013,-5.93939753e-06,-5.69447269e-06,0.00215877986,-10.2100097,1686.75183
0.00368624854,0.0179419674,0.000208256567,-0.00129409361,-0.00071134242,-1.23138983,1701.91128
0.00369028442,0.14270714,-7.82040683e-06,-8.75696772e-06,0.0021528854,-10.1158251,1686.97084
0.00369280041,0.0900387783,-0.0001617684,-0.00311086384,0.000963193169,-5.30261779,1696.37474
0.00369656075,0.117715008,-0.000116923967,-0.000795464537,0.00159520907,-7.52247975,1692.59668
0.00371064711,0.0164047389,0.00020353128,-0.00112280991,-0.000753534715,-1.14012284,1701.96398
0.00371353547,0.141825099,-1.0097969e-05,-1.3010566e-05,0.00214634224,-10.0154068,1687.20415
0.0037297248,0.0556052884,4.28524424e-05,-0.00456295183,0.000165051755,-3.26171748,1699.26061
0.00373340899,0.0149706296,0.000197497601,-0.000968147363,-0.000793528081,-1.05345426,1701.99736
0.00373845839,0.140879634,-1.28299612e-05,-1.88119863e-05,0.0021390716,-9.90839902,1687.45237
0.00375464398,0.0136327222,0.000190346393,-0.000829390885,-0.000831392129,-0.971072184,1702.01269
0.0037605564,0.115035914,-0.000130751651,-0.000973504678,0.00156165532,-7.27744227,1693.06161
0.00376517338,0.139866187,-1.60803037e-05,-2.66046507e-05,0.00213098423,-9.7944392,1687.7161
0.0037744545,0.0123845633,0.000182252809,-0.00070568506,-0.0008671997,-0.89274554,1702.01141
0.00379250451,0.0853696328,-0.000152884216,-0.00350291348,0.000877767928,-4.98798073,1696.84536
0.0037929361,0.0112201325,0.000173379884,-0.000596068777,-0.00090102622,-0.818243219,1701.995
0.00379380931,0.138779867,-1.9918695e-05,-3.69353225e-05,0.00212197868,-9.67316141,1687.99586
0.00380578874,0.0515415566,7.80673457e-05,-0.00443559275,7.20932546e-05,-3.04025324,1699.55118
0.00381017793,0.0101338132,0.000163875407,-0.000499529047,-0.000932949043,-0.747369401,1701.96497
0.0038245043,0.137615437,-2.44193953e-05,-5.0473443e-05,0.00211193956,-9.54419311,1688.29209
0.00382626316,0.00912036556,0.000153873084,-0.000415030381,-0.000963046792,-0.679943764,1701.92275
0.00382915363,0.112164181,-0.000144775215,-0.00118197914,0.00152319703,-7.02232273,1693.53228
0.00384126937,0.00817490128,0.000143493331,-0.000341543358,-0.000991398729,-0.615803617,1701.86974
0.00385526895,0.00729285993,0.000132843955,-0.000278063343,-0.00101808417,-0.554796097,1701.80724
0.0038574064,0.136367278,-2.96617303e-05,-6.80337364e-05,0.0021007352,-9.40716059,1688.60511
0.00386832942,0.00646998704,0.000122020576,-0.000223625208,-0.0010431819,-0.496779515,1701.73648
0.00387675022,0.0477504251,0.000110297368,-0.00425406971,-1.79392701e-05,-2.84651629,1699.82222
0.00388051377,0.0057023135,0.000111107517,-0.000177312878,-0.00106676976,-0.441622189,1701.65857
0.00389188078,0.00498613648,0.000100178508,-0.000138265616,-0.00108892415,-0.389200037,1701.57458
0.00389267431,0.13502937,-3.5729646e-05,-9.06005615e-05,0.00208821494,-9.26169458,1688.93513
0.0038993778,0.0803647536,-0.0001364592,-0.00387649152,0.000779323829,-4.67159858,1697.3144
0.00390248528,0.00431800152,8.9297147e-05,-0.000105682231,-0.00110971973,-0.339394179,1701.48551
0.00390268333,0.109085956,-0.000158446032,-0.00142340798,0.00147905285,-6.75698409,1694.00693
0.00391237842,0.00369468589,7.85174785e-05,-7.88225334e-05,-0.00112922916,-0.292092924,1701.39228
0.00392160791,0.00311318307,6.78848844e-05,-5.70084981e-05,-0.00114752278,-0.247186943,1701.29579
0.00393021827,0.0025706882,5.7436995e-05,-3.96185898e-05,-0.0011646685,-0.204586959,1701.19688
0.00393047816,0.133595261,-4.27078237e-05,-0.000119350911,0.00207420609,-9.10743466,1689.28217
0.00393825104,0.00206458457,4.72047406e-05,-2.60981031e-05,-0.00118073162,-0.16417187,1701.09637
0.00394295152,0.0442136074,0.00014047054,-0.0040285106,-0.000104900844,-2.65802614,1700.07773
0.00394574497,0.00159243101,3.72130058e-05,-1.59164517e-05,-0.00119577475,-0.125979639,1700.99501
0.00395273619,0.00115195011,2.74814646e-05,-8.67475125e-06,-0.00120985777,-0.0897215014,1700.89356
0.00395925843,0.000741017226,1.80255759e-05,-3.76955484e-06,-0.00122303778,-0.0565352849,1700.7927
0.00396534315,0.000357650242,8.86070499e-06,-1.3179105e-06,-0.00123536912,-0.0247893646,1700.69307
0.0039710197,0,0,0,-0.00124690019,-0.00913762249,1700.59523
0.00397100028,0.132058033,-5.06758415e-05,-0.000155682474,0.00205850994,-8.94402646,1689.64606
0.00398150017,0.105786393,-0.00017117286,-0.00169904399,0.0014283199,-6.48255795,1694.48396
0.00400471194,0.040914044,0.000166893751,-0.00377588949,-0.000188713398,-2.48789234,1700.3203
0.00401393579,0.075,-0.000108837337,-0.00421076967,0.000666209834,-4.33928138,1697.78292
0.00401443613,0.13041027,-5.97066123e-05,-0.000201234147,0.00204089737,-8.77114377,1690.02644
0.00406099523,0.128644026,-6.98583877e-05,-0.000257912066,0.0020211034,-8.58846685,1690.42267
0.0040623294,0.0378358195,0.000190137927,-0.00350427994,-0.000269344693,-2.32434761,1700.5511
0.0040659843,0.102249575,-0.000181948621,-0.0020092314,0.00136995713,-6.19869531,1694.96155
0.00411090215,0.12675078,-8.11733014e-05,-0.00032789371,0.00199882071,-8.39574331,1690.83392
0.00411608181,0.0349640862,0.000209500962,-0.00322506635,-0.000346792048,-2.17375234,1700.77005
0.00412849378,0.0696352464,-7.4212522e-05,-0.00445214226,0.000545590146,-4.03089917,1698.22199
0.00415654325,0.0984584434,-0.000189864035,-0.00235132262,0.00130278191,-5.90730201,1695.43834
0.0041643976,0.124721401,-9.36577864e-05,-0.000413649016,0.00197369215,-8.19272787,1691.25908
0.00416622844,0.0322849924,0.000225412193,-0.00294426827,-0.000421071876,-2.03022063,1700.97607
0.00417380227,0.15,0,0,0.00262247927,-10.9452235,1685
0.00418399681,0.14964235,1.37241716e-07,-4.61329648e-07,0.00261964587,-10.9225775,1685.0976
0.00419492437,0.149258983,2.0473245e-07,3.90910876e-07,0.00261656426,-10.8752007,1685.2022
0.00420663768,0.14884805,1.89621796e-07,1.62112657e-07,0.00261320394,-10.8267275,1685.31429
0.00421301117,0.0297856156,0.00023771491,-0.00266872335,-0.000492213714,-1.89637618,1701.16744
0.00421919324,0.148407569,8.74667827e-08,1.2816403e-07,0.00260953687,-10.775466,1685.43439
0.00422173964,0.1225461,-0.000107285007,-0.000517890018,0.00194530172,-7.97930999,1691.69683
0.00423265159,0.147935415,-1.23148329e-07,1.38675906e-07,0.00260553191,-10.7200003,1685.56303
0.00423536707,0.0646303672,-3.33785847e-05,-0.00458637651,0.000426462414,-3.7410832,1698.60982
0.00424707767,0.147429312,-4.66060645e-07,8.04350573e-08,0.00260115444,-10.6605378,1685.70077
0.00425361381,0.0943947116,-0.000193194241,-0.00272100024,0.00122546194,-5.6070042,1695.91379
0.00425665565,0.0274539002,0.000246764951,-0.00240227353,-0.000560256323,-1.76934873,1701.34222
0.00426254105,0.146886817,-9.66612802e-07,-9.07159859e-08,0.00259636589,-10.5969771,1685.84821
0.00427911632,0.146305314,-1.65391155e-06,-4.31782155e-07,0.0025911233,-10.5290616,1686.00596
0.00428320484,0.120214384,-0.000121950518,-0.000643581987,0.00191316427,-7.75532093,1692.14563
0.00429688342,0.145681998,-2.56151945e-06,-1.02425148e-06,0.00258537871,-10.4564923,1686.17465
0.00429737241,0.0252785992,0.000252670839,-0.00214858166,-0.000625246048,-1.64996356,1701.4986
0.00431592807,0.145013864,-3.72782821e-06,-1.97713828e-06,0.00257907858,-10.3789892,1686.35496
0.00433507117,0.0599612217,9.00749349e-06,-0.00462424201,0.000309670226,-3.4921274,1698.957
0.00433535783,0.0232492201,0.000255751221,-0.00190965417,-0.000687235767,-1.5367948,1701.63515
0.00433634212,0.144297686,-5.19606729e-06,-3.42823354e-06,0.002572163,-10.2962465,1686.54755
0.00434908968,0.117715008,-0.000137491745,-0.000793770774,0.00187671372,-7.52086791,1692.60382
0.0043576642,0.0900387783,-0.000190859495,-0.00310787374,0.00113650956,-5.30164215,1696.3874
0.00435822404,0.143530013,-7.01512576e-06,-5.55483386e-06,0.00256456493,-10.2079454,1686.75311
0.00437079515,0.0213559743,0.000256225452,-0.00168706691,-0.000746284583,-1.42989983,1701.75097
0.00438167936,0.14270714,-9.24023243e-06,-8.58219381e-06,0.00255620922,-10.1137535,1686.97232
0.00440385528,0.0195897299,0.000254383714,-0.00148148799,-0.000802457518,-1.3285204,1701.84574
0.00440682124,0.141825099,-1.19330983e-05,-1.27943677e-05,0.00254701151,-10.0133266,1687.20583
0.00441971194,0.115035914,-0.000153598767,-0.000971592004,0.00183529004,-7.27584758,1693.06961
0.00442808699,0.0556052884,5.08306712e-05,-0.00456002806,0.000195852342,-3.26180022,1699.27215
0.00443377094,0.140879634,-1.51616074e-05,-1.85472952e-05,0.00253687689,-9.90631028,1687.45427
0.0044346977,0.0179419674,0.000250474199,-0.00129319867,-0.000855825295,-1.23244897,1701.91969
0.00446265844,0.139866187,-1.90000512e-05,-2.62836206e-05,0.00252569845,-9.79234261,1687.71825
0.00446347117,0.0164047389,0.000244758046,-0.00112199287,-0.00090646398,-1.14123183,1701.9735
0.00446919631,0.0853696328,-0.000180158137,-0.00349966806,0.00103428158,-4.98721428,1696.859
0.00449031448,0.0149706296,0.000237472791,-0.000967402308,-0.00095445452,-1.05461137,1702.00821
0.0044936231,0.138779867,-2.35291091e-05,-3.65492612e-05,0.00251335541,-9.67105736,1687.99828
0.00449541229,0.112164181,-0.000169893568,-0.00117983218,0.00178812527,-7.02073842,1693.54122
0.00451486319,0.0515415566,9.25432001e-05,-0.00443280883,8.54181711e-05,-3.04065464,1699.56221
0.00451535711,0.0136327222,0.000228847421,-0.000828713264,-0.00099988217,-0.972282033,1702.0251
0.00452681426,0.137615437,-2.88349182e-05,-5.00126955e-05,0.00249971113,-9.54208215,1688.29481
0.00453871984,0.0123845633,0.000219092551,-0.000705070014,-0.00104283581,-0.89401009,1702.02564
0.00456051538,0.0112201325,0.00020840368,-0.000595512262,-0.00108340721,-0.819566898,1702.01132
0.00456239202,0.136367278,-3.50091433e-05,-6.74874457e-05,0.00248461049,-9.40504268,1688.60818
0.00457655584,0.109085956,-0.000185736058,-0.00142100468,0.00173432852,-6.75543328,1694.01691
0.00458084884,0.0101338132,0.000196958526,-0.000499027476,-0.00112169026,-0.748756388,1701.98365
0.0045887481,0.0803647536,-0.000160557605,-0.00387310783,0.000916990295,-4.67087656,1697.32889
0.00459581833,0.0477504251,0.000130701576,-0.00425138421,-2.13754949e-05,-2.84689876,1699.83267
0.0045998183,0.00912036556,0.000184917893,-0.000414580709,-0.00115778021,-0.681398522,1701.94413
0.004600528,0.13502937,-4.21481198e-05,-8.99563958e-05,0.00246787689,-9.25956903,1688.93857
0.00461751528,0.00817490128,0.000172426415,-0.000341142743,-0.00119177295,-0.61733028,1701.89416
0.00463402511,0.00729285993,0.000159613459,-0.000277709128,-0.00122376429,-0.556399237,1701.83508
0.00464140612,0.133595261,-5.03484419e-05,-0.00011859527,0.00244930883,-9.10530105,1689.28603
0.00464942745,0.00646998704,0.000146593728,-0.000223314847,-0.00125384934,-0.498464054,1701.76816
0.004663534,0.105786393,-0.000200425459,-0.00169636799,0.00167287248,-6.48103027,1694.4951
0.00466379657,0.0057023135,0.000133468344,-0.000177044044,-0.00128212193,-0.443393752,1701.69457
0.0046713429,0.0442136074,0.000166345545,-0.00402595204,-0.000124388772,-2.65864068,1700.08756
0.0046772018,0.00498613648,0.000120325728,-0.000138036169,-0.00130867414,-0.391065316,1701.6154
0.00468522358,0.132058033,-5.97007252e-05,-0.000154800301,0.00242867548,-8.94188692,1689.6504
0.00468970779,0.00431800152,0.000107242195,-0.00010549004,-0.00133359587,-0.341360603,1701.5317
0.00470137486,0.00369468589,9.42826938e-05,-7.86654103e-05,-0.00135697454,-0.29416847,1701.44443
0.00471225929,0.00311318307,8.15018744e-05,-5.6883895e-05,-0.00137889477,-0.249382278,1701.35451
0.00471689623,0.075,-0.000127938409,-0.00420711942,0.000782766081,-4.33896093,1697.79806
0.00472241357,0.0025706882,6.89451957e-05,-3.95240103e-05,-0.0013994382,-0.206911097,1701.26281
0.0047318867,0.00206458457,5.6650349e-05,-2.6029645e-05,-0.00141868331,-0.166638027,1701.1701
0.00473219172,0.13041027,-7.02870183e-05,-0.000200209204,0.00240571174,-8.76899838,1690.0313
0.00474072436,0.00159243101,4.46480801e-05,-1.5872374e-05,-0.00143670531,-0.128588418,1701.07713
0.00474180119,0.040914044,0.000197542086,-0.00377344628,-0.000223556038,-2.48850047,1700.32951
0.00474896917,0.00115195011,3.29627792e-05,-8.64430056e-06,-0.00145357613,-0.0925148788,1700.98458
0.00475666091,0.000741017226,2.16144817e-05,-3.76094671e-06,-0.00146936432,-0.0593957391,1700.89305
0.00475676631,0.102249575,-0.000212799766,-0.00200626466,0.00160257437,-6.19724754,1694.97388
0.00476383668,0.000357650242,1.06213404e-05,-1.3030413e-06,-0.00148413515,-0.027899301,1700.80307
0.00477053109,0,0,0,-0.00149794676,-0.0125198448,1700.71508
0.0047825371,0.128644026,-8.21716234e-05,-0.000256726512,0.00238011211,-8.58631752,1690.42812
0.00480753304,0.0378358195,0.000224933444,-0.00350198394,-0.000318861624,-2.32512596,1700.55975
0.00483650254,0.12675078,-9.53977512e-05,-0.000326529671,0.00235152358,-8.39358768,1690.84003
0.00484504436,0.0696352464,-8.70861506e-05,-0.00444853627,0.000640154748,-4.03031785,1698.23745
0.00485670245,0.0984584434,-0.000221785102,-0.002348084,0.00152209396,-5.90588843,1695.45189
0.00486885552,0.0349640862,0.000247735459,-0.00322290391,-0.000410321263,-2.17454615,1700.77821
0.00489110446,0.15,0,0,0.00307317386,-10.9426292,1685
0.00489434835,0.124721401,-0.000109968088,-0.000412086569,0.00231953711,-8.19057158,1691.26592
0.00490210175,0.14964235,1.63400611e-07,-4.44594544e-07,0.00306925731,-10.9200903,1685.09767
0.0049138898,0.149258983,2.45636235e-07,3.92043568e-07,0.00306501119,-10.872765,1685.20235
0.00492606441,0.0322849924,0.000266432897,-0.00294225715,-0.000497970267,-2.03113819,1700.98386
0.00492652547,0.14884805,2.3426705e-07,1.73659496e-07,0.0030603982,-10.8242139,1685.31454
0.0049400697,0.148407569,1.19152469e-07,1.4062397e-07,0.00305538339,-10.7729471,1685.43473
0.00495458783,0.147935415,-1.22887497e-07,1.57493152e-07,0.00304992811,-10.7174856,1685.56348
0.00495635355,0.1225461,-0.000125843636,-0.000516109703,0.00228367768,-7.97715437,1691.70448
0.00496382448,0.0943947116,-0.000225409009,-0.00271744932,0.00142992556,-5.60573069,1695.92861
0.00496459616,0.0646303672,-3.91905652e-05,-0.00458276728,0.000499747718,-3.7411671,1698.62527
0.00497014987,0.147429312,-5.18914026e-07,1.09930471e-07,0.00304398962,-10.6580191,1685.70134
0.00497943566,0.0297856156,0.000280872293,-0.00266684876,-0.000581856988,-1.89732202,1701.17502
0.00498683091,0.146886817,-1.09879869e-06,-4.77604627e-08,0.00303752055,-10.594449,1685.84891
0.00500471138,0.146305314,-1.89657448e-06,-3.72748682e-07,0.00303046844,-10.5265257,1686.00681
0.00502281722,0.120214384,-0.000142897186,-0.000641561495,0.0022433928,-7.75317715,1692.1542
0.00502387755,0.145681998,-2.95120824e-06,-9.44883173e-07,0.00302277499,-10.4539511,1686.17567
0.00502922669,0.0274539002,0.00029145934,-0.00240054212,-0.000662038577,-1.77038588,1701.34976
0.00504442186,0.145013864,-4.3072762e-06,-1.87228136e-06,0.00301437546,-10.3764406,1686.35616
0.0050664434,0.144297686,-6.0149434e-06,-3.29258915e-06,0.00300519776,-10.2936903,1686.54895
0.00507567768,0.0252785992,0.000298341069,-0.00214698052,-0.00073857934,-1.65104001,1701.5063
0.00507612827,0.0599612217,1.04560856e-05,-0.00462026474,0.000362456794,-3.49231188,1698.97215
0.00507864909,0.0900387783,-0.000222396358,-0.00310406325,0.00132439135,-5.30041821,1696.40349
0.00509004839,0.143530013,-8.1307455e-06,-5.38221718e-06,0.00299516164,-10.2053809,1686.75472
0.00509405994,0.117715008,-0.000160929259,-0.000791490246,0.00219803942,-7.51873289,1692.61339
0.0051153507,0.14270714,-1.07183624e-05,-8.3657192e-06,0.00298417754,-10.1111799,1686.97415
0.00511901267,0.0232492201,0.000301886564,-0.00190818315,-0.000811549847,-1.53794366,1701.64323
0.00514247235,0.141825099,-1.38490862e-05,-1.25262899e-05,0.0029721454,-10.0107431,1687.20791
0.0051594407,0.0213559743,0.000302364368,-0.00168571516,-0.000881026753,-1.43109683,1701.75965
0.00517042535,0.115035914,-0.000179575547,-0.000969027063,0.00214686955,-7.27374151,1693.08029
0.00517154419,0.140879634,-1.76014618e-05,-1.82187868e-05,0.00295895318,-9.90371687,1687.45664
0.00518017866,0.0556052884,5.93938104e-05,-0.00455632692,0.000228961228,-3.26190227,1699.28679
0.00519715677,0.0195897299,0.000300113984,-0.00148025134,-0.000947092627,-1.32978133,1701.85527
0.00520173012,0.0853696328,-0.000209686456,-0.00349554299,0.00120364384,-4.98625029,1696.87627
0.00520270642,0.139866187,-2.20610084e-05,-2.58847655e-05,0.00294447518,-9.78973994,1687.72092
0.0052323428,0.0179419674,0.000295432434,-0.00129206813,-0.00100983586,-1.23376505,1701.93032
0.00523610937,0.138779867,-2.73201059e-05,-3.60691446e-05,0.0029285701,-9.66844575,1688.0013
0.00525228179,0.112164181,-0.000198384153,-0.0011769648,0.00208901493,-7.01865486,1693.5531
0.0052651685,0.0164047389,0.000288626856,-0.00112096266,-0.00106935035,-1.14261111,1701.9855
0.00527191415,0.137615437,-3.34773979e-05,-4.94393683e-05,0.00291107875,-9.5394621,1688.29821
0.00527724922,0.0515415566,0.00010806627,-0.00442928753,9.96827188e-05,-3.04113685,1699.57617
0.00529579221,0.0149706296,0.000279978985,-0.000966465014,-0.00112573511,-1.05605309,1702.02184
0.00531029346,0.136367278,-4.06375063e-05,-6.68075739e-05,0.0028918211,-9.40241432,1688.61199
0.00532436165,0.0136327222,0.000269758367,-0.000827862976,-0.00117909364,-0.973791628,1702.04067
0.00533366127,0.0803647536,-0.000186616448,-0.00386882673,0.00106567882,-4.66997761,1697.34718
0.0053400241,0.109085956,-0.000216611202,-0.00141780907,0.00202347071,-6.7534007,1694.03012
0.00535101461,0.0123845633,0.00025821333,-0.000704300643,-0.00122953321,-0.895590717,1702.04344
0.00535143243,0.13502937,-4.89097097e-05,-8.91548847e-05,0.00287059307,-9.25693186,1688.94285
0.00536780816,0.0477504251,0.000152568683,-0.00424799491,-2.51269669e-05,-2.84736018,1699.84585
0.00537587965,0.0112201325,0.000245573729,-0.000594818534,-0.00127716409,-0.821223814,1702.03166
0.00539552947,0.133595261,-5.84033734e-05,-0.00011765548,0.00284716261,-9.10265442,1689.29083
0.00539907672,0.0101338132,0.000232048816,-0.000498404541,-0.00132209865,-0.750494571,1702.00688
0.0054207177,0.00912036556,0.000217828004,-0.000414024361,-0.00136445058,-0.683223211,1701.97059
0.00543407549,0.105786393,-0.000233431565,-0.00169282164,0.0019490812,-6.47903837,1694.50978
0.00544090698,0.00817490128,0.000203081548,-0.000340649144,-0.00140433402,-0.61924632,1701.92424
0.00544279731,0.132058033,-6.92210931e-05,-0.000153703776,0.00282126483,-8.93923137,1689.65578
0.0054522923,0.0442136074,0.000194040105,-0.00402273055,-0.000145344809,-2.65937855,1700.09993
0.00545974193,0.00729285993,0.000187961502,-0.000277274799,-0.0014418628,-0.558411993,1701.86919
0.00547507889,0.075,-0.000148581534,-0.00420252942,0.000908405752,-4.33852622,1697.8171
0.00547731341,0.00646998704,0.000172602588,-0.000222936494,-0.00147714972,-0.500579698,1701.80674
0.00549346393,0.13041027,-8.14542252e-05,-0.000198936223,0.0027925965,-8.76633321,1690.03733
0.00549370617,0.0057023135,0.000157123519,-0.000176718506,-0.00151030593,-0.445619168,1701.73809
0.00550899929,0.00498613648,0.000141628125,-0.000137760476,-0.00154144033,-0.393408261,1701.66435
0.00552326652,0.00431800152,0.000126206137,-0.000105261247,-0.00157065916,-0.343829783,1701.58657
0.00553110913,0.040914044,0.00023031708,-0.00377037617,-0.000260928153,-2.48924587,1700.34109
0.00553488962,0.102249575,-0.000247515782,-0.00200235301,0.00186451816,-6.19536392,1694.99007
0.00553657669,0.00369468589,0.000110934049,-7.84803131e-05,-0.00159806562,-0.296773466,1701.50574
0.00554777372,0.128644026,-9.51734742e-05,-0.000255255669,0.00276080928,-8.58364595,1690.43487
0.005548994,0.00311318307,9.5876205e-05,-5.67388362e-05,-0.00162375951,-0.252133533,1701.42275
0.00556057834,0.0025706882,8.10865007e-05,-3.94152343e-05,-0.00164783707,-0.209816111,1701.33845
0.00557138559,0.00206458457,6.66099324e-05,-2.59520142e-05,-0.00167039074,-0.169709318,1701.25358
0.00558146787,0.00159243101,5.24832435e-05,-1.58228382e-05,-0.00169150911,-0.131826028,1701.16882
0.00559087382,0.00115195011,3.8735825e-05,-8.61121078e-06,-0.00171127678,-0.0959535731,1701.08478
0.00559964881,0.000741017226,2.53922919e-05,-3.75233535e-06,-0.00172977443,-0.0629197874,1701.00198
0.00560463883,0.0378358195,0.000262100638,-0.00349910451,-0.000371887151,-2.32607856,1700.57059
0.00560598863,0.12675078,-0.000110423329,-0.00032483901,0.00272550173,-8.39091295,1690.84758
0.00560783516,0.000357650242,1.24737282e-05,-1.28691366e-06,-0.00174707878,-0.0316939468,1700.92085
0.00561547236,0,0,0,-0.00176325832,-0.0165947895,1700.84175
0.00561649651,0.0696352464,-0.000100950673,-0.00444398717,0.000741887535,-4.02961165,1698.25684
0.00564295277,0.0984584434,-0.00025759609,-0.00234383798,0.00176828148,-5.9040593,1695.46959
0.00566838948,0.124721401,-0.000127202786,-0.000410151809,0.00268620993,-8.18790136,1691.27437
0.00567323607,0.0349640862,0.00028853977,-0.00322019683,-0.000478264041,-2.17552146,1700.78844
0.00573527724,0.1225461,-0.000145459847,-0.00051390716,0.00264239643,-7.97448715,1691.71394
0.00573723171,0.0322849924,0.000310169702,-0.00293974349,-0.000580120106,-2.03225985,1700.99362
0.00574349164,0.15,0,0,0.00360874492,-10.9390218,1685
0.00574842766,0.0646303672,-4.54654438e-05,-0.00457823682,0.000578439082,-3.7412442,1698.64459
0.0057551124,0.14964235,1.99262518e-07,-4.16484852e-07,0.00360333316,-10.916568,1685.09778
0.00575878617,0.0943947116,-0.000261440183,-0.00271281904,0.0016586917,-5.60408506,1695.9479
0.00576756875,0.149258983,3.03155712e-07,3.9005761e-07,0.00359748168,-10.8692955,1685.20258
0.00578092078,0.14884805,2.98928163e-07,1.8404221e-07,0.00359114451,-10.8206902,1685.31489
0.00579523287,0.148407569,1.71344089e-07,1.56088876e-07,0.00358427772,-10.7694149,1685.43522
0.00579693445,0.0297856156,0.000326851076,-0.00266450947,-0.000677528585,-1.89848343,1701.1845
0.00580697455,0.120214384,-0.000165043112,-0.000639064467,0.0025934375,-7.75052445,1692.16476
0.00581057407,0.147935415,-1.04930764e-07,1.82076577e-07,0.00357683302,-10.7139572,1685.56411
0.00582701838,0.147429312,-5.60909171e-07,1.4820862e-07,0.00356875726,-10.6544963,1685.70214
0.00584464512,0.146886817,-1.23142665e-06,9.19524767e-09,0.00355999189,-10.5909254,1685.84989
0.00585263225,0.0274539002,0.000339038333,-0.00239838435,-0.000770570397,-1.77165519,1701.35918
0.00586353929,0.146305314,-2.15641853e-06,-2.93497814e-07,0.00355047234,-10.5229953,1686.00799
0.0058715087,0.0599612217,1.19683934e-05,-0.00461531798,0.000419029067,-3.49251874,1698.99106
0.00588294853,0.0900387783,-0.000257550698,-0.00309911772,0.00153388223,-5.29884815,1696.42433
0.00588382723,0.117715008,-0.000185713488,-0.000788674751,0.00253860877,-7.51609293,1692.62517
0.00588379205,0.145681998,-3.38133498e-06,-8.38162472e-07,0.00354012733,-10.4504218,1686.17707
0.00590459377,0.0252785992,0.000346925153,-0.00214498809,-0.000859332502,-1.6523611,1701.5159
0.00590550108,0.145013864,-4.95778391e-06,-1.73077352e-06,0.00352887808,-10.3729095,1686.3578
0.00592877109,0.144297686,-6.94411871e-06,-3.10884744e-06,0.00351663742,-10.2901563,1686.55086
0.00595306965,0.0232492201,0.000350932789,-0.00190635482,-0.000943907219,-1.53935092,1701.65327
0.00595371432,0.143530013,-9.40583499e-06,-5.14780785e-06,0.00350330877,-10.2018434,1686.75692
0.00596620598,0.115035914,-0.000207049979,-0.000965864264,0.0024770693,-7.27113726,1693.09342
0.00598045109,0.14270714,-1.24163896e-05,-8.07117038e-06,0.00348878495,-10.1076383,1686.97667
0.0059863333,0.0556052884,6.8537948e-05,-0.00455172124,0.000264364895,-3.26202419,1699.30501
0.0059982937,0.0213559743,0.000351384611,-0.00168403751,-0.00102439241,-1.43256534,1701.77042
0.00600911036,0.141825099,-1.60578688e-05,-1.21611072e-05,0.0034729468,-10.0071971,1687.21078
0.00601603876,0.0853696328,-0.000242504179,-0.00349021805,0.00139180574,-4.98501066,1696.89853
0.00603983037,0.140879634,-2.04208729e-05,-1.77711515e-05,0.00345566162,-9.90016673,1687.45988
0.00604048407,0.0195897299,0.000348672282,-0.00147871846,-0.00110089145,-1.33132703,1701.86708
0.00605450816,0.112164181,-0.000228521014,-0.00117343349,0.00240784489,-7.01607993,1693.56771
0.00607275929,0.139866187,-2.56039092e-05,-2.53413156e-05,0.00343678131,-9.78618624,1687.72459
0.00607984425,0.0179419674,0.000343145605,-0.00129066889,-0.00117351329,-1.23537969,1701.94347
0.00609345533,0.0515415566,0.00012463584,-0.00442491015,0.000114868712,-3.04171926,1699.59352
0.00610805595,0.138779867,-3.17128655e-05,-3.54150849e-05,0.00341614026,-9.66488898,1688.00543
0.0061165641,0.0164047389,0.000335160528,-0.00111968959,-0.00124237234,-1.14430323,1702.0003
0.00614589061,0.137615437,-3.88604373e-05,-4.86585586e-05,0.00339355273,-9.53590272,1688.30285
0.00614915968,0.109085956,-0.000249273094,-0.00141387958,0.00232981033,-6.75088915,1694.04632
0.00615082074,0.0149706296,0.000325045974,-0.000965309074,-0.00130758805,-1.05782331,1702.03864
0.0061586988,0.0803647536,-0.000215476056,-0.0038633298,0.00123024983,-4.66877563,1697.37063
0.0061827794,0.0136327222,0.000313114562,-0.000826816761,-0.00136928439,-0.97564613,1702.05979
0.00618644576,0.136367278,-4.71655669e-05,-6.58822549e-05,0.00336880975,-9.39885269,1688.6172
0.00619339147,0.0477504251,0.000175911767,-0.00424378702,-2.92239846e-05,-2.8479204,1699.86221
0.00621259423,0.0123845633,0.000299654597,-0.000703356711,-0.00142758907,-0.897533831,1702.06523
0.00622991703,0.13502937,-5.67516643e-05,-8.80652488e-05,0.00334167557,-9.25336788,1688.94868
0.00624040905,0.0112201325,0.000284932313,-0.000593970292,-0.00148263272,-0.82326171,1702.05649
0.00625061709,0.105786393,-0.000268350275,-0.00168847676,0.00224167383,-6.47658218,1694.52772
0.00626635801,0.0101338132,0.00026919023,-0.000497645791,-0.00153454797,-0.752633082,1702.03511
0.00627651407,0.133595261,-6.77418903e-05,-0.000116379798,0.00331188326,-9.09908759,1689.29736
0.00628662378,0.0442136074,0.000223575179,-0.00401874083,-0.000167817307,-2.66027314,1700.11525
0.00629056629,0.00912036556,0.000252647903,-0.000413349553,-0.00158346853,-0.685468415,1702.00261
0.00631161678,0.075,-0.000171382738,-0.00419668309,0.00104691529,-4.33788248,1697.84138
0.00631315064,0.00817490128,0.000235502635,-0.000340053139,-0.00162952834,-0.621604004,1701.96047
0.00632646167,0.132058033,-8.025159e-05,-0.000152218185,0.00327912942,-8.93566283,1689.66307
0.00633422,0.00729285993,0.000217930458,-0.000276752915,-0.00167286065,-0.560888291,1701.91005
0.00635387601,0.00646998704,0.000200087231,-0.000222484406,-0.00171359728,-0.50318176,1701.85266
0.00635936977,0.102249575,-0.000284250371,-0.00199756982,0.00214195505,-6.19303245,1695.00983
0.00637221346,0.0057023135,0.000182110254,-0.000176332049,-0.0017518679,-0.4483551,1701.78951
0.00637360194,0.040914044,0.000265248523,-0.00376657969,-0.000300900831,-2.49015603,1700.3554
0.00638000074,0.13041027,-9.43817636e-05,-0.000197215368,0.00324306814,-8.76276476,1690.04548
0.00638932082,0.00498613648,0.000164119641,-0.000137435574,-0.00178779942,-0.396286585,1701.72172
0.00640528059,0.00431800152,0.000146219364,-0.000104993714,-0.0018215155,-0.346859877,1701.65033
0.00642016976,0.00369468589,0.000128498097,-7.82657273e-05,-0.00185313611,-0.299966107,1701.5763
0.00643406015,0.00311318307,0.000111030679,-5.65722344e-05,-0.0018827772,-0.255498083,1701.50049
0.00643738952,0.128644026,-0.000110209361,-0.000253272359,0.00320330348,-8.58008235,1690.44398
0.00644701875,0.0025706882,9.38801575e-05,-3.92914475e-05,-0.00191055048,-0.213359999,1701.42371
0.00645474549,0.0378358195,0.000301678734,-0.00349555082,-0.000428518742,-2.3272318,1700.58398
0.00645910807,0.00206458457,7.70991337e-05,-2.58646517e-05,-0.00193656318,-0.173444531,1701.34664
0.00646453475,0.0696352464,-0.000116195042,-0.00443819919,0.00085360141,-4.02874933,1698.28143
0.00647038643,0.00159243101,6.07307307e-05,-1.57673894e-05,-0.001960918,-0.135751256,1701.2699
0.00647594228,0.0984584434,-0.000295488246,-0.00233864047,0.00202898548,-5.90180498,1695.49121
0.00648090822,0.00115195011,4.48096672e-05,-8.57542845e-06,-0.00198371298,-0.100097128,1701.19402
0.00649072419,0.000741017226,2.93650933e-05,-3.74331943e-06,-0.00200504156,-0.0671738062,1701.11944
0.00649890482,0.12675078,-0.000127779623,-0.000322564911,0.00315938077,-8.38735798,1690.85775
0.0064998817,0.000357650242,1.44209481e-05,-1.27044563e-06,-0.00202499256,-0.0362387723,1701.04655
0.0065084249,0,0,0,-0.00204364542,-0.0214213107,1700.97562
0.00653044584,0.0349640862,0.000331964732,-0.0032168616,-0.000550746999,-2.17670653,1700.80105
0.00656484336,0.124721401,-0.000147084453,-0.000407556347,0.00311077626,-8.18436346,1691.28571
0.0066008969,0.0943947116,-0.000299571334,-0.002707162,0.00190090115,-5.60205798,1695.97144
0.0066010681,0.0322849924,0.000356682739,-0.00293665113,-0.00066767917,-2.03361623,1701.00564
0.0066071948,0.0646303672,-5.23759812e-05,-0.00457250252,0.000664532255,-3.74131525,1698.66899
0.0066355232,0.1225461,-0.000168052777,-0.000510961042,0.00305688501,-7.97096546,1691.72658
0.00666695294,0.0297856156,0.000375720005,-0.0026616361,-0.000779418889,-1.89989401,1701.19615
0.00667972464,0.15,0,0,0.00419699791,-10.9344618,1685
0.00669191987,0.14964235,2.36642201e-07,-3.86403044e-07,0.00418987304,-10.912086,1685.09792
0.006704992,0.149258983,3.65470755e-07,3.83105699e-07,0.0041821828,-10.8648889,1685.20287
0.00671128525,0.120214384,-0.000190504253,-0.000635734797,0.00299700694,-7.74703311,1692.17883
0.00671900407,0.14884805,3.71757398e-07,1.93655933e-07,0.00417387155,-10.8162548,1685.31534
0.00672841814,0.0274539002,0.000389578103,-0.00239573738,-0.000886075691,-1.77319195,1701.37074
0.00673402367,0.148407569,2.34260286e-07,1.75854368e-07,0.00416488525,-10.7649571,1685.43585
0.00673483635,0.0900387783,-0.000294751142,-0.00309308167,0.00175563731,-5.29692638,1696.44972
0.00674028502,0.0599612217,1.35659936e-05,-0.00460912928,0.000480699396,-3.49275022,1699.01483
0.00675012326,0.147935415,-7.55477151e-08,2.1426903e-07,0.00415516476,-10.7094954,1685.56494
0.00676738048,0.147429312,-5.92955675e-07,1.97716799e-07,0.00414464525,-10.6500369,1685.70317
0.00678576018,0.0252785992,0.000398505473,-0.0021425477,-0.000987763416,-1.65396471,1701.52767
0.00678587858,0.146886817,-1.35829755e-06,8.22482856e-08,0.00413325559,-10.5864659,1685.85115
0.00679249495,0.117715008,-0.000214151869,-0.000784932309,0.0029303312,-7.51263235,1692.64083
0.00680570678,0.146305314,-2.41796908e-06,-1.91382708e-07,0.00412091769,-10.5185291,1686.0095
0.00682696072,0.145681998,-3.82440278e-06,-7.00748422e-07,0.00410754572,-10.4459544,1686.17887
0.00683925564,0.0232492201,0.000402977311,-0.00190411817,-0.00108459988,-1.5410561,1701.66557
0.00684974292,0.145013864,-5.63696209e-06,-1.54930769e-06,0.00409304527,-10.3684405,1686.35991
0.00686444739,0.0556052884,7.84505554e-05,-0.00454596559,0.000302806619,-3.26217972,1699.32784
0.00687416327,0.144297686,-7.92295452e-06,-2.87356527e-06,0.00407731232,-10.2856839,1686.5533
0.00687840669,0.0853696328,-0.000277247179,-0.00348373682,0.00159093646,-4.98347422,1696.92561
0.00687954401,0.115035914,-0.000238508356,-0.000961674895,0.00285591886,-7.26773483,1693.1108
0.00688916255,0.0213559743,0.000403377272,-0.00168198838,-0.00117670751,-1.43434723,1701.7836
0.00690033955,0.143530013,-1.07577598e-05,-4.84804944e-06,0.00406023217,-10.1973669,1686.75973
0.00692839803,0.14270714,-1.42256003e-05,-7.69486828e-06,0.00404167804,-10.1031577,1686.97988
0.00693572165,0.0195897299,0.000400152209,-0.00147684875,-0.00126421347,-1.33320141,1701.88147
0.00695847406,0.141825099,-1.84202512e-05,-1.16948371e-05,0.00402150969,-10.0027129,1687.21443
0.00697285231,0.112164181,-0.000262947338,-0.00116877357,0.0027726849,-7.01272913,1693.58697
0.0069791575,0.0179419674,0.000393708551,-0.00128896515,-0.00134725002,-1.23733945,1701.95946
0.00698028078,0.0515415566,0.000142571749,-0.00441945026,0.00013124769,-3.04242124,1699.61517
0.00699071268,0.140879634,-2.3445182e-05,-1.71999465e-05,0.00399957164,-9.89567927,1687.46402
0.00701967962,0.0164047389,0.00038445398,-0.00111814218,-0.00142595454,-1.14635718,1702.01828
0.00702526942,0.139866187,-2.94129724e-05,-2.46483977e-05,0.00397569115,-9.78169624,1687.72925
0.0070323004,0.0803647536,-0.000246006475,-0.00385663744,0.00140436763,-4.66728728,1697.39911
0.00705748347,0.0149706296,0.000372767569,-0.000963907097,-0.00150046922,-1.05997356,1702.05897
0.00706231096,0.138779867,-3.64444283e-05,-3.45817901e-05,0.00394967586,-9.66039701,1688.01067
0.00707286991,0.109085956,-0.000286491073,-0.00140871664,0.00267937931,-6.74763954,1694.06759
0.00708834393,0.0477504251,0.000201154273,-0.00423855266,-3.37841303e-05,-2.84860799,1699.88256
0.00709275139,0.0136327222,0.000359007728,-0.000825551056,-0.0015709406,-0.977899678,1702.08287
0.00710201595,0.137615437,-4.46675774e-05,-4.76644158e-05,0.00392131099,-9.53140961,1688.30873
0.00712565349,0.0123845633,0.000343505138,-0.000702218249,-0.0016375188,-0.899896164,1702.09146
0.00714457592,0.136367278,-5.42167313e-05,-6.47048505e-05,0.00389035598,-9.3943592,1688.62379
0.00715634847,0.0112201325,0.000326564555,-0.000592950963,-0.00170035664,-0.825739945,1702.08625
0.00718007926,0.105786393,-0.000308033191,-0.00168281224,0.00257456995,-6.47341957,1694.55108
0.0071849844,0.0101338132,0.000308463646,-0.000496737867,-0.00175960871,-0.755234022,1702.06883
0.00718915806,0.0442136074,0.000255449339,-0.00401379427,-0.000192242979,-2.66135723,1700.13426
0.00719019615,0.13502937,-6.52303729e-05,-8.66799608e-05,0.00385654058,-9.24887452,1688.95607
0.00719725981,0.075,-0.000195525517,-0.00418959696,0.00119341103,-4.3370394,1697.87081
0.00721169939,0.00912036556,0.000289453745,-0.000412545927,-0.00181543038,-0.688199079,1702.04069
0.00723662231,0.00817490128,0.000269760678,-0.000339347143,-0.00186797687,-0.624471438,1702.00332
0.0072390967,0.133595261,-7.78462564e-05,-0.000114759856,0.00381956002,-9.09459463,1689.30561
0.00725987336,0.00729285993,0.00024958582,-0.00027613829,-0.00191740227,-0.563899765,1701.9581
0.00728156471,0.00646998704,0.000229107407,-0.000221955296,-0.00196385877,-0.506345247,1701.90632
0.00728320946,0.040914044,0.000302886974,-0.00376188517,-0.000344170716,-2.49126863,1700.37312
0.00729151342,0.132058033,-9.21933625e-05,-0.000150334421,0.00377906927,-8.93117184,1689.67229
0.00729499747,0.102249575,-0.000325879562,-0.00199136195,0.00245662347,-6.19002794,1695.03544
0.00730180097,0.0057023135,0.000208482451,-0.000175882884,-0.00200749582,-0.451679384,1701.84919
0.00732067976,0.00498613648,0.000187848426,-0.000137060825,-0.00204845951,-0.399780977,1701.7878
0.00733829214,0.00431800152,0.000167324324,-0.000104687592,-0.00208689203,-0.350535395,1701.72318
0.00734769915,0.13041027,-0.00010838328,-0.000195036726,0.00373467639,-8.75827837,1690.05577
0.00735472305,0.00369468589,0.00014701175,-7.80221735e-05,-0.00212293116,-0.303832086,1701.65623
0.00736221921,0.0696352464,-0.000132340383,-0.00443117459,0.000971705621,-4.02773405,1698.3112
0.00737005176,0.00311318307,0.000126996994,-5.63846947e-05,-0.00215671001,-0.25956241,1701.58778
0.00737095176,0.0378358195,0.000344249136,-0.00349116901,-0.000489662934,-2.32863082,1700.60052
0.0073843522,0.0025706882,0.000107352817,-3.91532381e-05,-0.00218835664,-0.217630158,1701.51857
0.00739769335,0.00206458457,8.81398024e-05,-2.57680239e-05,-0.00221799396,-0.177930061,1701.44923
0.00740792491,0.128644026,-0.000126499162,-0.000250765586,0.00368593429,-8.57560605,1690.45545
0.00741013955,0.00159243101,6.94078377e-05,-1.57063253e-05,-0.00224573958,-0.140449782,1701.38032
0.00741817883,0.0984584434,-0.000338296492,-0.00233189839,0.00232370236,-5.89892481,1695.51923
0.00742175085,0.00115195011,5.11971656e-05,-8.53719951e-06,-0.00227170574,-0.105030548,1701.3123
0.00743258325,0.000741017226,3.35413595e-05,-3.73368109e-06,-0.00229599934,-0.0722437751,1701.24556
0.007442689,0.000357650242,1.64672098e-05,-1.25384022e-06,-0.00231872199,-0.0416155401,1701.18042
0.00745211684,0,0,0,-0.00233996469,-0.0270763782,1701.11711
0.0074528082,0.0349640862,0.00037860543,-0.00321276,-0.000628844318,-2.17815374,1700.81658
0.00747248118,0.12675078,-0.000146585802,-0.000319695575,0.00363233126,-8.38289276,1690.87054
0.00751611293,0.0646303672,-5.97353087e-05,-0.00456555152,0.000755499425,-3.74136379,1698.69848
0.00752917361,0.0322849924,0.000406567017,-0.00293285633,-0.000761853627,-2.03526102,1701.02041
0.00754167935,0.124721401,-0.00016862701,-0.000404287816,0.00357327962,-8.17991755,1691.29996
0.00755021752,0.0943947116,-0.00034251935,-0.00269986267,0.0021737585,-5.5994737,1696.00179
0.00760041633,0.0297856156,0.000428062848,-0.0026581182,-0.000888836074,-1.90161076,1701.21045
0.0076158532,0.1225461,-0.000192530415,-0.000507257785,0.00350810256,-7.9665453,1691.74243
0.00765968326,0.0599612217,1.51867285e-05,-0.00460169453,0.000545807638,-3.49300694,1699.04353
0.00766688,0.0274539002,0.000443643034,-0.00239250282,-0.00100993931,-1.77505409,1701.38489
0.00769175042,0.0900387783,-0.000336505141,-0.00308532739,0.00200453516,-5.29449874,1696.48229
0.0076953605,0.120214384,-0.00021808395,-0.000631557802,0.00343601894,-7.7426555,1692.19646
0.0077288852,0.0252785992,0.000453620723,-0.00213957202,-0.00112531238,-1.65591105,1701.54204
0.00772974842,0.15,0,0,0.0048567478,-10.9285444,1685
0.00774240629,0.14964235,2.89692615e-07,-3.46077286e-07,0.00484758528,-10.906235,1685.09811
0.00775597431,0.149258983,4.54211395e-07,3.74000777e-07,0.00483770888,-10.8591193,1685.20326
0.00777051794,0.14884805,4.78599292e-07,2.03533558e-07,0.00482705182,-10.8104774,1685.31595
0.00778058474,0.117715008,-0.000244947977,-0.000780246834,0.00335612633,-7.50830054,1692.66039
0.00778610733,0.148407569,3.3681389e-07,2.00253644e-07,0.00481554832,-10.7591543,1685.43669
0.00778673101,0.0232492201,0.000458529004,-0.00190139579,-0.00123510587,-1.54312039,1701.68055
0.00779362272,0.0556052884,8.88782305e-05,-0.00453903984,0.000343328138,-3.26237355,1699.35536
0.00780281766,0.147935415,-3.58170607e-09,2.55159703e-07,0.00480312664,-10.7036871,1685.56603
0.00782072955,0.147429312,-5.82674922e-07,2.59981914e-07,0.00478970839,-10.6442301,1685.70453
0.00783992939,0.146886817,-1.44689647e-06,1.73579106e-07,0.00477520795,-10.5806653,1685.85281
0.00784069646,0.0213559743,0.000458818463,-0.00167949941,-0.00133947301,-1.43650547,1701.7996
0.0078434602,0.0853696328,-0.000316119528,-0.00347546613,0.00181357424,-4.98152607,1696.96017
0.00786050979,0.146305314,-2.64947207e-06,-6.22438083e-08,0.00475953163,-10.5127305,1686.01149
0.00787193702,0.115035914,-0.000272562901,-0.000956441643,0.00326738238,-7.26347947,1693.13248
0.00788257001,0.145681998,-4.25086903e-06,-5.25731475e-07,0.00474257688,-10.4401522,1686.18121
0.00789104183,0.0195897299,0.000454995601,-0.00147458207,-0.00143857028,-1.33546883,1701.89893
0.00790621647,0.145013864,-6.31923436e-06,-1.31866206e-06,0.00472423132,-10.3626406,1686.36263
0.00791857734,0.0515415566,0.000161464306,-0.00441287698,0.000148423199,-3.0432487,1699.64125
0.00793156322,0.144297686,-8.93159891e-06,-2.57473083e-06,0.00470437167,-10.2798852,1686.55645
0.00793800997,0.0179419674,0.000447528127,-0.00128690435,-0.00153255812,-1.23971059,1701.9788
0.00795873252,0.143530013,-1.21745441e-05,-4.46733731e-06,0.00468286248,-10.1915691,1686.76336
0.00796985795,0.112164181,-0.000300197436,-0.00116296598,0.00316858545,-7.00854822,1693.61093
0.00798182743,0.0164047389,0.000436879233,-0.00111627474,-0.0016216012,-1.14884104,1702.03993
0.00798785543,0.14270714,-1.61444094e-05,-7.21693283e-06,0.00465955478,-10.0973611,1686.98402
0.00800607863,0.0803647536,-0.000280018484,-0.0038481238,0.00159824147,-4.6654687,1697.43526
0.0080190724,0.141825099,-2.0948045e-05,-1.11024325e-05,0.00463428442,-9.99691877,1687.21913
0.00802270556,0.0149706296,0.000423481546,-0.000962219554,-0.00170586833,-1.06257371,1702.08339
0.00803514985,0.0477504251,0.000227780766,-0.00423225294,-3.8760023e-05,-2.84943768,1699.90705
0.00805253403,0.140879634,-2.67030654e-05,-1.64738466e-05,0.00460687018,-9.88988896,1687.46934
0.00806084153,0.0136327222,0.000407742445,-0.000824031893,-0.00178553207,-0.980623919,1702.11049
0.00807481986,0.109085956,-0.000326743688,-0.00140229965,0.00305835455,-6.74359651,1694.094
0.0080884017,0.139866187,-3.35374081e-05,-2.37671454e-05,0.0045771116,-9.77591063,1687.73525
0.00809641929,0.0123845633,0.000390037772,-0.000700856342,-0.00186076803,-0.902751002,1702.12271
0.00812684844,0.138779867,-4.15883245e-05,-3.35215641e-05,0.00454478636,-9.65461658,1688.01741
0.00812961045,0.0112201325,0.000370713175,-0.000591736249,-0.00193175404,-0.82873343,1702.12158
0.00814390253,0.0442136074,0.000289073205,-0.00400784887,-0.000218229691,-2.66264976,1700.15713
0.00816057511,0.0101338132,0.000350083528,-0.000495660726,-0.00199866919,-0.758374095,1702.10866
0.00816805967,0.137615437,-5.1000853e-05,-4.6399079e-05,0.00450964729,-9.52563523,1688.3163
0.0081803901,0.075,-0.000222342242,-0.00418065813,0.00135581762,-4.33598853,1697.90795
0.00818732903,0.105786393,-0.00035092449,-0.00167578934,0.00293511135,-6.46949583,1694.58002
0.00818946262,0.00912036556,0.000328433701,-0.000411597319,-0.00206169282,-0.691493812,1702.08545
0.00821223418,0.136367278,-6.1926149e-05,-6.32059226e-05,0.00447141874,-9.38859226,1688.63226
0.00821641231,0.00817490128,0.00030601954,-0.000338518542,-0.00212100349,-0.627929192,1702.05342
0.00824155419,0.00729285993,0.000283069124,-0.000275421529,-0.00217677809,-0.567529292,1702.01393
0.00824535994,0.040914044,0.000342602194,-0.00375624783,-0.000390083934,-2.49260974,1700.39441
0.00825958505,0.13502937,-7.45190039e-05,-8.49164285e-05,0.00442979227,-9.24311644,1688.96553
0.00826500952,0.00646998704,0.000259784275,-0.000221342493,-0.00222919086,-0.510155506,1701.96827
0.00828689143,0.0057023135,0.0002363428,-0.000175366428,-0.00227841266,-0.455679592,1701.9176
0.00830730548,0.00498613648,0.00021290049,-0.000136633067,-0.00232461022,-0.40398144,1701.86301
0.00830792815,0.102249575,-0.000370840577,-0.00198368592,0.00279706275,-6.18629927,1695.06711
0.00831034068,0.133595261,-8.89326952e-05,-0.000112698283,0.00438442145,-9.08884665,1689.31618
0.00832635013,0.00431800152,0.00018959209,-0.000104340797,-0.00236794556,-0.354946142,1701.80545
0.00834001146,0.0378358195,0.000389166596,-0.0034859138,-0.000554473516,-2.33030007,1700.62037
0.00834411724,0.00369468589,0.000166533083,-7.7748319e-05,-0.00240857553,-0.308460521,1701.7458
0.00835470156,0.0696352464,-0.000150207564,-0.0044223384,0.00110206358,-4.02650989,1698.34857
0.00836069251,0.00311318307,0.000143821837,-5.61753732e-05,-0.00244665146,-0.264416156,1701.68482
0.00836474587,0.132058033,-0.000105310556,-0.000147938699,0.00433491564,-8.92543612,1689.68408
0.00837615589,0.0025706882,0.000121541126,-3.90000646e-05,-0.00248231885,-0.222715757,1701.6232
0.00839058196,0.00206458457,9.97599365e-05,-2.56617324e-05,-0.0025157172,-0.183254667,1701.56151
0.00840404032,0.00159243101,7.85350886e-05,-1.56393296e-05,-0.0025469799,-0.146010285,1701.50024
0.00841659587,0.00115195011,5.79124092e-05,-8.49640457e-06,-0.00257623418,-0.110842737,1701.43982
0.00842306305,0.13041027,-0.000123775493,-0.000192268387,0.00428083269,-8.75255834,1690.0689
0.00842830918,0.000741017226,3.79296971e-05,-3.72274853e-06,-0.00260360114,-0.0782222545,1701.38057
0.00842831363,0.0349640862,0.000427825566,-0.00320784664,-0.000711575321,-2.17988919,1700.83523
0.0084371989,0.0984584434,-0.000384494011,-0.00232358025,0.00264219601,-5.8953706,1695.55377
0.00843923675,0.000357650242,1.86164447e-05,-1.23760243e-06,-0.00262919581,-0.0479119525,1701.32279
0.00844943128,0,0,0,-0.00265312142,-0.0336396597,1701.26665
0.00848557352,0.128644026,-0.000144416829,-0.000247583688,0.00422167003,-8.56990866,1690.47008
0.00851069239,0.0322849924,0.000459209539,-0.00292831402,-0.000861576472,-2.03722133,1701.03812
0.00851731999,0.0646303672,-6.79025753e-05,-0.0045568453,0.000855483207,-3.74137985,1698.73531
0.00855257878,0.12675078,-0.000167277334,-0.000316058033,0.00415685433,-8.37722513,1690.88681
0.00857576484,0.0943947116,-0.000388838875,-0.00269088788,0.00246827405,-5.59627508,1696.03912
0.00858754507,0.0297856156,0.000483300999,-0.00265391213,-0.00100466663,-1.9036651,1701.22758
0.00862440203,0.124721401,-0.000192331155,-0.000400150444,0.00408572921,-8.17429044,1691.31805
0.00865924238,0.0274539002,0.00050069715,-0.00238863859,-0.00114103406,-1.77727451,1701.40184
0.00866902977,0.0599612217,1.68737985e-05,-0.00459250078,0.000617066757,-3.49330645,1699.07921
0.00870138972,0.1225461,-0.000219462955,-0.000502576835,0.00400754094,-7.96096799,1691.76252
0.00872429432,0.0900387783,-0.000381493236,-0.00307581516,0.00227284348,-5.29151929,1696.52224
0.00872613014,0.0252785992,0.000511782116,-0.00213602133,-0.00127086548,-1.6582365,1701.55923
0.00878391319,0.120214384,-0.000248423216,-0.000626287005,0.00392142208,-7.73714687,1692.21874
0.00878853098,0.0232492201,0.000517148875,-0.00189815037,-0.00139434646,-1.54558238,1701.69845
0.00881056267,0.0556052884,0.000100211055,-0.00453048812,0.000387461016,-3.26262078,1699.38944
0.0088467459,0.0213559743,0.000517319221,-0.00167653622,-0.0015116629,-1.4390817,1701.81868
0.00887237048,0.117715008,-0.000278811311,-0.000774345189,0.00382637315,-7.50286403,1692.68508
0.00888350378,0.0853696328,-0.000357983225,-0.00346536314,0.00205324269,-4.97911829,1697.00243
0.00890105569,0.0195897299,0.000512862498,-0.00147188702,-0.00162300257,-1.3381737,1701.91969
0.00894260136,0.0515415566,0.000181975672,-0.00440477626,0.000166956278,-3.0442342,1699.67342
0.0089517223,0.0179419674,0.000504311134,-0.00128445829,-0.00172855587,-1.24254059,1702.00174
0.00895660089,0.15,0,0,0.00562760251,-10.920548,1685
0.00896718827,0.115035914,-0.000309987898,-0.000949863947,0.00372124273,-7.2581494,1693.15977
0.00896946832,0.14964235,3.52885475e-07,-2.98034744e-07,0.00561584805,-10.8982982,1685.09836
0.00898326097,0.149258983,5.65714363e-07,3.599619e-07,0.00560319252,-10.8512757,1685.20379
0.00899804539,0.14884805,6.18560442e-07,2.13722457e-07,0.00558955544,-10.8026495,1685.31677
0.00899899014,0.0164047389,0.000492186951,-0.00111406226,-0.00182851646,-1.15180529,1702.06555
0.00901389287,0.148407569,4.79991933e-07,2.32183339e-07,0.00557485662,-10.7512979,1685.43783
0.00903087987,0.147935415,1.12751358e-07,3.10106468e-07,0.00555900879,-10.6958239,1685.56751
0.00904308719,0.0149706296,0.000476978937,-0.000960224627,-0.00192308143,-1.06567716,1702.11219
0.00904908831,0.147429312,-5.29315583e-07,3.44198139e-07,0.00554191703,-10.6363772,1685.70639
0.00905416114,0.0803647536,-0.000316602797,-0.00383773537,0.00180663341,-4.66326824,1697.47933
0.00906578273,0.0477504251,0.000256662683,-0.00422451055,-4.43826037e-05,-2.85044841,1699.93716
0.00906860602,0.146886817,-1.49959479e-06,2.96971403e-07,0.00552347796,-10.5728271,1685.85507
0.00906882391,0.112164181,-0.000341104525,-0.00115568164,0.00360470677,-7.00332912,1693.64103
0.00908422616,0.0136327222,0.000459146249,-0.000822240459,-0.00201245092,-0.983875207,1702.14296
0.00908952714,0.146305314,-2.85908094e-06,1.1196256e-07,0.00550357893,-10.5049113,1686.01419
0.0091119526,0.145681998,-4.67750883e-06,-2.88180144e-07,0.00548209709,-10.432344,1686.18438
0.00912260547,0.0123845633,0.00043911258,-0.000699254988,-0.0020968276,-0.906157714,1702.15933
0.00913599055,0.145013864,-7.03348438e-06,-1.00544235e-06,0.00545889836,-10.354844,1686.36633
0.00915841024,0.0112201325,0.000417266901,-0.000590312749,-0.00217641582,-0.832304424,1702.16281
0.00916175694,0.144297686,-1.00150544e-05,-2.17033836e-06,0.00543383623,-10.2721054,1686.56071
0.00917776764,0.109085956,-0.000370913791,-0.00139427033,0.00347524759,-6.73855527,1694.12708
0.00918070093,0.0442136074,0.000325465564,-0.00400056769,-0.000246649513,-2.66420643,1700.18515
0.00918937606,0.143530013,-1.37212734e-05,-3.95333787e-06,0.00540675047,-10.1838047,1686.76824
0.00919181319,0.0101338132,0.000393963492,-0.000494403473,-0.00225142062,-0.762118654,1702.15494
0.00921898113,0.14270714,-1.82626002e-05,-6.57317686e-06,0.00537746557,-10.0896129,1686.98958
0.00922297543,0.00912036556,0.000369522747,-0.000410495208,-0.0023220467,-0.695421304,1702.13721
0.00923708958,0.075,-0.000251189172,-0.00416981299,0.0015300976,-4.33467734,1697.95311
0.00925071494,0.141825099,-2.37610082e-05,-1.03062351e-05,0.00534578901,-9.98918726,1687.22544
0.00925204726,0.00817490128,0.000344232274,-0.000337560942,-0.00238849739,-0.632049143,1702.11106
0.00927916892,0.00729285993,0.000318348485,-0.000274598154,-0.00245097365,-0.57185181,1702.07782
0.00928473056,0.140879634,-3.03502196e-05,-1.54998916e-05,0.00531150921,-9.88217535,1687.47646
0.00928791028,0.040914044,0.000385513033,-0.00374936699,-0.000440026445,-2.49422351,1700.42042
0.00929454493,0.105786393,-0.000397942542,-0.00166701071,0.0033311354,-6.46462101,1694.61622
0.00930447122,0.00646998704,0.000292098352,-0.000220643243,-0.00250967311,-0.514690344,1702.03873
0.00932119206,0.139866187,-3.81754911e-05,-2.25872816e-05,0.00527439316,-9.76821592,1687.74327
0.00932807622,0.0057023135,0.000265681825,-0.000174781228,-0.00256478923,-0.460436389,1701.99494
0.00935009776,0.00498613648,0.000239274019,-0.000136151853,-0.00261651056,-0.408970973,1701.94748
0.00936027532,0.138779867,-4.73925165e-05,-3.21045665e-05,0.00523418362,-9.64694123,1688.02641
0.00937064206,0.00431800152,0.000213026747,-0.000103953425,-0.00266502012,-0.360176239,1701.89725
0.00938792788,0.0378358195,0.00043760364,-0.00347952019,-0.000624743153,-2.33229029,1700.64457
0.00938980823,0.00369468589,0.000187070478,-7.74445366e-05,-0.00271049491,-0.313937834,1701.84507
0.00940216884,0.137615437,-5.81655783e-05,-4.47106951e-05,0.00519059593,-9.51797956,1688.32638
0.00940768871,0.00311318307,0.000161516204,-5.59448234e-05,-0.00275310552,-0.270148129,1701.79166
0.00941971906,0.102249575,-0.000420069987,-0.00197411915,0.0031704121,-6.18168,1695.10661
0.00942001801,0.0696352464,-0.000169407053,-0.00441162142,0.00124170437,-4.02508668,1698.39386
0.00942436974,0.0025706882,0.000136457357,-3.88324294e-05,-0.00279301588,-0.228706686,1701.73763
0.00943993179,0.00206458457,0.00011197188,-2.5546205e-05,-0.00283038301,-0.189509435,1701.68352
0.00944707472,0.136367278,-7.06649562e-05,-6.12090661e-05,0.00514331404,-9.38095795,1688.64353
0.00945444992,0.00159243101,8.81238586e-05,-1.5566685e-05,-0.00286535698,-0.152525164,1701.62976
0.00946799415,0.00115195011,6.49649008e-05,-8.45322103e-06,-0.00289808086,-0.117627842,1701.57673
0.00948062982,0.000741017226,4.25369804e-05,-3.71003688e-06,-0.00292869073,-0.0852063683,1701.52472
0.00948123619,0.0349640862,0.000480814747,-0.00320188594,-0.000801049198,-2.18198281,1700.85789
0.00949241787,0.000357650242,2.08723126e-05,-1.22227483e-06,-0.00295731582,-0.0552214161,1701.47399
0.00949520953,0.13502937,-8.50635979e-05,-8.25711273e-05,0.00509198589,-9.23550622,1688.9781
0.00950341516,0,0,0,-0.00298407236,-0.0412000726,1701.42469
0.00954680547,0.133595261,-0.000101531627,-0.000109961682,0.00503621782,-9.08126344,1689.33019
0.0095538938,0.0984584434,-0.00043501366,-0.00231325339,0.00299088574,-5.89098906,1695.59668
0.00956828525,0.0322849924,0.000515789613,-0.00292281733,-0.000969197653,-2.03957172,1701.05961
0.00959067538,0.0646303672,-7.67343649e-05,-0.00454629618,0.000962386976,-3.74133378,1698.77983
0.0096021114,0.132058033,-0.000120227452,-0.000144764999,0.00497556785,-8.91788351,1689.69968
0.00964949494,0.0297856156,0.000542581537,-0.00264883646,-0.00112943768,-1.90613428,1701.24831
0.00966139408,0.13041027,-0.000141285726,-0.000188609101,0.00490953782,-8.74504126,1690.08624
0.00969771634,0.0943947116,-0.000439433097,-0.00267978706,0.00279012843,-5.59232579,1696.08533
0.00972493947,0.128644026,-0.000164801731,-0.000243387787,0.00483756373,-8.56243597,1690.48935
0.009725257,0.0274539002,0.000561839014,-0.00238398607,-0.00128201117,-1.77993279,1701.42229
0.00974988484,0.0599612217,1.8559229e-05,-0.00458148963,0.000693091303,-3.49364542,1699.12225
0.00979305408,0.12675078,-0.000190814915,-0.000311273253,0.0047590046,-8.36980696,1690.9082
0.00979593683,0.0252785992,0.000574027875,-0.00213175744,-0.00142715373,-1.66102337,1701.57992
0.0098518804,0.0900387783,-0.000430559301,-0.00306407938,0.00256548973,-5.28787273,1696.57154
0.00986187537,0.0232492201,0.000579807161,-0.00189426186,-0.0015650955,-1.54852664,1701.71992
0.00986606645,0.124721401,-0.000219285606,-0.000394722637,0.00467312922,-8.16694003,1691.34177
0.00989841432,0.0556052884,0.000112225057,-0.00452024586,0.00043439262,-3.26295475,1699.43045
0.00992339068,0.0213559743,0.000579777142,-0.00167299511,-0.0016960635,-1.44216298,1701.84151
0.00994432875,0.1225461,-0.00025006942,-0.000496452704,0.00457910082,-7.95369372,1691.78879
0.00998077945,0.0195897299,0.000574575804,-0.00146867432,-0.00182028415,-1.3414053,1701.94445
0.0100171296,0.0853696328,-0.000403589549,-0.00345295493,0.00231410742,-4.97614159,1697.0544
0.0100282185,0.120214384,-0.000282870667,-0.000619412398,0.00447595949,-7.72996876,1692.2478
0.0100343185,0.0179419674,0.000564805661,-0.00128155069,-0.00193798424,-1.2459211,1702.029
0.0100369803,0.0515415566,0.000203761084,-0.00439506732,0.000186490299,-3.04537168,1699.71207
0.0100842661,0.0164047389,0.000551051968,-0.00111144012,-0.00204939214,-1.15534405,1702.09588
0.0101181403,0.117715008,-0.000317218009,-0.000766671977,0.0043626027,-7.49579745,1692.71717
0.0101308632,0.0149706296,0.000533864001,-0.000957868021,-0.00215473815,-1.0693803,1702.14614
0.010166251,0.0477504251,0.000287363289,-0.00421524113,-5.06507866e-05,-2.85166802,1699.97327
0.0101743344,0.0136327222,0.000513756198,-0.000820131592,-0.00225425454,-0.987752242,1702.18107
0.010194261,0.0803647536,-0.00035638383,-0.00382499735,0.00203294587,-4.66060186,1697.53333
0.0102145279,0.115035914,-0.000352381198,-0.000941341124,0.00423776415,-7.25123698,1693.19514
0.0102148896,0.0123845633,0.000491203281,-0.000697376991,-0.00234817499,-0.910217553,1702.20211
0.0102527242,0.0112201325,0.000466640421,-0.000588650114,-0.00243673392,-0.83655675,1702.21074
0.0102601588,0.15,0,0,0.00644665274,-10.9108994,1685
0.0102732311,0.14964235,4.28076328e-07,-2.60092682e-07,0.00643212756,-10.8887476,1685.09868
0.0102868501,0.0442136074,0.000364131182,-0.00399186646,-0.000277226116,-2.66605198,1700.21869
0.0102872432,0.149258983,7.02407318e-07,3.42255218e-07,0.00641650117,-10.8418729,1685.20445
0.0102880209,0.0101338132,0.000440463674,-0.000492941628,-0.00252016551,-0.766573842,1702.20846
0.010302263,0.14884805,7.97387918e-07,2.28016624e-07,0.00639967864,-10.7932651,1685.3178
0.0103178462,0.112164181,-0.000387375515,-0.00114627552,0.00409999211,-6.99658552,1693.6799
0.0103183627,0.148407569,6.75509156e-07,2.72941182e-07,0.00638156431,-10.7418755,1685.43925
0.0103209498,0.00912036556,0.000413031096,-0.000409220246,-0.00259870272,-0.700090253,1702.19675
0.01033562,0.147935415,2.93733377e-07,3.79046074e-07,0.00636205444,-10.6863947,1685.56935
0.0103516698,0.00817490128,0.000384663878,-0.00033645934,-0.00267257622,-0.636942515,1702.17699
0.0103541183,0.147429312,-4.00821852e-07,4.50314644e-07,0.00634103638,-10.6269582,1685.70869
0.0103739466,0.146886817,-1.46892073e-06,4.50899679e-07,0.00631838785,-10.5634153,1685.85786
0.0103803291,0.00729285993,0.00035564826,-0.00027365672,-0.00274201337,-0.576980308,1702.15047
0.0103841289,0.075,-0.00028253835,-0.00415660112,0.00171889809,-4.33304339,1698.00823
0.0103952007,0.146305314,-2.97989219e-06,3.26000664e-07,0.00629397596,-10.4955092,1686.01751
0.0103993593,0.040914044,0.000431098674,-0.00374116244,-0.000493515696,-2.49615851,1700.45152
0.0104070659,0.00646998704,0.000326237765,-0.000219849008,-0.00280723727,-0.5200644,1702.11839
0.0104179831,0.145681998,-5.01269665e-06,1.37133139e-09,0.00626765621,-10.4229548,1686.18828
0.0104285936,0.109085956,-0.000420795391,-0.00138394094,0.00394762775,-6.73205149,1694.16967
0.0104320091,0.0057023135,0.000296655726,-0.000174121072,-0.00286846592,-0.466066402,1702.08183
0.0104424037,0.145013864,-7.65703168e-06,-6.23712287e-07,0.00623927138,-10.3454595,1686.37086
0.0104552791,0.00498613648,0.000267097433,-0.000135612809,-0.0029259114,-0.414865094,1702.04178
0.0104685802,0.144297686,-1.1013538e-05,-1.67909828e-06,0.00620865023,-10.2627263,1686.56594
0.0104769881,0.00431800152,0.000237732601,-0.000103522573,-0.00297977929,-0.366341023,1701.99909
0.0104966389,0.143530013,-1.51943476e-05,-3.33155473e-06,0.00617560609,-10.1744358,1686.77421
0.0104972409,0.00369468589,0.000208707274,-7.71089926e-05,-0.00303026815,-0.320379873,1701.95451
0.0105043212,0.0378358195,0.00048903182,-0.00347191013,-0.000699840687,-2.33464681,1700.67346
0.0105161351,0.00311318307,0.000180145483,-5.56918909e-05,-0.00307756913,-0.276872258,1701.90872
0.0105267151,0.14270714,-2.03244505e-05,-5.7963177e-06,0.00613993518,-10.0802541,1686.99638
0.0105337618,0.0025706882,0.000152151732,-3.86496602e-05,-0.00312186574,-0.235715491,1701.86227
0.0105473043,0.105786393,-0.000450943104,-0.00165575194,0.00377878671,-6.45835877,1694.6627
0.0105502061,0.00206458457,0.000124813066,-2.54210807e-05,-0.0031633336,-0.196805838,1701.81565
0.010558954,0.141825099,-2.65422515e-05,-9.34709841e-06,0.00610141476,-9.97984019,1687.23314
0.0105655473,0.00159243101,9.82008731e-05,-1.54881948e-05,-0.00320214042,-0.160104819,1701.76926
0.0105739969,0.0696352464,-0.000190242795,-0.00439857298,0.00139258591,-4.0234335,1698.44895
0.0105798594,0.00115195011,7.23724691e-05,-8.40750448e-06,-0.00323844596,-0.125495936,1701.72342
0.0105932114,0.000741017226,4.73737484e-05,-3.69505421e-06,-0.00327240213,-0.0933056912,1701.67842
0.010593511,0.140879634,-3.39991454e-05,-1.43280084e-05,0.00605980091,-9.87284201,1687.48515
0.0106022421,0.0349640862,0.000537047113,-0.00319480228,-0.000896534153,-2.18448143,1700.8849
0.0106056678,0.000357650242,2.32394372e-05,-1.20841552e-06,-0.00330415303,-0.063649533,1701.63447
0.0106172886,0,0,0,-0.00333382861,-0.0498594744,1701.59172
0.0106305528,0.139866187,-4.28588994e-05,-2.11687153e-05,0.00601482599,-9.75889861,1687.75303
0.0106702582,0.138779867,-5.32968057e-05,-3.04017714e-05,0.00596619567,-9.63764226,1688.03737
0.0106745508,0.102249575,-0.000475452931,-0.00196190322,0.00359134424,-6.17576772,1695.15714
0.0106935944,0.0322849924,0.000575802667,-0.00291629468,-0.00108392453,-2.04236027,1701.08519
0.0107128184,0.137615437,-6.54976957e-05,-4.26823693e-05,0.00591358541,-9.50870109,1688.33863
0.0107511283,0.0646303672,-8.63711578e-05,-0.00453346275,0.00107758578,-3.74118519,1698.83381
0.0107584391,0.136367278,-7.96525836e-05,-5.88103312e-05,0.00585663625,-9.371703,1688.65722
0.0107788187,0.0297856156,0.00060543115,-0.00264282407,-0.00126232862,-1.90907207,1701.27295
0.01080734,0.13502937,-9.59542321e-05,-7.97537197e-05,0.00579494984,-9.22627933,1688.99337
0.0108109469,0.0984584434,-0.000491722778,-0.00230012964,0.0033829306,-5.88541476,1695.65129
0.010858326,0.0274539002,0.000626633328,-0.00237848212,-0.00143204919,-1.78308418,1701.44656
0.0108597571,0.133595261,-0.000114590816,-0.000106674001,0.00572808238,-9.07206997,1689.34719
0.0109159433,0.132058033,-0.000135736529,-0.000140952126,0.0056555375,-8.90872935,1689.71858
0.0109163775,0.0599612217,2.02107759e-05,-0.00456826483,0.000774764984,-3.49403354,1699.17427
0.0109324998,0.0252785992,0.000639963857,-0.00212672201,-0.00159337683,-1.66433078,1701.60443
0.0109571506,0.0943947116,-0.000496098988,-0.00266575336,0.00315093244,-5.58729893,1696.14388
0.0109761695,0.13041027,-0.00015953831,-0.000184213187,0.00557675762,-8.73593334,1690.10725
0.011001698,0.0232492201,0.000646152642,-0.00188967652,-0.00174659166,-1.55201469,1701.74531
0.0110407263,0.128644026,-0.000186098025,-0.000238348287,0.00549111369,-8.55338481,1690.51266
0.0110662542,0.0213559743,0.00064588368,-0.00166882727,-0.0018919668,-1.44581414,1701.86843
0.0110705415,0.0556052884,0.000125023857,-0.00450796392,0.00048459368,-3.26340287,1699.4799
0.011109925,0.12675078,-0.00021545213,-0.000305528084,0.00539789314,-8.36082541,1690.93405
0.011113867,0.0900387783,-0.000485371844,-0.0030493044,0.00289251208,-5.28327677,1696.63369
0.01112648,0.0195897299,0.000639868468,-0.00146490001,-0.00202977157,-1.34523129,1701.97355
0.0111826657,0.0179419674,0.000628783836,-0.00127814237,-0.00216027304,-1.2499225,1702.06093
0.0111840995,0.124721401,-0.000247546082,-0.00038820808,0.00529628564,-8.15804423,1691.37041
0.0112143641,0.0515415566,0.000227044806,-0.00438341363,0.00020714988,-3.04667838,1699.75855
0.0112350825,0.0164047389,0.00061328282,-0.00110837386,-0.00228373771,-1.15953065,1702.13128
0.0112636074,0.1225461,-0.000282203972,-0.000489106419,0.00518536658,-7.94489971,1691.82048
0.0112818521,0.0853696328,-0.000454418566,-0.00343742745,0.00260462298,-4.97237386,1697.11962
0.011283983,0.0149706296,0.000593978653,-0.000955119978,-0.00240043239,-1.07375959,1702.18562
0.0113296032,0.0136327222,0.000571444298,-0.00081767996,-0.00251062431,-0.99233444,1702.2252
0.0113485388,0.0477504251,0.000320175979,-0.00420412788,-5.77291961e-05,-2.85313587,1700.01659
0.0113488323,0.120214384,-0.000319082217,-0.000611171493,0.00506407844,-7.7213067,1692.28282
0.0113721632,0.0123845633,0.00054620843,-0.000695201096,-0.00261458088,-0.915012975,1702.25143
0.0114118682,0.0112201325,0.000518755326,-0.000586730705,-0.00271256908,-0.841576359,1702.26574
0.0114401853,0.117715008,-0.000357635665,-0.000757479756,0.00493120986,-7.48728828,1692.7558
0.0114489097,0.0101338132,0.000489525432,-0.00049126061,-0.00280485455,-0.771828934,1702.26961
0.0114619161,0.0803647536,-0.000400588304,-0.0038091146,0.00228405535,-4.65730046,1697.60074
0.0114737129,0.0442136074,0.000405418731,-0.00398146401,-0.000310365067,-2.66824184,1700.25886
0.0114834665,0.00912036556,0.000458916758,-0.000407760418,-0.00289170061,-0.705592886,1702.26443
0.0115157051,0.00817490128,0.000427286286,-0.000335203929,-0.00297336727,-0.642704553,1702.25154
0.011538107,0.115035914,-0.000397035902,-0.000931141148,0.00478537343,-7.24291992,1693.23765
0.0115457811,0.00729285993,0.000394951957,-0.000272589251,-0.00305011018,-0.583012557,1702.23218
0.0115738396,0.00646998704,0.000362195404,-0.000218953104,-0.00312217965,-0.526377126,1702.20749
0.0115904902,0.040914044,0.000479746323,-0.00373137949,-0.000551157217,-2.49848737,1700.48869
0.0116000159,0.0057023135,0.000329264608,-0.000173380557,-0.0031898198,-0.472670143,1702.1785
0.0116244362,0.00498613648,0.000296376532,-0.00013501154,-0.00325326779,-0.421766587,1702.14611
0.0116430698,0.112164181,-0.000436154364,-0.00113502868,0.00462498286,-6.98848561,1693.72657
0.0116472184,0.00431800152,0.000263719742,-0.000103044657,-0.00331275316,-0.373545235,1702.11115
0.0116549275,0.075,-0.000317310336,-0.00414026324,0.00192754441,-4.3309699,1698.07666
0.0116684724,0.00369468589,0.000231456324,-7.67389824e-05,-0.00336849734,-0.327892228,1702.0743
0.0116883006,0.00311318307,0.000199724064,-5.54145375e-05,-0.00342071329,-0.284695991,1702.03618
0.0116994339,0.0378358195,0.000543866578,-0.00346285629,-0.000780536855,-2.33744793,1700.70792
0.0117067987,0.0025706882,0.000168638994,-3.84502901e-05,-0.00346960523,-0.243851775,1701.99731
0.0117240559,0.00206458457,0.000138297548,-2.52853243e-05,-0.00351536847,-0.205255498,1701.95812
0.0117401555,0.00159243101,0.000108778589,-1.54031778e-05,-0.00355818936,-0.168862865,1701.91899
0.0117551751,0.00115195011,8.01451842e-05,-8.35875151e-06,-0.00359824529,-0.134563392,1701.88021
0.0117555798,0.109085956,-0.000473416666,-0.00137160433,0.00444823075,-6.72424117,1694.22073
0.0117691872,0.000741017226,5.24470836e-05,-3.67727504e-06,-0.00363570484,-0.102637956,1701.84204
0.0117822593,0.000357650242,2.57214717e-05,-1.19610117e-06,-0.00367072784,-0.073314461,1701.80468
0.0117944545,0,0,0,-0.00370345872,-0.0597370698,1701.76826
0.0118010696,0.0349640862,0.000596957803,-0.00318639439,-0.000998936656,-2.18745142,1700.91708
0.0118479389,0.0696352464,-0.000213297169,-0.00438248066,0.00155863017,-4.02149641,1698.51699
0.0118761799,0.105786393,-0.00050688852,-0.00164231311,0.00425307018,-6.45085432,1694.71837
0.0118958874,0.0322849924,0.000639689265,-0.00290856739,-0.00120677432,-2.04565279,1701.11559
0.0118963478,0.15,0,0,0.00747470137,-10.8967181,1685
0.01190902,0.14964235,5.47401504e-07,-2.2035744e-07,0.00745627804,-10.8746805,1685.09914
0.0119226033,0.149258983,9.25237657e-07,3.26599091e-07,0.0074364751,-10.8279969,1685.2054
0.0119371634,0.14884805,1.09656305e-06,2.55551002e-07,0.0074151782,-10.7794093,1685.31928
0.0119527704,0.148407569,1.01875861e-06,3.33152559e-07,0.00739227081,-10.7279698,1685.4413
0.0119694996,0.147935415,6.41780668e-07,4.75578313e-07,0.00736762693,-10.672513,1685.57202
0.0119843447,0.0297856156,0.000672286506,-0.00263571752,-0.00140444627,-1.91254977,1701.3022
0.0119874318,0.147429312,-9.53748002e-08,5.98716725e-07,0.0073411102,-10.6131124,1685.71202
0.0120054517,0.102249575,-0.000533948791,-0.00194734208,0.00403720115,-6.16868875,1695.21757
0.0120066533,0.146886817,-1.26264305e-06,6.66185339e-07,0.00731257305,-10.5496088,1685.86191
0.012027257,0.146305314,-2.93974887e-06,6.25888273e-07,0.00728185569,-10.481742,1686.02232
0.0120280029,0.0646303672,-9.70779142e-05,-0.00451764038,0.00120382634,-3.74092726,1698.90017
0.0120493421,0.145681998,-5.21721976e-06,4.06354388e-07,0.007248785,-10.4092337,1686.19393
0.0120668681,0.0274539002,0.000695506393,-0.0023719883,-0.00159232655,-1.78680366,1701.47531
0.0120730153,0.145013864,-8.19752537e-06,-8.92178482e-08,0.0072131733,-10.3317891,1686.37741
0.0120983907,0.144297686,-1.1996298e-05,-9.87627016e-07,0.00717481699,-10.2491065,1686.57347
0.0121255907,0.143530013,-1.67428745e-05,-2.45334556e-06,0.00713349498,-10.1608663,1686.78281
0.0121438558,0.0252785992,0.000710000544,-0.00212079434,-0.00177076953,-1.66823773,1701.63339
0.0121440187,0.0984584434,-0.000551649219,-0.00228450954,0.00379806745,-5.87876489,1695.71646
0.0121547465,0.14270714,-2.25804283e-05,-4.69881699e-06,0.00708896699,-10.0667373,1687.00614
0.0121859987,0.141825099,-2.9666507e-05,-7.99236043e-06,0.00704097149,-9.96638382,1687.24416
0.012195988,0.0599612217,2.18027209e-05,-0.00455220432,0.000863854768,-3.49437277,1699.23794
0.0122156791,0.0232492201,0.000716576244,-0.00188428948,-0.00194011322,-1.55612913,1701.77523
0.0122194982,0.140879634,-3.81736692e-05,-1.2673184e-05,0.0069892234,-9.85944697,1687.49755
0.0122554064,0.139866187,-4.8288535e-05,-1.91672266e-05,0.00693341139,-9.74556853,1687.76695
0.0122826843,0.0213559743,0.000716007274,-0.00166394242,-0.0021006838,-1.45012136,1701.90005
0.0122925493,0.0943947116,-0.000556012447,-0.00264908521,0.0035328618,-5.58128767,1696.21362
0.0122938966,0.138779867,-6.02100614e-05,-2.80021464e-05,0.0068731947,-9.624381,1688.05294
0.0123351544,0.137615437,-7.41472089e-05,-3.98284297e-05,0.00680819944,-9.49551263,1688.35602
0.0123451948,0.0195897299,0.00070908471,-0.00146048696,-0.0022527994,-1.34974168,1702.00762
0.0123527044,0.0556052884,0.000138819126,-0.0044931288,0.000539018079,-3.26398684,1699.54017
0.0123793788,0.136367278,-9.03153712e-05,-5.54412082e-05,0.00673801409,-9.35859203,1688.67659
0.012403512,0.0179419674,0.000696564626,-0.00127416805,-0.00239677271,-1.25463826,1702.09819
0.0124267832,0.13502937,-0.000108930652,-7.58040447e-05,0.00666218423,-9.21325218,1689.01493
0.01245176,0.0900387783,-0.000543350274,-0.00303177196,0.00323855063,-5.27781759,1696.70759
0.0124579172,0.0164047389,0.000679172674,-0.00110480884,-0.0025329132,-1.164462,1702.17242
0.0124775962,0.133595261,-0.000130201926,-0.000102074261,0.0065802061,-9.05913461,1689.37113
0.0124989081,0.0515415566,0.00025225527,-0.00436931216,0.000229217448,-3.04827699,1699.815
0.0125086728,0.0149706296,0.000657590354,-0.000951935432,-0.00266152838,-1.07891552,1702.23129
0.0125320628,0.132058033,-0.000154320302,-0.000135629082,0.00649151903,-8.89589491,1689.74514
0.0125560237,0.0136327222,0.000632452963,-0.000814849107,-0.00278292432,-0.997726113,1702.27603
0.0125904459,0.13041027,-0.000181444614,-0.000178090585,0.0063954962,-8.72321038,1690.13668
0.0126001982,0.0123845633,0.000604346295,-0.000692698423,-0.00289740566,-0.920651912,1702.30796
0.0126224188,0.0853696328,-0.000508224948,-0.00341904975,0.00291189611,-4.96784961,1697.19701
0.0126353042,0.0477504251,0.000355655394,-0.00419069839,-6.58868954e-05,-2.85493315,1700.06904
0.0126414094,0.0112201325,0.000573806695,-0.000584532155,-0.00300527507,-0.847474848,1702.32849
0.012653027,0.128644026,-0.000211681401,-0.000231347572,0.0062914338,-8.54078758,1690.54523
0.0126798562,0.0101338132,0.000541321825,-0.00048934343,-0.00310683253,-0.777999325,1702.339
0.0127157238,0.00912036556,0.000507332147,-0.00040610298,-0.0032023744,-0.712047778,1702.34084
0.012720108,0.12675078,-0.000245060407,-0.000297569639,0.00617853811,-8.34837219,1690.97006
0.0127491855,0.00817490128,0.000472232634,-0.000333785305,-0.00329219243,-0.649456314,1702.33529
0.0127625507,0.0442136074,0.000449985498,-0.00396895134,-0.000346785508,-2.67086595,1700.30733
0.0127804024,0.00729285993,0.000436375017,-0.000271388962,-0.00337657276,-0.590072364,1702.3235
0.0127920124,0.124721401,-0.000281505339,-0.000379211847,0.00605591042,-8.14575755,1691.41017
0.0128053486,0.0803647536,-0.000447402942,-0.00379032094,0.00254950765,-4.65339697,1697.68059
0.0128095253,0.00646998704,0.00040007072,-0.000217950743,-0.00345579497,-0.533755587,1702.30655
0.0128366946,0.0057023135,0.000363593616,-0.000172556197,-0.00353013118,-0.480374495,1702.28541
0.0128620414,0.00498613648,0.000327183518,-0.000134345689,-0.00359984531,-0.429802005,1702.26093
0.0128690871,0.1225461,-0.000320799553,-0.000478994714,0.00592252957,-7.93280533,1691.86432
0.0128812614,0.040914044,0.00053218157,-0.00371965275,-0.000614034604,-2.50129601,1700.53341
0.0128856879,0.00431800152,0.000291048747,-0.000102518229,-0.00366519248,-0.381916998,1702.23386
0.0129077481,0.00369468589,0.000255368013,-7.63335591e-05,-0.00372641846,-0.336603298,1702.20484
0.0129283285,0.00311318307,0.000220293302,-5.51122464e-05,-0.00378375936,-0.293747641,1702.17444
0.0129475283,0.0025706882,0.000185952452,-3.82341058e-05,-0.00383744136,-0.253243655,1702.14314
0.0129517038,0.120214384,-0.000362536767,-0.000599868861,0.00577723225,-7.7094395,1692.33107
0.0129654402,0.00206458457,0.000152451478,-2.5138907e-05,-0.00388768059,-0.214986322,1702.11134
0.0129821505,0.00159243101,0.000119876763,-1.53117361e-05,-0.00393468311,-0.178926835,1702.07938
0.0129920088,0.0378358195,0.000602876836,-0.00345203587,-0.000868207486,-2.34078716,1700.74928
0.0129977399,0.00115195011,8.82970526e-05,-8.30699707e-06,-0.00397864494,-0.14495811,1702.04754
0.013001432,0.075,-0.000354202746,-0.00412102197,0.00214795447,-4.32845249,1698.15756
0.0130122835,0.000741017226,5.77658303e-05,-3.65668945e-06,-0.00401975219,-0.113329306,1702.01605
0.0130258516,0.000357650242,2.83225803e-05,-1.18533479e-06,-0.00405818128,-0.0843416052,1701.9851
0.0130385094,0,0,0,-0.00409409196,-0.0709597903,1701.95483
0.0130402611,0.117715008,-0.00040607411,-0.00074492117,0.0056186912,-7.47567864,1692.8088
0.0130953271,0.0349640862,0.000661337596,-0.00317637922,-0.00110986391,-2.19101331,1700.9556
0.013135186,0.115035914,-0.000450458002,-0.00091726579,0.00544539215,-7.23162071,1693.29574
0.0131917147,0.0322849924,0.000708240576,-0.00289938547,-0.00133953435,-2.04957605,1701.15191
0.0131975155,0.0696352464,-0.000237798005,-0.0043635207,0.00173387165,-4.01933456,1698.59728
0.0132369365,0.112164181,-0.000494386246,-0.00111979712,0.0052556105,-6.97753798,1693.79005
0.0132816365,0.0297856156,0.000743922434,-0.00262729802,-0.00155771502,-1.91669931,1701.33703
0.0133460033,0.109085956,-0.000536078259,-0.00135498064,0.00504738937,-6.7137336,1694.28984
0.0133655263,0.0274539002,0.00076920553,-0.00236431326,-0.00176486843,-1.79122498,1701.50945
0.0133804453,0.0646303672,-0.000108582999,-0.0044989186,0.00133688722,-3.74070447,1698.97835
0.0134437886,0.0252785992,0.000784848858,-0.00211380817,-0.00196142762,-1.67288034,1701.66769
0.0134629126,0.105786393,-0.000573318095,-0.00162429911,0.00481852181,-6.44081872,1694.79326
0.0135168009,0.0232492201,0.000791746632,-0.0018779567,-0.0021478014,-1.56100763,1701.81053
0.013551104,0.0599612217,2.32633202e-05,-0.00453341607,0.000957566317,-3.49436922,1699.31285
0.0135849155,0.0213559743,0.000790770265,-0.00165821638,-0.00232438007,-1.45522355,1701.93723
0.0135882282,0.102249575,-0.000603187812,-0.00192794392,0.00456654064,-6.15925809,1695.29832
0.0136484609,0.0195897299,0.000782798361,-0.00145532872,-0.00249154021,-1.35507667,1702.04752
0.0136759366,0.15,0,0,0.00859285081,-10.8793335,1685
0.0136880657,0.14964235,6.84521532e-07,-2.14612669e-07,0.00857010716,-10.857505,1685.09972
0.013701067,0.149258983,1.18942792e-06,3.22830081e-07,0.00854567564,-10.8110372,1685.2066
0.0137077436,0.0179419674,0.000768672712,-0.00126953713,-0.0026496486,-1.26020984,1702.14161
0.0137103148,0.0556052884,0.000153207673,-0.00447587136,0.000596029512,-3.26456725,1699.611
0.0137150032,0.14884805,1.46504861e-06,3.00347046e-07,0.00851942062,-10.7624001,1685.32115
0.0137225545,0.0984584434,-0.000622331601,-0.00226382498,0.00428871854,-5.86997363,1695.80301
0.0137299414,0.148407569,1.4603455e-06,4.14116592e-07,0.0084912026,-10.7109359,1685.44389
0.0137459537,0.147935415,1.11580757e-06,6.04367172e-07,0.00846087105,-10.6555235,1685.57538
0.0137630495,0.0164047389,0.000749197439,-0.00110066847,-0.0027990651,-1.17028065,1702.22013
0.0137631174,0.147429312,3.61163993e-07,7.94799031e-07,0.00842826353,-10.5961718,1685.71621
0.0137815152,0.146886817,-8.84031153e-07,9.4920953e-07,0.00839320466,-10.5327136,1685.86699
0.013801236,0.146305314,-2.71065048e-06,1.01783212e-06,0.00835550508,-10.4648931,1686.02838
0.0138146455,0.0149706296,0.000725127323,-0.000948250111,-0.00294014445,-1.08499177,1702.28401
0.0138223748,0.145681998,-5.2219196e-06,9.32113238e-07,0.00831496021,-10.3924305,1686.20103
0.0138450335,0.145013864,-8.53485798e-06,5.98565323e-07,0.00827134896,-10.3150378,1686.38564
0.0138588454,0.0515415566,0.000278674004,-0.00435282419,0.000251987257,-3.05039008,1699.88126
0.0138627803,0.0136327222,0.000697164615,-0.000811585597,-0.00307323737,-1.00407233,1702.3344
0.0138665396,0.0943947116,-0.000626407768,-0.00262716482,0.00398207835,-5.57336512,1696.30563
0.0138693215,0.144297686,-1.27808606e-05,-1.04412801e-07,0.00822443224,-10.2324122,1686.58292
0.0138953559,0.143530013,-1.81070788e-05,-1.3371731e-06,0.00817395131,-10.1442289,1686.79359
0.0139076861,0.0123845633,0.000665956112,-0.000689825094,-0.00319869079,-0.927280903,1702.37256
0.0139232623,0.14270714,-2.4677085e-05,-3.3084711e-06,0.00811962591,-10.0501585,1687.01836
0.0139495797,0.0112201325,0.000632093429,-0.000582018913,-0.00331684767,-0.854400101,1702.39981
0.0139531754,0.141825099,-3.26705789e-05,-6.28257254e-06,0.00806115217,-9.9498653,1687.25796
0.0139852393,0.140879634,-4.2282779e-05,-1.05932467e-05,0.00799820006,-9.84299645,1687.51306
0.0139886629,0.0101338132,0.000596114305,-0.000487161553,-0.00342804638,-0.785234257,1702.41747
0.0139974124,0.0477504251,0.000392914143,-0.00417495758,-7.50908317e-05,-2.85707581,1700.13053
0.0140196088,0.139866187,-5.37243995e-05,-1.66598109e-05,0.00793041065,-9.72919161,1687.78433
0.0140208779,0.0900387783,-0.000611184323,-0.00300885538,0.00364342564,-5.27070474,1696.80445
0.0140251244,0.00912036556,0.000558504282,-0.000404225065,-0.00353261995,-0.719605365,1702.4268
0.0140564496,0.138779867,-6.72204366e-05,-2.50046545e-05,0.00785739269,-9.60808242,1688.07236
0.0140591401,0.00817490128,0.000519698599,-0.000332185078,-0.00363089513,-0.657348373,1702.42899
0.0140908739,0.00729285993,0.000480084726,-0.000270040857,-0.00372319146,-0.598309464,1702.42514
0.0140959394,0.137615437,-8.3006809e-05,-3.62729217e-05,0.00777871867,-9.47929963,1688.37768
0.0141204789,0.00646998704,0.000440005307,-0.000216829986,-0.00380982035,-0.542348086,1702.41625
0.0141266842,0.0442136074,0.000496817894,-0.0039543385,-0.000385876781,-2.67392598,1700.36411
0.0141382687,0.136367278,-0.000101325434,-5.12539223e-05,0.00769392011,-9.34247237,1688.70069
0.0141480981,0.0057023135,0.000399761662,-0.0001716385,-0.00389108428,-0.489328553,1702.40322
0.0141738645,0.00498613648,0.000359617391,-0.00013360752,-0.00396727608,-0.439121208,1702.38684
0.0141836417,0.13502937,-0.000122417761,-7.09059254e-05,0.00760248197,-9.19723529,1689.0417
0.0141863138,0.0853696328,-0.000570902434,-0.00339521802,0.00326938104,-4.96194161,1697.29774
0.0141979024,0.00431800152,0.000319800952,-0.000101937107,-0.0040386783,-0.39160492,1702.36779
0.0142203279,0.00369468589,0.000280508274,-7.58877726e-05,-0.00410556276,-0.346661283,1702.34668
0.0142322772,0.133595261,-0.000146515835,-9.63812203e-05,0.0075038358,-9.04323195,1689.40083
0.014241249,0.00311318307,0.000241905791,-5.47811027e-05,-0.00416819025,-0.304175399,1702.32404
0.0142472843,0.040914044,0.00058732601,-0.00370598074,-0.000681094758,-2.50459568,1700.58575
0.0142607667,0.0025706882,0.000204133209,-3.7998065e-05,-0.00422681033,-0.264039059,1702.30029
0.0142789751,0.00206458457,0.000167306062,-2.49795471e-05,-0.00428166118,-0.226146019,1702.27583
0.0142844099,0.132058033,-0.000173829478,-0.000129052699,0.00739735172,-8.88012003,1689.77805
0.0142959621,0.00159243101,0.00013151809,-1.52122967e-05,-0.00433296969,-0.190444117,1702.25095
0.0143118096,0.00115195011,9.6843469e-05,-8.25114477e-06,-0.00438095151,-0.156827856,1702.22593
0.014326594,0.000741017226,6.33391899e-05,-3.63286912e-06,-0.00442581125,-0.125525509,1702.201
0.0143403867,0.000357650242,3.10467777e-05,-1.17558022e-06,-0.00446774269,-0.096878864,1702.17631
0.0143402911,0.13041027,-0.000204530147,-0.000170539203,0.00728232862,-8.70757887,1690.17309
0.0143532541,0,0,0,-0.00450692179,-0.0836789441,1702.15202
0.0143597943,0.0378358195,0.000664957112,-0.00343943577,-0.000961470146,-2.34467227,1700.79765
0.0143636453,0.0803647536,-0.000501676908,-0.00376608234,0.00285643946,-4.64841337,1697.78383
0.0144001905,0.128644026,-0.000238728957,-0.000222727447,0.00715798261,-8.52531853,1690.58548
0.0144643969,0.12675078,-0.000276448411,-0.000287786442,0.00702343335,-8.33308949,1691.01449
0.0144647571,0.0349640862,0.000729085029,-0.00316473778,-0.00122769857,-2.19518116,1701.0006
0.0145332201,0.124721401,-0.000317588415,-0.000368171455,0.00687768804,-8.13069,1691.45915
0.0145537278,0.075,-0.000396813689,-0.00409645834,0.00240108631,-4.32516934,1698.26143
0.0145626788,0.0322849924,0.000780388623,-0.00288872371,-0.001480431,-2.05414392,1701.19429
0.014606992,0.1225461,-0.000361887219,-0.000466606596,0.00671962302,-7.91798002,1691.91824
0.0146540318,0.0297856156,0.000819323203,-0.00261753824,-0.00172027017,-1.92154206,1701.37764
0.0146860684,0.120214384,-0.000408868458,-0.000586047779,0.00654796307,-7.69489315,1692.39033
0.0147392567,0.0274539002,0.000846781344,-0.00235542811,-0.001947773,-1.79637519,1701.5492
0.0147438104,0.0696352464,-0.000266003078,-0.00433944503,0.001933712,-4.01676662,1698.69956
0.0147708308,0.117715008,-0.000457787053,-0.000729593261,0.00636125872,-7.46145987,1692.87379
0.0148187646,0.0252785992,0.00086363394,-0.00210573525,-0.00216345638,-1.67829237,1701.70754
0.014861688,0.115035914,-0.000507554742,-0.000900365603,0.00615786237,-7.21779561,1693.36684
0.0148929391,0.0232492201,0.000870868188,-0.00187065135,-0.00236780461,-1.56669049,1701.85146
0.0149211419,0.0646303672,-0.000121976881,-0.00447522209,0.00148755088,-3.7404592,1699.07721
0.0149590783,0.112164181,-0.000556681154,-0.00110128349,0.00593590472,-6.96416465,1693.86758
0.0149621378,0.0213559743,0.000869457515,-0.00165162465,-0.00256127625,-1.4611673,1701.9802
0.0150266946,0.0195897299,0.000860373526,-0.00144940356,-0.00274431012,-1.3612891,1702.09347
0.0150634713,0.109085956,-0.000603160902,-0.00133482348,0.00569327327,-6.7009096,1694.37407
0.0150865778,0.0599612217,2.47100536e-05,-0.00451000555,0.00106286397,-3.49401144,1699.40693
0.0150869208,0.0179419674,0.000844548447,-0.00126423097,-0.00291733055,-1.26669623,1702.19144
0.015143107,0.0164047389,0.000822869665,-0.00109593741,-0.0030807509,-1.17705192,1702.27467
0.0151753708,0.105786393,-0.000644474986,-0.00160251736,0.00542759544,-6.42860301,1694.88432
0.0151955241,0.0149706296,0.000796169337,-0.000944051933,-0.00323497617,-1.09205972,1702.34402
0.0152409161,0.0556052884,0.000169183726,-0.00445452785,0.000659455592,-3.26520719,1699.6994
0.015244425,0.0136327222,0.000765220658,-0.000807880372,-0.0033804044,-1.01145051,1702.40054
0.0152900456,0.0123845633,0.000730735232,-0.000686574757,-0.00351742743,-0.934983307,1702.44542
0.0152953163,0.102249575,-0.000677384315,-0.00190456628,0.00513623181,-6.14778551,1695.39621
0.0153326059,0.0112201325,0.000693363369,-0.000579187136,-0.00364643091,-0.862441048,1702.47989
0.0153723112,0.0101338132,0.000653695797,-0.000484713411,-0.00376779394,-0.793627797,1702.50517
0.0153849011,0.0515415566,0.000307886813,-0.004332475,0.000276727533,-3.05314413,1699.96347
0.0154093531,0.00912036556,0.000612265817,-0.000402126996,-0.00388188836,-0.728364504,1702.52243
0.0154238865,0.0984584434,-0.000698099578,-0.00223896008,0.00481628027,-5.85931271,1695.90764
0.0154439101,0.00817490128,0.00056955146,-0.000330404947,-0.00398907797,-0.666484722,1702.53277
0.015476149,0.00729285993,0.000525978148,-0.000268547475,-0.00408971766,-0.607833841,1702.53723
0.0155062252,0.00646998704,0.000481921657,-0.000215593512,-0.00418415254,-0.552267111,1702.5367
0.0155192275,0.0477504251,0.000434131069,-0.00415559272,-8.61446221e-05,-2.85973718,1700.20642
0.0155342839,0.0057023135,0.000437712416,-0.000170630321,-0.0042727172,-0.49964661,1702.53203
0.0155604604,0.00498613648,0.000393639106,-0.000132800062,-0.00435573499,-0.449842671,1702.52395
0.0155617015,0.0943947116,-0.000701885159,-0.00260090008,0.00446459267,-5.56374944,1696.41658
0.015584881,0.00431800152,0.000349951357,-0.000101304104,-0.00443351748,-0.402731264,1702.51308
0.0156076633,0.00369468589,0.000306863112,-7.540421e-05,-0.00450636401,-0.358191916,1702.5
0.0156289175,0.00311318307,0.000264555818,-5.44234036e-05,-0.00457456145,-0.316108277,1702.48517
0.0156445431,0.0442136074,0.000548475517,-0.00393647903,-0.000430103429,-2.67762255,1700.43384
0.0156487458,0.0025706882,0.000223181438,-3.77441656e-05,-0.00463838401,-0.276370205,1702.46901
0.0156672441,0.00206458457,0.00018286525,-2.48089096e-05,-0.0046980932,-0.238870044,1702.45187
0.0156845014,0.00159243101,0.000143708453,-1.51062512e-05,-0.00475393787,-0.203552965,1702.43405
0.0157006011,0.00115195011,0.000105790652,-8.19209849e-06,-0.00480615441,-0.170314064,1702.41581
0.0157094261,0.0900387783,-0.000683930045,-0.00298146005,0.00407781566,-5.26212847,1696.92094
0.0157156209,0.000741017226,6.917238e-05,-3.60694162e-06,-0.00485496693,-0.13936683,1702.39734
0.015729633,0.000357650242,3.38971914e-05,-1.16644936e-06,-0.00490058754,-0.111073705,1702.37884
0.0157423249,0.15,0,0,0.00989120186,-10.8561574,1685
0.0157427052,0,0,0,-0.00494320945,-0.0980532968,1702.36044
0.0157534375,0.14964235,9.12029628e-07,-2.19655771e-07,0.00986317992,-10.8345209,1685.10049
0.0157614523,0.040914044,0.000647991811,-0.00368936535,-0.000756117437,-2.50861634,1700.64974
0.015765349,0.149258983,1.61840883e-06,3.42761846e-07,0.00983309516,-10.7881968,1685.20821
0.0157781171,0.14884805,2.06637714e-06,3.61998945e-07,0.00980078653,-10.7395222,1685.32365
0.0157918033,0.148407569,2.1962079e-06,5.18885776e-07,0.00976608686,-10.6881224,1685.44735
0.0158064735,0.147935415,1.93854229e-06,7.75035493e-07,0.00972881621,-10.6327803,1685.57987
0.0158221987,0.147429312,1.21363642e-06,1.05305307e-06,0.00968878085,-10.5734974,1685.72181
0.0158390545,0.146886817,-6.99461309e-08,1.32048346e-06,0.00964577217,-10.5101011,1685.87379
0.0158571223,0.146305314,-2.01644831e-06,1.52999858e-06,0.0095995655,-10.4423483,1686.03645
0.0158677727,0.0853696328,-0.000638137808,-0.00336683391,0.00365243418,-4.95477835,1697.41856
0.0158705192,0.0378358195,0.000733050511,-0.00342419086,-0.00106512937,-2.3493488,1700.85652
0.0158764893,0.145681998,-4.74431581e-06,1.61752264e-06,0.00954991881,-10.3699653,1686.21049
0.0158972489,0.145013864,-8.38746445e-06,1.49539956e-06,0.00949657132,-10.2926565,1686.3966
0.0159195012,0.144297686,-1.30963366e-05,1.04595169e-06,0.0094392419,-10.2101166,1686.5955
0.0159433536,0.143530013,-1.9038496e-05,1.14256991e-07,0.00937762732,-10.1220308,1686.80792
0.015968921,0.14270714,-2.63997933e-05,-1.50069826e-06,0.00931140028,-10.0280675,1687.0346
0.0159722697,0.0349640862,0.000803181028,-0.00315072404,-0.00135802631,-2.20021453,1701.05515
0.0159963269,0.141825099,-3.53850386e-05,-4.05706665e-06,0.00924020716,-9.92788685,1687.27626
0.0160257033,0.140879634,-4.62173581e-05,-7.88333524e-06,0.00916366544,-9.82113542,1687.53361
0.0160375053,0.0803647536,-0.000559927275,-0.00373723961,0.00318483785,-4.6424684,1697.90732
0.0160571921,0.139866187,-5.91370352e-05,-1.33938019e-05,0.00908136075,-9.70745381,1687.80732
0.0160671946,0.0322849924,0.000859077825,-0.00287594089,-0.00163562703,-2.05962401,1701.24546
0.0160909451,0.138779867,-7.43984005e-05,-2.11035255e-05,0.0089928433,-9.5864823,1688.09801
0.016127125,0.137615437,-9.22668955e-05,-3.16493427e-05,0.00889762376,-9.4578476,1688.40623
0.0161557519,0.0297856156,0.000901338563,-0.00260588988,-0.00189868108,-1.92734933,1701.42647
0.0161659065,0.136367278,-0.000113015033,-4.58143106e-05,0.00879516834,-9.32118035,1688.73241
0.0162074766,0.13502937,-0.000136913964,-6.45503206e-05,0.00868489283,-9.17611809,1689.07688
0.0162194423,0.075,-0.000442620949,-0.00406737198,0.00267144136,-4.32114477,1698.38535
0.0162383686,0.0274539002,0.000930946866,-0.00234486575,-0.00214787409,-1.8025275,1701.59679
0.0162520357,0.133595261,-0.00016422165,-8.9003684e-05,0.00856615554,-9.02230592,1689.4398
0.0162997989,0.132058033,-0.000195168847,-0.000120542374,0.00843824876,-8.85940424,1689.82114
0.0163154433,0.0252785992,0.000948902794,-0.00209617958,-0.00238383626,-1.68474719,1701.75502
0.0163509964,0.13041027,-0.000229940641,-0.000160781642,0.00830038842,-8.68709543,1690.22069
0.0163873477,0.0232492201,0.000956303178,-0.00186203939,-0.00260715259,-1.57345111,1701.89998
0.0164013794,0.0696352464,-0.000296426222,-0.00431092217,0.00214669484,-4.01389318,1698.82123
0.0164058753,0.128644026,-0.000268651574,-0.000211606309,0.00815170195,-8.5050933,1690.63799
0.0164544287,0.0213559743,0.0009542364,-0.00164388688,-0.00281837146,-1.46822505,1702.03087
0.0164647002,0.12675078,-0.000311313995,-0.000275185704,0.00799121387,-8.31315314,1691.07233
0.0165170098,0.0195897299,0.000943779119,-0.00144247752,-0.00301801248,-1.36865041,1702.14736
0.016527755,0.124721401,-0.000357798692,-0.00035397734,0.00781782896,-8.11108042,1691.52278
0.0165711119,0.0646303672,-0.000136656118,-0.00444721003,0.00164770301,-3.73989718,1699.1945
0.0165753928,0.0179419674,0.000925963899,-0.00125805545,-0.00320657372,-1.27436754,1702.24954
0.0165953436,0.1225461,-0.00040778949,-0.000450712057,0.007630313,-7.89874244,1691.98813
0.0166298595,0.0164047389,0.000901770186,-0.00109045562,-0.003384536,-1.18504469,1702.33789
0.0166677922,0.120214384,-0.000460728249,-0.000568353329,0.00742727125,-7.67608444,1692.46694
0.0166806725,0.0149706296,0.000872114784,-0.000939209993,-0.0035523666,-1.10038697,1702.41315
0.0167280769,0.0136327222,0.000837847852,-0.000803627295,-0.00371052143,-1.02012703,1702.47628
0.0167294586,0.0599612217,2.60208727e-05,-0.00448263187,0.00117437816,-3.4936322,1699.51829
0.0167454502,0.117715008,-0.000515752448,-0.000710014231,0.00720712505,-7.44313911,1692.95758
0.0167723013,0.0123845633,0.000799750858,-0.000682862034,-0.00385944637,-0.944024135,1702.52836
0.0168135591,0.0112201325,0.000758537102,-0.000575968684,-0.00399957771,-0.871861067,1702.57051
0.0168286922,0.115035914,-0.000571614293,-0.00087883394,0.00696808753,-7.20003448,1693.45824
0.0168520493,0.0101338132,0.000714853735,-0.000481945182,-0.00413134217,-0.803441064,1702.60384
0.0168771831,0.0556052884,0.000185913268,-0.00442947306,0.00072616392,-3.26614044,1699.8038
0.0168879575,0.00912036556,0.00066928441,-0.000399766877,-0.00425515646,-0.738583442,1702.62942
0.0169179197,0.112164181,-0.000626608606,-0.00107775993,0.00670814015,-6.94704182,1693.96696
0.0169214569,0.00817490128,0.000622351943,-0.000328412651,-0.00437142667,-0.67712009,1702.64827
0.0169527092,0.00729285993,0.000574521224,-0.000266884665,-0.00448054763,-0.61889517,1702.66131
0.016981865,0.00646998704,0.000526202779,-0.000214223522,-0.00458290214,-0.563759622,1702.66939
0.017009065,0.0057023135,0.000477756929,-0.000169518451,-0.00467886035,-0.511572984,1702.67327
0.017013563,0.109085956,-0.000678471574,-0.00130928997,0.00642501235,-6.68453481,1694.4817
0.0170149981,0.0515415566,0.000338531134,-0.00430863686,0.000302113196,-3.05618375,1700.06038
0.0170344404,0.00498613648,0.000429497612,-0.000131913673,-0.00476877915,-0.462204871,1702.67361
0.0170581136,0.00431800152,0.00038169596,-0.000100612265,-0.00485300175,-0.41552877,1702.671
0.0170801987,0.00369468589,0.000334583897,-7.48779368e-05,-0.00493185728,-0.371422307,1702.66596
0.0171008024,0.00311318307,0.000288357601,-5.40356811e-05,-0.00500566066,-0.329767324,1702.65894
0.0171160836,0.105786393,-0.000724344356,-0.00157501326,0.00611616679,-6.41307092,1695.0003
0.0171200239,0.0025706882,0.000243180862,-3.74700259e-05,-0.00507471245,-0.290451782,1702.65032
0.017137956,0.00206458457,0.000199188147,-2.462539e-05,-0.00513929893,-0.253366658,1702.64044
0.0171435683,0.0477504251,0.000477592662,-0.00413298646,-9.89286493e-05,-2.86291034,1700.29571
0.0171546853,0.00159243101,0.000156487495,-1.49926286e-05,-0.00519969224,-0.218454794,1702.62957
0.0171702923,0.00115195011,0.000115163284,-8.12919026e-06,-0.00525615055,-0.185611632,1702.61798
0.0171848523,0.000741017226,7.52789856e-05,-3.57922458e-06,-0.00530891841,-0.155038034,1702.60586
0.0171984357,0.000357650242,3.68795479e-05,-1.15703685e-06,-0.0053582271,-0.12711105,1702.59339
0.0172111079,0,0,0,-0.00540428787,-0.114271654,1702.58072
0.0172259759,0.102249575,-0.000760618212,-0.0018751531,0.00577879603,-6.13324785,1695.5205
0.0172635139,0.0442136074,0.000603001358,-0.00391564816,-0.000478206235,-2.68190296,1700.51574
0.0173437699,0.0984584434,-0.000783026781,-0.00220778338,0.00540983263,-5.84586913,1696.03996
0.0173754133,0.040914044,0.000712069035,-0.0036700395,-0.000836960011,-2.51335113,1700.72477
0.0174700339,0.0943947116,-0.000786392884,-0.00256811095,0.00500597488,-5.55164085,1696.55629
0.0174798064,0.0378358195,0.000804984699,-0.00340648012,-0.00117637382,-2.35479599,1700.92545
0.0175771967,0.0349640862,0.000881450388,-0.0031344817,-0.00149754663,-2.20610839,1701.11894
0.0176053769,0.0900387783,-0.000765278156,-0.00294738835,0.00456373706,-5.25140765,1697.06695
0.0176680539,0.0322849924,0.000942185652,-0.00286114658,-0.00180148257,-2.06601617,1701.3052
0.0177504517,0.0853696328,-0.000713212502,-0.00333172179,0.0040795064,-4.94580088,1697.56924
0.0177528163,0.0297856156,0.000987937412,-0.00259243759,-0.0020890931,-1.93412986,1701.48336
0.0178318927,0.0274539002,0.00101979108,-0.00233268932,-0.00236120553,-1.80969707,1701.65212
0.0179056646,0.0252785992,0.001038882,-0.00208518772,-0.0026185747,-1.69226722,1701.81009
0.017905958,0.0803647536,-0.000624887976,-0.00370169086,0.00354961725,-4.63512546,1698.06048
0.0179744878,0.0232492201,0.00104642615,-0.00185215427,-0.00286189604,-1.58131918,1701.95607
0.0180386942,0.0213559743,0.00104363372,-0.00163502663,-0.00309181612,-1.4764337,1702.08923
0.018072646,0.075,-0.000493673058,-0.0040317817,0.00297047552,-4.31605228,1698.53814
0.0180980266,0.15,0,0,0.0113713339,-10.8261706,1685
0.0180985935,0.0195897299,0.00103169372,-0.00143456671,-0.00330894296,-1.37720467,1702.20917
0.0181076549,0.14964235,1.2103816e-06,-2.08800525e-07,0.011337062,-10.804569,1685.10151
0.0181179755,0.149258983,2.19143172e-06,3.78751685e-07,0.0113002846,-10.7582976,1685.21032
0.0181290382,0.14884805,2.8851094e-06,4.37824349e-07,0.0112608109,-10.7096766,1685.32693
0.0181408964,0.148407569,3.22218036e-06,6.52865283e-07,0.0112184413,-10.6583647,1685.45188
0.0181536072,0.147935415,3.12287044e-06,9.93443066e-07,0.0111729617,-10.6031179,1685.58575
0.0181544748,0.0179419674,0.00101174522,-0.00125102113,-0.00351385498,-1.28327479,1702.31587
0.018167232,0.147429312,2.49555027e-06,1.38431672e-06,0.0111241416,-10.5439331,1685.72914
0.0181818365,0.146886817,1.23508293e-06,1.79767187e-06,0.0110717338,-10.4806562,1685.88267
0.0181974912,0.146305314,-7.79138951e-07,2.19263965e-06,0.0110154726,-10.4130334,1686.04702
0.0182066074,0.0164047389,0.000984865827,-0.00108422945,-0.00370710638,-1.19431698,1702.40971
0.0182142714,0.145681998,-3.68398269e-06,2.50924655e-06,0.0109550723,-10.3407801,1686.22286
0.0182322583,0.145013864,-7.6326813e-06,2.66474389e-06,0.0108902261,-10.2636095,1686.41092
0.018239334,0.0696352464,-0.000330418704,-0.00427608742,0.0023811648,-4.01049973,1698.97048
0.0182515385,0.144297686,-1.27969438e-05,2.54807734e-06,0.0108206043,-10.1812175,1686.61192
0.018255243,0.0149706296,0.00095206253,-0.000933727295,-0.00388923199,-1.11003832,1702.49131
0.018272205,0.143530013,-1.9368825e-05,2.01042052e-06,0.0107458522,-10.093285,1686.82661
0.0182943576,0.14270714,-2.75606902e-05,8.57378417e-07,0.0106655883,-9.99948762,1687.05575
0.018300616,0.0136327222,0.000914267565,-0.000798826909,-0.00406075035,-1.0301731,1702.56151
0.018318103,0.141825099,-3.76051513e-05,-1.15993511e-06,0.0105794018,-9.89948592,1687.30007
0.0183429453,0.0123845633,0.000872336726,-0.000678685722,-0.00422216566,-0.954480763,1702.62125
0.0183435558,0.140879634,-4.97558816e-05,-4.36287123e-06,0.0104868501,-9.79292009,1687.56032
0.0183708389,0.139866187,-6.4285835e-05,-9.15700989e-06,0.0103874555,-9.67943956,1687.83717
0.0183824351,0.0112201325,0.000827050259,-0.000572361003,-0.00437396876,-0.882743454,1702.67151
0.0183948403,0.0646303672,-0.000153241143,-0.00441322734,0.00182310031,-3.73885611,1699.33768
0.0184000836,0.138779867,-8.14847057e-05,-1.60501226e-05,0.0102807016,-9.55867268,1688.13128
0.0184192759,0.0101338132,0.000779115297,-0.000478853282,-0.00451663754,-0.814762988,1702.71331
0.0184314313,0.137615437,-0.000101654278,-2.56747711e-05,0.0101660289,-9.4302561,1688.44322
0.0184536454,0.00912036556,0.000729168885,-0.000397140443,-0.00465063679,-0.750356501,1702.7476
0.018465033,0.136367278,-0.000125099942,-3.88017867e-05,0.01004283,-9.29383421,1688.77345
0.0184857093,0.00817490128,0.000677781078,-0.000326203658,-0.00477641789,-0.689353931,1702.7753
0.0185010507,0.13502937,-0.000152123691,-5.637447e-05,0.00991044307,-9.14902967,1689.12233
0.0185156223,0.00729285993,0.000625458149,-0.000265047815,-0.0048944183,-0.631596685,1702.79723
0.0185396584,0.133595261,-0.000183013559,-7.95353688e-05,0.00976814452,-8.99549636,1689.49005
0.0185399151,0.0599612217,2.70922515e-05,-0.00444980876,0.00129572426,-3.49337513,1699.65361
0.0185435288,0.00646998704,0.000572646975,-0.000212715877,-0.00500506102,-0.576933651,1702.81416
0.0185695632,0.0057023135,0.000519739282,-0.000168299365,-0.00510875403,-0.525222557,1702.82679
0.0185810421,0.132058033,-0.000218025084,-0.000109646092,0.00961514016,-8.83289909,1689.87663
0.0185938512,0.00498613648,0.000467075543,-0.000130945171,-0.0052058899,-0.476329685,1702.83572
0.0186165099,0.00431800152,0.000414949266,-9.98588215e-05,-0.00529684537,-0.430126154,1702.8415
0.0186254015,0.13041027,-0.000257357981,-0.000148318162,0.00945055437,-8.66092382,1690.28187
0.0186376487,0.00369468589,0.000363610937,-7.43065982e-05,-0.00538198116,-0.386487847,1702.8446
0.0186573694,0.00311318307,0.000313271853,-5.36160056e-05,-0.00546164188,-0.345294676,1702.84544
0.0186729506,0.128644026,-0.000301129428,-0.000197434901,0.00927341737,-8.47928909,1690.70535
0.0186752581,0.0556052884,0.000203777212,-0.00439924738,0.00079800802,-3.26749664,1699.93014
0.0186757673,0.0025706882,0.000264107809,-3.71741268e-05,-0.00553615597,-0.306432696,1702.84439
0.018692931,0.00206458457,0.000216262504,-2.44278361e-05,-0.00560583589,-0.269791522,1702.84176
0.0187089433,0.00159243101,0.000169850755,-1.48706145e-05,-0.00567097828,-0.235311723,1702.83784
0.0187238815,0.00115195011,0.000124961585,-8.0618378e-06,-0.00573186433,-0.202888897,1702.83286
0.0187239186,0.12675078,-0.000349339131,-0.00025916712,0.00908265009,-8.28775611,1691.14641
0.0187378177,0.000741017226,8.16612549e-05,-3.54958581e-06,-0.00578876013,-0.172712104,1702.82704
0.0187508189,0.000357650242,3.9995884e-05,-1.14694356e-06,-0.00584191709,-0.145171666,1702.82055
0.0187629481,0,0,0,-0.0058915657,-0.13252292,1702.81354
0.0187785515,0.124721401,-0.000401824379,-0.000335976929,0.00887704666,-8.08613842,1691.6041
0.018801522,0.0515415566,0.000371463763,-0.00428005509,0.000328556909,-3.05952588,1700.1772
0.0188371128,0.1225461,-0.000458207927,-0.000430604492,0.0086552544,-7.87431155,1692.07725
0.0188998848,0.120214384,-0.000517837039,-0.000546025398,0.00841575153,-7.65222903,1692.56442
0.0189193161,0.0477504251,0.000524427696,-0.00410609022,-0.000114200125,-2.86675638,1700.40297
0.0189671705,0.117715008,-0.000579710708,-0.000685374583,0.0081568234,-7.41993428,1693.06395
0.0190292084,0.0442136074,0.000661750484,-0.0038908988,-0.000531884027,-2.68694253,1700.6138
0.0190392944,0.115035914,-0.000642399399,-0.000851814237,0.00787653806,-7.1775769,1693.57398
0.0191166043,0.112164181,-0.000703961182,-0.00104832501,0.00757272341,-6.92543969,1694.09246
0.0191317289,0.040914044,0.000781053646,-0.00364718247,-0.000926070921,-2.51901296,1700.81434
0.0191994732,0.109085956,-0.000761837638,-0.00127743935,0.00724294855,-6.66391945,1694.61721
0.0192273723,0.0378358195,0.000882340477,-0.00338558665,-0.00129824023,-2.36124213,1701.00749
0.0192883007,0.105786393,-0.000812793765,-0.00154080684,0.00688451195,-6.39357125,1695.14591
0.0193165997,0.0349640862,0.000965504283,-0.00311539351,-0.0016497492,-2.2130969,1701.19464
0.0193835153,0.102249575,-0.000852799798,-0.00183869303,0.00649444297,-6.11503835,1695.67605
0.0193998417,0.0322849924,0.00103131277,-0.00284381084,-0.00198182682,-2.07355698,1701.37589
0.0194774997,0.0297856156,0.00108067546,-0.00257672958,-0.00229558008,-1.94212468,1701.55048
0.0194855763,0.0984584434,-0.000877069837,-0.00216926644,0.00606951924,-5.82909648,1696.20498
0.0195499483,0.0274539002,0.00111480042,-0.00231851578,-0.00259200672,-1.81813036,1701.71717
0.019594976,0.0943947116,-0.000879929586,-0.0025277653,0.00560630291,-5.53655347,1696.72984
0.019617537,0.0252785992,0.0011349713,-0.00207243681,-0.00287201085,-1.70110137,1701.87457
0.0196805917,0.0232492201,0.0011425385,-0.00184072579,-0.00313641914,-1.59054617,1702.02147
0.0197122421,0.0900387783,-0.00085527692,-0.00290561431,0.00510120195,-5.23812691,1697.24758
0.0197394167,0.0213559743,0.00113884587,-0.00162481947,-0.00338599466,-1.48604633,1702.15695
0.0197942956,0.0195897299,0.00112520608,-0.00142548643,-0.00362144973,-1.38720679,1702.2805
0.0198379401,0.0853696328,-0.000796219564,-0.00328888723,0.00455054326,-4.93467397,1697.75486
0.0198454931,0.0179419674,0.00110287393,-0.00124297742,-0.00384345659,-1.29367431,1702.39201
0.0198932563,0.0164047389,0.00107303351,-0.00107713743,-0.00405265467,-1.20512655,1702.49169
0.0199378154,0.0149706296,0.00103678926,-0.000927506779,-0.00424965672,-1.12127263,1702.58003
0.0199726764,0.0803647536,-0.000696705211,-0.00365848794,0.00395065708,-4.62614232,1698.24828
0.0199793854,0.0136327222,0.000995161824,-0.000793402317,-0.00443505293,-1.0418482,1702.65771
0.0200181669,0.0123845633,0.000949086808,-0.000673985556,-0.00460941375,-0.966612658,1702.72552
0.0200543469,0.0112201325,0.000899415919,-0.000568317522,-0.00477329154,-0.895347037,1702.78431
0.0200880999,0.0101338132,0.000846919911,-0.000475402304,-0.00492722146,-0.827851258,1702.83496
0.0201171009,0.075,-0.000550123972,-0.00398880539,0.00329800116,-4.30971203,1698.72456
0.0201195886,0.00912036556,0.000792292218,-0.000394221253,-0.00507172179,-0.763940236,1702.87829
0.0201489651,0.00817490128,0.000736152559,-0.000323758834,-0.00520729394,-0.703442076,1702.91512
0.020176371,0.00729285993,0.000679050498,-0.000263023263,-0.0053344222,-0.646194153,1702.9462
0.0202019384,0.00646998704,0.000621470355,-0.000211060955,-0.00545357342,-0.592042411,1702.97219
0.0202257908,0.0057023135,0.000563836061,-0.000166966729,-0.00556519673,-0.540843296,1702.99373
0.0202480431,0.00498613648,0.000506515404,-0.000129890699,-0.0056697232,-0.492460306,1703.01137
0.0202615254,0.0696352464,-0.000368172872,-0.00423412277,0.00263686811,-4.00645881,1699.15173
0.0202688026,0.00431800152,0.000449824655,-9.90416885e-05,-0.0057675657,-0.446762039,1703.02561
0.0202881696,0.00369468589,0.000394032966,-7.36892732e-05,-0.00585911879,-0.40362227,1703.03689
0.0203062375,0.00311318307,0.000339366656,-5.31641797e-05,-0.0059447587,-0.362918977,1703.04561
0.0203230933,0.0025706882,0.000286013264,-3.68566662e-05,-0.00602484354,-0.324536381,1703.05211
0.0203388184,0.00206458457,0.00023412533,-2.42166105e-05,-0.00609971345,-0.288362813,1703.05672
0.0203534887,0.00159243101,0.000183823983,-1.47405943e-05,-0.006169691,-0.25433667,1703.05968
0.0203671749,0.00115195011,0.000135202358,-7.9903545e-06,-0.00623508156,-0.222353696,1703.06126
0.0203799429,0.000741017226,8.83289341e-05,-3.51824918e-06,-0.00629617381,-0.192591781,1703.06165
0.0203918545,0.000357650242,4.32503922e-05,-1.1363019e-06,-0.00635324026,-0.1654535,1703.06106
0.0203962617,0.0646303672,-0.000171874587,-0.00437257373,0.00201342739,-3.73729209,1699.51083
0.020402967,0,0,0,-0.00640653165,-0.153001656,1703.05962
0.0205219597,0.0599612217,2.77004968e-05,-0.00441090494,0.00142652881,-3.49331485,1699.81661
0.0206190501,0.15,0,0,0.0129553409,-10.7901183,1685
0.0206270348,0.14964235,1.62091007e-06,-1.93455592e-07,0.0129143058,-10.7685012,1685.10275
0.0206355936,0.149258983,2.99009117e-06,4.18745697e-07,0.0128702862,-10.7223108,1685.21289
0.0206392258,0.0556052884,0.000222553302,-0.00436317216,0.000874558751,-3.26930695,1700.08177
0.0206447679,0.14884805,4.041998e-06,5.28112902e-07,0.0128230595,-10.673825,1685.33093
0.0206546018,0.148407569,4.69774046e-06,8.18921029e-07,0.0127723914,-10.6226165,1685.45742
0.0206651429,0.147935415,4.86600897e-06,1.26332671e-06,0.0127180303,-10.5675045,1685.59293
0.0206764419,0.147429312,4.44170747e-06,1.79443951e-06,0.0126597066,-10.5084529,1685.73808
0.0206885533,0.146886817,3.30433205e-06,2.38669285e-06,0.0125971312,-10.4453203,1685.89352
0.0207015356,0.146305314,1.31710262e-06,3.0063188e-06,0.0125299941,-10.377845,1686.0599
0.0207154514,0.145681998,-1.67498292e-06,3.59952847e-06,0.0124579628,-10.3057345,1686.23795
0.0207303678,0.145013864,-5.84690623e-06,4.08810405e-06,0.012380681,-10.2287104,1686.42837
0.0207463568,0.144297686,-1.1394657e-05,4.36781785e-06,0.0122977664,-10.146479,1686.63193
0.0207486254,0.0515415566,0.000406570452,-0.00424615858,0.000355575423,-3.06319974,1700.31695
0.0207634955,0.143530013,-1.85360978e-05,4.29965459e-06,0.0122088094,-10.0587217,1686.84938
0.0207818665,0.14270714,-2.75124636e-05,3.69804014e-06,0.01211337,-9.96510679,1687.0815
0.0208015584,0.141825099,-3.85887226e-05,2.32067267e-06,0.0120109762,-9.86529362,1687.32906
0.0208226664,0.140879634,-5.20517347e-05,-1.44492092e-07,0.0119011209,-9.75893594,1687.5928
0.020845292,0.139866187,-6.82089546e-05,-4.09133124e-06,0.0117832586,-9.64568044,1687.87345
0.0208506864,0.0477504251,0.000574498724,-0.00407443824,-0.000132495129,-2.87137555,1700.53087
0.0208695446,0.138779867,-8.73871399e-05,-1.00190825e-05,0.0116568016,-9.52515431,1688.17168
0.020895541,0.137615437,-0.000109926657,-1.85476179e-05,0.0115211157,-9.39700524,1688.48809
0.0209234068,0.136367278,-0.000136172915,-3.04404393e-05,0.0113755147,-9.26085886,1688.8232
0.0209459011,0.0442136074,0.000724617678,-0.00386179499,-0.000591724694,-2.69284665,1700.7304
0.0209532761,0.13502937,-0.000166465992,-4.66393341e-05,0.0112192541,-9.11635265,1689.17737
0.0209852933,0.133595261,-0.000201125012,-6.8273966e-05,0.0110515234,-8.96315811,1689.55086
0.0210196126,0.132058033,-0.000240429835,-9.66983801e-05,0.0108714365,-8.80092695,1689.9437
0.0210347286,0.040914044,0.000854852379,-0.00362041285,-0.00102408893,-2.52573678,1700.92055
0.0210563996,0.13041027,-0.000284598374,-0.00013352338,0.0106780207,-8.62935691,1690.35575
0.0210958318,0.128644026,-0.000333753273,-0.000180629554,0.0104702035,-8.44817321,1690.78661
0.0211175975,0.0378358195,0.000965048773,-0.00336116724,-0.00143141731,-2.36883271,1701.10453
0.0211380994,0.12675078,-0.000387881132,-0.000240189713,0.0102467965,-8.25714312,1691.23565
0.0211834062,0.124721401,-0.000446784172,-0.000314672163,0.0100064774,-8.05608833,1691.70197
0.0211949074,0.0349640862,0.00105529261,-0.00309315799,-0.00181537171,-2.22134424,1701.28394
0.0212319708,0.1225461,-0.000510020671,-0.000406828335,0.0097477689,-7.84489514,1692.18437
0.0212670312,0.0322849924,0.00112642774,-0.00282366806,-0.00217744537,-2.08242786,1701.45906
0.0212840274,0.120214384,-0.000576836542,-0.000519651509,0.00946901622,-7.6235291,1692.68142
0.0213343169,0.0297856156,0.00117953761,-0.00255853362,-0.00251897436,-1.95152133,1701.62923
0.0213398271,0.117715008,-0.000646085535,-0.000656300118,0.00916836244,-7.39205354,1693.19143
0.021397089,0.0274539002,0.00121597405,-0.00230214314,-0.00284115549,-1.82802067,1701.79324
0.0213996391,0.115035914,-0.000716144706,-0.00081996442,0.00884372438,-7.15063253,1693.71247
0.0214556503,0.0252785992,0.00123718196,-0.00205775191,-0.00314506655,-1.71144691,1701.9497
0.0214637518,0.112164181,-0.000784818354,-0.00101366667,0.00849277038,-6.89955537,1694.24239
0.0215102832,0.0232492201,0.00124466119,-0.00182760321,-0.00343168651,-1.60133305,1702.09732
0.0215324746,0.109085956,-0.000849229971,-0.00123998308,0.00811290354,-6.63924547,1694.77886
0.0215612512,0.0213559743,0.00123990127,-0.00161313598,-0.00370191316,-1.49726659,1702.23511
0.0216061388,0.105786393,-0.000905746909,-0.00150062773,0.00770125321,-6.37026802,1695.3193
0.0216088003,0.0195897299,0.00122435009,-0.00141512618,-0.00395657868,-1.39886308,1702.36242
0.0216531597,0.0179419674,0.00119938795,-0.00123383037,-0.00419646267,-1.30577461,1702.47896
0.0216850999,0.102249575,-0.000949884312,-0.00179592638,0.00725468195,-6.09330249,1695.86092
0.0216945434,0.0164047389,0.00116631387,-0.00106909999,-0.00442230165,-1.21768371,1702.5848
0.021733151,0.0149706296,0.00112633719,-0.000920481245,-0.00463479661,-1.13430183,1702.68023
0.0217691688,0.0136327222,0.00108057348,-0.00078729674,-0.00483461846,-1.0553655,1702.76577
0.0217697386,0.0984584434,-0.000976310936,-0.00212414697,0.00676981073,-5.80912013,1696.40068
0.0218027705,0.0123845633,0.0010300437,-0.000668713363,-0.00502241185,-0.980633819,1702.84204
0.0218341181,0.0112201325,0.000975675848,-0.000563797179,-0.0051987976,-0.909886337,1702.90972
0.0218604632,0.0943947116,-0.00097880535,-0.00248058911,0.00624306609,-5.51859295,1696.93523
0.0218633629,0.0101338132,0.000918308212,-0.00047155714,-0.00536437431,-0.84292029,1702.96955
0.0218906459,0.00912036556,0.000858693645,-0.000390979123,-0.00551971918,-0.779548009,1703.02224
0.0219160988,0.00817490128,0.000797503701,-0.000321052342,-0.00566538843,-0.719596033,1703.06848
0.0219398442,0.00729285993,0.000735333216,-0.000260789195,-0.0058019174,-0.662898275,1703.10892
0.0219577114,0.0900387783,-0.000950584006,-0.00285683884,0.00567075428,-5.22236998,1697.46085
0.0219619968,0.00646998704,0.000672705546,-0.000209240286,-0.00592982057,-0.609297848,1703.14416
0.0219826633,0.0057023135,0.000610077659,-0.000165504864,-0.00604959151,-0.558649026,1703.17475
0.0220019435,0.00498613648,0.000547845223,-0.000128737066,-0.00616170275,-0.510812102,1703.20121
0.0220199303,0.00431800152,0.000486347622,-9.8149905e-05,-0.00626660588,-0.465653205,1703.22399
0.0220367106,0.00369468589,0.000425872802,-7.3017019e-05,-0.00636473155,-0.423043878,1703.2435
0.0220523653,0.00311318307,0.000366662007,-5.26730739e-05,-0.00645648973,-0.382860166,1703.26011
0.0220619522,0.0853696328,-0.000884265053,-0.0032389905,0.00504915038,-4.92142312,1697.97351
0.0220669697,0.0025706882,0.000308914282,-3.65121339e-05,-0.00654226992,-0.344984526,1703.27417
0.0220805946,0.00206458457,0.000252790665,-2.39876359e-05,-0.00662244161,-0.309304075,1703.28598
0.0220933054,0.00159243101,0.000198418172,-1.45997333e-05,-0.00669735467,-0.275755165,1703.29579
0.0221051636,0.00115195011,0.000145893582,-7.91296074e-06,-0.00676733994,-0.244233652,1703.30387
0.0221162263,0.000741017226,9.52870983e-05,-3.48425783e-06,-0.00683270978,-0.214907054,1703.31042
0.0221265469,0.000357650242,4.6645461e-05,-1.12472985e-06,-0.00689375878,-0.188188952,1703.31564
0.0221361752,0,0,0,-0.00695075902,-0.17594093,1703.31971
0.0221736884,0.0803647536,-0.000773070829,-0.00360823483,0.00437459385,-4.61550721,1698.46896
0.022293459,0.075,-0.000610325732,-0.00393897146,0.0036436091,-4.30211928,1698.94309
0.0224132295,0.0696352464,-0.000408745668,-0.0041854951,0.00290603996,-4.001725,1699.36368
0.0225249657,0.0646303672,-0.000192202332,-0.00432566343,0.00221310371,-3.73521698,1699.7129
0.0226292065,0.0599612217,2.76021587e-05,-0.00436624489,0.00156300194,-3.49341262,1700.00652
0.0227264546,0.0556052884,0.000241571691,-0.00432148333,0.000953482175,-3.27151941,1700.25816
0.0228171793,0.0515415566,0.0004429167,-0.00420714407,0.000382007096,-3.06722579,1700.47928
0.022901818,0.0477504251,0.000626601746,-0.00403819085,-0.000154042199,-2.87676296,1700.67926
0.0229807791,0.0442136074,0.000790247758,-0.00382845665,-0.000657225003,-2.69961972,1700.86552
0.0230544433,0.040914044,0.000932006613,-0.00358982256,-0.00112994805,-2.53353245,1701.0435
0.0231231661,0.0378358195,0.00105161278,-0.00333328646,-0.00157441786,-2.37759312,1701.21674
0.0231872788,0.0349640862,0.00114932314,-0.00306782059,-0.00199262403,-2.23087772,1701.3871
0.0232470908,0.0322849924,0.00122607832,-0.00280075011,-0.00238634373,-2.09265874,1701.55502
0.0233028905,0.0297856156,0.00128313722,-0.00253787145,-0.00275715899,-1.96235789,1701.71994
0.0233549471,0.0274539002,0.00132200826,-0.00228358644,-0.00310648009,-1.83941766,1701.88067
0.0234035117,0.0252785992,0.00134430442,-0.0020411436,-0.00343557098,-1.72336356,1702.03581
0.0234488185,0.0232492201,0.00135168519,-0.0018127949,-0.00374557376,-1.61375025,1702.18398
0.023491086,0.0213559743,0.00134579383,-0.0015999835,-0.00403753019,-1.51017478,1702.32405
0.0235305183,0.0195897299,0.00132822174,-0.00140349315,-0.00431240065,-1.41226353,1702.45521
0.0235673053,0.0179419674,0.00130048244,-0.00122358739,-0.00457107951,-1.31967495,1702.577
0.0236016246,0.0164047389,0.00126399695,-0.00106012505,-0.00481440685,-1.23209636,1702.68927
0.0236336418,0.0149706296,0.00122008578,-0.000912659258,-0.00504317772,-1.14924169,1702.79213
0.0236611192,0.15,0,0,0.0148667308,-10.7400194,1685
0.0236635112,0.0136327222,0.00116996517,-0.000780519416,-0.00525814901,-1.07084816,1702.88588
0.0236664661,0.14964235,2.24234381e-06,-1.6860535e-07,0.0148170635,-10.7183688,1685.10446
0.0236721975,0.149258983,4.20810581e-06,4.69909833e-07,0.0147638034,-10.6722916,1685.21643
0.023678341,0.14884805,5.82122354e-06,6.43921033e-07,0.0147066879,-10.6240229,1685.33642
0.0236849263,0.148407569,6.99173319e-06,1.03590751e-06,0.0146454387,-10.5729719,1685.46501
0.0236913769,0.0123845633,0.00111474648,-0.000662878925,-0.00546004428,-0.996674225,1702.97096
0.0236919851,0.147935415,7.61500939e-06,1.61745962e-06,0.0145797579,-10.5180591,1685.60278
0.0236995514,0.147429312,7.57109717e-06,2.33362536e-06,0.0145093267,-10.4592109,1685.75034
0.0237076618,0.146886817,6.72252323e-06,3.16051899e-06,0.0144338037,-10.396288,1685.90837
0.0237163553,0.146305314,4.91283345e-06,4.07305073e-06,0.014352824,-10.3290412,1686.07754
0.0237173733,0.0112201325,0.00105543846,-0.000558810106,-0.00564955718,-0.926497747,1703.04789
0.023725674,0.145681998,1.96376864e-06,5.02791317e-06,0.0142659968,-10.2571963,1686.25858
0.0237356627,0.145013864,-2.32696012e-06,5.95822772e-06,0.0141729045,-10.1804573,1686.45223
0.0237416259,0.0101338132,0.00099295095,-0.00046732804,-0.00582735367,-0.86011349,1703.11723
0.0237463696,0.144297686,-8.18561759e-06,6.76817458e-06,0.0140731003,-10.0985136,1686.65926
0.0237578465,0.143530013,-1.58632459e-05,7.32638888e-06,0.0139661065,-10.0110595,1686.88045
0.0237642516,0.00912036556,0.000928099467,-0.000387424184,-0.00599407345,-0.797331828,1703.17958
0.0237701485,0.14270714,-2.56362311e-05,7.45823619e-06,0.0138514119,-9.9177756,1687.11661
0.0237833352,0.141825099,-3.7807135e-05,6.93472911e-06,0.0137284698,-9.81831687,1687.36853
0.0237853595,0.00817490128,0.000861610048,-0.000318093556,-0.00615033085,-0.737974874,1703.2355
0.02379747,0.140879634,-5.27048619e-05,5.45580403e-06,0.0135966947,-9.71233293,1687.63699
0.0238050514,0.00729285993,0.000794124955,-0.000258354136,-0.00629671529,-0.681873523,1703.28555
0.0238126212,0.139866187,-7.06818966e-05,2.63570971e-06,0.0134554592,-9.59946917,1687.92274
0.0238234224,0.00646998704,0.000726208315,-0.000207261722,-0.00643379168,-0.628869598,1703.33024
0.0238288618,0.138779867,-9.21091077e-05,-2.01139127e-06,0.0133040901,-9.47937296,1688.2265
0.0238405611,0.0057023135,0.000658351575,-0.000163920807,-0.00656210056,-0.57881378,1703.37006
0.0238462702,0.137615437,-0.000117370862,-9.0890797e-06,0.0131418639,-9.35168159,1688.54891
0.0238565501,0.00498613648,0.000590979355,-0.000127490579,-0.00668215829,-0.53156334,1703.40548
0.0238649304,0.136367278,-0.000146858606,-1.93566388e-05,0.0129680013,-9.21601266,1688.89051
0.0238714665,0.00431800152,0.000524454907,-9.71890761e-05,-0.00679445734,-0.486982045,1703.43691
0.0238849323,0.13502937,-0.000180956832,-3.37426263e-05,0.0127816607,-9.07203418,1689.25173
0.0238853823,0.00369468589,0.00045908548,-7.22947643e-05,-0.00689946649,-0.444939205,1703.46474
0.0238983646,0.00311318307,0.00039512757,-5.21469424e-05,-0.00699763123,-0.405308948,1703.48933
0.0239063724,0.133595261,-0.000220025629,-5.33675284e-05,0.01258193,-8.91939051,1689.63285
0.0239104761,0.0025706882,0.000332791886,-3.6144097e-05,-0.00708937422,-0.367972016,1703.51099
0.023921775,0.00206458457,0.000272248004,-2.37437709e-05,-0.00717509582,-0.332814317,1703.53003
0.0239293542,0.132058033,-0.000264377869,-7.95903971e-05,0.0123678173,-8.757752,1690.03397
0.0239323161,0.00159243101,0.00021362877,-1.44501787e-05,-0.00725517465,-0.299770132,1703.54672
0.02394215,0.00115195011,0.00015703446,-7.83109856e-06,-0.00732996834,-0.268735352,1703.56131
0.0239513243,0.000741017226,0.000102536776,-3.4484578e-06,-0.0073998142,-0.239867434,1703.57402
0.0239539885,0.13041027,-0.000314248069,-0.000114011429,0.0121382394,-8.58684261,1690.45498
0.0239598831,0.000357650242,5.01823107e-05,-1.11261345e-06,-0.00746503,-0.213590023,1703.58506
0.0239678678,0,0,0,-0.0075259105,-0.201556956,1703.5946
0.0239803941,0.128644026,-0.000369758788,-0.000158509379,0.0118920075,-8.40637336,1690.89553
0.0240086984,0.12675078,-0.000430880054,-0.000215266419,0.0116278117,-8.21612803,1691.355
0.0240390379,0.124721401,-0.000497370592,-0.000286759658,0.0113442015,-8.01593716,1691.8325
0.024071559,0.1225461,-0.000568708638,-0.000375758049,0.011039565,-7.80570218,1692.32687
0.0241064185,0.120214384,-0.00064401767,-0.000485280482,0.0107121057,-7.58540444,1692.83663
0.0241437845,0.117715008,-0.000721978363,-0.000618516476,0.010359818,-7.35512613,1693.36003
0.0241838374,0.115035914,-0.000800728455,-0.000778700425,0.00998046411,-7.11505053,1693.89504
0.0242267702,0.112164181,-0.000877763363,-0.000968911442,0.00957155318,-6.86548411,1694.43935
0.0242727901,0.109085956,-0.000949830929,-0.00119178411,0.00913032793,-6.60687658,1694.9904
0.0243221191,0.105786393,-0.00101283506,-0.00144911419,0.00865376129,-6.3398114,1695.5453
0.024374995,0.102249575,-0.00106175614,-0.00174131404,0.00813857092,-6.06499913,1696.10086
0.024431673,0.0984584434,-0.00109064216,-0.00206676901,0.00758125499,-5.78322205,1696.65351
0.0244924263,0.0943947116,-0.00109263089,-0.00242087833,0.00697815337,-5.49539108,1697.19923
0.0245575482,0.0900387783,-0.00106019738,-0.00279539756,0.00632553795,-5.20212672,1697.73354
0.0246273526,0.0853696328,-0.000985375154,-0.00317648983,0.00561972195,-4.90445993,1698.25148
0.0247021762,0.0803647536,-0.000860697104,-0.00354562115,0.00485717001,-4.60200944,1698.74782
0.0247823801,0.075,-0.000679371208,-0.00387729282,0.00403461027,-4.29243899,1699.21744
0.0248625839,0.0696352464,-0.000455482416,-0.00412565486,0.00320843518,-3.99575875,1699.6281
0.0249374076,0.0646303672,-0.00021596466,-0.00426834572,0.00243562643,-3.73247579,1699.96352
0.025007212,0.0599612217,2.64723069e-05,-0.00431207415,0.00171348973,-3.49353728,1700.24076
0.0250723338,0.0556052884,0.000261733312,-0.00427094428,0.00103891041,-3.27421956,1700.47461
0.0251330872,0.0515415566,0.000482375353,-0.00416014722,0.000408561086,-3.07199679,1700.6775
0.0251897652,0.0477504251,0.000683335449,-0.00399481673,-0.000180889236,-2.88328548,1700.85964
0.0252426411,0.0442136074,0.00086176917,-0.0037887103,-0.000732630424,-2.70772328,1701.02907
0.0252919701,0.040914044,0.00101598807,-0.00355353791,-0.00124962187,-2.5428932,1701.19172
0.02533799,0.0378358195,0.00114569221,-0.00330034273,-0.00173455021,-2.38805759,1701.3515
0.0253809228,0.0349640862,0.00125132095,-0.00303801719,-0.00218982,-2.24225422,1701.51051
0.0254209756,0.0322849924,0.00133395518,-0.00277390277,-0.00261756623,-2.10482711,1701.66937
0.0254583417,0.0297856156,0.00139505196,-0.00251376905,-0.00301967944,-1.97521574,1701.82759
0.0254932012,0.0274539002,0.00143630963,-0.00226202892,-0.00339783662,-1.85290402,1701.98397
0.0255257222,0.0252785992,0.0014595343,-0.0020219299,-0.00375353314,-1.73743037,1702.13704
0.0255560617,0.0232492201,0.00146656915,-0.00179573457,-0.00408811282,-1.62837176,1702.28529
0.025584366,0.0213559743,0.00145923141,-0.00158489427,-0.00440279458,-1.52533808,1702.4274
0.0256107716,0.0195897299,0.00143927339,-0.0013902031,-0.00469869538,-1.42796749,1702.56236
0.0256354059,0.0179419674,0.00140835662,-0.00121193455,-0.00497684876,-1.33592604,1702.68948
0.0256583877,0.0164047389,0.00136803678,-0.00104995751,-0.00523821939,-1.24890596,1702.80836
0.0256798279,0.0149706296,0.00131975592,-0.00090383473,-0.00548371457,-1.16662372,1702.91887
0.0256998298,0.0136327222,0.0012648393,-0.000772904899,-0.00571419282,-1.08881721,1703.02109
0.0257184899,0.0123845633,0.00120449552,-0.000656350322,-0.00593047023,-1.01524407,1703.11525
0.0257358983,0.0112201325,0.0011398193,-0.000553251839,-0.00613332496,-0.945680296,1703.20168
0.025752139,0.0101338132,0.00107179606,-0.000462632634,-0.00632350047,-0.879918292,1703.28077
0.0257672902,0.00912036556,0.00100130722,-0.000383492061,-0.00650170772,-0.817765444,1703.35298
0.025781425,0.00817490128,0.000929135864,-0.000314832529,-0.00666862668,-0.759039463,1703.41874
0.0257946116,0.00729285993,0.000855973059,-0.00025567938,-0.0068249074,-0.703568723,1703.47851
0.0258069137,0.00646998704,0.000782424234,-0.000205095453,-0.00697117078,-0.651192944,1703.53274
0.0258183905,0.0057023135,0.000709015647,-0.000162191726,-0.00710800917,-0.601759296,1703.58185
0.0258290975,0.00498613648,0.000636200733,-0.000126133842,-0.00723598691,-0.555122186,1703.62625
0.0258390862,0.00431800152,0.000564366167,-9.61460059e-05,-0.00735564084,-0.511142876,1703.66633
0.0258484049,0.00369468589,0.000493837857,-7.15125627e-05,-0.0074674809,-0.469688552,1703.70244
0.0258570984,0.00311318307,0.000424886749,-5.15783581e-05,-0.00757199068,-0.430631558,1703.73494
0.0258652088,0.0025706882,0.000357734319,-3.57470933e-05,-0.00766962815,-0.393851097,1703.76413
0.0258727751,0.00206458457,0.00029255772,-2.34811152e-05,-0.00776082635,-0.359231999,1703.79032
0.0258798339,0.00159243101,0.000229494582,-1.42892718e-05,-0.00784599423,-0.326706673,1703.81379
0.0258864191,0.00115195011,0.000168647662,-7.7432174e-06,-0.00792551748,-0.296171038,1703.83477
0.0258925626,0.000741017226,0.000110089287,-3.41002265e-06,-0.0079997594,-0.267773436,1703.85352
0.025898294,0.000357650242,5.38649465e-05,-1.09958074e-06,-0.00806906186,-0.24194636,1703.87025
0.025903641,0,0,0,-0.00813374326,-0.230129006,1703.88515
0.0269008515,0.15,0,0,0.0169023161,-10.6806597,1685
0.0269033516,0.14964235,3.04639887e-06,-1.43330032e-07,0.0168433499,-10.6589958,1685.10652
0.0269060315,0.149258983,5.8017733e-06,5.29057134e-07,0.0167801356,-10.613075,1685.22069
0.0269089041,0.14884805,8.17806352e-06,7.80828051e-07,0.0167123677,-10.5650702,1685.34305
0.0269119832,0.148407569,1.00712803e-05,1.29649575e-06,0.016639721,-10.5142207,1685.47417
0.0269152837,0.147935415,1.13609845e-05,2.04378119e-06,0.0165618477,-10.4595476,1685.61465
0.0269188216,0.147429312,1.19091888e-05,2.98125505e-06,0.016478376,-10.4009523,1685.76512
0.0269226138,0.146886817,1.15578456e-05,4.09087892e-06,0.0163889089,-10.3382961,1685.92627
0.0269266787,0.146305314,1.01265488e-05,5.36005246e-06,0.016293022,-10.2713304,1686.0988
0.026931036,0.145681998,7.41141178e-06,6.75238497e-06,0.0161902625,-10.1997872,1686.28344
0.0269357065,0.145013864,3.1832838e-06,8.20764128e-06,0.0160801469,-10.1233735,1686.48096
0.0269407128,0.144297686,-2.81505409e-06,9.645843e-06,0.0159621595,-10.0417766,1686.69216
0.0269460792,0.143530013,-1.08709508e-05,1.09476397e-05,0.0158357498,-9.95467813,1686.91784
0.0269518314,0.14270714,-2.13018593e-05,1.19475213e-05,0.0157003307,-9.86176166,1687.15884
0.0269579972,0.141825099,-3.44537992e-05,1.24282739e-05,0.0155552754,-9.76270061,1687.41598
0.0269646063,0.140879634,-5.07006633e-05,1.21056293e-05,0.0153999151,-9.65714364,1687.69008
0.0269716907,0.139866187,-7.0442777e-05,1.06085942e-05,0.0152335353,-9.54473487,1687.98193
0.0269792845,0.138779867,-9.41030203e-05,7.46348617e-06,0.015055372,-9.42511747,1688.29229
0.0269874243,0.137615437,-0.000122118811,2.07336345e-06,0.0148646068,-9.29793129,1688.62184
0.0269961494,0.136367278,-0.000154929875,-6.30656693e-06,0.0146603619,-9.1628231,1688.97117
0.0270055019,0.13502937,-0.000192965579,-1.85862873e-05,0.0144416928,-9.01945139,1689.34077
0.0270155269,0.133595261,-0.000236629401,-3.5883466e-05,0.0142075807,-8.86745361,1689.73096
0.0270262727,0.132058033,-0.000286271812,-5.95484896e-05,0.0139569222,-8.70652832,1690.14189
0.0270377912,0.13041027,-0.000342154488,-9.11793498e-05,0.0136885177,-8.53638048,1690.57349
0.0270501379,0.128644026,-0.000404406615,-0.000132669175,0.013401057,-8.35674488,1691.02545
0.0270633724,0.12675078,-0.000472975254,-0.000186199333,0.0130931027,-8.16743695,1691.4972
0.0270775585,0.124721401,-0.000547571398,-0.000254254422,0.012763071,-7.96827848,1691.98786
0.0270927647,0.1225461,-0.000627592628,-0.000339628463,0.0124092099,-7.75919118,1692.49625
0.0271090643,0.120214384,-0.000712032462,-0.000445368715,0.012029576,-7.54017424,1693.02086
0.0271265359,0.117715008,-0.000799386433,-0.000574704679,0.0116220102,-7.31132436,1693.55986
0.0271452638,0.115035914,-0.000887541648,-0.000730922049,0.0111841153,-7.07285698,1694.1111
0.0271653383,0.112164181,-0.00097366806,-0.000917161397,0.0107132373,-6.82510814,1694.67206
0.0271868562,0.109085956,-0.00105410892,-0.00113613081,0.0102064554,-6.56854425,1695.23992
0.0272099215,0.105786393,-0.00112427594,-0.00138971725,0.00966058427,-6.30377352,1695.8114
0.0272346452,0.102249575,-0.00117857691,-0.00167843698,0.00907219678,-6.03153528,1696.38285
0.0272611466,0.0984584434,-0.00121040387,-0.00200080106,0.00843767104,-5.7526337,1696.95006
0.0272895536,0.0943947116,-0.00121219696,-0.00235233794,0.00775326647,-5.46800096,1697.50826
0.0273200033,0.0900387783,-0.00117566493,-0.0027249679,0.00701523068,-5.17826518,1698.05208
0.0273526424,0.0853696328,-0.0010921886,-0.00310498124,0.00621992978,-4.88447268,1698.57553
0.0273876284,0.0803647536,-0.000953611087,-0.00347408175,0.00536397525,-4.58614382,1699.07225
0.0274251301,0.075,-0.000752906299,-0.00380694067,0.00444432063,-4.28100895,1699.53598
0.0274626317,0.0696352464,-0.000505737966,-0.00405751176,0.00352429738,-3.98871749,1699.93458
0.0274976178,0.0646303672,-0.000242106693,-0.0042031967,0.00266697451,-3.7291795,1700.25358
0.0275302569,0.0599612217,2.40428353e-05,-0.00425061817,0.00186868631,-3.49357896,1700.51149
0.0275607065,0.0556052884,0.000281661199,-0.0042135657,0.00112538569,-3.27724905,1700.72447
0.0275891135,0.0515415566,0.000522678471,-0.00410689983,0.000432893786,-3.07743082,1700.90609
0.027615615,0.0477504251,0.000741799703,-0.00394575662,-0.000212884926,-2.8907642,1701.06746
0.0276403387,0.0442136074,0.000935832149,-0.00374378376,-0.000815815884,-2.71698539,1701.21735
0.0276634039,0.040914044,0.00110317053,-0.00351259136,-0.00137944924,-2.55363264,1701.36222
0.0276849218,0.0378358195,0.00124352553,-0.00326320203,-0.00190698405,-2.4000483,1701.50639
0.0277049964,0.0349640862,0.00135750649,-0.00300446834,-0.00240126711,-2.2553011,1701.65224
0.0277237243,0.0322849924,0.00144635459,-0.0027437243,-0.00286481436,-2.11877419,1701.80055
0.0277411959,0.0297856156,0.00151172382,-0.00248671927,-0.00329984449,-1.98994998,1701.95089
0.0277574954,0.0274539002,0.00155551423,-0.00223787524,-0.0037083179,-1.86835213,1702.10204
0.0277727016,0.0252785992,0.00157973487,-0.00200044114,-0.00409197572,-1.75353661,1702.25242
0.0277868877,0.0232492201,0.00158642326,-0.00177669055,-0.00445237595,-1.64510392,1702.40036
0.0278001222,0.0213559743,0.0015775804,-0.00156808479,-0.00479092543,-1.54267967,1702.54433
0.027812469,0.0195897299,0.00155512893,-0.00137542961,-0.00510890709,-1.44591456,1702.68305
0.0278239875,0.0179419674,0.00152088686,-0.00119900995,-0.00540750187,-1.35448318,1702.81558
0.0278347333,0.0164047389,0.00147655237,-0.00103870623,-0.00568780643,-1.26808304,1702.94123
0.0278447583,0.0149706296,0.00142369617,-0.000894092534,-0.00595084689,-1.18643315,1703.05961
0.0278541107,0.0136327222,0.00136375877,-0.000764518527,-0.00619758932,-1.10927212,1703.17055
0.0278628358,0.0123845633,0.00129805136,-0.000649177082,-0.0064289476,-1.03635683,1703.27405
0.0278709757,0.0112201325,0.00122775937,-0.000547159236,-0.00664578923,-0.967461081,1703.37024
0.0278785694,0.0101338132,0.00115394777,-0.000457497832,-0.00684893953,-0.902374483,1703.45934
0.0278856538,0.00912036556,0.00107756714,-0.00037920189,-0.00703918468,-0.840901493,1703.54164
0.027892263,0.00817490128,0.000999460337,-0.000311282652,-0.00721727395,-0.782856973,1703.61746
0.0278984288,0.00729285993,0.000920369507,-0.000252773945,-0.0073839213,-0.728066145,1703.68716
0.027904181,0.00646998704,0.000840943259,-0.000202747088,-0.00753980669,-0.676364867,1703.7511
0.0279095473,0.0057023135,0.000761744018,-0.000160320896,-0.00768557704,-0.627597129,1703.80964
0.0279145537,0.00498613648,0.000683255013,-0.000124668586,-0.00782184722,-0.581614793,1703.86314
0.0279192242,0.00431800152,0.000605887061,-9.5021489e-05,-0.00794920081,-0.538276662,1703.91196
0.0279235814,0.00369468589,0.000529985208,-7.06706986e-05,-0.00806819103,-0.497447833,1703.95645
0.0279276463,0.00311318307,0.000455835149,-5.09673794e-05,-0.00817934156,-0.458998913,1703.99692
0.0279314386,0.0025706882,0.000383669238,-3.53210868e-05,-0.00828314749,-0.422807592,1704.03371
0.0279349764,0.00206458457,0.000313672184,-2.31998109e-05,-0.00838007624,-0.388757431,1704.06709
0.027938277,0.00159243101,0.000245986515,-1.41173711e-05,-0.0084705686,-0.356778981,1704.09735
0.0279413561,0.00115195011,0.000180717503,-7.649454e-06,-0.00855503972,-0.326768493,1704.12476
0.0279442287,0.000741017226,0.000117937821,-3.36895256e-06,-0.00863388022,-0.298865909,1704.14956
0.0279469085,0.000357650242,5.76915601e-05,-1.08569772e-06,-0.00870745724,-0.273511027,1704.17198
0.0279494087,0,0,0,-0.00877611432,-0.261921571,1704.19224
0.030111421,0,0,0,-0.00945498621,-0.297236575,1704.51681
0.0301127129,0.000357650242,6.16645514e-05,-1.07108007e-06,-0.00938239908,-0.308597313,1704.4913
0.0301140977,0.000741017226,0.000126089708,-3.3253267e-06,-0.00930459189,-0.333471383,1704.46327
0.030115582,0.00115195011,0.000193259195,-7.54975448e-06,-0.00922119493,-0.360867796,1704.43251
0.030117173,0.00159243101,0.000263131145,-1.39342525e-05,-0.00913181481,-0.390340674,1704.39877
0.0301188785,0.00206458457,0.000335633504,-2.28996671e-05,-0.00903603248,-0.421758472,1704.36179
0.0301207066,0.0025706882,0.000410659524,-3.48656005e-05,-0.00893340195,-0.455224511,1704.3213
0.0301226661,0.00311318307,0.000488062682,-5.03123471e-05,-0.00882344901,-0.490809836,1704.277
0.0301247665,0.00369468589,0.000567651309,-6.9765997e-05,-0.00870566999,-0.528631762,1704.22859
0.030127018,0.00431800152,0.000649182862,-9.38102701e-05,-0.00857953048,-0.568814,1704.17577
0.0301294313,0.00498613648,0.000732357637,-0.000123086563,-0.00844446416,-0.611487594,1704.11822
0.0301320182,0.0057023135,0.000816811953,-0.000158295903,-0.00829987152,-0.656789445,1704.05561
0.0301347911,0.00646998704,0.000902111147,-0.000200198514,-0.00814511873,-0.704863068,1703.98762
0.0301377634,0.00729285993,0.000987742199,-0.000249612153,-0.00797953637,-0.755859255,1703.91393
0.0301409494,0.00817490128,0.00107310614,-0.000307408442,-0.00780241821,-0.809937134,1703.83423
0.0301443644,0.00912036556,0.00115751018,-0.000374505917,-0.00761301982,-0.867264235,1703.74825
0.0301480251,0.0101338132,0.00124015949,-0.000451860108,-0.00741055703,-0.928017791,1703.65573
0.030151949,0.0112201325,0.00132014918,-0.000540448407,-0.007194204,-0.992386815,1703.55649
0.030156155,0.0123845633,0.00139645639,-0.000641249955,-0.00696309094,-1.0605712,1703.45038
0.0301606634,0.0136327222,0.0014679324,-0.000755219753,-0.006716301,-1.1327836,1703.33738
0.030165496,0.0149706296,0.00153329562,-0.000883253809,-0.00645286618,-1.2092521,1703.21758
0.0301706761,0.0164047389,0.00159112534,-0.00102614571,-0.00617176191,-1.2902206,1703.09124
0.0301762287,0.0179419674,0.0016398572,-0.00118453167,-0.00587189974,-1.3759497,1702.95879
0.0301821805,0.0195897299,0.00167778138,-0.00135882308,-0.00555211758,-1.46671751,1702.82096
0.0301885603,0.0213559743,0.00170304466,-0.00154912463,-0.00521116694,-1.56282051,1702.67871
0.0301953988,0.0232492201,0.00171365763,-0.00175513625,-0.00484769638,-1.6645745,1702.53334
0.0302027291,0.0252785992,0.00170750972,-0.00197603709,-0.00446023022,-1.77231471,1702.38641
0.0302105865,0.0274539002,0.00168239639,-0.00221035203,-0.00404714258,-1.88639655,1702.23975
0.0302190088,0.0297856156,0.00163606311,-0.00245579401,-0.00360662493,-2.00719354,1702.09523
0.0302280367,0.0322849924,0.00156627151,-0.0027091087,-0.00313664761,-2.13512433,1701.95462
0.0302377138,0.0349640862,0.00147089181,-0.00296586233,-0.00263491663,-2.2706191,1701.81919
0.0302480867,0.0378358195,0.00134805519,-0.00322031701,-0.00209882584,-2.41414842,1701.68933
0.0302592054,0.040914044,0.00119632035,-0.00346516467,-0.00152540829,-2.56630072,1701.56413
0.0302711237,0.0442136074,0.00101488964,-0.00369155666,-0.000911291829,-2.72791276,1701.44093
0.0302838989,0.0477504251,0.000803990189,-0.00388858452,-0.000252666392,-2.89965643,1701.31496
0.0302975927,0.0515415566,0.000565144829,-0.00404466904,0.000454725859,-3.08381039,1701.17914
0.0303122712,0.0556052884,0.00030188514,-0.00414618669,0.00121556435,-3.28067332,1701.0239
0.0303280052,0.0599612217,1.98359065e-05,-0.00417824733,0.00203487207,-3.49347968,1700.83705
0.0303448704,0.0646303672,-0.000272359455,-0.00412623547,0.00291787059,-3.72501729,1700.60368
0.0303629484,0.0696352464,-0.000562580764,-0.00397669813,0.00386976129,-3.97995784,1700.30602
0.0303823263,0.075,-0.000835443904,-0.0037231661,0.00489543026,-4.26681259,1699.92369
0.0304017041,0.0803647536,-0.00105763339,-0.0033885778,0.00592503836,-4.56642456,1699.46883
0.0304197821,0.0853696328,-0.00121156455,-0.00301922176,0.00688735641,-4.85955801,1698.97332
0.0304366474,0.0900387783,-0.00130454986,-0.00264020571,0.00778507636,-5.14846622,1698.44469
0.0304523813,0.0943947116,-0.00134545925,-0.00226960338,0.00862132946,-5.43368386,1697.89062
0.0304670598,0.0984584434,-0.00134365352,-0.001920936,0.00939960907,-5.71420317,1697.31833
0.0304807536,0.102249575,-0.00130825402,-0.00160210696,0.0101236234,-5.98937031,1696.73428
0.0304935288,0.105786393,-0.00124761292,-0.00131742261,0.010797143,-6.25824151,1696.14415
0.0305054471,0.109085956,-0.001169077,-0.0010682258,0.0114238737,-6.51998514,1695.55291
0.0305165659,0.112164181,-0.00107889081,-0.00085387131,0.0120073628,-6.77383331,1694.96485
0.0305269388,0.115035914,-0.000982206189,-0.000672362892,0.0125509384,-7.01914935,1694.38369
0.0305366158,0.117715008,-0.000883150732,-0.000520896423,0.0130576759,-7.25543518,1693.81265
0.0305456438,0.120214384,-0.000784928128,-0.000396253089,0.013530389,-7.48232677,1693.25448
0.0305540661,0.1225461,-0.000689938455,-0.000295084923,0.013971635,-7.6995844,1692.71154
0.0305619234,0.124721401,-0.000599902651,-0.000214111992,0.0143837302,-7.90708383,1692.18575
0.0305692537,0.12675078,-0.000515975192,-0.00015024176,0.0147687709,-8.10479628,1691.6787
0.0305760922,0.128644026,-0.000438859579,-0.000100659481,0.0151286573,-8.29281193,1691.19158
0.030582472,0.13041027,-0.0003689092,-6.28725323e-05,0.0154651159,-8.47126731,1690.72527
0.0305884238,0.132058033,-0.000306193427,-3.46770908e-05,0.0157797219,-8.64031801,1690.28032
0.0305939764,0.133595261,-0.000250567507,-1.41657378e-05,0.0160739185,-8.80022236,1689.857
0.0305991565,0.13502937,-0.000201741628,2.59508411e-07,0.0163490337,-8.95128091,1689.45531
0.0306039891,0.136367278,-0.000159328402,9.93300086e-06,0.0166062952,-9.09379938,1689.07507
0.0306084976,0.137615437,-0.0001228762,1.59613946e-05,0.016846842,-9.22810481,1688.71589
0.0306127036,0.138779867,-9.18958778e-05,1.92495322e-05,0.0170717346,-9.35453861,1688.37722
0.0306166274,0.139866187,-6.58851429e-05,2.05280559e-05,0.0172819633,-9.47345304,1688.05842
0.0306202881,0.140879634,-4.43455293e-05,2.03792576e-05,0.0174784548,-9.58520226,1687.75874
0.0306237032,0.141825099,-2.67945092e-05,1.92597979e-05,0.0176620776,-9.69014645,1687.4774
0.0306268891,0.14270714,-1.27730343e-05,1.7522616e-05,0.017833647,-9.78863405,1687.21354
0.0306298614,0.143530013,-1.85036627e-06,1.54380956e-05,0.0179939289,-9.8809945,1686.9663
0.0306326343,0.144297686,6.37168263e-06,1.32124894e-05,0.0181436427,-9.96755998,1686.73483
0.0306352212,0.145013864,1.22564154e-05,1.09948977e-05,0.0182834646,-10.0486681,1686.51824
0.0306376345,0.145681998,1.61326382e-05,8.8862477e-06,0.0184140303,-10.124634,1686.31571
0.030639886,0.146305314,1.82961246e-05,6.95245515e-06,0.0185359368,-10.1957523,1686.12641
0.0306419864,0.146886817,1.90106001e-05,5.24220469e-06,0.018649745,-10.2623099,1685.94954
0.030643946,0.147429312,1.85108739e-05,3.78098111e-06,0.0187559814,-10.3245797,1685.78435
0.030645774,0.147935415,1.70049702e-05,2.571033e-06,0.0188551401,-10.3828123,1685.63009
0.0306474795,0.148407569,1.46755033e-05,1.61939249e-06,0.0189476846,-10.4371417,1685.48609
0.0306490705,0.14884805,1.16815653e-05,9.51236709e-07,0.0190340493,-10.4876838,1685.35168
0.0306505549,0.149258983,8.16129151e-06,6.05754974e-07,0.0191146414,-10.5353095,1685.22625
0.0306519396,0.14964235,4.23383356e-06,-1.08404543e-07,0.0191898421,-10.5810133,1685.1092
0.0306532315,0.15,0,0,0.0192600077,-10.6026862,1685
0.0323962834,0,0,0,-0.010172433,-0.336404017,1704.85985
0.0324017707,0.000357650242,6.57810702e-05,-1.0553265e-06,-0.0100957836,-0.347527025,1704.82909
0.0324076526,0.000741017226,0.000134537198,-3.27830471e-06,-0.010013603,-0.371900303,1704.79548
0.0324139575,0.00115195011,0.000206257665,-7.44234946e-06,-0.00992549404,-0.398767712,1704.75877
0.0324207156,0.00159243101,0.000280903035,-1.37368535e-05,-0.00983103581,-0.427678624,1704.7187
0.0324279597,0.00206458457,0.000358401968,-2.25764322e-05,-0.00972977955,-0.458509433,1704.67499
0.0324357247,0.0025706882,0.000438646559,-3.43752034e-05,-0.009621247,-0.491363569,1704.62736
0.0324440481,0.00311318307,0.000521486692,-4.9606935e-05,-0.00950492892,-0.526313532,1704.57552
0.0324529699,0.00369468589,0.000606724026,-6.87909016e-05,-0.00938028361,-0.563477023,1704.51915
0.0324625333,0.00431800152,0.000694105674,-9.25035007e-05,-0.00924673541,-0.602978854,1704.45796
0.0324727842,0.00498613648,0.000783317479,-0.000121378243,-0.00910367316,-0.644951661,1704.39161
0.0324837723,0.0057023135,0.000873976859,-0.000156106946,-0.00895044867,-0.689534408,1704.31982
0.0324955505,0.00646998704,0.000965624852,-0.000197440313,-0.0087863752,-0.736872888,1704.24229
0.0325081756,0.00729285993,0.00105771781,-0.000246185808,-0.0086107258,-0.787120593,1704.15873
0.0325217085,0.00817490128,0.00114961901,-0.000303204001,-0.00842273166,-0.840439756,1704.06892
0.0325362145,0.00912036556,0.00124058995,-0.00036940193,-0.0082215802,-0.897001833,1703.97264
0.0325517635,0.0101338132,0.00132978123,-0.000445722627,-0.00800641295,-0.956986535,1703.86976
0.0325684306,0.0112201325,0.00141622323,-0.000533130233,-0.007776323,-1.02058551,1703.76021
0.0325862961,0.0123845633,0.00149881722,-0.000632590236,-0.00753035186,-1.0880032,1703.64404
0.0326054463,0.0136327222,0.00157632656,-0.000745043116,-0.00726748548,-1.15945514,1703.5214
0.0326259734,0.0149706296,0.00164736853,-0.000871369817,-0.00698664903,-1.23517116,1703.39262
0.0326479765,0.0164047389,0.00171040697,-0.00101234806,-0.00668670013,-1.31539591,1703.25824
0.0326715618,0.0179419674,0.00176374665,-0.00116859762,-0.00636641987,-1.40038895,1703.11902
0.0326968429,0.0195897299,0.00180553056,-0.00134051291,-0.0060245011,-1.49042489,1702.97598
0.0327239419,0.0213559743,0.001833741,-0.00152818128,-0.0056595332,-1.58579358,1702.83046
0.0327529894,0.0232492201,0.00184620647,-0.00173128517,-0.00526998243,-1.68680011,1702.68412
0.0327841256,0.0252785992,0.00184061692,-0.00194898661,-0.00485416685,-1.79376393,1702.53889
0.0328175006,0.0274539002,0.00181455187,-0.00217979453,-0.00441022592,-1.90701886,1702.39691
0.0328532754,0.0297856156,0.00176552644,-0.00242140852,-0.0039360824,-2.02691087,1702.26033
0.0328916226,0.0322849924,0.00169106003,-0.00267056542,-0.00342939696,-2.15382002,1702.13112
0.0329327272,0.0349640862,0.00158878205,-0.00292282505,-0.00288751706,-2.28812303,1702.01065
0.0329767873,0.0378358195,0.00145658751,-0.00317244701,-0.00230741972,-2.43026035,1701.89932
0.0330240156,0.040914044,0.00129281536,-0.00341216353,-0.00168565207,-2.58078546,1701.79606
0.0330746399,0.0442136074,0.00109649597,-0.00363310744,-0.00101827497,-2.74039766,1701.69791
0.0331289042,0.0477504251,0.000867781702,-0.00382461809,-0.000300817669,-2.90989859,1701.59963
0.0331870704,0.0515415566,0.000608126942,-0.00397502878,0.000471744867,-3.09094129,1701.49344
0.0332494191,0.0556052884,0.000321337768,-0.00407056905,0.00130497715,-3.28430024,1701.36882
0.0333162509,0.0599612217,1.35000485e-05,-0.00409700052,0.00220491418,-3.49325339,1701.21239
0.0333878882,0.0646303672,-0.000306132236,-0.0040398635,0.00317792081,-3.71998704,1701.00772
0.0334646766,0.0696352464,-0.000624340342,-0.00388590093,0.00423047124,-3.96952548,1700.73518
0.0335469865,0.075,-0.000924143402,-0.00362894251,0.00536880646,-4.25001488,1700.37228
0.0336292963,0.0803647536,-0.00116877064,-0.00329232679,0.0065159104,-4.54311943,1699.92837
0.0337060847,0.0853696328,-0.00133856577,-0.00292259374,0.00759211566,-4.83009658,1699.43499
0.0337777221,0.0900387783,-0.00144118928,-0.00254459396,0.00859970977,-5.11323183,1698.90113
0.0338445539,0.0943947116,-0.00148623816,-0.00217617847,0.00954152062,-5.39308474,1698.33596
0.0339069025,0.0984584434,-0.00148389637,-0.00183064115,0.0104208638,-5.66870333,1697.74807
0.0339650687,0.102249575,-0.00144416466,-0.00151569839,0.0112413734,-5.939408,1697.14514
0.0340193331,0.105786393,-0.00137625222,-0.00123546935,0.0120068279,-6.20424426,1696.53392
0.0340699573,0.109085956,-0.00128830037,-0.000991138381,0.0127210014,-6.46235009,1695.92024
0.0341171856,0.112164181,-0.00118726045,-0.000781916544,0.0133875506,-6.7129315,1695.30909
0.0341612458,0.115035914,-0.00107889346,-0.000605684923,0.0140099394,-6.95531722,1694.70476
0.0342023504,0.117715008,-0.000967830125,-0.000459534631,0.0145913943,-7.18896841,1694.11089
0.0342406976,0.120214384,-0.000857677751,-0.000340157375,0.0151348877,-7.41348756,1693.53056
0.0342764724,0.1225461,-0.000751150913,-0.000244132024,0.0156431373,-7.62860362,1692.96633
0.0343098474,0.124721401,-0.000650198782,-0.00016811518,0.0161186188,-7.83416329,1692.42029
0.0343409836,0.12675078,-0.000556141682,-0.000108979398,0.0165635848,-8.03013846,1691.89409
0.0343700311,0.128644026,-0.000469799335,-6.38915917e-05,0.0169800873,-8.21657451,1691.38898
0.0343971301,0.13041027,-0.000391575242,-3.03126301e-05,0.0173700006,-8.39354989,1690.90583
0.0344224112,0.132058033,-0.000321548579,-6.01045226e-06,0.017735043,-8.56124912,1690.44517
0.0344459964,0.133595261,-0.000259570699,1.09100938e-05,0.0180767967,-8.719929,1690.00724
0.0344679996,0.13502937,-0.000205325503,2.20427931e-05,0.0183967246,-8.86985129,1689.59198
0.0344885267,0.136367278,-0.000158376163,2.87238414e-05,0.0186961851,-9.01130978,1689.19914
0.0345076768,0.137615437,-0.000118209357,3.20532244e-05,0.0189764444,-9.14462733,1688.82828
0.0345255423,0.138779867,-8.42703224e-05,3.29232582e-05,0.0192386865,-9.27014063,1688.47878
0.0345422094,0.139866187,-5.59878094e-05,3.20506361e-05,0.0194840212,-9.38819288,1688.14994
0.0345577585,0.140879634,-3.27930935e-05,3.00003786e-05,0.019713491,-9.49913938,1687.84096
0.0345722644,0.141825099,-1.41345708e-05,2.72083235e-05,0.0199280768,-9.60332632,1687.55098
0.0345857973,0.14270714,5.12824785e-07,2.40148981e-05,0.0201287021,-9.70109052,1687.2791
0.0345984224,0.143530013,1.1641435e-05,2.06786244e-05,0.0203162369,-9.79277542,1687.02441
0.0346102006,0.144297686,1.97062801e-05,1.7382238e-05,0.0204915012,-9.87872253,1686.78601
0.0346211887,0.145013864,2.51238546e-05,1.42534958e-05,0.0206552675,-9.95925152,1686.56299
0.0346314397,0.145681998,2.82728794e-05,1.13801922e-05,0.0208082635,-10.0346608,1686.35446
0.0346410031,0.146305314,2.94950571e-05,8.81774773e-06,0.0209511745,-10.1052513,1686.15957
0.0346499249,0.146886817,2.90966566e-05,6.59489887e-06,0.0210846455,-10.1713115,1685.97749
0.0346582482,0.147429312,2.73493218e-05,4.72147536e-06,0.021209283,-10.2331125,1685.80743
0.0346660132,0.147935415,2.44919721e-05,3.19098395e-06,0.0213256575,-10.2909083,1685.64865
0.0346732574,0.148407569,2.07341384e-05,1.99887247e-06,0.0214343044,-10.3448317,1685.50041
0.0346800155,0.14884805,1.62583531e-05,1.15261145e-06,0.0215357268,-10.3950155,1685.36205
0.0346863203,0.149258983,1.12230835e-05,6.95620032e-07,0.0216303966,-10.44221,1685.23292
0.0346922022,0.14964235,5.76489101e-06,-6.98848465e-08,0.0217187563,-10.4876452,1685.11243
0.0346976896,0.15,0,0,0.0218012176,-10.5093059,1685
0.0348109763,0,0,0,-0.0109306466,-0.379739438,1705.2224
0.0348209299,0.000357650242,7.00380279e-05,-1.03870792e-06,-0.0108497532,-0.390614925,1705.18638
0.0348315992,0.000741017226,0.000143273299,-3.2285284e-06,-0.0107630036,-0.414466075,1705.14716
0.0348430356,0.00115195011,0.000219700951,-7.32848836e-06,-0.0106699717,-0.440780477,1705.10448
0.0348552944,0.00159243101,0.000299284219,-1.35272628e-05,-0.0105702079,-0.469103652,1705.05805
0.0348684347,0.00206458457,0.000381952664,-2.22325194e-05,-0.0104632325,-0.4993195,1705.00759
0.0348825198,0.0025706882,0.000467597092,-3.38526485e-05,-0.0103485332,-0.531531363,1704.9528
0.0348976176,0.00311318307,0.000556063631,-4.88545636e-05,-0.0102255644,-0.565813374,1704.89337
0.0349138011,0.00369468589,0.000647147329,-6.77498681e-05,-0.0100937445,-0.602284002,1704.82899
0.0349311483,0.00431800152,0.000740585028,-9.11067589e-05,-0.00995245467,-0.641069107,1704.75934
0.0349497428,0.00498613648,0.000836047955,-0.000119549518,-0.00980103684,-0.682302579,1704.68414
0.0349696744,0.0057023135,0.00093313378,-0.000153760342,-0.00963879186,-0.726124993,1704.60308
0.0349910391,0.00646998704,0.00103135824,-0.000194479612,-0.00946497761,-0.772684366,1704.5159
0.03501394,0.00729285993,0.00113014612,-0.000242502902,-0.00927880693,-0.822136989,1704.42238
0.0350384876,0.00817490128,0.00122882163,-0.000298678419,-0.00907944548,-0.8746477,1704.32232
0.0350648003,0.00912036556,0.00132659873,-0.000363899928,-0.00886600931,-0.930390883,1704.21562
0.0350930051,0.0101338132,0.00142257112,-0.000439096221,-0.00863756215,-0.989550963,1704.10224
0.0351232378,0.0112201325,0.00151570173,-0.000525216731,-0.00839311216,-1.05232305,1703.98226
0.0351556445,0.0123845633,0.00160481258,-0.000623211379,-0.00813160794,-1.11891389,1703.85589
0.0351903813,0.0136327222,0.00168857509,-0.000734003925,-0.00785193361,-1.18954222,1703.7235
0.0352276159,0.0149706296,0.00176550051,-0.000858458115,-0.00755290239,-1.26443976,1703.58568
0.0352675278,0.0164047389,0.00183393143,-0.00099733365,-0.00723324843,-1.34385174,1703.44325
0.0353103096,0.0179419674,0.0018920351,-0.00115123164,-0.00689161614,-1.42803627,1703.29729
0.0353561676,0.0195897299,0.00193779957,-0.00132052736,-0.00652654632,-1.51726397,1703.14921
0.035405323,0.0213559743,0.00196903412,-0.0015052887,-0.00613645832,-1.61181723,1703.00074
0.0354580129,0.0232492201,0.00198337569,-0.00170517886,-0.00571962726,-1.71198906,1702.85395
0.0355144915,0.0252785992,0.00197830468,-0.00191934134,-0.00527415491,-1.81808116,1702.71115
0.0355750311,0.0274539002,0.00195117412,-0.00214626783,-0.00479793444,-1.93040296,1702.57486
0.0356399238,0.0297856156,0.00189925786,-0.00238364478,-0.00428860651,-2.04926967,1702.44758
0.0357094827,0.0322849924,0.00181982454,-0.00262819738,-0.00374350647,-2.1750162,1702.3315
0.0357840431,0.0349640862,0.00171025241,-0.00287548866,-0.00315960485,-2.30797499,1702.22814
0.0358639648,0.0378358195,0.00156818046,-0.00311977128,-0.00253344001,-2.44853017,1702.13789
0.0359496332,0.040914044,0.00139172159,-0.00335381857,-0.00186104709,-2.597175,1702.05955
0.0360414616,0.0442136074,0.00117974913,-0.00356875818,-0.00113788864,-2.75449053,1701.98982
0.0361398929,0.0477504251,0.000932322619,-0.00375419592,-0.000358795429,-2.92138523,1701.92293
0.0362454018,0.0515415566,0.000650936136,-0.00389835452,0.000482070529,-3.09885996,1701.85031
0.0363584973,0.0556052884,0.000339529833,-0.00398733134,0.00139121435,-3.2882414,1701.7604
0.036479725,0.0599612217,4.69760672e-06,-0.00400764616,0.0023757501,-3.49277356,1701.63843
0.0366096695,0.0646303672,-0.000343491242,-0.00394495831,0.00344326703,-3.71394713,1701.46626
0.0367489576,0.0696352464,-0.000690742205,-0.00378619049,0.00460160965,-3.95722417,1701.2222
0.0368982612,0.075,-0.00101835457,-0.00352554494,0.00585848805,-4.23037869,1700.88139
0.0370475648,0.0803647536,-0.00128597255,-0.00318679829,0.00712937626,-4.51594835,1700.45008
0.0371868529,0.0853696328,-0.00147178544,-0.00281672312,0.00832572881,-4.79577641,1699.9594
0.0373167974,0.0900387783,-0.00158386474,-0.00243988649,0.00944939687,-5.07220731,1699.41998
0.037362877,0,0,0,-0.0117319434,-0.427621475,1705.60553
0.037377639,0.000357650242,7.44327721e-05,-1.02097734e-06,-0.0116466389,-0.438241089,1705.56426
0.0373934624,0.000741017226,0.000152292728,-3.17542374e-06,-0.0115551399,-0.461548191,1705.51944
0.0374104236,0.00115195011,0.000233581112,-7.20711778e-06,-0.0114569902,-0.487285279,1705.47078
0.0374286044,0.00159243101,0.000318264051,-1.33038197e-05,-0.0113517104,-0.514994876,1705.41799
0.037438025,0.0943947116,-0.00163255784,-0.00207389703,0.0105028742,-5.34581783,1698.84266
0.0374480925,0.00206458457,0.000406272204,-2.18658448e-05,-0.011238788,-0.544568065,1705.36076
0.0374689819,0.0025706882,0.000497495285,-3.32952533e-05,-0.011117676,-0.576107868,1705.29878
0.0374913733,0.00311318307,0.000591775656,-4.80514103e-05,-0.0109877901,-0.609689831,1705.23173
0.0375153747,0.00369468589,0.000688901419,-6.66381604e-05,-0.0108485073,-0.645433166,1705.15929
0.037541102,0.00431800152,0.00078859899,-8.96144705e-05,-0.0106991636,-0.683464893,1705.08116
0.0375511206,0.0984584434,-0.00162893957,-0.00173179609,0.0114892708,-5.61571668,1698.23756
0.0375686792,0.00498613648,0.000890524924,-0.000117594455,-0.010539052,-0.723920033,1704.99704
0.0375982394,0.0057023135,0.000994256938,-0.000151249438,-0.01036742,-0.766940503,1704.90665
0.037629925,0.00646998704,0.00109928464,-0.000191308237,-0.0101834674,-0.812676361,1704.80976
0.0376566295,0.102249575,-0.0015839468,-0.00142109962,0.0124121246,-5.88120378,1697.61372
0.037663889,0.00729285993,0.00120499986,-0.000238554001,-0.00998634423,-0.861286513,1704.70618
0.0377002952,0.00817490128,0.00131068647,-0.000293820766,-0.00977514738,-0.912938836,1704.5958
0.0377393191,0.00912036556,0.00141550936,-0.000357987568,-0.00954891819,-0.967810999,1704.47859
0.0377550608,0.105786393,-0.00150770421,-0.00114572472,0.0132752049,-6.14131346,1696.97903
0.037781149,0.0101338132,0.00151850302,-0.000431967595,-0.00930663886,-1.02609091,1704.35461
0.0378259867,0.0112201325,0.00161856011,-0.000516693489,-0.00904722848,-1.08797615,1704.22411
0.0378468892,0.109085956,-0.00140920001,-0.000906689421,0.0140823408,-6.39515423,1696.3403
0.0378740485,0.0123845633,0.00171442016,-0.000613097271,-0.00876953823,-1.15367656,1704.08747
0.0379255661,0.0136327222,0.00180465844,-0.000722084216,-0.00847234536,-1.22341466,1703.94529
0.0379325576,0.112164181,-0.00129614386,-0.000703051637,0.0148372889,-6.64189865,1695.7033
0.0379807881,0.0149706296,0.00188767516,-0.000844498667,-0.00815434558,-1.29742381,1703.79841
0.0380124793,0.115035914,-0.00117494401,-0.000532560422,0.0155436422,-6.88083071,1695.07296
0.0380399808,0.0164047389,0.00196168573,-0.000981080148,-0.00781414341,-1.37594926,1703.64797
0.0380870397,0.117715008,-0.00105076357,-0.000392195821,0.0162047742,-7.11137506,1694.45338
0.0381034297,0.0179419674,0.00202471292,-0.0011324089,-0.00745023964,-1.4592473,1703.49542
0.0381565985,0.120214384,-0.000927640832,-0.000278555065,0.0168238137,-7.33309905,1693.84801
0.038171441,0.0195897299,0.00207458195,-0.00129883894,-0.00706101527,-1.54758388,1703.34256
0.0382214913,0.1225461,-0.000808621028,-0.000188128138,0.0174036381,-7.54568425,1693.25968
0.0382443425,0.0213559743,0.00210892007,-0.00148041688,-0.00664471093,-1.64123276,1703.19156
0.0382820309,0.124721401,-0.000695902452,-0.000117519036,0.0179468829,-7.74898682,1692.69063
0.038322486,0.0232492201,0.00212516287,-0.00167678501,-0.00619940066,-1.74047315,1703.04492
0.0383385095,0.12675078,-0.000590990502,-6.35782235e-05,0.0184559584,-7.94292488,1692.14265
0.0383911994,0.128644026,-0.000494806273,-2.34045896e-05,0.0189330708,-8.12745941,1691.61701
0.0384062484,0.0252785992,0.00212057044,-0.00188706712,-0.00572295848,-1.84558673,1702.90543
0.0384403548,0.13041027,-0.000407800687,5.58906856e-06,0.0193802451,-8.30270976,1691.11462
0.0384862128,0.132058033,-0.000330080543,2.56236007e-05,0.0197993464,-8.46885476,1690.63597
0.0384960337,0.0274539002,0.00209225776,-0.00210973697,-0.00521301832,-1.95685546,1702.77602
0.0385289946,0.133595261,-0.000261486871,3.85971617e-05,0.0201920997,-8.62609707,1690.18126
0.0385689065,0.13502937,-0.000201661544,4.61146727e-05,0.0205601074,-8.7746891,1689.75041
0.038592275,0.0297856156,0.00203724562,-0.00234246788,-0.00466692353,-2.0745591,1702.65955
0.0386061411,0.136367278,-0.000150111566,4.95079556e-05,0.0209048638,-8.91491711,1689.34307
0.0386408779,0.137615437,-0.000106257141,4.98672259e-05,0.0212277674,-9.04709117,1688.95874
0.0386732846,0.138779867,-6.94681952e-05,4.8074312e-05,0.0215301311,-9.17153625,1688.59674
0.0386954365,0.0322849924,0.00195253942,-0.00258197495,-0.00408166635,-2.19898477,1702.55852
0.0387035173,0.139866187,-3.90946333e-05,4.48275146e-05,0.0218131901,-9.28859484,1688.2563
0.0387317221,0.140879634,-1.44901203e-05,4.06754183e-05,0.0220781089,-9.39860697,1687.93654
0.0387580348,0.141825099,4.97431141e-06,3.60416398e-05,0.0223259865,-9.50190727,1687.63655
0.0387825824,0.14270714,1.98980393e-05,3.12461848e-05,0.0225578607,-9.59884493,1687.35538
0.0388054833,0.143530013,3.0842418e-05,2.65246909e-05,0.022774712,-9.68976714,1687.09205
0.0388060158,0.0349640862,0.00183524856,-0.00282382586,-0.0034538194,-2.33041708,1702.47461
0.038826848,0.144297686,3.83287344e-05,2.20390696e-05,0.0229774669,-9.77499239,1686.8456
0.0388467796,0.145013864,4.28359365e-05,1.79001202e-05,0.0231670003,-9.8548314,1686.61509
0.0388653741,0.145681998,4.47989477e-05,1.41787188e-05,0.0233441379,-9.92959447,1686.39959
0.0388827213,0.146305314,4.46090897e-05,1.09124227e-05,0.0235096592,-9.9995763,1686.1982
0.0388989047,0.146886817,4.26160444e-05,8.11451394e-06,0.0236642989,-10.0650599,1686.01006
0.0389140026,0.147429312,3.91302136e-05,5.78044789e-06,0.023808749,-10.1263157,1685.83434
0.0389245463,0.0378358195,0.00168275424,-0.00306227714,-0.00277945732,-2.46916405,1702.40824
0.0389280877,0.147935415,3.44254474e-05,3.88978534e-06,0.0239436614,-10.1835965,1685.67028
0.038941228,0.148407569,2.87418925e-05,2.42636407e-06,0.024069649,-10.2370348,1685.51711
0.0389534868,0.14884805,2.22886581e-05,1.37969196e-06,0.0241872882,-10.2867814,1685.37414
0.0389649232,0.149258983,1.52470277e-05,7.95158356e-07,0.0242971204,-10.3334761,1685.24071
0.0389755925,0.14964235,7.77297659e-06,-3.09858848e-08,0.0243996537,-10.3785656,1685.11619
0.0389855461,0.15,0,0,0.0244953593,-10.4001686,1685
0.0390515997,0.040914044,0.00149294228,-0.00329014095,-0.00205407323,-2.61564081,1702.35805
0.0391877888,0.0442136074,0.00126451517,-0.00349857013,-0.00127249518,-2.77032433,1702.32039
0.0393337706,0.0477504251,0.000997419576,-0.0036773404,-0.000428811412,-2.93411322,1702.28887
0.0394902491,0.0515415566,0.000693269809,-0.00381468864,0.000483682544,-3.10772543,1702.25405
0.0396579792,0.0556052884,0.000356125553,-0.00389675949,0.00147249791,-3.2925906,1702.20316
0.0398377699,0.0599612217,-6.94316851e-06,-0.0039105353,0.00254590794,-3.49179479,1702.11987
0.0400304883,0.0646303672,-0.000384932157,-0.003841896,0.00371282387,-3.70666161,1701.98411
0.0400597819,0,0,0,-0.0125787715,-0.480403445,1706.01042
0.0400792162,0.000357650242,7.8958996e-05,-1.00228219e-06,-0.0124887331,-0.490750684,1705.96383
0.040100048,0.000741017226,0.000161580933,-3.11940501e-06,-0.0123921397,-0.513481464,1705.91333
0.0401223777,0.00115195011,0.000247872996,-7.07898023e-06,-0.0122885038,-0.538606032,1705.85861
0.040146313,0.00159243101,0.000337804012,-1.30677151e-05,-0.0121773148,-0.565664427,1705.79937
0.0401719693,0.00206458457,0.000431305458,-2.14781425e-05,-0.0120580262,-0.594554828,1705.73527
0.0401994705,0.0025706882,0.000528265594,-3.27055452e-05,-0.0119300539,-0.625379973,1705.666
0.0402289491,0.00311318307,0.000628522588,-4.72012802e-05,-0.011792774,-0.658216693,1705.59122
0.0402370642,0.0696352464,-0.000762376493,-0.00367810605,0.00498257904,-3.94270967,1701.77187
0.0402605474,0.00369468589,0.00073185707,-6.54605129e-05,-0.0116455201,-0.693184593,1705.51062
0.0402944178,0.00431800152,0.00083798402,-8.80324817e-05,-0.0114875813,-0.730411604,1705.42387
0.0403307236,0.00498613648,0.000946544011,-0.000115521056,-0.0113181998,-0.770034057,1705.3307
0.0403696399,0.0057023135,0.00105709384,-0.000148585631,-0.011136568,-0.812195697,1705.23085
0.0404113545,0.00646998704,0.00116909609,-0.000187942074,-0.0109418258,-0.857048569,1705.12411
0.0404560686,0.00729285993,0.00128190825,-0.000234359768,-0.0107330582,-0.904753678,1705.01034
0.0404584938,0.075,-0.00111876219,-0.00341366437,0.00636449422,-4.207442,1701.4557
0.0405039979,0.00817490128,0.00139477151,-0.000288658164,-0.0105092918,-0.955481418,1704.88948
0.0405553734,0.00912036556,0.00150679905,-0.00035170073,-0.0102694911,-1.00941232,1704.76161
0.0406104432,0.0101338132,0.00161696376,-0.000424383245,-0.010012555,-1.06673803,1704.62691
0.0406694727,0.0112201325,0.00172408522,-0.000507620232,-0.00973731166,-1.12765976,1704.48576
0.0406799234,0.0803647536,-0.00140999032,-0.00307283684,0.00776617834,-4.48431177,1701.0384
0.0407327467,0.0123845633,0.00182681682,-0.000602324741,-0.00944251316,-1.19238998,1704.33874
0.0408005704,0.0136327222,0.00192363353,-0.000709382309,-0.00912682824,-1.26115368,1704.18668
0.0408732709,0.0149706296,0.00201282013,-0.000829616355,-0.00878883367,-1.33418589,1704.03072
0.0408864993,0.0853696328,-0.00161201296,-0.00270257971,0.0090897165,-4.7558664,1700.55072
0.040951199,0.0164047389,0.00209245997,-0.000963745088,-0.00842700298,-1.41173165,1703.87232
0.0410347305,0.0179419674,0.00216042596,-0.00111232693,-0.00803969226,-1.49404497,1703.71329
0.0410792177,0.0900387783,-0.00173336049,-0.00232714758,0.010336481,-5.02452655,1700.00517
0.0411242682,0.0195897299,0.00221437474,-0.001275694,-0.00762512184,-1.58138627,1703.55588
0.0412202442,0.0213559743,0.00225174572,-0.00145387143,-0.00718135295,-1.67401952,1703.40271
0.0412590084,0.0943947116,-0.0017851671,-0.00196388236,0.0115085895,-5.29089602,1699.41442
0.0413231213,0.0232492201,0.00226976733,-0.0016464809,-0.00670625824,-1.77220843,1703.25676
0.0414267385,0.0984584434,-0.00177946221,-0.00162555543,0.0126089087,-5.55414484,1698.7903
0.0414333957,0.0252785992,0.00226547371,-0.00185262749,-0.00619748398,-1.87621261,1703.12132
0.0415515994,0.0274539002,0.00223573695,-0.00207076869,-0.00565240492,-1.98628353,1702.99978
0.041583217,0.102249575,-0.00172818275,-0.00131946681,0.0136408501,-5.81355454,1698.14333
0.0416783025,0.0297856156,0.00217732186,-0.00229856823,-0.0050680675,-2.10266334,1702.8954
0.0417291988,0.105786393,-0.00164243159,-0.00104932471,0.0146081486,-6.06814698,1697.48266
0.0418141161,0.0322849924,0.00208696724,-0.00253273712,-0.0044411214,-2.22558768,1702.81099
0.0418653879,0.109085956,-0.00153210177,-0.000815973691,0.0155146669,-6.31700365,1696.81614
0.0419596954,0.0349640862,0.00196151003,-0.00276885064,-0.00376774187,-2.35527488,1702.74843
0.0419924413,0.112164181,-0.0014057135,-0.000618316413,0.0163642458,-6.55924889,1696.15043
0.0421109718,0.115035914,-0.00127036671,-0.000453965748,0.0171605959,-6.79412083,1695.49111
0.0421157425,0.0378358195,0.00179808398,-0.00300118197,-0.00304354024,-2.49196196,1702.70815
0.0422215511,0.117715008,-0.00113179682,-0.000319787376,0.0179072294,-7.02100923,1694.84284
0.0422830102,0.040914044,0.00159435905,-0.00322258664,-0.00226346757,-2.63598244,1702.68861
0.0423247126,0.120214384,-0.000994505023,-0.000212270792,0.0186074255,-7.23942599,1694.20946
0.0424209539,0.1225461,-0.000861894252,-0.000127830509,0.0192642181,-7.44904421,1693.59409
0.0424623052,0.0442136074,0.00134887013,-0.0034242675,-0.00142171643,-2.78770324,1702.68573
0.0425107392,0.124721401,-0.000736434966,-6.30348612e-05,0.0198804005,-7.64967478,1692.9992
0.0425945016,0.12675078,-0.000619811593,-1.46580655e-05,0.0204585405,-7.84114283,1692.42665
0.0426544923,0.0477504251,0.00106147994,-0.0035961271,-0.000511630248,-2.94795981,1702.69243
0.0426726451,0.128644026,-0.000513052514,2.02678023e-05,0.0210009997,-8.02343174,1691.87784
0.0427455466,0.13041027,-0.000416678804,4.43337988e-05,0.0215099558,-8.19665294,1691.35367
0.0428135579,0.132058033,-0.000330816232,5.97724126e-05,0.0219874235,-8.3609291,1690.85462
0.0428604986,0.0515415566,0.000733899142,-0.00372651544,0.000474366562,-3.11731742,1702.69826
0.0428770068,0.133595261,-0.000255283666,6.84999569e-05,0.0224352749,-8.51645009,1690.38087
0.0429099304,0,0,0,-0.0134737181,-0.538491154,1706.4383
0.0429341769,0.000357650242,8.36127172e-05,-9.82581773e-07,-0.0133787031,-0.548554821,1706.38636
0.0429361995,0.13502937,-0.000189678966,7.21233463e-05,0.0228552561,-8.6634521,1689.93225
0.0429601668,0.000741017226,0.00017113046,-3.0604383e-06,-0.0132767551,-0.570681121,1706.33014
0.0429880255,0.00115195011,0.000262566297,-6.94404169e-06,-0.0131673541,-0.595162631,1706.26933
0.0429914215,0.136367278,-0.00013344531,7.19713591e-05,0.0232490024,-8.80220691,1689.50839
0.0430178874,0.00159243101,0.000357891794,-1.28189792e-05,-0.0130499566,-0.62153703,1706.20359
0.0430429391,0.137615437,-8.59258738e-05,6.91244072e-05,0.0236180502,-8.93301039,1689.10868
0.0430498965,0.00206458457,0.000457039222,-2.10695521e-05,-0.0129239809,-0.649709529,1706.13259
0.0430813177,0.0556052884,0.000370407224,-0.00380172443,0.00154479934,-3.29709558,1702.6891
0.0430842072,0.0025706882,0.000559895279,-3.20838147e-05,-0.0127888045,-0.679782474,1706.05598
0.0430910009,0.138779867,-4.64075328e-05,6.44540206e-05,0.0239638475,-9.05618204,1688.7324
0.043120985,0.00311318307,0.000666293738,-4.6304594e-05,-0.0126437619,-0.711833909,1705.97342
0.0431358386,0.139866187,-1.41536312e-05,5.86420933e-05,0.0242877613,-9.17205251,1688.37867
0.0431604073,0.00369468589,0.000776007455,-6.42177914e-05,-0.0124881418,-0.745983744,1705.88459
0.0431776685,0.140879634,1.15717485e-05,5.22213232e-05,0.0245910846,-9.2809491,1688.04658
0.0432026643,0.00431800152,0.000888739628,-8.6362312e-05,-0.0123211844,-0.782360567,1705.78917
0.0432166924,0.141825099,3.14852074e-05,4.55987499e-05,0.0248750415,-9.38321551,1687.73511
0.0432479597,0.00498613648,0.00100411432,-0.000113330591,-0.0121420792,-0.8211018,1705.68689
0.0432530986,0.14270714,4.62712522e-05,3.90678407e-05,0.0251407912,-9.47919225,1687.44326
0.0432870626,0.143530013,5.65735369e-05,3.28413024e-05,0.0253894318,-9.56920153,1687.17
0.0432965121,0.0057023135,0.0011216662,-0.000145769959,-0.0119499611,-0.862352809,1705.5775
0.0433180148,0.0599612217,-2.13936485e-05,-0.00380899521,0.0027091135,-3.49024081,1702.6469
0.0433187482,0.144297686,6.29889034e-05,2.70651108e-05,0.0256220032,-9.65356407,1686.9143
0.0433483084,0.145013864,6.6064522e-05,2.18320347e-05,0.0258394897,-9.73259629,1686.67518
0.0433485556,0.00646998704,0.00124082967,-0.000184382389,-0.0117439083,-0.906267576,1705.46082
0.0433758856,0.145681998,6.62973467e-05,1.719258e-05,0.0260428223,-9.8066028,1686.45164
0.0434016128,0.146305314,6.4135187e-05,1.31659103e-05,0.0262328811,-9.87587447,1686.24276
0.0434043413,0.00729285993,0.00136092695,-0.000229922129,-0.0115229383,-0.953009148,1705.33678
0.0434256143,0.146886817,5.9978422e-05,9.74797673e-06,0.0264104972,-9.94069136,1686.04763
0.0434480057,0.147429312,5.41824508e-05,6.91816779e-06,0.0265764549,-10.0013216,1685.8654
0.0434641383,0.00817490128,0.00148115534,-0.000283192634,-0.0112860045,-1.00275022,1705.20538
0.0434688951,0.147935415,4.70606665e-05,4.64072675e-06,0.0267314937,-10.0580177,1685.69524
0.0434883832,0.148407569,3.8887691e-05,2.88605032e-06,0.0268763099,-10.1109121,1685.53638
0.043506564,0.14884805,2.99024581e-05,1.62546665e-06,0.027011559,-10.1601666,1685.3881
0.0435235252,0.149258983,2.03118009e-05,9.02839548e-07,0.0271378575,-10.2063297,1685.2497
0.0435282349,0.00912036556,0.00160057429,-0.000345040433,-0.0110319924,-1.05567401,1705.06677
0.0435393486,0.14964235,1.02934073e-05,8.00399374e-09,0.0272557845,-10.2510213,1685.12053
0.0435541106,0.15,0,0,0.0273658752,-10.2725206,1685
0.0435717315,0.0646303672,-0.00042959926,-0.0037345285,0.00397756222,-3.69811679,1702.54947
0.0435969404,0.0101338132,0.00171809214,-0.000416343179,-0.0107597143,-1.11197506,1704.92127
0.0436705862,0.0112201325,0.00183245243,-0.000497995765,-0.0104679048,-1.17185951,1704.76942
0.0437495274,0.0123845633,0.00194221934,-0.000590890953,-0.0101552135,-1.23554154,1704.612
0.0438341449,0.0136327222,0.00204576369,-0.000695892586,-0.00982019726,-1.30324661,1704.45008
0.0438436917,0.0696352464,-0.000837459217,-0.00356602544,0.00536099707,-3.9260982,1702.3703
0.0439248467,0.0149706296,0.00214125007,-0.000813801969,-0.00946131028,-1.37521288,1704.28509
0.0440220705,0.0164047389,0.00222662439,-0.000945314658,-0.0090768913,-1.45168482,1704.11884
0.0441262851,0.0179419674,0.00229960365,-0.00109096629,-0.00866514758,-1.53291297,1703.95357
0.044135207,0.075,-0.00122259955,-0.00329821591,0.00687039229,-4.18149889,1702.07917
0.0442379932,0.0195897299,0.00235766925,-0.00125106636,-0.0082241343,-1.6191512,1703.79195
0.0443577337,0.0213559743,0.00239806545,-0.00142561821,-0.00775172848,-1.71065222,1703.6371
0.0444267224,0.0803647536,-0.00153713867,-0.00295583839,0.00840536808,-4.44871576,1701.67539
0.0444860841,0.0232492201,0.00241780566,-0.0016142233,-0.00724559595,-1.80766229,1703.49255
0.0446236635,0.0252785992,0.00241368983,-0.00181596925,-0.00670314925,-1.91041609,1703.36209
0.0446986825,0.0853696328,-0.00175483061,-0.00258592209,0.00985850178,-4.71110433,1701.18958
0.0447711354,0.0274539002,0.00238233888,-0.00202929837,-0.00612149719,-2.01913033,1703.24962
0.0449292114,0.0297856156,0.0023202539,-0.00225187021,-0.00549738141,-2.13401141,1703.15886
0.0449523992,0.0900387783,-0.00188472267,-0.0022123791,0.01123071,-4.97116857,1700.63634
0.0450986537,0.0322849924,0.00222389811,-0.00248039374,-0.00482709977,-2.25523795,1703.09295
0.0451890963,0.0943947116,-0.00193878114,-0.00185226819,0.0125237462,-5.22954566,1700.03037
0.0452802797,0.0349640862,0.002089836,-0.0027104649,-0.00410641901,-2.38293355,1703.05397
0.0454099154,0.0984584434,-0.00193003509,-0.00151808185,0.0137402421,-5.48545943,1699.38526
0.0454749655,0.0378358195,0.00191495237,-0.00293638389,-0.00333047363,-2.51727081,1703.04239
0.0456159217,0.102249575,-0.00187145962,-0.0012168973,0.0148834831,-5.73817226,1698.71312
0.0456836502,0.040914044,0.00169669424,-0.00315105076,-0.00249365577,-2.65850216,1703.05643
0.0458081089,0.105786393,-0.00177516921,-0.000952225751,0.0159571674,-5.9866904,1698.02441
0.0459073402,0.0442136074,0.00143343218,-0.00334575136,-0.00158950146,-2.80687047,1703.09153
0.0459220302,0,0,0,-0.0144195175,-0.602287062,1706.89045
0.0459507911,0.000357650242,8.83859418e-05,-9.61832756e-07,-0.0143191425,-0.612047142,1706.83307
0.0459816201,0.000741017226,0.000180923694,-2.99849798e-06,-0.0142114311,-0.633528382,1706.77105
0.0459874038,0.109085956,-0.001652003,-0.000724736447,0.0169651903,-6.23007054,1697.32806
0.0460146658,0.00115195011,0.000277631823,-6.80227289e-06,-0.0140958293,-0.657323531,1706.70405
0.0460500877,0.00159243101,0.000378484305,-1.25576813e-05,-0.0139717594,-0.682967776,1706.63171
0.0460880565,0.00206458457,0.000483413791,-2.06403958e-05,-0.0138386026,-0.710373327,1706.55369
0.0461287555,0.0025706882,0.000592304895,-3.14308816e-05,-0.0136956965,-0.73964203,1706.46962
0.0461471146,0.0477504251,0.00112496445,-0.00351051578,-0.000610582503,-2.96312226,1703.13982
0.0461546715,0.112164181,-0.00151131264,-0.000533189449,0.0179114735,-6.46738052,1696.63159
0.046172381,0.00311318307,0.00070498635,-4.53630182e-05,-0.0135423324,-0.770853064,1706.37917
0.0462191433,0.00369468589,0.000821222448,-6.29129909e-05,-0.0133777522,-0.80412653,1706.28198
0.0462692681,0.00431800152,0.000940703663,-8.46088767e-05,-0.0132011458,-0.839591579,1706.17775
0.0463107186,0.115035914,-0.0013609029,-0.000375075786,0.0187998416,-6.69780558,1695.94128
0.046322997,0.00498613648,0.00106303645,-0.000111031175,-0.013011648,-0.877386473,1706.06621
0.0463805894,0.0057023135,0.00118773217,-0.000142814115,-0.012808335,-0.917657787,1705.94715
0.0464041299,0.0515415566,0.000773096411,-0.00363384359,0.000451582084,-3.12765797,1703.18969
0.0464423229,0.00646998704,0.00131419522,-0.000180645293,-0.012590221,-0.960561207,1705.8204
0.0464562979,0.117715008,-0.00120710279,-0.000247149256,0.0196339425,-6.92069653,1695.26235
0.0465084953,0.00729285993,0.00144171024,-0.000225263934,-0.0123562547,-1.00626192,1705.68594
0.0465794258,0.00817490128,0.0015694288,-0.000277456389,-0.0121053151,-1.05493525,1705.54385
0.0465921115,0.120214384,-0.00105488798,-0.000145793712,0.020417203,-7.1355033,1694.59903
0.0466554566,0.00912036556,0.00169635483,-0.000338050933,-0.0118362067,-1.10676724,1705.39438
0.0466796259,0.0556052884,0.000382389908,-0.00370222426,0.00160657586,-3.30167716,1703.22548
0.0467188146,0.1225461,-0.000908033828,-6.73746583e-05,0.0211528108,-7.34191583,1693.95475
0.0467369543,0.0101338132,0.00182132976,-0.000407906055,-0.0115476548,-1.16195473,1705.23797
0.0468243122,0.0112201325,0.00194301751,-0.000487896948,-0.0112382988,-1.22070619,1705.07533
0.0468370183,0.124721401,-0.000769281428,-8.41807909e-06,0.0218437153,-7.53962337,1693.33218
0.0469179514,0.0123845633,0.00205988942,-0.000578895478,-0.0109066854,-1.28323932,1704.90743
0.0469472927,0.12675078,-0.000640491819,3.44030195e-05,0.02249264,-7.72841687,1692.73335
0.0469749313,0.0599612217,-3.89843824e-05,-0.00370312537,0.00286507325,-3.48799366,1703.22721
0.0470183238,0.0136327222,0.00217020882,-0.000681742966,-0.0105512592,-1.34978124,1704.73562
0.0470501698,0.128644026,-0.000522815484,6.4080804e-05,0.0231021007,-7.90831792,1692.15968
0.0471259134,0.0149706296,0.00227201591,-0.00079721866,-0.0101703519,-1.42057021,1704.56162
0.0471461458,0.13041027,-0.000416837253,8.32110266e-05,0.0236744267,-8.07935786,1691.61212
0.0472356835,0.132058033,-0.000322691711,9.40553355e-05,0.0242117824,-8.24164058,1691.09116
0.0472412392,0.0164047389,0.00236311476,-0.000925995103,-0.00976216774,-1.49585015,1704.38762
0.0472914705,0.0646303672,-0.000478210611,-0.003623111,0.00423874265,-3.68798305,1703.17034
0.047319215,0.133595261,-0.000240174451,9.85383229e-05,0.0247161863,-8.39533431,1690.59691
0.0473648575,0.0179419674,0.00244106206,-0.00106858559,-0.00932476625,-1.57586751,1704.21626
0.0473971431,0.13502937,-0.00016883196,9.82683912e-05,0.0251895288,-8.54065637,1690.12916
0.0474698436,0.136367278,-0.000108037232,9.45699927e-05,0.0256335866,-8.67786413,1689.68748
0.0474973645,0.0195897299,0.00250315948,-0.00122527792,-0.00885603908,-1.66086854,1704.05071
0.0475376673,0.137615437,-5.7050823e-05,8.85174601e-05,0.0260500352,-8.80723816,1689.27118
0.0476009413,0.138779867,-1.50682736e-05,8.09660655e-05,0.0264404586,-8.92908311,1688.87946
0.0476307705,0.0696352464,-0.000917155065,-0.00345034062,0.00574004805,-3.90686418,1703.02568
0.0476393995,0.0213559743,0.00254645181,-0.00139605538,-0.00835368135,-1.75109325,1703.8946
0.0476599708,0.139866187,1.87439642e-05,7.25862907e-05,0.0268063572,-9.04371481,1688.51138
0.0477150406,0.140879634,4.52201822e-05,6.38927056e-05,0.0271491541,-9.15146312,1688.16593
0.0477664162,0.141825099,6.51726571e-05,5.52670078e-05,0.0274702003,-9.25265883,1687.84203
0.0477916474,0.0232492201,0.00256773336,-0.00158050175,-0.00781515517,-1.84676856,1703.75201
0.0478143454,0.14270714,7.93772089e-05,4.69869643e-05,0.0277707785,-9.34762497,1687.53862
0.0478590595,0.143530013,8.85638033e-05,3.92465749e-05,0.0280521064,-9.43668838,1687.25459
0.0479007741,0.144297686,9.34097213e-05,3.21708966e-05,0.0283153396,-9.5201658,1686.98887
0.0479396905,0.145013864,9.45364523e-05,2.58327388e-05,0.0285615741,-9.59836616,1686.7404
0.0479548426,0.0252785992,0.00256356648,-0.00177769111,-0.00723764324,-1.9481017,1703.62728
0.0479759962,0.145681998,9.25089807e-05,2.02640082e-05,0.0287918483,-9.67158981,1686.50815
0.0479944677,0.075,-0.00133151114,-0.00317977146,0.0073817378,-4.15178749,1702.76005
0.0480098666,0.146305314,8.78364888e-05,1.5465946e-05,0.0290071454,-9.74012484,1686.29114
0.0480414649,0.146886817,8.09742484e-05,1.14174458e-05,0.0292083954,-9.80424815,1686.08843
0.0480709435,0.147429312,7.2326372e-05,8.08214718e-06,0.0293964768,-9.86422466,1685.89911
0.0480984447,0.147935415,6.22491206e-05,5.40936151e-06,0.0295722189,-9.92030587,1685.72234
0.048124101,0.148407569,5.10545001e-05,3.35646012e-06,0.0297364038,-9.97262365,1685.55731
0.0481297723,0.0274539002,0.00253031804,-0.00198605507,-0.00661799334,-2.05527147,1703.52485
0.0481480363,0.14884805,3.90138342e-05,1.87774819e-06,0.0298897681,-10.0213483,1685.40325
0.048170366,0.149258983,2.63616686e-05,1.01421485e-06,0.0300330053,-10.0669562,1685.25945
0.0481911978,0.14964235,1.32992407e-05,4.78801815e-08,0.0301667676,-10.1112282,1685.12525
0.0482106321,0.15,0,0,0.0302916562,-10.1326084,1685
0.0483172803,0.0297856156,0.00246422113,-0.00220325873,-0.00595264821,-2.16844862,1703.4489
0.0483581649,0.0803647536,-0.00166950662,-0.00283656096,0.00905520468,-4.40815256,1702.36921
0.0485182711,0.0322849924,0.00236146437,-0.00242600851,-0.00523756075,-2.28774016,1703.40293
0.0486974648,0.0853696328,-0.00190268033,-0.0024676774,0.0106431756,-4.66023806,1701.88387
0.048733714,0.0349640862,0.00221836744,-0.00264994306,-0.00446809712,-2.41317002,1703.38922
0.0489646483,0.0378358195,0.00203156883,-0.00286940879,-0.00363892375,-2.54485772,1703.4082
0.049014004,0.0900387783,-0.00204063842,-0.00209664815,0.0121460931,-4.91063979,1701.32105
0.0491052836,0,0,0,-0.0154190591,-0.672204268,1707.36825
0.0491382571,0.000357650242,9.32716993e-05,-9.40199219e-07,-0.0153129372,-0.68164094,1707.30535
0.0491736015,0.000741017226,0.00019094636,-2.93414655e-06,-0.0151990497,-0.702434634,1707.23745
0.0492114873,0.00115195011,0.000293047595,-6.6548052e-06,-0.0150768073,-0.725498437,1707.16416
0.0492121878,0.040914044,0.00179828321,-0.00307734881,-0.00274388349,-2.68295238,1703.45785
0.0492520973,0.00159243101,0.000399551497,-1.22858122e-05,-0.0149455966,-0.750364232,1707.08513
0.0492956273,0.00206458457,0.000510390701,-2.01937969e-05,-0.0148047602,-0.776951366,1706.99998
0.0493093095,0.0943947116,-0.00209622415,-0.00174022967,0.0135653238,-5.16003964,1700.69764
0.0493422873,0.0025706882,0.000625447245,-3.07513152e-05,-0.014653594,-0.805361042,1706.90835
0.0493923025,0.00311318307,0.000744544202,-4.43829167e-05,-0.0144913445,-0.835673495,1706.80987
0.0494459139,0.00369468589,0.000867436543,-6.15546658e-05,-0.0143172052,-0.868008861,1706.70421
0.0494775266,0.0442136074,0.00151674406,-0.00326518417,-0.0017758658,-2.82757759,1703.53301
0.0495033803,0.00431800152,0.000993801103,-8.2783364e-05,-0.014130314,-0.902496694,1706.59106
0.0495649787,0.00498613648,0.00112322563,-0.000108637096,-0.0139297492,-0.939275949,1706.47014
0.0495848054,0.0984584434,-0.00208351383,-0.00141062261,0.0149032382,-5.40770887,1700.02921
0.0496310064,0.0057023135,0.00125519693,-0.000139736474,-0.0137145265,-0.978494252,1706.34127
0.0497017818,0.00646998704,0.00138908798,-0.000176754248,-0.0134835948,-1.02030871,1706.20432
0.0497619445,0.0477504251,0.0011867052,-0.00342306495,-0.000726680672,-2.97933012,1703.62489
0.0497776463,0.00729285993,0.00152414426,-0.000220413507,-0.0132358323,-1.06488641,1706.05932
0.0498418207,0.102249575,-0.00201656992,-0.00111467812,0.0161629703,-5.65289725,1699.32948
0.0498589658,0.00817490128,0.00165946907,-0.000271483771,-0.012970042,-1.11240503,1705.90643
0.0499461325,0.00912036556,0.00179400836,-0.000330774497,-0.0126849464,-1.16305307,1705.74598
0.050039567,0.0101338132,0.00192653453,-0.000399124143,-0.0123791821,-1.21702949,1705.57857
0.0500668135,0.0515415566,0.000810107309,-0.00353963843,0.000413049411,-3.13848596,1703.72057
0.0500815951,0.105786393,-0.00190856732,-0.000855723529,0.0173481585,-5.89460152,1698.6103
0.0501397198,0.0112201325,0.0020556295,-0.000477386993,-0.012051293,-1.2745445,1705.40505
0.0502470741,0.0123845633,0.00217966811,-0.000566413784,-0.0116997218,-1.33581972,1705.22663
0.0503052852,0.109085956,-0.00177134023,-0.000634266687,0.0184627106,-6.13181779,1697.8817
0.0503621477,0.0136327222,0.00229680197,-0.000667024598,-0.0113228007,-1.40108414,1705.04492
0.0503936039,0.0556052884,0.000391834792,-0.00360167932,0.00165395968,-3.30615614,1703.80267
0.0504854956,0.0149706296,0.00240494352,-0.000779975684,-0.0109187388,-1.47057414,1704.86196
0.0505139698,0.112164181,-0.001615111,-0.0004489297,0.0195106111,-6.36355822,1697.1521
0.0506177128,0.0164047389,0.00250175124,-0.000905917276,-0.0104856068,-1.54453217,1704.68031
0.0507086556,0.115035914,-0.00144842533,-0.0002970962,0.0204957844,-6.58897659,1696.42851
0.0507438921,0.0599612217,-5.93552289e-05,-0.00359688774,0.00300795128,-3.48495355,1703.84908
0.050759437,0.0179419674,0.00258461739,-0.00104534121,-0.0100213172,-1.62320022,1704.50307
0.0508902816,0.117715008,-0.00127823855,-0.000175424936,0.0214220018,-6.80736625,1695.71665
0.0509113519,0.0195897299,0.00265065977,-0.00119851533,-0.0095236001,-1.7068156,1704.33388
0.051059724,0.120214384,-0.00111002612,-8.0215625e-05,0.0222928288,-7.01811716,1695.0212
0.0510741902,0.0213559743,0.00269671969,-0.00136540534,-0.00898997101,-1.79560407,1704.17694
0.0511193677,0.0646303672,-0.00052968974,-0.00351217355,0.00448811238,-3.67627047,1703.83276
0.0512177999,0.1225461,-0.00094795205,-7.77581124e-06,0.0231116,-7.22089171,1694.34588
0.0512487373,0.0232492201,0.00271936881,-0.00154558098,-0.00841769164,-1.88977141,1704.03688
0.0513652719,0.124721401,-0.000795040977,4.54138662e-05,0.0238814156,-7.4153068,1693.69357
0.0514358352,0.0252785992,0.0027149291,-0.00173810765,-0.00780371906,-1.98949533,1703.91865
0.0515028513,0.12675078,-0.000653350364,8.27421316e-05,0.0246051514,-7.60111157,1693.06645
0.0515218418,0.0696352464,-0.000999612839,-0.0033361467,0.00610853421,-3.88518166,1703.72164
0.0516312016,0.128644026,-0.000524154522,0.000107230678,0.0252854753,-7.7783139,1692.46602
0.0516363863,0.0274539002,0.00267951183,-0.00194141608,-0.00714464493,-2.09491506,1703.82721
0.0517509421,0.13041027,-0.000408097939,0.000121491067,0.0259248678,-7.94689682,1691.89324
0.051851358,0.0297856156,0.00260908213,-0.00215318314,-0.00643661907,-2.20614569,1703.76724
0.0518626502,0.132058033,-0.000305326197,0.000127804728,0.0265256428,-8.10693787,1691.34861
0.0519532556,0.075,-0.00144285823,-0.00306398404,0.00788377121,-4.1186999,1703.47956
0.0519668649,0.133595261,-0.000215606355,0.00012810281,0.0270899669,-8.25858059,1690.83219
0.0520640886,0.13502937,-0.00013842788,0.00012399551,0.0276198766,-8.40202176,1690.34375
0.0520817872,0.0322849924,0.00249956468,-0.00237012361,-0.00567525647,-2.32320447,1703.74259
0.0521547905,0.136367278,-7.3086516e-05,0.000116802779,0.028117293,-8.53749996,1689.88274
0.0522394079,0.137615437,-1.8749269e-05,0.000107591112,0.028584034,-8.66527963,1689.44844
0.0523183492,0.138779867,2.54925943e-05,9.72016337e-05,0.0290218237,-8.78564413,1689.03995
0.0523287853,0.0349640862,0.00234703227,-0.00258792083,-0.0048555306,-2.44608009,1703.75572
0.0523846694,0.0803647536,-0.00180377456,-0.00272113406,0.00969695152,-4.36327688,1703.09897
0.0523919949,0.139866187,6.05792743e-05,8.62904291e-05,0.0294323001,-8.89890418,1688.65626
0.0524607004,0.140879634,8.74506572e-05,7.53545888e-05,0.0298170215,-9.00538067,1688.29626
0.052469416,0,0,0,-0.0164753966,-0.7486766,1707.87316
0.0525061707,0.000357650242,9.8262565e-05,-9.17725569e-07,-0.0163631005,-0.757766315,1707.80465
0.0525247971,0.141825099,0.000107024007,6.47563215e-05,0.0301774707,-9.10538956,1687.95883
0.0525455682,0.000741017226,0.000201182978,-2.86764316e-06,-0.0162425813,-0.777823884,1707.73075
0.052584594,0.14270714,0.000120176432,5.47555806e-05,0.0305150591,-9.1992499,1687.64281
0.0525877986,0.00115195011,0.000308789379,-6.5022471e-06,-0.0161132135,-0.800105389,1707.65107
0.0525935437,0.0378358195,0.00214787324,-0.00280099817,-0.00397164855,-2.57481711,1703.807
0.0526330655,0.00159243101,0.000421059609,-1.20046052e-05,-0.0159743461,-0.824138116,1707.56524
0.0526403797,0.143530013,0.000127733085,4.55259003e-05,0.0308311296,-9.28728015,1687.34704
0.0526815874,0.00206458457,0.000537925828,-1.97319329e-05,-0.0158252817,-0.84984871,1707.47285
0.0526924233,0.144297686,0.000130460316,3.71729079e-05,0.0311269589,-9.36979219,1687.07037
0.0527335982,0.0025706882,0.000659266923,-3.00486396e-05,-0.0156652728,-0.877337551,1707.37353
0.0527409757,0.145013864,0.000129061876,2.97497304e-05,0.0314037603,-9.4470904,1686.81169
0.0527862711,0.145681998,0.000124177686,2.32693983e-05,0.0316626853,-9.51946974,1686.56992
0.0527871435,0.0853696328,-0.00205176098,-0.00235432275,0.011420918,-4.6042061,1702.61114
0.0527893488,0.00311318307,0.00078489961,-4.33696528e-05,-0.0154935194,-0.906685833,1707.26692
0.052828528,0.146305314,0.000116384513,1.77153212e-05,0.0319048255,-9.58721421,1686.34403
0.0528491082,0.00369468589,0.000914568706,-6.01506173e-05,-0.0153091651,-0.938013523,1707.15265
0.0528679503,0.146886817,0.000106198081,1.30494685e-05,0.032131215,-9.65059695,1686.13303
0.0528773396,0.040914044,0.00189909786,-0.0030023684,-0.00301691307,-2.70939068,1703.89407
0.0529047281,0.147429312,9.40761214e-05,9.21974284e-06,0.0323428319,-9.70987937,1685.93597
0.0529131645,0.00431800152,0.00104793641,-8.08967366e-05,-0.0151112936,-0.971450377,1707.03043
0.0529390388,0.147935415,8.04220261e-05,6.16058075e-06,0.0325406006,-9.76531092,1685.75197
0.0529710479,0.148407569,6.55888387e-05,3.81638537e-06,0.0327253937,-9.81701999,1685.58018
0.0529818268,0.00498613648,0.00118457061,-0.000106163342,-0.0148989257,-1.00713583,1706.9
0.0530009098,0.14884805,4.98833612e-05,2.12565664e-06,0.0328980339,-9.865183,1685.41981
0.0530287685,0.149258983,3.3570505e-05,1.12625386e-06,0.0330592964,-9.91021669,1685.27012
0.0530547585,0.14964235,1.68772979e-05,9.00531546e-08,0.0332099105,-9.95406256,1685.1304
0.0530554263,0.0057023135,0.00132393217,-0.00013655708,-0.0146710147,-1.04521836,1706.76118
0.0530790049,0.15,0,0,0.0333505473,-9.97531919,1685
0.0531343178,0.00646998704,0.00146536114,-0.000172735516,-0.0144264429,-1.08585628,1706.6139
0.0531626191,0.0900387783,-0.00219702608,-0.00198664978,0.0130556783,-4.844173,1702.03573
0.0531815417,0.0442136074,0.0015988287,-0.00318362388,-0.00198357635,-2.84984865,1704.01109
0.0532188821,0.00729285993,0.00160806204,-0.000215405318,-0.0141640166,-1.12921826,1706.45823
0.0533095269,0.00817490128,0.00175108808,-0.000265318377,-0.0138824615,-1.17548381,1706.2944
0.0534066895,0.00912036556,0.00189332464,-0.000323265253,-0.0135804173,-1.22484363,1706.12286
0.0535076173,0.0477504251,0.00124678849,-0.00333502454,-0.000862695202,-2.99654119,1704.14819
0.0535108386,0.0101338132,0.00203347198,-0.000390065204,-0.0132564314,-1.2774993,1705.94434
0.0535129073,0.0943947116,-0.00225332458,-0.00163455856,0.0146022362,-5.08390705,1701.39205
0.0536224765,0.0112201325,0.00217002753,-0.000466551344,-0.0129089513,-1.33366326,1705.75987
0.0537421417,0.0123845633,0.00230126749,-0.000553552875,-0.0125363164,-1.39355896,1705.57089
0.0538396977,0.0984584434,-0.00223581079,-0.00130995433,0.0160627121,-5.32271599,1700.69769
0.0538571394,0.0515415566,0.000845073622,-0.00344534925,0.000355997627,-3.1497288,1704.29096
0.0538704114,0.0136327222,0.00242522857,-0.00065186876,-0.0121367466,-1.45741431,1705.37926
0.0540079042,0.0149706296,0.0025396914,-0.000762233233,-0.0117083296,-1.52546455,1705.18737
0.0541445667,0.102249575,-0.00215965855,-0.00101948027,0.0174400937,-5.55983846,1699.96807
0.0541552835,0.0164047389,0.00264216544,-0.00088527574,-0.0112490042,-1.59795206,1704.99818
0.0542317937,0.0556052884,0.000398934668,-0.00350179037,0.00168418564,-3.31044815,1704.42013
0.05431326,0.0179419674,0.00272987525,-0.0010214686,-0.0107565387,-1.67511286,1704.81522
0.0544289846,0.105786393,-0.00203911817,-0.000766289589,0.018737958,-5.79425567,1699.2164
0.0544825958,0.0195897299,0.00279975156,-0.00117106258,-0.0102285048,-1.75717327,1704.64268
0.0546333874,0.0599612217,-8.22545889e-05,-0.0034922786,0.00313499915,-3.48097453,1704.51127
0.0546641076,0.0213559743,0.00284842945,-0.00133400938,-0.00966224299,-1.84434308,1704.48529
0.0546943234,0.109085956,-0.0018870214,-0.000550769618,0.0199602192,-6.02489031,1698.45383
0.054858671,0.0232492201,0.00287225608,-0.00150986983,-0.00905482012,-1.93680501,1704.34829
0.0549418629,0.112164181,-0.00171448084,-0.000371433692,0.0211109199,-6.25070108,1697.68961
0.0550638577,0.0646303672,-0.000583737704,-0.00340401749,0.00472295757,-3.66279232,1704.53464
0.0550672244,0.0252785992,0.00286731249,-0.0016977071,-0.00840297441,-2.03470458,1704.23721
0.0551727972,0.115035914,-0.00153080807,-0.000225572397,0.0221940769,-6.47080262,1696.9314
0.0552907737,0.0274539002,0.00282945617,-0.00189596149,-0.00770304966,-2.13813859,1704.1576
0.0553882401,0.117715008,-0.00134359059,-0.000109782293,0.0232135794,-6.68442153,1696.18546
0.0555252807,0.0696352464,-0.00108450662,-0.00322607279,0.00646380392,-3.86082769,1704.45523
0.0555303974,0.0297856156,0.00275439247,-0.00210232496,-0.00695091252,-2.247154,1704.1146
0.0555892308,0.120214384,-0.00115880997,-2.03116101e-05,0.0241731253,-6.89089696,1695.45684
0.0557767389,0.1225461,-0.000981022264,4.65926919e-05,0.0250761909,-7.08981599,1694.74954
0.0557872511,0.0322849924,0.00263779253,-0.0023135544,-0.00614185138,-2.36170084,1704.11241
0.0559516686,0.124721401,-0.000813539809,9.44939725e-05,0.025926023,-7.28077881,1694.06664
0.0560198823,0.075,-0.0015563217,-0.00295381692,0.00837394518,-4.08197718,1704.23382
0.0560247053,0,0,0,-0.0175917575,-0.832131657,1708.4067
0.0560625738,0.0349640862,0.00247545658,-0.00252537322,-0.00527045994,-2.48171454,1704.15365
0.0560647854,0.000357650242,0.000103351325,-8.94584663e-07,-0.0174728548,-0.840849324,1708.33249
0.0561077475,0.000741017226,0.000211618872,-2.79958662e-06,-0.0173452431,-0.860118827,1708.25251
0.0561148639,0.12675078,-0.000658622621,0.000126786345,0.0267256458,-7.46348773,1693.41042
0.0561537988,0.00115195011,0.000324834787,-6.3458565e-06,-0.0172082595,-0.8815639,1708.16635
0.0562031614,0.00159243101,0.000442978306,-1.17163452e-05,-0.0170612141,-0.904705354,1708.0736
0.0562560733,0.00206458457,0.000565980674,-1.9258514e-05,-0.0169033674,-0.929477383,1707.97387
0.0562671117,0.128644026,-0.000517670559,0.000146521964,0.0274778763,-7.63787992,1692.78246
0.0563127899,0.0025706882,0.000693717079,-2.93284673e-05,-0.0167339272,-0.955979326,1707.86676
0.0563576935,0.0378358195,0.00226353732,-0.00273229296,-0.00433050044,-2.60711559,1704.23858
0.0563735847,0.00311318307,0.000825997222,-4.2331299e-05,-0.0165520452,-0.984293232,1707.75188
0.0564091466,0.13041027,-0.000391383547,0.000156339241,0.0281853437,-7.80392213,1692.18374
0.0564387509,0.00369468589,0.000962554967,-5.87120356e-05,-0.0163568132,-1.01453868,1707.62889
0.0565086029,0.00431800152,0.00110303694,-7.89640736e-05,-0.0161472596,-1.04684538,1707.49748
0.0565144839,0.0803647536,-0.00193967617,-0.00261281806,0.0103282134,-4.31380679,1703.85989
0.0565416537,0.132058033,-0.000279911524,0.00015852457,0.0288505095,-7.96165749,1691.61474
0.0565834775,0.00498613648,0.00124699008,-0.000103629785,-0.0159223458,-1.08135301,1707.3574
0.0566637361,0.0057023135,0.001393848,-0.000133301657,-0.0156809614,-1.11821064,1707.20851
0.056665272,0.133595261,-0.000182990168,0.000155013508,0.0294756868,-8.11120469,1691.0755
0.0566740337,0.040914044,0.0019988944,-0.00292744782,-0.00331475148,-2.7377409,1704.36439
0.0567497655,0.00646998704,0.00154291637,-0.000168621895,-0.0154219203,-1.15757754,1707.05078
0.0567805978,0.13502937,-0.000100048767,0.000147415355,0.0300630575,-8.25273734,1690.56571
0.0568419809,0.00729285993,0.00169335705,-0.000210280626,-0.0151439559,-1.19962364,1706.88431
0.0568881874,0.136367278,-3.02982168e-05,0.000137043963,0.0306146865,-8.38646747,1690.08478
0.056940827,0.00817490128,0.00184417128,-0.000259012044,-0.0148457155,-1.24453001,1706.70943
0.056975907,0.0853696328,-0.00220189926,-0.00224934726,0.0121895248,-4.54270625,1703.36585
0.0569885598,0.137615437,2.71931363e-05,0.000124956424,0.0311325337,-8.51263496,1689.6319
0.0570131203,0.0442136074,0.00167954858,-0.00310260373,-0.00221484493,-2.87355754,1704.52445
0.0570467806,0.00912036556,0.0019941819,-0.000315587942,-0.0145257552,-1.29248904,1706.52669
0.057082199,0.138779867,7.34409836e-05,0.00011198731,0.0316184636,-8.63152115,1689.20609
0.0571603528,0.0101338132,0.00214201476,-0.000380807922,-0.0141825322,-1.34370424,1706.33697
0.0571695568,0.139866187,0.000109498427,9.87749465e-05,0.0320742523,-8.74342245,1688.80626
0.0572510546,0.140879634,0.00013641947,8.57979608e-05,0.0325015938,-8.84863826,1688.43123
0.0572820914,0.0112201325,0.00228607963,-0.000455485112,-0.013814398,-1.39838911,1706.14149
0.0573270854,0.141825099,0.000155232895,7.34052393e-05,0.0329021038,-8.94747923,1688.07979
0.0573765887,0.0477504251,0.00130522816,-0.00324816297,-0.00102110183,-3.01465802,1704.70764
0.0573980159,0.14270714,0.000166922631,6.18380206e-05,0.0332773232,-9.04025518,1687.75072
0.0574063772,0.0900387783,-0.00235383397,-0.00188603183,0.0139574859,-4.77145348,1702.77425
0.0574125835,0.0123845633,0.0024245512,-0.000540427784,-0.0134195881,-1.45676835,1705.94189
0.0574641883,0.143530013,0.000172415104,5.12520935e-05,0.0336287214,-9.12727716,1687.44279
0.0575259218,0.144297686,0.000172571147,4.17351533e-05,0.0339576975,-9.20885066,1687.15478
0.0575524587,0.0136327222,0.00255534935,-0.000636413368,-0.0129962115,-1.51907239,1705.74035
0.0575835142,0.145013864,0.000168181621,3.33227657e-05,0.0342655835,-9.28527412,1686.88553
0.0576372431,0.145681998,0.000159965899,2.60110425e-05,0.0345536451,-9.35683735,1686.6339
0.0576873679,0.146305314,0.000148572525,1.97672274e-05,0.0348230842,-9.42381984,1686.39881
0.0577023915,0.0149706296,0.0026761205,-0.000744156293,-0.0125422356,-1.58553372,1705.53959
0.0577341302,0.146886817,0.000134581447,1.45380044e-05,0.0350750403,-9.48649072,1686.17922
0.0577661923,0.0515415566,0.00087818444,-0.00335306793,0.000277618014,-3.1612988,1704.89792
0.0577777557,0.147429312,0.000118507342,1.02570118e-05,0.0353105927,-9.5451077,1685.97414
0.057807971,0.0943947116,-0.0024101679,-0.00153899357,0.0156327564,-5.00083231,1702.10697
0.0578184547,0.147935415,0.000100803634,6.84526865e-06,0.0355307622,-9.5999179,1685.78265
0.0578564235,0.148407569,8.18669584e-05,4.23521056e-06,0.0357365134,-9.65104688,1685.60387
0.0578631052,0.0164047389,0.00278422121,-0.000864267815,-0.0120554691,-1.65638922,1705.34296
0.0578918454,0.14884805,6.20417357e-05,2.35150009e-06,0.0359287563,-9.69867295,1685.43696
0.0579248911,0.149258983,4.16250023e-05,1.22903032e-06,0.0361083492,-9.7431644,1685.28116
0.0579557201,0.14964235,2.08709668e-05,1.29289211e-07,0.0362761001,-9.78661162,1685.13573
0.057984481,0.15,0,0,0.0364327511,-9.80775189,1685
0.058035375,0.0179419674,0.00287670487,-0.000997203151,-0.0115335391,-1.73186912,1705.15447
0.0581826253,0.0984584434,-0.00238714838,-0.00121983988,0.0172172133,-5.23016297,1701.38375
0.0581838103,0.0556052884,0.000404055914,-0.00340495878,0.0016940318,-3.31440897,1705.07392
0.0582200317,0.0195897299,0.0029503129,-0.00114319899,-0.0109738624,-1.81218797,1704.97883
0.0584179662,0.0213559743,0.00300147228,-0.00130219786,-0.0103736094,-1.89753788,1704.82137
0.0585321473,0.102249575,-0.00230107031,-0.000935041111,0.0187136954,-5.45866873,1700.62174
0.0586301331,0.0232492201,0.00302630452,-0.00147375785,-0.0097296581,-1.9880761,1704.68791
0.0586314569,0.0599612217,-0.000107114408,-0.00339200706,0.003242489,-3.47593369,1705.20871
0.0588575558,0.0252785992,0.00302064985,-0.00165694777,-0.00903853503,-2.08391278,1704.58461
0.058858223,0.105786393,-0.00216729783,-0.000687578922,0.0201257109,-5.68532872,1699.83551
0.0591013313,0.0274539002,0.00298011375,-0.00185022557,-0.00829634488,-2.18509778,1704.51758
0.0591112914,0.0646303672,-0.000639583033,-0.00330169712,0.00493893803,-3.64744813,1705.26974
0.0591624251,0.109085956,-0.00199966925,-0.000477760293,0.0214571702,-5.90898997,1699.03724
0.0593626354,0.0297856156,0.00290014525,-0.00205131008,-0.00749868133,-2.29161553,1704.49243
0.0594462209,0.112164181,-0.00181017543,-0.000304052335,0.0227121628,-6.12853748,1698.23702
0.0596256284,0.0696352464,-0.00117088025,-0.00312351827,0.00680078317,-3.83374435,1705.21898
0.0596427285,0.0322849924,0.00277615931,-0.00225702041,-0.006640518,-2.40336159,1704.51371
0.0597109793,0.115035914,-0.00160890831,-0.000163672682,0.0238947889,-6.34303179,1697.4431
0.0597820134,0,0,0,-0.0187715522,-0.923016141,1708.97051
0.0598249373,0.000357650242,0.000108531919,-8.70928742e-07,-0.0186456086,-0.931334695,1708.89052
0.0598709476,0.000741017226,0.000222241714,-2.7305516e-06,-0.018510442,-0.949760563,1708.80437
0.0599202663,0.00115195011,0.000341165061,-6.18690257e-06,-0.0183653504,-0.970311743,1708.71163
0.0599429616,0.0349640862,0.00260370385,-0.00246314431,-0.00571608226,-2.52015806,1704.58414
0.0599579775,0.117715008,-0.00140410068,-5.31883826e-05,0.0250090453,-6.55163181,1696.6622
0.0599731313,0.00159243101,0.00046528227,-1.14234205e-05,-0.0182096035,-0.992500072,1708.61188
0.0600297975,0.00206458457,0.000594523266,-1.87775238e-05,-0.0180424185,-1.01626756,1708.5047
0.0600905382,0.0025706882,0.000728759042,-2.85969466e-05,-0.0178629566,-1.04171228,1708.38968
0.0601556466,0.00311318307,0.000867791673,-4.12768393e-05,-0.0176703196,-1.06891698,1708.26644
0.0601769485,0.075,-0.00167080811,-0.00285299631,0.00884631523,-4.04162513,1705.01417
0.0601884066,0.120214384,-0.00120225192,3.11642985e-05,0.0260587545,-6.75363238,1695.8997
0.0602254365,0.00369468589,0.00101134334,-5.7251528e-05,-0.017463546,-1.09800059,1708.13461
0.0602647829,0.0378358195,0.00237872296,-0.00266428829,-0.0047187065,-2.64179255,1704.7038
0.0603002446,0.00431800152,0.00115904425,-7.70025263e-05,-0.0172416073,-1.12909252,1707.9939
0.0603804318,0.00498613648,0.00131041934,-0.000101059192,-0.0170034038,-1.16233238,1707.84407
0.0604033783,0.1225461,-0.00100830975,9.31890937e-05,0.0270475275,-6.94849989,1695.15983
0.0604663848,0.0057023135,0.00146487387,-0.000129999832,-0.0167477599,-1.19786953,1707.68499
0.0605585182,0.00646998704,0.00162167773,-0.000164451316,-0.0164734201,-1.23586386,1707.51668
0.0606039294,0.124721401,-0.000825880373,0.000136494033,0.0279787518,-7.13586302,1694.44583
0.0606097447,0.040914044,0.0020979254,-0.00285373496,-0.00364066134,-2.76801882,1704.86936
0.0606572765,0.00729285993,0.00177994864,-0.000205087318,-0.0161790434,-1.27648622,1707.3393
0.0607282687,0.0803647536,-0.00207606527,-0.00251560809,0.0109420941,-4.25983092,1704.64231
0.060763136,0.00817490128,0.00193863414,-0.000252624529,-0.015863198,-1.31991885,1707.15327
0.0607910273,0.12675078,-0.000657434847,0.000164426524,0.0288555957,-7.31538628,1693.76007
0.0608766073,0.00912036556,0.00209649264,-0.000307816309,-0.0155243551,-1.36635544,1706.95925
0.0609655744,0.128644026,-0.000504494329,0.000180052703,0.0296810217,-7.48686692,1693.10418
0.0609795108,0.0442136074,0.00175924306,-0.00302342355,-0.00247297539,-2.8986709,1705.07323
0.0609982377,0.0101338132,0.00225207358,-0.000371443094,-0.0151608819,-1.41600075,1706.75825
0.0611284127,0.13041027,-0.000367814397,0.000186052361,0.0304578048,-7.6502742,1692.47916
0.0611286139,0.0112201325,0.0024036971,-0.000444298368,-0.0147710332,-1.46906914,1706.5517
0.0612426056,0.0853696328,-0.00235199069,-0.00215693154,0.0129411418,-4.4759192,1704.13754
0.0612683647,0.0123845633,0.00254943325,-0.000527170604,-0.0143529416,-1.52578482,1706.34147
0.0612803276,0.132058033,-0.000247553946,0.000184703959,0.0311885525,-7.80564925,1691.88546
0.0613758649,0.0477504251,0.00136245078,-0.00316396733,-0.00120525096,-3.03366469,1705.30294
0.0614181643,0.0136327222,0.00268708179,-0.000620817795,-0.0139046054,-1.58638046,1706.13002
0.0614220519,0.133595261,-0.000143413818,0.000177930057,0.0318757233,-7.95308066,1691.32307
0.0615542691,0.13502937,-5.47553012e-05,0.000167341716,0.0325216436,-8.09267506,1690.79163
0.0615787352,0.0149706296,0.00281415289,-0.000725936395,-0.0134238736,-1.65108708,1705.92042
0.061677617,0.136367278,1.92970303e-05,0.000154258833,0.0331285221,-8.22463626,1690.29047
0.0617224402,0.0900387783,-0.00251008973,-0.00179908172,0.0148427093,-4.69275701,1703.52557
0.0617508519,0.0164047389,0.00292784871,-0.000843120945,-0.012908427,-1.72013324,1705.71645
0.0617926905,0.137615437,7.97780602e-05,0.000139724596,0.0336984612,-8.34919535,1689.81871
0.0618007187,0.0515415566,0.000909964901,-0.00326454996,0.000174509311,-3.17314938,1705.54059
0.0619000448,0.138779867,0.000127818896,0.000124558942,0.0342334663,-8.4666061,1689.3753
0.0619353446,0.0179419674,0.00302504917,-0.000972813067,-0.0123557544,-1.79374125,1705.52261
0.0620001977,0.139866187,0.000164592229,0.000109387967,0.0347354527,-8.57715772,1688.95905
0.0620936321,0.140879634,0.000191271495,9.46756085e-05,0.035206251,-8.68113081,1688.56873
0.0621331032,0.0195897299,0.00310230398,-0.00111524033,-0.0117631221,-1.87211321,1705.34413
0.0621700868,0.0943947116,-0.00256598784,-0.00145784882,0.0166471394,-4.91118422,1702.83099
0.0621807989,0.141825099,0.000209001619,8.07574829e-05,0.0356476114,-8.77882609,1688.20303
0.0622561215,0.0556052884,0.000407824263,-0.00331316996,0.00168004379,-3.31791041,1705.76255
0.0622621183,0.14270714,0.000218878632,6.7859298e-05,0.0360612061,-8.87054562,1687.86067
0.0623379828,0.143530013,0.000221935173,5.61210217e-05,0.0364486323,-8.95659106,1687.54035
0.0623450816,0.0213559743,0.0031558309,-0.00127034126,-0.0111275352,-1.95542174,1705.18693
0.0624087582,0.144297686,0.000219131194,4.56150936e-05,0.0368114137,-9.0372603,1687.24079
0.0624747859,0.145013864,0.000211348938,3.6362136e-05,0.0371510024,-9.11284527,1686.96077
0.0625363844,0.145681998,0.000199391125,2.83438446e-05,0.0374687807,-9.18363007,1686.69909
0.0625723023,0.0232492201,0.00318152544,-0.00143767828,-0.0104456893,-2.04379626,1705.05746
0.0625877047,0.0984584434,-0.00253701883,-0.00114454921,0.0183560774,-5.13052991,1702.07576
0.0625938507,0.146305314,0.00018398157,2.15137208e-05,0.0377660622,-9.2498891,1686.45462
0.0626474622,0.146886817,0.000165767558,1.5805451e-05,0.038044094,-9.31188706,1686.22627
0.0626974773,0.147429312,0.000145323449,1.11405566e-05,0.0383040583,-9.36987746,1686.01302
0.0627441374,0.147935415,0.000123155114,7.42873978e-06,0.0385470741,-9.42410376,1685.8139
0.0627442699,0.0599612217,-0.000133233315,-0.00329827422,0.00332691448,-3.46970366,1705.93927
0.0627876674,0.148407569,9.97048521e-05,4.59231316e-06,0.0387741999,-9.47468885,1685.62799
0.0628158611,0.0252785992,0.00317498789,-0.0016163347,-0.00971390698,-2.13730881,1704.96249
0.0628282774,0.14884805,7.53564761e-05,2.54446887e-06,0.0389864347,-9.52181176,1685.45442
0.0628661632,0.149258983,5.04406494e-05,1.31731998e-06,0.0391847214,-9.5658025,1685.2924
0.0629015076,0.14964235,2.52399802e-05,1.63417754e-07,0.0393699484,-9.60887571,1685.14116
0.062934481,0.15,0,0,0.0395429302,-9.62989929,1685
0.0629773083,0.102249575,-0.00244060265,-0.000865521233,0.0199722134,-5.35001852,1701.27877
0.063076933,0.0274539002,0.00313157386,-0.00180479641,-0.0089280631,-2.23595903,1704.90869
0.0632675185,0.0646303672,-0.000696474844,-0.00320766545,0.0051325015,-3.63009625,1706.03526
0.0633407768,0.105786393,-0.00229322162,-0.000623621112,0.0214989828,-5.56855193,1700.45594
0.0633567772,0.0297856156,0.0030464782,-0.00200082638,-0.00808348904,-2.33966719,1704.90217
0.0636567436,0.0322849924,0.00291486355,-0.00220131145,-0.00717485607,-2.44825217,1704.94775
0.0636798634,0.109085956,-0.00210970871,-0.000419098902,0.0229402824,-5.78489242,1699.62046
0.0637528194,0,0,0,-0.0200183853,-1.02176616,1709.56631
0.063798078,0.000357650242,0.000113799504,-8.46977912e-07,-0.0198849686,-1.02965655,1709.48046
0.0638283911,0.0696352464,-0.00125797381,-0.00303118585,0.00711588801,-3.80378314,1706.00944
0.0638465909,0.000741017226,0.000233041759,-2.66129462e-06,-0.0197417866,-1.04717958,1709.38807
0.0638985922,0.00115195011,0.000357765533,-6.0270063e-06,-0.0195880975,-1.0667761,1709.28866
0.0639543326,0.00159243101,0.000487951928,-1.1128808e-05,-0.0194231289,-1.08794578,1709.18182
0.0639782789,0.0349640862,0.0027320519,-0.0024021333,-0.00619603918,-2.56143791,1705.04823
0.0639962036,0.112164181,-0.00190292804,-0.000250422145,0.0243002378,-5.99790824,1698.78315
0.064014081,0.00206458457,0.000623529183,-1.82938403e-05,-0.0192460529,-1.11063878,1709.06711
0.0640781256,0.0025706882,0.000764363647,-2.78615029e-05,-0.0190559826,-1.13495159,1708.94409
0.0641467753,0.00311318307,0.00091024922,-4.0216999e-05,-0.0188519685,-1.16096754,1708.81238
0.0642203612,0.00369468589,0.00106089575,-5.57839976e-05,-0.0186329943,-1.18880459,1708.67161
0.0642913233,0.115035914,-0.00168375545,-0.000114797528,0.0255830231,-6.206585,1697.95281
0.0642992383,0.00431800152,0.00121591622,-7.50321927e-05,-0.0183979728,-1.21859155,1708.52149
0.0643229341,0.0378358195,0.00249379371,-0.00259801898,-0.00513995628,-2.67889247,1705.20345
0.0643837871,0.00498613648,0.0013748127,-9.84780333e-05,-0.0181457419,-1.25046763,1708.36179
0.0644295932,0.075,-0.00178561168,-0.00276446209,0.00929729167,-3.99749015,1705.81658
0.0644744153,0.0057023135,0.00153696101,-0.000126685797,-0.0178750596,-1.28458212,1708.19243
0.064566646,0.117715008,-0.0014610714,-8.80056928e-06,0.026792733,-6.40999798,1697.13651
0.0645715601,0.00646998704,0.00170159408,-0.000160267245,-0.0175845995,-1.32109512,1708.01344
0.06467569,0.00729285993,0.00186778411,-0.000199879906,-0.0172729452,-1.36017801,1707.82506
0.0646923717,0.040914044,0.00219664479,-0.00278241744,-0.00399838656,-2.80024924,1705.40943
0.0647873074,0.00817490128,0.00203442343,-0.000246223395,-0.0169385847,-1.40201374,1707.62778
0.0648234997,0.120214384,-0.00124189678,7.13190783e-05,0.0279333057,-6.60738428,1696.33992
0.0649069506,0.00912036556,0.00220020435,-0.000300033224,-0.0165799042,-1.4467968,1707.42239
0.0650307952,0.0803647536,-0.00221236312,-0.00243263423,0.0115350356,-4.20120354,1705.4417
0.0650351968,0.0101338132,0.0023635981,-0.000362071395,-0.01619518,-1.49473274,1707.21005
0.0650631233,0.1225461,-0.00103157979,0.000129359571,0.02900848,-6.79811446,1695.56743
0.0650883736,0.0442136074,0.00183847076,-0.00294743611,-0.00276177242,-2.92518102,1705.65752
0.0651726644,0.0112201325,0.00252283318,-0.000433112961,-0.0157825707,-1.546037,1706.99237
0.0652866727,0.124721401,-0.000834015669,0.000168968141,0.0300217785,-6.98174757,1694.8224
0.0653200166,0.0123845633,0.00267587343,-0.000513927958,-0.0153401064,-1.6009336,1706.77148
0.0654779641,0.0136327222,0.00282039625,-0.000605257182,-0.0148656758,-1.65965168,1706.55013
0.0654952261,0.12675078,-0.000651878613,0.00019349694,0.0309765087,-7.15798009,1694.10724
0.0655128499,0.0477504251,0.00141911077,-0.00308397569,-0.00141901398,-3.05352723,1705.93371
0.0655916678,0.0853696328,-0.00250164879,-0.00208032866,0.0136722799,-4.40371282,1704.92133
0.0656472689,0.0149706296,0.00295377239,-0.000707781347,-0.0143570112,-1.72241987,1706.33176
0.0656897895,0.128644026,-0.00048684683,0.000205952682,0.0318757751,-7.32658082,1693.42361
0.0658287474,0.0164047389,0.00307304788,-0.000822080708,-0.0138116681,-1.7894625,1706.12055
0.0658713013,0.13041027,-0.000339732237,0.000208974416,0.032722496,-7.48743395,1692.77248
0.0659678481,0.0515415566,0.000941165406,-0.00318153428,4.2728765e-05,-3.18521225,1706.21811
0.066023275,0.0179419674,0.00317492882,-0.000948586817,-0.0132270004,-1.86099129,1705.92151
0.0660406371,0.132058033,-0.00021065329,0.000204831575,0.0335194229,-7.64051636,1692.15427
0.0661149164,0.0900387783,-0.00266564712,-0.00172910995,0.0157079608,-4.60796171,1704.28452
0.0661986136,0.133595261,-9.92912196e-05,0.000195491564,0.0342691583,-7.78579534,1691.56892
0.0662317902,0.0195897299,0.00325577192,-0.00108752347,-0.0126001281,-1.93719338,1705.7404
0.0663459928,0.13502937,-4.96769184e-06,0.000182606917,0.0349741725,-7.92342926,1691.01601
0.0664552985,0.0213559743,0.00331158479,-0.0012388321,-0.011927897,-2.01821971,1705.58376
0.0664555627,0.0556052884,0.000411094322,-0.0032283687,0.00163820507,-3.32086588,1706.48467
0.0664834857,0.136367278,7.32949059e-05,0.000167453905,0.0356368177,-8.05366876,1690.49479
0.0666030648,0.0943947116,-0.00272090802,-0.00139443374,0.0176421272,-4.81485525,1703.55871
0.0666117553,0.137615437,0.000136647183,0.000151044929,0.0362593385,-8.17667369,1690.00431
0.0666948782,0.0232492201,0.00333803763,-0.00140208665,-0.0112068267,-2.10416968,1705.45867
0.0667314205,0.138779867,0.000186337429,0.000134195414,0.0368438817,-8.29266965,1689.54343
0.0668430584,0.139866187,0.000223657642,0.000117522435,0.0373925021,-8.40192791,1689.11089
0.0669472075,0.140879634,0.000249902261,0.000101482018,0.037907168,-8.50472575,1688.70538
0.0669516848,0.0252785992,0.00333049265,-0.00157639448,-0.0104330443,-2.19507467,1705.37249
0.0669783464,0.0599612217,-0.000159683001,-0.00321322445,0.00338418667,-3.46217741,1706.70106
0.0670443701,0.141825099,0.000266336167,8.63957515e-05,0.0383897645,-8.60134742,1688.32552
0.0670584676,0.0984584434,-0.00268584547,-0.00108734966,0.0194761989,-5.02373587,1702.76813
0.0671350149,0.14270714,0.000274170934,7.24779058e-05,0.0388420961,-8.69208413,1687.96995
0.0672195792,0.143530013,0.00027454855,5.98565656e-05,0.0392658891,-8.77722801,1687.63731
0.067226957,0.0274539002,0.00328405929,-0.00176028123,-0.00960220445,-2.29088143,1705.33249
0.0672984708,0.144297686,0.000268531086,4.85925178e-05,0.0396627925,-8.85706877,1687.32627
0.0673720702,0.145013864,0.000257094984,3.8694999e-05,0.0400343799,-8.93189119,1687.03553
0.0674407325,0.145681998,0.00024112891,3.01347367e-05,0.0403821508,-9.00197306,1686.76386
0.0674833214,0.102249575,-0.0025790024,-0.000814076609,0.0212127128,-5.23379497,1701.93345
0.0675047888,0.146305314,0.000221434311,2.28547594e-05,0.0407075321,-9.06758334,1686.51006
0.0675220225,0.0297856156,0.003193684,-0.00195156888,-0.00870938762,-2.39144236,1705.34521
0.0675387207,0.0646303672,-0.000753446381,-0.00312424993,0.00529949384,-3.61061823,1706.82885
0.0675645482,0.146886817,0.000198727919,1.67788394e-05,0.0410118793,-9.12898184,1686.27301
0.0676202988,0.147429312,0.000173645658,1.18192977e-05,0.0412964786,-9.18641722,1686.05164
0.0676723096,0.147935415,0.000146747485,7.87716633e-06,0.0415625484,-9.24013004,1685.84493
0.0677208315,0.148407569,0.000118522748,4.86688439e-06,0.0418112417,-9.29024044,1685.65194
0.0677660984,0.14884805,8.9395818e-05,2.69298787e-06,0.0420436478,-9.33692524,1685.47176
0.0678083288,0.149258983,5.97319526e-05,1.3855197e-06,0.042260795,-9.38048554,1685.30356
0.0678383047,0.0322849924,0.00305428849,-0.00214722815,-0.00774897567,-2.49649167,1705.41576
0.0678477263,0.14964235,2.98429493e-05,1.90320517e-07,0.0424636528,-9.42323233,1685.14655
0.0678796755,0.105786393,-0.00241790716,-0.000577430436,0.0228550186,-5.4438408,1701.07193
0.067884481,0.15,0,0,0.0426531092,-9.44414885,1685
0.0679492546,0,0,0,-0.021336066,-1.12883087,1710.19591
0.06799631,0.000357650242,0.000119151738,-8.22966351e-07,-0.0211947512,-1.13626205,1710.10414
0.0680467489,0.000741017226,0.000244014357,-2.59263301e-06,-0.0210431013,-1.15281951,1710.00543
0.0681008146,0.00115195011,0.000374629342,-5.86794367e-06,-0.0208803335,-1.17139751,1709.89929
0.0681393885,0.0696352464,-0.00134483615,-0.00295160139,0.00740491615,-3.77083137,1706.82388
0.0681587679,0.00159243101,0.000510978344,-1.08357965e-05,-0.0207056319,-1.19147956,1709.78527
0.068177329,0.0349640862,0.00286097477,-0.00234325367,-0.00671450578,-2.60565243,1705.54695
0.0682208883,0.00206458457,0.00065298761,-1.78128739e-05,-0.0205181222,-1.21302428,1709.66294
0.0682494417,0.109085956,-0.00221837465,-0.000377654877,0.0244069876,-5.65258586,1700.1977
0.0682874754,0.0025706882,0.000800518457,-2.71303794e-05,-0.0203168678,-1.23612628,1709.53183
0.0683588504,0.00311318307,0.00095335614,-3.91636753e-05,-0.0201008663,-1.2608693,1709.39157
0.0684353577,0.00369468589,0.0011111976,-5.43259415e-05,-0.0198690452,-1.28737,1709.24177
0.0685173662,0.00431800152,0.00127363794,-7.30752568e-05,-0.0196202573,-1.3157562,1709.08214
0.0685407308,0.0378358195,0.00260930854,-0.00253451522,-0.00559849724,-2.71847279,1705.73828
0.0685944034,0.112164181,-0.00199418794,-0.000213237596,0.0258727662,-5.85885964,1699.32225
0.0686052715,0.00498613648,0.00144015554,-9.5915421e-05,-0.0193532766,-1.34616633,1708.91249
0.0686994976,0.0057023135,0.00161009588,-0.000123397014,-0.0190667935,-1.37874921,1708.73274
0.0687832472,0.075,-0.00189987658,-0.00269092497,0.00972265447,-3.9494493,1706.63803
0.068800499,0.00646998704,0.00178265391,-0.000156117103,-0.0187594096,-1.41366474,1708.54297
0.0689087629,0.00729285993,0.00195685513,-0.000194717604,-0.0184296321,-1.45108432,1708.3435
0.0689162247,0.115035914,-0.00175699617,-8.14511784e-05,0.0272565864,-6.06154842,1698.45485
0.068930263,0.040914044,0.00229571364,-0.00271465656,-0.00439225466,-2.83445644,1705.98504
0.0690248115,0.00817490128,0.00213153536,-0.000239881727,-0.0180758684,-1.49119108,1708.13489
0.0691492045,0.00912036556,0.00230531937,-0.000292327983,-0.0176964186,-1.53417978,1707.91806
0.0692164578,0.117715008,-0.00151632127,2.10838646e-05,0.02856263,-6.25965064,1697.60289
0.0692825419,0.0101338132,0.00247659861,-0.000352801052,-0.0172894687,-1.58025608,1707.69431
0.0693478043,0.0442136074,0.00191800432,-0.00287595468,-0.00308565121,-2.95309632,1706.27739
0.069425467,0.0112201325,0.00264350833,-0.000422058798,-0.016853081,-1.62963529,1707.46546
0.0694271059,0.0803647536,-0.00234789722,-0.00236672665,0.0121028426,-4.13780502,1706.25488
0.0694965509,0.120214384,-0.00127970788,9.80704889e-05,0.02979494,-6.45233651,1696.77219
0.069578669,0.0123845633,0.00280390447,-0.00050085453,-0.0163851836,-1.68254044,1707.23389
0.069742887,0.0136327222,0.00295534114,-0.000589914468,-0.0158835577,-1.73919969,1707.00264
0.069757855,0.1225461,-0.0010529207,0.000153253873,0.0309573744,-6.63892194,1695.96727
0.0697953688,0.0477504251,0.0014760923,-0.00300966276,-0.00166690087,-3.07422693,1706.59963
0.0699189131,0.0149706296,0.00309504849,-0.000689905582,-0.0153458204,-1.79983544,1706.77553
0.0700016305,0.124721401,-0.000840165558,0.000190215838,0.0320535838,-6.81887329,1695.19153
0.0700277737,0.0853696328,-0.00265045939,-0.00202242417,0.0143788113,-4.32596617,1705.71392
0.0701075962,0.0164047389,0.00321991415,-0.000801397913,-0.0147694049,-1.86466332,1706.55716
0.0702290532,0.12675078,-0.000644310977,0.000212397773,0.0330870099,-6.9916885,1694.44739
0.0702751153,0.0515415566,0.000972792456,-0.00310563465,-0.000122334144,-3.19743376,1706.92974
0.0703098465,0.0179419674,0.00332646915,-0.000924817889,-0.014151534,-1.9338871,1706.35304
0.0704412201,0.128644026,-0.000467060701,0.000222800419,0.0340608954,-7.15739005,1693.73648
0.0705266397,0.0195897299,0.00341087779,-0.0010603893,-0.0134891864,-2.00767737,1706.1695
0.070588148,0.0900387783,-0.00282039519,-0.00167900306,0.0165492198,-4.51694396,1705.04775
0.0706391546,0.13041027,-0.000309311594,0.000223811619,0.0349782994,-7.31585069,1693.05974
0.0707590212,0.0213559743,0.00346893784,-0.00120806379,-0.0127790542,-2.08616045,1706.01367
0.0707893578,0.0556052884,0.000414978812,-0.00315234881,0.00156380156,-3.32322781,1707.23913
0.0708238114,0.132058033,-0.000171361787,0.000217765712,0.0358421157,-7.46657079,1692.41753
0.0709960811,0.133595261,-5.28261584e-05,0.00020680222,0.0366550903,-7.60967949,1691.80971
0.0710081121,0.0232492201,0.00349609535,-0.00136743557,-0.0120174886,-2.16940331,1705.89326
0.0711109317,0.0943947116,-0.00287514735,-0.00135159689,0.0186138407,-4.7117279,1704.28671
0.0711567948,0.13502937,4.71345587e-05,0.0001924747,0.037419837,-7.7454925,1691.23579
0.0712751138,0.0252785992,0.00348747746,-0.00153764546,-0.01120043,-2.25739405,1705.81626
0.0713067277,0.136367278,0.000129584588,0.000175988606,0.0381388516,-7.87410386,1690.69495
0.0713405768,0.0599612217,-0.000185284631,-0.00313881946,0.00340948881,-3.45327094,1707.49265
0.0714466028,0.137615437,0.000195772098,0.00015837341,0.0388145219,-7.9956408,1690.18615
0.0715613142,0.0274539002,0.00343795188,-0.0017172713,-0.0103233233,-2.35002428,1705.79049
0.0715770949,0.138779867,0.000247056731,0.000140441213,0.0394491368,-8.11032,1689.70817
0.0715986463,0.0984584434,-0.00283418848,-0.0010510101,0.0205738677,-4.90965394,1703.45736
0.0716988335,0.139866187,0.000284851513,0.000122801176,0.0400448919,-8.21838605,1689.25968
0.0718124057,0.140879634,0.000310574456,0.000105903864,0.0406038943,-8.32010593,1688.83929
0.0718680937,0.0297856156,0.00334222327,-0.00190420797,-0.00938100984,-2.44707463,1705.82293
0.0719183593,0.141825099,0.000325612102,9.00631314e-05,0.0411281656,-8.41575156,1688.44557
0.0719314311,0.0646303672,-0.000809277315,-0.00305351235,0.00543500432,-3.5889184,1707.64884
0.0720172054,0.14270714,0.000331293115,7.54857313e-05,0.041619644,-8.50560259,1688.07706
0.0720536445,0.102249575,-0.00271713987,-0.000783377807,0.0224316728,-5.1098331,1702.5822
0.0721094208,0.143530013,0.000328870527,6.22922953e-05,0.0420801862,-8.58994108,1687.73235
0.0721954503,0.144297686,0.000319510208,5.05362825e-05,0.042511568,-8.66904806,1687.41005
0.0721969322,0.0322849924,0.00319498214,-0.00209552751,-0.00836759591,-2.548188,1705.91893
0.0722757088,0.145013864,0.000304284409,4.02197737e-05,0.0429154861,-8.74320072,1687.10881
0.0723505834,0.145681998,0.000284169258,3.13065898e-05,0.0432935589,-8.81267021,1686.82733
0.0723841399,0,0,0,-0.0227286199,-1.24464855,1710.86123
0.0724204354,0.146305314,0.000260045222,2.37331421e-05,0.0436473274,-8.87771966,1686.56439
0.0724324235,0.000357650242,0.000124589324,-7.99142615e-07,-0.0225789956,-1.25158734,1710.76348
0.0724781208,0.105786393,-0.00254254711,-0.000551528842,0.0241905025,-5.31105281,1701.67979
0.0724841789,0.000741017226,0.000255161108,-2.52539341e-06,-0.0224184399,-1.26711273,1710.65838
0.0724856016,0.146886817,0.000232699739,1.74170049e-05,0.0439782574,-8.93860343,1686.31881
0.0725396558,0.00115195011,0.000391759239,-5.71147604e-06,-0.0222461281,-1.28460504,1710.54544
0.0725463964,0.147429312,0.000202831454,1.22646488e-05,0.04428774,-8.99556566,1686.08947
0.0725494157,0.0349640862,0.00299112122,-0.00228735526,-0.00727629598,-2.65288532,1706.08124
0.0725647706,0.0696352464,-0.00143026988,-0.00288696414,0.00766288233,-3.73481989,1707.66054
0.0725991217,0.00159243101,0.000534365725,-1.05476204e-05,-0.0220611993,-1.30352678,1710.42418
0.072603113,0.147935415,0.000171055396,8.1715837e-06,0.0445770945,-9.04884407,1685.87532
0.0726560249,0.148407569,0.000137908843,5.04723251e-06,0.0448475695,-9.09855518,1685.67539
0.0726628635,0.00206458457,0.000682904566,-1.73399189e-05,-0.0218627314,-1.3238454,1710.29415
0.0727053875,0.14884805,0.000103857537,2.79053546e-06,0.0451003458,-9.14487294,1685.48873
0.0727311887,0.0025706882,0.000837231731,-2.64116166e-05,-0.021649737,-1.3456533,1710.15488
0.0727514388,0.149258983,6.93020062e-05,1.43040136e-06,0.0453365382,-9.1880782,1685.31448
0.0727944009,0.14964235,3.45837953e-05,2.08810015e-07,0.0455571981,-9.23054816,1685.15182
0.0728044267,0.00311318307,0.000997123431,-3.81284454e-05,-0.0214211593,-1.36903443,1710.00597
0.072834481,0.15,0,0,0.0457632883,-9.25136709,1685
0.0728741226,0.109085956,-0.00232720415,-0.000355780856,0.0258541826,-5.51197307,1700.76519
0.0728829309,0.00369468589,0.00116226323,-5.28933842e-05,-0.0211758681,-1.39410376,1709.84705
0.0729272444,0.0378358195,0.00272603251,-0.00247472678,-0.00609924723,-2.76059546,1706.30898
0.0729670799,0.00431800152,0.00133222776,-7.11532304e-05,-0.020912655,-1.42098773,1709.67784
0.0730572797,0.00498613648,0.0015064711,-9.33995395e-05,-0.0206302292,-1.44982359,1709.49814
0.0731539652,0.0057023135,0.00168430761,-0.000120169682,-0.0203272119,-1.48075921,1709.30791
0.0732436502,0.075,-0.00201252922,-0.00263470089,0.0101173766,-3.89741846,1707.47683
0.0732435602,0.112164181,-0.00208579368,-0.000194696094,0.0274268602,-5.71130162,1699.85052
0.0732576029,0.00646998704,0.00186489339,-0.000152046621,-0.0200021321,-1.51395379,1709.10729
0.0733322408,0.040914044,0.00239602214,-0.00265150024,-0.00482729681,-2.87068381,1706.59659
0.0733686926,0.00729285993,0.0020472063,-0.000189657378,-0.0196534198,-1.54957825,1708.89664
0.0734877702,0.00817490128,0.00223002459,-0.000233669636,-0.0192794011,-1.58781533,1708.67662
0.0735882155,0.115035914,-0.00183072368,-6.56614854e-05,0.0289128065,-5.90784023,1698.94544
0.07361541,0.00912036556,0.00241190439,-0.000284785987,-0.0188782901,-1.62885943,1708.44827
0.0737522278,0.0101338132,0.0025911562,-0.000343735125,-0.0184481823,-1.67291568,1708.21306
0.0737663583,0.0442136074,0.00199886846,-0.00281017715,-0.00344976568,-2.98247973,1706.93291
0.0738988833,0.0112201325,0.00276582083,-0.000411259394,-0.0179870443,-1.72019834,1707.97299
0.0739097508,0.117715008,-0.00157215767,3.46075115e-05,0.0303162735,-6.10051734,1698.05757
0.0739225298,0.0803647536,-0.00248181153,-0.00232023903,0.0126404952,-4.06955385,1707.08034
0.0740560841,0.0123845633,0.00293364511,-0.000488097184,-0.0174927038,-1.77092787,1707.7307
0.0742097171,0.120214384,-0.0013181627,0.000109716781,0.0316413969,-6.28842794,1697.19284
0.0742245884,0.0136327222,0.00309205848,-0.000574962445,-0.0169628353,-1.82533028,1707.48955
0.0742316909,0.0477504251,0.00153454452,-0.00294235341,-0.00195419705,-3.0957341,1707.30046
0.074405209,0.0149706296,0.00323815014,-0.000672511252,-0.0163949439,-1.8836237,1707.25371
0.0744895613,0.1225461,-0.00107490942,0.00016333117,0.0328921428,-6.47082134,1696.35579
0.0745558693,0.0853696328,-0.00279785149,-0.00198556534,0.0150557754,-4.24258787,1706.51403
0.074598817,0.0164047389,0.00336864947,-0.000781307253,-0.0157863435,-1.94601285,1707.02824
0.0747304832,0.0515415566,0.00100610789,-0.0030381987,-0.000326103641,-3.20974562,1707.67496
0.0747506333,0.124721401,-0.000846907403,0.000198916975,0.0340722821,-6.64712072,1695.54981
0.0748063463,0.0179419674,0.0034799114,-0.000901777352,-0.0151341298,-2.01268944,1706.81913
0.0749941921,0.12675078,-0.000637235804,0.000219929212,0.0351853848,-6.81655533,1694.77728
0.075028798,0.0195897299,0.00356790775,-0.00103415085,-0.0144351456,-2.08380744,1706.6333
0.0751467235,0.0900387783,-0.00297409796,-0.00165106801,0.0173616333,-4.41960452,1705.81414
0.0752214128,0.128644026,-0.000447801174,0.000229443385,0.0362348277,-6.97928217,1694.03976
0.075265141,0.0556052884,0.000420847337,-0.0030866114,0.00145126571,-3.32502437,1708.0252
0.075267245,0.0213559743,0.00362822879,-0.0011783951,-0.013685936,-2.15946681,1706.47846
0.0754333912,0.13041027,-0.000279567567,0.000229642816,0.037223808,-7.13529472,1693.3381
0.0755228375,0.0232492201,0.00365609879,-0.0013341333,-0.0128826918,-2.23969974,1706.36296
0.0756311498,0.132058033,-0.000132727256,0.000222828773,0.0381553605,-7.28367476,1692.67258
0.0756979425,0.0943947116,-0.00302883907,-0.00133157846,0.019557576,-4.60170292,1705.01397
0.0757968083,0.0252785992,0.00364641326,-0.00150055047,-0.0120211762,-2.32444843,1706.29541
0.0758156425,0.133595261,-6.87188046e-06,0.0002112603,0.039032374,-7.42475031,1692.04299
0.0758382432,0.0599612217,-0.000208594963,-0.00307671194,0.00339711096,-3.44293317,1708.31317
0.0759877592,0.13502937,9.88459273e-05,0.00019637798,0.0398576067,-7.55888999,1691.44872
0.0760904789,0.0274539002,0.00359380363,-0.00167628841,-0.011096635,-2.41354651,1706.28418
0.0761483301,0.136367278,0.000185574932,0.000179361662,0.0406336987,-7.6859584,1690.88889
0.0762121851,0.0984584434,-0.00298255582,-0.00103766235,0.0216445634,-4.78818437,1704.14248
0.0762981297,0.137615437,0.000254669118,0.000161275882,0.0413631825,-7.80612932,1690.36235
0.0764052658,0.0297856156,0.00349274009,-0.00185932791,-0.0101036835,-2.5066983,1706.33665
0.0764378805,0.138779867,0.000307608348,0.000142919863,0.0420484906,-7.91958863,1689.86782
0.0764525542,0.0646303672,-0.000862488582,-0.00299709898,0.00553319047,-3.56493611,1708.49444
0.0765682567,0.139866187,0.000345928948,0.000124904067,0.0426919614,-8.02655853,1689.4039
0.0766898871,0.140879634,0.000371173469,0.000107672956,0.0432958427,-8.12730114,1688.9691
0.0766919316,0.102249575,-0.00285588455,-0.000775451107,0.0236247834,-4.97808268,1703.224
0.0767426873,0.0322849924,0.00333769264,-0.00204685944,-0.00903616682,-2.60345429,1706.45838
0.0768033584,0.141825099,0.000384850648,9.15376136e-05,0.0438622944,-8.22207619,1688.56194
0.0769092178,0.14270714,0.000388406889,7.67010563e-05,0.0443933906,-8.31114772,1688.18089
0.0770079761,0.143530013,0.000383206892,6.32814508e-05,0.0448911203,-8.39478696,1687.82449
0.0770710245,0,0,0,-0.0242003017,-1.36967262,1711.56431
0.0771001096,0.144297686,0.00037052091,5.13296611e-05,0.0453573883,-8.47326563,1687.49127
0.0771043711,0.0349640862,0.00312335434,-0.00223515786,-0.00788699267,-2.70323128,1706.65202
0.077111037,0.0696352464,-0.00151283624,-0.00283897785,0.00788383132,-3.69573604,1708.51889
0.0771199354,0.000357650242,0.000130116247,-7.75746041e-07,-0.024041978,-1.3760836,1711.46052
0.0771394961,0.105786393,-0.00266837627,-0.000547821934,0.0255013544,-5.17015009,1702.27841
0.0771723633,0.000741017226,0.000266490334,-2.46035279e-06,-0.023872102,-1.39050644,1711.34898
0.0771860626,0.145013864,0.000351517581,4.08452864e-05,0.0457940161,-8.54685275,1687.17984
0.077228561,0.00115195011,0.000409168294,-5.5592478e-06,-0.0236898061,-1.40684247,1711.22916
0.0772662498,0.145681998,0.000327261053,3.17897164e-05,0.0462027428,-8.61581245,1686.88887
0.0772887996,0.00159243101,0.000558132349,-1.02673014e-05,-0.0234941831,-1.42452737,1711.1006
0.0773410579,0.146305314,0.000298711361,2.4097077e-05,0.0465852256,-8.68040139,1686.61705
0.0773533696,0.00206458457,0.000713304061,-1.68799143e-05,-0.0232842618,-1.44353781,1710.96279
0.0774108478,0.146886817,0.000266727225,1.76827324e-05,0.0469430418,-8.74086789,1686.36319
0.0774225825,0.0025706882,0.000874533801,-2.57126923e-05,-0.0230590026,-1.46396362,1710.81529
0.0774759561,0.147429312,0.000232070473,1.24510376e-05,0.0472776896,-8.79745251,1686.12613
0.0774920616,0.0378358195,0.00284495335,-0.00241944615,-0.00664793317,-2.80533336,1706.91622
0.0774967721,0.00311318307,0.00104158843,-3.71220314e-05,-0.0228172934,-1.48588875,1710.65766
0.0775366969,0.147935415,0.00019541163,8.2954461e-06,0.0475905902,-8.85038889,1685.90478
0.0775570374,0.109085956,-0.00243777775,-0.000355234287,0.0272780279,-5.36296863,1701.32171
0.0775762963,0.00369468589,0.00121413774,-5.15010909e-05,-0.0225579451,-1.50942602,1710.48955
0.0775933631,0.148407569,0.000157336335,5.12349331e-06,0.0478830897,-8.8997889,1685.69811
0.077646228,0.14884805,0.000118352073,2.83194915e-06,0.0481564613,-8.94582379,1685.50517
0.0776615387,0.00431800152,0.00139173948,-6.92858214e-05,-0.0222796869,-1.5347001,1710.31066
0.0776955467,0.149258983,7.88949733e-05,1.44970851e-06,0.0484119076,-8.98876183,1685.32506
0.0777415571,0.14964235,3.93366266e-05,2.18163037e-07,0.0486505635,-9.03101385,1685.15693
0.0777529104,0.00498613648,0.00157382286,-9.09560465e-05,-0.021981162,-1.56184654,1710.12083
0.077784481,0.15,0,0,0.0488734673,-9.05174813,1685
0.0778168678,0.075,-0.00212229089,-0.00259753637,0.0104754253,-3.84136066,1708.3329
0.0778508522,0.0057023135,0.00175967054,-0.00011703653,-0.0216609221,-1.59101177,1709.92004
0.0779076289,0.040914044,0.00249869259,-0.00259381169,-0.00530939564,-2.90898164,1707.24448
0.0779465695,0.112164181,-0.00217962202,-0.000196406859,0.0289589272,-5.55514453,1700.36661
0.0779558364,0.00646998704,0.00194839912,-0.000148096843,-0.0213174223,-1.62235377,1709.70847
0.0780683696,0.00729285993,0.00213893809,-0.000184749956,-0.0209490153,-1.65604233,1709.48655
0.0781889943,0.00817490128,0.00233000735,-0.000227649034,-0.0205539454,-1.69225923,1709.25505
0.0783099713,0.115035914,-0.00190706889,-6.88910602e-05,0.030548339,-5.74538639,1699.42311
0.0783182926,0.00912036556,0.00252009359,-0.000277481949,-0.0201303409,-1.73119778,1709.01511
0.0783530775,0.0442136074,0.00208232834,-0.00275104615,-0.00386016585,-3.01336449,1707.62425
0.078456888,0.0101338132,0.0027074256,-0.00033496287,-0.0196762071,-1.77306186,1708.76836
0.0785226987,0.0803647536,-0.00261308571,-0.00229488145,0.0131419414,-3.99641217,1707.91855
0.0786054491,0.0112201325,0.00288994901,-0.000400820357,-0.0191894161,-1.81806388,1708.51702
0.0786489957,0.117715008,-0.00163092256,3.04444042e-05,0.0320505644,-5.93253465,1698.49899
0.0787646925,0.0123845633,0.00306530095,-0.000475780225,-0.0186676963,-1.86642068,1708.26397
0.0788305559,0.0477504251,0.00159590241,-0.0028830226,-0.00228713102,-3.11802666,1708.03614
0.0789353862,0.0136327222,0.00323078544,-0.000560545435,-0.0181086179,-1.91835291,1708.01288
0.0789652778,0.120214384,-0.0013597727,0.000105067102,0.0334698157,-6.11559374,1697.60023
0.0791183535,0.0149706296,0.00338335011,-0.000655764963,-0.0175095765,-1.97407691,1707.76831
0.0791811815,0.0853696328,-0.00294312043,-0.00197140362,0.0156971647,-4.15352885,1707.32267
0.0792603434,0.1225461,-0.00110020115,0.000158524339,0.0348101539,-6.29372863,1696.73133
0.0793144771,0.0164047389,0.00351956661,-0.000762001231,-0.0168677705,-2.03378801,1707.53576
0.0793423673,0.0515415566,0.00104270406,-0.00298020705,-0.000574995907,-3.22216972,1708.45355
0.0795247029,0.0179419674,0.00363561494,-0.000879684912,-0.0161801736,-2.09765907,1707.32172
0.0795356156,0.124721401,-0.000857024213,0.00019423261,0.0360754602,-6.46626345,1695.8956
0.079750045,0.0195897299,0.00372727548,-0.00100905704,-0.0154434982,-2.16582559,1707.13365
0.0797924222,0.12675078,-0.000633566988,0.000215526843,0.0372694261,-6.63251988,1695.0953
0.0797954925,0.0900387783,-0.00312641799,-0.00164688862,0.0181392962,-4.31587467,1706.58513
0.0798909803,0.0556052884,0.000430347916,-0.00303227362,0.00129398777,-3.32636566,1708.84264
0.0799915901,0.0213559743,0.00378993308,-0.00115010762,-0.0146541498,-2.23836109,1706.97991
0.0800320018,0.128644026,-0.000431960568,0.000225364602,0.0383955579,-6.79247465,1694.33188
0.0802505036,0.0232492201,0.00381859461,-0.00130249571,-0.0138081672,-2.3152611,1706.86946
0.0802555102,0.13041027,-0.000253210382,0.000225980316,0.0394571885,-6.94597598,1693.60607
0.0803685946,0.0943947116,-0.00318205888,-0.00133588006,0.0204675817,-4.48468795,1705.74224
0.0804640253,0.132058033,-9.73877515e-05,0.00021960799,0.0404574921,-7.0922695,1692.91803
0.0804790412,0.0599612217,-0.00022793172,-0.00302808716,0.00334025018,-3.43114936,1709.16254
0.0805280341,0.0252785992,0.00380792868,-0.00146546093,-0.0129011474,-2.39641961,1706.81152
0.080658553,0.133595261,3.5919304e-05,0.000208415811,0.0413995005,-7.23150506,1692.26743
0.0808255204,0.0274539002,0.00375233617,-0.00163772081,-0.011928148,-2.48160821,1706.81498
0.0808400315,0.13502937,0.000147534042,0.00019389688,0.042286117,-7.36396613,1691.65358
0.0809032524,0.0984584434,-0.00313145073,-0.00104870273,0.0226827315,-4.65921372,1704.82538
0.0810093362,0.136367278,0.000238686312,0.000177239938,0.0431201277,-7.48957863,1691.07547
0.0811093865,0.0646303672,-0.000911350869,-0.00295608315,0.0055870643,-3.53865437,1709.36592
0.0811443973,0.0297856156,0.00364606152,-0.0018173551,-0.0108835717,-2.57045167,1706.88764
0.0811672837,0.137615437,0.000310843256,0.000159482287,0.0439042118,-7.6084783,1690.53189
0.081314636,0.138779867,0.000365603685,0.00014142222,0.0446409479,-7.72083796,1690.02146
0.0814020447,0.102249575,-0.00299617476,-0.000791572515,0.0247867209,-4.83839949,1703.86075
0.0814521036,0.139866187,0.000404623572,0.000123666985,0.0453328193,-7.82684638,1689.5427
0.0814862031,0.0322849924,0.00348336263,-0.00200168692,-0.00976101907,-2.66241087,1707.0352
0.0815803497,0.140879634,0.000429565825,0.000106659982,0.0459822173,-7.92673836,1689.09406
0.0816999929,0.141825099,0.00044205941,9.07177167e-05,0.0465914431,-8.02076599,1688.67397
0.0817850565,0.0696352464,-0.00159086405,-0.0028086879,0.00806061047,-3.65364816,1709.39979
0.0818116103,0.14270714,0.000443667076,7.60451734e-05,0.0471627091,-8.10918003,1688.28087
0.0818525862,0.0349640862,0.00325874201,-0.00218715901,-0.00855310718,-2.75679328,1707.26017
0.0818673773,0.105786393,-0.00279672953,-0.000567467982,0.0267825064,-5.02096623,1702.86961
0.0819157403,0.143530013,0.000435863641,6.27635219e-05,0.0476981392,-8.19224005,1687.91321
0.0820128851,0.144297686,0.000420022503,5.09265796e-05,0.0481997697,-8.27020783,1687.56949
0.0820242274,0,0,0,-0.0257556074,-1.50434716,1712.30729
0.0820731307,0.000357650242,0.000135740202,-7.52967714e-07,-0.0255882272,-1.51019237,1712.19741
0.0821035133,0.145013864,0.000397407748,4.0536801e-05,0.0486695494,-8.34334379,1687.24826
0.0821255504,0.000741017226,0.000278017881,-2.39807469e-06,-0.0254086511,-1.52343764,1712.07936
0.0821817393,0.00115195011,0.00042688102,-5.4123906e-06,-0.0252159678,-1.5385427,1711.95261
0.082188062,0.145681998,0.000369170875,3.1558277e-05,0.0491093403,-8.4119041,1686.94813
0.0822419684,0.00159243101,0.00058231196,-9.9968924e-06,-0.0250092234,-1.55490968,1711.81667
0.0822453141,0.0378358195,0.00296727572,-0.00236920262,-0.00725126089,-2.85277103,1707.56065
0.0822669392,0.146305314,0.000336351062,2.39276905e-05,0.0495209183,-8.47613855,1686.66777
0.0823014949,0.109085956,-0.00255177104,-0.000377062396,0.0286737307,-5.20540245,1701.8689
0.0823065284,0.00206458457,0.000744229688,-1.64361863e-05,-0.0247873962,-1.5725249,1711.67103
0.0823405251,0.146886817,0.00029987796,1.75625726e-05,0.0499059741,-8.53629185,1686.40594
0.0823757305,0.0025706882,0.00091247879,-2.50386069e-05,-0.0245493934,-1.59147523,1711.51521
0.0824091748,0.147429312,0.000260576334,1.23691177e-05,0.0502661147,-8.59259973,1686.16143
0.0824499085,0.00311318307,0.00108681654,-3.61515572e-05,-0.0242940465,-1.6118444,1711.34879
0.0824732194,0.147935415,0.000219172142,8.24246256e-06,0.0506028655,-8.64528963,1685.93314
0.0825093105,0.075,-0.00222767192,-0.00258045968,0.0107895243,-3.7813054,1709.20791
0.0825294203,0.00369468589,0.00126689869,-5.01588128e-05,-0.0240201065,-1.63374265,1711.1714
0.0825329678,0.148407569,0.000176299394,5.09165047e-06,0.0509176714,-8.69447026,1685.71999
0.0825887082,0.14884805,0.000132507339,2.81483841e-06,0.0512118999,-8.74030983,1685.521
0.0826146494,0.00431800152,0.00145226376,-6.74859661e-05,-0.0237262397,-1.65729233,1710.98276
0.0826407094,0.149258983,8.82677841e-05,1.4417242e-06,0.0514868429,-8.78307308,1685.33525
0.0826662809,0.040914044,0.00260507279,-0.00254214854,-0.00584546584,-2.94941889,1707.92917
0.0826892224,0.14964235,4.39824555e-05,2.16989491e-07,0.0517437199,-8.82516362,1685.16185
0.0827060068,0.00498613648,0.00164231569,-8.86016769e-05,-0.0234110224,-1.68262684,1710.78271
0.0827064912,0.112164181,-0.0022776612,-0.00021929813,0.0304644586,-5.3902141,1700.87194
0.082734481,0.15,0,0,0.0519836464,-8.84582115,1685
0.0828039333,0.0057023135,0.00183630504,-0.000114018759,-0.0230729361,-1.70989061,1710.57128
0.0829089012,0.00646998704,0.00203330841,-0.000144294155,-0.0227103618,-1.73923976,1710.34867
0.0830214167,0.00729285993,0.00223220642,-0.000180027675,-0.0223215745,-1.7708424,1710.11541
0.08308432,0.115035914,-0.00198829684,-9.19518788e-05,0.0321589639,-5.57400844,1699.88904
0.0831175172,0.0442136074,0.00216986681,-0.00269910975,-0.00432398969,-3.04578287,1708.35167
0.0831420227,0.00817490128,0.00243166014,-0.000221859005,-0.0219047368,-1.80487861,1709.87233
0.0832335644,0.0803647536,-0.00274051167,-0.00229157735,0.0135998494,-3.91838988,1708.77212
0.0832713008,0.00912036556,0.00263008634,-0.000270462528,-0.0214578919,-1.84153991,1709.62071
0.0834098745,0.0101338132,0.00282563165,-0.000326539336,-0.0209789554,-1.88102811,1709.36234
0.0834368034,0.117715008,-0.00169511924,7.90069282e-06,0.0337615707,-5.75552735,1698.92811
0.0835584124,0.0112201325,0.00301614624,-0.000390805819,-0.0204657063,-1.92355296,1709.09965
0.0836011996,0.0477504251,0.00166177056,-0.00283213136,-0.00267307773,-3.14115587,1708.80682
0.0837176309,0.0123845633,0.00319915743,-0.000463977599,-0.0199157755,-1.96932817,1708.83578
0.0837656419,0.120214384,-0.00140724867,8.35464208e-05,0.0352765462,-5.9336772,1697.99511
0.0838882979,0.0136327222,0.003371844,-0.000546749221,-0.0193266317,-2.01856818,1708.57471
0.0839092345,0.0853696328,-0.00308537324,-0.0019807653,0.0162956682,-4.05878629,1708.1433
0.0840712368,0.0149706296,0.00353101227,-0.000639766148,-0.0186955643,-2.07148118,1708.32136
0.0840724214,0.1225461,-0.00113169656,0.000138384022,0.0367080318,-6.10753032,1697.09446
0.084119661,0.0515415566,0.00108430281,-0.00293213964,-0.000876634789,-3.2349683,1709.26569
0.0842673297,0.0164047389,0.00367307671,-0.000743592211,-0.0180196607,-2.12825366,1708.08169
0.0843586218,0.124721401,-0.000873615032,0.000175736476,0.0380600058,-6.27634722,1696.22929
0.0844775227,0.0179419674,0.00379404427,-0.000858665499,-0.0172957774,-2.18904262,1707.8627
0.0845395797,0.0900387783,-0.00327684533,-0.00166721196,0.0188749894,-4.20573336,1707.36487
0.0846256235,0.12675078,-0.000636558737,0.000198732084,0.0393362727,-6.43954902,1695.40172
0.0846754022,0.0556052884,0.000445356519,-0.00298994081,0.00108408705,-3.32745114,1709.69178
0.0847028295,0.0195897299,0.0038895069,-0.000985244818,-0.0165205035,-2.25396132,1707.67241
0.0848747144,0.128644026,-0.000422703277,0.000210157182,0.0405404626,-6.59679057,1694.61302
0.084944337,0.0213559743,0.00395464694,-0.00112334954,-0.0156901125,-2.32305509,1707.51979
0.085107096,0.13041027,-0.000233150286,0.000212415929,0.0416760406,-6.74771914,1693.86375
0.0851276406,0.0943947116,-0.00333476056,-0.00136515641,0.0213367935,-4.36061862,1706.47614
0.08520321,0.0232492201,0.00398425796,-0.00127268274,-0.0148005003,-2.39628109,1707.41441
0.0852711039,0.0599612217,-0.00024127104,-0.00299348385,0.00323076715,-3.41787686,1710.04147
0.0853238891,0.132058033,-6.81789815e-05,0.000207730253,0.0427463199,-6.89197167,1693.15392
0.0854806972,0.0252785992,0.00397278827,-0.00143254687,-0.0138471097,-2.47348322,1707.36611
0.0855261394,0.133595261,7.26592161e-05,0.000198042993,0.0437544754,-7.02951841,1692.48306
0.0856762537,0.0984584434,-0.00328128467,-0.00108468167,0.0236815159,-4.52264247,1705.51095
0.0857148226,0.13502937,0.000190331245,0.000184886357,0.0447035562,-7.16039197,1691.85036
0.0857781371,0.0274539002,0.00391441612,-0.00160174424,-0.0128248235,-2.5543678,1707.38428
0.0858908486,0.136367278,0.000286140428,0.000169507781,0.0455964971,-7.2846382,1691.2547
0.0859096393,0.0646303672,-0.000953861653,-0.00293083801,0.00558823513,-3.51011993,1710.26463
0.0860550666,0.137615437,0.000361635422,0.000152909628,0.046436126,-7.40237583,1690.69476
0.0860969642,0.0297856156,0.00380316822,-0.00177846829,-0.0117278449,-2.63848023,1707.47709
0.086188065,0.102249575,-0.00313885264,-0.000832198943,0.0259108819,-4.69065107,1704.49743
0.0862082686,0.138779867,0.000418514892,0.00013588025,0.0472251709,-7.51375704,1690.16908
0.0863511937,0.139866187,0.000458550074,0.000119032977,0.0479662635,-7.61893458,1689.67609
0.0864387166,0.0322849924,0.00363309685,-0.00196018697,-0.0105495467,-2.72519008,1707.65039
0.0864845312,0.140879634,0.000483518491,0.000102821676,0.0486619417,-7.718091,1689.21417
0.0865940885,0.0696352464,-0.00166248386,-0.00279636268,0.00818460064,-3.60868387,1710.30551
0.0866089242,0.141825099,0.000495162198,8.75708803e-05,0.0493146513,-7.81148604,1688.78168
0.0866655435,0.105786393,-0.00292885613,-0.00061084107,0.028027642,-4.86333842,1703.45827
0.0867249727,0.14270714,0.000495156221,7.34951136e-05,0.0499267464,-7.89936388,1688.377
0.0868050425,0.0349640862,0.00339852357,-0.00214352558,-0.00928227316,-2.81368926,1707.90649
0.0868332366,0.143530013,0.000485083018,6.07228179e-05,0.0505004892,-7.98196665,1687.99853
0.086934238,0.144297686,0.000466417197,4.93168448e-05,0.0510380506,-8.05954389,1687.64472
0.0870284641,0.145013864,0.000440516733,3.92882573e-05,0.0515415097,-8.13234589,1687.31407
0.087110992,0.109085956,-0.0026708104,-0.000421565509,0.0300352857,-5.03908904,1702.41146
0.0871163694,0.145681998,0.000408619208,3.0609257e-05,0.0520128543,-8.20062041,1687.00514
0.0871977091,0.0378358195,0.00309438284,-0.00232414053,-0.00791712082,-2.90301793,1708.2429
0.0871983779,0.146305314,0.00037184165,2.3223922e-05,0.0524539814,-8.26461262,1686.71657
0.0872588813,0,0,0,-0.0273992887,-1.64914093,1713.09244
0.0872748852,0.146886817,0.000331183446,1.70565446e-05,0.0528666979,-8.32456163,1686.44707
0.0873071059,0.000357650242,0.000141470645,-7.30914263e-07,-0.0272225403,-1.65437952,1712.97641
0.0873277527,0.075,-0.00232697851,-0.00258362146,0.0110508713,-3.71736427,1710.10532
0.0873462603,0.147429312,0.000287531535,1.20194297e-05,0.0532527221,-8.38069543,1686.19541
0.0873587981,0.000741017226,0.000289763214,-2.33879874e-06,-0.0270329332,-1.66636685,1712.8518
0.0874128474,0.147935415,0.000241666778,8.01345153e-06,0.0536136854,-8.4332369,1685.96043
0.0874142072,0.00115195011,0.000444927485,-5.27130161e-06,-0.0268295122,-1.68016137,1712.71806
0.0874736005,0.00159243101,0.000606945872,-9.7371022e-06,-0.0266112751,-1.69512392,1712.57467
0.0874749678,0.148407569,0.000194271108,4.95260021e-06,0.0539511339,-8.48229278,1685.74104
0.0875265593,0.112164181,-0.00238187628,-0.000263599706,0.0319377775,-5.21630418,1701.37091
0.087532921,0.14884805,0.000145935262,2.74000641e-06,0.0542665311,-8.52802749,1685.53623
0.0875372644,0.00206458457,0.000775734701,-1.60098607e-05,-0.0263771495,-1.71125092,1712.42112
0.0875869867,0.149258983,9.71665688e-05,1.40667799e-06,0.0545612602,-8.57071298,1685.34505
0.0876055061,0.0025706882,0.000951132658,-2.43910105e-05,-0.0261259885,-1.72862595,1712.25692
0.0876186102,0.040914044,0.00271669403,-0.00249662434,-0.00644367222,-2.99211048,1708.6511
0.0876374256,0.14964235,4.83968401e-05,2.04841644e-07,0.0548366269,-8.61269693,1685.16658
0.0876786546,0.00311318307,0.00113288727,-3.52192996e-05,-0.0258565665,-1.74733227,1712.08163
0.087684481,0.15,0,0,0.0550938254,-8.63328142,1685
0.0877570629,0.00369468589,0.00132064006,-4.88695485e-05,-0.0255675741,-1.767477,1711.89488
0.0878411091,0.00431800152,0.00151391006,-6.57574661e-05,-0.025257614,-1.7891797,1711.6964
0.0879142499,0.115035914,-0.00207667055,-0.000135003935,0.0337393406,-5.39348392,1700.3473
0.0879311987,0.00498613648,0.00171207575,-8.63410934e-05,-0.0249251952,-1.81257101,1711.48605
0.0880277661,0.0057023135,0.00191435525,-0.000111121918,-0.0245687287,-1.83779279,1711.26387
0.088061417,0.0803647536,-0.00286270049,-0.00231030642,0.0140053131,-3.83556111,1709.64577
0.088069776,0.0442136074,0.00226316718,-0.00265440922,-0.00484969408,-3.07986102,1709.11553
0.0881312771,0.00646998704,0.00211978491,-0.00014064497,-0.0241865216,-1.86499871,1711.03014
0.0882422311,0.00729285993,0.00232719621,-0.000175497725,-0.0237767713,-1.89435448,1710.78542
0.0882759336,0.117715008,-0.00176726074,-3.31210159e-05,0.0354442915,-5.56926403,1699.34863
0.0883611632,0.00817490128,0.00253519116,-0.000216307355,-0.0233375593,-1.92603778,1710.53067
0.0884886471,0.00912036556,0.00274211646,-0.000263735879,-0.0228668442,-1.96023762,1710.26727
0.0885533829,0.0477504251,0.00173398402,-0.00278978172,-0.003120803,-3.16535457,1709.61287
0.0886133552,0.120214384,-0.00146329774,4.51107415e-05,0.0370569254,-5.74244613,1698.38082
0.0886252977,0.0101338132,0.00294603653,-0.000318472626,-0.0223624537,-1.99715287,1709.99719
0.0887458662,0.0853696328,-0.00322362083,-0.00201355925,0.0168423684,-3.95848536,1708.98176
0.0887717741,0.0112201325,0.00314470621,-0.000381223375,-0.0218220754,-2.0369898,1709.72305
0.0889281421,0.1225461,-0.00117222123,0.000102885702,0.0385814422,-5.91203476,1697.44815
0.0889287828,0.0123845633,0.00333554336,-0.000452695329,-0.021243245,-2.07995821,1709.44825
0.0890717633,0.0515415566,0.00113282388,-0.00289406235,-0.00124010994,-3.24813696,1710.11187
0.0890970812,0.0136327222,0.00351560244,-0.000533577478,-0.0206233331,-2.12626626,1709.1771
0.0892218126,0.124721401,-0.000899509249,0.000143339118,0.0400219039,-6.07721488,1696.55355
0.0892774811,0.0149706296,0.00368155017,-0.000624514183,-0.0199595265,-2.17611127,1708.91489
0.0893844016,0.0900387783,-0.00342480267,-0.00171186833,0.0195598693,-4.08930765,1708.16015
0.0894708525,0.0164047389,0.00382964538,-0.000726073126,-0.0192488066,-2.22966878,1708.66801
0.0894957834,0.12675078,-0.000648947512,0.000169428425,0.0413822166,-6.23731717,1695.69891
0.0896274178,0.0556052884,0.000467973347,-0.00295914575,0.000812139091,-3.32812731,1710.57347
0.0896781283,0.0179419674,0.00395572414,-0.000838704093,-0.0184879193,-2.28708109,1708.44398
0.0897513759,0.128644026,-0.000422906858,0.000183877688,0.0426661271,-6.39180217,1694.88527
0.0899003082,0.0195897299,0.00405519338,-0.000962688569,-0.0176733374,-2.34843796,1708.25139
0.0899801032,0.0943947116,-0.00348678411,-0.00141911687,0.0221565194,-4.22948885,1707.22317
0.0899898229,0.13041027,-0.000222605306,0.000189139302,0.0438772288,-6.54029277,1694.11301
0.0901384639,0.0213559743,0.00412303747,-0.00109808053,-0.0168012113,-2.41375443,1708.09979
0.0902122746,0.132058033,-4.8336815e-05,0.000187349458,0.0450189716,-6.68257469,1693.38193
0.0902230265,0.0599612217,-0.000246270107,-0.00297236314,0.00305889854,-3.40345539,1710.95143
0.0903937441,0.0232492201,0.00415384185,-0.00124463441,-0.0158673045,-2.48294784,1707.99939
0.090419804,0.133595261,0.000100334265,0.000180313762,0.0460946736,-6.8185116,1692.69139
0.0905358445,0.0984584434,-0.00343233683,-0.0011452501,0.0246324434,-4.37838649,1706.20712
0.090613412,0.13502937,0.000224397124,0.000169562136,0.0471075318,-6.94799494,1692.04043
0.0906673802,0.0252785992,0.00414184099,-0.00140172342,-0.0148669158,-2.5558105,1707.9606
0.0907940325,0.136367278,0.000325228213,0.000156362947,0.0480606315,-7.07106071,1691.4278
0.0908614622,0.0646303672,-0.000987822385,-0.002921123,0.00552660816,-3.47964585,1711.19296
0.090960692,0.0274539002,0.00408099887,-0.00156824347,-0.0137947696,-2.63198188,1707.99333
0.0909625368,0.137615437,0.000404460868,0.000141726124,0.0489569531,-7.18778207,1690.85208
0.0910543059,0.102249575,-0.00328463359,-0.000896931286,0.0269890681,-4.53471287,1705.14213
0.0911197376,0.138779867,0.000463890445,0.000126451031,0.0497993772,-7.29828963,1690.31168
0.0912663932,0.139866187,0.000505394185,0.000111154568,0.0505906879,-7.40278246,1689.80497
0.0912750942,0.0297856156,0.00396513369,-0.00174251323,-0.0126448862,-2.71092878,1708.1061
0.0914032109,0.140879634,0.000530860796,9.62956296e-05,0.051333574,-7.50139102,1689.33025
0.0915308508,0.141825099,0.000542139948,8.2213096e-05,0.05203063,-7.59430634,1688.88581
0.0915379882,0.105786393,-0.00306589427,-0.000677514621,0.0292288836,-4.69709545,1704.05247
0.0915458045,0.0696352464,-0.00172570278,-0.00280145043,0.00824539987,-3.56094505,1711.23967
0.0916121035,0.0322849924,0.00378810027,-0.00192215664,-0.011410425,-2.79192605,1708.30485
0.0916499283,0.14270714,0.000541012691,6.91436341e-05,0.0526843557,-7.68177565,1688.46997
0.0917610181,0.143530013,0.000529164499,5.72327834e-05,0.0532971556,-7.76403926,1688.08108
0.0918646557,0.144297686,0.000508166134,4.65582682e-05,0.0538713389,-7.8413373,1687.71752
0.0919613412,0.145013864,0.000479466175,3.71451018e-05,0.0544091188,-7.91391397,1687.37777
0.0919733454,0.0349640862,0.00354404776,-0.00210399675,-0.0100834781,-2.87404632,1708.59168
0.0919892246,0.109085956,-0.00279643009,-0.000488293324,0.0313551704,-4.86381415,1702.9572
0.092051541,0.145681998,0.000444385501,2.89781146e-05,0.0549126124,-7.98201475,1687.06034
0.09213569,0.146305314,0.000404116699,2.20127258e-05,0.0553838408,-8.04587597,1686.76383
0.0922141942,0.146886817,0.000359727473,1.61842718e-05,0.0558247305,-8.1057244,1686.4869
0.0922793542,0.075,-0.00241831717,-0.0026061369,0.0112488067,-3.64974195,1711.03024
0.0922874323,0.147429312,0.000312165805,1.14156926e-05,0.0562371138,-8.16178282,1686.22831
0.0923557574,0.147935415,0.000262266482,7.61747144e-06,0.0566227308,-8.21427132,1685.98686
0.0923605623,0.0378358195,0.00322777664,-0.00228392922,-0.008654833,-2.95619924,1708.9635
0.0924101914,0.112164181,-0.00249415616,-0.000328846522,0.0333717407,-5.03316159,1701.871
0.0924194992,0.148407569,0.000210758672,4.71175509e-06,0.0569832315,-8.2632936,1685.76143
0.0924789651,0.14884805,0.000158274148,2.61022602e-06,0.0573201776,-8.3090096,1685.55099
0.092534442,0.149258983,0.000105355495,1.346161e-06,0.0576350456,-8.35170784,1685.35454
0.0925861974,0.14964235,5.24645273e-05,1.82901153e-07,0.0579292295,-8.39364198,1685.17116
0.092634481,0.15,0,0,0.0582040045,-8.41416261,1685
0.0927756218,0.040914044,0.00283521843,-0.00245683084,-0.00711368853,-3.03718197,1709.41071
0.092790979,0,0,0,-0.0291363674,-1.80450672,1713.92215
0.0928029193,0.115035914,-0.00217438122,-0.000197582109,0.0352827202,-5.203525,1700.80491
0.0928378157,0.000357650242,0.000147317834,-7.09553084e-07,-0.0289500018,-1.80909431,1713.79991
0.0928880202,0.000741017226,0.000301747327,-2.28222993e-06,-0.0287500997,-1.81973667,1713.66868
0.0929418346,0.00115195011,0.000463339933,-5.13514621e-06,-0.028535662,-1.83213474,1713.52788
0.0929995185,0.00159243101,0.000632078119,-9.48635312e-06,-0.0283056378,-1.84559932,1713.37698
0.0930129039,0.0803647536,-0.00297804316,-0.00235006231,0.0143475076,-3.74808845,1710.54616
0.0930613502,0.00206458457,0.000807875517,-1.55982986e-05,-0.0280589032,-1.86013756,1713.21545
0.0931276278,0.0025706882,0.000990564843,-2.37658189e-05,-0.0277942572,-1.87582936,1713.04279
0.0931693024,0.117715008,-0.00184978638,-9.21584907e-05,0.0370923789,-5.37341954,1699.76708
0.0931986711,0.00311318307,0.0011798838,-3.43192659e-05,-0.0275104163,-1.8927573,1712.85854
0.0932205262,0.0442136074,0.00236406051,-0.00261644885,-0.00544732765,-3.1157249,1709.91621
0.0932748228,0.00369468589,0.00137545955,-4.7624847e-05,-0.0272060109,-1.91102484,1712.66234
0.0933564502,0.00431800152,0.00157679155,-6.40887584e-05,-0.0268795794,-1.93074819,1712.45393
0.0934439469,0.00498613648,0.00178323267,-8.41588477e-05,-0.0265295643,-1.9520547,1712.23317
0.0935111081,0.120214384,-0.00153054616,-9.80289521e-06,0.0388050074,-5.5415609,1698.76339
0.0935377351,0.0057023135,0.00199396851,-0.000108325761,-0.0261543059,-1.97508303,1712.00015
0.0936382671,0.00646998704,0.00220799509,-0.000137123173,-0.0257520377,-1.99998373,1711.75518
0.0936972462,0.0853696328,-0.00335670275,-0.00206871591,0.0173263847,-3.85267665,1709.84617
0.0936974212,0.0477504251,0.00181454691,-0.00275549555,-0.00364075071,-3.19075433,1710.45477
0.0937460278,0.00729285993,0.00242409474,-0.000171126866,-0.0253208804,-2.02691947,1711.4989
0.0938299851,0.1225461,-0.00122453458,5.24164552e-05,0.040424838,-5.70685149,1697.79793
0.093861537,0.00817490128,0.00264081049,-0.000210952245,-0.0248588354,-2.05606481,1711.23235
0.0939853518,0.00912036556,0.00285641916,-0.000257249838,-0.0243637783,-2.08760548,1710.95705
0.0941180696,0.0101338132,0.00306890342,-0.000310698255,-0.0238334507,-2.12173667,1710.67513
0.0941274714,0.124721401,-0.000937577237,9.74422381e-05,0.041955997,-5.86834611,1696.8734
0.0942086073,0.0515415566,0.00119045618,-0.00286526916,-0.00167627849,-3.26141738,1710.99287
0.0942603303,0.0112201325,0.00327592345,-0.000371993954,-0.023265451,-2.15866032,1710.38941
0.0943356819,0.0900387783,-0.00356958004,-0.00177966667,0.0201831037,-3.96663983,1708.98027
0.0944050019,0.12675078,-0.000673731631,0.000128107926,0.043402478,-6.02529117,1695.99143
0.0944128203,0.0123845633,0.00347478865,-0.00044183706,-0.0226572232,-2.19858078,1710.10355
0.0945762751,0.0136327222,0.00366243062,-0.000520912724,-0.0220060431,-2.241699,1709.82216
0.0946639153,0.128644026,-0.000435564046,0.000147032537,0.0447681352,-6.17711126,1695.1528
0.094751483,0.0149706296,0.00383537847,-0.000609866063,-0.0213090003,-2.28820273,1709.55093
0.09475655,0.0556052884,0.0005004902,-0.00293821042,0.00046685925,-3.32825539,1711.48903
0.0949054605,0.13041027,-0.000224413756,0.000156569394,0.0460566842,-6.32337584,1694.35763
0.0949312905,0.0943947116,-0.00363777609,-0.00149647987,0.0229160694,-4.09135845,1707.99353
0.0949392892,0.0164047389,0.00398973822,-0.000709271638,-0.0205629755,-2.33825485,1709.29669
0.0951308026,0.132058033,-4.06365147e-05,0.000158786133,0.047271709,-6.46377982,1693.60547
0.0951405995,0.0179419674,0.0041211785,-0.000819594447,-0.0197646108,-2.39198016,1709.06744
0.0953410283,0.133595261,0.000116186237,0.000155463059,0.0484166704,-6.59812451,1692.89551
0.0953438924,0.0599612217,-0.000240656029,-0.00296301407,0.00281292415,-3.38899149,1711.89452
0.095356385,0.0195897299,0.00422492548,-0.000941141891,-0.0189102711,-2.44944475,1708.87234
0.095486945,0.0984584434,-0.00358466785,-0.00122915506,0.0255250506,-4.22643025,1706.92468
0.0955371519,0.13502937,0.000247054425,0.000148108094,0.0494949145,-6.72630487,1692.22659
0.0955876865,0.0213559743,0.00429577115,-0.00107400731,-0.0179959934,-2.51063255,1708.72155
0.0957201193,0.136367278,0.000353386799,0.00013797017,0.0505096799,-6.84829812,1691.59732
0.0958356197,0.0232492201,0.00432809974,-0.00121800159,-0.0170174212,-2.57542002,1708.62588
0.095890813,0.137615437,0.000436890994,0.000126074195,0.051464103,-6.96411618,1691.00613
0.0959734676,0.0646303672,-0.00101096721,-0.00292607181,0.00539003338,-3.44790272,1712.15411
0.0960053255,0.102249575,-0.00343403174,-0.000984526919,0.0280111144,-4.37050526,1705.80594
0.0960500563,0.138779867,0.000499448518,0.000113245356,0.0523612214,-7.07385835,1690.45135
0.0961013804,0.0252785992,0.00431593932,-0.00137257534,-0.0159697212,-2.64354704,1708.59632
0.0961986174,0.139866187,0.00054302797,0.000100111872,0.053203976,-7.17772041,1689.93123
0.0963372129,0.140879634,0.000569622368,8.71502732e-05,0.0539952115,-7.27587136,1689.44401
0.0963862507,0.0274539002,0.00425304754,-0.00153672724,-0.0148474742,-2.71458621,1708.64327
0.0964665111,0.141825099,0.000581184256,7.47167579e-05,0.0547376759,-7.36844081,1688.98789
0.0964889323,0.105786393,-0.00320879461,-0.000766278508,0.030376423,-4.52209191,1704.66328
0.0965871359,0.14270714,0.000579579658,6.3064993e-05,0.0554340195,-7.45562494,1688.56114
0.0966483121,0.0696352464,-0.00177825184,-0.00282255069,0.008230456,-3.51029702,1712.20692
0.0966916044,0.0297856156,0.00413304358,-0.00170891062,-0.0136445354,-2.7879255,1708.77558
0.096699669,0.143530013,0.000566590053,5.23664195e-05,0.0560867941,-7.53767295,1688.16205
0.0968046533,0.144297686,0.000543891569,4.27187888e-05,0.0566984519,-7.61481973,1687.78896
0.096902595,0.145013864,0.000513020641,3.41664519e-05,0.0572713442,-7.68730424,1687.4403
0.0969400982,0.109085956,-0.00292998244,-0.000576076818,0.0326239802,-4.67937153,1703.51703
0.0969939668,0.145681998,0.000475375537,2.67130653e-05,0.0578077216,-7.75535706,1687.11454
0.0970189144,0.0322849924,0.00394959646,-0.00188691443,-0.0123538688,-2.86274177,1708.99929
0.0970792091,0.146305314,0.000432221061,2.03315425e-05,0.0583097339,-7.81919721,1686.81024
0.0971587334,0.146886817,0.000384690834,1.49741798e-05,0.0587794303,-7.87904822,1686.52604
0.097232923,0.147429312,0.000333791863,1.05787356e-05,0.0592187609,-7.93513158,1686.26065
0.0973021359,0.147935415,0.000280411357,7.0689138e-06,0.0596295778,-7.9876622,1686.01284
0.0973609993,0.112164181,-0.0026162071,-0.000413921109,0.034757382,-4.84052393,1702.38271
0.0973667059,0.148407569,0.000225324677,4.37838209e-06,0.0600136376,-8.03674055,1685.78148
0.0973697597,0.0349640862,0.00369669224,-0.00206777107,-0.0109673357,-2.93798848,1709.31628
0.0973716812,0.075,-0.0024995418,-0.00264597413,0.0113704306,-3.57872732,1711.98906
0.0974269445,0.14884805,0.000169203927,2.43095013e-06,0.0603726034,-8.08252159,1685.5655
0.0974831422,0.149258983,0.000112626543,1.26329269e-06,0.0607080475,-8.12531979,1685.36387
0.0975355701,0.14964235,5.60841659e-05,1.5279159e-07,0.0610214547,-8.16726308,1685.17566
0.097584481,0.15,0,0,0.0613141835,-8.18773271,1685
0.0977458323,0.0378358195,0.00336900223,-0.00224763022,-0.00947543436,-3.01244696,1709.72282
0.0977536658,0.115035914,-0.00228343276,-0.00027862685,0.0367805995,-5.00381754,1701.27188
0.0980950502,0.0803647536,-0.00308460814,-0.00240887578,0.0146132899,-3.65626005,1711.48155
0.0981199918,0.117715008,-0.00194494191,-0.000168218609,0.0386978057,-5.1676431,1700.19288
0.0981489464,0.040914044,0.00296237231,-0.0024216638,-0.00786699986,-3.08477304,1710.20825
0.0984617441,0.120214384,-0.00161143485,-8.02696954e-05,0.040513247,-5.3306287,1699.15158
0.0985810463,0.0442136074,0.00247445939,-0.00258395904,-0.00612884885,-3.15353924,1710.754
0.0986374218,0,0,0,-0.0309721504,-1.97092009,1714.79895
0.0986821211,0.000357650242,0.000153287154,-6.88677144e-07,-0.0307760024,-1.97480807,1714.67045
0.0987300345,0.000741017226,0.000313981285,-2.22742699e-06,-0.0305656313,-1.98401022,1714.53253
0.0987698948,0.0853696328,-0.00348295157,-0.00214410955,0.0177344611,-3.74150325,1710.74645
0.0987805713,0.1225461,-0.00129122931,-1.2138416e-05,0.0422311565,-5.49152934,1698.1519
0.098781393,0.00115195011,0.000482135424,-5.00163093e-06,-0.0303399938,-1.99491781,1714.3846
0.0988364445,0.00159243101,0.000657732118,-9.24039604e-06,-0.0300979904,-2.00678202,1714.22611
0.0988954544,0.00206458457,0.00084068231,-1.5194498e-05,-0.0298384459,-2.01962137,1714.05652
0.0989587075,0.0025706882,0.00103081275,-2.31523336e-05,-0.0295601046,-2.03351185,1713.8753
0.0990265087,0.00311318307,0.0012278513,-3.34359508e-05,-0.0292616259,-2.04853507,1713.682
0.0990442162,0.0477504251,0.00190553457,-0.00272763285,-0.00424537709,-3.21748641,1711.33296
0.0990780111,0.124721401,-0.000990522638,3.89230751e-05,0.043855698,-5.6492906,1697.19631
0.0990991851,0.00369468589,0.00143141077,-4.64030987e-05,-0.0289415797,-2.0647903,1713.47626
0.0991770873,0.00431800152,0.00164097105,-6.24506181e-05,-0.0285984412,-2.08238985,1713.2578
0.0992605911,0.00498613648,0.00185585941,-8.20163464e-05,-0.0282305862,-2.10145713,1713.02653
0.0993500992,0.0057023135,0.00207522905,-0.000105580298,-0.0278362855,-2.122127,1712.78254
0.0993554983,0.12675078,-0.000713664011,7.55753997e-05,0.0453909349,-5.80310974,1696.28614
0.0993994699,0.0900387783,-0.00370997127,-0.0018683899,0.0207314468,-3.83778349,1709.83662
0.0994460433,0.00646998704,0.0022980358,-0.000133665036,-0.0274137001,-2.14454624,1712.52621
0.0995406902,0.0515415566,0.00125949756,-0.00284402453,-0.00219811653,-3.27539456,1711.9095
0.0995488863,0.00729285993,0.00252301311,-0.000166834939,-0.0269608751,-2.16887378,1712.25823
0.0996143713,0.128644026,-0.000463435157,0.000100288282,0.0468408152,-5.95232158,1695.42187
0.0996591242,0.00817490128,0.00274864547,-0.000205693994,-0.0264757337,-2.19528035,1711.97974
0.0997772887,0.00912036556,0.00297314048,-0.000250881669,-0.0259560703,-2.22394765,1711.69239
0.0998558788,0.13041027,-0.000241324249,0.00011531767,0.0482091688,-6.09641833,1694.6033
0.0999039498,0.0101338132,0.00319439996,-0.000303066383,-0.0253995432,-2.25506647,1711.39845
0.0999868123,0.0943947116,-0.00378705557,-0.00159507148,0.0236023235,-3.9463551,1708.79974
0.100039718,0.0112201325,0.00340999067,-0.000362935939,-0.0248036647,-2.28883362,1711.10097
0.100072863,0.0556052884,0.0005451439,-0.00292561764,3.47345477e-05,-3.32831052,1712.43989
0.100081186,0.132058033,-4.77754857e-05,0.000122667613,0.0494997089,-6.23502829,1693.82975
0.100185249,0.0123845633,0.00361711531,-0.000431184214,-0.024165791,-2.32544722,1710.80385
0.100291379,0.133595261,0.000117585171,0.000124082768,0.0507160378,-6.36789958,1693.10015
0.100341245,0.0136327222,0.00381258485,-0.000508493574,-0.0234831078,-2.3651003,1710.51203
0.100487472,0.13502937,0.000255751762,0.000121052564,0.0518616512,-6.49488264,1692.41313
0.100508457,0.0149706296,0.00399279353,-0.000595511349,-0.0227526127,-2.40797048,1710.23155
0.100534755,0.0984584434,-0.00373806398,-0.00133428374,0.0263464463,-4.06685661,1707.67693
0.100643302,0.0599612217,-0.000222488544,-0.00296318175,0.00247878619,-3.37435173,1712.87311
0.10067041,0.136367278,0.000368169834,0.000114825428,0.0529399435,-6.61591237,1691.76714
0.100687693,0.0164047389,0.00415369811,-0.000692820774,-0.0219710927,-2.45420682,1709.96967
0.100841077,0.137615437,0.000456593749,0.000106428724,0.0539542109,-6.73099213,1691.16045
0.100879816,0.0179419674,0.00429080436,-0.000800904075,-0.0211350938,-2.50391572,1709.73491
0.101000296,0.138779867,0.000522970014,9.6696463e-05,0.0549076528,-6.84016675,1690.59127
0.101045941,0.102249575,-0.00358729407,-0.00109296216,0.0289644487,-4.1980165,1706.50262
0.101085754,0.0195897299,0.00439916346,-0.000920097243,-0.020240882,-2.55713953,1709.53698
0.101148834,0.139866187,0.000569344969,8.62956583e-05,0.055803372,-6.94352782,1690.05775
0.101254757,0.0646303672,-0.00102091807,-0.00294282357,0.0051639135,-3.41513803,1713.1517
0.101287408,0.140879634,0.000597795752,7.57291028e-05,0.0566443745,-7.04135099,1689.55802
0.1013065,0.0213559743,0.00447338175,-0.00105053646,-0.0192843919,-2.61383057,1709.38662
0.101416686,0.141825099,0.00061038085,6.53491385e-05,0.0574335675,-7.13391013,1689.09024
0.101522836,0.105786393,-0.00335824295,-0.00087520726,0.0314580831,-4.33823026,1705.30461
0.101537292,0.14270714,0.000609091248,5.54413982e-05,0.0581737579,-7.22098346,1688.65259
0.101543119,0.0232492201,0.00450764995,-0.00119209334,-0.0182611592,-2.67382403,1709.29525
0.101649807,0.143530013,0.000595791753,4.62397561e-05,0.0588676502,-7.30273694,1688.2433
0.101754775,0.144297686,0.000572214022,3.78822854e-05,0.0595178448,-7.37977119,1687.86068
0.101796751,0.0252785992,0.00449579879,-0.00134430097,-0.0171662329,-2.73680713,1709.27442
0.101852702,0.145013864,0.000539969071,3.04182765e-05,0.0601268369,-7.45228391,1687.50309
0.10191018,0.0696352464,-0.00181747041,-0.00285694291,0.00812465672,-3.45727249,1713.21245
0.101944059,0.145681998,0.000500533608,2.38621908e-05,0.0606970157,-7.52039117,1687.16899
0.101967741,0.109085956,-0.00307255547,-0.000683107066,0.0338299949,-4.48558159,1704.1047
0.102029288,0.146305314,0.000455244495,1.82152243e-05,0.0612306641,-7.58430632,1686.85688
0.102068621,0.0274539002,0.00443138953,-0.00150626667,-0.0159940676,-2.80228678,1709.33503
0.1021088,0.146886817,0.000405299987,1.34508291e-05,0.0617299589,-7.64425657,1686.56538
0.102182978,0.147429312,0.000351765118,9.52493316e-06,0.0621969721,-7.70045844,1686.29316
0.10225218,0.147935415,0.000295578836,6.37799165e-06,0.0626336719,-7.75312055,1686.03898
0.10231674,0.148407569,0.000237562219,3.95826955e-06,0.0630419252,-7.80234031,1685.80165
0.10236004,0.0297856156,0.00430785108,-0.00167658597,-0.0147383709,-2.86957151,1709.48623
0.102376969,0.14884805,0.00017842745,2.20511368e-06,0.0634235,-7.84826616,1685.5801
0.1023828,0.112164181,-0.00274947537,-0.000517139306,0.0360834862,-4.63813345,1702.91943
0.102433158,0.149258983,0.000118786759,1.15946017e-06,0.0637800678,-7.89124978,1685.37327
0.102485578,0.14964235,5.91617447e-05,1.14952758e-07,0.064113207,-7.93326276,1685.1802
0.102534481,0.15,0,0,0.0644243626,-7.95369549,1685
0.10261273,0.075,-0.00256831793,-0.00270028326,0.0114001702,-3.50479174,1712.98893
0.102672413,0.0322849924,0.00411867726,-0.00185322304,-0.0133919308,-2.93773879,1709.73416
0.102770017,0.115035914,-0.00240558514,-0.000376567749,0.0382223035,-4.79402844,1701.76103
0.103007247,0.0349640862,0.00385770109,-0.0020334253,-0.0119463987,-3.00562693,1710.08048
0.103131259,0.117715008,-0.00205474465,-0.00025985831,0.0402504623,-4.95155796,1700.63818
0.10331528,0.0803647536,-0.00318025361,-0.00248373717,0.0147867445,-3.56053358,1712.46115
0.103366157,0.0378358195,0.00351946834,-0.00221360382,-0.0103920061,-3.0718923,1710.52086
0.103468268,0.120214384,-0.00170818314,-0.000164970624,0.042172114,-5.10919271,1699.5568
0.103750875,0.040914044,0.00309973396,-0.00238923413,-0.0087172453,-3.13504753,1711.04363
0.10378267,0.1225461,-0.00137468247,-8.9549926e-05,0.0439914503,-5.26556283,1698.52071
0.103970703,0.0853696328,-0.00360046723,-0.00223657243,0.0180504926,-3.62550367,1711.69379
0.104075982,0.124721401,-0.0010608262,-3.11054208e-05,0.0457126398,-5.41954134,1697.53214
0.104163256,0.0442136074,0.00259610837,-0.00255476255,-0.00690848397,-3.19352372,1711.6288
0.104349618,0.12675078,-0.000771279311,1.28088962e-05,0.0473397911,-5.57021288,1696.59211
0.104582158,0.0900387783,-0.00384445147,-0.00197491796,0.021188751,-3.70314702,1710.74209
0.104604898,0.128644026,-0.000509069062,4.45131895e-05,0.048876929,-5.71682241,1695.70078
0.104605289,0.0477504251,0.00200886916,-0.00270363876,-0.00494952402,-3.24588239,1712.24752
0.104816071,0,0,0,-0.0329122464,-2.14879336,1715.72553
0.104843054,0.13041027,-0.000275862978,6.61556805e-05,0.0503279846,-5.85878439,1694.85764
0.104857841,0.000357650242,0.000159375507,-6.67851995e-07,-0.0327062611,-2.15192795,1715.59069
0.104902614,0.000741017226,0.000326458715,-2.17261053e-06,-0.0324853646,-2.15958419,1715.446
0.104950607,0.00115195011,0.000501304131,-4.86654897e-06,-0.0322484701,-2.1688967,1715.29087
0.10500205,0.00159243101,0.000683894447,-8.9914424e-06,-0.0319944298,-2.17904661,1715.1247
0.105057193,0.00206458457,0.000874137974,-1.47856453e-05,-0.0317220176,-2.19006469,1714.94695
0.105065234,0.132058033,-7.2227374e-05,7.96690142e-05,0.0516967935,-5.99565988,1694.0617
0.105079106,0.0515415566,0.0013419774,-0.00282772834,-0.0028211073,-3.29081072,1712.86222
0.1051163,0.0025706882,0.00107185556,-2.25310289e-05,-0.031429924,-2.20202277,1714.75708
0.105152597,0.0943947116,-0.00393361091,-0.00171189803,0.0241992293,-3.79471051,1709.65608
0.105179658,0.00311318307,0.00127676532,-3.2541156e-05,-0.0311167517,-2.21500133,1714.55463
0.105247572,0.00369468589,0.00148846581,-4.51651723e-05,-0.0307810111,-2.22909485,1714.33923
0.10527251,0.133595261,0.00010213894,8.6755427e-05,0.0529870954,-6.12713769,1693.31161
0.105320368,0.00431800152,0.00170641751,-6.07903842e-05,-0.0304211151,-2.24441117,1714.11061
0.105398399,0.00498613648,0.00192992235,-7.98444279e-05,-0.030035374,-2.26106919,1713.86869
0.105465881,0.13502937,0.000248199102,8.88852104e-05,0.0542025356,-6.25301539,1692.60579
0.105482041,0.0057023135,0.0021581014,-0.000102796482,-0.0296219909,-2.27919933,1713.6136
0.105571697,0.00646998704,0.00238987079,-0.000130157786,-0.0291790557,-2.298944,1713.34574
0.105586993,0.0556052884,0.000604158246,-0.00291937582,-0.000500379377,-3.3288177,1713.42715
0.105646281,0.136367278,0.000367401556,8.73058434e-05,0.0553466661,-6.37318274,1691.94246
0.1056678,0.00729285993,0.00262391572,-0.000162481104,-0.0287045402,-2.32045768,1713.0659
0.10568477,0.0984584434,-0.003891988,-0.00145772844,0.027080799,-3.89984122,1708.47922
0.105770813,0.00817490128,0.00285866299,-0.000200358797,-0.0281962916,-2.34390666,1712.7753
0.10581458,0.137615437,0.000461531071,8.30570136e-05,0.0564229462,-6.48760745,1691.31975
0.105881233,0.00912036556,0.00309225211,-0.0002444191,-0.0276520264,-2.36946792,1712.47569
0.105971588,0.138779867,0.000532586218,7.69890811e-05,0.0574347417,-6.59631375,1690.7357
0.105999593,0.0101338132,0.00332250557,-0.000295320109,-0.0270693224,-2.39732717,1712.16953
0.106118065,0.139866187,0.00058267858,6.97904745e-05,0.0583853234,-6.69933227,1690.18836
0.106126464,0.0112201325,0.00354689865,-0.000353740911,-0.0264456103,-2.42767541,1711.86005
0.106131399,0.0599612217,-0.00018927062,-0.00296995385,0.00203966939,-3.35873851,1713.88928
0.106181244,0.102249575,-0.00374432881,-0.001219505,0.029833572,-4.01733273,1707.24818
0.106254715,0.140879634,0.000613953031,6.20219845e-05,0.0592778646,-6.79668211,1689.67575
0.106262457,0.0123845633,0.00376252984,-0.000420369192,-0.0257781629,-2.46070393,1711.55141
0.106382199,0.141825099,0.000628526306,5.41470096e-05,0.0601154384,-6.88854973,1689.19595
0.106408229,0.0136327222,0.00396609261,-0.000495884601,-0.0250640813,-2.49659738,1711.24885
0.106501131,0.14270714,0.000628459553,4.65065662e-05,0.0609010146,-6.97557759,1688.74706
0.106564482,0.0149706296,0.00415385044,-0.000580937939,-0.0243002778,-2.53552423,1710.95879
0.106612085,0.143530013,0.000615731709,3.91843407e-05,0.0616374573,-7.05785777,1688.32728
0.106644414,0.105786393,-0.00351458208,-0.00100175453,0.0324587948,-4.14549742,1705.99279
0.106714951,0.0646303672,-0.00101512646,-0.00296686157,0.00483076335,-3.38158075,1714.1891
0.106715596,0.144297686,0.00059216284,3.23192878e-05,0.062327522,-7.13521671,1687.93483
0.106731971,0.0164047389,0.00432161549,-0.000676121534,-0.0234834529,-2.57761714,1710.6889
0.106812164,0.145013864,0.000559423843,2.61000221e-05,0.0629738541,-7.20789352,1687.56804
0.106902253,0.145681998,0.000519064222,2.05757423e-05,0.0635789874,-7.27613943,1687.22533
0.106911503,0.0179419674,0.00446473622,-0.000781935229,-0.0226100655,-2.62296203,1710.4482
0.106986299,0.146305314,0.000472487135,1.57763471e-05,0.0641453437,-7.34022224,1686.90516
0.107064708,0.146886817,0.000420951686,1.16959447e-05,0.064675233,-7.40036027,1686.60612
0.107076514,0.109085956,-0.00322490025,-0.000807029561,0.0349586564,-4.28233026,1704.73649
0.107103944,0.0195897299,0.00457809591,-0.000898745635,-0.0216762931,-2.67158047,1710.24694
0.107137856,0.147429312,0.000365578173,8.31163573e-06,0.0651708543,-7.45676388,1686.32684
0.107206098,0.147935415,0.000307355237,5.5831373e-06,0.065634297,-7.50963615,1686.06605
0.107269762,0.148407569,0.000247148269,3.47544092e-06,0.066067543,-7.55907137,1685.82256
0.107310223,0.0213559743,0.00465612323,-0.00102673397,-0.0206779795,-2.72339343,1710.09644
0.107329155,0.14884805,0.000185708658,1.94638562e-06,0.0664724693,-7.60520885,1685.59523
0.107340462,0.0696352464,-0.00184085527,-0.00290069996,0.00790986574,-3.40311997,1714.2613
0.107384564,0.149258983,0.000123683002,1.04158273e-06,0.0668508507,-7.64845137,1685.38301
0.107436256,0.14964235,6.1622816e-05,7.19942414e-08,0.0672043631,-7.69058755,1685.1849
0.107479628,0.112164181,-0.00289507869,-0.000636336742,0.0373360724,-4.42578146,1703.49715
0.107484481,0.15,0,0,0.0675345416,-7.71099539,1685
0.107531334,0.0232492201,0.00469282454,-0.00116583578,-0.0196105658,-2.77819428,1710.0087
0.107768344,0.0252785992,0.00468184318,-0.00131567016,-0.0184689997,-2.83561826,1709.99584
0.1078557,0.115035914,-0.00254227051,-0.000489439665,0.0395944797,-4.57386939,1702.28783
0.108010951,0.075,-0.00262221324,-0.00276542112,0.011319292,-3.42838964,1714.0369
0.108022396,0.0274539002,0.00461655462,-0.00147545844,-0.0172476239,-2.89510829,1710.06923
0.108206546,0.117715008,-0.00218089405,-0.000365292551,0.0417376619,-4.72477717,1701.11774
0.108294715,0.0297856156,0.00449020853,-0.00164394192,-0.0159400227,-2.95589353,1710.23836
0.108533856,0.120214384,-0.00182270202,-0.000262276845,0.0437696107,-4.87680539,1699.993
0.108586616,0.0322849924,0.00429613329,-0.00181926962,-0.014538829,-3.01695371,1710.50947
0.10868144,0.0803647536,-0.0032627585,-0.00257050102,0.0148486727,-3.46149494,1713.49428
0.108839209,0.1225461,-0.00147695446,-0.000178359928,0.0456944241,-5.02846562,1698.91742
0.108899506,0.0349640862,0.00402801545,-0.00199891204,-0.0130355017,-3.0770178,1710.884
0.10912408,0.124721401,-0.00115064819,-0.000111348096,0.0475162342,-5.17854633,1697.89302
0.109234894,0.0378358195,0.00368027737,-0.00217954946,-0.0114200328,-3.13461948,1711.35709
0.109306952,0.0853696328,-0.00370733976,-0.00234203079,0.0182549902,-3.50529777,1712.69969
0.10938984,0.12675078,-0.000848791722,-5.90337905e-05,0.0492391603,-5.32600015,1696.92057
0.109594398,0.040914044,0.00324857888,-0.00235697099,-0.00968059179,-3.1881291,1711.91613
0.109637773,0.128644026,-0.000574692272,-1.92582632e-05,0.0508672787,-5.4699792,1695.99989
0.109869075,0.13041027,-0.000330233894,1.0006461e-05,0.0524046052,-5.609813,1695.13014
0.109890504,0.0900387783,-0.00397139135,-0.0020952785,0.0215354078,-3.56327551,1711.71019
0.109979752,0.0442136074,0.00273046534,-0.00252599488,-0.00780311516,-3.23584032,1712.53983
0.110084861,0.132058033,-0.00011614124,3.06148803e-05,0.0538550859,-5.74498791,1694.30999
0.110286171,0.133595261,6.77802508e-05,4.4224507e-05,0.0552225914,-5.87512695,1693.53783
0.110392815,0.0477504251,0.00212618282,-0.00268041056,-0.00577082078,-3.27614562,1713.19778
0.11043491,0.0943947116,-0.00407612247,-0.00184314584,0.0246872203,-3.63680737,1710.5778
0.110473977,0.13502937,0.000222431526,5.2287648e-05,0.0565109135,-5.99997077,1692.81177
0.110649185,0.136367278,0.000349235681,5.60542306e-05,0.0577237624,-6.11935973,1692.12984
0.11081264,0.137615437,0.0004499819,5.6581993e-05,0.0588647633,-6.23321842,1691.48995
0.110835579,0.0515415566,0.00143967075,-0.00281280474,-0.00356365679,-3.30769648,1713.85068
0.110942797,0.0984584434,-0.00404550315,-0.00159590393,0.0277087356,-3.72570373,1709.34818
0.11096513,0.138779867,0.000526696175,5.47514401e-05,0.0599374532,-6.34154195,1690.89
0.111107391,0.139866187,0.000581536423,5.12814504e-05,0.0609452766,-6.44437857,1690.32788
0.111240108,0.140879634,0.000616704881,4.67628109e-05,0.0618915811,-6.54178791,1689.80152
0.111310179,0.0556052884,0.000679732687,-0.00291527582,-0.00115769094,-3.33014886,1714.45103
0.111345805,0,0,0,-0.0349625826,-2.33850241,1716.70471
0.111363923,0.141825099,0.00063437328,4.16359713e-05,0.0627796129,-6.63395171,1689.30888
0.111383808,0.000357650242,0.000165560579,-6.46412652e-07,-0.0347468477,-2.34082373,1716.56346
0.111416614,0.102249575,-0.00390461304,-0.00136083105,0.0305994426,-3.82868108,1708.06024
0.111424543,0.000741017226,0.000339134078,-2.11517276e-06,-0.0345155217,-2.34681601,1716.41192
0.111468208,0.00115195011,0.000520776415,-4.72383851e-06,-0.0342674754,-2.35441605,1716.24949
0.111479432,0.14270714,0.000636620346,3.6284876e-05,0.0636125126,-6.72104144,1688.84801
0.111515013,0.00159243101,0.000710470542,-8.72831772e-06,-0.0340015139,-2.36272382,1716.07555
0.111565183,0.00206458457,0.000908122291,-1.4353416e-05,-0.033716361,-2.37178347,1715.88954
0.111587193,0.143530013,0.000625481735,3.09592862e-05,0.0643933112,-6.80315915,1688.41701
0.11161896,0.0025706882,0.00111354679,-2.18740563e-05,-0.0334106548,-2.38166249,1715.69091
0.111676605,0.00311318307,0.00132645262,-3.15947596e-05,-0.033082943,-2.3924401,1715.47919
0.111687725,0.144297686,0.000602899519,2.58347507e-05,0.0651249273,-6.88054882,1688.01408
0.111738394,0.00369468589,0.00154642441,-4.38555115e-05,-0.0327316778,-2.40420541,1715.25399
0.111781513,0.145013864,0.000570639575,2.1074993e-05,0.0658101639,-6.95341695,1687.63748
0.111804626,0.00431800152,0.0017729036,-5.90334462e-05,-0.0323552116,-2.4170612,1715.01507
0.111818906,0.0599612217,-0.000138275473,-0.00297923241,0.00147554369,-3.34315153,1714.94407
0.111858647,0.105786393,-0.00367772627,-0.0011428722,0.0333599698,-3.9439934,1706.74598
0.11186901,0.145681998,0.000530315716,1.67601184e-05,0.0664517069,-7.02192238,1687.28557
0.111875621,0.00498613648,0.00200516728,-7.75453028e-05,-0.0319517916,-2.43112128,1714.76235
0.111950637,0.146305314,0.000483389144,1.29479095e-05,0.0670521244,-7.08628503,1686.9568
0.11195172,0.0057023135,0.00224230509,-9.98486651e-05,-0.0315195548,-2.44651105,1714.49598
0.112026789,0.146886817,0.000431174231,9.66245691e-06,0.0676138663,-7.14671706,1686.6497
0.112033291,0.00646998704,0.0024831943,-0.000126442629,-0.0310565231,-2.46336789,1714.21644
0.112097832,0.147429312,0.000374842735,6.90645374e-06,0.0681392651,-7.2034236,1686.36288
0.112120728,0.00729285993,0.00272647299,-0.000157867471,-0.0305605978,-2.48184129,1713.92454
0.11216411,0.147935415,0.000315430456,4.66285783e-06,0.0686305375,-7.256603,1686.09503
0.112214452,0.00817490128,0.00297051169,-0.000194703013,-0.0300295534,-2.50209245,1713.62159
0.112225941,0.148407569,0.000253845449,2.91637901e-06,0.0690897862,-7.30634507,1685.84494
0.112271028,0.109085956,-0.00338734667,-0.000945069114,0.0359919362,-4.06959655,1705.43079
0.112283625,0.14884805,0.000190877411,1.6477283e-06,0.0695190025,-7.3527746,1685.61143
0.112314915,0.00912036556,0.00321338363,-0.000237565309,-0.0294610321,-2.52429308,1713.3095
0.11233744,0.149258983,0.000127206959,9.0812785e-07,0.0699200696,-7.39636816,1685.39344
0.112364213,0.0646303672,-0.000991180279,-0.00299402742,0.00436972628,-3.34790413,1715.26859
0.112387644,0.14964235,6.34157011e-05,2.48124234e-08,0.0702947657,-7.43871232,1685.18994
0.112422602,0.0101338132,0.00345283421,-0.000287101193,-0.0288525358,-2.54862325,1712.99084
0.112434481,0.15,0,0,0.0706447207,-7.45912479,1685
0.112538032,0.0112201325,0.0036862501,-0.000343980114,-0.0282014184,-2.57526771,1712.66906
0.112655745,0.112164181,-0.00305371652,-0.000769008006,0.0384977607,-4.20333535,1704.13406
0.112661761,0.0123845633,0.00391062899,-0.000408882788,-0.0275048748,-2.6044104,1712.34855
0.112794388,0.0136327222,0.00412255103,-0.000482485092,-0.0267599281,-2.63622659,1712.03486
0.112936551,0.0149706296,0.00431815414,-0.000565441429,-0.0259634125,-2.67087663,1711.73474
0.11294873,0.0696352464,-0.00184616632,-0.00294905836,0.0075644183,-3.34823396,1715.35735
0.113014656,0.115035914,-0.00269451301,-0.00061500478,0.0408804691,-4.3431064,1702.87002
0.113088937,0.0164047389,0.00449311272,-0.000658352131,-0.0251119507,-2.70847761,1711.45631
0.113252279,0.0179419674,0.00464262549,-0.000761734682,-0.0242019241,-2.7490924,1711.20905
0.11334949,0.117715008,-0.00232469078,-0.000482527033,0.0431435213,-4.48695216,1701.64863
0.113427367,0.0195897299,0.00476141539,-0.000875987731,-0.0232294328,-2.79272297,1711.00373
0.113575276,0.075,-0.00265868946,-0.00283639435,0.0111053737,-3.35014712,1715.13893
0.113615044,0.0213559743,0.00484374272,-0.00100133774,-0.0221902427,-2.83926127,1710.85225
0.113661863,0.120214384,-0.0019565225,-0.000370407167,0.0452906703,-4.63303686,1700.47642
0.113816216,0.0232492201,0.00488344014,-0.00113778649,-0.0210797153,-2.88845939,1710.76717
0.113953282,0.1225461,-0.00159975232,-0.000276999696,0.0473258531,-4.77974447,1699.3573
0.114031854,0.0252785992,0.00487397534,-0.00128504176,-0.0198927142,-2.93990242,1710.76118
0.114201823,0.0803647536,-0.00332968319,-0.002664159,0.0147760318,-3.35985333,1714.58925
0.114225152,0.124721401,-0.00126181677,-0.000200431003,0.0492531101,-4.92573477,1698.29325
0.114262997,0.0274539002,0.0048085501,-0.00144244294,-0.0186234865,-2.99297135,1710.84611
0.114478784,0.12675078,-0.000948107065,-0.000138743587,0.0510765271,-5.069843,1697.28479
0.11451076,0.0297856156,0.00468024702,-0.00160888149,-0.0172655128,-3.04681753,1711.03179
0.114715403,0.128644026,-0.000662250885,-8.99654962e-05,0.0528001974,-5.21111692,1696.33144
0.114776338,0.0322849924,0.00448224041,-0.00178269757,-0.0158112981,-3.10032811,1711.32458
0.114786339,0.0853696328,-0.00380126101,-0.00245565057,0.0183244863,-3.38155868,1713.77491
0.114936149,0.13041027,-0.000406391947,-5.22023027e-05,0.0544281965,-5.34879221,1695.43204
0.115061013,0.0349640862,0.00420807667,-0.00196159521,-0.0142521305,-3.15212794,1711.72579
0.115142087,0.132058033,-0.000181456674,-2.36868762e-05,0.0559645627,-5.48227252,1694.58494
0.115331646,0.0900387783,-0.00408853365,-0.00222472269,0.0217477166,-3.41878641,1712.75404
0.11533421,0.133595261,1.26005899e-05,-2.81157779e-06,0.0574132862,-5.61110842,1693.78818
0.115366157,0.0378358195,0.00385205602,-0.00214253655,-0.0125777835,-3.20062863,1712.23006
0.115513446,0.13502937,0.000176578454,1.18558371e-05,0.0587782988,-5.73497777,1693.03962
0.115680658,0.136367278,0.000311837456,2.15678693e-05,0.0600634666,-5.85366708,1692.33702
0.115693243,0.040914044,0.00340974095,-0.00232163631,-0.0107761289,-3.24406199,1712.82397
0.115836653,0.137615437,0.000420137292,2.74015954e-05,0.061272582,-5.96705355,1691.67807
0.115840373,0.0943947116,-0.00421258336,-0.00198433299,0.0250425505,-3.47317594,1711.58014
0.115982184,0.138779867,0.000503501146,3.02707804e-05,0.0624093566,-6.07509114,1691.06048
0.116043847,0.0442136074,0.00287859607,-0.00249409698,-0.00883268874,-3.28058211,1713.48511
0.116117953,0.139866187,0.000564104519,3.09353438e-05,0.0634774143,-6.17783217,1690.48201
0.116244614,0.140879634,0.000604185252,3.0000531e-05,0.0644802841,-6.2754585,1689.94042
0.116314974,0.0984584434,-0.0041971454,-0.00174472575,0.0282066434,-3.54494584,1710.30083
0.116362779,0.141825099,0.000625989473,2.79227238e-05,0.0654213935,-6.36806876,1689.4336
0.116419662,0.0477504251,0.00225880029,-0.00265409671,-0.00673010664,-3.30841582,1714.18171
0.116473016,0.14270714,0.000631717594,2.50814703e-05,0.0663040625,-6.4552954,1688.95949
0.11657586,0.143530013,0.000623429357,2.1932355e-05,0.0671314985,-6.53735116,1688.51611
0.116671804,0.144297686,0.000603069684,1.87331e-05,0.0679067919,-6.61483293,1688.1016
0.116757738,0.102249575,-0.00406719093,-0.0015131444,0.0312387478,-3.63252099,1708.9572
0.116761312,0.145013864,0.000572476567,1.5577176e-05,0.0686329126,-6.6879417,1687.71416
0.116822499,0.0515415566,0.00155423262,-0.00279483944,-0.00444753211,-3.32609953,1714.87299
0.116844816,0.145681998,0.000533326637,1.25946869e-05,0.0693127076,-6.75680627,1687.3521
0.116922718,0.146305314,0.00048714222,9.86593182e-06,0.0699489,-6.82155085,1687.01383
0.116995394,0.146886817,0.000435293788,7.45067418e-06,0.0705440879,-6.88237187,1686.69784
0.117063195,0.147429312,0.000379005134,5.38088263e-06,0.0711007455,-6.93947072,1686.40269
0.117126448,0.147935415,0.000319359829,3.66560448e-06,0.0716212243,-6.99304177,1686.12705
0.1171708,0.105786393,-0.00384713919,-0.00129513523,0.034138748,-3.7340235,1707.58354
0.117185458,0.148407569,0.000257309353,2.31145893e-06,0.072107755,-7.04316788,1685.86966
0.11724051,0.14884805,0.000193682562,1.3268664e-06,0.0725624502,-7.0899504,1685.62934
0.117254303,0.0556052884,0.000773699242,-0.00290810129,-0.00195992712,-3.33268306,1715.50999
0.117291868,0.149258983,0.000129195255,7.6851307e-07,0.0729873077,-7.13397526,1685.40497
0.117339782,0.14964235,6.44603261e-05,-2.33141464e-08,0.073384214,-7.17660425,1685.19551
0.117384481,0.15,0,0,0.0737548997,-7.19704406,1685
0.117556154,0.109085956,-0.00355973316,-0.00109417178,0.0369075633,-3.84752278,1706.20741
0.117717155,0.0599612217,-6.76606621e-05,-0.00298601383,0.000762696043,-3.3287849,1716.0366
0.117915659,0.112164181,-0.00322559754,-0.00091244322,0.0395469886,-3.97080914,1704.85006
0.118213288,0.0646303672,-0.000946810155,-0.00301958534,0.00375609027,-3.31460367,1716.39026
0.11824657,0,0,0,-0.0371294231,-2.54020206,1717.73947
0.118251046,0.115035914,-0.00286286801,-0.000750878205,0.0420595172,-4.10161961,1703.52722
0.118279922,0.000357650242,0.000171794998,-6.2344594e-07,-0.0369042074,-2.54164325,1717.59172
0.118315672,0.000741017226,0.0003519106,-2.0516251e-06,-0.036662741,-2.54583886,1717.43325
0.118353993,0.00115195011,0.00054040411,-4.5654363e-06,-0.0364038542,-2.55159354,1717.26342
0.118395069,0.00159243101,0.000737258946,-8.43614258e-06,-0.0361263067,-2.55791462,1717.08161
0.118439099,0.00206458457,0.000942378719,-1.38734053e-05,-0.0358287744,-2.56486098,1716.88722
0.118486294,0.0025706882,0.00115557318,-2.11443427e-05,-0.0355098448,-2.57249578,1716.67971
0.118536883,0.00311318307,0.00137654183,-3.05434027e-05,-0.0351680127,-2.58089687,1716.45858
0.118563936,0.117715008,-0.00248699052,-0.000609478725,0.0444481756,-4.2378601,1702.2499
0.11859111,0.00369468589,0.00160485593,-4.24003388e-05,-0.034801675,-2.59014741,1716.22345
0.118649236,0.00431800152,0.00183993862,-5.7080912e-05,-0.034409126,-2.60034461,1715.97407
0.118711541,0.00498613648,0.00208104307,-7.49896566e-05,-0.0339885528,-2.61159666,1715.71037
0.118745096,0.0696352464,-0.00183075669,-0.00299634682,0.007062611,-3.29286434,1716.50211
0.118778327,0.0057023135,0.00232722866,-9.65711414e-05,-0.0335380298,-2.62402339,1715.43255
0.118849914,0.00646998704,0.00257733527,-0.000122310792,-0.0330555143,-2.63775663,1715.14109
0.118855837,0.120214384,-0.00211074584,-0.000487566404,0.04671638,-4.37755814,1701.0253
0.118926649,0.00729285993,0.00282995565,-0.000152734765,-0.0325388406,-2.65294037,1714.83689
0.119008902,0.00817490128,0.00308340632,-0.00018840863,-0.0319857155,-2.66973023,1714.52135
0.119097069,0.00912036556,0.00333569698,-0.000229934471,-0.031393711,-2.68829222,1714.19647
0.119128157,0.1225461,-0.00174437522,-0.000383920714,0.0488678215,-4.51895938,1699.85768
0.119191576,0.0101338132,0.00358449929,-0.000277946021,-0.030760259,-2.7088004,1713.86497
0.119292878,0.0112201325,0.00382711532,-0.000333101258,-0.0300826418,-2.731433,1713.53049
0.119315143,0.075,-0.002675129,-0.00290727641,0.0107317556,-3.2710881,1716.29851
0.119382209,0.124721401,-0.00139578003,-0.000297017717,0.0509063761,-4.66058579,1698.74908
0.119401465,0.0123845633,0.00406044685,-0.000396072175,-0.0293579834,-2.75636645,1713.19767
0.119517859,0.0136327222,0.00428096651,-0.000467529279,-0.0285832363,-2.78376533,1712.8723
0.119619219,0.12675078,-0.00107077117,-0.000225175457,0.052836038,-4.80114871,1697.69991
0.119642623,0.0149706296,0.00448469285,-0.000548126632,-0.0277551647,-2.81377815,1712.56152
0.119776357,0.0164047389,0.0046671704,-0.000638472061,-0.0268703231,-2.84651705,1712.27381
0.11984033,0.128644026,-0.000773341495,-0.000166632093,0.054660871,-4.93958128,1696.70947
0.11988519,0.0803647536,-0.00337838456,-0.00275908187,0.0145413418,-3.25651058,1715.75198
0.119919708,0.0179419674,0.00482345766,-0.000739102911,-0.0259250258,-2.88202593,1712.01912
0.120046608,0.13041027,-0.000505941999,-0.000119643805,0.0563849726,-5.07501599,1695.77629
0.120073366,0.0195897299,0.00494812726,-0.000850448638,-0.0249153078,-2.92027568,1711.80874
0.120238073,0.0213559743,0.0050352827,-0.000972779941,-0.0238368707,-2.9611324,1711.65508
0.120239049,0.132058033,-0.000269748467,-8.25436204e-05,0.0580124468,-5.20676504,1694.8984
0.120414624,0.0232492201,0.00507859585,-0.00110616496,-0.0226850113,-3.004312,1711.5713
0.120416998,0.0853696328,-0.00387972222,-0.00257174372,0.0182308916,-3.25521441,1714.92801
0.120418581,0.133595261,-6.49096584e-05,-5.37826335e-05,0.0595473835,-5.33429895,1694.07353
0.12058607,0.13502937,0.000109228718,-3.19544214e-05,0.0609938426,-5.45722593,1693.29922
0.120603869,0.0252785992,0.00507137221,-0.00125040245,-0.0214545273,-3.04935239,1711.5706
0.120742324,0.136367278,0.000253927131,-1.58068999e-05,0.0623558394,-5.57527193,1692.57296
0.120806722,0.0274539002,0.00500665384,-0.00140495268,-0.0201395915,-3.09557575,1711.6653
0.120888095,0.137615437,0.0003708832,-4.24402474e-06,0.0636373314,-5.68826298,1691.8922
0.120913131,0.0900387783,-0.00419360993,-0.00235792949,0.021797191,-3.27101262,1713.8849
0.121024161,0.0297856156,0.00487736999,-0.00156886199,-0.0187335966,-3.14206018,1711.86558
0.121024089,0.138779867,0.000462089448,3.67675467e-06,0.0648422069,-5.79611684,1691.25447
0.121150959,0.139866187,0.000529715799,8.75044974e-06,0.0659742737,-5.89882161,1690.6573
0.121257234,0.0322849924,0.00467655218,-0.0017406677,-0.0172289472,-3.18760716,1712.17796
0.121269319,0.140879634,0.000576017945,1.16473836e-05,0.067037249,-5.99633581,1690.09836
0.121375983,0.0943947116,-0.00434087119,-0.00213065043,0.0252365469,-3.30517826,1712.67698
0.121379739,0.141825099,0.000603268614,1.29693236e-05,0.0680347501,-6.08859326,1689.57537
0.121482752,0.14270714,0.000613713731,1.3134224e-05,0.0689702864,-6.17608081,1689.08617
0.121507067,0.0349640862,0.00439761547,-0.00191831703,-0.0156167886,-3.23074196,1712.60368
0.121578855,0.143530013,0.000609479457,1.24796389e-05,0.0698472518,-6.25903609,1688.62871
0.121668511,0.144297686,0.000592556291,1.12999842e-05,0.0706689195,-6.3371762,1688.20102
0.121752153,0.145013864,0.000564818524,9.81959186e-06,0.071438437,-6.41071684,1687.80125
0.121774864,0.0378358195,0.00403474232,-0.00209906443,-0.0138866925,-3.26975762,1713.13701
0.121807786,0.0984584434,-0.00434503936,-0.0018997339,0.0285458672,-3.35838117,1711.35338
0.121830184,0.145681998,0.00052799478,8.22665117e-06,0.0721588236,-6.48000859,1687.42767
0.121902981,0.146305314,0.00048366372,6.63439804e-06,0.0728329676,-6.54521818,1687.0786
0.121970894,0.146886817,0.000433249325,5.13222734e-06,0.073463626,-6.60651419,1686.75249
0.122034252,0.147429312,0.000378025331,3.78220614e-06,0.0740534245,-6.6640893,1686.44789
0.122061917,0.040914044,0.00358338995,-0.00227937014,-0.0120262587,-3.30275462,1713.76387
0.122093359,0.147935415,0.00031912181,2.6208808e-06,0.0746048588,-6.71813125,1686.1634
0.122148502,0.148407569,0.000257533176,1.67643289e-06,0.0751202968,-6.76871796,1685.89773
0.122199945,0.14884805,0.00019412752,9.92750933e-07,0.0756019809,-6.81589731,1685.64966
0.122210624,0.102249575,-0.00423055405,-0.00167234787,0.0317230478,-3.4293716,1709.95721
0.122247938,0.149258983,0.000129656175,6.25490175e-07,0.0760520316,-6.86047021,1685.41805
0.122292711,0.14964235,6.47637085e-05,-7.85039737e-08,0.0764724511,-6.90344063,1685.20183
0.122334481,0.15,0,0,0.0768650788,-6.92386473,1685
0.12236961,0.0442136074,0.00304092343,-0.0024548292,-0.0100206158,-3.32774427,1714.4609
0.122586438,0.105786393,-0.00402165579,-0.00145484415,0.0347670938,-3.51600818,1708.52508
0.122699428,0.0477504251,0.00240741827,-0.00262006447,-0.007851842,-3.34280542,1715.19522
0.122937043,0.109085956,-0.00374126335,-0.00125109649,0.037678081,-3.61645611,1707.0869
0.123052962,0.0515415566,0.00168663587,-0.00276872057,-0.00549828329,-3.34629752,1715.92487
0.123264128,0.112164181,-0.00341031761,-0.00106384894,0.0404570346,-3.72840799,1705.66617
0.123431916,0.0556052884,0.000887229287,-0.00289293476,-0.00293376618,-3.33702763,1716.5998
0.123569273,0.115035914,-0.00304730341,-0.00089467412,0.0431057763,-3.84945712,1704.28045
0.123838118,0.0599612217,2.40993985e-05,-0.00298499886,-0.000126714087,-3.31552087,1717.16292
0.123853947,0.117715008,-0.00266810034,-0.000744124157,0.0456267675,-3.97739932,1702.9422
0.124119526,0.120214384,-0.00228597383,-0.000612048831,0.0480229681,-4.11012898,1701.65964
0.124273529,0.0646303672,-0.000879847216,-0.00303691293,0.00296082472,-3.28201859,1717.55076
0.124367289,0.1225461,-0.00191166765,-0.00049769167,0.050297717,-4.24574943,1700.43765
0.124598432,0.124721401,-0.00155357404,-0.00039991134,0.0524546338,-4.38263444,1699.27857
0.124740248,0.0696352464,-0.00179230152,-0.00303616183,0.00637420555,-3.23848607,1717.69337
0.124814069,0.12675078,-0.00121796183,-0.000317330094,0.0544975429,-4.51936373,1698.18287
0.125015241,0.128644026,-0.00090923708,-0.000248422289,0.0564304129,-4.65474539,1697.14973
0.125202919,0.13041027,-0.000630210198,-0.000191615256,0.0582573109,-4.78779842,1696.17745
0.125240526,0.075,-0.00266903604,-0.0029720452,0.0101669989,-3.19218206,1717.51516
0.125378006,0.132058033,-0.000382359316,-0.000145357874,0.0599823659,-4.91773345,1695.26377
0.125539452,0,0,0,-0.0394193879,-2.7538066,1718.83299
0.125541349,0.133595261,-0.000166078998,-0.000108170923,0.0616097376,-5.04393127,1694.40612
0.125567217,0.000357650242,0.000177991325,-5.97881132e-07,-0.039185186,-2.75429348,1718.67865
0.12559698,0.000741017226,0.000364609868,-1.97793024e-06,-0.0389341094,-2.75654429,1718.51314
0.125628882,0.00115195011,0.000559914437,-4.38206505e-06,-0.0386649504,-2.76030423,1718.33581
0.125663078,0.00159243101,0.000763889303,-8.09783239e-06,-0.0383764256,-2.7644763,1718.14601
0.125693734,0.13502937,1.90927441e-05,-7.86804807e-05,0.0631435919,-5.16592153,1693.60174
0.125699733,0.00206458457,0.00097643637,-1.33176456e-05,-0.0380671661,-2.76913574,1717.94313
0.125739023,0.0025706882,0.00119736066,-2.02994749e-05,-0.037735712,-2.77434147,1717.72659
0.125740804,0.0803647536,-0.00340601933,-0.00284903598,0.0141120886,-3.15256023,1716.98441
0.125781139,0.00311318307,0.00142635343,-2.93261323e-05,-0.0373805084,-2.78016992,1717.49591
0.125826283,0.00369468589,0.0016629736,-4.07154931e-05,-0.0369999003,-2.78669781,1717.25068
0.125835897,0.136367278,0.000174272788,-5.56378552e-05,0.0645880795,-5.28336231,1692.84782
0.125874674,0.00431800152,0.0019066273,-5.48201152e-05,-0.0365921279,-2.79401628,1716.99066
0.125926543,0.00498613648,0.00215654536,-7.20303377e-05,-0.036155322,-2.80222739,1716.7158
0.125968524,0.137615437,0.000301057889,-3.79296851e-05,0.0659473161,-5.3960237,1692.14156
0.125982143,0.0057023135,0.00241175883,-9.27755574e-05,-0.0356874988,-2.81144491,1716.4263
0.12604174,0.00646998704,0.00267107251,-0.000117525209,-0.0351865554,-2.82179471,1716.12269
0.126092254,0.138779867,0.000401376,-2.45809376e-05,0.0672253642,-5.50376998,1691.48025
0.126105622,0.00729285993,0.00293303664,-0.000146788852,-0.0346502646,-2.83341482,1715.80592
0.126174098,0.00817490128,0.00319591705,-0.000181115178,-0.0340762702,-2.84645493,1715.47747
0.126207522,0.0853696328,-0.00393996302,-0.00268420987,0.0179408336,-3.12735777,1716.16373
0.126207684,0.139866187,0.00047736445,-1.47458586e-05,0.0684262181,-5.60651834,1690.86124
0.126247498,0.00912036556,0.00345766391,-0.000221089557,-0.0334620806,-2.86107507,1715.13942
0.126315371,0.140879634,0.000531272735,-7.70032519e-06,0.0695537888,-5.70424189,1690.282
0.126326175,0.0101338132,0.00371587982,-0.000267329768,-0.0328050631,-2.87744307,1714.79467
0.12641051,0.0112201325,0.00396778781,-0.000320479415,-0.0321024361,-2.89573059,1714.44699
0.126415834,0.141825099,0.000565376184,-2.83392786e-06,0.0706118917,-5.79700892,1689.74013
0.126500909,0.0123845633,0.00421020021,-0.000381198619,-0.0313512598,-2.9161067,1714.10125
0.126509557,0.14270714,0.000581903688,3.58334501e-07,0.0716042354,-5.88493555,1689.23333
0.126596994,0.143530013,0.000583019231,2.28578703e-06,0.072534412,-5.96815813,1688.75944
0.126597808,0.0136327222,0.00443948973,-0.000450150422,-0.0305484243,-2.93872785,1713.76352
0.126642933,0.0900387783,-0.004284247,-0.00248936461,0.0216498213,-3.12076709,1715.11063
0.126678566,0.144297686,0.000570791123,3.28484248e-06,0.0734058898,-6.04678031,1688.31641
0.126701675,0.0149706296,0.00465156409,-0.000527984721,-0.0296906333,-2.96372987,1713.44123
0.126754665,0.145013864,0.000547144147,3.6289534e-06,0.0742220071,-6.12091364,1687.9023
0.12681301,0.0164047389,0.00484184736,-0.000615317282,-0.0287743829,-2.99121757,1713.14326
0.126825659,0.145681998,0.000513853144,3.53338154e-06,0.074985968,-6.19076262,1687.5153
0.126891892,0.146305314,0.00047254337,3.16334403e-06,0.0757008395,-6.25653734,1687.15369
0.12693235,0.0179419674,0.00500526866,-0.000712701814,-0.027795932,-3.02121952,1712.87997
0.126953681,0.146886817,0.000424687099,2.64309e-06,0.07636955,-6.31841275,1686.81585
0.127011325,0.147429312,0.000371604999,2.06630712e-06,0.0769948892,-6.3765682,1686.50027
0.127049136,0.0943947116,-0.00445883418,-0.00227679402,0.0252347869,-3.13379137,1713.87935
0.127060272,0.0195897299,0.0051362633,-0.000820593845,-0.0267512629,-3.05367771,1712.66312
0.127065103,0.147935415,0.000314471905,1.4994826e-06,0.0775795093,-6.43118158,1686.20551
0.127115273,0.148407569,0.000254324461,9.95458022e-07,0.0781259263,-6.48232919,1685.93024
0.127162077,0.14884805,0.000192070031,6.29004643e-07,0.0786365235,-6.53002841,1685.6732
0.127197391,0.0213559743,0.00522879208,-0.000939310489,-0.0256360272,-3.08843564,1712.50565
0.127205742,0.149258983,0.000128495969,4.61561739e-07,0.0791135544,-6.57520599,1685.43321
0.127246478,0.14964235,6.42797437e-05,-1.42083527e-07,0.0795591466,-6.61856123,1685.20915
0.127284481,0.15,0,0,0.0799752578,-6.63902082,1685
0.127344371,0.0232492201,0.00527638099,-0.00106898542,-0.0244454732,-3.12517794,1712.42126
0.12742809,0.0984584434,-0.00448687123,-0.00205586386,0.0286918012,-3.16712247,1712.51986
0.127501919,0.0252785992,0.00527218937,-0.00120951036,-0.0231743499,-3.16339847,1712.42367
0.127670795,0.0274539002,0.00520911591,-0.00136046898,-0.0218167778,-3.20236551,1712.52568
0.127781623,0.102249575,-0.00439239747,-0.00183409536,0.0320177853,-3.22015266,1711.07691
0.127851814,0.0297856156,0.00507995256,-0.00152106776,-0.0203660827,-3.24109023,1712.73783
0.12804585,0.0322849924,0.004877602,-0.00169004678,-0.0188145858,-3.27829463,1713.06689
0.128111441,0.105786393,-0.00419928207,-0.0016181886,0.0352107252,-3.29078501,1709.58934
0.128253837,0.0349640862,0.00459535896,-0.001865605,-0.0171533239,-3.3124115,1713.51409
0.128419134,0.109085956,-0.00393040235,-0.00141255484,0.0382696996,-3.37708606,1708.08961
0.12847678,0.0378358195,0.00422729391,-0.00204530309,-0.0153716948,-3.34162501,1714.07347
0.128706187,0.112164181,-0.00360678701,-0.00122045447,0.0411948064,-3.4766284,1706.60372
0.128715753,0.040914044,0.00376875415,-0.00222596691,-0.0134570411,-3.3639132,1714.73047
0.12897191,0.0442136074,0.00321698459,-0.00240360446,-0.0113941211,-3.37714783,1715.46103
0.128973984,0.115035914,-0.0032471498,-0.00104408196,0.0439870376,-3.58694356,1705.15152
0.129223817,0.117715008,-0.00286774268,-0.000884568979,0.0466481381,-3.70572012,1703.74734
0.129246486,0.0477504251,0.00257191302,-0.00257333633,-0.00916446139,-3.37926824,1716.23141
0.129456891,0.120214384,-0.00248228482,-0.000742319434,0.049180469,-3.83074046,1702.40085
0.129540805,0.0515415566,0.00183710627,-0.00272916916,-0.00674560016,-3.36842839,1716.99884
0.12967433,0.1225461,-0.00210201483,-0.000617089301,0.0515868859,-3.95996507,1701.11792
0.129856287,0.0556052884,0.00102097001,-0.00286423165,-0.00411020101,-3.34334073,1717.71252
0.129877182,0.124721401,-0.00173583703,-0.000508153757,0.0538706349,-4.0915975,1699.90149
0.130066428,0.12675078,-0.00139051839,-0.000414467599,0.0560352668,-4.22408701,1698.75233
0.130194453,0.0599612217,0.000138123887,-0.00297000656,-0.00122503283,-3.3034883,1718.31488
0.130242978,0.128644026,-0.00107092629,-0.000334775247,0.0580845672,-4.3561047,1697.66968
0.130407685,0.13041027,-0.000780286229,-0.00026770139,0.0600224985,-4.48654412,1696.65173
0.130556935,0.0646303672,-0.000788866385,-0.00303949492,0.00195017608,-3.25122575,1718.74211
0.130561343,0.132058033,-0.000520437811,-0.000211832267,0.0618531532,-4.61450273,1695.69602
0.130704694,0.133595261,-0.000292080127,-0.000165774857,0.0635807131,-4.73926042,1694.79969
0.130838429,0.13502937,-9.49996285e-05,-0.000128199569,0.0652094153,-4.86025796,1693.95972
0.130945482,0.0696352464,-0.0017286005,-0.00306228813,0.00546399348,-3.18604594,1718.92374
0.130963192,0.136367278,7.17247284e-05,-9.78695252e-05,0.0667435205,-4.97707743,1693.173
0.131079587,0.137615437,0.00020954145,-7.36586764e-05,0.0681872845,-5.08942172,1692.43647
0.131188173,0.138779867,0.000320273003,-5.45578592e-05,0.0695449356,-5.19708255,1691.74715
0.131289475,0.139866187,0.00040598785,-3.96752121e-05,0.0708206513,-5.29993222,1691.10218
0.131361966,0.075,-0.00263781233,-0.0030240611,0.00937440959,-3.11413923,1718.78291
0.131383982,0.140879634,0.000468892179,-2.82369265e-05,0.072018539,-5.39794401,1690.49885
0.131472149,0.141825099,0.000511243095,-1.95811509e-05,0.0731426188,-5.4911436,1689.93456
0.131554402,0.14270714,0.000535287106,-1.31475265e-05,0.0741968082,-5.5795815,1689.40689
0.131631137,0.143530013,0.000543209125,-8.46708509e-06,0.0751849096,-5.66335763,1688.91354
0.131702725,0.144297686,0.000537094519,-5.15113737e-06,0.0761106002,-5.74260475,1688.45235
0.13176951,0.145013864,0.000518905183,-2.88012225e-06,0.0769774239,-5.81744237,1688.02129
0.131778451,0.0803647536,-0.00340987889,-0.00292727002,0.0134501804,-3.04948966,1718.2828
0.131831816,0.145681998,0.000490460732,-1.39172863e-06,0.0777887854,-5.88800314,1687.61844
0.131889941,0.146305314,0.00045343065,-4.74253781e-07,0.078547946,-5.95447231,1687.24203
0.131944168,0.146886817,0.000409332881,3.797064e-08,0.0792580213,-6.01704228,1686.89035
0.131994757,0.147429312,0.000359534144,2.73477508e-07,0.0799219805,-6.0758905,1686.56183
0.132041953,0.147935415,0.000305254012,3.29828558e-07,0.080542647,-6.13118505,1686.25499
0.132085983,0.148407569,0.000247571946,2.88789226e-07,0.0811227,-6.18300092,1685.96843
0.132127059,0.14884805,0.000187435646,2.42542518e-07,0.0816646772,-6.23137817,1685.70084
0.132165379,0.149258983,0.000125670317,2.79504642e-07,0.082170978,-6.27713154,1685.45099
0.132166998,0.0853696328,-0.00397852509,-0.00278696991,0.0174150243,-2.99942205,1717.48126
0.132201129,0.14964235,6.2988642e-05,-2.00617037e-07,0.0826438682,-6.32094959,1685.21774
0.132234481,0.15,0,0,0.0830854369,-6.34162933,1685
0.13252948,0.0900387783,-0.00435649233,-0.00261309562,0.0212653376,-2.96908931,1716.43384
0.132867646,0.0943947116,-0.00456259623,-0.00241698066,0.0249962483,-2.95991883,1715.19359
0.133183128,0.0984584434,-0.0046191613,-0.00220791605,0.0286029172,-2.97248068,1713.81031
0.13324673,0,0,0,-0.0418394731,-2.97860397,1719.98859
0.133267921,0.000357650242,0.000184018097,-5.68329012e-07,-0.0415970559,-2.97805419,1719.82757
0.133290636,0.000741017226,0.000376963859,-1.88910377e-06,-0.0413371935,-2.97819447,1719.65492
0.133314985,0.00115195011,0.000578897951,-4.16246756e-06,-0.0410586437,-2.97979161,1719.46997
0.133341084,0.00159243101,0.000789806122,-7.69288535e-06,-0.0407600842,-2.98163307,1719.27207
0.13336906,0.00206458457,0.00100958939,-1.26529588e-05,-0.0404401047,-2.98381232,1719.06056
0.133399047,0.0025706882,0.0012380491,-1.9289713e-05,-0.0400972023,-2.98638426,1718.83486
0.133431191,0.00311318307,0.00147486957,-2.78722799e-05,-0.0397297769,-2.98942403,1718.59447
0.133465646,0.00369468589,0.00171959903,-3.87044947e-05,-0.0393361263,-2.99300141,1718.33897
0.133477447,0.102249575,-0.00454957331,-0.0019938856,0.0320811832,-3.00634808,1712.32979
0.133502578,0.00431800152,0.00197162858,-5.21233207e-05,-0.0389144415,-2.997201,1718.06813
0.133542167,0.00498613648,0.00223016913,-6.85023018e-05,-0.0384628022,-3.00211828,1717.78188
0.133584601,0.0057023135,0.00249422624,-8.82528417e-05,-0.0379791718,-3.00786055,1717.48045
0.133630087,0.00646998704,0.00276257307,-0.000111825342,-0.0374613933,-3.01454726,1717.16441
0.133678844,0.00729285993,0.00303372139,-0.000139709507,-0.036907184,-3.02231015,1716.83474
0.133731106,0.00817490128,0.00330589107,-0.000172433681,-0.0363141312,-3.03129272,1716.49299
0.133752023,0.105786393,-0.00437723926,-0.00178132276,0.0354278774,-3.05967714,1710.79286
0.133787127,0.00912036556,0.00357697826,-0.000210562866,-0.0356796865,-3.04164878,1716.14134
0.133847175,0.0101338132,0.00384452291,-0.000254695069,-0.0350011603,-3.05353993,1715.78279
0.133911541,0.0112201325,0.00410567637,-0.000305455567,-0.0342757146,-3.06713129,1715.42128
0.133980536,0.0123845633,0.00435717,-0.000363488542,-0.0335003543,-3.08258508,1715.06187
0.134008179,0.109085956,-0.00412477683,-0.0015752922,0.0386409299,-3.13043617,1709.23451
0.134054491,0.0136327222,0.00459528617,-0.000429445752,-0.0326719162,-3.10005147,1714.71087
0.134133765,0.0149706296,0.00481583321,-0.000503970091,-0.0317870531,-3.1196558,1714.37598
0.134218738,0.0164047389,0.00501412757,-0.000587681623,-0.0308422136,-3.14149017,1714.06642
0.134247153,0.112164181,-0.00381306137,-0.00137954702,0.041719349,-3.21626553,1707.68351
0.134309821,0.0179419674,0.00518498406,-0.000681144862,-0.0298336128,-3.16557535,1713.79295
0.134407454,0.0195897299,0.00532271618,-0.000784840275,-0.0287571934,-3.19183188,1713.56776
0.134470096,0.115035914,-0.00346090577,-0.00119689464,0.0446631293,-3.31466675,1706.16239
0.134512107,0.0213559743,0.0054211575,-0.00089913127,-0.0276085713,-3.22007571,1713.40427
0.134624285,0.0232492201,0.00547370625,-0.00102421445,-0.0263829626,-3.2499671,1713.31668
0.134678083,0.117715008,-0.00308485506,-0.0010290762,0.0474731309,-3.42321984,1704.68784
0.134744529,0.0252785992,0.00547339527,-0.0011600747,-0.0250750849,-3.28096331,1713.31922
0.134872119,0.120214384,-0.00269903543,-0.000877061279,0.050150952,-3.53958768,1703.27148
0.134873419,0.0274539002,0.00541300032,-0.0013064221,-0.0236790263,-3.31228715,1713.42516
0.135011577,0.0297856156,0.00528519351,-0.00146262834,-0.0221880712,-3.34289085,1713.64546
0.135053138,0.1225461,-0.00231516359,-0.000741137193,0.0526988085,-3.66160577,1701.92062
0.13515967,0.0322849924,0.00508275849,-0.00162764364,-0.0205944768,-3.37142275,1713.98715
0.135222014,0.124721401,-0.00194265925,-0.000621044775,0.0551194266,-3.78731891,1700.63923
0.13531841,0.0349640862,0.00479888635,-0.00179992718,-0.0188891903,-3.39623812,1714.4516
0.135379562,0.12675078,-0.00158881725,-0.000516112437,0.0574159505,-3.91501927,1699.42871
0.135488565,0.0378358195,0.00442755003,-0.00197736257,-0.0170614736,-3.41542615,1715.03278
0.135526541,0.128644026,-0.00125901647,-0.000425383749,0.0595918634,-4.04323866,1698.28859
0.135663661,0.13041027,-0.000956954935,-0.000347716391,0.0616509198,-4.17073768,1697.21715
0.135670955,0.040914044,0.00396398193,-0.00215716344,-0.0150984394,-3.42684632,1715.71584
0.135791583,0.132058033,-0.000684894596,-0.000281864235,0.0635970874,-4.29648677,1696.21186
0.13586646,0.0442136074,0.00340529088,-0.00233578402,-0.0129844892,-3.42824168,1716.47628
0.135910923,0.133595261,-0.000443901938,-0.000226544253,0.065434497,-4.41965221,1695.26967
0.136022258,0.13502937,-0.000234073334,-0.000180490375,0.0671673969,-4.53957487,1694.3873
0.136076022,0.0477504251,0.00275122672,-0.00250885351,-0.0107006151,-3.41740256,1717.27986
0.136126125,0.136367278,-5.47410484e-05,-0.000142492048,0.0688001124,-4.65574853,1693.5614
0.136223024,0.137615437,9.53435548e-05,-0.000111418751,0.070337008,-4.76779222,1692.78862
0.136300653,0.0515415566,0.00200510471,-0.0026708834,-0.00822355206,-3.39230701,1718.08331
0.136313423,0.138779867,0.000217851655,-8.62356484e-05,0.0717824548,-4.87543452,1692.06573
0.136397757,0.139866187,0.000314740699,-6.60139851e-05,0.0731408015,-4.978515,1691.38964
0.136476435,0.140879634,0.000388140917,-4.99322478e-05,0.0744163471,-5.07694681,1690.75741
0.136541436,0.0556052884,0.00117497292,-0.00281570062,-0.00552477939,-3.35147494,1718.83556
0.136549835,0.141825099,0.000440266935,-3.72727851e-05,0.0756133178,-5.17069414,1690.16626
0.136618311,0.14270714,0.000473346718,-2.74156414e-05,0.0767358472,-5.25977915,1689.61359
0.136682193,0.143530013,0.000489565051,-1.9831007e-05,0.0777879591,-5.34426849,1689.09695
0.13674179,0.144297686,0.000491022597,-1.40717409e-05,0.078773554,-5.42426365,1688.61404
0.13679739,0.145013864,0.000479707322,-9.76419109e-06,0.0796963979,-5.49989265,1688.16272
0.136799532,0.0599612217,0.000274923606,-0.00293512464,-0.00256935612,-3.29400433,1719.47908
0.136849259,0.145681998,0.000457474237,-6.59793345e-06,0.0805601138,-5.57128972,1687.74097
0.136897649,0.146305314,0.000426032929,-4.31701505e-06,0.0813681763,-5.63860037,1687.34691
0.136942794,0.146886817,0.000386943293,-2.71320532e-06,0.0821239075,-5.70199787,1686.97876
0.136984909,0.147429312,0.000341615704,-1.61930699e-06,0.0828304753,-5.76166343,1686.63486
0.1370242,0.147935415,0.000291313827,-9.04561798e-07,0.0834908932,-5.817763,1686.31366
0.137060855,0.148407569,0.000237160257,-4.56562114e-07,0.0841080219,-5.87036975,1686.01369
0.137076187,0.0646303672,-0.00067334763,-0.00302199215,0.000685421318,-3.22218279,1719.95041
0.137095051,0.14884805,0.000180144065,-1.67829416e-07,0.0846845713,-5.91955176,1685.73359
0.137126953,0.149258983,0.000121129911,8.59970112e-08,0.085223104,-5.96594827,1685.47206
0.137156715,0.14964235,6.08675467e-05,-2.57865158e-07,0.0857260397,-6.01034469,1685.2279
0.137184481,0.15,0,0,0.0861956159,-6.03134868,1685
0.137372735,0.0696352464,-0.00163843562,-0.00306745343,0.0042915326,-3.13566562,1720.17938
0.137690605,0.075,-0.00257885642,-0.00305653614,0.00831171667,-3.03889869,1720.08875
0.138008476,0.0803647536,-0.00338686238,-0.00298737282,0.0125115429,-2.94827611,1719.63608
0.138305024,0.0853696328,-0.00399202721,-0.00287319199,0.0166077551,-2.8733284,1718.8724
0.138581678,0.0900387783,-0.0044064351,-0.00272262901,0.0205965812,-2.81845333,1717.84997
0.138839775,0.0943947116,-0.00464789242,-0.00254525039,0.0244725334,-2.78609109,1716.61928
0.139080557,0.0984584434,-0.00473771946,-0.00235080028,0.0282298154,-2.77650831,1715.22879
0.139305188,0.102249575,-0.00469826639,-0.00214705219,0.0318630991,-2.78978892,1713.72437
0.139514751,0.105786393,-0.00455207886,-0.00194011336,0.0353679504,-2.82441398,1712.14827
0.139710255,0.109085956,-0.00432124564,-0.00173582235,0.0387410182,-2.87810413,1710.53782
0.139892645,0.112164181,-0.00402637492,-0.00153828195,0.04198007,-2.94872136,1708.92466
0.1400628,0.115035914,-0.00368626571,-0.00135086093,0.0450839392,-3.03381975,1707.33432
0.140221541,0.117715008,-0.00331763383,-0.00117594007,0.048052428,-3.1308703,1705.78638
0.140369633,0.120214384,-0.00293492543,-0.00101505696,0.0508861942,-3.23742542,1704.29492
0.140507791,0.1225461,-0.00255029667,-0.000869040755,0.0535866362,-3.35120244,1702.8693
0.140636682,0.124721401,-0.00217367564,-0.000738127666,0.056155787,-3.47010873,1701.51499
0.140756926,0.12675078,-0.0018128981,-0.000622070653,0.0585962177,-3.59228198,1700.23445
0.140869104,0.128644026,-0.00147388897,-0.000520262291,0.0609109536,-3.71610373,1699.0279
0.140973757,0.13041027,-0.00116087254,-0.000431831613,0.0631033992,-3.84017878,1697.89398
0.141071389,0.132058033,-0.000876598294,-0.000355732145,0.065177271,-3.96334408,1696.83024
0.141162473,0.133595261,-0.000622567971,-0.000290825274,0.0671365387,-4.08464338,1695.83361
0.141247446,0.13502937,-0.000399254658,-0.000235937175,0.0689853675,-4.20330202,1694.90066
0.141326719,0.136367278,-0.000206307822,-0.00018990383,0.0707280697,-4.31870939,1694.02782
0.141391951,0,0,0,-0.0443970725,-3.21292714,1721.2098
0.141400675,0.137615437,-4.27381258e-05,-0.000151607204,0.0723690584,-4.43039603,1693.2115
0.141405524,0.000357650242,0.000189685427,-5.34415929e-07,-0.0441475404,-3.21125838,1721.042
0.141420072,0.000741017226,0.000388586727,-1.78338116e-06,-0.0438800682,-3.2091212,1720.86211
0.141435668,0.00115195011,0.000596767201,-3.90223596e-06,-0.0435933832,-3.20838478,1720.66943
0.141452384,0.00159243101,0.000814215028,-7.21259721e-06,-0.043286129,-3.20771064,1720.46329
0.141469669,0.138779867,9.2919278e-05,-0.000120000495,0.0739128043,-4.53802438,1692.44823
0.141470302,0.00206458457,0.00104083159,-1.18643206e-05,-0.0429568596,-3.20721217,1720.24301
0.141489509,0.0025706882,0.00127641612,-1.80912014e-05,-0.0426040343,-3.20694055,1720.008
0.141510097,0.00311318307,0.00152064792,-2.6146115e-05,-0.0422260136,-3.20696971,1719.75773
0.141532165,0.00369468589,0.00177306685,-3.63160904e-05,-0.0418210541,-3.20736201,1719.49178
0.141534036,0.139866187,0.000202463713,-9.41228293e-05,0.0753637956,-4.64136146,1691.73464
0.14155582,0.00431800152,0.0020330518,-4.8919423e-05,-0.0413873039,-3.20819511,1719.20988
0.141581176,0.00498613648,0.00229979706,-6.4309499e-05,-0.0409227982,-3.20955748,1718.91201
0.141594084,0.140879634,0.000287912497,-7.31069438e-05,0.0767265024,-4.74025515,1691.06758
0.141608355,0.0057023135,0.00257228672,-8.28760677e-05,-0.0404254546,-3.2115496,1718.59837
0.141637488,0.00646998704,0.00284926692,-0.000105046539,-0.0398930688,-3.2142842,1718.26957
0.141650104,0.141825099,0.00035140428,-5.61811218e-05,0.0780053481,-4.83462907,1690.44405
0.141668716,0.00729285993,0.00312921644,-0.000131286515,-0.0393233102,-3.21788653,1717.92661
0.14170219,0.00817490128,0.00341031551,-0.000162099477,-0.0387137172,-3.22249377,1717.5711
0.141702367,0.14270714,0.000395120211,-4.26673809e-05,0.0792046819,-4.92446803,1689.86125
0.141738071,0.00912036556,0.00369041361,-0.000198025304,-0.0380616926,-3.22825362,1717.2053
0.141751123,0.143530013,0.000421223091,-3.1977267e-05,0.0803287556,-5.00980456,1689.31656
0.141776531,0.0101338132,0.0039669965,-0.000239637285,-0.0373644983,-3.23532164,1716.8323
0.141796609,0.144297686,0.000431811227,-2.36050206e-05,0.0813817051,-5.09070951,1688.80753
0.141817757,0.0112201325,0.00423715354,-0.000287537281,-0.0366192484,-3.24385697,1716.45617
0.141839044,0.145013864,0.000428884792,-1.71203426e-05,0.0823675347,-5.16728566,1688.33186
0.141861948,0.0123845633,0.00449754607,-0.000342348555,-0.0358229019,-3.25401578,1716.08213
0.141878632,0.145681998,0.000414322797,-1.21604945e-05,0.0832901056,-5.23965974,1687.88741
0.141909315,0.0136327222,0.00474437857,-0.000404706093,-0.0349722518,-3.26594154,1715.71667
0.141915565,0.146305314,0.000389868008,-8.4217463e-06,0.0841531272,-5.30796607,1687.47218
0.14195002,0.146886817,0.0003571186,-5.65120574e-06,0.0849601509,-5.37235027,1687.08429
0.141960089,0.0149706296,0.00497337393,-0.000475241253,-0.0340639102,-3.27974909,1715.36777
0.141982163,0.147429312,0.00031752608,-3.64058365e-06,0.085714567,-5.43298146,1686.72198
0.142012151,0.147935415,0.000272397086,-2.22287294e-06,0.0864196032,-5.49002649,1686.38361
0.142014514,0.0164047389,0.00517975583,-0.000554568104,-0.0330942889,-3.29551812,1715.04491
0.142040127,0.148407569,0.000222897661,-1.25216461e-06,0.0870783246,-5.54355814,1686.06763
0.142066226,0.14884805,0.000170059753,-6.02150467e-07,0.0876936366,-5.59367001,1685.77259
0.142072852,0.0179419674,0.00535824155,-0.000643262173,-0.0320595711,-3.31327989,1714.7592
0.142090575,0.149258983,0.000114789568,-1.1337218e-07,0.0882682867,-5.64085178,1685.49714
0.14211329,0.14964235,5.78762133e-05,-3.15136394e-07,0.0888048699,-5.68597227,1685.24
0.142134481,0.15,0,0,0.089305795,-5.70736302,1685
0.142135385,0.0195897299,0.00550304504,-0.000741829961,-0.0309556723,-3.33294136,1714.52319
0.142202414,0.0213559743,0.00560789328,-0.000850674596,-0.0297781868,-3.35427531,1714.35076
0.142274263,0.0232492201,0.00566607564,-0.000970055567,-0.0285223136,-3.37692557,1714.25653
0.142351279,0.0252785992,0.00567052161,-0.00110004659,-0.0271827561,-3.40032822,1714.25524
0.142433832,0.0274539002,0.00561390622,-0.0012404937,-0.0257535881,-3.42368328,1714.3606
0.142522321,0.0297856156,0.0054888028,-0.00139093697,-0.0242280751,-3.44589212,1714.58401
0.142617173,0.0322849924,0.00528790807,-0.00155055719,-0.0225984389,-3.46549144,1714.93287
0.142718845,0.0349640862,0.00500432781,-0.00171806741,-0.0208555555,-3.48079985,1715.4088
0.142827828,0.0378358195,0.00463193277,-0.00189167742,-0.0189885708,-3.48986327,1716.00586
0.142944647,0.040914044,0.00416583901,-0.00206903629,-0.0169844035,-3.49040467,1716.70918
0.143069866,0.0442136074,0.00360300725,-0.0022470725,-0.0148271286,-3.4800483,1717.4941
0.143204089,0.0477504251,0.00294297028,-0.00242188904,-0.0124972199,-3.45643325,1718.32621
0.143347963,0.0515415566,0.00218876576,-0.00258871974,-0.00997061946,-3.41739749,1719.16216
0.143502183,0.0556052884,0.00134798824,-0.00274190157,-0.0072176181,-3.36126401,1719.95112
0.143667491,0.0599612217,0.000434043515,-0.00287442416,-0.00420152812,-3.2871099,1720.63621
0.143844686,0.0646303672,-0.000532458753,-0.00297823775,-0.000877128563,-3.19543779,1721.15513
0.144034622,0.0696352464,-0.00152105509,-0.00304545597,0.00281113308,-3.08845225,1721.43908
0.144238216,0.075,-0.00249091471,-0.00306300716,0.00693103472,-2.9673505,1721.41166
0.144441809,0.0803647536,-0.00333392228,-0.00302256095,0.0112460256,-2.85014138,1721.0245
0.144631746,0.0853696328,-0.00397713047,-0.00293595695,0.0154666989,-2.75095412,1720.31994
0.144808941,0.0900387783,-0.00443078613,-0.00281125667,0.0195891659,-2.67098065,1719.34539
0.144974249,0.0943947116,-0.00471124324,-0.0026555703,0.0236073467,-2.61471912,1718.1472
0.145128469,0.0984584434,-0.00483855804,-0.00247888938,0.0275144751,-2.58188734,1716.7711
0.145272343,0.102249575,-0.00483409517,-0.00228832402,0.0313040162,-2.57293175,1715.26185
0.145406566,0.105786393,-0.00471927348,-0.00209000779,0.0349702061,-2.58712852,1713.66211
0.145531785,0.109085956,-0.00451536567,-0.00189021688,0.0385083226,-2.62212833,1712.01101
0.145648604,0.112164181,-0.00424258929,-0.00169344077,0.0419147777,-2.67590266,1710.34293
0.145757587,0.115035914,-0.00391954136,-0.00150346381,0.0451871076,-2.74606838,1708.68661
0.145859259,0.117715008,-0.00356293155,-0.00132328115,0.0483239024,-2.83004406,1707.06489
0.145954111,0.120214384,-0.00318739973,-0.00115498583,0.0513247092,-2.92534584,1705.49493
0.1460426,0.1225461,-0.00280546002,-0.000999973737,0.0541899274,-3.02958118,1703.98872
0.146125153,0.124721401,-0.00242751377,-0.000858994522,0.0569207063,-3.14053047,1702.55386
0.146202168,0.12675078,-0.00206193529,-0.000732266174,0.0595188513,-3.25619392,1701.19445
0.146274017,0.128644026,-0.00171521595,-0.000619579166,0.0619867377,-3.37479376,1699.91184
0.146341047,0.13041027,-0.00139214683,-0.000520380584,0.0643272341,-3.49477657,1698.7054
0.14640358,0.132058033,-0.00109601936,-0.000433875123,0.0665436305,-3.61483929,1697.57313
0.146461918,0.133595261,-0.000828834496,-0.000359115455,0.0686395728,-3.73388529,1696.51212
0.146516343,0.13502937,-0.000591512515,-0.000295055546,0.0706190007,-3.85100385,1695.51894
0.146567117,0.136367278,-0.000384091068,-0.000240607963,0.0724860886,-3.96546804,1694.58992
0.146614484,0.137615437,-0.000205907906,-0.000194694007,0.0742451912,-4.07671091,1693.72128
0.146658675,0.138779867,-5.57664674e-05,-0.000156273641,0.0759007908,-4.18430246,1692.90933
0.146699901,0.139866187,6.79205259e-05,-0.000124367814,0.0774574484,-4.28792519,1692.15047
0.146738361,0.140879634,0.000167008231,-9.80730871e-05,0.0789197586,-4.3873616,1691.44131
0.146774242,0.141825099,0.000243516125,-7.65694998e-05,0.0802923087,-4.48247829,1690.77862
0.146807715,0.14270714,0.000299543879,-5.91238618e-05,0.0815796443,-4.57321076,1690.15939
0.146838944,0.143530013,0.000337204323,-4.50887873e-05,0.0827862388,-4.65955123,1689.58079
0.146868077,0.144297686,0.000358571447,-3.38991422e-05,0.083916467,-4.7415372,1689.04018
0.146895256,0.145013864,0.000365641421,-2.50661277e-05,0.0849745832,-4.81924061,1688.53511
0.146920612,0.145681998,0.000360304779,-1.81700208e-05,0.0859647046,-4.89276186,1688.06328
0.146944267,0.146305314,0.000344327946,-1.28550317e-05,0.0868907979,-4.9622306,1687.62254
0.146966335,0.146886817,0.000319341769,-8.8224253e-06,0.0877566699,-5.02778322,1687.21088
0.146986923,0.147429312,0.00028683584,-5.8209783e-06,0.0885659612,-5.08956294,1686.82642
0.14700613,0.147935415,0.000248158051,-3.64394605e-06,0.0893221426,-5.14772554,1686.46742
0.147024048,0.148407569,0.000204517665,-2.10989849e-06,0.0900285141,-5.2023436,1686.13222
0.147040764,0.14884805,0.000156990539,-1.06474924e-06,0.0906882054,-5.25352323,1685.81928
0.147056359,0.149258983,0.000106526166,-3.23832217e-07,0.0913041783,-5.30171092,1685.52715
0.147070908,0.14964235,5.39554506e-05,-3.8569306e-07,0.0918792308,-5.34767139,1685.25447
0.147084481,0.15,0,0,0.092415974,-5.36941566,1685
0.15,0,0,0,-0.0471,-3.45571456,1722.50036
0.150004851,0.000357650242,0.000194795026,-4.96039429e-07,-0.0468448226,-3.45283864,1722.32567
0.150010051,0.000741017226,0.000399070993,-1.66060456e-06,-0.0465713098,-3.44824894,1722.13843
0.150015624,0.00115195011,0.000612894574,-3.60096662e-06,-0.0462781639,-3.44499889,1721.9379
0.150021598,0.00159243101,0.000836257486,-6.6560101e-06,-0.0459640009,-3.44161335,1721.72338
0.150028002,0.00206458457,0.00106906297,-1.09496769e-05,-0.0456273454,-3.43822646,1721.49419
0.150034867,0.0025706882,0.00131111011,-1.66998356e-05,-0.0452666262,-3.43488574,1721.2497
0.150042225,0.00311318307,0.00156207567,-2.41400641e-05,-0.0448801713,-3.43166394,1720.98935
0.150050112,0.00369468589,0.0018214943,-3.3537274e-05,-0.0444662038,-3.42861543,1720.71273
0.150058566,0.00431800152,0.0020887365,-4.51873844e-05,-0.0440228365,-3.42581036,1720.41955
0.150067628,0.00498613648,0.00236298463,-5.94195337e-05,-0.0435480681,-3.42332973,1720.10976
0.150077342,0.0057023135,0.00264320681,-7.65973342e-05,-0.0430397787,-3.4212668,1719.78358
0.150087754,0.00646998704,0.00292812875,-9.71203347e-05,-0.0424957251,-3.41972736,1719.44162
0.150098915,0.00729285993,0.00321620384,-0.000121424792,-0.0419135374,-3.41883,1719.08492
0.150110878,0.00817490128,0.00350558156,-0.000149983739,-0.0412907141,-3.4187057,1718.7151
0.150123701,0.00912036556,0.00379407486,-0.000183306039,-0.0406246181,-3.41949633,1718.33447
0.150137447,0.0101338132,0.00407912689,-0.00022193415,-0.0399124718,-3.42135207,1717.94621
0.150152181,0.0112201325,0.00435777806,-0.000266440245,-0.0391513512,-3.424427,1717.55447
0.150167974,0.0123845633,0.00462663444,-0.000317420328,-0.0383381788,-3.42887259,1717.16458
0.150184903,0.0136327222,0.0048818389,-0.000375486073,-0.0374697132,-3.43482803,1716.78321
0.15020305,0.0149706296,0.00511904692,-0.000441252974,-0.0365425365,-3.44240415,1716.41849
0.150222501,0.0164047389,0.00533340874,-0.000515323182,-0.0355530339,-3.45166503,1716.08016
0.150243351,0.0179419674,0.00551956235,-0.000598271603,-0.0344973677,-3.46263017,1715.77956
0.1502657,0.0195897299,0.00567164372,-0.000690629673,-0.033371438,-3.47524339,1715.52959
0.150289656,0.0213559743,0.00578330601,-0.000792838612,-0.0321708301,-3.48925424,1715.34444
0.150315334,0.0232492201,0.00584775753,-0.000905220024,-0.0308907395,-3.50424939,1715.23916
0.150342859,0.0252785992,0.00585784417,-0.00102793967,-0.0295258711,-3.51967276,1715.22889
0.150372363,0.0274539002,0.00580616523,-0.00116097857,-0.0280703012,-3.53470845,1715.32782
0.150403989,0.0297856156,0.00568522932,-0.0013040264,-0.0265172941,-3.54818838,1715.54779
0.150437888,0.0322849924,0.00548768031,-0.001456507,-0.0248590597,-3.5586338,1715.89663
0.150474225,0.0349640862,0.00520654628,-0.00161743541,-0.0230864339,-3.5643568,1716.37633
0.150513175,0.0378358195,0.00483559615,-0.00178535769,-0.0211884692,-3.56328465,1716.98129
0.150554926,0.040914044,0.00436983555,-0.00195836851,-0.0191519139,-3.55304204,1717.69684
0.150599678,0.0442136074,0.00380606541,-0.00213388348,-0.0169605501,-3.53116475,1718.49854
0.150647649,0.0477504251,0.00314358477,-0.002308572,-0.0145943667,-3.49515338,1719.35216
0.150699069,0.0515415566,0.00238507606,-0.00247840062,-0.0120285387,-3.44269617,1720.21475
0.150754186,0.0556052884,0.00153758249,-0.00263834724,-0.00923218318,-3.37192513,1721.03624
0.150813266,0.0599612217,0.000613711562,-0.00278216396,-0.00616686291,-3.28169108,1721.76114
0.150876595,0.0646303672,-0.000366823115,-0.00290234113,-0.00278480156,-3.17189031,1722.32921
0.150944477,0.0696352464,-0.00137561275,-0.00299073611,0.000973227052,-3.04440082,1722.67433
0.151017241,0.075,-0.00237298075,-0.0030360342,0.00518023946,-2.90049385,1722.7224
0.151090004,0.0803647536,-0.00324984198,-0.00302686524,0.00959872674,-2.75770127,1722.41926
0.151157886,0.0853696328,-0.00393127513,-0.00296948205,0.013934144,-2.63310337,1721.79672
0.151221215,0.0900387783,-0.00442580522,-0.00287215191,0.0181825596,-2.52840453,1720.89593
0.151280295,0.0943947116,-0.00474814136,-0.00274173505,0.0223373515,-2.44726731,1719.75745
0.151335412,0.0984584434,-0.00491649399,-0.00258566606,0.0263908195,-2.39033436,1718.42262
0.151386832,0.102249575,-0.00495135355,-0.00241153639,0.0303352469,-2.35796128,1716.93349
0.151434803,0.105786393,-0.00487308474,-0.00222574517,0.0341635434,-2.35023853,1715.3319
0.151479555,0.109085956,-0.00470163302,-0.00203382934,0.0378695914,-2.36503602,1713.65791
0.151521306,0.112164181,-0.00445655248,-0.00184108021,0.0414484034,-2.40021023,1711.94809
0.151560256,0.115035914,-0.00415601967,-0.00165149031,0.0448961494,-2.45360173,1710.23428
0.151596593,0.117715008,-0.00381657026,-0.00146859698,0.048210112,-2.52269201,1708.54282
0.151630492,0.120214384,-0.00345290259,-0.00129501945,0.0513886057,-2.60501329,1706.89438
0.151662118,0.1225461,-0.00307778119,-0.00113271218,0.0544308826,-2.69810781,1705.30421
0.151691622,0.124721401,-0.00270200348,-0.000982959032,0.0573370362,-2.79965672,1703.78273
0.151719147,0.12675078,-0.00233444498,-0.000846470381,0.0601079123,-2.90752407,1702.3363
0.151744826,0.128644026,-0.00198216089,-0.00072346806,0.0627450268,-3.01978705,1700.96804
0.151768782,0.13041027,-0.00165052912,-0.000613774354,0.065250492,-3.13474817,1699.67856
0.15179113,0.132058033,-0.00134342285,-0.000516904999,0.0676269468,-3.25094521,1698.46673
0.15181198,0.133595261,-0.00106339926,-0.00043215131,0.0698774928,-3.36712655,1697.33014
0.151831431,0.13502937,-0.000811891574,-0.000358643497,0.0720056311,-3.48223657,1696.26563
0.151849578,0.136367278,-0.000589396065,-0.000295416951,0.0740152013,-3.59541933,1695.26959
0.151866507,0.137615437,-0.000395650036,-0.000241468511,0.0759103219,-3.70599103,1694.33821
0.1518823,0.138779867,-0.000229794848,-0.000195794802,0.0776953302,-3.81341164,1693.46762
0.151897034,0.139866187,-9.05210119e-05,-0.000157421739,0.0793747276,-3.91726884,1692.65408
0.15191078,0.140879634,2.38046596e-05,-0.000125426494,0.0809531265,-4.01726329,1691.89394
0.151923603,0.141825099,0.000115030817,-9.89527256e-05,0.0824351967,-4.11319094,1691.18376
0.151935566,0.14270714,0.000185131416,-7.72190965e-05,0.0838256209,-4.20492729,1690.5203
0.151946727,0.143530013,0.000236132336,-5.95229929e-05,0.0851290547,-4.29241415,1689.90053
0.151957139,0.144297686,0.000270053182,-4.52406266e-05,0.08635009,-4.37564711,1689.32158
0.151966853,0.145013864,0.000288862488,-3.38239524e-05,0.0874932252,-4.4546636,1688.78082
0.151975915,0.145681998,0.000294444507,-2.47953324e-05,0.0885628401,-4.52953512,1688.27577
0.151984369,0.146305314,0.000288575885,-1.77438029e-05,0.0895631756,-4.60036799,1687.80409
0.151992256,0.146886817,0.000272910389,-1.23195961e-05,0.090498318,-4.667285,1687.36364
0.151999614,0.147429312,0.00024896993,-8.22466311e-06,0.0913721887,-4.73041572,1686.95239
0.152006479,0.147935415,0.000218140872,-5.20965416e-06,0.0921885356,-4.78989996,1686.56844
0.152012883,0.148407569,0.000181674682,-3.05516941e-06,0.0929509296,-4.84579836,1686.21003
0.152018857,0.14884805,0.000140691461,-1.57209759e-06,0.0936627629,-4.89821616,1685.87548
0.15202443,0.149258983,9.61857104e-05,-5.51974487e-07,0.0943272494,-4.94761809,1685.56325
0.15202963,0.14964235,4.90327945e-05,-4.64958955e-07,0.0949474275,-4.99458488,1685.27188
0.152034481,0.15,0,0,0.0955261531,-5.01673275,1685
0.156984481,0.15,0,0,0.0986363321,-4.64939949,1685
0.156988352,0.14964235,4.29793874e-05,-5.60665231e-07,0.0980060263,-4.62685635,1685.29302
0.156992502,0.149258983,8.35029409e-05,-8.11290479e-07,0.0973303849,-4.57883725,1685.60712
0.15699695,0.14884805,0.000120755959,-2.13831402e-06,0.0966062536,-4.52809869,1685.94379
0.157001717,0.148407569,0.000153817075,-4.11026467e-06,0.0958303078,-4.47431651,1686.30461
0.157006828,0.147935415,0.000181647139,-6.96008753e-06,0.0949990381,-4.41701438,1686.69127
0.157012306,0.147429312,0.000203084346,-1.09152381e-05,0.0941087513,-4.35609007,1687.10558
0.157018177,0.146886817,0.000216840105,-1.62375162e-05,0.0931555735,-4.2914992,1687.54945
0.157024472,0.146305314,0.000221498075,-2.32224535e-05,0.0921354566,-4.22311594,1688.02494
0.157031218,0.145681998,0.000215516848,-3.22191427e-05,0.0910441887,-4.1508226,1688.53424
0.15703845,0.145013864,0.000197237216,-4.36331805e-05,0.0898774089,-4.07452271,1689.07969
0.157046202,0.144297686,0.000164894992,-5.79321966e-05,0.0886306281,-3.99414713,1689.6638
0.157054511,0.143530013,0.000116641143,-7.5650372e-05,0.0872992509,-3.90966032,1690.28922
0.157063417,0.14270714,5.0570683e-05,-9.73919443e-05,0.0858786095,-3.82106939,1690.95883
0.157072964,0.141825099,-3.52383487e-05,-0.00012383274,0.0843640034,-3.72843409,1691.67566
0.157083198,0.140879634,-0.000142674195,-0.000155719079,0.0827507343,-3.63187832,1692.44296
0.157094167,0.139866187,-0.000273527356,-0.000193863124,0.0810341526,-3.5316029,1693.26416
0.157105925,0.138779867,-0.000429411844,-0.000239133712,0.0792097124,-3.42789985,1694.14287
0.157118529,0.137615437,-0.000611670628,-0.000292441583,0.0772730252,-3.32116798,1695.08284
0.157132039,0.136367278,-0.000821264447,-0.000354717873,0.0752199162,-3.21193021,1696.0879
0.15714652,0.13502937,-0.00105864404,-0.000426884226,0.0730464798,-3.10085174,1697.16186
0.157162042,0.133595261,-0.0013236078,-0.000509816035,0.0707491366,-2.98875341,1698.30835
0.157178681,0.132058033,-0.00161514645,-0.000604295741,0.068324689,-2.87663045,1699.53058
0.157196516,0.13041027,-0.00193127476,-0.000710956074,0.0657703752,-2.76567723,1700.83106
0.157215634,0.128644026,-0.00226885809,-0.000830215001,0.0630839221,-2.65729515,1702.21118
0.157236126,0.12675078,-0.00262344387,-0.000962203007,0.0602635986,-2.55309667,1703.67068
0.157258091,0.124721401,-0.0029891019,-0.00110668681,0.0573082713,-2.45491065,1705.20705
0.157281636,0.1225461,-0.00335828475,-0.00126299032,0.0542174645,-2.36477355,1706.81475
0.157306874,0.120214384,-0.00372172104,-0.00142991762,0.0509914281,-2.28490737,1708.48452
0.157333927,0.117715008,-0.00406835367,-0.00160568585,0.0476312149,-2.21768021,1710.20257
0.157362925,0.115035914,-0.00438533552,-0.00178785546,0.0441387663,-2.16554975,1711.95006
0.157394008,0.112164181,-0.0046580988,-0.00197334884,0.0405170047,-2.13092096,1713.7027
0.157427326,0.109085956,-0.00487052627,-0.002158316,0.0367699228,-2.11611783,1715.43093
0.15746304,0.105786393,-0.00500498924,-0.00233853624,0.0329026521,-2.12320703,1717.10045
0.157501322,0.102249575,-0.00504288526,-0.00250813414,0.0289214862,-2.15454066,1718.67355
0.157542356,0.0984584434,-0.00496575914,-0.00266217816,0.0248338215,-2.21070688,1720.11066
0.157586341,0.0943947116,-0.00475432208,-0.00279472066,0.0206479465,-2.29129336,1721.37235
0.157633489,0.0900387783,-0.00438955151,-0.00289831371,0.0163726139,-2.39681568,1722.42094
0.157684026,0.0853696328,-0.00385518853,-0.00296757986,0.0120163034,-2.52553541,1723.22122
0.157738198,0.0803647536,-0.00313795127,-0.00299473299,0.0075860362,-2.67504979,1723.73978
0.157796265,0.075,-0.00223029292,-0.00297225037,0.0030856564,-2.840934,1723.94261
0.157854332,0.0696352464,-0.00120992446,-0.00290134,-0.00118681064,-3.00497335,1723.80957
0.157908504,0.0646303672,-0.000186329415,-0.00279393018,-0.00499444756,-3.15123394,1723.4
0.157959042,0.0599612217,0.00080323515,-0.00265951355,-0.0084153962,-3.27712151,1722.784
0.158006189,0.0556052884,0.00173195931,-0.00250684588,-0.0115124261,-3.3817314,1722.02376
0.158050174,0.0515415566,0.0025813538,-0.00234254848,-0.0143357372,-3.46556,1721.17643
0.158091209,0.0477504251,0.00333966361,-0.00217204081,-0.0169253943,-3.53004963,1720.29543
0.15812949,0.0442136074,0.00400048853,-0.00199966029,-0.0193133458,-3.57727247,1719.42951
0.158165204,0.040914044,0.00456158174,-0.00182878851,-0.0215250887,-3.60968448,1718.62075
0.158198522,0.0378358195,0.00502388492,-0.00166209157,-0.0235810433,-3.62989759,1717.90273
0.158229605,0.0349640862,0.00539075788,-0.00150166147,-0.0254976642,-3.64045465,1717.29935
0.158258603,0.0322849924,0.0056672902,-0.00134900417,-0.0272883231,-3.64376557,1716.82473
0.158285656,0.0297856156,0.00585976356,-0.00120521077,-0.0289640143,-3.64204166,1716.48396
0.158310894,0.0274539002,0.00597518312,-0.00107094848,-0.0305339086,-3.63701741,1716.27454
0.158334439,0.0252785992,0.00602094564,-0.000946579036,-0.0320057829,-3.63010804,1716.18817
0.158356405,0.0232492201,0.0060045915,-0.00083226066,-0.0333863507,-3.62250187,1716.21255
0.158376897,0.0213559743,0.00593356664,-0.000727910241,-0.0346815127,-3.61502123,1716.3331
0.158396014,0.0195897299,0.00581507658,-0.000633266405,-0.035896545,-3.60829437,1716.53434
0.158413849,0.0179419674,0.00565595679,-0.000547938827,-0.0370362389,-3.60275391,1716.8009
0.158430488,0.0164047389,0.00546259718,-0.0004714571,-0.0381050031,-3.59857384,1717.11836
0.15844601,0.0149706296,0.00524091505,-0.000403286399,-0.0391069377,-3.59581541,1717.4736
0.158460491,0.0136327222,0.00499632086,-0.000342862443,-0.0400458874,-3.59449064,1717.8551
0.158474001,0.0123845633,0.00473370933,-0.000289595666,-0.040925479,-3.59453647,1718.25299
0.158486605,0.0112201325,0.00445746731,-0.000242893431,-0.041749147,-3.59584123,1718.65903
0.158498363,0.0101338132,0.00417149062,-0.000202173268,-0.0425201526,-3.59826831,1719.06645
0.158509332,0.00912036556,0.00387920784,-0.000166871753,-0.0432415961,-3.60166973,1719.46988
0.158519566,0.00817490128,0.00358360898,-0.000136451246,-0.0439164259,-3.60589548,1719.86509
0.158529113,0.00729285993,0.003287277,-0.000110404567,-0.0445474453,-3.61080006,1720.24889
0.158538019,0.00646998704,0.00299242097,-8.8257918e-05,-0.0451373175,-3.61624688,1720.61894
0.158546329,0.0057023135,0.00270090948,-6.95724176e-05,-0.0456885705,-3.62211083,1720.97361
0.15855408,0.00498613648,0.00241430356,-5.39445324e-05,-0.0462036004,-3.62827962,1721.31185
0.158561312,0.00431800152,0.00213388859,-4.10056582e-05,-0.046684676,-3.63465418,1721.63307
0.158568059,0.00369468589,0.00186070454,-3.04211314e-05,-0.0471339425,-3.64114829,1721.93705
0.158574353,0.00311318307,0.00159557443,-2.18886306e-05,-0.0475534252,-3.64768825,1722.22387
0.158580225,0.0025706882,0.00133913078,-1.51369197e-05,-0.0479450344,-3.65421131,1722.49381
0.158585703,0.00206458457,0.00109183995,-9.92140935e-06,-0.0483105695,-3.66067061,1722.74733
0.158590813,0.00159243101,0.000854024368,-6.0295815e-06,-0.0486517235,-3.66699545,1722.98501
0.158595581,0.00115195011,0.00062588268,-3.26196189e-06,-0.0489700877,-3.67314351,1723.20748
0.158600029,0.000741017226,0.000407508062,-1.51707421e-06,-0.0492671563,-3.67897988,1723.41547
0.158604178,0.000357650242,0.000198904082,-4.44400627e-07,-0.0495443314,-3.68602248,1723.6097
0.158608049,0,0,0,-0.0498029274,-3.69006427,1723.79093
0.161934481,0.15,0,0,0.101746511,-4.26702308,1685
0.161945971,0.14964235,3.56461563e-05,-6.48759034e-07,0.101049531,-4.24383756,1685.31916
0.161958286,0.149258983,6.81643931e-05,-1.12768888e-06,0.100302199,-4.19463418,1685.66136
0.161971488,0.14884805,9.66906052e-05,-2.83429538e-06,0.0995010005,-4.14264654,1686.02825
0.161985638,0.148407569,0.000120260999,-5.38557654e-06,0.0986422788,-4.08739814,1686.42155
0.162000806,0.147935415,0.000137798234,-9.0713661e-06,0.0977221974,-4.02864324,1686.84311
0.162017065,0.147429312,0.000148108211,-1.41487444e-05,0.0967367472,-3.96625939,1687.29489
0.162034493,0.146886817,0.000149878969,-2.09271335e-05,0.0956817587,-3.90021813,1687.77897
0.162053174,0.146305314,0.0001416832,-2.97509217e-05,0.0945529205,-3.83041317,1688.29757
0.162073198,0.145681998,0.000121984549,-4.1021363e-05,0.0933457877,-3.75675769,1688.85306
0.162094662,0.145013864,8.91490832e-05,-5.51970573e-05,0.0920558251,-3.67919184,1689.44795
0.162117669,0.144297686,4.14630492e-05,-7.27979504e-05,0.0906784565,-3.5976906,1690.08491
0.162142331,0.143530013,-2.28418516e-05,-9.44072975e-05,0.0892090753,-3.51227111,1690.76677
0.162168766,0.14270714,-0.000105554407,-0.000120672005,0.087643088,-3.42300232,1691.49655
0.162197102,0.141825099,-0.000208439701,-0.000152300284,0.0859759706,-3.33001566,1692.27743
0.162227475,0.140879634,-0.000333183521,-0.000190056008,0.0842033183,-3.23351683,1693.11276
0.162260032,0.139866187,-0.00048132421,-0.000234748905,0.0823208946,-3.13379867,1694.00606
0.162294931,0.138779867,-0.000654171006,-0.000287219747,0.0803246838,-3.03125501,1694.96093
0.162332338,0.137615437,-0.00085270837,-0.00034832016,0.0782109417,-2.92639463,1695.98104
0.162372436,0.136367278,-0.00107748626,-0.000418885847,0.0759762417,-2.81985853,1697.07004
0.162415416,0.13502937,-0.00132849644,-0.000499699947,0.073617519,-2.71244109,1698.23138
0.162461488,0.133595261,-0.00160503604,-0.000591451487,0.0711321113,-2.60509903,1699.46809
0.162510871,0.132058033,-0.00190556235,-0.000694688897,0.0685177961,-2.49895548,1700.78258
0.162563806,0.13041027,-0.00222754301,-0.000809762045,0.0657728258,-2.39532688,1702.17617
0.162620547,0.128644026,-0.00256730369,-0.000936759484,0.0628959642,-2.29573741,1703.64869
0.162681368,0.12675078,-0.00291988135,-0.00107544131,0.0598865251,-2.20190936,1705.19787
0.162746563,0.124721401,-0.0032788937,-0.0012251705,0.0567444183,-2.11575945,1706.81871
0.162816445,0.1225461,-0.00363643272,-0.00138484742,0.0534702051,-2.03938455,1708.50275
0.162891352,0.120214384,-0.00398299298,-0.00155285123,0.0500651663,-1.97502778,1710.23743
0.162971645,0.117715008,-0.00430744538,-0.0017269878,0.0465313834,-1.92503539,1712.00546
0.163057711,0.115035914,-0.00459706871,-0.00190447036,0.0428718318,-1.8917845,1713.7845
0.163149967,0.112164181,-0.00483762257,-0.00208181467,0.0390904787,-1.87758675,1715.54715
0.163248855,0.109085956,-0.00501356464,-0.00225525051,0.0351923753,-1.88421353,1717.26145
0.163354855,0.105786393,-0.00510812571,-0.00241980347,0.0311837211,-1.91396558,1718.8919
0.163468476,0.102249575,-0.00510432115,-0.00257079019,0.0270718718,-1.96907754,1720.40108
0.163590267,0.0984584434,-0.00498445599,-0.00270284169,0.0228652415,-2.04872253,1721.75166
0.163720816,0.0943947116,-0.00473011772,-0.0028097912,0.0185730515,-2.15266853,1722.90831
0.163860751,0.0900387783,-0.00432474307,-0.00288667667,0.014204836,-2.28133501,1723.83924
0.164010748,0.0853696328,-0.00375369617,-0.00292745773,0.00976960382,-2.4327139,1724.51654
0.164171532,0.0803647536,-0.00300505364,-0.00292520277,0.00527454831,-2.60354197,1724.91463
0.164343876,0.075,-0.00207230019,-0.0028749798,0.000723237798,-2.78922028,1725.00695
0.16451622,0.0696352464,-0.00103515288,-0.0027816408,-0.00358502141,-2.97145115,1724.78505
0.164677003,0.0646303672,-2.78562129e-06,-0.00265788646,-0.00741564806,-3.13313537,1724.31211
0.164827,0.0599612217,0.000989993762,-0.00251271195,-0.0108514049,-3.27235085,1723.65265
0.164966936,0.0556052884,0.00191811341,-0.00235435575,-0.0139581783,-3.38883927,1722.86386
0.165097484,0.0515415566,0.00276442192,-0.00218860703,-0.0167882417,-3.48348466,1721.99908
0.165219275,0.0477504251,0.00351809685,-0.00202005541,-0.0193830076,-3.5580122,1721.1091
0.165332897,0.0442136074,0.00417336237,-0.00185228481,-0.0217752637,-3.61468972,1720.24087
0.165438896,0.040914044,0.00472839403,-0.00168804668,-0.0239910078,-3.65609909,1719.43514
0.165537785,0.0378358195,0.0051844004,-0.00152942611,-0.0260509409,-3.68494083,1718.72446
0.16563004,0.0349640862,0.00554486939,-0.00137799881,-0.0279716468,-3.70384314,1718.13188
0.165716106,0.0322849924,0.0058149495,-0.00123490606,-0.0297665366,-3.71523845,1717.67073
0.1657964,0.0297856156,0.00600096217,-0.00110081732,-0.0314465921,-3.72141294,1717.34542
0.165871307,0.0274539002,0.00610995836,-0.000976195195,-0.0330209444,-3.72405901,1717.15286
0.165941189,0.0252785992,0.00614932878,-0.00086126066,-0.0344973187,-3.7245124,1717.08426
0.166006383,0.0232492201,0.00612657598,-0.000755992304,-0.0358823747,-3.72403118,1717.12691
0.166067204,0.0213559743,0.00604917223,-0.000660207279,-0.0371819632,-3.72346671,1717.2659
0.166123945,0.0195897299,0.005924338,-0.000573567187,-0.0384013176,-3.72349809,1717.48551
0.16617688,0.0179419674,0.00575890317,-0.000495653382,-0.0395451944,-3.72450655,1717.77021
0.166226264,0.0164047389,0.00555927998,-0.000425957788,-0.0406179759,-3.72661699,1718.10541
0.166272335,0.0149706296,0.00533140623,-0.000363961162,-0.0416237435,-3.72993086,1718.4779
0.166315316,0.0136327222,0.00508070969,-0.000309107808,-0.0425663298,-3.73445429,1718.87611
0.166355413,0.0123845633,0.00481210341,-0.000260830305,-0.0434493551,-3.74011745,1719.2901
0.166392821,0.0112201325,0.00452999195,-0.000218566201,-0.0442762524,-3.74680845,1719.7116
0.166427719,0.0101338132,0.00423828732,-0.000181767195,-0.0450502846,-3.75439222,1720.13384
0.166460276,0.00912036556,0.00394043242,-0.000149906559,-0.0457745569,-3.76272312,1720.55141
0.16649065,0.00817490128,0.00363942941,-0.000122484542,-0.0464520245,-3.77165432,1720.96009
0.166518985,0.00729285993,0.00333787123,-9.90319647e-05,-0.0470854989,-3.78104435,1721.3567
0.16654542,0.00646998704,0.0030379747,-7.9112313e-05,-0.0476776526,-3.79076133,1721.7389
0.166570082,0.0057023135,0.00274161403,-6.23226659e-05,-0.0482310232,-3.80068545,1722.10508
0.166593089,0.00498613648,0.00245035393,-4.82937034e-05,-0.0487480168,-3.81071025,1722.45419
0.166614553,0.00431800152,0.00216548165,-3.66890039e-05,-0.0492309122,-3.82074289,1722.78567
0.166634578,0.00369468589,0.0018880374,-2.72038866e-05,-0.0496818641,-3.83070369,1723.09933
0.166653259,0.00311318307,0.00161884308,-1.95637301e-05,-0.0501029073,-3.84052574,1723.39525
0.166670686,0.0025706882,0.00135852884,-1.35226939e-05,-0.0504959611,-3.85015331,1723.67375
0.166686945,0.00206458457,0.00110755767,-8.85927388e-06,-0.0508628332,-3.85954605,1723.93531
0.166702113,0.00159243101,0.000866247715,-5.38229806e-06,-0.0512052247,-3.86863659,1724.18052
0.166716264,0.00115195011,0.000634792732,-2.91204962e-06,-0.0515247344,-3.87738958,1724.41007
0.166729465,0.000741017226,0.000413280365,-1.36318628e-06,-0.0518228635,-3.88569453,1724.62468
0.166741781,0.000357650242,0.000201708219,-3.81293527e-07,-0.0521010205,-3.89499106,1724.82511
0.16675327,0,0,0,-0.0523605269,-3.90004991,1725.01214
0.166884481,0.15,0,0,0.10485669,-3.87077483,1685
0.166902545,0.14964235,2.66048559e-05,-7.91300701e-07,0.104068086,-3.84702602,1685.35272
0.166921908,0.149258983,4.93235194e-05,-1.54894005e-06,0.103222251,-3.79650573,1685.731
0.166942663,0.14884805,6.72481872e-05,-3.73535526e-06,0.102315258,-3.74292555,1686.13666
0.16696491,0.148407569,7.93821018e-05,-7.02821037e-06,0.101343128,-3.68599849,1686.5716
0.166988757,0.147935415,8.46227111e-05,-1.17594728e-05,0.100301732,-3.62561558,1687.0378
0.167014319,0.147429312,8.17625528e-05,-1.82227889e-05,0.0991868491,-3.5616382,1687.53738
0.167041719,0.146886817,6.94912394e-05,-2.67757639e-05,0.0979942018,-3.49406332,1688.07257
0.167071089,0.146305314,4.64019594e-05,-3.78106753e-05,0.0967194834,-3.4228215,1688.64573
0.167102571,0.145681998,1.10018864e-05,-5.17761441e-05,0.0953583771,-3.34787101,1689.25932
0.167136316,0.145013864,-3.82719246e-05,-6.91750602e-05,0.0939065756,-3.2692045,1689.91596
0.167172488,0.144297686,-0.000103030299,-9.05659869e-05,0.0923598559,-3.18685827,1690.61841
0.167211261,0.143530013,-0.000184902325,-0.000116561721,0.0907141204,-3.10091983,1691.36955
0.167252822,0.14270714,-0.000285497325,-0.000147825823,0.0889654295,-3.01153743,1692.1724
0.167297372,0.141825099,-0.000406357361,-0.000185066058,0.0871100372,-2.91893035,1693.03013
0.167345124,0.140879634,-0.000548899339,-0.0002290243,0.0851444335,-2.82339999,1693.946
0.167396311,0.139866187,-0.000714345885,-0.000280462283,0.0830653756,-2.72534192,1694.92335
0.167451177,0.138779867,-0.000903644399,-0.000340142454,0.0808699119,-2.62525918,1695.96555
0.16750999,0.137615437,-0.00111737406,-0.000408803264,0.0785554058,-2.52377607,1697.07588
0.16757303,0.136367278,-0.00135564123,-0.000487129144,0.0761195549,-2.42164753,1698.25744
0.167640604,0.13502937,-0.00161796393,-0.000575715116,0.073560408,-2.31977214,1699.51292
0.167713037,0.133595261,-0.00190314641,-0.0006750255,0.0708763807,-2.21921635,1700.84437
0.167790678,0.132058033,-0.00220914714,-0.000785343553,0.0680662738,-2.12122364,1702.25286
0.167873902,0.13041027,-0.00253294607,-0.000906717786,0.0651292955,-2.02720765,1703.73807
0.16796311,0.128644026,-0.00287041482,-0.00103890918,0.0620650919,-1.93876539,1705.29776
0.168058732,0.12675078,-0.00321619402,-0.00118133152,0.0588737883,-1.85768224,1706.92722
0.16816123,0.124721401,-0.00356358906,-0.00133299229,0.0555560438,-1.78591169,1708.61863
0.168271098,0.1225461,-0.00390449292,-0.00149244102,0.0521131226,-1.72555167,1710.3604
0.168388867,0.120214384,-0.0042293441,-0.00165772784,0.048546981,-1.67880527,1712.1367
0.168515103,0.117715008,-0.00452713101,-0.00182636323,0.0448603693,-1.64793031,1713.92701
0.168650416,0.115035914,-0.00478545714,-0.00199534209,0.041056944,-1.6351303,1715.70611
0.168795459,0.112164181,-0.0049906256,-0.00216103054,0.0371413798,-1.64250849,1717.4444
0.168950931,0.109085956,-0.00512763588,-0.00231965496,0.033119467,-1.67172083,1719.10877
0.169117583,0.105786393,-0.00518085361,-0.00246579601,0.0289981712,-1.7250827,1720.66399
0.169296217,0.102249575,-0.00513483441,-0.00259574332,0.0247856264,-1.80289045,1722.07457
0.169487696,0.0984584434,-0.00497268379,-0.00270457864,0.0204910013,-1.90447749,1723.30685
0.169692944,0.0943947116,-0.00467759295,-0.00278613239,0.0161241921,-2.03100055,1724.33103
0.169912949,0.0900387783,-0.00423493413,-0.0028363521,0.0116952665,-2.18131736,1725.12226
0.170148774,0.0853696328,-0.00363128837,-0.0028496023,0.00721354446,-2.3526578,1725.66051
0.170401556,0.0803647536,-0.00285609948,-0.00282078129,0.00268620952,-2.54173413,1725.92822
0.170672515,0.075,-0.00190416996,-0.00274650595,-0.00188358809,-2.74458945,1725.90598
0.170943473,0.0696352464,-0.000856623362,-0.00263411579,-0.00619742551,-2.94191806,1725.59643
0.171196255,0.0646303672,0.000178655844,-0.00249752904,-0.010024568,-3.11601118,1725.0649
0.17143208,0.0599612217,0.00116922266,-0.00234512613,-0.0134516489,-3.26589902,1724.36894
0.171652085,0.0556052884,0.00209183634,-0.00218430997,-0.016547084,-3.3919131,1723.55995
0.171834481,0.15,0,0,0.107966869,-3.44661573,1685
0.171857333,0.0515415566,0.00293068766,-0.00201998639,-0.0193647629,-3.49529176,1722.68709
0.171858131,0.14964235,1.5482175e-05,-9.13687792e-07,0.107035545,-3.42205133,1685.39965
0.171883482,0.149258983,2.62399247e-05,-2.03145279e-06,0.106036114,-3.37014195,1685.82842
0.171910655,0.14884805,3.13388063e-05,-4.79913503e-06,0.104964657,-3.31517588,1686.28823
0.171939783,0.148407569,2.97684936e-05,-8.97482464e-06,0.103817652,-3.25654599,1686.78099
0.171971004,0.147935415,2.04294095e-05,-1.49738776e-05,0.102591621,-3.19460775,1687.30868
0.172004471,0.147429312,2.13564184e-06,-2.31123491e-05,0.101283108,-3.12919696,1687.87336
0.172040344,0.146886817,-2.63796329e-05,-3.3796104e-05,0.0998887461,-3.06036537,1688.47721
0.172048812,0.0477504251,0.0036759053,-0.00185594127,-0.0219470893,-3.57802183,1721.79813
0.172078797,0.146305314,-6.64541171e-05,-4.74566353e-05,0.0984052788,-2.98810362,1689.12248
0.172120015,0.145681998,-0.000119482442,-6.45758801e-05,0.0968295806,-2.91244283,1689.81154
0.172164196,0.145013864,-0.000186897135,-8.56794839e-05,0.0951586647,-2.83345241,1690.54687
0.172211554,0.144297686,-0.000270143676,-0.000111335838,0.0933896705,-2.75125051,1691.33104
0.172227446,0.0442136074,0.00432233374,-0.00169498982,-0.0243274219,-3.64254472,1720.93775
0.172262318,0.143530013,-0.000370648802,-0.000142151396,0.0915198957,-2.66601031,1692.16677
0.172316731,0.14270714,-0.000489781205,-0.000178764163,0.0895468035,-2.57796894,1693.05686
0.172375057,0.141825099,-0.000628803742,-0.000221834194,0.0874680176,-2.48743665,1694.00419
0.172394098,0.040914044,0.00486854081,-0.00153925075,-0.0265320571,-3.69155362,1720.14505
0.172437577,0.140879634,-0.000788816395,-0.000272030891,0.0852813258,-2.39480684,1695.01172
0.172504593,0.139866187,-0.000970689315,-0.000330016562,0.0829846836,-2.30056694,1696.08237
0.17254957,0.0378358195,0.00531596947,-0.00139025782,-0.0285818178,-3.72781338,1719.45124
0.172576427,0.138779867,-0.00117498553,-0.000396425934,0.0805762179,-2.20530998,1697.21902
0.172653427,0.137615437,-0.00140187315,-0.00047184056,0.0780542336,-2.10974713,1698.42431
0.172694613,0.0349640862,0.00566823727,-0.00124912487,-0.0304933016,-3.75399176,1718.87826
0.172735963,0.136367278,-0.00165102731,-0.000556759866,0.0754172242,-2.01471819,1699.70051
0.172824434,0.13502937,-0.00192152369,-0.000651565862,0.0726638888,-1.92120671,1701.04928
0.172829926,0.0322849924,0.00593054595,-0.00111666104,-0.0322798717,-3.77247294,1718.4385
0.172919266,0.133595261,-0.00221172873,-0.000756481823,0.0697931556,-1.83035185,1702.47136
0.172956163,0.0297856156,0.00610919156,-0.000993240165,-0.0339524299,-3.7855124,1718.13555
0.173020917,0.132058033,-0.00251918239,-0.000871528701,0.0668042157,-1.74345134,1703.96623
0.173073931,0.0274539002,0.00621122336,-0.000879115763,-0.0355200146,-3.79515379,1717.96569
0.173129878,0.13041027,-0.00284047463,-0.000996480166,0.0636965688,-1.66196947,1705.53164
0.173183799,0.0252785992,0.00624396674,-0.000774290964,-0.0369902575,-3.80258233,1717.91963
0.173246673,0.128644026,-0.00317113384,-0.00113081095,0.0604700778,-1.58753755,1707.16309
0.173286297,0.0232492201,0.00621490449,-0.000678548144,-0.0383697305,-3.80861744,1717.98432
0.173371866,0.12675078,-0.00350553081,-0.00127364511,0.0571250367,-1.52194578,1708.85329
0.17338192,0.0213559743,0.00613153668,-0.000591699871,-0.0396642056,-3.81447942,1718.14464
0.173471127,0.0195897299,0.00600100982,-0.000513371104,-0.0408788481,-3.82090409,1718.3847
0.173506062,0.124721401,-0.00383679859,-0.00142371129,0.053662257,-1.46712529,1710.59162
0.173554351,0.0179419674,0.00583011607,-0.000443075928,-0.0420183571,-3.8280251,1718.6889
0.173631992,0.0164047389,0.00562526459,-0.000380329369,-0.0430870677,-3.83603273,1719.04264
0.173649907,0.1225461,-0.00415677903,-0.00157930229,0.0500831696,-1.42511477,1712.36357
0.173704425,0.0149706296,0.00539238346,-0.000324626162,-0.0440890225,-3.84504795,1719.43272
0.173771999,0.0136327222,0.00513689425,-0.000275426505,-0.0450280231,-3.85506112,1719.84756
0.173804094,0.120214384,-0.00445600478,-0.00173824412,0.0463899388,-1.39802065,1714.15045
0.17383504,0.0123845633,0.0048637057,-0.00023219414,-0.0459076649,-3.86599786,1720.27729
0.173893852,0.0112201325,0.00457721873,-0.000194402291,-0.0467313612,-3.87774519,1720.71367
0.173948718,0.0101338132,0.00428134201,-0.000161541682,-0.0475023594,-3.89016829,1721.14995
0.173969369,0.117715008,-0.00472372488,-0.00189787405,0.0425855858,-1.38795559,1715.9292
0.173999905,0.00912036556,0.00397951501,-0.000133126351,-0.048223752,-3.90312296,1721.58078
0.174047658,0.00817490128,0.00367473616,-0.000108697827,-0.0488984842,-3.91646494,1722.00197
0.174092207,0.00729285993,0.00336959428,-8.78277051e-05,-0.0495293593,-3.93005635,1722.41036
0.174133768,0.00646998704,0.00306630153,-7.01190132e-05,-0.0501190429,-3.94376971,1722.80367
0.174146528,0.115035914,-0.00494797846,-0.00205501589,0.0386741151,-1.3968862,1717.67264
0.174172541,0.0057023135,0.00276672699,-5.52066108e-05,-0.0506700667,-3.95749029,1723.1803
0.174208713,0.00498613648,0.0024724298,-4.27568387e-05,-0.0511848318,-3.97111723,1723.53925
0.174242458,0.00431800152,0.00218469117,-3.24665876e-05,-0.0516656119,-3.98456375,1723.87998
0.17427394,0.00369468589,0.00190454499,-2.4062023e-05,-0.0521145575,-3.99775656,1724.20233
0.17430331,0.00311318307,0.00163280654,-1.72968644e-05,-0.0525336992,-4.01063541,1724.50641
0.17433071,0.0025706882,0.00137009921,-1.19511081e-05,-0.0529249521,-4.02315142,1724.79257
0.174336425,0.112164181,-0.00511570119,-0.00220631248,0.0346606318,-1.42629564,1719.35011
0.174356272,0.00206458457,0.00111687911,-7.82666699e-06,-0.0532901203,-4.03527051,1725.0613
0.174380119,0.00159243101,0.000873457496,-4.75378083e-06,-0.0536309006,-4.04692913,1725.31324
0.174402366,0.00115195011,0.000640021253,-2.57281643e-06,-0.0539488881,-4.05809888,1725.54909
0.174423122,0.000741017226,0.000416651236,-1.21284485e-06,-0.0542455803,-4.06870016,1725.7696
0.174442484,0.000357650242,0.000203338426,-3.18380695e-07,-0.0545223819,-4.08006822,1725.97555
0.174460548,0,0,0,-0.0547806121,-4.0860466,1726.16774
0.174539976,0.109085956,-0.00521267356,-0.00234714742,0.0305514333,-1.47844862,1720.92868
0.174758164,0.105786393,-0.00522494655,-0.00247390263,0.0263540541,-1.55507948,1722.37474
0.174992041,0.102249575,-0.00513759854,-0.00258215414,0.022077222,-1.65493561,1723.65606
0.175242735,0.0984584434,-0.00493455179,-0.00266657238,0.017730693,-1.7782327,1724.7439
0.175511454,0.0943947116,-0.00460156939,-0.00272345419,0.0133248903,-1.92562786,1725.61473
0.175799496,0.0900387783,-0.00412524158,-0.00274787942,0.00887026795,-2.09497553,1726.25121
0.176072105,0.15,0,0,0.110629449,-3.07353467,1685
0.176102105,0.14964235,3.79189944e-06,-1.01039594e-06,0.109420014,-3.04791612,1685.47572
0.17610825,0.0853696328,-0.00349335474,-0.00273597477,0.00437632537,-2.28355914,1726.6412
0.176134262,0.149258983,2.02807351e-06,-2.56561075e-06,0.108144571,-2.99461279,1685.98141
0.176168731,0.14884805,-6.21463721e-06,-6.0122623e-06,0.106800101,-2.93872514,1686.51894
0.176205679,0.148407569,-2.19090508e-05,-1.11424405e-05,0.105384069,-2.87890879,1687.09007
0.176245283,0.147935415,-4.60995442e-05,-1.84607991e-05,0.103893965,-2.81598446,1687.69672
0.176287736,0.147429312,-7.98982207e-05,-2.82901987e-05,0.102327293,-2.74980598,1688.34084
0.176333241,0.146886817,-0.000124477654,-4.1060834e-05,0.100681546,-2.68048013,1689.02455
0.176382017,0.146305314,-0.000181059845,-5.72167391e-05,0.0989542277,-2.60804517,1689.75004
0.176434302,0.145681998,-0.000250901187,-7.7244531e-05,0.0971428649,-2.53258869,1690.51964
0.176439204,0.0803647536,-0.00269681312,-0.00268378353,-0.0001498641,-2.48821652,1726.77482
0.176490345,0.145013864,-0.000335272617,-0.000101662834,0.0952450362,-2.45423669,1691.33576
0.176550418,0.144297686,-0.000435434178,-0.000131020229,0.0932583371,-2.37316559,1692.20097
0.176614811,0.143530013,-0.000552603153,-0.000165888755,0.0911803844,-2.28960796,1693.11791
0.176683834,0.14270714,-0.00068791499,-0.000206855972,0.089008827,-2.20386105,1694.08931
0.17675782,0.141825099,-0.000842376198,-0.000254514279,0.0867413526,-2.11629562,1695.11793
0.176793955,0.075,-0.00173156742,-0.00258905709,-0.00470563181,-2.70522561,1726.63922
0.176837127,0.140879634,-0.00101680856,-0.000309447348,0.084375697,-2.02736579,1696.20654
0.176922135,0.139866187,-0.00121178411,-0.000372213135,0.081909658,-1.93761963,1697.35781
0.177013256,0.138779867,-0.00142755071,-0.000443323426,0.0793411125,-1.84770968,1698.5742
0.177110929,0.137615437,-0.00166394832,-0.000523218983,0.0766680409,-1.75840542,1699.85782
0.177148707,0.0696352464,-0.000679431923,-0.00246143939,-0.00899544859,-2.91451762,1726.24701
0.177215626,0.136367278,-0.00192031685,-0.000612241637,0.0738885572,-1.67060936,1701.21018
0.17732785,0.13502937,-0.00219539537,-0.000710592373,0.0710009466,-1.58537538,1702.63199
0.177448144,0.133595261,-0.00248721706,-0.000818299124,0.068003712,-1.5038827,1704.1228
0.177479661,0.0646303672,0.000353448907,-0.00231576198,-0.0127936651,-3.09826401,1725.66405
0.177577088,0.132058033,-0.00279300459,-0.000935189121,0.0648956288,-1.42743939,1705.68059
0.177715303,0.13041027,-0.00310906688,-0.00106083433,0.0616758364,-1.35754385,1707.30134
0.177788414,0.0599612217,0.00133701826,-0.00215960175,-0.016189857,-3.25636269,1724.94001
0.177863457,0.128644026,-0.00343070192,-0.00119449939,0.0583438867,-1.29586359,1708.97855
0.178022263,0.12675078,-0.00375211443,-0.00133510097,0.0548998061,-1.24419015,1710.70271
0.178076456,0.0556052884,0.00224988387,-0.00199945909,-0.0192542742,-3.38971812,1724.12009
0.178192489,0.124721401,-0.00406635514,-0.00148117241,0.0513442354,-1.20442436,1712.46084
0.178345176,0.0515415566,0.00307758149,-0.00183932747,-0.0220418998,-3.49991771,1723.24891
0.178374955,0.1225461,-0.0043652873,-0.00163083352,0.0476785458,-1.17854319,1714.2361
0.17857054,0.120214384,-0.00463959038,-0.00178176898,0.0439049582,-1.16855293,1716.00765
0.17859587,0.0477504251,0.00381117749,-0.00168218376,-0.0245957295,-3.58918225,1722.37089
0.178780189,0.117715008,-0.00487880877,-0.00193122118,0.04002667,-1.17642117,1717.75067
0.178829746,0.0442136074,0.00444613451,-0.00153012386,-0.026949395,-3.66010239,1721.52824
0.179004914,0.115035914,-0.00507141364,-0.00207598889,0.0360479827,-1.20392241,1719.43687
0.179047934,0.040914044,0.00498138493,-0.00138463851,-0.029129273,-3.71546463,1720.75814
0.179245796,0.112164181,-0.005204828,-0.00221277644,0.031974408,-1.25237416,1721.03538
0.179251486,0.0378358195,0.00541856102,-0.00124673575,-0.0311561437,-3.75807814,1720.09014
0.179441383,0.0349640862,0.0057613581,-0.00111711847,-0.0330464974,-3.79061994,1719.54487
0.179504,0.109085956,-0.00526588418,-0.00233656091,0.0278127393,-1.32431116,1722.51419
0.179618542,0.0322849924,0.00601497685,-0.000996184796,-0.0348135581,-3.8154718,1719.13365
0.179780769,0.105786393,-0.00524166877,-0.00244479041,0.0235710776,-1.41949367,1723.84184
0.179783816,0.0297856156,0.0061856611,-0.000884228639,-0.0364680777,-3.83473397,1718.85923
0.179938004,0.0274539002,0.00628038629,-0.000781028442,-0.0380189473,-3.85078044,1718.71722
0.18,0.15,0,0,0.110500068,-2.72183518,1685.55234
0.180036204,0.14964235,-9.62225471e-06,-1.21553801e-06,0.109118444,-2.69558681,1686.08288
0.18007501,0.149258983,-2.53907727e-05,-3.27299658e-06,0.107675176,-2.64099626,1686.64385
0.180077439,0.102249575,-0.00511779042,-0.00253319417,0.0192587599,-1.53680158,1724.98966
0.180081849,0.0252785992,0.00630654515,-0.000686759724,-0.0394736625,-3.86439873,1718.69787
0.180116607,0.14884805,-4.81933477e-05,-7.54266845e-06,0.10616827,-2.58395485,1687.23698
0.180161196,0.148407569,-7.89407311e-05,-1.38117196e-05,0.104595696,-2.52336921,1687.86403
0.18020899,0.147935415,-0.000118601586,-2.25818373e-05,0.102955343,-2.45999696,1688.52689
0.180216044,0.0232492201,0.00627164929,-0.000601022951,-0.0408386727,-3.8763068,1718.78788
0.180260221,0.147429312,-0.000168197107,-3.41786297e-05,0.101245064,-2.39376732,1689.22756
0.180315136,0.146886817,-0.000228792802,-4.9017756e-05,0.0994626098,-2.32481788,1689.96814
0.180341238,0.0213559743,0.00618297435,-0.000523325858,-0.0421196421,-3.88830981,1718.97196
0.180373999,0.146305314,-0.000301487117,-6.75233212e-05,0.0976056346,-2.25321368,1690.75086
0.180395442,0.0984584434,-0.00487970506,-0.00259610704,0.0148861465,-1.67816767,1725.93375
0.180437095,0.145681998,-0.000387395999,-9.01544467e-05,0.095671706,-2.17906624,1691.57808
0.180458033,0.0195897299,0.00604753143,-0.000453485247,-0.0433216429,-3.90071513,1719.23421
0.180504728,0.145013864,-0.000487632778,-0.0001173949,0.0936583128,-2.10252661,1692.45225
0.180566993,0.0179419674,0.00587211951,-0.000390890103,-0.0444492944,-3.91349454,1719.55906
0.180577223,0.144297686,-0.000603282603,-0.000149750369,0.091562874,-2.02379742,1693.37591
0.180654932,0.143530013,-0.000735370646,-0.000187741545,0.0893827523,-1.94313926,1694.35169
0.180668645,0.0164047389,0.00566312312,-0.000335159068,-0.0455068633,-3.92700068,1719.93198
0.18073631,0.0943947116,-0.00451467128,-0.00263079796,0.0104642147,-1.84222578,1726.65663
0.180738228,0.14270714,-0.000884823347,-0.000231895687,0.087115273,-1.86087954,1695.38223
0.180763477,0.0149706296,0.00542643838,-0.000285776158,-0.046498334,-3.94133352,1720.33986
0.180827514,0.141825099,-0.00105242198,-0.000282735447,0.0847577451,-1.77742174,1696.47015
0.180851948,0.0136327222,0.00516745911,-0.000242233312,-0.0474274584,-3.95647154,1720.77124
0.18092322,0.140879634,-0.00123874797,-0.000340764776,0.0823074888,-1.69325558,1697.61797
0.180934484,0.0123845633,0.00489106856,-0.000204030442,-0.0482977892,-3.97233364,1721.21635
0.181011483,0.0112201325,0.00460164463,-0.000170682094,-0.0491127027,-3.98880445,1721.66704
0.181025807,0.139866187,-0.00144411959,-0.000406451489,0.0797618652,-1.60896759,1698.828
0.181083318,0.0101338132,0.00430307531,-0.000141722384,-0.0498754139,-4.00574817,1722.11667
0.181101688,0.0900387783,-0.00401028781,-0.0026328003,0.00600386927,-2.02632123,1727.14766
0.181135771,0.138779867,-0.00166852002,-0.000480206221,0.0771183129,-1.52525224,1700.10221
0.181150333,0.00912036556,0.00399878132,-0.000116709742,-0.0505889864,-4.02302112,1722.55995
0.181212853,0.00817490128,0.00369174393,-9.52298393e-05,-0.0512563397,-4.04048097,1722.99278
0.181253642,0.137615437,-0.00191151726,-0.000562356986,0.0743743875,-1.44292344,1701.44202
0.18127118,0.00729285993,0.00338453598,-7.68972786e-05,-0.0518802532,-4.05799294,1723.41205
0.181325593,0.00646998704,0.00307935484,-6.13563002e-05,-0.0524633711,-4.07543359,1723.81554
0.181376357,0.0057023135,0.00277805571,-4.82807318e-05,-0.0530082046,-4.09269309,1724.2017
0.181379989,0.136367278,-0.00217217691,-0.000653121096,0.0715278081,-1.36292106,1702.84811
0.181423715,0.00498613648,0.00248218473,-3.73733588e-05,-0.0535171356,-4.10967603,1724.56957
0.181467896,0.00431800152,0.00219301096,-2.83648452e-05,-0.0539924201,-4.12630153,1724.91865
0.181493339,0.0853696328,-0.0033557899,-0.00259956793,0.00151488703,-2.22810789,1727.40171
0.181509114,0.00369468589,0.0019115569,-2.10124096e-05,-0.0544361911,-4.14250254,1725.24882
0.18151542,0.13502937,-0.00244896847,-0.000752570245,0.0685765089,-1.28632032,1704.3201
0.181547566,0.00311318307,0.00163862722,-1.50981289e-05,-0.054850463,-4.15822526,1725.56023
0.181583439,0.0025706882,0.00137483539,-1.04277104e-05,-0.0552371351,-4.17342746,1725.85324
0.181616906,0.00206458457,0.00112062831,-6.826269e-06,-0.0555979962,-4.1880811,1726.12839
0.181648128,0.00159243101,0.000876308715,-4.14513429e-06,-0.055934729,-4.20212631,1726.38634
0.181660589,0.133595261,-0.00273966497,-0.000860599647,0.0655186987,-1.21435331,1705.85621
0.181677255,0.00115195011,0.0006420556,-2.24450205e-06,-0.0562489145,-4.21554113,1726.6278
0.181704429,0.000741017226,0.000417942541,-1.06727727e-06,-0.0565420368,-4.22827739,1726.85357
0.181729779,0.000357650242,0.000203953842,-2.5789474e-07,-0.0568154878,-4.24156559,1727.06444
0.18175343,0,0,0,-0.0570705769,-4.24838787,1727.26122
0.181816197,0.132058033,-0.00304124596,-0.000976885469,0.0623529279,-1.14840206,1707.45289
0.181913151,0.0803647536,-0.00254332747,-0.00252789685,-0.00299561632,-2.44441158,1727.41548
0.181982994,0.13041027,-0.00334981308,-0.00110083468,0.0590781698,-1.08998106,1709.10439
0.182161784,0.128644026,-0.00366050913,-0.00123155456,0.0556938719,-1.04074284,1710.80226
0.18235343,0.12675078,-0.00396744665,-0.0013678155,0.052200073,-1.00246185,1712.53495
0.18236315,0.075,-0.00156984393,-0.00241662103,-0.00752523289,-2.67163641,1727.18161
0.182558856,0.124721401,-0.00426366159,-0.00150801505,0.0485975503,-0.976999052,1714.28744
0.182779054,0.1225461,-0.00454109844,-0.00165015473,0.044887903,-0.966263163,1716.04098
0.182813149,0.0696352464,-0.000517522807,-0.00227738599,-0.0117816132,-2.88933318,1726.72117
0.183015084,0.120214384,-0.00479063251,-0.00179182397,0.0410736728,-0.972156891,1717.77311
0.183232961,0.0646303672,0.000509361227,-0.0021256458,-0.0155438753,-3.07972534,1726.0995
0.183268087,0.117715008,-0.00500214035,-0.00193018425,0.0371584706,-0.996464809,1719.45786
0.183539281,0.115035914,-0.00516451066,-0.00206221129,0.033147096,-1.04059686,1721.06651
0.183624612,0.0599612217,0.0014829716,-0.00196820946,-0.0189036479,-3.24345053,1725.35882
0.183829976,0.112164181,-0.00526566812,-0.00218398953,0.0290456356,-1.10634396,1722.56861
0.18398999,0.0556052884,0.00238364277,-0.00181073397,-0.0219324423,-3.38190627,1724.53871
0.184141573,0.109085956,-0.00529386255,-0.00229208385,0.0248615183,-1.19526878,1723.93361
0.184330859,0.0515415566,0.00319817738,-0.00165637747,-0.024685954,-3.49697719,1723.67947
0.184475575,0.105786393,-0.00523636749,-0.00238295113,0.0206035164,-1.30644537,1725.13276
0.184648861,0.0477504251,0.00391852368,-0.0015073711,-0.0272075134,-3.59108258,1722.82226
0.184833594,0.102249575,-0.00507927661,-0.00245193307,0.0162816622,-1.43980484,1726.14116
0.184945531,0.0442136074,0.00454072188,-0.00136514733,-0.0295308754,-3.66692858,1722.00678
0.184963636,0.15,0,0,0.104488838,-2.25134697,1687.49155
0.185002737,0.14964235,-3.07730766e-05,-1.39913241e-06,0.103275362,-2.22566745,1688.01075
0.185044649,0.149258983,-6.78320051e-05,-3.92165698e-06,0.10199403,-2.17191436,1688.56347
0.185089575,0.14884805,-0.000111995549,-8.93810417e-06,0.100642688,-2.11575025,1689.15153
0.185137731,0.148407569,-0.000164090315,-1.62591684e-05,0.0992187138,-2.05657846,1689.77693
0.18518935,0.147935415,-0.000224990465,-2.63609194e-05,0.0977194882,-1.99507285,1690.4417
0.185217355,0.0984584434,-0.00481030636,-0.00249551641,0.0119069929,-1.59606611,1726.93981
0.185222301,0.040914044,0.00506405403,-0.00123062344,-0.0316824139,-3.72736251,1721.26815
0.18524468,0.147429312,-0.000295611633,-3.95633265e-05,0.0961424025,-1.9312337,1691.14799
0.185303989,0.146886817,-0.000376900796,-5.62571536e-05,0.094484862,-1.86523377,1691.89798
0.185367563,0.146305314,-0.000469823493,-7.68361003e-05,0.0927442908,-1.79717581,1692.69394
0.185435707,0.145681998,-0.000575346841,-0.000101720073,0.0909181365,-1.72720489,1693.53816
0.185480504,0.0378358195,0.00549033924,-0.00110434475,-0.0336828227,-3.77521292,1720.63424
0.185508752,0.145013864,-0.000694417968,-0.000131345542,0.0890038746,-1.65550704,1694.43299
0.185587049,0.144297686,-0.000827937555,-0.000166162082,0.0869990143,-1.58232029,1695.38077
0.185628711,0.0943947116,-0.00441761406,-0.00251015347,0.00749108703,-1.77332369,1727.51698
0.185670976,0.143530013,-0.00097672765,-0.000206625266,0.0849011052,-1.50794124,1696.3838
0.185721387,0.0349640862,0.00582333241,-0.00098660018,-0.0355484666,-3.81315616,1720.12418
0.185760938,0.14270714,-0.00114149278,-0.00025318795,0.0827077461,-1.43273412,1697.4443
0.185857368,0.141825099,-0.00132277418,-0.000306288841,0.0804165973,-1.35714006,1698.56435
0.185946111,0.0322849924,0.00606823359,-0.000877417466,-0.0372924294,-3.8435866,1719.74814
0.185960732,0.140879634,-0.00152089674,-0.000366338204,0.078025396,-1.2816869,1699.74575
0.186069646,0.0900387783,-0.00388978885,-0.00249266359,0.00304533962,-1.96927024,1727.86829
0.186071528,0.139866187,-0.00173590857,-0.000433700291,0.0755319763,-1.20699938,1700.98995
0.18615576,0.0297856156,0.00623128322,-0.000776879805,-0.0389253228,-3.86839226,1719.508
0.186190292,0.138779867,-0.0019675137,-0.000508672176,0.0729342958,-1.13380908,1702.29786
0.186317595,0.137615437,-0.0022149977,-0.000591459566,0.0702304669,-1.0629627,1703.66965
0.186351346,0.0274539002,0.00631930075,-0.00068475482,-0.0404559052,-3.88941898,1719.39873
0.186454051,0.136367278,-0.00247714661,-0.000682147541,0.0674187973,-0.995429868,1705.10455
0.186533811,0.0252785992,0.00633948284,-0.000601222391,-0.0418915518,-3.90849504,1719.41018
0.186542286,0.0853696328,-0.00321735826,-0.00244107585,-0.0014201439,-2.18132423,1727.99482
0.18660032,0.13502937,-0.00275216436,-0.000780675659,0.0644978378,-0.932302386,1706.6005
0.186704037,0.0232492201,0.00629927769,-0.000525431633,-0.0432386064,-3.92663796,1719.52882
0.186757105,0.133595261,-0.00303758967,-0.000886799404,0.0614664393,-0.874823958,1708.15388
0.186862843,0.0213559743,0.00620590748,-0.000456738689,-0.044502642,-3.94446401,1719.73931
0.186925165,0.132058033,-0.00333020967,-0.00100004257,0.0583238202,-0.824389923,1709.75909
0.187010997,0.0195897299,0.00606638093,-0.000395189974,-0.0456886516,-3.96224884,1720.0258
0.187048911,0.0803647536,-0.00239361008,-0.00235308571,-0.00589812458,-2.40627538,1727.89893
0.187105309,0.13041027,-0.00362597965,-0.00111966966,0.0550696243,-0.782496844,1711.4082
0.187149212,0.0179419674,0.00588747068,-0.000340190116,-0.0468011863,-3.98027883,1720.37284
0.187278156,0.0164047389,0.00567546922,-0.000291351975,-0.0478444539,-3.99893378,1720.76606
0.187298406,0.128644026,-0.00391995884,-0.00124465563,0.0517040261,-0.750743402,1713.09057
0.18739845,0.0149706296,0.00543620921,-0.000248161846,-0.0488223887,-4.01826104,1721.19252
0.187505387,0.12675078,-0.00420626221,-0.00137365221,0.0482278597,-0.730827174,1714.79249
0.187510675,0.0136327222,0.00517503321,-0.000210146143,-0.0497386985,-4.03822284,1721.64093
0.187591964,0.075,-0.00141641663,-0.00222859876,-0.0103863316,-2.64070946,1727.57826
0.187615371,0.0123845633,0.00489678046,-0.000176844814,-0.0505968973,-4.05872639,1722.10167
0.187713044,0.0112201325,0.00460579035,-0.000147817049,-0.0514003268,-4.07965246,1722.56676
0.187727251,0.124721401,-0.00447803144,-0.00150495848,0.0446427056,-0.724508214,1716.49697
0.187804165,0.0101338132,0.00430591671,-0.000122642069,-0.0521521706,-4.1008628,1723.02967
0.187889174,0.00912036556,0.00400054977,-0.000100924046,-0.0528554633,-4.12221239,1723.48523
0.187965069,0.1225461,-0.00472743787,-0.00163650562,0.0409509999,-0.733556476,1718.18362
0.18796848,0.00817490128,0.00369264332,-8.22938883e-05,-0.0535130973,-4.14356012,1723.92945
0.188042466,0.00729285993,0.00338474557,-6.64097208e-05,-0.0541278266,-4.16477395,1724.3593
0.188111489,0.00646998704,0.00307903182,-5.29570664e-05,-0.0547022709,-4.18573423,1724.77263
0.188135018,0.0696352464,-0.00036800932,-0.00208093802,-0.0145963057,-2.86405332,1727.06055
0.188175882,0.0057023135,0.00277733748,-4.16484936e-05,-0.055238918,-4.20633556,1725.16795
0.188219987,0.120214384,-0.00494571085,-0.00176582575,0.037156159,-0.759698148,1719.82889
0.188235955,0.00498613648,0.00248119087,-3.22228302e-05,-0.0557401274,-4.22648753,1725.54436
0.188291999,0.00431800152,0.00219184502,-2.44440074e-05,-0.056208133,-4.2461147,1725.90142
0.188344283,0.00369468589,0.00191030799,-1.80997227e-05,-0.0566450468,-4.26515576,1726.23903
0.18839306,0.00311318307,0.00163737152,-1.29997919e-05,-0.0570528624,-4.283563,1726.55739
0.188438565,0.0025706882,0.00137363748,-8.974992e-06,-0.0574334594,-4.30130046,1726.8569
0.188481017,0.00206458457,0.00111954243,-5.87300289e-06,-0.0577886071,-4.31834576,1727.13813
0.188493234,0.117715008,-0.00512321572,-0.00189016216,0.0332627008,-0.804381091,1721.40645
0.188520621,0.00159243101,0.000875379914,-3.56558657e-06,-0.0581199695,-4.33464254,1727.40175
0.188557569,0.00115195011,0.000641320775,-1.93221861e-06,-0.0584291096,-4.35017464,1727.64852
0.188592039,0.000741017226,0.000417431399,-9.28976658e-07,-0.058717494,-4.3649255,1727.87925
0.188624196,0.000357650242,0.000203689779,-2.0063607e-07,-0.0589864979,-4.38002358,1728.09476
0.188641643,0.0646303672,0.000649423382,-0.00192589696,-0.0183120937,-3.05873867,1726.40944
0.188654196,0,0,0,-0.0592374174,-4.38764666,1728.29588
0.18878613,0.115035914,-0.00524943308,-0.00200659445,0.0292763536,-0.86880222,1722.88809
0.189100086,0.112164181,-0.00531336709,-0.00211083959,0.0252041406,-0.955235502,1724.24498
0.189114283,0.0599612217,0.00161017393,-0.00176953229,-0.0216266323,-3.22604892,1725.66043
0.189436616,0.109085956,-0.00530421418,-0.00220072262,0.0210544227,-1.06314226,1725.44933
0.189555217,0.0556052884,0.00249623209,-0.00161669276,-0.0246121712,-3.36782333,1724.84793
0.189797345,0.105786393,-0.00520980818,-0.00227237081,0.0168368807,-1.19177486,1726.47631
0.189927273,0.15,0,0,0.0959124536,-1.79762633,1689.97389
0.189966573,0.0515415566,0.00329561245,-0.00146973998,-0.027324728,-3.48621309,1724.00815
0.189968478,0.14964235,-5.3120993e-05,-1.38982266e-06,0.0949121177,-1.77376773,1690.47205
0.190012646,0.149258983,-0.000112605868,-3.96641659e-06,0.0938448154,-1.72365295,1691.00523
0.190059991,0.14884805,-0.000179169399,-9.03548605e-06,0.0927074186,-1.67113862,1691.57554
0.190110739,0.148407569,-0.000253526017,-1.64632259e-05,0.091496391,-1.61586381,1692.1852
0.190165137,0.147935415,-0.000336427244,-2.67190865e-05,0.0902081782,-1.55846206,1692.83649
0.190184013,0.102249575,-0.00501776735,-0.00232098499,0.0125623855,-1.34286492,1727.3061
0.190223446,0.147429312,-0.000428655099,-4.01337857e-05,0.0888392284,-1.49898471,1693.53173
0.190285948,0.146886817,-0.00053101172,-5.70989635e-05,0.0873860149,-1.43763538,1694.27329
0.190350335,0.0477504251,0.00400110281,-0.00133019739,-0.0298077308,-3.58380452,1723.17911
0.190352944,0.146305314,-0.000644306135,-7.80066698e-05,0.085845059,-1.37455671,1695.06352
0.190424757,0.145681998,-0.000769337015,-0.000103269087,0.0842129537,-1.30993751,1695.90479
0.190501734,0.145013864,-0.000906870791,-0.000133306662,0.0824863871,-1.24401919,1696.79939
0.190584246,0.144297686,-0.00105761478,-0.000168542608,0.0806621663,-1.177099,1697.74954
0.190598483,0.0984584434,-0.00471718972,-0.00234441544,0.00824269612,-1.51482302,1727.9257
0.190672691,0.143530013,-0.00122218514,-0.000209395887,0.0787372398,-1.10952598,1698.75731
0.190708354,0.0442136074,0.00460928841,-0.00119887408,-0.0320949135,-3.66339267,1722.39794
0.190767495,0.14270714,-0.00140106869,-0.00025627126,0.0767087213,-1.04171802,1699.82452
0.190869117,0.141825099,-0.00159457829,-0.000309547141,0.0745739112,-0.974172561,1700.95274
0.190978045,0.140879634,-0.00180280188,-0.000369560483,0.0723303205,-0.907473618,1702.14309
0.191042356,0.040914044,0.00511977263,-0.00107615616,-0.0342125372,-3.72786046,1721.69758
0.191042756,0.0943947116,-0.00429722525,-0.00233916668,0.00388996544,-1.70542499,1728.32989
0.191094806,0.139866187,-0.00202554469,-0.000436587845,0.0699756941,-0.842302925,1703.39612
0.191219963,0.138779867,-0.00226226554,-0.00051082591,0.0675080371,-0.779440227,1704.7117
0.191353953,0.0378358195,0.0055345349,-0.000962152336,-0.0361811425,-3.78003017,1721.10405
0.191354119,0.137615437,-0.00251200844,-0.000592370803,0.0649256436,-0.719767811,1706.08874
0.191497921,0.136367278,-0.00277332983,-0.000681188396,0.0622271304,-0.664295533,1707.525
0.191518974,0.0900387783,-0.00374785187,-0.00230317653,-0.000484023966,-1.91282593,1728.52087
0.191644647,0.0349640862,0.00585739067,-0.00085679044,-0.0380169293,-3.8225431,1720.63491
0.191652064,0.13502937,-0.00304422335,-0.000777086158,0.059411477,-0.614161052,1709.0168
0.19181729,0.133595261,-0.0033220458,-0.000879678166,0.0564780727,-0.570600782,1710.55872
0.191915842,0.0322849924,0.00609353725,-0.000759928432,-0.0397328197,-3.85774301,1720.29906
0.191994396,0.132058033,-0.0036034466,-0.000988358138,0.0534267729,-0.534964828,1712.14325
0.192029434,0.0853696328,-0.00306077311,-0.00223508074,-0.00486900293,-2.13423236,1728.50595
0.192168844,0.0297856156,0.0062491232,-0.000671229891,-0.0413392753,-3.8877977,1720.09746
0.192184238,0.13041027,-0.00388430168,-0.00110227258,0.0502579678,-0.508732343,1713.76052
0.19238773,0.128644026,-0.00415966085,-0.00122027951,0.0469726844,-0.493468426,1715.39796
0.192404875,0.0274539002,0.00633076272,-0.000590554942,-0.0428449194,-3.9143811,1720.02445
0.192576599,0.0803647536,-0.0022302943,-0.00213358258,-0.00925781231,-2.36653448,1728.29283
0.192605854,0.12675078,-0.00442371516,-0.00134092328,0.0435726508,-0.490792039,1717.04007
0.192625072,0.0252785992,0.00634546962,-0.000517228044,-0.0442570077,-3.93883181,1720.06952
0.192830499,0.0232492201,0.00630056086,-0.000450885375,-0.0455817796,-3.96198445,1720.21899
0.192839662,0.124721401,-0.00466977919,-0.0014624224,0.040060372,-0.502343367,1718.66835
0.193022145,0.0213559743,0.00620326065,-0.000391417121,-0.0468247188,-3.98444647,1720.45755
0.193090282,0.1225461,-0.00489030854,-0.00158265386,0.0364392676,-0.529740775,1720.26134
0.193163107,0.075,-0.00125502117,-0.00199967094,-0.0136485462,-2.60659763,1727.88317
0.193200935,0.0195897299,0.00606058778,-0.000338209954,-0.0479907415,-4.00700951,1720.76947
0.193358923,0.120214384,-0.00507697004,-0.00169911699,0.0327137826,-0.574489266,1721.79496
0.193367732,0.0179419674,0.00587920645,-0.000290840353,-0.0490843325,-4.03001653,1721.13949
0.193523339,0.0164047389,0.00566531234,-0.000248837415,-0.0501096421,-4.05351501,1721.55345
0.19364688,0.117715008,-0.00522068901,-0.00180932644,0.0288894941,-0.637691056,1723.24313
0.193668509,0.0149706296,0.00542465374,-0.000211753085,-0.0510705536,-4.07752624,1721.99867
0.193749616,0.0696352464,-0.000216552166,-0.00184796934,-0.0177604229,-2.83393982,1727.30988
0.19380394,0.0136327222,0.00516250269,-0.000179160591,-0.0519707295,-4.10200595,1722.46407
0.193930286,0.0123845633,0.00488363856,-0.00015065052,-0.0528136426,-4.12685847,1722.94025
0.193955543,0.115035914,-0.00531159606,-0.00190980209,0.0249732051,-0.72087056,1724.57875
0.194048157,0.0112201325,0.00459234624,-0.000125832038,-0.0536025964,-4.15195975,1723.41939
0.194158121,0.0101338132,0.00429243268,-0.000104333609,-0.0543407391,-4.17717083,1723.89516
0.194260709,0.00912036556,0.00398724922,-8.58061066e-05,-0.0550310717,-4.20234531,1724.36252
0.1942864,0.112164181,-0.0053399327,-0.00199753224,0.0209730054,-0.825245291,1725.7751
0.194296781,0.0646303672,0.000785765508,-0.00169408644,-0.021385045,-3.03140729,1726.63356
0.194356414,0.00817490128,0.00367971544,-6.99273581e-05,-0.0556764542,-4.22733851,1724.81757
0.1944457,0.00729285993,0.00337234917,-5.64011128e-05,-0.0562796097,-4.25202139,1725.25743
0.194528996,0.00646998704,0.00306729857,-4.49546484e-05,-0.0568431277,-4.27627893,1725.68001
0.194606705,0.0057023135,0.00276637484,-3.53393807e-05,-0.0573694669,-4.30000889,1726.0839
0.194641047,0.109085956,-0.00529510665,-0.00206969867,0.0168982947,-0.94994666,1726.80759
0.194679201,0.00498613648,0.0024710847,-2.73303891e-05,-0.0578609579,-4.32312542,1726.46827
0.194746834,0.00431800152,0.00218266215,-2.07247892e-05,-0.0583198071,-4.34555848,1726.83273
0.194807241,0.0599612217,0.00172858542,-0.00154313414,-0.0246153847,-3.200964,1725.88213
0.19480993,0.00369468589,0.00190209863,-1.5340446e-05,-0.0587480993,-4.36725255,1727.17723
0.194868793,0.00311318307,0.00163017131,-1.10144586e-05,-0.0591478018,-4.38816583,1727.50201
0.194890909,0.15,0,0,0.0873367173,-1.37045575,1692.45605
0.194923708,0.0025706882,0.0013674695,-7.60213321e-06,-0.0595207684,-4.40826848,1727.80751
0.19493347,0.14964235,-7.40314974e-05,-1.30836558e-06,0.0864440309,-1.34861336,1692.95329
0.194974939,0.00206458457,0.00111441887,-4.97315072e-06,-0.0598687438,-4.42754352,1728.09432
0.194979091,0.149258983,-0.000154689212,-3.75938904e-06,0.0854904072,-1.30267996,1693.48574
0.195021196,0.105786393,-0.00516573258,-0.0021222071,0.0127597363,-1.09482113,1727.65552
0.195022733,0.00159243101,0.000871303632,-3.01906422e-06,-0.0601933677,-4.44593804,1728.36316
0.195027993,0.14884805,-0.000242572539,-8.5703323e-06,0.0844723946,-1.25449713,1694.05561
0.195067321,0.00115195011,0.000638286716,-1.6381735e-06,-0.0604961802,-4.46344089,1728.6148
0.195080411,0.148407569,-0.000338267993,-1.56471124e-05,0.0833862527,-1.2038064,1694.66518
0.195108918,0.000741017226,0.000415427829,-7.98885345e-07,-0.0607786253,-4.48006879,1728.85008
0.195136598,0.147935415,-0.000442383122,-2.54440345e-05,0.0822281398,-1.15120899,1695.31679
0.195147725,0.000357650242,0.000202699402,-1.46820269e-07,-0.061042057,-4.49684949,1729.06984
0.195183929,0,0,0,-0.0612877536,-4.50521821,1729.27493
0.195196825,0.147429312,-0.00055554036,-3.8292358e-05,0.0809941316,-1.09678452,1696.01282
0.195261382,0.146886817,-0.000678366856,-5.45795258e-05,0.0796802427,-1.04076078,1696.75564
0.195283459,0.0556052884,0.00259565535,-0.00139901899,-0.0275233802,-3.34490069,1725.08393
0.195330582,0.146305314,-0.000811481596,-7.46921499e-05,0.0782824527,-0.983320249,1697.54763
0.195404757,0.145681998,-0.000955479135,-9.90326157e-05,0.0767967347,-0.924690686,1698.3911
0.195428678,0.102249575,-0.00494168822,-0.00215223362,0.00856907292,-1.26030257,1728.30417
0.195484266,0.145013864,-0.00111090945,-0.000128008408,0.0752190889,-0.865141392,1699.28825
0.195569492,0.144297686,-0.00127825286,-0.000162026611,0.0735455785,-0.805004829,1700.24114
0.195660847,0.143530013,-0.00145788937,-0.00020148391,0.0717723684,-0.744682222,1701.25157
0.195727732,0.0515415566,0.00337622463,-0.00126322526,-0.0301645643,-3.46563021,1724.27075
0.19575877,0.14270714,-0.00165006288,-0.000246754107,0.0698957681,-0.684641295,1702.32103
0.195863734,0.141825099,-0.00185483985,-0.000298175286,0.0679122748,-0.625428682,1703.45059
0.195865461,0.0984584434,-0.00461293268,-0.00215703122,0.0043387992,-1.44478335,1728.74629
0.195976245,0.140879634,-0.00207206184,-0.000356034438,0.0658186205,-0.567673951,1704.64076
0.196096847,0.139866187,-0.00230129224,-0.000420549516,0.0636118189,-0.512097006,1705.89132
0.196142202,0.0477504251,0.00406389952,-0.0011365267,-0.0325818561,-3.56589076,1723.47712
0.19622612,0.138779867,-0.00254175715,-0.00049184904,0.061289216,-0.459524959,1707.20121
0.19633365,0.0943947116,-0.00416953868,-0.0021340959,8.1650679e-05,-1.6461669,1728.98272
0.196364689,0.137615437,-0.00279228187,-0.000569947168,0.0588485403,-0.410890951,1708.56823
0.196513222,0.136367278,-0.00305122605,-0.000654717767,0.0562879569,-0.367227509,1709.98889
0.196528869,0.0442136074,0.00465575997,-0.00101909522,-0.034808453,-3.64854768,1722.73731
0.196672435,0.13502937,-0.0033164171,-0.000745869236,0.0536061231,-0.329677282,1711.4581
0.196835504,0.0900387783,-0.00360276286,-0.00208194571,-0.00419020492,-1.8623375,1729.02158
0.196843096,0.133595261,-0.00358508253,-0.000842914757,0.0508022489,-0.299486048,1712.96892
0.196889598,0.040914044,0.00515166202,-0.000910793512,-0.0368700943,-3.71649707,1722.08179
0.197026028,0.132058033,-0.00385379025,-0.000945145505,0.0478761608,-0.277997843,1714.51227
0.197222114,0.13041027,-0.00411839674,-0.00105160265,0.0448283732,-0.266646118,1716.07669
0.197226129,0.0378358195,0.00555366274,-0.000811309444,-0.038786848,-3.77253303,1721.53449
0.197373444,0.0853696328,-0.0029053875,-0.00200006664,-0.00846633263,-2.09045954,1728.87558
0.1974323,0.128644026,-0.00437400637,-0.00116105315,0.0416601643,-0.26692336,1717.6481
0.197540085,0.0349640862,0.0058655324,-0.000720270545,-0.0405744914,-3.81924063,1721.11126
0.197657599,0.12675078,-0.00461495118,-0.00127194682,0.0383736578,-0.280365688,1719.20973
0.19783298,0.0322849924,0.00609233524,-0.000637268803,-0.042245575,-3.8590126,1720.81966
0.197899098,0.124721401,-0.00483479476,-0.00138246956,0.0349719096,-0.308422091,1720.74206
0.197950065,0.0803647536,-0.00207263641,-0.00188812026,-0.0127396258,-2.32757426,1728.55686
0.198106228,0.0297856156,0.00623999756,-0.000561709068,-0.0438102372,-3.89410437,1720.65971
0.198157962,0.1225461,-0.00502634602,-0.00149049129,0.0314590025,-0.35261665,1722.2231
0.198361145,0.0274539002,0.00631508464,-0.000493283441,-0.045276822,-3.9256676,1720.62518
0.198435439,0.120214384,-0.00518174932,-0.00159353388,0.0278401379,-0.414239454,1723.6288
0.198568147,0.075,-0.00110373561,-0.00174812623,-0.0170084717,-2.57085781,1728.06962
0.198598963,0.0252785992,0.00632479681,-0.000431096111,-0.0466523445,-3.95467724,1720.70528
0.198732868,0.117715008,-0.00529245776,-0.00168912953,0.0241217221,-0.494132162,1724.93382
0.198820827,0.0232492201,0.00627622515,-0.000375261238,-0.0479428368,-3.98258498,1720.8863
0.199027809,0.0213559743,0.00617624338,-0.000325557868,-0.0491536027,-4.00991107,1721.15305
0.199051684,0.115035914,-0.00534953402,-0.00177356659,0.0203114336,-0.593914881,1726.11265
0.199186229,0.0696352464,-7.92500408e-05,-0.00159568862,-0.0210010274,-2.80005962,1727.45112
0.199220906,0.0195897299,0.00603168796,-0.000281050122,-0.0502894025,-4.03721767,1721.49003
0.199393424,0.112164181,-0.0053439257,-0.00184489762,0.0164182559,-0.713582676,1727.14107
0.19940105,0.0179419674,0.0058490608,-0.000241538293,-0.0513545847,-4.06496015,1721.88227
0.199569109,0.0164047389,0.00563449215,-0.000206531378,-0.0523531795,-4.09304398,1722.31594
0.199725895,0.0149706296,0.00539365745,-0.000175661075,-0.0532889627,-4.12147456,1722.77864
0.199759738,0.109085956,-0.00526564555,-0.00189991988,0.0124524731,-0.852419546,1727.99784
0.199762849,0.0646303672,0.000904596924,-0.00144597376,-0.0245169992,-2.99852592,1726.75905
0.199854546,0.15,0,0,0.078761594,-0.963927921,1694.93803
0.199872163,0.0136327222,0.00513175585,-0.000148556555,-0.0541654999,-4.15020148,1723.25961
0.199897752,0.14964235,-9.32874206e-05,-1.20623864e-06,0.0779421023,-0.944143381,1695.4378
0.199944066,0.149258983,-0.000193478046,-3.48101174e-06,0.0770663911,-0.902536212,1695.97295
0.199993711,0.14884805,-0.000301065578,-7.93852437e-06,0.0761311128,-0.858938311,1696.54569
0.20000862,0.0123845633,0.00485350087,-0.000124859997,-0.0549861761,-4.17913248,1723.74969
0.200046924,0.148407569,-0.000416518667,-1.45058338e-05,0.0751326361,-0.813174205,1697.15827
0.200103964,0.147935415,-0.000540310305,-2.36048568e-05,0.0740671915,-0.765803343,1697.81298
0.200135923,0.0112201325,0.0045631239,-0.000104250349,-0.0557542142,-4.20813943,1724.2413
0.20015239,0.105786393,-0.00510474507,-0.00193455643,0.00842557446,-1.01120641,1728.66658
0.200165106,0.147429312,-0.000672911494,-3.5549744e-05,0.072930883,-0.716921761,1698.51214
0.200230643,0.146886817,-0.000814780822,-5.07061149e-05,0.0717197028,-0.666766677,1699.25803
0.200254686,0.0101338132,0.00426438166,-8.64152177e-05,-0.0564726874,-4.23707748,1724.72829
0.200300789,0.0599612217,0.00182676202,-0.0013031295,-0.0276484105,-3.16884336,1726.01365
0.200300894,0.146305314,-0.000966351716,-6.94396495e-05,0.070429551,-0.615540234,1700.05289
0.200365483,0.00912036556,0.00396057638,-7.10502108e-05,-0.0571445271,-4.26579789,1725.20581
0.200376195,0.145681998,-0.00112801658,-9.21302447e-05,0.0690562598,-0.563493917,1700.89888
0.200456912,0.145013864,-0.00130010761,-0.000119162603,0.0675956222,-0.510921565,1701.79797
0.200468847,0.00817490128,0.00365458567,-5.78875521e-05,-0.0577725283,-4.29415932,1725.6701
0.200543432,0.144297686,-0.00148287383,-0.000150919826,0.0660434263,-0.458176202,1702.75194
0.200565277,0.00729285993,0.00334889017,-4.66801934e-05,-0.0583593525,-4.32203856,1726.11837
0.200573276,0.102249575,-0.00485218624,-0.00194713452,0.00435003654,-1.18882801,1729.13756
0.200636173,0.143530013,-0.00167645325,-0.000187771912,0.0643954954,-0.405687194,1703.76222
0.200655239,0.00646998704,0.00304560486,-3.71998504e-05,-0.0589075309,-4.34932914,1726.54866
0.200735583,0.14270714,-0.00188083992,-0.0002300636,0.0626477333,-0.353955788,1704.82986
0.200739166,0.0057023135,0.00274651317,-2.92380318e-05,-0.0594194672,-4.37593173,1726.95964
0.200802644,0.0556052884,0.00267268664,-0.00117010709,-0.0304661806,-3.31369727,1725.2375
0.200817462,0.00498613648,0.00245309879,-2.26079153e-05,-0.0598974397,-4.40176281,1727.35054
0.20084214,0.141825099,-0.00209584629,-0.000278100045,0.0607961747,-0.303558736,1705.95536
0.200890507,0.00431800152,0.00216657595,-1.7141188e-05,-0.0603436048,-4.42676048,1727.72102
0.20095636,0.140879634,-0.00232106033,-0.000332130925,0.0588370421,-0.255158321,1707.13858
0.200958652,0.00369468589,0.00188791908,-1.26861598e-05,-0.06076,-4.45087539,1728.0711
0.201022226,0.00311318307,0.00161789089,-9.10749303e-06,-0.0611485476,-4.47407135,1728.40106
0.201024426,0.0984584434,-0.00449886826,-0.00193482253,0.000238983092,-1.38331618,1729.40896
0.201078793,0.139866187,-0.00255579795,-0.000392332571,0.0567668069,-0.209504961,1708.37853
0.201081534,0.0025706882,0.00135706839,-6.28520546e-06,-0.0615110585,-4.49632467,1728.71137
0.201136865,0.00206458457,0.00110586701,-4.11098507e-06,-0.0618492365,-4.51762398,1729.00266
0.201188484,0.00159243101,0.000864562554,-2.49595564e-06,-0.0621646828,-4.53792008,1729.27566
0.201210029,0.138779867,-0.00279905126,-0.000458785578,0.0545822553,-0.167449407,1709.67321
0.20123664,0.00115195011,0.000633311132,-1.35728692e-06,-0.0624589004,-4.55720577,1729.53119
0.201270833,0.0515415566,0.00343279345,-0.00104753192,-0.0330249016,-3.43571829,1724.45813
0.201281566,0.000741017226,0.000412167036,-6.74990014e-07,-0.0627332988,-4.57553517,1729.77008
0.201323478,0.000357650242,0.00020109853,-9.6019093e-08,-0.0629891985,-4.59383457,1729.99322
0.201350702,0.137615437,-0.00304943225,-0.000531449058,0.052280559,-0.12994971,1711.01941
0.201362578,0,0,0,-0.0632278496,-4.60285886,1730.20147
0.20150149,0.136367278,-0.00330511387,-0.000610136611,0.0498593497,-0.0980590271,1712.4125
0.201508016,0.0943947116,-0.00403609569,-0.00189610743,-0.00389437485,-1.59293047,1729.48711
0.20166312,0.13502937,-0.00356377118,-0.000694490499,0.0473167965,-0.0729207437,1713.84615
0.201707615,0.0477504251,0.00410145062,-0.00093545076,-0.0353666213,-3.53776717,1723.70669
0.201836372,0.133595261,-0.0038225262,-0.000783956871,0.044651688,-0.0557712526,1715.31212
0.202022082,0.132058033,-0.00407789929,-0.000877751329,0.0418635156,-0.0479365439,1716.80005
0.202026378,0.0900387783,-0.00345619002,-0.00183001405,-0.00803757718,-1.81536075,1729.3853
0.202115098,0.0442136074,0.00467618009,-0.000833421724,-0.0375237338,-3.6227543,1723.0145
0.202221145,0.13041027,-0.00432576915,-0.00097485208,0.0389525612,-0.05077303,1718.2972
0.202434522,0.128644026,-0.00456134123,-0.00107398266,0.0359199858,-0.0657152983,1719.78839
0.202495246,0.040914044,0.00515704297,-0.000740807041,-0.0395212795,-3.69356784,1722.4095
0.202582013,0.0853696328,-0.00275290601,-0.00173689128,-0.0121800802,-2.0478074,1729.1208
0.202663242,0.12675078,-0.00477913311,-0.00117353696,0.0327679203,-0.0942213597,1721.25595
0.202849894,0.0378358195,0.00554613381,-0.000656890505,-0.0413787237,-3.75296044,1721.91343
0.202908407,0.124721401,-0.00497299122,-0.00127168623,0.0294995559,-0.13758748,1722.67981
0.203171201,0.1225461,-0.0051361299,-0.00136625115,0.0261192322,-0.197273909,1724.03788
0.203177601,0.0803647536,-0.00192228279,-0.00161732772,-0.0163148488,-2.28748217,1728.70888
0.203180751,0.0349640862,0.00584714732,-0.000580999411,-0.0431113263,-3.80345547,1721.54037
0.203452892,0.120214384,-0.00526123521,-0.00145501672,0.0226325183,-0.274254624,1725.30657
0.203489414,0.0322849924,0.00606499325,-0.000512374449,-0.0447311964,-3.84742741,1721.29654
0.203754837,0.117715008,-0.0053403774,-0.00153484448,0.019046282,-0.369552852,1726.46169
0.203777371,0.0297856156,0.00620544974,-0.000450462538,-0.0462480966,-3.88664126,1721.18104
0.203816014,0.075,-0.000964059066,-0.00147432868,-0.0204405139,-2.53188653,1728.15576
0.204046012,0.0274539002,0.00627509078,-0.000394735361,-0.0476700516,-3.92203129,1721.18712
0.204078493,0.115035914,-0.0053653817,-0.00160310898,0.0153687308,-0.483637412,1727.47966
0.204296632,0.0252785992,0.0062808115,-0.000344631323,-0.0490038043,-3.95553514,1721.3038
0.204425422,0.112164181,-0.00532773238,-0.00165780538,0.011609423,-0.616392612,1728.33899
0.204454427,0.0696352464,4.26223296e-05,-0.00132418802,-0.0242953129,-2.76112523,1727.50244
0.20453044,0.0232492201,0.00622936818,-0.000299898367,-0.050255154,-3.98859089,1721.5174
0.204748564,0.0213559743,0.0061275751,-0.000259902018,-0.0514292026,-4.02093581,1721.81294
0.204797297,0.109085956,-0.00521846606,-0.00169523565,0.00777922752,-0.768008624,1729.02197
0.204818182,0.15,0,0,0.0701870508,-0.582871156,1697.41985
0.204861364,0.14964235,-0.000110177554,-1.08598851e-06,0.0694248398,-0.565223916,1697.92097
0.204907651,0.149258983,-0.000227540702,-3.13906905e-06,0.0686102064,-0.528141018,1698.45752
0.204952056,0.0195897299,0.00598211283,-0.000224195162,-0.052530534,-4.05293111,1722.17523
0.204957267,0.14884805,-0.000352490117,-7.15956644e-06,0.0677399594,-0.48935822,1699.03164
0.20501045,0.148407569,-0.000485391289,-1.30883325e-05,0.0668106414,-0.448747403,1699.64553
0.205050015,0.0646303672,0.00100491148,-0.00118139458,-0.0276875084,-2.9591093,1726.8031
0.205067457,0.147935415,-0.00062659765,-2.13085051e-05,0.0658186458,-0.40683354,1700.30139
0.205128563,0.147429312,-0.00077644335,-3.21076279e-05,0.0647602245,-0.363733091,1701.00143
0.205141897,0.0179419674,0.00579932384,-0.000192568761,-0.053563342,-4.08511568,1722.58966
0.205194063,0.146886817,-0.000935232324,-4.58195387e-05,0.0636314973,-0.319686107,1701.74779
0.205195911,0.105786393,-0.00502916559,-0.00171278986,0.00389018664,-0.937956517,1729.51647
0.205264273,0.146305314,-0.00110322558,-6.27796559e-05,0.0624284667,-0.274903554,1702.54254
0.205319004,0.0164047389,0.00558521888,-0.000164602972,-0.0545315193,-4.11752953,1723.04275
0.205339531,0.145681998,-0.0012806258,-8.3337276e-05,0.0611470366,-0.229651519,1703.38759
0.205420201,0.145013864,-0.00146755873,-0.00010784477,0.0597830352,-0.18425487,1704.28465
0.20548423,0.0149706296,0.00534537394,-0.000139975657,-0.0554387184,-4.15016184,1723.5225
0.205506671,0.144297686,-0.00166405132,-0.000136649891,0.058332245,-0.139094024,1705.23514
0.205599359,0.143530013,-0.00187000641,-0.000170086011,0.056790438,-0.0946105653,1706.24008
0.205605649,0.0599612217,0.00190397894,-0.00104911964,-0.0307072671,-3.12897646,1726.07094
0.205623187,0.102249575,-0.00475157703,-0.00170847992,-4.47240593e-05,-1.12499368,1729.81758
0.205638372,0.0136327222,0.00508489873,-0.000118371154,-0.0562883932,-4.18294275,1724.01845
0.205698712,0.14270714,-0.00208517328,-0.000208461455,0.0551534172,-0.0513234079,1707.30003
0.205782175,0.0123845633,0.00480842626,-9.94905657e-05,-0.0570838264,-4.21576528,1724.52175
0.205805208,0.141825099,-0.00230911383,-0.000252044487,0.0534170667,-0.00982982551,1708.41491
0.205916331,0.0112201325,0.00452011699,-8.30731578e-05,-0.0578281466,-4.24849245,1725.02508
0.205919362,0.140879634,-0.00254116486,-0.000301046181,0.0515774071,0.0291859444,1709.58388
0.206041488,0.0101338132,0.00422366695,-6.88675865e-05,-0.0585243393,-4.28097162,1725.52251
0.206041724,0.139866187,-0.00278039629,-0.000355600976,0.0496306603,0.0649486214,1710.80519
0.206081187,0.0984584434,-0.00437747029,-0.00168025022,-0.00401197568,-1.32725702,1729.92854
0.206124012,0.0556052884,0.00272687996,-0.000929356775,-0.0334238999,-3.27375001,1725.32335
0.206158249,0.00912036556,0.003922326,-5.66304555e-05,-0.0591752541,-4.31305432,1726.00937
0.206172885,0.138779867,-0.00302556582,-0.00041574571,0.0475733203,0.0965991201,1712.07596
0.206267177,0.00817490128,0.00361892557,-4.61441766e-05,-0.0597836087,-4.34460908,1726.48206
0.206313477,0.137615437,-0.00327507159,-0.000481396293,0.0454022322,0.123181484,1713.39204
0.206368799,0.00729285993,0.00331590837,-3.72119993e-05,-0.0603519923,-4.37551885,1726.93793
0.206463603,0.00646998704,0.00301535847,-2.96586128e-05,-0.0608828675,-4.40567955,1727.37511
0.206464178,0.136367278,-0.00352690355,-0.000552320283,0.0431146771,0.143641751,1714.74772
0.206552048,0.0057023135,0.00271903109,-2.33154298e-05,-0.0613785729,-4.43499412,1727.79238
0.206572119,0.0943947116,-0.0038993087,-0.00162712177,-0.00799808262,-1.54282367,1729.86048
0.206607601,0.0515415566,0.00346514114,-0.000821892461,-0.0358906337,-3.39623896,1724.58385
0.206625715,0.13502937,-0.00377859552,-0.000628120643,0.040708464,0.156854847,1716.1356
0.20663456,0.00498613648,0.00242838491,-1.80312645e-05,-0.0618413253,-4.46338286,1728.18904
0.206711537,0.00431800152,0.00214461316,-1.36736654e-05,-0.0622732226,-4.49079227,1728.56481
0.20678335,0.00369468589,0.00186867217,-1.01217013e-05,-0.0626762468,-4.51718252,1728.91976
0.206798867,0.133595261,-0.00402717924,-0.00070820708,0.0381820264,0.161589163,1717.54635
0.206850346,0.00311318307,0.00160131009,-7.26755789e-06,-0.0630522674,-4.5425212,1729.25422
0.206912848,0.0025706882,0.00134309281,-5.01630907e-06,-0.0634030454,-4.56679039,1729.56869
0.206971157,0.00206458457,0.00109442688,-3.28150526e-06,-0.0637302373,-4.58998588,1729.86384
0.20698447,0.132058033,-0.0042691442,-0.000791747347,0.0355345233,0.156543938,1718.96849
0.207025554,0.00159243101,0.000855581125,-1.99338274e-06,-0.0640353993,-4.61206091,1730.14043
0.207058751,0.0477504251,0.00411383013,-0.000726069576,-0.038148311,-3.49939735,1723.88024
0.207076303,0.00115195011,0.000626706414,-1.08848619e-06,-0.0643199919,-4.63300907,1730.39929
0.207098352,0.0900387783,-0.0033104089,-0.00154880805,-0.0119904498,-1.76933308,1729.63125
0.207123647,0.000741017226,0.000407853176,-5.57946188e-07,-0.0645853843,-4.65293051,1730.64129
0.207167815,0.000357650242,0.000198987144,-4.91439874e-08,-0.0648328591,-4.6726537,1730.86733
0.207183419,0.13041027,-0.0045004107,-0.000877680274,0.0327659427,0.140432098,1720.38833
0.207209021,0,0,0,-0.0650636326,-4.68229506,1731.07828
0.207396673,0.128644026,-0.00471631357,-0.000964701988,0.0298772069,0.111893507,1721.78986
0.207479638,0.0442136074,0.00467085727,-0.000640857664,-0.0402283106,-3.58615523,1723.24088
0.207625261,0.12675078,-0.00491159701,-0.0010512148,0.0268702762,0.0695875493,1723.15484
0.207662423,0.0853696328,-0.00260541642,-0.00144647966,-0.0159785418,-2.00405912,1729.26153
0.207870285,0.124721401,-0.00508043294,-0.00113536324,0.0237482492,0.0122492527,1724.46298
0.20787229,0.040914044,0.00513644473,-0.000565141606,-0.0421548188,-3.65937184,1722.69105
0.208132928,0.1225461,-0.0052165115,-0.00121497615,0.0205154558,-0.0613914063,1725.6924
0.208238603,0.0378358195,0.00551269174,-0.000497830813,-0.0439465839,-3.72173635,1722.25023
0.208267053,0.0803647536,-0.00178108463,-0.00132164026,-0.019955457,-2.24440207,1728.76877
0.208414456,0.120214384,-0.00531300418,-0.00128779323,0.0171775373,-0.152016399,1726.82032
0.208580344,0.0349640862,0.00580320106,-0.000437942068,-0.0456182667,-3.77569382,1721.93069
0.208716227,0.117715008,-0.00536252423,-0.0013508186,0.0137415059,-0.259982717,1727.82396
0.208899159,0.0322849924,0.00601272081,-0.000384527537,-0.0471814754,-3.82343727,1721.73732
0.208915159,0.075,-0.000837554253,-0.00117823966,-0.023920061,-2.48819085,1728.16111
0.209039698,0.115035914,-0.00535755752,-0.0014024389,0.0102157733,-0.386133279,1728.68191
0.209196589,0.0297856156,0.00614686542,-0.000336979708,-0.0486455524,-3.86656812,1721.66834
0.209386427,0.112164181,-0.00529049239,-0.00143976841,0.00661014659,-0.530500641,1729.37553
0.209474066,0.0274539002,0.00621196712,-0.000294578986,-0.050018169,-3.90654962,1721.71654
0.209563265,0.0696352464,0.000147814325,-0.00103301973,-0.0276216563,-2.71598781,1727.48242
0.20973293,0.0252785992,0.00621450783,-0.000256765715,-0.0513057683,-3.94482066,1721.87078
0.209758087,0.109085956,-0.00515358915,-0.00145930593,0.00293575409,-0.692619586,1729.89069
0.209781818,0.15,0,0,0.0616130564,-0.2212392,1699.9015
0.209824341,0.14964235,-0.00012477329,-9.60206457e-07,0.0608993273,-0.205738887,1700.40102
0.20986992,0.149258983,-0.000256971691,-2.77857466e-06,0.0601364366,-0.173207541,1700.93577
0.209918778,0.14884805,-0.000396912898,-6.33762761e-06,0.0593213559,-0.139282712,1701.50784
0.209971148,0.148407569,-0.000544871089,-1.15870961e-05,0.0584508101,-0.103884192,1702.11932
0.209974429,0.0232492201,0.00616107076,-0.000223128152,-0.0525138919,-3.98215451,1722.11752
0.210027284,0.147935415,-0.000701093624,-1.88653049e-05,0.0575213748,-0.0675006381,1702.77233
0.210087457,0.147429312,-0.000865792923,-2.84264733e-05,0.0565294818,-0.0302652968,1703.46892
0.210151956,0.146886817,-0.00103913483,-4.05652493e-05,0.0554714259,0.00757246388,1704.21109
0.210156472,0.105786393,-0.00493933651,-0.00145969366,-0.00079511853,-0.871657396,1730.21945
0.210167896,0.0646303672,0.00108576392,-0.000899571321,-0.0308773895,-2.91231408,1726.78315
0.210199728,0.0213559743,0.00605841994,-0.000193163778,-0.0536474195,-4.01883097,1722.44205
0.210221093,0.146305314,-0.00122122553,-5.55766044e-05,0.0543433765,0.0457824267,1705.0007
0.210295201,0.145681998,-0.00141209625,-7.37663618e-05,0.0531413924,0.0840838972,1705.83941
0.210374638,0.145013864,-0.00161168547,-9.54416235e-05,0.0518614413,0.122143729,1706.72863
0.210409913,0.0195897299,0.00591307407,-0.000166589094,-0.0547107412,-4.0552161,1722.82954
0.210459787,0.144297686,-0.00181981798,-0.000120904117,0.0504994255,0.159568601,1707.66943
0.210551058,0.143530013,-0.00203618129,-0.000150440427,0.0490512124,0.195901141,1708.6624
0.210583502,0.102249575,-0.0046403202,-0.00143870864,-0.00456928996,-1.06595804,1730.36139
0.210606,0.0179419674,0.00573123073,-0.000143084694,-0.0557078793,-4.09167557,1723.26583
0.210648893,0.14270714,-0.00226029895,-0.000184310744,0.0475126726,0.230611469,1709.70762
0.210731967,0.0599612217,0.00195958656,-0.000780063695,-0.0337748374,-3.08078803,1726.07026
0.210753762,0.141825099,-0.0024915003,-0.000222735431,0.0458797254,0.263091605,1710.80442
0.210788932,0.0164047389,0.0055187468,-0.000122342402,-0.0566425736,-4.12827189,1723.73785
0.210866171,0.140879634,-0.00272888748,-0.000265877444,0.0441483918,0.292648484,1711.95133
0.210959593,0.0149706296,0.00528106697,-0.000104087217,-0.0575183387,-4.16495266,1724.234
0.210986664,0.139866187,-0.00297129997,-0.0003138226,0.0423148564,0.318505734,1713.14585
0.211041239,0.0984584434,-0.00424938182,-0.00139514714,-0.00837310025,-1.27389297,1730.32423
0.21111582,0.138779867,-0.00321727634,-0.000366563743,0.0403755379,0.339806437,1714.38431
0.211118806,0.0136327222,0.00502319158,-8.80776947e-05,-0.058338503,-4.20163097,1724.74419
0.211254264,0.137615437,-0.00346501494,-0.000423975865,0.0383271687,0.355591391,1715.66167
0.211258199,0.0556052884,0.00275786554,-0.000675524907,-0.0363812161,-3.22472076,1725.35652
0.211267338,0.0123845633,0.00474965971,-7.40902014e-05,-0.0591062334,-4.23818554,1725.25991
0.211402662,0.136367278,-0.00371233487,-0.000485784185,0.0361668827,0.364819513,1716.97132
0.211405907,0.0112201325,0.00446454677,-6.19192545e-05,-0.0598245517,-4.27447411,1725.7741
0.211531888,0.0943947116,-0.00375996404,-0.00132849912,-0.0121930233,-1.49337077,1730.12362
0.211535181,0.0101338132,0.00417147867,-5.13759763e-05,-0.0604963438,-4.31034653,1726.28108
0.21156173,0.13502937,-0.00395663937,-0.000551554369,0.0338923118,0.366394444,1718.30491
0.211655782,0.00912036556,0.00387365006,-4.22872772e-05,-0.0611243661,-4.3456583,1726.77638
0.211732237,0.133595261,-0.00419488149,-0.000620665019,0.0315016896,0.359119957,1719.65215
0.211749131,0.0515415566,0.00347315643,-0.000584913644,-0.0387479946,-3.34706481,1724.66178
0.211768294,0.00817490128,0.00357384447,-3.44899009e-05,-0.0617112486,-4.38027897,1727.25658
0.211873258,0.00729285993,0.00327446358,-2.78390109e-05,-0.0622594979,-4.41409191,1727.71916
0.211915004,0.132058033,-0.00442353483,-0.000692266011,0.028993961,0.341752027,1721.0007
0.211971181,0.00646998704,0.00297755712,-2.2208145e-05,-0.0627714984,-4.44699157,1728.16238
0.212057817,0.0900387783,-0.00316629169,-0.0012392099,-0.0160165246,-1.72205548,1729.78095
0.212062535,0.0057023135,0.00268485203,-1.74749104e-05,-0.0632495151,-4.47888689,1728.58509
0.212110912,0.13041027,-0.00463857432,-0.000765277772,0.0263688958,0.313047201,1722.33611
0.212147762,0.00498613648,0.00239778327,-1.35263235e-05,-0.0636956947,-4.50970924,1728.98669
0.212207131,0.0477504251,0.00410116057,-0.000506885152,-0.0409145519,-3.45083994,1724.0105
0.212227271,0.00431800152,0.00211752503,-1.02630076e-05,-0.0641120691,-4.53941301,1729.36697
0.212301446,0.00369468589,0.00184501958,-7.60156324e-06,-0.0645005575,-4.56796526,1729.72605
0.212320907,0.128644026,-0.00483547277,-0.000838381781,0.0236272047,0.271747392,1723.64178
0.212370646,0.00311318307,0.00158100321,-5.46294885e-06,-0.0648629702,-4.59533694,1730.06429
0.212435203,0.0025706882,0.00132603147,-3.77364208e-06,-0.065201012,-4.62151436,1730.38225
0.21249543,0.00206458457,0.00108050317,-2.4701679e-06,-0.0655162863,-4.64650069,1730.68062
0.212546002,0.12675078,-0.00500921306,-0.000910011589,0.0207706536,0.21662391,1724.89913
0.212551617,0.00159243101,0.000844681078,-1.50206514e-06,-0.065810299,-4.67025174,1730.96019
0.212604035,0.00115195011,0.000618712006,-8.27425034e-07,-0.0660844632,-4.69275582,1731.22182
0.212621563,0.0853696328,-0.00246380747,-0.00112925145,-0.0198332308,-1.95731651,1729.3191
0.212634407,0.0442136074,0.00464012019,-0.000439840061,-0.0429110662,-3.53897189,1723.42805
0.212652937,0.000741017226,0.000402644476,-4.46879576e-07,-0.0663401033,-4.71418626,1731.46639
0.212698558,0.000357650242,0.000196443541,-5.51034504e-09,-0.0665784599,-4.73526022,1731.69481
0.212741119,0,0,0,-0.0668007113,-4.74547652,1731.90799
0.212787282,0.124721401,-0.00515433376,-0.000978278253,0.0178021731,0.146466391,1726.08793
0.213033021,0.040914044,0.00509036888,-0.000382205824,-0.0447607382,-3.61426917,1722.93699
0.213045912,0.1225461,-0.00526496132,-0.00104120742,0.0147259577,0.0605483034,1727.18676
0.213225846,0.0803647536,-0.00164987382,-0.00100103051,-0.0236364665,-2.19676071,1728.75745
0.213323138,0.120214384,-0.00533458098,-0.00109636654,0.0115475488,-0.0415395404,1728.17384
0.213404896,0.0378358195,0.00545396377,-0.00033255059,-0.0464815069,-3.67933399,1722.55446
0.213620298,0.117715008,-0.0053564765,-0.00114181896,0.00827389142,-0.16091263,1729.02805
0.213751825,0.0349640862,0.0057343631,-0.000289587238,-0.0480873675,-3.73656473,1722.2909
0.213873579,0.075,-0.000724923497,-0.000859409286,-0.0274253777,-2.43854249,1728.1057
0.213938825,0.115035914,-0.00532429184,-0.00117539199,0.00491336215,-0.298230589,1729.73021
0.214075481,0.0322849924,0.00593611036,-0.000252242846,-0.0495893788,-3.78799646,1722.14987
0.214280255,0.112164181,-0.00523121312,-0.00119373492,0.00147574828,-0.452498117,1730.26465
0.214377427,0.0297856156,0.00606462516,-0.00021964928,-0.0509964271,-3.83504326,1722.12875
0.214521312,0.0696352464,0.000235802725,-0.000721368477,-0.0309611014,-2.66375168,1727.4098
0.214646237,0.109085956,-0.00507027521,-0.00119495337,-0.00202784634,-0.622966113,1730.62078
0.214659117,0.0274539002,0.00612588087,-0.000191138649,-0.052315801,-3.87921389,1722.21992
0.214745454,0.15,0,0,0.0530395813,0.12136233,1702.38301
0.214786716,0.14964235,-0.000136897755,-8.29793933e-07,0.0523691514,0.134694939,1702.87724
0.214830945,0.149258983,-0.00028140696,-2.40053367e-06,0.051652501,0.162623406,1703.40625
0.214878353,0.14884805,-0.000433771448,-5.47297673e-06,0.0508867635,0.191630668,1703.97203
0.214921911,0.0252785992,0.00612614329,-0.000166158771,-0.0535536201,-3.92176382,1722.41218
0.214929171,0.148407569,-0.000594185123,-1.00021286e-05,0.0500688446,0.221759137,1704.57658
0.214983643,0.147935415,-0.000762801995,-1.62777332e-05,0.0491955055,0.252558147,1705.22189
0.215038534,0.105786393,-0.00483485731,-0.00117751089,-0.00558517487,-0.808891521,1730.79465
0.215042031,0.147429312,-0.000939727249,-2.45160944e-05,0.0482633669,0.283878945,1705.90989
0.215104618,0.146886817,-0.001125005,-3.49672289e-05,0.0472689155,0.315467593,1706.64238
0.215125594,0.0646303672,0.00114682694,-0.000599393153,-0.0340699423,-2.85753813,1726.71663
0.215167077,0.0232492201,0.00607189342,-0.000144131184,-0.0547151492,-3.96333474,1722.69214
0.215171705,0.146305314,-0.00131860475,-4.7879908e-05,0.0462085125,0.34708118,1707.42102
0.215243616,0.145681998,-0.001520406,-6.35103014e-05,0.045078407,0.378427235,1708.24722
0.215320698,0.145013864,-0.0017301807,-8.21131727e-05,0.0438747535,0.409161962,1709.1221
0.215395796,0.0213559743,0.005969621,-0.000124702039,-0.0558050292,-4.00438996,1723.04546
0.215403322,0.144297686,-0.00194757338,-0.000103936235,0.0425936336,0.438883321,1710.04637
0.215459039,0.102249575,-0.00451841188,-0.00113974005,-0.00918313251,-1.00862725,1730.79
0.215491888,0.143530013,-0.00217207895,-0.000129208942,0.0412310844,0.467117753,1711.02024
0.215586822,0.14270714,-0.00240301861,-0.00015813109,0.0397831327,0.493330755,1712.0433
0.215609173,0.0195897299,0.00582562589,-0.000107573051,-0.0568274405,-4.04516508,1723.45774
0.215688582,0.141825099,-0.0026395136,-0.000190865695,0.0382458373,0.516919842,1713.11436
0.21568934,0.0599612217,0.00199345515,-0.000494617575,-0.0368363367,-3.02393285,1726.02782
0.215797658,0.140879634,-0.00288045624,-0.000227519377,0.0366153379,0.537183888,1714.23137
0.215808236,0.0179419674,0.00564593553,-9.24552169e-05,-0.0577862196,-4.08586299,1723.91528
0.21590978,0.0984584434,-0.00411481019,-0.00108094924,-0.0128081924,-1.22040543,1730.61853
0.215914578,0.139866187,-0.00312447955,-0.000268119683,0.0348879143,0.553348114,1715.39115
0.215993946,0.0164047389,0.00543625347,-7.91490358e-05,-0.0586849394,-4.12656408,1724.40549
0.216039906,0.138779867,-0.00336992662,-0.000312604108,0.033060053,0.564567585,1716.58934
0.216167198,0.0149706296,0.00520189505,-6.74464982e-05,-0.0595269636,-4.16720089,1724.9172
0.216174244,0.137615437,-0.00361481962,-0.000360798199,0.0311285248,0.569902306,1717.82011
0.21621527,0.0556052884,0.00276570121,-0.000407090209,-0.0393249777,-3.16648859,1725.3521
0.216318243,0.136367278,-0.00385682914,-0.000412386637,0.0290904712,0.568335042,1719.07608
0.216328828,0.0136327222,0.00494774581,-5.71813032e-05,-0.0603154824,-4.20767544,1725.44072
0.216392932,0.0943947116,-0.00361840567,-0.00100124248,-0.0164470286,-1.442083,1730.29958
0.216472595,0.13502937,-0.0040932459,-0.000466894005,0.0269434997,0.558786932,1720.34808
0.216479616,0.0123845633,0.00467824678,-4.82030117e-05,-0.0610535354,-4.24785836,1725.96788
0.216620289,0.0112201325,0.00439739173,-4.03772165e-05,-0.061744026,-4.28760486,1726.49194
0.216638046,0.133595261,-0.00432095893,-0.000523663865,0.0246857884,0.540120633,1721.62508
0.216705919,0.0515415566,0.00345706629,-0.000334947377,-0.0415852518,-3.28827082,1724.70584
0.216751525,0.0101338132,0.00410873546,-3.3582574e-05,-0.0623897298,-4.32676661,1727.00748
0.216815394,0.132058033,-0.00453644065,-0.000581836963,0.0223161973,0.511164219,1722.89403
0.216873958,0.00912036556,0.00381541038,-2.77092586e-05,-0.0629932999,-4.36520105,1727.51022
0.216910824,0.0900387783,-0.00302425751,-0.000901785949,-0.0200873755,-1.67137996,1729.85715
0.216988178,0.00817490128,0.00352014869,-2.26575399e-05,-0.063557269,-4.40277761,1727.99694
0.217005494,0.13041027,-0.0047357386,-0.000640336995,0.0198343855,0.470735456,1724.13991
0.217094735,0.00729285993,0.00322530785,-1.83368445e-05,-0.0640840521,-4.43938108,1728.46527
0.217163655,0.0477504251,0.00406381509,-0.000276168559,-0.043654866,-3.39234087,1724.1103
0.217194145,0.00646998704,0.00293289992,-1.46649626e-05,-0.0645759474,-4.47491231,1728.91357
0.217209263,0.128644026,-0.00491447849,-0.000697863011,0.0172409306,0.417663965,1725.34573
0.217286886,0.0057023135,0.00264462281,-1.15676618e-05,-0.0650351379,-4.50929012,1729.34082
0.217373407,0.00498613648,0.00236188922,-8.97561689e-06,-0.0654636936,-4.54245413,1729.74649
0.217427685,0.12675078,-0.00506789173,-0.000752854313,0.0145374478,0.350799399,1726.49283
0.217454123,0.00431800152,0.00208585533,-6.82524713e-06,-0.0658635732,-4.57436221,1730.13044
0.217465956,0.0853696328,-0.0023285144,-0.000785351747,-0.0237191808,-1.90578169,1729.31584
0.217529424,0.00369468589,0.00181744936,-5.06631598e-06,-0.0662366272,-4.60498328,1730.49283
0.217590685,0.0442136074,0.00458446285,-0.000228600516,-0.0455626485,-3.48160125,1723.58777
0.217599675,0.00311318307,0.00155739722,-3.64977243e-06,-0.0665846008,-4.63429552,1730.83409
0.217661811,0.124721401,-0.00519085103,-0.000803529163,0.0117267039,0.269248339,1727.56117
0.217665213,0.0025706882,0.00130624693,-2.5274037e-06,-0.0669091373,-4.66229456,1731.15481
0.217726354,0.00206458457,0.00106439225,-1.65580531e-06,-0.0672117821,-4.68899037,1731.45572
0.217783394,0.00159243101,0.00083209383,-1.00715957e-06,-0.0674939866,-4.7143431,1731.73762
0.217836608,0.00115195011,0.000609497575,-5.68428134e-07,-0.0677571122,-4.73830753,1732.0014
0.217886252,0.000741017226,0.000396651548,-3.40687286e-07,-0.0680024349,-4.76121379,1732.24797
0.217912773,0.1225461,-0.00527775918,-0.000848069447,0.00881272021,0.172716742,1728.53003
0.217932566,0.000357650242,0.000193521645,3.85214219e-08,-0.0682311494,-4.78358141,1732.47824
0.217975773,0,0,0,-0.0684443926,-4.79429798,1732.69314
0.21798907,0.040914044,0.00501940473,-0.000190231162,-0.0473307092,-3.55879411,1723.15803
0.218061004,0.0803647536,-0.00152904652,-0.000655240119,-0.0273361067,-2.14311315,1728.6965
0.21818178,0.120214384,-0.00532271863,-0.000884359668,0.00580085676,0.0600285601,1729.37879
0.218360731,0.0378358195,0.00537061345,-0.00015928729,-0.0489761042,-3.62642742,1722.83587
0.218470129,0.117715008,-0.00532015563,-0.000910492139,0.00269787225,-0.0701916677,1730.08807
0.218698839,0.075,-0.000626472225,-0.000517201732,-0.0309376218,-2.38184823,1728.00979
0.21870746,0.0349640862,0.00564135417,-0.000134199599,-0.0505121105,-3.68678896,1722.62988
0.218779212,0.115035914,-0.00526426166,-0.000923864034,-0.000488051811,-0.216567892,1730.64107
0.21903093,0.0322849924,0.00583592898,-0.00011380666,-0.0519491989,-3.74169485,1722.5423
0.21911052,0.112164181,-0.00514869111,-0.000922166268,-0.00374734238,-0.378242385,1731.02501
0.219332701,0.0297856156,0.00595956271,-9.70380382e-05,-0.0532957705,-3.79263783,1722.56971
0.219336674,0.0696352464,0.000306410517,-0.000388273644,-0.0342972963,-2.60364567,1727.30344
0.219465651,0.109085956,-0.00496743983,-0.000904136714,-0.00706913392,-0.555388635,1731.23278
0.219614229,0.0274539002,0.00601793836,-8.31185793e-05,-0.0545587091,-3.84107159,1722.70411
0.219709091,0.15,0,0,0.0444665975,0.450610919,1704.86437
0.219748523,0.14964235,-0.000146638235,-6.96729228e-07,0.0438364001,0.461778231,1705.34941
0.219790791,0.149258983,-0.000301000186,-2.01346779e-06,0.0431627347,0.485107645,1705.8685
0.219836098,0.14884805,-0.00046326294,-4.58748894e-06,0.0424428956,0.509199805,1706.42352
0.219846317,0.105786393,-0.00471478173,-0.000868050131,-0.0104414502,-0.746591838,1731.26415
0.219876872,0.0252785992,0.00601701077,-7.15088597e-05,-0.0557437914,-3.88790034,1722.93429
0.219884663,0.148407569,-0.000633548787,-8.37651464e-06,0.0416739665,0.534060558,1707.01639
0.219931722,0.0646303672,0.00118806573,-0.000279639662,-0.0372508801,-2.79428515,1726.62114
0.219936719,0.147935415,-0.000811928891,-1.3618628e-05,0.0408528945,0.559277083,1707.64895
0.219992519,0.147429312,-0.000998413711,-2.04883375e-05,0.0399764928,0.584685857,1708.32297
0.220052332,0.146886817,-0.00119294026,-2.91863422e-05,0.0390414462,0.610029541,1709.0401
0.220116445,0.146305314,-0.00139535817,-3.99101043e-05,0.0380443195,0.63505484,1709.80177
0.220121897,0.0232492201,0.00596301423,-6.16571021e-05,-0.0568559901,-3.93369498,1723.24713
0.220185168,0.145681998,-0.00160541414,-5.28594633e-05,0.0369815695,0.659454848,1710.60916
0.220254354,0.102249575,-0.00438513504,-0.000812962112,-0.0138515009,-0.950175705,1731.12655
0.220258832,0.145013864,-0.00182273491,-6.82278877e-05,0.03584956,0.682877493,1711.4631
0.220337793,0.144297686,-0.00204680855,-8.62002098e-05,0.0346445834,0.704920436,1712.36398
0.220350485,0.0213559743,0.00586218554,-5.32421273e-05,-0.0578996921,-3.97904647,1723.62865
0.220422432,0.143530013,-0.0022769638,-0.000106941079,0.0333628854,0.725102134,1713.31164
0.220486854,0.0599612217,0.0020056924,-0.000191356545,-0.0398792099,-2.95815168,1725.96006
0.220513157,0.14270714,-0.00251234778,-0.000130581737,0.0320006978,0.742883929,1714.30525
0.220563738,0.0195897299,0.00572063283,-4.59699566e-05,-0.058878855,-4.02412335,1724.06497
0.220610406,0.141825099,-0.00275190287,-0.000157214965,0.0305542768,0.757665489,1715.34316
0.220691732,0.0984584434,-0.00397325032,-0.000738706775,-0.0172861241,-1.16427106,1730.83524
0.220714647,0.140879634,-0.00299434221,-0.000186878072,0.02901995,0.768754501,1716.42276
0.220762687,0.0179419674,0.00554421225,-3.96374671e-05,-0.0597971169,-4.06896971,1724.54287
0.220826384,0.139866187,-0.00323812437,-0.000219532367,0.0273941711,0.77538791,1717.54035
0.220946155,0.138779867,-0.00348142832,-0.000255049859,0.0256735835,0.776731396,1718.69091
0.22094829,0.0164047389,0.00533845879,-3.41121839e-05,-0.0606578719,-4.11368633,1725.05028
0.221004746,0.0556052884,0.00275062706,-0.000122473342,-0.0422440795,-3.09899954,1725.32537
0.221074538,0.137615437,-0.00372212995,-0.000293193959,0.0238550939,0.771873307,1719.86801
0.221121442,0.0149706296,0.00510854237,-2.92671641e-05,-0.0614643213,-4.15820813,1725.57648
0.221160559,0.0943947116,-0.0034743078,-0.000646054253,-0.0207324098,-1.38675381,1730.41223
0.221212152,0.136367278,-0.00395778091,-0.000333597949,0.0219359551,0.759834579,1721.06359
0.221282979,0.0136327222,0.00485922251,-2.50075155e-05,-0.0622195059,-4.2024122,1726.11223
0.221359662,0.13502937,-0.00418559082,-0.000375745326,0.0199138579,0.739578256,1722.26785
0.22143368,0.0123845633,0.00459483212,-2.1261084e-05,-0.0629263274,-4.2461588,1726.64971
0.221487898,0.0515415566,0.00341722556,-7.03040648e-05,-0.0443925619,-3.21998063,1724.73024
0.221517778,0.133595261,-0.00440241453,-0.000418950878,0.0177870327,0.710024814,1723.46915
0.221574272,0.0112201325,0.00431927302,-1.79689228e-05,-0.0635875609,-4.28929796,1727.18249
0.221663097,0.0900387783,-0.0028841104,-0.000536893642,-0.0241785491,-1.61542152,1729.88337
0.221687263,0.132058033,-0.00460474649,-0.000462344703,0.0155543582,0.670072652,1724.65392
0.221705433,0.0101338132,0.00403602247,-1.5082083e-05,-0.0642058621,-4.33167984,1727.70544
0.221827795,0.00912036556,0.00374814804,-1.25589257e-05,-0.0647837717,-4.3731632,1728.21449
0.221868936,0.13041027,-0.00478872393,-0.000504861771,0.0132154762,0.61861903,1725.80675
0.22193864,0.0477504251,0.00400224188,-3.21597454e-05,-0.0463605234,-3.32417658,1724.19276
0.221941949,0.00817490128,0.00345832843,-1.0363134e-05,-0.0653237169,-4.41362078,1728.70663
0.222048446,0.00729285993,0.00316887827,-8.46232512e-06,-0.065828013,-4.45294235,1729.17961
0.222063671,0.128644026,-0.00495014594,-0.000545219346,0.0107709101,0.554572785,1726.91047
0.222147798,0.00646998704,0.00288177539,-6.82715441e-06,-0.0662988645,-4.49103596,1729.63196
0.22220177,0.0853696328,-0.00219941667,-0.000414801641,-0.027614961,-1.84789604,1729.27472
0.222240486,0.0057023135,0.00259868932,-5.43078014e-06,-0.0667383661,-4.52782813,1730.06273
0.222272409,0.12675078,-0.00508450287,-0.000581926845,0.00822218253,0.47699354,1727.94646
0.222326956,0.00498613648,0.00232101013,-4.24851708e-06,-0.0671485044,-4.56326332,1730.4715
0.222359145,0.0442136074,0.00450440524,-5.34382988e-06,-0.0481753251,-3.4144496,1723.73211
0.222407626,0.00431800152,0.00204987628,-3.25764206e-06,-0.0675311593,-4.59730276,1730.85818
0.222482884,0.00369468589,0.00178620173,-2.43736918e-06,-0.0678881072,-4.62992183,1731.22301
0.222496156,0.124721401,-0.00518693382,-0.000613417187,0.00557192889,0.385356473,1728.89512
0.222553094,0.00311318307,0.00153070282,-1.76886659e-06,-0.0682210233,-4.66110929,1731.56645
0.222618594,0.0025706882,0.00128392227,-1.23413814e-06,-0.068531485,-4.69087025,1731.88913
0.2226797,0.00206458457,0.00104625086,-8.12931454e-07,-0.0688209757,-4.71921807,1732.19181
0.222735991,0.1225461,-0.00525227893,-0.000637906167,0.0028239991,0.278726478,1729.73653
0.222736708,0.00159243101,0.000817948329,-4.97299214e-07,-0.0690908882,-4.74611786,1732.47534
0.222751442,0.040914044,0.00492412655,1.25799916e-05,-0.0498579052,-3.49345982,1723.36523
0.222779176,0.0803647536,-0.00141850291,-0.000283966393,-0.0310357504,-2.08222699,1728.60775
0.222789891,0.00115195011,0.000599161537,-2.95768207e-07,-0.069342529,-4.77151431,1732.7406
0.222839506,0.000741017226,0.000389940831,-2.21091544e-07,-0.0695771225,-4.79580109,1732.98853
0.222885793,0.000357650242,0.000190255211,8.80682959e-08,-0.0697958147,-4.81936605,1733.22006
0.222928975,0,0,0,-0.0699996983,-4.83057312,1733.43612
0.222993072,0.120214384,-0.00527557047,-0.000653529981,-1.64567452e-05,0.155869148,1730.45137
0.223117423,0.0378358195,0.00526325782,2.37375803e-05,-0.0514243798,-3.56362805,1723.10459
0.223268638,0.117715008,-0.00525180159,-0.000658194345,-0.00294292978,0.0173510953,1731.02209
0.2233981,0.075,-0.000542067789,-0.000151004576,-0.0344407258,-2.31719789,1727.89392
0.223458853,0.0349640862,0.00552484997,2.99173752e-05,-0.0528872675,-3.62707018,1722.95694
0.223564019,0.115035914,-0.00517537133,-0.000649915207,-0.00594753464,-0.136013234,1731.43425
0.223777381,0.0322849924,0.00571296441,3.24773919e-05,-0.0542564219,-3.68541378,1722.92316
0.223880639,0.112164181,-0.00504086441,-0.000627155767,-0.00902104184,-0.304340639,1731.67798
0.224017024,0.0696352464,0.000359845695,-3.28509057e-05,-0.0376163962,-2.53505463,1727.18254
0.224074541,0.0297856156,0.00583247204,3.25558566e-05,-0.0555397365,-3.74026726,1722.99907
0.224220025,0.109085956,-0.00484329304,-0.000588421425,-0.0121529777,-0.486817882,1731.74937
0.224351767,0.0274539002,0.00588874515,3.1033457e-05,-0.0567436723,-3.79291093,1723.17636
0.224583815,0.105786393,-0.00457770907,-0.000532666519,-0.0153318114,-0.681933248,1731.65158
0.22459443,0.0646303672,0.00120978244,6.07954059e-05,-0.0404081842,-2.72219113,1726.51467
0.224610396,0.0252785992,0.00588752633,2.85395414e-05,-0.0578736493,-3.844004,1723.44388
0.224672727,0.15,0,0,0.0358940787,0.768877607,1707.3456
0.224709792,0.14964235,-0.000153931726,-5.59536037e-07,0.0353023978,0.777869738,1707.81757
0.224749523,0.149258983,-0.000315619272,-1.6113019e-06,0.0346698984,0.796573717,1708.3226
0.22479211,0.14884805,-0.000485179107,-3.66635526e-06,0.0339940351,0.815720565,1708.86246
0.224837759,0.148407569,-0.000662669565,-6.6824094e-06,0.033272069,0.835289196,1709.43895
0.224851676,0.0232492201,0.00583477788,2.55437001e-05,-0.0589343343,-3.89412441,1723.78878
0.224886691,0.147935415,-0.000848088431,-1.08434875e-05,0.0325011331,0.854907071,1710.05377
0.224939141,0.147429312,-0.00104136283,-1.62793225e-05,0.0316782347,0.874396612,1710.70856
0.224973763,0.102249575,-0.0042393653,-0.000459494716,-0.018545252,-0.888018978,1731.39534
0.224995362,0.146886817,-0.00124233605,-2.31367536e-05,0.030800261,0.893495842,1711.40476
0.225055626,0.146305314,-0.00145075375,-3.15566853e-05,0.0298639868,0.911948831,1712.14363
0.225076771,0.0213559743,0.00573646438,2.23667868e-05,-0.0599298485,-3.94372695,1724.19754
0.225120224,0.145681998,-0.00166624859,-4.16791424e-05,0.0288660855,0.929442844,1712.9261
0.225133103,0.0599612217,0.00199669638,0.000131004131,-0.0428929405,-2.8832959,1725.88383
0.225189466,0.145013864,-0.00188832345,-5.36323279e-05,0.027803144,0.945614473,1713.75275
0.225263687,0.144297686,-0.00211633366,-6.75301403e-05,0.026671682,0.960058628,1714.62367
0.225286766,0.0195897299,0.00559846269,1.92270561e-05,-0.0608639153,-3.99301445,1724.65678
0.225343245,0.143530013,-0.00234946813,-8.3464571e-05,0.0254681763,0.972299031,1715.53837
0.22539175,0.0984584434,-0.00382380544,-0.000369327325,-0.0217806884,-1.10320181,1730.9988
0.225428523,0.14270714,-0.00258672912,-0.000101492821,0.0241890909,0.981796686,1716.49565
0.225482675,0.0179419674,0.00542643262,1.62626106e-05,-0.0617399636,-4.04202319,1725.15385
0.225519934,0.141825099,-0.00282691147,-0.000121627987,0.0228309132,0.987949,1717.49345
0.225617917,0.140879634,-0.00306858207,-0.000143826734,0.0213901986,0.990082439,1718.52873
0.225635641,0.0556052884,0.00271312719,0.000179747733,-0.0451292838,-3.02229083,1725.29216
0.225665441,0.0164047389,0.00522572711,1.35628793e-05,-0.0625611985,-4.09075548,1725.67719
0.225722946,0.139866187,-0.00331005994,-0.000167974362,0.0198636212,0.987452852,1719.5973
0.225835526,0.138779867,-0.00354939706,-0.000193869226,0.0182480348,0.979246408,1720.69366
0.225835948,0.0149706296,0.00500135715,1.11581184e-05,-0.0633306485,-4.13914375,1726.21659
0.225839793,0.0943947116,-0.00332695329,-0.0002636078,-0.025025803,-1.32540088,1730.48592
0.225956202,0.137615437,-0.00378436141,-0.000221205985,0.0165405418,0.964583293,1721.81083
0.225995017,0.0136327222,0.00475794818,9.06496243e-06,-0.0640511955,-4.187052,1726.76322
0.226085555,0.136367278,-0.00401242346,-0.00024955837,0.0147385714,0.942524669,1722.94026
0.226104468,0.0515415566,0.0033541872,0.000210537938,-0.0471617935,-3.14239118,1724.74978
0.226143415,0.0123845633,0.00449971783,7.27419141e-06,-0.064725594,-4.23433292,1727.30968
0.226224209,0.13502937,-0.00423074689,-0.000278362645,0.0128399672,0.912084608,1724.07166
0.226281858,0.0112201325,0.00423047035,5.7660326e-06,-0.065356482,-4.28083265,1727.84986
0.226320051,0.0900387783,-0.00274526439,-0.000144964797,-0.0282693992,-1.5525109,1729.88374
0.226372833,0.133595261,-0.00443618489,-0.000306902599,0.0108430833,0.872245875,1725.19294
0.226411014,0.0101338132,0.00395360125,4.51390813e-06,-0.0659463868,-4.32640102,1728.37889
0.226531507,0.00912036556,0.00367211019,3.48827786e-06,-0.0664977288,-4.37089865,1728.89297
0.226532144,0.132058033,-0.0046252867,-0.000334298914,0.00874688809,0.821978234,1726.29019
0.226541845,0.0477504251,0.00391704167,0.000226727685,-0.0490243681,-3.24668095,1724.27164
0.226643916,0.00817490128,0.00338862012,2.65907136e-06,-0.0670128222,-4.41420176,1729.38925
0.22670291,0.13041027,-0.00479431677,-0.000359492697,0.00655107349,0.760253452,1727.34778
0.226748786,0.00729285993,0.00310540046,1.99732945e-06,-0.0674938759,-4.45620468,1729.86568
0.226834843,0.0853696328,-0.00207601172,-1.778809e-05,-0.0315024916,-1.78230214,1729.21899
0.22684662,0.00646998704,0.00282439304,1.47618473e-06,-0.0679429944,-4.49682099,1730.32088
0.226885955,0.128644026,-0.00493926928,-0.000381245917,0.00425616839,0.686132319,1728.34854
0.226937891,0.0057023135,0.00254723928,1.07141221e-06,-0.0683621781,-4.53598357,1730.75405
0.226949883,0.0442136074,0.0044005717,0.000231548178,-0.050742814,-3.33796786,1723.87383
0.22702304,0.00498613648,0.00227530781,7.61667642e-07,-0.0687533245,-4.57364377,1731.16482
0.227082162,0.12675078,-0.00505586159,-0.000398221085,0.0018636513,0.598952441,1729.27406
0.227102477,0.00431800152,0.00200972172,5.28517836e-07,-0.0691182302,-4.60977005,1731.55319
0.227176586,0.00369468589,0.00175138478,3.5626836e-07,-0.0694585927,-4.64434609,1731.91947
0.227245722,0.00311318307,0.00150100644,2.31707347e-07,-0.0697760131,-4.67736928,1732.26415
0.227292477,0.124721401,-0.00513957531,-0.000408923725,-0.000623941305,0.497874144,1730.10532
0.227310222,0.0025706882,0.00125912529,1.43891016e-07,-0.0700719992,-4.70885015,1732.5879
0.227330549,0.040914044,0.00480515631,0.000227853308,-0.052336837,-3.4188191,1723.57042
0.227370394,0.00206458457,0.00102613068,8.53726951e-08,-0.0703479688,-4.73880624,1732.89152
0.227386651,0.0803647536,-0.00131777596,0.000112850697,-0.0347197066,-2.01304952,1728.51335
0.22742653,0.00159243101,0.00080228241,4.50174016e-08,-0.0706052534,-4.76720776,1733.17587
0.227478901,0.00115195011,0.000587729658,1.77937664e-09,-0.0708451016,-4.79401863,1733.44187
0.227517914,0.1225461,-0.00518593542,-0.00041167538,-0.00320291622,0.381812255,1730.82333
0.227527758,0.000741017226,0.000382527961,-9.03660231e-08,-0.0710686835,-4.81954571,1733.69046
0.227573338,0.000357650242,0.000186652079,1.27449899e-07,-0.0712770944,-4.84431433,1733.92259
0.22761586,0,0,0,-0.0714713801,-4.85614406,1734.1392
0.22768568,0.0378358195,0.00513248215,0.00021811087,-0.0538215716,-3.49155738,1723.37152
0.227759561,0.120214384,-0.00519047929,-0.000404764412,-0.00586834212,0.25085307,1731.41019
0.227978136,0.075,-0.000471231781,0.000239489776,-0.0379212186,-2.24383449,1727.77901
0.228016987,0.0349640862,0.00538535919,0.000204296199,-0.0552087484,-3.5581367,1723.28205
0.228018585,0.117715008,-0.00514837828,-0.000386443303,-0.00861399689,0.105456118,1731.85021
0.228296233,0.115035914,-0.00505485965,-0.00035522489,-0.0114323521,-0.0543856568,1732.1313
0.228326071,0.0322849924,0.00556760286,0.000188040947,-0.0565075827,-3.62011867,1723.30161
0.228569621,0.0696352464,0.000396634764,0.000345436211,-0.0409068694,-2.45748893,1727.06683
0.228593845,0.112164181,-0.00490551281,-0.000309779631,-0.0143146053,-0.228057874,1732.24634
0.22861442,0.0297856156,0.00568371685,0.000170554868,-0.0577254436,-3.67894476,1723.42528
0.228883427,0.0274539002,0.0057387358,0.000152733964,-0.0588683558,-3.73569149,1723.6445
0.228912857,0.109085956,-0.00469598651,-0.000249055094,-0.0172507822,-0.414518811,1732.19442
0.229121429,0.0646303672,0.00121256754,0.0004226444,-0.0435318914,-2.64099217,1726.41589
0.229134389,0.0252785992,0.00573814441,0.00013529775,-0.0599413713,-3.7910388,1723.94821
0.229254807,0.105786393,-0.00442205374,-0.00017259321,-0.0202299218,-0.612369968,1731.98165
0.229368515,0.0232492201,0.00568761016,0.000118684766,-0.0609488406,-3.84550047,1724.32388
0.229586936,0.0213559743,0.00559283319,0.000103189937,-0.0618946096,-3.89940039,1724.75847
0.229621346,0.102249575,-0.00407973206,-8.05226742e-05,-0.0232403689,-0.819888184,1731.62158
0.22963622,0.0599612217,0.00196712101,0.000473360302,-0.0458688571,-2.79929404,1725.81683
0.229636364,0.15,0,0,0.0273219997,1.08127309,1709.8267
0.229670553,0.14964235,-0.000158781745,-4.17760705e-07,0.0267680358,1.08808518,1710.28189
0.2297072,0.149258983,-0.000325261936,-1.19364355e-06,0.0261758583,1.10214956,1710.76888
0.229746482,0.14884805,-0.00049950169,-2.71073482e-06,0.0255430829,1.11633548,1711.28935
0.229788589,0.148407569,-0.000681501741,-4.92374911e-06,0.0248671486,1.13059408,1711.84496
0.229790705,0.0195897299,0.00545943522,8.89826865e-05,-0.0627821579,-3.95294792,1725.23916
0.229833723,0.147935415,-0.000871194864,-7.95888149e-06,0.0241453752,1.14459789,1712.43729
0.229882103,0.147429312,-0.00106843537,-1.18986544e-05,0.0233749663,1.15816372,1713.06781
0.229933962,0.146886817,-0.0012729858,-1.68336989e-05,0.0225530146,1.17102156,1713.73781
0.229980806,0.0179419674,0.00529285639,7.6144484e-05,-0.0636146961,-4.0061374,1725.75386
0.229989549,0.146305314,-0.00148450306,-2.28434231e-05,0.0216765092,1.18290965,1714.44833
0.23001424,0.0984584434,-0.00366529315,2.60963943e-05,-0.026270202,-1.03521064,1731.13452
0.230049134,0.145681998,-0.00170252364,-3.00020442e-05,0.0207423465,1.193515,1715.20012
0.230113003,0.145013864,-0.0019264475,-3.83680866e-05,0.0197473444,1.2024705,1715.9935
0.230116479,0.0556052884,0.0026539072,0.000500599964,-0.0479730223,-2.9364558,1725.26916
0.230158153,0.0164047389,0.00509826369,6.46814442e-05,-0.0643952312,-4.05888753,1726.29156
0.230181464,0.144297686,-0.00215552107,-4.7979059e-05,0.0186882606,1.20936402,1716.82831
0.230254848,0.143530013,-0.00238881985,-5.88453803e-05,0.0175618158,1.21372547,1717.70377
0.230323605,0.0149706296,0.0048804988,5.4543834e-05,-0.0651266102,-4.11113742,1726.84257
0.230333509,0.14270714,-0.00262523083,-7.09409115e-05,0.0163647222,1.21502481,1718.61836
0.230417826,0.141825099,-0.00286343471,-8.41931064e-05,0.015093718,1.21266933,1719.5697
0.230435385,0.0943947116,-0.00317531558,0.000145119342,-0.0293078288,-1.25632184,1730.54563
0.230477957,0.0136327222,0.00464404386,4.56629261e-05,-0.0658115479,-4.16274761,1727.3985
0.230508206,0.140879634,-0.00310188883,-9.84717487e-05,0.0137456089,1.206002,1720.55439
0.230564521,0.0515415566,0.00326869007,0.000508705904,-0.0498863355,-3.0557361,1724.78011
0.230605084,0.139866187,-0.00333881143,-0.000113576521,0.0123173167,1.19430116,1721.56784
0.230621956,0.0123845633,0.00439299318,3.79485863e-05,-0.0664526431,-4.21355742,1727.95236
0.230708928,0.138779867,-0.00357216798,-0.000129223617,0.010805936,1.17678261,1722.60418
0.230756294,0.0112201325,0.00413104667,3.12986779e-05,-0.067052389,-4.26340897,1728.49837
0.23082024,0.137615437,-0.00379966035,-0.000145032079,0.0092087992,1.15260488,1723.65604
0.230881621,0.0101338132,0.00386151278,2.56078852e-05,-0.0676131775,-4.31215192,1729.03197
0.230886812,0.0900387783,-0.00260681273,0.000273158448,-0.0323427828,-1.48123053,1729.88263
0.230939555,0.136367278,-0.00401872,-0.000160510334,0.00752355006,1.12087735,1724.7145
0.230982508,0.0477504251,0.00380896434,0.000501690653,-0.0516406343,-3.1602061,1724.36155
0.230998541,0.00912036556,0.00358731943,2.07720603e-05,-0.0681373016,-4.35964919,1729.54959
0.231067449,0.13502937,-0.00422650785,-0.000175045279,0.00574822555,1.08067075,1725.76893
0.231107618,0.00817490128,0.00331103115,1.66913486e-05,-0.068626956,-4.40578104,1730.04857
0.23120454,0.133595261,-0.00441992271,-0.000187885532,0.00388134595,1.03101861,1726.80695
0.231209378,0.00729285993,0.00303487062,1.32722059e-05,-0.0690842375,-4.45044729,1730.52704
0.231304312,0.00646998704,0.00276074289,1.042856e-05,-0.0695111449,-4.49356787,1730.98376
0.231351488,0.132058033,-0.0045956134,-0.000198137102,0.00192201179,0.970956762,1727.8145
0.231370699,0.0853696328,-0.00195747231,0.000405002711,-0.0353667665,-1.70786195,1729.17215
0.231372457,0.0442136074,0.00427370612,0.0004833177,-0.0532601073,-3.25260732,1724.02646
0.231392877,0.0057023135,0.00249026112,8.08233203e-06,-0.0699095792,-4.53508247,1731.41803
0.231475502,0.00498613648,0.00222477291,6.16350799e-06,-0.0702813445,-4.57494947,1731.82958
0.231509002,0.13041027,-0.00474998453,-0.000204751274,-0.00012999374,0.899629376,1728.7759
0.231552584,0.00431800152,0.00196538638,4.60990906e-06,-0.0706281496,-4.61314435,1732.21848
0.231624495,0.00369468589,0.00171299542,3.36671105e-06,-0.0709516095,-4.64965778,1732.58509
0.231677843,0.128644026,-0.004879221,-0.000206595525,-0.00227409915,0.816294131,1729.67411
0.231691582,0.00311318307,0.0014683039,2.38589715e-06,-0.0712532477,-4.6844942,1732.92996
0.231736246,0.040914044,0.0046632196,0.000456862588,-0.0547631855,-3.33541175,1723.78613
0.231754169,0.0025706882,0.00123184833,1.62570871e-06,-0.0715344993,-4.7176713,1733.25379
0.231812557,0.00206458457,0.00100401895,1.05200736e-06,-0.0717967137,-4.7492132,1733.55741
0.231858823,0.12675078,-0.00497932981,-0.000202423035,-0.00450883938,0.720104971,1730.49114
0.231867029,0.00159243101,0.00078507907,6.28942919e-07,-0.0720411584,-4.7790829,1733.8417
0.23188938,0.0803647536,-0.00122607502,0.00053470243,-0.0383749844,-1.93471347,1728.43581
0.231917846,0.00115195011,0.000575183035,3.12266215e-07,-0.072269022,-4.8072309,1734.1076
0.231965255,0.000741017226,0.000374393918,2.14120022e-08,-0.0724814184,-4.83399439,1734.35607
0.232009484,0.000357650242,0.00018269516,1.85780496e-07,-0.0726793901,-4.86008887,1734.58806
0.232050745,0,0,0,-0.072863934,-4.87261327,1734.80453
0.232052818,0.124721401,-0.00504629021,-0.0001907877,-0.00683175458,0.610135358,1731.20865
0.232075633,0.0378358195,0.00497898889,0.000425112611,-0.0561639927,-3.4108033,1723.64825
0.232260761,0.1225461,-0.00507609219,-0.000170226673,-0.00923929868,0.486155282,1731.80872
0.232392253,0.0349640862,0.00522355137,0.000390264555,-0.0574734512,-3.48056218,1723.61588
0.232445357,0.075,-0.000413168565,0.00065397122,-0.0413679952,-2.16115262,1727.68652
0.232483656,0.120214384,-0.00506452714,-0.000139285358,-0.0117267661,0.348331152,1732.27491
0.232687633,0.0322849924,0.00540041395,0.000354129201,-0.0587001226,-3.54623483,1723.68747
0.232722579,0.117715008,-0.0050073987,-9.65907435e-05,-0.0142882438,0.196616311,1732.59342
0.232963199,0.0297856156,0.0055137635,0.000318063463,-0.0598508402,-3.60913676,1723.85742
0.232978681,0.115035914,-0.00490074947,-4.09779723e-05,-0.0169165984,0.031354587,1732.75445
0.233001333,0.0696352464,0.000417608823,0.000746478969,-0.0441592376,-2.37057933,1726.97684
0.23322028,0.0274539002,0.00556830991,0.000283035741,-0.0609311829,-3.67012504,1724.11695
0.233253198,0.112164181,-0.00474074736,2.84994899e-05,-0.0196035125,-0.146542298,1732.75345
0.233460116,0.0252785992,0.00556919839,0.000249774638,-0.0619458257,-3.72982328,1724.45511
0.233520015,0.0646303672,0.00119729766,0.000805983841,-0.0466138476,-2.55051829,1726.34444
0.233547455,0.109085956,-0.00452372155,0.000112346328,-0.022339584,-0.335999425,1732.59221
0.233683863,0.0232492201,0.00552178328,0.000218715431,-0.0628987951,-3.78869313,1724.85973
0.233862869,0.105786393,-0.00424616402,0.000210515687,-0.0251145083,-0.535682979,1732.27937
0.2338926,0.0213559743,0.00543148677,0.000190128602,-0.0637936532,-3.84698005,1725.31828
0.234003902,0.0599612217,0.00191788377,0.000835952652,-0.0487999153,-2.70614561,1725.77781
0.234087336,0.0195897299,0.0053036718,0.000164141393,-0.0646336284,-3.90480644,1725.81851
0.234200964,0.102249575,-0.00390474901,0.000322252778,-0.0279173604,-0.743828732,1731.8306
0.234269008,0.0179419674,0.00514354964,0.000140760389,-0.0654217048,-3.96217834,1726.34891
0.234438494,0.0164047389,0.00495608861,0.000119915524,-0.0661606838,-4.01899177,1726.89906
0.234455329,0.0556052884,0.00257391137,0.000840463925,-0.050769195,-2.84163824,1725.27415
0.234563369,0.0984584434,-0.00349637354,0.000445845281,-0.0307370059,-0.958600335,1731.26767
0.23459661,0.0149706296,0.00474594968,0.000101486909,-0.0668532236,-4.07512959,1727.45975
0.2346,0.15,0,0,0.0187503369,1.39024275,1712.30768
0.234630831,0.14964235,-0.000161126828,-2.72245467e-07,0.0182339373,1.39481222,1712.74255
0.234663879,0.149258983,-0.000329799061,-7.49959328e-07,0.0176819258,1.40418131,1713.20775
0.234699303,0.14884805,-0.000506027786,-1.69840644e-06,0.017092081,1.41338185,1713.70484
0.234737274,0.148407569,-0.000689762519,-3.06455548e-06,0.0164620213,1.42227322,1714.23534
0.234744119,0.0136327222,0.00451745865,8.53144335e-05,-0.067501864,-4.13046031,1728.0231
0.234777975,0.147935415,-0.000880879113,-4.90951317e-06,0.0157892555,1.43062268,1714.8007
0.234821603,0.147429312,-0.0010791693,-7.26743375e-06,0.0150711863,1.43823084,1715.40224
0.234868369,0.146886817,-0.00128432756,-1.0169437e-05,0.0143051148,1.4448333,1716.04109
0.234876474,0.0515415566,0.00316168653,0.000824693621,-0.0525609084,-2.96028052,1724.83799
0.234881734,0.0123845633,0.00427457897,7.12237269e-05,-0.0681090418,-4.18481591,1728.5825
0.234918496,0.146305314,-0.00149593745,-1.36315926e-05,0.0134882485,1.45015711,1716.7181
0.234951833,0.0943947116,-0.00301817389,0.000578418084,-0.0335626702,-1.17807856,1730.6164
0.234972228,0.145681998,-0.00171345712,-1.76567635e-05,0.0126177116,1.45388621,1717.43383
0.235010117,0.0112201325,0.00402089988,5.90287529e-05,-0.0686770984,-4.23803282,1729.13253
0.235029824,0.145013864,-0.00193620442,-2.22278968e-05,0.0116905584,1.4556591,1718.18841
0.235091562,0.144297686,-0.0021633413,-2.73024296e-05,0.0107037914,1.45506486,1718.98143
0.235129888,0.0101338132,0.00375963754,4.85424025e-05,-0.0692082837,-4.28996076,1729.66893
0.235157738,0.143530013,-0.00239385805,-3.28054165e-05,0.00965438323,1.45163991,1719.81189
0.235228673,0.14270714,-0.00262655777,-3.86217448e-05,0.00853930349,1.44486487,1720.67802
0.235241624,0.00912036556,0.00349364397,3.95828297e-05,-0.0697047576,-4.34046539,1730.18836
0.235269368,0.0477504251,0.00367895302,0.000793315986,-0.0542047685,-3.06511857,1724.47818
0.235304708,0.141825099,-0.00286004152,-4.45873481e-05,0.00735555186,1.43416236,1721.57716
0.235345866,0.00817490128,0.00322542223,3.19771772e-05,-0.07016859,-4.38943145,1730.6884
0.235368229,0.0900387783,-0.00246762139,0.00071581248,-0.0363846965,-1.40039768,1729.90441
0.235386211,0.140879634,-0.00309269476,-5.04795602e-05,0.00610019694,1.41889618,1722.50563
0.235443114,0.00729285993,0.00295714605,2.55640259e-05,-0.0706017603,-4.43676437,1731.16733
0.235473574,0.139866187,-0.00332267557,-5.60069283e-05,0.00477042213,1.39837221,1723.4586
0.235533839,0.00646998704,0.00269068235,2.01947884e-05,-0.0710061568,-4.48239062,1731.62404
0.235567219,0.138779867,-0.0035479058,-6.07985399e-05,0.00336357871,1.3718409,1724.4299
0.235618478,0.0057023135,0.00242761547,1.57342839e-05,-0.0713835769,-4.52625701,1732.05796
0.235635907,0.0442136074,0.00412472301,0.00075062,-0.055723304,-3.15881787,1724.20459
0.235667598,0.137615437,-0.00376606719,-6.43942993e-05,0.0018772466,1.33850235,1725.41192
0.235697439,0.00498613648,0.00216927202,1.20607387e-05,-0.0717357278,-4.56832944,1732.4689
0.235771104,0.00431800152,0.00191674572,9.06537071e-06,-0.0720642265,-4.60859101,1732.85701
0.235775194,0.136367278,-0.00397460407,-6.62327665e-05,0.000309302787,1.2975063,1726.3955
0.235814566,0.0853696328,-0.00184271546,0.000851992347,-0.0391955349,-1.62364023,1729.15782
0.235839827,0.00369468589,0.0016709216,6.65162152e-06,-0.0723706025,-4.64703985,1733.2227
0.235890527,0.13502937,-0.00417072545,-6.56421843e-05,-0.00134200244,1.24796656,1727.36981
0.23590394,0.00311318307,0.00143249925,4.73420666e-06,-0.072656299,-4.68368791,1733.56657
0.235963752,0.0025706882,0.00120201452,3.23873528e-06,-0.0729226757,-4.71856155,1733.88937
0.235977857,0.040914044,0.00449917811,0.000700303323,-0.0571336437,-3.24376424,1724.02577
0.236014152,0.133595261,-0.00435141074,-6.18299666e-05,-0.00307796225,1.18902643,1728.3224
0.236019552,0.00206458457,0.000979859891,2.10222707e-06,-0.0731710116,-4.75168494,1734.19193
0.236071609,0.00159243101,0.000766303308,1.26040525e-06,-0.0734025079,-4.78299748,1734.47518
0.236120174,0.00115195011,0.000561505913,6.35360731e-07,-0.0736182916,-4.81242949,1734.74005
0.236146667,0.132058033,-0.00451342749,-5.3907375e-05,-0.00489932367,1.11989413,1729.23917
0.236165481,0.000741017226,0.000365538676,1.24078502e-07,-0.0738194187,-4.84056108,1734.98753
0.236207748,0.000357650242,0.000178393496,3.42910606e-07,-0.0740068777,-4.86797128,1735.21857
0.236247181,0,0,0,-0.0741816147,-4.88103871,1735.43413
0.236288711,0.13041027,-0.00465335275,-4.08936904e-05,-0.00680619326,1.0397427,1730.10458
0.236292997,0.0803647536,-0.00114233156,0.00098013938,-0.0419910013,-1.8465209,1728.39798
0.236296869,0.0378358195,0.00480357312,0.000645448496,-0.058448882,-3.32199737,1723.9471
0.236440968,0.128644026,-0.00476762521,-2.16911234e-05,-0.00879794037,0.94772582,1730.90189
0.236594481,0.0349640862,0.00504018398,0.000588541084,-0.05967912,-3.39511911,1723.96984
0.236604173,0.12675078,-0.00485263976,4.90994025e-06,-0.0108731005,0.843061817,1731.61368
0.236779114,0.124721401,-0.00490477298,4.01723661e-05,-0.0130292835,0.725361846,1732.22241
0.236805829,0.075,-0.000366790707,0.00109116344,-0.0447720347,-2.06868169,1727.63859
0.236872129,0.0322849924,0.00521214934,0.000531526506,-0.0608322561,-3.46461868,1724.0913
0.236966633,0.1225461,-0.00492030367,8.5328395e-05,-0.0152630916,0.594530593,1732.71133
0.237131152,0.0297856156,0.00532328793,0.0004758816,-0.0619145801,-3.5316688,1724.30525
0.237167636,0.120214384,-0.00489552733,0.000141536469,-0.0175700542,0.450457933,1733.06551
0.237318661,0.0696352464,0.000423894018,0.00116919832,-0.0473658353,-2.27405937,1726.93398
0.2373728,0.0274539002,0.00537800207,0.000422693428,-0.0629312185,-3.59697832,1724.60272
0.237383092,0.117715008,-0.0048269119,0.000209823551,-0.0199445856,0.293327079,1733.27301
0.237598237,0.0252785992,0.00538109908,0.000372689048,-0.0638864627,-3.6611149,1724.97293
0.23761404,0.115035914,-0.00471106032,0.000291014228,-0.0223799781,0.123674469,1733.32619
0.237797092,0.0646303672,0.00116513844,0.00120993152,-0.0496475014,-2.45067467,1726.32103
0.237808552,0.0232492201,0.00533760948,0.000326318486,-0.0647840085,-3.72445509,1725.40409
0.237861595,0.112164181,-0.00454471277,0.000385564088,-0.0248684394,-0.0576045102,1733.22281
0.238004759,0.0213559743,0.00525265783,0.000283823332,-0.0656271283,-3.78718087,1725.88419
0.23812695,0.109085956,-0.00432482319,0.000493482548,-0.0274011907,-0.249327177,1732.967
0.238187804,0.0195897299,0.00513133879,0.000245279397,-0.0664187923,-3.84934962,1726.40156
0.238243429,0.0599612217,0.00185017912,0.0012180858,-0.0516804983,-2.60390113,1725.78667
0.23835857,0.0179419674,0.00497861491,0.000210636102,-0.067161752,-3.91095272,1726.94529
0.238411385,0.105786393,-0.00404850503,0.000614153897,-0.0299686414,-0.450098225,1732.5695
0.238517881,0.0164047389,0.00479923907,0.00017975213,-0.0678585964,-3.97187673,1727.50554
0.238659825,0.0556052884,0.00247434577,0.0011988133,-0.0535129834,-2.73801085,1725.3261
0.238666504,0.0149706296,0.0045976878,0.000152427149,-0.0685117882,-4.03195587,1728.07364
0.238716272,0.102249575,-0.00371299179,0.000746148878,-0.0325606591,-0.658257396,1732.04745
0.238805159,0.0136327222,0.0043781213,0.000128415886,-0.0691236866,-4.09104255,1728.64217
0.238934512,0.0123845633,0.0041443635,0.000107453514,-0.0696965597,-4.14897246,1729.20493
0.239043083,0.0984584434,-0.00331570729,0.000887098414,-0.0351669591,-0.872008127,1731.4233
0.239048289,0.0515415566,0.00303437248,0.00115812386,-0.0551813897,-2.85629902,1724.94133
0.239055187,0.0112201325,0.00389988617,8.92690483e-05,-0.0702325915,-4.20557968,1729.75688
0.239167768,0.0101338132,0.00364780732,7.35914942e-05,-0.0707338848,-4.2607144,1730.29403
0.239272797,0.00912036556,0.0033908983,6.01586531e-05,-0.0712024612,-4.31424527,1730.81333
0.23937078,0.00817490128,0.00313159693,4.87216461e-05,-0.071640261,-4.36606181,1731.31253
0.239393392,0.0943947116,-0.00285424875,0.00103338338,-0.0377776412,-1.08952904,1730.72295
0.239410694,0.0477504251,0.00352817583,0.00110135892,-0.0567132662,-2.96177801,1724.63824
0.239462191,0.00729285993,0.00287202521,3.90480156e-05,-0.0720491417,-4.41607556,1731.79011
0.239547469,0.00646998704,0.00261401002,3.09234423e-05,-0.0724308777,-4.4642199,1732.2451
0.239563636,0.15,0,0,0.0101790679,1.69990394,1714.78855
0.239590654,0.14964235,-0.00016087121,-1.16730198e-07,0.00970053666,1.70223645,1715.1998
0.239619613,0.149258983,-0.000329038629,-2.82907795e-07,0.0091890238,1.70686558,1715.63969
0.239627027,0.0057023135,0.00235910564,2.41524396e-05,-0.0727871591,-4.5104489,1732.67702
0.239650655,0.14884805,-0.000504468465,-6.34077252e-07,0.00864247361,1.71099886,1716.10964
0.23968393,0.148407569,-0.000687065439,-1.10753294e-06,0.0080586866,1.71447043,1716.61107
0.239701248,0.00498613648,0.00210861719,1.85582521e-05,-0.0731195925,-4.55473592,1733.0858
0.239719596,0.147935415,-0.000876656643,-1.70108525e-06,0.00743536366,1.71711325,1717.14528
0.239748789,0.0442136074,0.0039547428,0.00103332881,-0.0581294571,-3.05703253,1724.42378
0.239757827,0.147429312,-0.00107298144,-2.39514849e-06,0.00677010927,1.71870996,1717.71344
0.239768891,0.0900387783,-0.00232644174,0.00118006475,-0.0403839046,-1.30908638,1729.97332
0.23977049,0.00431800152,0.0018636241,1.39823701e-05,-0.0734297009,-4.59707198,1733.47164
0.239798808,0.146886817,-0.00127567869,-3.15683067e-06,0.00606043662,1.71900859,1718.31652
0.239835088,0.00369468589,0.00162500287,1.02837607e-05,-0.0737189253,-4.63746287,1733.83503
0.239842735,0.146305314,-0.00148427376,-3.93538335e-06,0.00530377504,1.71773191,1718.95523
0.23988982,0.145681998,-0.00169816495,-4.65973657e-06,0.0044974801,1.71456431,1719.62995
0.239895352,0.00311318307,0.00139344932,7.33665315e-06,-0.0739886265,-4.67592488,1734.17659
0.239940292,0.145013864,-0.00191660949,-5.23340397e-06,0.00363884689,1.70914751,1720.34062
0.239951573,0.0025706882,0.00116949972,5.03036949e-06,-0.0742400868,-4.71249482,1734.49711
0.239994392,0.144297686,-0.00213870951,-5.52902503e-06,0.00272512689,1.70107719,1721.08666
0.240004023,0.00206458457,0.000953550331,3.2717766e-06,-0.0744745128,-4.74720668,1734.79746
0.240052383,0.143530013,-0.00236339819,-5.38217177e-06,0.001753549,1.6899001,1721.86688
0.240052955,0.00159243101,0.000745875466,1.96671468e-06,-0.0746930382,-4.77998861,1735.07857
0.240064204,0.040914044,0.00431408113,0.000958146299,-0.0594457733,-3.14433917,1724.3038
0.240098604,0.00115195011,0.000546643854,1.01649152e-06,-0.0748967268,-4.8107892,1735.34139
0.240114543,0.14270714,-0.00258942655,-4.58451063e-06,0.000721345281,1.67511169,1722.67932
0.240141191,0.000741017226,0.000355933277,2.78727756e-07,-0.0750865755,-4.84015156,1735.58692
0.240171389,0.0853696328,-0.00173049328,0.00132028448,-0.0429789761,-1.52891887,1729.1997
0.240180922,0.000357650242,0.000173745163,4.44070309e-07,-0.0752635178,-4.86880533,1735.81611
0.240181173,0.141825099,-0.00281535142,-2.87644654e-06,-0.000374218174,1.65615466,1723.52114
0.240217987,0,0,0,-0.0754284478,-4.88252119,1736.02993
0.240252594,0.140879634,-0.00303952529,6.07327013e-08,-0.00153580453,1.63241869,1724.38847
0.24032915,0.139866187,-0.00326008938,4.61179221e-06,-0.00276596337,1.60324097,1725.2763
0.24035846,0.0378358195,0.00460719735,0.000879182636,-0.0606742698,-3.22556926,1724.28139
0.240411211,0.138779867,-0.00347497038,1.12394855e-05,-0.00406708117,1.56789607,1726.17832
0.240499173,0.137615437,-0.00368187886,2.0489491e-05,-0.00544132498,1.52561573,1727.0868
0.240593459,0.136367278,-0.00387830895,3.30019021e-05,-0.00689057913,1.47565633,1727.99247
0.240602829,0.0803647536,-0.00106527012,0.00144637005,-0.0455592913,-1.74795211,1728.42305
0.240632977,0.0349640862,0.00483608938,0.000799212231,-0.06182422,-3.30227023,1724.35617
0.240694526,0.13502937,-0.00406155147,4.94919988e-05,-0.00841637509,1.41725448,1728.88451
0.240802859,0.133595261,-0.0042287096,7.0749318e-05,-0.0100198151,1.3495979,1729.7505
0.240889079,0.0322849924,0.00500352298,0.000720358205,-0.0629028536,-3.37579241,1724.52434
0.240918982,0.132058033,-0.00437672055,9.76730513e-05,-0.0117014903,1.27186804,1730.57651
0.241043455,0.13041027,-0.00450241627,0.000131230433,-0.0134613953,1.18325431,1731.34729
0.241065292,0.075,-0.000330773204,0.00154844903,-0.0481261486,-1.96609233,1727.65794
0.241128002,0.0297856156,0.00511293789,0.000644198036,-0.0639159124,-3.44709634,1724.77909
0.241176878,0.128644026,-0.00460256237,0.000172481554,-0.0152988404,1.0830512,1732.04659
0.241319895,0.12675078,-0.00467387714,0.000222511479,-0.0172123648,0.970814034,1732.65765
0.241350897,0.0274539002,0.00516839748,0.0005719188,-0.0648680659,-3.51684231,1725.11133
0.241473195,0.124721401,-0.00471303688,0.000282374546,-0.0191996552,0.846259235,1733.16388
0.241527755,0.0696352464,0.000416869938,0.00161119815,-0.0505205908,-2.1677717,1726.9605
0.241558841,0.0252785992,0.00517435543,0.000504275278,-0.0657632172,-3.58552353,1725.51044
0.241637519,0.1225461,-0.00471674694,0.000353067375,-0.0212574731,0.709169119,1733.54978
0.241752835,0.0232492201,0.00513551189,0.000441735174,-0.0666047267,-3.65342314,1725.96504
0.241813658,0.120214384,-0.00468184216,0.000435455416,-0.0233815979,0.559576185,1733.80191
0.241933816,0.0213559743,0.00505668351,0.000384516184,-0.0673955717,-3.72066922,1726.46365
0.241959195,0.0646303672,0.00111751237,0.00163232745,-0.0526277028,-2.34144995,1726.36731
0.242002462,0.117715008,-0.00460529403,0.000530234814,-0.0255667926,0.39781506,1733.91015
0.242102656,0.0195897299,0.00494268305,0.00033265001,-0.0681384587,-3.78727111,1726.9952
0.242204842,0.115035914,-0.00448422885,0.000637803387,-0.0278068009,0.224502307,1733.86881
0.242260171,0.0179419674,0.00479821687,0.000286028974,-0.0688359011,-3.85316071,1727.54939
0.242361693,0.0599612217,0.00176545324,0.00161783557,-0.0545062321,-2.49267294,1725.86429
0.242407119,0.0164047389,0.00462780983,0.000244439467,-0.06949027,-3.91822285,1728.11694
0.242421774,0.112164181,-0.00431593734,0.000758156132,-0.0300943872,0.0405543609,1733.67769
0.242544209,0.0149706296,0.00443574339,0.000207599829,-0.0701038272,-3.98228441,1728.68973
0.242654305,0.109085956,-0.00409788496,0.000890751848,-0.0324214312,-0.152778474,1733.34281
0.242672104,0.0136327222,0.00422600708,0.000175182256,-0.0706787456,-4.04516495,1729.26081
0.242737192,0.0556052884,0.00235665586,0.00157394444,-0.0562006802,-2.62578888,1725.44498
0.242791419,0.0123845633,0.00400227607,0.000146833831,-0.0712171197,-4.10670268,1729.82441
0.24290273,0.0112201325,0.00376789728,0.000122195822,-0.0717209713,-4.166732,1730.37584
0.242903556,0.105786393,-0.00382769854,0.00103436885,-0.0347790943,-0.354105037,1732.87646
0.243006574,0.0101338132,0.00352588429,0.000100912115,-0.0721922512,-4.22510269,1730.91142
0.243087501,0.0515415566,0.00288817933,0.00150750714,-0.0577446566,-2.74409181,1725.10899
0.243103453,0.00912036556,0.00327892241,8.2637747e-05,-0.0726328386,-4.28168675,1731.42834
0.243170729,0.102249575,-0.00350310668,0.00118694738,-0.0371580742,-0.561871725,1732.29661
0.243193832,0.00817490128,0.00302937989,6.70452342e-05,-0.0730445403,-4.33637861,1731.92459
0.243278149,0.00729285993,0.00277932362,5.38281519e-05,-0.0734290885,-4.38909584,1732.39879
0.24335681,0.00646998704,0.00253053793,4.27031872e-05,-0.07378814,-4.43977873,1732.85013
0.243414311,0.0477504251,0.00335803092,0.00142452277,-0.059163526,-2.85055259,1724.85939
0.243430194,0.0057023135,0.00228454509,3.34118665e-05,-0.0741232751,-4.48838996,1733.27824
0.243457113,0.0984584434,-0.0031219458,0.00134541541,-0.0395489704,-0.774330943,1731.62581
0.243498656,0.00498613648,0.00204262705,2.57187937e-05,-0.0744359971,-4.53490566,1733.68313
0.243562524,0.00431800152,0.00180584781,1.94114329e-05,-0.0747277325,-4.5793278,1734.06509
0.243622109,0.00369468589,0.00157507528,1.43019462e-05,-0.0749998322,-4.62167413,1734.42464
0.243677697,0.00311318307,0.001351002,1.02224706e-05,-0.0752535724,-4.66196456,1734.76245
0.243719199,0.0442136074,0.00376511455,0.00133031899,-0.0604764374,-2.9476735,1724.7004
0.243729555,0.0025706882,0.00113416502,7.02321997e-06,-0.0754901564,-4.70024116,1735.07935
0.24376409,0.0943947116,-0.00268217208,0.00150542097,-0.0419427857,-0.989759585,1730.88937
0.243777935,0.00206458457,0.000924964886,4.57681263e-06,-0.0757107174,-4.73655192,1735.37621
0.24382307,0.00159243101,0.000723683001,2.76048246e-06,-0.0759163203,-4.77085511,1735.65399
0.243865177,0.00115195011,0.00053049684,1.46185659e-06,-0.0761079645,-4.80313667,1735.91366
0.243904459,0.000741017226,0.000345493447,5.10229011e-07,-0.0762865874,-4.83367172,1736.15619
0.243941106,0.000357650242,0.000168684914,4.03261227e-07,-0.0764530664,-4.86333883,1736.38257
0.243975295,0,0,0,-0.0766082425,-4.87759639,1736.59374
0.244003634,0.040914044,0.00410923971,0.0012294156,-0.0616978778,-3.03759832,1724.63531
0.244093139,0.0900387783,-0.00218186218,0.00166124554,-0.0443315925,-1.20656567,1730.11313
0.244268989,0.0378358195,0.00439113859,0.00112551016,-0.0628388601,-3.12205343,1724.66503
0.244445849,0.0853696328,-0.00161932789,0.00180522416,-0.0467093979,-1.42314073,1729.32123
0.244516544,0.0349640862,0.00461245225,0.00102160631,-0.0639078273,-3.20254267,1724.78761
0.244527273,0.15,0,0,0.00160815007,2.01166614,1717.26931
0.244550045,0.14964235,-0.000157962693,5.25778286e-08,0.00116817892,2.01179892,1717.65386
0.244574454,0.149258983,-0.000322868533,2.08893612e-07,0.000697904935,2.01162701,1718.06516
0.244600619,0.14884805,-0.000494644716,4.88273612e-07,0.000195441278,2.01056054,1718.5045
0.244628665,0.148407569,-0.000673157961,9.62926887e-07,-0.000341226126,2.00854848,1718.97318
0.244658728,0.147935415,-0.000858195692,1.69222367e-06,-0.000914201016,2.00541585,1719.47236
0.244690952,0.147429312,-0.00104945628,2.75531678e-06,-0.00152567351,2.00094738,1720.00306
0.244725493,0.146886817,-0.00124653699,4.25025726e-06,-0.00217791499,1.99489808,1720.56613
0.244747492,0.0322849924,0.00477559132,0.000920036387,-0.0649113385,-3.28025753,1724.99825
0.244762518,0.146305314,-0.00144892184,6.29783237e-06,-0.00287327085,1.98699207,1721.16213
0.244802206,0.145681998,-0.00165596901,9.04526517e-06,-0.00361415075,1.97691669,1721.79128
0.24482392,0.0803647536,-0.000993328432,0.00192885076,-0.0490732435,-1.638614,1728.53421
0.244844747,0.145013864,-0.00186689827,1.26709325e-05,-0.00440301586,1.96431963,1722.45339
0.244890346,0.144297686,-0.00208077854,1.73893851e-05,-0.00524236283,1.94880618,1723.14774
0.244939225,0.143530013,-0.00229651602,2.34567849e-05,-0.0061347039,1.9299369,1723.873
0.244962948,0.0297856156,0.00488365321,0.000822525108,-0.0658545855,-3.35597613,1725.28961
0.244991619,0.14270714,-0.00251284359,3.11766029e-05,-0.00708254271,1.90722572,1724.6271
0.245047779,0.141825099,-0.00272831203,4.09053526e-05,-0.00808834532,1.88013734,1725.40707
0.245107978,0.140879634,-0.0029412828,5.30604403e-05,-0.00915450607,1.84808069,1726.20897
0.245163951,0.0274539002,0.00494032107,0.00073031892,-0.0667417777,-3.430295,1725.65251
0.245172506,0.139866187,-0.00314992326,6.81251253e-05,-0.0102833078,1.81042426,1727.02772
0.245229176,0.075,-0.000303460308,0.00202149396,-0.0514247519,-1.85314697,1727.7675
0.245241673,0.138779867,-0.00335220491,8.66555178e-05,-0.0114768761,1.76652845,1727.85698
0.245315814,0.137615437,-0.00354590728,0.000109263902,-0.0127371275,1.71572691,1728.68902
0.24535147,0.0252785992,0.00494968282,0.000644225808,-0.0675764268,-3.50362271,1726.07652
0.245395286,0.136367278,-0.00372862219,0.000136636842,-0.0140657117,1.65726818,1729.51465
0.245480472,0.13502937,-0.00389777407,0.000169549161,-0.0154639471,1.59037984,1730.32319
0.245526411,0.0232492201,0.00491609848,0.000564727364,-0.0683615539,-3.57616819,1726.5507
0.245571784,0.133595261,-0.00405065492,0.000208829694,-0.0169327523,1.51432089,1731.10242
0.245634433,0.0696352464,0.000398273906,0.00206842558,-0.0536188222,-2.05161669,1727.07901
0.245669661,0.132058033,-0.00418445013,0.000255382212,-0.0184725715,1.42833624,1731.83875
0.245689616,0.0213559743,0.00484406746,0.000492027801,-0.0690998369,-3.64800331,1727.0641
0.245774577,0.13041027,-0.00429626452,0.000310157053,-0.0200832983,1.33179768,1732.5174
0.245841873,0.0195897299,0.0047381107,0.000426119824,-0.0697937143,-3.71909531,1727.60623
0.245887036,0.128644026,-0.00438314943,0.000374101619,-0.0217641972,1.2242287,1733.12273
0.245983917,0.0179419674,0.00460267228,0.00036683921,-0.0704454564,-3.78933902,1728.16742
0.246007581,0.12675078,-0.00444212982,0.000448140028,-0.0235138266,1.10519123,1733.63882
0.246012504,0.0646303672,0.00105621133,0.0020694277,-0.05555052,-2.22285985,1726.50543
0.246116432,0.0164047389,0.00444204032,0.000313907361,-0.0710572116,-3.85858872,1728.73897
0.246136794,0.124721401,-0.00447026744,0.000533150552,-0.0253299678,0.97437762,1734.05012
0.246240057,0.0149706296,0.00426028761,0.000266961614,-0.0716310364,-3.92666929,1729.31327
0.246275299,0.1225461,-0.00446472465,0.000629890372,-0.0272095613,0.831697666,1734.34237
0.24635539,0.0136327222,0.00406122459,0.000225590815,-0.0721689127,-3.9933884,1729.88387
0.246365214,0.0599612217,0.00166552546,0.00203177071,-0.0572738202,-2.37257294,1726.03213
0.246423762,0.120214384,-0.0044227879,0.00073893188,-0.0291486584,0.677303318,1734.50365
0.246462986,0.0123845633,0.00384837,0.000189357308,-0.072672757,-4.05856987,1730.4454
0.246563365,0.0112201325,0.00362493826,0.000157812917,-0.0731444249,-4.12205354,1730.99355
0.246582901,0.117715008,-0.00434189122,0.000860604481,-0.0311423946,0.51160666,1734.52548
0.24665701,0.0101338132,0.0033938328,0.000130515123,-0.0735857112,-4.1836905,1731.52492
0.246694263,0.0556052884,0.00222266364,0.00196273859,-0.0588295388,-2.50516368,1725.65128
0.246744373,0.00912036556,0.00315764795,0.000107034578,-0.0739983494,-4.24335561,1732.03697
0.246753482,0.115035914,-0.00421963315,0.000994873562,-0.0331849904,0.335286801,1734.40395
0.246825876,0.00817490128,0.00291867762,8.69635532e-05,-0.0743840092,-4.30094994,1732.52789
0.246901911,0.00729285993,0.00267892914,6.9919279e-05,-0.0747442949,-4.35639424,1732.99648
0.246936329,0.112164181,-0.00405377291,0.00114125258,-0.0352697924,0.149284884,1734.14053
0.246972846,0.00646998704,0.00244014051,5.55455218e-05,-0.0750807432,-4.40963565,1733.44205
0.24700124,0.0515415566,0.00272490397,0.0018700221,-0.0602484476,-2.62391553,1725.36028
0.247039022,0.0057023135,0.00220379958,4.35178572e-05,-0.0753948218,-4.46065041,1733.86436
0.24710076,0.00498613648,0.00197116381,3.35414949e-05,-0.0756879289,-4.50942127,1734.26349
0.247132324,0.109085956,-0.0038422114,0.00129865028,-0.0373893642,-0.0451897666,1733.74265
0.247158355,0.00431800152,0.00174328066,2.53482446e-05,-0.0759613929,-4.5559549,1734.6398
0.247212088,0.00369468589,0.00152100823,1.86991992e-05,-0.0762164726,-4.60027753,1734.99385
0.247262215,0.00311318307,0.00130503508,1.33815454e-05,-0.0764543584,-4.64242013,1735.32638
0.247287624,0.0477504251,0.00317026547,0.00176026088,-0.0615537225,-2.73174878,1725.1597
0.247308981,0.0025706882,0.00109589895,9.20537037e-06,-0.0766761739,-4.68242861,1735.6382
0.247342411,0.105786393,-0.00358300346,0.00146525764,-0.0395356427,-0.246722723,1733.22352
0.247352609,0.00206458457,0.0008940047,6.00530422e-06,-0.0768829773,-4.72035565,1735.93023
0.24739331,0.00159243101,0.000699641133,3.62830692e-06,-0.0770757641,-4.75619829,1736.20342
0.247431281,0.00115195011,0.000512995847,1.93756309e-06,-0.0772554689,-4.78998728,1736.45875
0.247466705,0.000741017226,0.000334168531,7.76137269e-07,-0.0774229685,-4.82195589,1736.69719
0.247499753,0.000357650242,0.000163183927,4.34224016e-07,-0.0775790843,-4.85236141,1736.91972
0.247530584,0,0,0,-0.0777246034,-4.86668916,1737.12729
0.247554797,0.0442136074,0.00355751197,0.00163929944,-0.0627628167,-2.83108772,1725.05123
0.247567605,0.102249575,-0.00327427987,0.00163837743,-0.0417001752,-0.453812383,1732.60138
0.247804048,0.040914044,0.00388622219,0.00151205236,-0.0638888951,-2.92395894,1725.03572
0.247808991,0.0984584434,-0.00291418594,0.0018142337,-0.0438744593,-0.664855166,1731.89834
0.248036578,0.0378358195,0.0041568487,0.00138258293,-0.06494193,-3.01194682,1725.11211
0.248067734,0.0943947116,-0.00250092008,0.00198776233,-0.0460504058,-0.878206697,1731.1386
0.248253511,0.0349640862,0.00437065979,0.00125411687,-0.0659295356,-3.09642651,1725.277
0.248345083,0.0900387783,-0.00203271398,0.00215249139,-0.0482209551,-1.09241143,1730.34654
0.248455891,0.0322849924,0.00452968219,0.00112916408,-0.0668576009,-3.17845843,1725.52467
0.248642373,0.0853696328,-0.00150788978,0.00229997201,-0.0503808772,-1.30601204,1729.54499
0.248644695,0.0297856156,0.00463665869,0.00100962268,-0.0677307667,-3.25873205,1725.84734
0.248820834,0.0274539002,0.00469488933,0.000896812329,-0.0685527812,-3.33775384,1726.23577
0.24896104,0.0803647536,-0.000925009086,0.00242089307,-0.0525277899,-1.51833439,1728.75395
0.248985157,0.0252785992,0.00470809197,0.000791602532,-0.0693267624,-3.41583264,1726.67978
0.249138458,0.0232492201,0.00468027656,0.00069449054,-0.0700553888,-3.4931107,1727.16883
0.249281475,0.0213559743,0.00461561583,0.000605672562,-0.0707410353,-3.56960664,1727.69253
0.249302621,0.075,-0.000283192164,0.00250389028,-0.0546635922,-1.72979076,1727.9897
0.249414898,0.0195897299,0.00451833035,0.000525108257,-0.0713858689,-3.64524693,1728.241
0.249424743,0.15,0,0,-0.00684823325,2.32382863,1719.71692
0.24944302,0.14964235,-0.000152346271,2.23106971e-07,-0.00724941113,2.32172287,1720.07238
0.249462611,0.149258983,-0.000311195423,7.17228695e-07,-0.00767819195,2.31672007,1720.45253
0.249483611,0.14884805,-0.000476443154,1.64875417e-06,-0.00813629312,2.31045684,1720.85857
0.24950612,0.148407569,-0.000647925629,3.09975432e-06,-0.00862554268,2.30295373,1721.29164
0.249530248,0.147935415,-0.000825400028,5.19032673e-06,-0.00914784869,2.29404803,1721.7528
0.249539371,0.0179419674,0.00439259217,0.000452582773,-0.0719919126,-3.71989411,1728.80513
0.249556111,0.147429312,-0.00100853555,8.06064197e-06,-0.00970519578,2.28351988,1722.24293
0.249583834,0.146886817,-0.00119690224,1.18756931e-05,-0.0102996402,2.27114514,1722.76276
0.24961355,0.146305314,-0.00138995965,1.68260605e-05,-0.0109333029,2.25664919,1723.31271
0.249644202,0.0696352464,0.000369897834,0.00253484977,-0.0566570013,-1.92564613,1727.31175
0.249645403,0.145681998,-0.00158704547,2.31357209e-05,-0.0116083599,2.23972505,1723.89289
0.249655494,0.0164047389,0.00424244561,0.000387751661,-0.0725610884,-3.79337664,1729.37682
0.249679546,0.145013864,-0.00178736467,3.10650377e-05,-0.0123270305,2.22002993,1724.50302
0.249716144,0.144297686,-0.00198997908,4.09151996e-05,-0.0130915622,2.19718238,1725.14227
0.249755374,0.143530013,-0.00219379792,5.30334124e-05,-0.0139042118,2.17075711,1725.80925
0.249763827,0.0149706296,0.0040717462,0.000330177681,-0.073095243,-3.8655129,1729.94899
0.249797425,0.14270714,-0.0023975691,6.7817476e-05,-0.0147672231,2.14028529,1726.50181
0.249842499,0.141825099,-0.0025998719,8.57209256e-05,-0.0156827998,2.10526799,1727.21697
0.249864893,0.0136327222,0.00388411693,0.000279369118,-0.0735961637,-3.93610624,1730.51564
0.249890814,0.140879634,-0.00279911316,0.000107254304,-0.0166530744,2.06516976,1727.95079
0.249942603,0.139866187,-0.00299352582,0.000132983099,-0.0176800713,2.01941359,1728.69824
0.24995918,0.0123845633,0.00368291502,0.000234802153,-0.0740655854,-4.00496611,1731.07184
0.249962869,0.0646303672,0.000983114845,0.00251561794,-0.0584130311,-2.0950452,1726.75718
0.249998117,0.138779867,-0.003181169,0.000163537352,-0.0187656651,1.9673726,1729.45306
0.250047142,0.0112201325,0.0034712148,0.000195942382,-0.0745051939,-4.07193332,1731.6136
0.250057622,0.137615437,-0.00335993839,0.000199614834,-0.0199115333,1.90838579,1730.20768
0.250121405,0.136367278,-0.00352758914,0.000241963608,-0.0211191039,1.84175432,1730.95312
0.250129203,0.0101338132,0.00325180201,0.000162259036,-0.074916625,-4.1368596,1732.13784
0.250189775,0.13502937,-0.00368174686,0.000291401136,-0.0223894979,1.76677406,1731.67898
0.250205759,0.00912036556,0.00302717362,0.000133235636,-0.0753014633,-4.19962685,1732.64227
0.25026016,0.0599612217,0.00155231949,0.00245469986,-0.059980859,-2.24381522,1726.31127
0.250263061,0.133595261,-0.00381992325,0.000348797513,-0.0237234666,1.68280586,1732.37343
0.25027718,0.00817490128,0.0027995448,0.000108384225,-0.0756612393,-4.26014836,1733.12528
0.250341617,0.132058033,-0.00393955,0.000415025939,-0.0251213264,1.58927034,1733.02338
0.25034381,0.00729285993,0.00257086002,8.72459705e-05,-0.0759974266,-4.31834708,1733.58582
0.25040597,0.00646998704,0.00234280775,6.93909723e-05,-0.0763114397,-4.37417617,1734.02335
0.250425821,0.13041027,-0.00403800123,0.000490962602,-0.0265828896,1.48561854,1733.61465
0.250463961,0.0057023135,0.00211683807,5.44258172e-05,-0.0766046323,-4.42761898,1734.43772
0.25051608,0.128644026,-0.00411263074,0.000577463493,-0.0281073964,1.37135144,1734.13238
0.250518061,0.00498613648,0.00189418128,4.19931484e-05,-0.0768782958,-4.47867075,1734.82909
0.250537508,0.0556052884,0.0020743141,0.00236043327,-0.061397608,-2.37640918,1725.96504
0.250568532,0.00431800152,0.00167586654,3.17680504e-05,-0.0771336588,-4.52734306,1735.19788
0.250612829,0.12675078,-0.00416082817,0.000675320319,-0.0296934469,1.2461107,1734.56154
0.250615618,0.00369468589,0.00146274079,2.34580401e-05,-0.0773718872,-4.57366611,1735.54471
0.250659545,0.00311318307,0.0012554875,1.68021124e-05,-0.0775940848,-4.61768278,1735.87031
0.250700525,0.0025706882,0.00105464468,1.15678114e-05,-0.0778012942,-4.65944584,1736.17555
0.250716535,0.124721401,-0.00418005694,0.000785222508,-0.031338939,1.10970421,1734.8877
0.250738756,0.00206458457,0.000860621627,7.55157084e-06,-0.0779944985,-4.69901578,1736.46133
0.250774423,0.00159243101,0.000673714822,4.56500108e-06,-0.0781746229,-4.73640675,1736.72861
0.250796251,0.0515415566,0.00254648447,0.00224131576,-0.0626912148,-2.49609274,1725.71407
0.250807697,0.00115195011,0.000494122199,2.45300104e-06,-0.078342537,-4.77171911,1736.97838
0.250827698,0.1225461,-0.004167883,0.000907680677,-0.0330410141,0.962128711,1735.09786
0.25083874,0.000741017226,0.000321956569,1.04124829e-06,-0.0784990568,-4.80504419,1737.21159
0.250867699,0.000357650242,0.000157258692,5.33164072e-07,-0.0786449472,-4.83633342,1737.42921
0.250894716,0,0,0,-0.0787809409,-4.85095029,1737.63219
0.250946853,0.120214384,-0.00412200415,0.00104296597,-0.0347960168,0.803606891,1735.18151
0.251037638,0.0477504251,0.00296678391,0.00210460973,-0.0638826726,-2.60573118,1725.5568
0.251074577,0.117715008,-0.00404026924,0.00119104553,-0.0365994736,0.63460421,1735.13164
0.251211484,0.115035914,-0.00392068374,0.00135146716,-0.0384460978,0.455834982,1734.94578
0.251262831,0.0442136074,0.00333379408,0.00195668375,-0.0649877468,-2.70765377,1725.49252
0.251358236,0.112164181,-0.00376140071,0.00152326741,-0.0403298302,0.268250964,1734.62669
0.251472919,0.040914044,0.00364682857,0.0018028361,-0.0660182868,-2.80374342,1725.5199
0.25151554,0.109085956,-0.00356069188,0.00170484537,-0.0422439249,0.0730233761,1734.18269
0.251668913,0.0378358195,0.00390604179,0.0016474765,-0.0669832299,-2.89552388,1725.63611
0.251684155,0.105786393,-0.0033169195,0.0018938181,-0.0441810945,-0.128457147,1733.62738
0.251851761,0.0349640862,0.00411233688,0.001494098,-0.0678893652,-2.98425443,1725.83649
0.251864894,0.102249575,-0.00302850801,0.00208687249,-0.0461337291,-0.334729532,1732.97872
0.252022342,0.0322849924,0.00426734377,0.00134539381,-0.0687419139,-3.07080839,1726.11451
0.252058629,0.0984584434,-0.00269384963,0.00227958959,-0.0480942079,-0.544326981,1732.25786
0.25218148,0.0297856156,0.00437341838,0.0012034111,-0.0695449666,-3.15579388,1726.46204
0.252266295,0.0943947116,-0.00231128269,0.00246621843,-0.0500553244,-0.755725632,1731.48753
0.252329944,0.0274539002,0.00443347337,0.0010695665,-0.0703018093,-3.23963804,1726.86983
0.252468448,0.0252785992,0.00445085404,0.000944794757,-0.0710151647,-3.32256494,1727.32795
0.252488892,0.0900387783,-0.00187910624,0.00263959275,-0.0520108518,-0.96758217,1730.69041
0.252597661,0.0232492201,0.00442921391,0.000829617813,-0.0716873663,-3.40465357,1727.82632
0.252718207,0.0213559743,0.00437239215,0.000724229256,-0.0723204835,-3.48587218,1728.35507
0.252727496,0.0853696328,-0.0013955767,0.00279052354,-0.0539562778,-1.1785787,1729.88788
0.252830666,0.0195897299,0.00428430295,0.000628561991,-0.0729164081,-3.56610868,1728.90492
0.252935581,0.0179419674,0.00416883927,0.000542354927,-0.0734769126,-3.64519954,1729.46735
0.252983256,0.0803647536,-0.000858991118,0.00290893424,-0.0558897433,-1.38822884,1729.09932
0.253033458,0.0164047389,0.00402979372,0.000465204266,-0.0740036889,-3.7229553,1730.0348
0.25312477,0.0149706296,0.00387079757,0.000396602627,-0.0744983709,-3.79917045,1730.60072
0.253209956,0.0136327222,0.00369527675,0.000335975348,-0.0749625478,-3.87364609,1731.15957
0.253257407,0.075,-0.000267953968,0.00298275867,-0.0578133616,-1.59718979,1728.34172
0.253289428,0.0123845633,0.00350642014,0.000282715185,-0.0753977699,-3.94620314,1731.70682
0.253363569,0.0112201325,0.00330715812,0.000236206353,-0.0758055502,-4.01667404,1732.23881
0.253432737,0.0101338132,0.00310015328,0.000195831592,-0.0761873633,-4.08490964,1732.75276
0.253497264,0.00912036556,0.00288779976,0.000160988993,-0.0765446425,-4.1508008,1733.24661
0.253531557,0.0696352464,0.000334349453,0.00299844605,-0.0596093768,-1.79105399,1727.67583
0.253557463,0.00817490128,0.00267222835,0.000131108672,-0.0768787767,-4.21426521,1733.71894
0.253613624,0.00729285993,0.00245531586,0.000105653564,-0.0771911073,-4.2752354,1734.16886
0.253666017,0.00646998704,0.00223869766,8.41210977e-05,-0.0774829252,-4.33367222,1734.59595
0.253714896,0.0057023135,0.00202378299,6.60481681e-05,-0.0777554683,-4.3895612,1735.00015
0.253760496,0.00498613648,0.00181177182,5.10116451e-05,-0.0780099202,-4.44290717,1735.38169
0.253787317,0.0646303672,0.000901280146,0.00295978445,-0.0611925502,-1.95920518,1727.13933
0.253803037,0.00431800152,0.00160367253,3.8627451e-05,-0.0782474091,-4.49373237,1735.74104
0.253842724,0.00369468589,0.00140031941,2.85491931e-05,-0.078469007,-4.54207397,1736.07885
0.253879749,0.00311318307,0.0012023899,2.04666361e-05,-0.0786757303,-4.58798248,1736.39587
0.253914291,0.0025706882,0.00101042127,1.41023776e-05,-0.0788685405,-4.6315165,1736.69297
0.253946515,0.00206458457,0.000824826565,9.21370941e-06,-0.079048345,-4.67274828,1736.97108
0.253976578,0.00159243101,0.000645909562,5.57318263e-06,-0.0792159987,-4.7116988,1737.23113
0.254004624,0.00115195011,0.000473878229,3.0153096e-06,-0.0793723058,-4.74853155,1737.4741
0.254025921,0.0599612217,0.00142921497,0.00287644322,-0.0626073316,-2.10758734,1726.71774
0.254030788,0.000741017226,0.000308858143,1.2959822e-06,-0.0795180215,-4.78296638,1737.70094
0.254055198,0.000357650242,0.000150904718,5.82006198e-07,-0.0796538545,-4.81549449,1737.91259
0.25407797,0,0,0,-0.0797804825,-4.83094352,1738.11
0.254245021,0.15,0,0,-0.015171138,2.63544794,1722.1259
0.254248519,0.0556052884,0.00191518863,0.00275775988,-0.063887216,-2.24068865,1726.40136
0.2542586,0.14964235,-0.00014417086,3.92228921e-07,-0.0155331622,2.63111083,1722.45029
0.254273156,0.149258983,-0.000294310576,1.23041499e-06,-0.0159200745,2.6213394,1722.7972
0.254288758,0.14884805,-0.000450291576,2.81833776e-06,-0.0163334228,2.60997026,1723.1677
0.254305483,0.148407569,-0.000611928918,5.25041735e-06,-0.0167748488,2.59704622,1723.56284
0.254323409,0.147935415,-0.000778961251,8.71157578e-06,-0.0172460649,2.58245056,1723.98352
0.254342625,0.147429312,-0.000951042616,1.34006216e-05,-0.0177488506,2.56596207,1724.43054
0.254363222,0.146886817,-0.00112773205,1.95475308e-05,-0.0182850475,2.54737934,1724.90449
0.254385301,0.146305314,-0.00130848368,2.74100805e-05,-0.0188565532,2.52642584,1725.40571
0.254408967,0.145681998,-0.00149263725,3.72892862e-05,-0.0194653119,2.50279141,1725.93423
0.254434335,0.145013864,-0.0016794086,4.95272151e-05,-0.0201133035,2.47615397,1726.48966
0.254456184,0.0515415566,0.00235661219,0.00261299364,-0.0650573623,-2.36174774,1726.18442
0.254461526,0.144297686,-0.00186788088,6.45086068e-05,-0.0208025296,2.4461432,1727.07117
0.254490674,0.143530013,-0.00205699653,8.26689674e-05,-0.0215349963,2.41236587,1727.67732
0.254521916,0.14270714,-0.00224555078,0.000104492712,-0.022312693,2.37439428,1728.30597
0.254555406,0.141825099,-0.00243218708,0.00013051798,-0.023137569,2.33174695,1728.95422
0.254591303,0.140879634,-0.00261539608,0.000161341701,-0.0240115036,2.28390728,1729.61821
0.254629782,0.139866187,-0.00279351863,0.000197616878,-0.0249362736,2.23033259,1730.29305
0.254649919,0.0477504251,0.00275131853,0.00245001149,-0.0661366299,-2.47357714,1726.06344
0.254671027,0.138779867,-0.00296475419,0.000240047389,-0.0259135156,2.17042884,1730.97271
0.254715238,0.137615437,-0.00312716766,0.000289403671,-0.0269446833,2.10356882,1731.64989
0.254762628,0.136367278,-0.00327870205,0.000346498748,-0.0280310006,2.02917418,1732.31596
0.254813426,0.13502937,-0.00341719676,0.000412162201,-0.0291734101,1.94668353,1732.96097
0.254830658,0.0442136074,0.00309768119,0.00227568006,-0.0671391364,-2.57840098,1726.03565
0.254867876,0.133595261,-0.00354040619,0.000487247575,-0.0303725181,1.85549303,1733.57362
0.254926241,0.132058033,-0.00364602859,0.000572606182,-0.0316285364,1.75503337,1734.14146
0.254988804,0.13041027,-0.00373174436,0.00066906283,-0.0329412218,1.64481732,1734.65107
0.254999273,0.040914044,0.00339474984,0.00209571164,-0.0680754488,-2.67797149,1726.09786
0.255055864,0.128644026,-0.00379525397,0.000777374797,-0.0343098162,1.52445035,1735.08846
0.255127747,0.12675078,-0.00383430726,0.000898189475,-0.035732988,1.39365867,1735.43961
0.255156577,0.0378358195,0.00364231828,0.00191482365,-0.0689534953,-2.77376291,1726.24575
0.255204798,0.124721401,-0.00384673466,0.00103200326,-0.0372087782,1.25231968,1735.69122
0.25528739,0.1225461,-0.00383047654,0.0011790874,-0.0387345542,1.10049426,1735.83151
0.255303329,0.0349640862,0.00384091372,0.00173678469,-0.069779261,-2.86689846,1726.47359
0.255375921,0.120214384,-0.00378360393,0.00133942398,-0.0403069765,0.938456397,1735.85122
0.255440236,0.0322849924,0.00399181332,0.0015645124,-0.0705573154,-2.9580932,1726.77417
0.255470817,0.117715008,-0.00370432848,0.00151263736,-0.0419219814,0.766706296,1735.74464
0.25556796,0.0297856156,0.00409697735,0.00140018719,-0.0712912115,-3.04788626,1727.13911
0.255572537,0.115035914,-0.00359099956,0.00169788591,-0.0435747893,0.585973219,1735.5104
0.255681571,0.112164181,-0.00344208801,0.00189376661,-0.0452599425,0.397207155,1735.15212
0.255687116,0.0274539002,0.0041589239,0.00124534254,-0.0719837835,-3.13661599,1727.55921
0.255798278,0.0252785992,0.00418062161,0.00110098242,-0.0726373658,-3.22443355,1728.02482
0.255798445,0.109085956,-0.00325615305,0.00209819942,-0.0469713862,0.201548435,1734.67849
0.255901984,0.0232492201,0.00416536412,0.000967666062,-0.073253953,-3.31136047,1728.5263
0.255923723,0.105786393,-0.00303179091,0.00230828595,-0.0487026007,0.000296719762,1734.10299
0.255998733,0.0213559743,0.00411665216,0.00084559394,-0.0738353131,-3.39731462,1729.05431
0.256058008,0.102249575,-0.0027676133,0.00252015383,-0.0504468011,-0.205129144,1733.44288
0.256088992,0.0195897299,0.00403808664,0.000734677419,-0.0743830661,-3.48214653,1729.60013
0.256173196,0.0179419674,0.00393327565,0.000634616462,-0.0748987368,-3.56567644,1730.15583
0.25620195,0.0984584434,-0.00246218259,0.00272880692,-0.0521972209,-0.413347085,1732.71795
0.256251752,0.0164047389,0.00380575655,0.000544957477,-0.0753837887,-3.64769773,1730.71437
0.256325038,0.0149706296,0.00365893301,0.00046512829,-0.0758396443,-3.72798904,1731.2697
0.256356242,0.0943947116,-0.00211392183,0.00292787847,-0.0539474991,-0.622983511,1731.94915
0.256393408,0.0136327222,0.00349602862,0.000394480019,-0.076267696,-3.80634672,1731.81672
0.256457192,0.0123845633,0.00332005582,0.000332327575,-0.0766693105,-3.88259303,1732.35125
0.256516696,0.0112201325,0.00313379437,0.000277972639,-0.0770458291,-3.95655976,1732.87
0.256521628,0.0900387783,-0.00172110134,0.0031095649,-0.0556921948,-0.832795251,1731.15732
0.25657221,0.0101338132,0.00293977892,0.000230716247,-0.0773985653,-4.02810364,1733.37044
0.256623999,0.00912036556,0.00274029606,0.000189876666,-0.0777288021,-4.09711873,1733.85073
0.256672314,0.00817490128,0.00253738711,0.00015480248,-0.0780377877,-4.16352377,1734.30961
0.256698906,0.0853696328,-0.00128185505,0.00326401345,-0.0574274592,-1.0415918,1730.36231
0.256717389,0.00729285993,0.00233285583,0.000124878128,-0.0783267316,-4.22726298,1734.74635
0.256759439,0.00646998704,0.00212827982,9.95285829e-05,-0.0785968018,-4.28830589,1735.16063
0.256798669,0.0057023135,0.00192502383,7.82220921e-05,-0.0788491212,-4.34664494,1735.55247
0.256835267,0.00498613648,0.00172425466,6.04711209e-05,-0.0790847663,-4.40229267,1735.92216
0.25686941,0.00431800152,0.00152695714,4.58320194e-05,-0.0793047652,-4.45527908,1736.2702
0.256888931,0.0803647536,-0.000794171935,0.00338043084,-0.0591518967,-1.2490698,1729.58277
0.256901263,0.00369468589,0.00133395023,3.39036009e-05,-0.0795100969,-4.50564876,1736.59724
0.256930979,0.00311318307,0.00114590305,2.43255982e-05,-0.0797016914,-4.55345944,1736.90408
0.256958702,0.0025706882,0.000963350441,1.67749015e-05,-0.0798804293,-4.598776,1737.19158
0.256984565,0.00206458457,0.000786707784,1.09682588e-05,-0.0800471432,-4.64167999,1737.46063
0.257008693,0.00159243101,0.000616285087,6.63972488e-06,-0.0802026185,-4.68219497,1737.71219
0.257031202,0.00115195011,0.000452299782,3.59999426e-06,-0.0803475947,-4.72050112,1737.94718
0.257052202,0.000741017226,0.000294889741,1.54483881e-06,-0.080482767,-4.75612431,1738.16657
0.257071793,0.000357650242,0.00014412341,6.24828643e-07,-0.0806087882,-4.78998181,1738.37125
0.25709007,0,0,0,-0.0807262818,-4.80624013,1738.56215
0.25709262,0.075,-0.000256122923,0.00344608727,-0.0608677719,-1.45613043,1728.8361
0.257296309,0.0696352464,0.000293676028,0.00344788917,-0.0624705106,-1.648635,1728.1838
0.257486334,0.0646303672,0.000813061481,0.00339134837,-0.0638843821,-1.81613302,1727.66421
0.257663612,0.0599612217,0.00129879012,0.00328720817,-0.0651492022,-1.96467338,1727.26349
0.257828998,0.0556052884,0.00174801413,0.00314570986,-0.0662949201,-2.0987726,1726.97168
0.257983289,0.0515415566,0.00215809109,0.00297680767,-0.0673439865,-2.22163204,1726.78195
0.258127231,0.0477504251,0.0025267049,0.00278895306,-0.0683131846,-2.33600704,1726.68929
0.258261517,0.0442136074,0.00285199934,0.00258947207,-0.0692150302,-2.44401807,1726.68929
0.258386795,0.040914044,0.00313274924,0.00238450041,-0.0700588451,-2.54734696,1726.77728
0.258503669,0.0378358195,0.00336838494,0.00217907286,-0.0708515782,-2.64733682,1726.94773
0.258612702,0.0349640862,0.00355906038,0.00197721441,-0.0715984334,-2.74496421,1727.19404
0.258714422,0.0322849924,0.00370569369,0.00178207725,-0.0723033473,-2.84088638,1727.50853
0.258809318,0.0297856156,0.00380984907,0.0015960005,-0.0729693498,-2.93555125,1727.88264
0.25882874,0.15,0,0,-0.0230854757,2.93546335,1724.41663
0.258837821,0.14964235,-0.000133873413,5.60306014e-07,-0.0234097443,2.92896703,1724.70954
0.258847554,0.149258983,-0.000273132793,1.73728364e-06,-0.0237562711,2.91456731,1725.02279
0.258857987,0.14884805,-0.000417636184,3.96872713e-06,-0.0241264407,2.89824812,1725.35734
0.258869171,0.148407569,-0.000567186647,7.36063501e-06,-0.0245217158,2.8800862,1725.71411
0.258881158,0.147935415,-0.00072151499,1.21587092e-05,-0.0249436207,2.86001899,1726.09392
0.258894008,0.147429312,-0.000880272448,1.86127738e-05,-0.0253937385,2.83783506,1726.49743
0.258897849,0.0274539002,0.00387365192,0.00142064212,-0.0735988342,-3.02919446,1728.30729
0.258907781,0.146886817,-0.00104302167,2.70119601e-05,-0.0258737059,2.81333522,1726.92517
0.258922545,0.146305314,-0.00120922831,3.76778417e-05,-0.0263852074,2.78625297,1727.37739
0.258938371,0.145681998,-0.00137825297,5.09787854e-05,-0.0269299671,2.75628894,1727.85406
0.258955334,0.145013864,-0.00154934322,6.73289542e-05,-0.0275097385,2.72313638,1728.35477
0.258973517,0.144297686,-0.00172162622,8.718546e-05,-0.0281262911,2.68646056,1728.87867
0.258980441,0.0252785992,0.00389969054,0.00125708112,-0.0741937562,-3.12190963,1728.77313
0.258993008,0.143530013,-0.00189410244,0.000111054593,-0.0287813955,2.64587849,1729.42435
0.2590139,0.14270714,-0.00206564259,0.000139500743,-0.029476804,2.6009597,1729.98977
0.259036294,0.141825099,-0.00223498702,0.000173142558,-0.0302142289,2.55125993,1730.57212
0.259057492,0.0232492201,0.00389089797,0.00110592737,-0.0747557785,-3.21366786,1729.27097
0.259060299,0.140879634,-0.00240074532,0.000212650461,-0.0309953164,2.49629712,1731.16773
0.25908603,0.139866187,-0.00256139866,0.000258753206,-0.031821617,2.43555514,1731.77195
0.259113611,0.138779867,-0.00271530813,0.000312222639,-0.0326945519,2.36852363,1732.37906
0.259129375,0.0213559743,0.00385043585,0.000967398445,-0.0752863733,-3.30433994,1729.79199
0.259143175,0.137615437,-0.0028607243,0.000373864793,-0.0336153749,2.29468129,1732.98214
0.259174864,0.136367278,-0.00299579722,0.000444518772,-0.0345851312,2.21346235,1733.57305
0.259196436,0.0195897299,0.0037815898,0.000841396545,-0.0757868935,-3.39374799,1730.328
0.259208833,0.13502937,-0.00311859811,0.000525039798,-0.0356046115,2.12431094,1734.14238
0.259245244,0.133595261,-0.00322714762,0.000616279946,-0.0366743037,2.02670277,1734.6795
0.259258998,0.0179419674,0.00368767905,0.000727594111,-0.0762586197,-3.48168992,1730.87163
0.259284273,0.132058033,-0.0033194404,0.000719061038,-0.0377943418,1.92015339,1735.1727
0.259317363,0.0164047389,0.00357198017,0.000625491929,-0.0767027906,-3.56794151,1731.41634
0.259326108,0.13041027,-0.00339347119,0.000834144918,-0.0389644534,1.8042443,1735.60941
0.259370952,0.128644026,-0.00344726363,0.000962190721,-0.0401839068,1.67865115,1735.97659
0.259371814,0.0149706296,0.00343766468,0.000534460877,-0.0771206198,-3.65227639,1731.95654
0.25941902,0.12675078,-0.00347890049,0.00110370945,-0.041451461,1.54315972,1736.26128
0.259422611,0.0136327222,0.00328775166,0.000453789364,-0.0775133053,-3.73448789,1732.48755
0.259470001,0.0123845633,0.0031250734,0.000382720279,-0.0778820321,-3.81438897,1733.00554
0.259470544,0.124721401,-0.00348655067,0.00125902488,-0.0427653188,1.3976999,1736.45122
0.259514212,0.0112201325,0.00295225304,0.000320476512,-0.0782279714,-3.89181741,1733.50752
0.259525773,0.1225461,-0.00346849003,0.001428197,-0.0441230873,1.24238365,1736.53579
0.259555458,0.0101338132,0.00277169186,0.000266282288,-0.0785522781,-3.96663853,1733.9912
0.259584974,0.120214384,-0.00342311357,0.00161095377,-0.0455217499,1.0775211,1736.50681
0.259593936,0.00912036556,0.0025855638,0.000219379685,-0.0788560859,-4.03874815,1734.45493
0.259629834,0.00817490128,0.00239581652,0.000179040722,-0.0791405037,-4.10807209,1734.89764
0.259648431,0.117715008,-0.00334893735,0.00180662289,-0.0469576529,0.903631677,1736.35956
0.259663323,0.00729285993,0.00220417716,0.000144575935,-0.079406611,-4.17456275,1735.31869
0.259694566,0.00646998704,0.00201216148,0.000115339731,-0.0796554537,-4.23819707,1735.71785
0.259716451,0.115035914,-0.00324458926,0.00201402825,-0.048426514,0.721445045,1736.09342
0.259723713,0.0057023135,0.00182108562,9.07333994e-05,-0.0798880415,-4.29897485,1736.0952
0.259750905,0.00498613648,0.00163207947,7.0206466e-05,-0.0801053447,-4.35691605,1736.45108
0.259776272,0.00431800152,0.00144610103,5.32566284e-05,-0.0803082928,-4.41205802,1736.786
0.259789362,0.112164181,-0.00310878679,0.00223139681,-0.0499234581,0.53189099,1735.71246
0.259799938,0.00369468589,0.00126395114,3.94284794e-05,-0.080497773,-4.46445261,1737.10065
0.259822017,0.00311318307,0.00108628816,2.83119767e-05,-0.0806746297,-4.51416462,1737.39579
0.259842614,0.0025706882,0.000913642374,1.95386176e-05,-0.0808396641,-4.56126578,1737.67227
0.25986183,0.00206458457,0.000746429769,1.27840144e-05,-0.080993635,-4.60584391,1737.93099
0.259867516,0.109085956,-0.00294030338,0.00245624014,-0.0514430907,0.336073873,1735.22535
0.259879757,0.00159243101,0.00058496516,7.74507921e-06,-0.0811372591,-4.64792455,1738.17286
0.259896481,0.00115195011,0.000429474472,4.19693202e-06,-0.0812712125,-4.68767783,1738.3988
0.259912083,0.000741017226,0.000280106498,1.80000849e-06,-0.0813961311,-4.72463794,1738.60971
0.259926639,0.000357650242,0.000136942559,6.90826711e-07,-0.0815126132,-4.75975528,1738.80649
0.259940218,0,0,0,-0.0816212285,-4.77660748,1738.99002
0.259951289,0.105786393,-0.00273791001,0.00268523525,-0.0529796179,0.135225464,1734.64499
0.260041086,0.102249575,-0.00250032713,0.00291405363,-0.054527027,-0.0693225999,1733.98757
0.26013734,0.0984584434,-0.00222621547,0.00313721477,-0.0560793421,-0.276238642,1733.27132
0.260240515,0.0943947116,-0.0019140471,0.00334783154,-0.057630975,-0.484251974,1732.51534
0.260351109,0.0900387783,-0.00156203008,0.00353757389,-0.0591771921,-0.692274068,1731.73857
0.260469655,0.0853696328,-0.00116816588,0.0036960298,-0.0607147266,-0.899206234,1730.9593
0.260596725,0.0803647536,-0.000730130914,0.00381176219,-0.0622425664,-1.10490732,1730.19534
0.260732932,0.075,-0.000245508277,0.00387142799,-0.0637630533,-1.31052058,1729.46417
0.260869138,0.0696352464,0.000251578706,0.00386216652,-0.0651839424,-1.50212708,1728.8274
0.260996208,0.0646303672,0.000723328225,0.00379084703,-0.066438413,-1.66938178,1728.32397
0.261114754,0.0599612217,0.00116676877,0.00366911739,-0.0675619163,-1.81842635,1727.94098
0.261225348,0.0556052884,0.00157911698,0.00350798361,-0.068581072,-1.95380405,1727.66853
0.261328523,0.0515415566,0.00195764849,0.00331800281,-0.0695157947,-2.07867169,1727.49914
0.261424777,0.0477504251,0.00229989113,0.00310814588,-0.0703809279,-2.19573257,1727.42673
0.261514574,0.0442136074,0.00260376579,0.00288617562,-0.071187495,-2.30700142,1727.44572
0.261598347,0.040914044,0.00286777064,0.002658604,-0.0719436603,-2.41411427,1727.55033
0.261676501,0.0378358195,0.00309102977,0.00243080768,-0.0726554645,-2.51829708,1727.73415
0.261749412,0.0349640862,0.00327335551,0.0022070801,-0.073327389,-2.62037325,1727.98997
0.261817432,0.0322849924,0.00341529013,0.00199078845,-0.0739627854,-2.72094022,1728.30977
0.261880889,0.0297856156,0.00351802052,0.00178445897,-0.0745642012,-2.82036468,1728.68496
0.26194009,0.0274539002,0.0035832984,0.0015898885,-0.0751336233,-2.91880452,1729.1066
0.261995319,0.0252785992,0.00361334147,0.00140825317,-0.0756726577,-3.01629276,1729.56568
0.262046844,0.0232492201,0.00361072662,0.00124022509,-0.0761826605,-3.11274864,1730.05345
0.262094912,0.0213559743,0.00357828078,0.00108605392,-0.0766648304,-3.20800764,1730.56158
0.262139755,0.0195897299,0.00351897867,0.000945652813,-0.0771202723,-3.30186537,1731.08241
0.262181591,0.0179419674,0.00343585313,0.000818680903,-0.0775500399,-3.39409124,1731.60904
0.262220619,0.0164047389,0.00333191943,0.000704604749,-0.0779551617,-3.48444862,1732.13544
0.26225703,0.0149706296,0.00321011475,0.000602752166,-0.0783366564,-3.57270853,1732.65644
0.262290999,0.0136327222,0.00307325023,0.000512359584,-0.0786955395,-3.6586591,1733.16771
0.262322689,0.0123845633,0.00292397542,0.000432608899,-0.0790328251,-3.74211277,1733.66577
0.262352253,0.0112201325,0.00276475433,0.000362657509,-0.0793495245,-3.82291094,1734.14789
0.262379833,0.0101338132,0.00259785089,0.000301661848,-0.079646642,-3.9009244,1734.61198
0.262405564,0.00912036556,0.00242532189,0.000248795086,-0.0799251708,-3.97605352,1735.0566
0.262429569,0.00817490128,0.0022490162,0.00020326042,-0.0801860876,-4.04822935,1735.48077
0.262451963,0.00729285993,0.00207057897,0.000164300813,-0.080430348,-4.11741147,1735.88398
0.262472855,0.00646998704,0.00189145918,0.000131205317,-0.0806588825,-4.18358429,1736.26606
0.262492346,0.0057023135,0.00171291966,0.000103312743,-0.0808725925,-4.24675459,1736.62714
0.262510529,0.00498613648,0.00153604889,8.00134328e-05,-0.0810723474,-4.30694935,1736.96757
0.262527492,0.00431800152,0.00136177381,6.07495379e-05,-0.0812589826,-4.36421294,1737.28789
0.262543318,0.00369468589,0.00119087322,4.50139518e-05,-0.0814332976,-4.41860403,1737.58875
0.262558082,0.00311318307,0.00102399117,3.23488505e-05,-0.0815960549,-4.47019397,1737.87093
0.262571855,0.0025706882,0.000861650281,2.23418776e-05,-0.0817479801,-4.51906074,1738.13524
0.262584705,0.00206458457,0.000704264414,1.46285638e-05,-0.0818897613,-4.56529767,1738.38256
0.262596692,0.00159243101,0.000552150789,8.86980384e-06,-0.0820220496,-4.60893293,1738.61376
0.262607876,0.00115195011,0.000405541534,4.80547567e-06,-0.08214546,-4.65012999,1738.82973
0.262618309,0.000741017226,0.000264594449,2.06440238e-06,-0.0822605721,-4.68843739,1739.03134
0.262628042,0.000357650242,0.000129402634,7.65164063e-07,-0.0823679315,-4.72477769,1739.21945
0.262637123,0,0,0,-0.0824680566,-4.74218,1739.39489
0.263309907,0.15,0,0,-0.0308226935,3.23318165,1726.65609
0.263314388,0.14964235,-0.000121442715,7.16900292e-07,-0.0311090774,3.22460959,1726.91657
0.26331919,0.149258983,-0.000247642333,2.2067991e-06,-0.0314150893,3.20577802,1727.19515
0.263324338,0.14884805,-0.000378452264,5.03525069e-06,-0.0317419514,3.18471903,1727.49268
0.263329856,0.148407569,-0.000513673392,9.31741999e-06,-0.0320909482,3.16153598,1727.80998
0.263335771,0.147935415,-0.000653040082,1.53558398e-05,-0.0324634175,3.13621251,1728.14776
0.263342111,0.147429312,-0.00079621415,2.34488068e-05,-0.0328607475,3.10854279,1728.50661
0.263348908,0.146886817,-0.000942777258,3.39422284e-05,-0.033284372,3.07833024,1728.88695
0.263356192,0.146305314,-0.00109222377,4.72183095e-05,-0.0337357658,3.04532467,1729.28901
0.263364001,0.145681998,-0.00124395361,6.37053808e-05,-0.0342164362,3.00925182,1729.7127
0.263372371,0.145013864,-0.00139726617,8.38797716e-05,-0.0347279146,2.96981115,1730.15763
0.263381343,0.144297686,-0.00155135521,0.000108266662,-0.0352717445,2.92668462,1730.62297
0.26339096,0.143530013,-0.00170530568,0.000137439034,-0.0358494676,2.87950791,1731.1074
0.263401268,0.14270714,-0.00185809126,0.000172028554,-0.0364626075,2.82787684,1731.609
0.263412318,0.141825099,-0.00200857327,0.000212721778,-0.0371126496,2.7713904,1732.12515
0.263424162,0.140879634,-0.00215550259,0.000260248347,-0.0378010184,2.70962582,1732.65242
0.263436858,0.139866187,-0.00229752398,0.000315383562,-0.0385290519,2.64212148,1733.18651
0.263450467,0.138779867,-0.00243318251,0.000378942372,-0.0392979714,2.56839182,1733.72207
0.263465054,0.137615437,-0.00256093563,0.000451769183,-0.0401088486,2.48794296,1734.25271
0.26348069,0.136367278,-0.00267917026,0.000534724298,-0.0409625696,2.40027843,1734.77085
0.263497451,0.13502937,-0.0027862195,0.000628665955,-0.0418597951,2.30491134,1735.26778
0.263515417,0.133595261,-0.00288038219,0.000734427122,-0.0428009179,2.20137788,1735.73362
0.263534674,0.132058033,-0.00295994627,0.000852788787,-0.0437860195,2.0892531,1736.15754
0.263555317,0.13041027,-0.00302321366,0.000984447779,-0.0448148239,1.96817688,1736.52793
0.263577443,0.128644026,-0.00306852403,0.00112997086,-0.0458866528,1.83788477,1736.83275
0.26360116,0.12675078,-0.00309427781,0.00128974569,-0.0470003815,1.6982193,1737.0601
0.263626583,0.124721401,-0.00309895677,0.00146393706,-0.0481543992,1.54915358,1737.19883
0.263653834,0.1225461,-0.0030811379,0.00165242012,-0.0493465752,1.39083149,1737.23931
0.263683045,0.120214384,-0.0030394977,0.00185470998,-0.0505742345,1.22358559,1737.17432
0.263714356,0.117715008,-0.00297280725,0.0020698859,-0.0518341469,1.0479411,1736.99983
0.263747918,0.115035914,-0.00287991793,0.00229649829,-0.053122535,0.864615781,1736.71571
0.263783893,0.112164181,-0.00275973451,0.00253247609,-0.0544351062,0.674511302,1736.32606
0.263822456,0.109085956,-0.00261117631,0.00277499428,-0.055767118,0.478691822,1735.83917
0.263863791,0.105786393,-0.00243313622,0.00302038392,-0.057113485,0.278286795,1735.26703
0.263908098,0.102249575,-0.00222443028,0.00326400544,-0.0584689393,0.0745320842,1734.62444
0.263955591,0.0984584434,-0.00198373546,0.00349997759,-0.0598282603,-0.131239939,1733.9279
0.264006499,0.0943947116,-0.00170948198,0.00372098611,-0.0611865882,-0.337873273,1733.19457
0.264061068,0.0900387783,-0.00139980001,0.00391834108,-0.0625398464,-0.544427033,1732.44148
0.264119561,0.0853696328,-0.00105256552,0.00408114371,-0.0638852961,-0.749838106,1731.6853
0.264182259,0.0803647536,-0.000665168135,0.00419740413,-0.0652222551,-0.954164639,1730.9428
0.264249466,0.075,-0.000234733284,0.00425323845,-0.0665530933,-1.15882785,1730.23117
0.264316672,0.0696352464,0.000209111403,0.00423576117,-0.0677974835,-1.35005879,1729.61156
0.26437937,0.0646303672,0.000632863708,0.0041528484,-0.0688972212,-1.51752844,1729.12332
0.264437863,0.0599612217,0.00103371962,0.00401687444,-0.0698835131,-1.66746536,1728.75474
0.264492432,0.0556052884,0.00140891023,0.00383945707,-0.07077975,-1.80447477,1728.49629
0.26454334,0.0515415566,0.00175558234,0.0036316689,-0.0716033908,-1.93165215,1728.34021
0.264590833,0.0477504251,0.00207110572,0.00340290754,-0.0723674034,-2.05165255,1728.27984
0.26463514,0.0442136074,0.00235321109,0.0031613566,-0.0730813699,-2.16638482,1728.30883
0.264676475,0.040914044,0.00260010544,0.00291385907,-0.0737523368,-2.27738843,1728.42069
0.264715038,0.0378358195,0.00281060778,0.00266611238,-0.0743854684,-2.38580548,1728.60844
0.264751013,0.0349640862,0.00298421966,0.00242270684,-0.0749845486,-2.49236095,1728.86447
0.264784575,0.0322849924,0.00312111828,0.00218723134,-0.0755523643,-2.59757689,1729.18066
0.264815886,0.0297856156,0.00322211556,0.00196240711,-0.0760909966,-2.70173549,1729.54846
0.264845096,0.0274539002,0.00328859228,0.00175018346,-0.0766020389,-2.80493373,1729.95918
0.264872347,0.0252785992,0.00332240146,0.00155185205,-0.0770867588,-2.90713902,1730.40418
0.26489777,0.0232492201,0.00332576657,0.0013681585,-0.0775462148,-3.0082218,1730.87512
0.264921488,0.0213559743,0.00330118003,0.00119939894,-0.0779813398,-3.1079884,1731.36419
0.264943614,0.0195897299,0.00325130542,0.00104551022,-0.0783929975,-3.20620708,1731.86419
0.264964257,0.0179419674,0.00317888956,0.000906150646,-0.0787820206,-3.30262925,1732.36871
0.264983514,0.0164047389,0.00308668782,0.000780768548,-0.0791492329,-3.3970076,1732.87215
0.26500148,0.0149706296,0.00297740299,0.000668660938,-0.0794954626,-3.48910745,1733.36972
0.265018241,0.0136327222,0.00285363709,0.00056902267,-0.0798215472,-3.57871511,1733.85744
0.265033877,0.0123845633,0.00271785505,0.000480986214,-0.0801283341,-3.66564409,1734.33212
0.265048464,0.0112201325,0.00257235932,0.000403654001,-0.0804166781,-3.74973841,1734.79124
0.265062073,0.0101338132,0.00241927387,0.000336123874,-0.0806874368,-3.83087397,1735.23294
0.265074769,0.00912036556,0.00226053561,0.000277508593,-0.0809414657,-3.90895792,1735.65587
0.265086613,0.00817490128,0.00209789177,0.000226950517,-0.0811796124,-3.98392729,1736.0592
0.265097663,0.00729285993,0.00193290233,0.000183632173,-0.081402712,-4.05574763,1736.44248
0.265107971,0.00646998704,0.00176694605,0.000146783432,-0.0816115816,-4.12441052,1736.80558
0.265117588,0.0057023135,0.001601229,0.000115686061,-0.0818070173,-4.18993007,1737.14866
0.26512656,0.00498613648,0.00143679482,8.96759602e-05,-0.0819897898,-4.25234004,1737.47208
0.26513493,0.00431800152,0.00127453613,6.81437728e-05,-0.0821606426,-4.31169136,1737.77637
0.265142739,0.00369468589,0.00111520661,5.05340235e-05,-0.0823202897,-4.36804907,1738.06216
0.265150023,0.00311318307,0.000959433172,3.63441433e-05,-0.082469414,-4.42149082,1738.3302
0.265156819,0.0025706882,0.000807727913,2.51200609e-05,-0.0826086668,-4.47210066,1738.58127
0.26516316,0.00206458457,0.0006605,1.64589542e-05,-0.0827386675,-4.51997697,1738.8162
0.265169075,0.00159243101,0.000518066931,9.9871448e-06,-0.0828600034,-4.56515044,1739.03583
0.265174593,0.00115195011,0.000380665163,5.41084013e-06,-0.08297323,-4.60778038,1739.24101
0.265179741,0.000741017226,0.000248460137,2.33006809e-06,-0.0830788719,-4.64742997,1739.43256
0.265184543,0.000357650242,0.000121555226,8.43258064e-07,-0.0831774237,-4.68496031,1739.6113
0.265189024,0,0,0,-0.0832693534,-4.70288559,1739.77801
0.267412063,0.15,0,0,-0.0379055506,3.50480175,1728.70615
0.26741252,0.14964235,-0.000108269632,8.55767573e-07,-0.0381570068,3.49434117,1728.93592
0.26741301,0.149258983,-0.000220656248,2.62222899e-06,-0.0384256664,3.47147745,1729.18168
0.267413535,0.14884805,-0.000337017512,5.97853064e-06,-0.0387126026,3.44612968,1729.44417
0.267414098,0.148407569,-0.000457161634,1.10431096e-05,-0.0390189362,3.4184317,1729.72412
0.267414701,0.147935415,-0.000580837526,1.81642037e-05,-0.0393458343,3.38841109,1730.02215
0.267415348,0.147429312,-0.000707729802,2.76784186e-05,-0.0396945064,3.35586401,1730.33878
0.267416041,0.146886817,-0.000837452182,3.99752627e-05,-0.0400662015,3.32060618,1730.67438
0.267416784,0.146305314,-0.000969541479,5.54818182e-05,-0.0404622026,3.28239986,1731.02912
0.26741758,0.145681998,-0.00110345213,7.46733166e-05,-0.0408838202,3.24098365,1731.40293
0.267418434,0.145013864,-0.00123855156,9.80734098e-05,-0.0413323842,3.19606719,1731.79541
0.267419349,0.144297686,-0.00137411647,0.000126258738,-0.0418092336,3.14733452,1732.20582
0.26742033,0.143530013,-0.00150933033,0.000159856819,-0.0423157044,3.09445563,1732.63293
0.267421381,0.14270714,-0.00164328147,0.000199544717,-0.0428531147,3.03708225,1733.07498
0.267422508,0.141825099,-0.00177496315,0.000246049498,-0.0434227478,2.97482946,1733.52958
0.267423716,0.140879634,-0.00190327687,0.000300144005,-0.0440258326,2.90728989,1733.99361
0.267425011,0.139866187,-0.00202703845,0.000362641523,-0.0446635201,2.83404065,1734.46311
0.267426399,0.138779867,-0.00214498615,0.000434386294,-0.0453368587,2.75464428,1734.93322
0.267427887,0.137615437,-0.00225579096,0.000516241809,-0.0460467648,2.66865454,1735.39806
0.267429482,0.136367278,-0.00235806978,0.000609075393,-0.0467939917,2.57562429,1735.85071
0.267431191,0.13502937,-0.0024504017,0.000713738718,-0.0475790958,2.47511667,1736.28317
0.267433023,0.133595261,-0.00253134667,0.000831043414,-0.0484023994,2.36671943,1736.68641
0.267434987,0.132058033,-0.00259946532,0.000961731325,-0.0492639532,2.25006194,1737.05049
0.267437093,0.13041027,-0.00265333925,0.00110643978,-0.050163497,2.12483457,1737.36475
0.267439349,0.128644026,-0.0026915909,0.00126565899,-0.0511004201,1.99081395,1737.61819
0.267441769,0.12675078,-0.00271290178,0.00143968462,-0.0520737242,1.84788528,1737.79993
0.267444361,0.124721401,-0.00271602486,0.00162856121,-0.053081988,1.69605956,1737.89978
0.267447141,0.1225461,-0.00269978948,0.00183202563,-0.054123338,1.53550252,1737.90903
0.26745012,0.120214384,-0.00266310201,0.00204944109,-0.0551954274,1.36655675,1737.82119
0.267453313,0.117715008,-0.0026049382,0.0022797133,-0.0562954256,1.189744,1737.63271
0.267456737,0.115035914,-0.00252432403,0.00252120729,-0.0574200254,1.00576549,1737.34362
0.267460406,0.112164181,-0.00242030733,0.00277165342,-0.0585654707,0.815492287,1736.9578
0.267464339,0.109085956,-0.00229192006,0.00302801641,-0.0597276133,0.619944442,1736.48288
0.267468555,0.105786393,-0.00213814359,0.00328640036,-0.0609020076,0.420194849,1735.92978
0.267473073,0.102249575,-0.00195784412,0.00354194681,-0.0620840528,0.217396717,1735.31184
0.267477917,0.0984584434,-0.00174967304,0.00378850646,-0.063269197,0.0128029786,1734.64382
0.267483109,0.0943947116,-0.00151207392,0.00401850873,-0.0644532188,-0.192567954,1733.94103
0.267488675,0.0900387783,-0.00124316111,0.00422307611,-0.0656326073,-0.397839701,1733.2187
0.267494641,0.0853696328,-0.000940623406,0.00439096142,-0.066805065,-0.601885561,1732.49199
0.267501035,0.0803647536,-0.00060159157,0.00450977774,-0.0679701625,-0.804880148,1731.77647
0.26750789,0.075,-0.000223041604,0.0045651702,-0.0691302391,-1.00863781,1731.08881
0.267514744,0.0696352464,0.000169636629,0.0045437908,-0.070215635,-1.19962233,1730.48897
0.267521139,0.0646303672,0.000547176878,0.00445406441,-0.0711758669,-1.36732448,1730.01633
0.267527105,0.0599612217,0.000906826129,0.00430891582,-0.0720383072,-1.5181139,1729.66045
0.26753267,0.0556052884,0.00124577475,0.00412034903,-0.0728234365,-1.65675472,1729.41243
0.267537863,0.0515415566,0.00156112049,0.00389981038,-0.0735465066,-1.78616457,1729.26463
0.267542706,0.0477504251,0.00185013228,0.00365697189,-0.0742188049,-1.90889484,1729.21014
0.267547225,0.0442136074,0.00211038083,0.00340036381,-0.0748486266,-2.02684623,1729.24227
0.267551441,0.040914044,0.00233986823,0.00313715703,-0.0754420251,-2.14146173,1729.35415
0.267555374,0.0378358195,0.00253715363,0.00287334051,-0.0760033893,-2.25380285,1729.53852
0.267559043,0.0349640862,0.0027014568,0.00261379397,-0.0765358894,-2.36453684,1729.78765
0.267562466,0.0322849924,0.00283263639,0.0023623446,-0.0770418179,-2.47408993,1730.09342
0.26756566,0.0297856156,0.00293116721,0.00212191461,-0.0775228497,-2.58266435,1730.44747
0.267568639,0.0274539002,0.00299808454,0.00189461932,-0.0779802365,-2.69029787,1730.84139
0.267571418,0.0252785992,0.00303489873,0.00168188315,-0.0784149524,-2.79690401,1731.26692
0.267574011,0.0232492201,0.00304350012,0.00148454899,-0.0788277985,-2.90231114,1731.71617
0.26757643,0.0213559743,0.00302606208,0.00130298131,-0.0792194768,-3.00629331,1732.18178
0.267578687,0.0195897299,0.00298494815,0.00113715991,-0.0795906419,-3.10859473,1732.65703
0.267580792,0.0179419674,0.00292262731,0.00098676347,-0.0799419333,-3.20895047,1733.13592
0.267582756,0.0164047389,0.00284160068,0.000851242583,-0.0802739959,-3.30710209,1733.61325
0.267584589,0.0149706296,0.00274434091,0.000729881957,-0.0805874902,-3.40280879,1734.08458
0.267586298,0.0136327222,0.00263324346,0.000621852442,-0.0808830966,-3.49585501,1734.54625
0.267587893,0.0123845633,0.00251058967,0.000526253764,-0.0811615144,-3.5860553,1734.9953
0.267589381,0.0112201325,0.00237852018,0.000442149042,-0.0814234589,-3.67325674,1735.42943
0.267590769,0.0101338132,0.00223901745,0.000368592129,-0.0816696565,-3.75733962,1735.84693
0.267592064,0.00912036556,0.00209389578,0.000304648756,-0.0819008389,-3.83821672,1736.24657
0.267593272,0.00817490128,0.0019447974,0.000249412514,-0.0821177373,-3.9158313,1736.62761
0.267594399,0.00729285993,0.00179319329,0.00020201646,-0.0823210773,-3.99015495,1736.98965
0.26759545,0.00646998704,0.00164038766,0.000161641162,-0.0825115737,-4.06118506,1737.3326
0.267596431,0.0057023135,0.00148752509,0.000127519976,-0.0826899261,-4.12894198,1737.65662
0.267597346,0.00498613648,0.00133559949,9.89418775e-05,-0.0828568153,-4.19346581,1737.96207
0.2675982,0.00431800152,0.00118546433,7.52527685e-05,-0.0830129007,-4.25481356,1738.24944
0.267598996,0.00369468589,0.00103784326,5.58543952e-05,-0.0831588176,-4.3130561,1738.51936
0.267599739,0.00311318307,0.00089334126,4.02039211e-05,-0.0832951758,-4.36827658,1738.77253
0.267600432,0.0025706882,0.000752455703,2.78100152e-05,-0.0834225583,-4.42056445,1739.00969
0.267601079,0.00206458457,0.000615587111,1.82351921e-05,-0.0835415208,-4.47002284,1739.23162
0.267601682,0.00159243101,0.000483049531,1.10736053e-05,-0.0836525916,-4.51668456,1739.43913
0.267602245,0.00115195011,0.000355080428,6.00095217e-06,-0.0837562712,-4.56070662,1739.63299
0.26760277,0.000741017226,0.00023184985,2.59088024e-06,-0.0838530332,-4.60166284,1739.81401
0.26760326,0.000357650242,0.000113468738,9.21771374e-07,-0.0839433246,-4.64033941,1739.98294
0.267603717,0,0,0,-0.084027567,-4.6587611,1740.14052
0.269888579,0,0,0,-0.0847450138,-4.60983123,1740.48353
0.269891914,0.000357650242,0.000105213615,9.97622207e-07,-0.0846680641,-4.59093029,1740.3354
0.269895488,0.000741017226,0.000214908209,2.8395253e-06,-0.0845856088,-4.55114849,1740.17662
0.269899319,0.00115195011,0.000329009661,6.56094799e-06,-0.0844972708,-4.50892782,1740.00652
0.269903426,0.00159243101,0.000447401819,1.21023159e-05,-0.0844026478,-4.46355907,1739.82437
0.269907829,0.00206458457,0.00056991274,1.99139268e-05,-0.0843013146,-4.41546162,1739.62945
0.269912547,0.0025706882,0.000696306938,3.03474156e-05,-0.0841928226,-4.36447938,1739.421
0.269917605,0.00311318307,0.000826276917,4.38373079e-05,-0.0840766994,-4.31057735,1739.1983
0.269923027,0.00369468589,0.000959434005,6.08515009e-05,-0.0839524495,-4.25364816,1738.9606
0.269928839,0.00431800152,0.00109529891,8.19137821e-05,-0.0838195541,-4.19359778,1738.70722
0.269935068,0.00498613648,0.00123329197,0.000107601744,-0.0836774726,-4.13033816,1738.43749
0.269941745,0.0057023135,0.00137272302,0.00013854988,-0.0835256437,-4.063793,1738.15084
0.269948903,0.00646998704,0.00151278132,0.000175450002,-0.0833634873,-3.99389961,1737.84679
0.269956575,0.00729285993,0.0016525259,0.000219051856,-0.0831904071,-3.92061251,1737.52502
0.269964799,0.00817490128,0.00179087651,0.000270161325,-0.0830057938,-3.84390569,1737.18536
0.269973614,0.00912036556,0.00192660594,0.000329637016,-0.0828090289,-3.76377539,1736.8279
0.269983063,0.0101338132,0.00205833421,0.000398384395,-0.0825994893,-3.68024375,1736.45298
0.269993192,0.0112201325,0.00218452543,0.000477346768,-0.0823765525,-3.59336159,1736.06131
0.270004048,0.0123845633,0.0023034883,0.000567492616,-0.0821396022,-3.50321086,1735.65401
0.270015686,0.0136327222,0.00241338144,0.000669798371,-0.0818880346,-3.40990678,1735.23265
0.27002816,0.0149706296,0.0025122248,0.00078522572,-0.081621264,-3.31359905,1734.79936
0.270041531,0.0164047389,0.00259791841,0.000914692427,-0.0813387285,-3.21447183,1734.35688
0.270055864,0.0179419674,0.00266827007,0.00105903557,-0.0810398933,-3.11274212,1733.90862
0.270071227,0.0195897299,0.00272103305,0.00121896615,-0.0807242528,-3.00865592,1733.45869
0.270087695,0.0213559743,0.00275395485,0.00139501392,-0.0803913273,-2.90248159,1733.01193
0.270105347,0.0232492201,0.00276483747,0.00158746187,-0.0800406549,-2.79449974,1732.57392
0.270124268,0.0252785992,0.00275160881,0.0017962695,-0.0796717736,-2.68498898,1732.15096
0.27014455,0.0274539002,0.00271240403,0.00202098584,-0.079284193,-2.57420681,1731.74997
0.27016629,0.0297856156,0.00264565335,0.0022606522,-0.0788773485,-2.46236475,1731.37838
0.270189594,0.0322849924,0.00255017225,0.00251369669,-0.0784505357,-2.34959801,1731.04405
0.270214573,0.0349640862,0.00242524822,0.00277782513,-0.0780028166,-2.23592684,1730.75502
0.270241348,0.0378358195,0.00227071453,0.00304990584,-0.0775328908,-2.12121722,1730.51938
0.270270048,0.040914044,0.00208700029,0.00332587026,-0.0770389221,-2.00511792,1730.34507
0.270300812,0.0442136074,0.00187514934,0.00360058454,-0.0765183082,-1.8870249,1730.23974
0.270333788,0.0477504251,0.00163681479,0.00386778895,-0.0759673792,-1.76599941,1730.21069
0.270369135,0.0515415566,0.00137415172,0.00412001268,-0.0753810056,-1.6406593,1730.26485
0.270407024,0.0556052884,0.0010897086,0.00434842416,-0.0747520908,-1.50912387,1730.40897
0.270447638,0.0599612217,0.000786305326,0.00454313937,-0.074070916,-1.3687672,1730.64983
0.270491171,0.0646303672,0.000466781981,0.00469262165,-0.0733242935,-1.21688628,1730.99471
0.270537835,0.0696352464,0.00013400454,0.00478485828,-0.0724944679,-1.04882553,1731.45171
0.270587854,0.075,-0.000209099211,0.00480625329,-0.0715576651,-0.858178116,1732.02989
0.270637873,0.0803647536,-0.000537671886,0.00474813567,-0.070557184,-0.655359856,1732.6902
0.270684537,0.0853696328,-0.000830136882,0.00462511183,-0.0695527535,-0.453253799,1733.37446
0.270728071,0.0900387783,-0.00108947748,0.00445189868,-0.0685420966,-0.250155931,1734.0668
0.270768684,0.0943947116,-0.00131893061,0.00424084179,-0.0675254358,-0.0461143001,1734.75286
0.270806573,0.0984584434,-0.0015208273,0.00400335434,-0.0665046804,0.158028338,1735.41901
0.27084192,0.102249575,-0.00169717226,0.00374850355,-0.0654828314,0.361519939,1736.05174
0.270874896,0.105786393,-0.00184949646,0.00348398895,-0.0644635264,0.563354119,1736.63754
0.27090566,0.109085956,-0.00197913474,0.00321604524,-0.0634506996,0.762428356,1737.16336
0.270934361,0.112164181,-0.00208719864,0.00294967783,-0.0624483312,0.957637543,1737.6174
0.270961136,0.115035914,-0.00217465562,0.0026888813,-0.0614602661,1.147924,1737.98997
0.270986115,0.117715008,-0.00224238759,0.0024367816,-0.0604900901,1.33232137,1738.27429
0.271009418,0.120214384,-0.00229123676,0.00219575509,-0.0595410468,1.50999713,1738.46692
0.271031158,0.1225461,-0.00232203906,0.00196754198,-0.0586159901,1.68027283,1738.5679
0.27105144,0.124721401,-0.00233565193,0.00175333989,-0.0577173596,1.84263744,1738.58046
0.271070361,0.12675078,-0.00233297537,0.00155388444,-0.0568471773,1.99674694,1738.51052
0.271088013,0.128644026,-0.00231496295,0.00136953263,-0.0560070562,2.14241846,1738.36602
0.271104481,0.13041027,-0.00228262843,0.00120031766,-0.0551982203,2.27961441,1738.15619
0.271119844,0.132058033,-0.00223704394,0.00104601233,-0.0544215303,2.40841919,1737.89092
0.271134177,0.133595261,-0.00217933102,0.000906190367,-0.0536775141,2.52901862,1737.58021
0.271147548,0.13502937,-0.00211065001,0.000780263658,-0.0529663995,2.64167811,1737.23371
0.271160022,0.136367278,-0.002032185,0.000667527479,-0.0522881481,2.74672176,1736.8604
0.27117166,0.137615437,-0.00194512761,0.000567195684,-0.0516424887,2.8445147,1736.46847
0.271182517,0.138779867,-0.00185066056,0.000478431226,-0.0510289501,2.9354474,1736.06513
0.271192645,0.139866187,-0.00174994208,0.000400371478,-0.0504468919,3.01992263,1735.65661
0.271202094,0.140879634,-0.00164409178,0.000332149007,-0.0498955336,3.09834526,1735.2482
0.271210909,0.141825099,-0.0015341785,0.000272908192,-0.0493739815,3.17111417,1734.84427
0.271219133,0.14270714,-0.00142121036,0.000221818124,-0.0488812529,3.23861625,1734.44836
0.271226805,0.143530013,-0.00130612718,0.000178082367,-0.0484162981,3.3012226,1734.06328
0.271233963,0.144297686,-0.00118979546,0.000140945969,-0.0479780195,3.35928571,1733.69115
0.27124064,0.145013864,-0.0010730053,0.000109700205,-0.0475652887,3.41313806,1733.33354
0.27124687,0.145681998,-0.000956468456,8.36855108e-05,-0.0471769613,3.46309164,1732.99155
0.271252681,0.146305314,-0.000840818469,6.22924646e-05,-0.0468118892,3.50943517,1732.66585
0.271258103,0.146886817,-0.000726612697,4.49620042e-05,-0.0464689314,3.55243754,1732.35679
0.271263161,0.147429312,-0.000614335144,3.11839564e-05,-0.0461469627,3.59235301,1732.06444
0.27126788,0.147935415,-0.000504399574,2.04982718e-05,-0.0458448806,3.62941365,1731.78863
0.271272282,0.148407569,-0.000397153878,1.24822114e-05,-0.0455616114,3.66378369,1731.52907
0.271276389,0.14884805,-0.000292885173,6.76928281e-06,-0.0452961143,3.69565979,1731.28528
0.27128022,0.149258983,-0.00019182488,2.97220376e-06,-0.0450473852,3.72497023,1731.05672
0.271283795,0.14964235,-9.41524101e-05,9.76033e-07,-0.0448144585,3.75158663,1730.84277
0.271287129,0.15,0,0,-0.0445964035,3.76382271,1730.64275
0.272050591,0,0,0,-0.0854238857,-4.55618471,1740.80807
0.272057144,0.000357650242,9.6874008e-05,1.06824002e-06,-0.0853537319,-4.53682901,1740.66951
0.272064168,0.000741017226,0.000197810339,3.06913429e-06,-0.0852785776,-4.49600351,1740.52103
0.272071697,0.00115195011,0.000302726923,7.07624031e-06,-0.0851980857,-4.45259058,1740.36199
0.272079767,0.00159243101,0.000411505646,1.30464997e-05,-0.0851118956,-4.4059522,1740.19171
0.272088418,0.00206458457,0.000523976119,2.14510916e-05,-0.0850196264,-4.35650514,1740.00954
0.272097691,0.0025706882,0.000639908517,3.26649006e-05,-0.0849208769,-4.30409322,1739.81477
0.27210763,0.00311318307,0.000759005777,4.71465644e-05,-0.0848152261,-4.24867977,1739.60673
0.272118284,0.00369468589,0.000880895216,6.53893984e-05,-0.0847022329,-4.19015373,1739.38473
0.272129705,0.00431800152,0.00100511982,8.79440559e-05,-0.0845814375,-4.12841686,1739.14813
0.272141946,0.00498613648,0.00113112919,0.000115415842,-0.0844523619,-4.06337643,1738.89633
0.272155068,0.0057023135,0.00125827049,0.000148467725,-0.0843145119,-3.99495137,1738.62879
0.272169133,0.00646998704,0.00138577921,0.000187820818,-0.084167379,-3.92307508,1738.34507
0.272184209,0.00729285993,0.00151277042,0.000234253873,-0.0840104431,-3.84769676,1738.04488
0.27220037,0.00817490128,0.00163823093,0.000288601335,-0.083843176,-3.76878399,1737.72807
0.272217692,0.00912036556,0.0017610127,0.000351749557,-0.0836650453,-3.68632772,1737.3947
0.27223626,0.0101338132,0.00187982797,0.000424629909,-0.0834755192,-3.60034467,1737.04513
0.272256164,0.0112201325,0.00199324742,0.000508209036,-0.0832740717,-3.51088011,1736.68
0.272277498,0.0123845633,0.00209970193,0.000603475218,-0.0830601888,-3.41801098,1736.30035
0.272300367,0.0136327222,0.0021974892,0.000711419912,-0.0828333744,-3.32184827,1735.90764
0.272324879,0.0149706296,0.00228478646,0.000833013561,-0.0825931561,-3.22253885,1735.50385
0.272351155,0.0164047389,0.00235967045,0.000969174589,-0.0823390919,-3.12026604,1735.09154
0.272379319,0.0179419674,0.0024201461,0.00112073043,-0.0820707732,-3.01524878,1734.67385
0.272409509,0.0195897299,0.0024641847,0.00128836952,-0.0817878278,-2.90773873,1734.25462
0.27244187,0.0213559743,0.0024897726,0.0014725832,-0.0814899181,-2.79801458,1733.83835
0.272476557,0.0232492201,0.00249497033,0.00167359693,-0.0811767337,-2.68637297,1733.43026
0.272513739,0.0252785992,0.00247798157,0.0018912905,-0.0808479769,-2.57311528,1733.03622
0.272553594,0.0274539002,0.00243723044,0.00212510802,-0.0805033372,-2.45852931,1732.6627
0.272596316,0.0297856156,0.00237144369,0.00237395864,-0.0801424513,-2.34286513,1732.31672
0.272642108,0.0322849924,0.0022797334,0.00263611029,-0.0797648446,-2.22630496,1732.00567
0.272691194,0.0349640862,0.00216167444,0.00290908152,-0.079369848,-2.10892487,1731.73719
0.272743809,0.0378358195,0.00201736767,0.00318953016,-0.0789564834,-1.99065261,1731.51902
0.272800208,0.040914044,0.00184748173,0.00347315739,-0.0785233101,-1.87120357,1731.3588
0.272860661,0.0442136074,0.0016532599,0.0037546006,-0.0780682215,-1.75003837,1731.26395
0.272925462,0.0477504251,0.00143650399,0.00402737143,-0.0775881791,-1.6263042,1731.2416
0.272994922,0.0515415566,0.00119948957,0.00428378429,-0.0770788691,-1.49868759,1731.29851
0.273069377,0.0556052884,0.000944813201,0.00451483022,-0.0765342583,-1.36539604,1731.44125
0.273149185,0.0599612217,0.000675309995,0.00471033875,-0.0759460246,-1.22381724,1731.67628
0.273234732,0.0646303672,0.000393695134,0.0048588806,-0.0753028232,-1.07083648,1732.01034
0.27332643,0.0696352464,0.000102821368,0.00494916061,-0.0745893378,-0.902202624,1732.45064
0.273424722,0.075,-0.000194236028,0.00496656201,-0.0737850216,-0.71290168,1733.00493
0.273523013,0.0803647536,-0.000476618293,0.00490253019,-0.0729268015,-0.510831432,1733.63482
0.273614711,0.0853696328,-0.000726204006,0.00477405534,-0.0720655962,-0.309057673,1734.28445
0.273700258,0.0900387783,-0.000945874092,0.00459543013,-0.0711992216,-0.107346658,1734.93892
0.273780066,0.0943947116,-0.00113914745,0.00437861137,-0.0703277419,0.0953060496,1735.5851
0.273854521,0.0984584434,-0.00130829406,0.0041353521,-0.0694527388,0.298074445,1736.21079
0.273923981,0.102249575,-0.00145536875,0.00387472416,-0.0685767716,0.500407675,1736.80402
0.273988782,0.105786393,-0.00158191347,0.00360445784,-0.067702966,0.701200894,1737.35295
0.274049235,0.109085956,-0.00168921925,0.0033307016,-0.06683471,0.899454864,1737.84615
0.274096359,0,0,0,-0.0860662567,-4.49805065,1741.11513
0.274105364,0.000357650242,8.85318026e-05,1.132475e-06,-0.0860023494,-4.47827219,1740.98611
0.274105634,0.112164181,-0.0017783525,0.00305846704,-0.0659754313,1.09409379,1738.27329
0.274115016,0.000741017226,0.000180728229,3.2760077e-06,-0.0859339027,-4.43647682,1740.84788
0.274125362,0.00115195011,0.000276502839,7.53826473e-06,-0.085860616,-4.39196174,1740.69984
0.274136452,0.00159243101,0.000375739061,1.38895245e-05,-0.0857821655,-4.34415119,1740.54139
0.27414834,0.00206458457,0.000478271824,2.28181297e-05,-0.0856982101,-4.29346262,1740.3719
0.274158249,0.115035914,-0.00185023746,0.00279172932,-0.0651284375,1.28410789,1738.62595
0.274161082,0.0025706882,0.000583880933,3.47174551e-05,-0.0856083912,-4.2397393,1740.19074
0.27417474,0.00311318307,0.000692283871,5.00650862e-05,-0.0855123331,-4.18294321,1739.99727
0.274189381,0.00369468589,0.000803128084,6.93738575e-05,-0.0854096436,-4.12296007,1739.79087
0.274205074,0.00431800152,0.000915982951,9.32145196e-05,-0.0852999145,-4.05968782,1739.57095
0.274207335,0.117715008,-0.00190569296,0.0025336123,-0.064296808,1.46857394,1738.89826
0.274221896,0.00498613648,0.00103033152,0.000122212694,-0.0851827233,-3.99302993,1739.33697
0.274239927,0.0057023135,0.00114556207,0.000157051454,-0.0850576345,-3.92290309,1739.08842
0.274253128,0.120214384,-0.00194547507,0.00228650446,-0.0634833228,1.64669418,1739.08736
0.274259255,0.00646998704,0.00126095963,0.000198471659,-0.084924202,-3.84923556,1738.82491
0.274279973,0.00729285993,0.00137569819,0.000247270878,-0.0847819722,-3.77196973,1738.54617
0.274295849,0.1225461,-0.00197030943,0.00205216955,-0.0626904215,1.81781386,1739.19347
0.27430218,0.00817490128,0.00148883387,0.000304301144,-0.0846304868,-3.69106929,1738.25208
0.274325984,0.00912036556,0.00159929903,0.000370464613,-0.0844692875,-3.60652079,1737.9427
0.274335704,0.124721401,-0.00198091858,0.00183183733,-0.061920185,1.98143455,1739.21966
0.2743515,0.0101338132,0.00170589845,0.000446705714,-0.0842979206,-3.51833564,1737.61837
0.274372886,0.12675078,-0.00197804318,0.00162628389,-0.0611743328,2.13721399,1739.1714
0.27437885,0.0112201325,0.00180730859,0.000534000928,-0.0841159421,-3.42655413,1737.27968
0.274407573,0.128644026,-0.00196245751,0.00143590778,-0.0604542329,2.28495989,1739.05593
0.274408168,0.0123845633,0.00190208052,0.000633344123,-0.0839229239,-3.3312488,1736.92762
0.274439593,0.0136327222,0.00198864772,0.000745726927,-0.0837184598,-3.23252725,1736.56354
0.274439934,0.13041027,-0.00193497893,0.00126078454,-0.0597609197,2.42461478,1738.88164
0.274470124,0.132058033,-0.00189646915,0.00110073118,-0.0590951173,2.55623484,1738.65749
0.274473277,0.0149706296,0.00206533996,0.000872113084,-0.0835021721,-3.13053435,1736.1893
0.274498289,0.133595261,-0.00184783203,0.00095536135,-0.0584572669,2.67997385,1738.39248
0.274509384,0.0164047389,0.00213040436,0.00101340567,-0.0832737167,-3.02545361,1735.80725
0.274524564,0.13502937,-0.0017900046,0.000824122604,-0.0578475549,2.79606276,1738.09529
0.274548087,0.0179419674,0.00218203474,0.00117040596,-0.0830327883,-2.91750711,1735.42034
0.274549077,0.136367278,-0.00172394743,0.00070634234,-0.0572659423,2.90478729,1737.774
0.274571945,0.137615437,-0.0016506341,0.000601261529,-0.0567121935,3.00647225,1737.43592
0.274589573,0.0195897299,0.00221841005,0.00134376294,-0.0827791226,-2.80695338,1735.03212
0.27459328,0.138779867,-0.00157103605,0.000508064135,-0.0561859039,3.1014677,1737.08749
0.274613183,0.139866187,-0.00148610955,0.000425902699,-0.0556865267,3.19013677,1736.73426
0.274631751,0.140879634,-0.00139678359,0.000353919128,-0.0552133966,3.27284616,1736.38093
0.274634042,0.0213559743,0.00223774238,0.0015339125,-0.0825124955,-2.69408269,1734.64679
0.274649074,0.141825099,-0.00130394922,0.000291261568,-0.0547657533,3.3499587,1736.03138
0.274665234,0.14270714,-0.00120845058,0.000237097703,-0.0543427611,3.42182796,1735.68872
0.274680311,0.143530013,-0.00111107781,0.000190625009,-0.0539435278,3.48879441,1735.35542
0.274681709,0.0232492201,0.00223833436,0.00174100584,-0.0822327175,-2.57920888,1734.2692
0.274694376,0.144297686,-0.00101256189,0.000151078336,-0.0535671209,3.55118313,1735.03337
0.274707497,0.145013864,-0.000913571189,0.000117735278,-0.0532125814,3.60930224,1734.72393
0.274719739,0.145681998,-0.000814709812,8.99196243e-05,-0.0528789369,3.66344217,1734.42805
0.274731159,0.146305314,-0.000716517297,6.70034051e-05,-0.0525652114,3.71387586,1734.14633
0.274732803,0.0252785992,0.00221864493,0.0019648272,-0.0819396209,-2.46265687,1733.90483
0.274741813,0.146886817,-0.000619469383,4.84067679e-05,-0.0522704347,3.76085736,1733.87905
0.274751752,0.147429312,-0.000523980143,3.36002752e-05,-0.0519936496,3.80463457,1733.62627
0.274761025,0.147935415,-0.000430405195,2.21027064e-05,-0.0517339179,3.84542266,1733.38785
0.274769676,0.148407569,-0.000339044359,1.34668564e-05,-0.0514903253,3.88335992,1733.16351
0.274777746,0.14884805,-0.000250145143,7.30643064e-06,-0.0512619851,3.918648,1732.95285
0.274785275,0.149258983,-0.000163907824,3.20538204e-06,-0.0510480414,3.95118152,1732.75539
0.274787571,0.0274539002,0.00217736164,0.00220470183,-0.0816330376,-2.34474499,1733.55972
0.274792299,0.14964235,-8.04885698e-05,1.05652188e-06,-0.0508476705,3.98085608,1732.57057
0.274798852,0.15,0,0,-0.0506600717,3.99454538,1732.39781
0.274846277,0.0297856156,0.00211347631,0.00245939608,-0.0813127635,-2.22576124,1733.24043
0.274909204,0.0322849924,0.0020263594,0.00272701238,-0.0809785067,-2.10593286,1732.95391
0.274976656,0.0349640862,0.00191582767,0.00300488366,-0.0806298134,-1.98538795,1732.70736
0.275048958,0.0378358195,0.0017821974,0.0032894696,-0.0802659666,-1.86411077,1732.5081
0.275126459,0.040914044,0.00162631774,0.00357626609,-0.0798858499,-1.74188024,1732.36339
0.275209533,0.0442136074,0.00144956647,0.00385971952,-0.0794877675,-1.61821238,1732.28032
0.27529858,0.0477504251,0.00125381965,0.00413317047,-0.0790692102,-1.49231296,1732.2657
0.27539403,0.0515415566,0.0010413845,0.00438879341,-0.0786265535,-1.36294973,1732.32602
0.275496344,0.0556052884,0.000814857568,0.0046175728,-0.0781546702,-1.22836344,1732.4675
0.275606014,0.0599612217,0.000576984948,0.0048091487,-0.0776464338,-1.08624681,1732.69617
0.27572357,0.0646303672,0.000330312144,0.00495220448,-0.0770920833,-0.93284106,1733.01817
0.275849578,0.0696352464,7.78576368e-05,0.0050363608,-0.0764784047,-0.763736034,1733.43986
0.275984648,0.075,-0.000177850565,0.00504647284,-0.0757876414,-0.575923488,1733.96782
0.276032132,0,0,0,-0.0866740895,-4.43561147,1741.40565
0.276043387,0.000357650242,8.02663054e-05,1.1875756e-06,-0.0866160673,-4.41543184,1741.28611
0.276055451,0.000741017226,0.000163819369,3.45250235e-06,-0.0865539402,-4.3727396,1741.15805
0.276068383,0.00115195011,0.000250571476,7.93161727e-06,-0.0864874411,-4.32721271,1741.02094
0.276082245,0.00159243101,0.000340410102,1.46050555e-05,-0.0864162811,-4.2783238,1740.87422
0.276097103,0.00206458457,0.000433178052,2.39747542e-05,-0.0863401562,-4.22649486,1740.71733
0.27611303,0.0025706882,0.000528667294,3.64477438e-05,-0.0862587476,-4.17156786,1740.54967
0.276119717,0.0803647536,-0.000419054533,0.00497466146,-0.0750512903,-0.374589072,1734.56472
0.276130102,0.00311318307,0.000626612308,5.25154139e-05,-0.0861717221,-4.11350369,1740.37068
0.276148401,0.00369468589,0.000726682939,7.27042642e-05,-0.086078733,-4.0521851,1740.17979
0.276168016,0.00431800152,0.000828477006,9.75986104e-05,-0.0859794205,-3.9875066,1739.97646
0.276189042,0.00498613648,0.00093151268,0.000127836959,-0.0858734135,-3.91936858,1739.7602
0.27621158,0.0057023135,0.00103522038,0.000164114727,-0.0857603315,-3.84768357,1739.53055
0.276235738,0.00646998704,0.00113893534,0.000207183951,-0.0856397865,-3.77237419,1739.28718
0.276245726,0.0853696328,-0.000630417688,0.00484004022,-0.0743127672,-0.17353039,1735.17738
0.276261633,0.00729285993,0.00124189068,0.000257851922,-0.0855113863,-3.69337897,1739.02983
0.27628939,0.00817490128,0.00134321086,0.000316978393,-0.0853747378,-3.61065726,1738.75841
0.276319143,0.00912036556,0.00144190688,0.000385470597,-0.0852294512,-3.52418982,1738.473
0.276351035,0.0101338132,0.00153687361,0.000464275504,-0.085075145,-3.4339828,1738.17393
0.276363282,0.0900387783,-0.000815144726,0.00465611007,-0.0735700059,0.0262065088,1735.79196
0.276385221,0.0112201325,0.00162689003,0.000554368223,-0.0849114508,-3.34007148,1737.86177
0.276421865,0.0123845633,0.00171062327,0.000656736682,-0.0847380199,-3.2425239,1737.53743
0.276461143,0.0136327222,0.00178663781,0.000772360826,-0.0845545291,-3.1414442,1737.2022
0.276472952,0.0943947116,-0.000976646036,0.00443458669,-0.0728229553,0.227489376,1736.3965
0.276503246,0.0149706296,0.00185341045,0.000902185516,-0.0843606868,-3.03697545,1736.8578
0.276548377,0.0164047389,0.00190935249,0.00104708592,-0.0841562394,-2.92930171,1736.50644
0.276575265,0.0984584434,-0.00111720362,0.00418756293,-0.0720729295,0.428879482,1736.98006
0.276596752,0.0179419674,0.00195283971,0.00120782425,-0.0839409755,-2.81864866,1736.15086
0.276648606,0.0195897299,0.00198225076,0.00138499684,-0.0837147292,-2.70528241,1735.79436
0.276670715,0.102249575,-0.00123876769,0.00392382781,-0.0713221165,0.629952174,1737.53207
0.276704188,0.0213559743,0.00199601423,0.00157897078,-0.0834773802,-2.58950558,1735.44086
0.276759762,0.105786393,-0.0013428381,0.00365100535,-0.0705732071,0.829594852,1738.04211
0.276763767,0.0232492201,0.00199266378,0.00178980995,-0.0832288488,-2.47164987,1735.09485
0.27682763,0.0252785992,0.00197090013,0.00201719083,-0.0829690854,-2.35206426,1734.76142
0.276842836,0.109085956,-0.00143066199,0.00337507248,-0.0698291224,1.0268775,1738.50022
0.276896085,0.0274539002,0.00192965776,0.00226030966,-0.0826980515,-2.23109767,1734.4462
0.276920337,0.112164181,-0.00150326075,0.00310092631,-0.0690928158,1.22075413,1738.89741
0.276969462,0.0297856156,0.00186817335,0.00251778304,-0.0824156879,-2.10907544,1734.15531
0.276992639,0.115035914,-0.00156150821,0.00283243145,-0.0683671323,1.41026283,1739.22643
0.277048116,0.0322849924,0.00178605125,0.0027875458,-0.0821218696,-1.98626835,1733.89521
0.277060091,0.117715008,-0.00160616144,0.00257262836,-0.067654714,1.59451164,1739.48233
0.277123018,0.120214384,-0.00163790126,0.00232384045,-0.0669579389,1.77273033,1739.66282
0.277132425,0.0349640862,0.00168332148,0.0030667502,-0.0818163402,-1.86285398,1733.67264
0.277181725,0.1225461,-0.00165736113,0.00208778725,-0.066278887,1.94428353,1739.76837
0.277222796,0.0378358195,0.00156048258,0.00335167183,-0.0814986229,-1.7388691,1733.49445
0.277236492,0.124721401,-0.00166515319,0.00186567187,-0.0656193251,2.10868366,1739.80195
0.277287587,0.12675078,-0.00166188944,0.00165825979,-0.0649807072,2.26559023,1739.76866
0.277319665,0.040914044,0.00141852609,0.00363762722,-0.0811679,-1.61415257,1733.36746
0.277335253,0.128644026,-0.00164819844,0.0014659476,-0.0643641836,2.41480308,1739.67515
0.277379722,0.13041027,-0.00162473474,0.00128882302,-0.0637706188,2.5562484,1739.52903
0.277421208,0.132058033,-0.00159218598,0.00112672058,-0.0632006123,2.68996023,1739.33841
0.2774235,0.0442136074,0.00125892529,0.00391891015,-0.080822856,-1.48827832,1733.29834
0.277459911,0.133595261,-0.00155127471,0.000979276462,-0.0626545227,2.81606664,1739.11137
0.277496018,0.13502937,-0.00150275596,0.000845958121,-0.0621324934,2.93476877,1738.85571
0.277529703,0.136367278,-0.00144740744,0.000726113584,-0.0616344779,3.04631906,1738.57863
0.277534801,0.0477504251,0.00108359337,0.00418874327,-0.0804614728,-1.3604949,1733.29348
0.277561128,0.137615437,-0.00138601754,0.000619010201,-0.0611602643,3.15100922,1738.28663
0.277590445,0.138779867,-0.00131937813,0.000523852339,-0.0607094994,3.24915664,1737.98545
0.277617795,0.139866187,-0.00124827365,0.000439811366,-0.060281711,3.34109296,1737.67998
0.277643311,0.140879634,-0.0011734695,0.000366045141,-0.0598763287,3.42715538,1737.37438
0.277654105,0.0515415566,0.000894814656,0.00443924067,-0.0800807666,-1.22963246,1733.35898
0.277667115,0.141825099,-0.0010957026,0.000301714843,-0.0594927023,3.50767963,1737.07204
0.277689323,0.14270714,-0.0010156734,0.000245998172,-0.0591301193,3.58299474,1736.7757
0.27771004,0.143530013,-0.000934039413,0.000198099704,-0.0587878203,3.65341946,1736.48752
0.277729368,0.144297686,-0.000851410441,0.000157258684,-0.0584650121,3.7192598,1736.20913
0.277747399,0.145013864,-0.000768345363,0.000122754672,-0.0581608796,3.78080753,1735.94172
0.277764221,0.145681998,-0.000685350434,9.39112676e-05,-0.0578745962,3.83833937,1735.68611
0.277779915,0.146305314,-0.000602878846,7.00987945e-05,-0.0576053325,3.89211751,1735.4428
0.277781987,0.0556052884,0.000695133822,0.00466143735,-0.0796764531,-1.09397131,1733.5006
0.277794555,0.146886817,-0.000521331394,5.07342555e-05,-0.0573522639,3.94238227,1735.21202
0.277808214,0.147429312,-0.000441057881,3.52811517e-05,-0.0571145761,3.98935173,1734.99383
0.277820956,0.147935415,-0.000362359911,2.32508351e-05,-0.056891471,4.03326037,1734.78809
0.277832843,0.148407569,-0.000285493077,1.41914921e-05,-0.0566821702,4.07426369,1734.59454
0.277843933,0.14884805,-0.00021066941,7.71430731e-06,-0.0564859185,4.11254255,1734.41283
0.27785428,0.149258983,-0.000138061904,3.38790306e-06,-0.0563019864,4.14794436,1734.24253
0.277863825,0,0,0,-0.087249241,-4.36925879,1741.68051
0.277863932,0.14964235,-6.78069298e-05,1.12474842e-06,-0.0561296715,4.18040912,1734.08317
0.277872936,0.15,0,0,-0.0559682844,4.19544293,1733.93422
0.277876342,0.000357650242,7.21633035e-05,1.2331385e-06,-0.0871965045,-4.34872916,1741.57015
0.27788976,0.000741017226,0.000147266245,3.5966009e-06,-0.0871400487,-4.30525148,1741.45194
0.277904142,0.00115195011,0.000225224107,8.25070078e-06,-0.0870796357,-4.25884888,1741.3254
0.277919065,0.0599612217,0.000487190371,0.00484502601,-0.0792425197,-0.951322301,1733.72387
0.277919559,0.00159243101,0.000305932309,1.51812264e-05,-0.0870150063,-4.20902753,1741.19003
0.277936084,0.00206458457,0.00038924549,2.48994786e-05,-0.0869458884,-4.15621674,1741.04529
0.277953797,0.0025706882,0.000474971745,3.78207762e-05,-0.0868719972,-4.10025665,1740.89066
0.277972785,0.00311318307,0.000562866416,5.44445625e-05,-0.0867930356,-4.04110726,1740.72561
0.277993137,0.00369468589,0.000652625457,7.53046955e-05,-0.0867086951,-3.97864796,1740.54964
0.278014952,0.00431800152,0.000743878576,0.000100991963,-0.0866186564,-3.91277062,1740.36225
0.278038337,0.00498613648,0.000836181818,0.000132150249,-0.0865225916,-3.84337505,1740.16298
0.278063403,0.0057023135,0.000929010228,0.000169478774,-0.0864201652,-3.77036777,1739.95145
0.278065999,0.0646303672,0.000273652752,0.00497903745,-0.0787706811,-0.797514709,1734.03423
0.278090271,0.00646998704,0.00102175118,0.000213731668,-0.086311037,-3.69366564,1739.72734
0.278119071,0.00729285993,0.00111369771,0.000265717015,-0.0861948646,-3.61320548,1739.49043
0.278149942,0.00817490128,0.00120404266,0.000326292293,-0.0860713074,-3.52894115,1739.24065
0.278183032,0.00912036556,0.00129187481,0.000396359564,-0.0859400301,-3.44084859,1738.97808
0.278218503,0.0101338132,0.00137617714,0.000476857912,-0.0858007077,-3.34892963,1738.70303
0.278223499,0.0696352464,5.71619167e-05,0.00505345099,-0.0782496861,-0.628749525,1734.43718
0.278256523,0.0112201325,0.00145582803,0.000568750331,-0.0856530307,-3.25321531,1738.41606
0.278297278,0.0123845633,0.00152960646,0.000673007921,-0.0854967108,-3.15377034,1738.11801
0.278340963,0.0136327222,0.00159620227,0.000790587899,-0.0853314871,-3.05069689,1737.81008
0.278387789,0.0149706296,0.00165423224,0.000922405075,-0.0851571321,-2.94413807,1737.49388
0.278392324,0.075,-0.000160937214,0.00505353422,-0.0776643854,-0.441774684,1734.93824
0.278437982,0.0164047389,0.00170226292,0.0010692955,-0.0849734571,-2.83428063,1737.17146
0.278491784,0.0179419674,0.00173884078,0.00123197121,-0.0847803179,-2.72135641,1736.84536
0.278549455,0.0195897299,0.00176252999,0.00141096519,-0.0845776171,-2.6056418,1736.51864
0.278561148,0.0803647536,-0.00036422146,0.00497297599,-0.0770412456,-0.241295282,1735.50125
0.278611272,0.0213559743,0.00177195769,0.001606566,-0.0843653048,-2.48745448,1736.19493
0.278677535,0.0232492201,0.00176586586,0.00181874226,-0.0841433752,-2.36714661,1735.87838
0.278718648,0.0853696328,-0.000540144582,0.00483154409,-0.0764167282,-0.0418136988,1736.07592
0.278748562,0.0252785992,0.00174316868,0.00204705778,-0.0839118573,-2.24509325,1735.57372
0.278824696,0.0274539002,0.00170301272,0.00229057934,-0.0836707978,-2.12167519,1735.28617
0.278865582,0.0900387783,-0.000692999413,0.00464252687,-0.075788887,0.156455439,1736.64957
0.278906305,0.0297856156,0.00164483746,0.0025477797,-0.0834202338,-1.99725528,1735.02139
0.278993782,0.0322849924,0.00156843173,0.00281644042,-0.0831601524,-1.8721465,1734.78538
0.27900266,0.0943947116,-0.000825524762,0.00441769052,-0.0751575688,0.356385976,1737.21138
0.279087549,0.0349640862,0.0014739821,0.00309355771,-0.0828904326,-1.74657313,1734.58441
0.279130543,0.0984584434,-0.000940009339,0.00416887965,-0.0745238448,0.556410118,1737.75166
0.279188058,0.0378358195,0.00136210596,0.00337525982,-0.0826107664,-1.62061998,1734.42486
0.279249846,0.102249575,-0.00103831242,0.0039045936,-0.0738895616,0.756218071,1738.26113
0.279295794,0.040914044,0.00123386743,0.00365673516,-0.0823205524,-1.49417836,1734.31309
0.279361147,0.105786393,-0.0011218786,0.00363220136,-0.073257008,0.95470227,1738.73076
0.279411277,0.0442136074,0.00109075879,0.00393218783,-0.0820187571,-1.36687191,1734.25533
0.279464982,0.109085956,-0.00119189789,0.00335743315,-0.0726286727,1.15098691,1739.15194
0.279535063,0.0477504251,0.0009346636,0.00419480004,-0.0817037346,-1.23799073,1734.25756
0.279561851,0.112164181,-0.00124934131,0.00308497324,-0.0720070681,1.34405343,1739.51704
0.279597033,0,0,0,-0.0877934684,-4.29934681,1741.94057
0.279610693,0.000357650242,6.4289952e-05,1.26773386e-06,-0.0877457043,-4.27849352,1741.83914
0.279625335,0.000741017226,0.000131198944,3.70424487e-06,-0.0876945837,-4.23431668,1741.73052
0.27964103,0.00115195011,0.000200647803,8.48751754e-06,-0.0876398955,-4.18714646,1741.61427
0.279652222,0.115035914,-0.00129503189,0.00281849396,-0.0713946084,1.53298002,1739.81995
0.279657854,0.00159243101,0.000272541601,1.56047977e-05,-0.0875814084,-4.13650566,1741.48993
0.279667751,0.0515415566,0.000767772448,0.00443672757,-0.0813729961,-1.10639131,1734.32544
0.279675888,0.00206458457,0.000346748418,2.55726957e-05,-0.0875188802,-4.08283353,1741.35702
0.279695218,0.0025706882,0.000423093879,3.88096537e-05,-0.0874520578,-4.02596752,1741.21506
0.279715938,0.00311318307,0.00050135529,5.5817834e-05,-0.0873806778,-3.96586621,1741.06359
0.279736531,0.117715008,-0.00132967147,0.00256087721,-0.0707935273,1.71690398,1740.05663
0.279738148,0.00369468589,0.000581255444,7.71324956e-05,-0.0873044674,-3.90240616,1740.90213
0.279761955,0.00431800152,0.000662456032,0.000103344319,-0.0872231454,-3.83547919,1740.73024
0.279787473,0.00498613648,0.000744550457,0.000135095786,-0.0871364235,-3.76497907,1740.54752
0.279809979,0.0556052884,0.000592509916,0.00464910061,-0.0810229169,-0.970375152,1734.46431
0.279814827,0.0057023135,0.000827057559,0.000173082909,-0.0870440086,-3.69080583,1740.35363
0.279815185,0.120214384,-0.00135387683,0.00231431495,-0.0702058267,1.89508247,1740.22543
0.279844148,0.00646998704,0.000909415181,0.000218054504,-0.0869456048,-3.61287528,1740.14827
0.279875577,0.00729285993,0.000990973583,0.000270811395,-0.0868409161,-3.53111883,1739.93127
0.279888562,0.1225461,-0.00136820413,0.00208042461,-0.0696332482,2.06689941,1740.32709
0.279909265,0.00817490128,0.00107099079,0.000332200973,-0.0867296504,-3.44548445,1739.70257
0.279945376,0.00912036556,0.00114862944,0.000403112497,-0.086611523,-3.35594326,1739.46227
0.279957017,0.124721401,-0.00137317317,0.00186033295,-0.0690772627,2.23187897,1740.36456
0.279962434,0.0599612217,0.00041133326,0.00482199184,-0.0806483653,-0.827491185,1734.67921
0.279984084,0.0101338132,0.00122295604,0.000484469048,-0.0864862613,-3.26249225,1739.21066
0.28002088,0.12675078,-0.00136928745,0.0016547527,-0.0685390718,2.3896839,1740.3426
0.280025575,0.0112201325,0.00129294327,0.000577213566,-0.0863536101,-3.16515804,1738.94828
0.280070049,0.0123845633,0.00135747652,0.000682292305,-0.086213337,-3.06400204,1738.67593
0.280080459,0.128644026,-0.00135705134,0.00146404732,-0.068019618,2.5401089,1740.26729
0.280117721,0.0136327222,0.0014153652,0.000800631622,-0.0860652385,-2.95912477,1738.39473
0.280125852,0.0646303672,0.000226960544,0.0049448926,-0.0802422309,-0.674189966,1734.97499
0.280136041,0.13041027,-0.0013369827,0.00128828917,-0.067519601,2.68306758,1740.14554
0.280168821,0.0149706296,0.00146535994,0.00093310797,-0.0859091455,-2.85067003,1738.10617
0.280187895,0.132058033,-0.00130962164,0.00112731,-0.067039497,2.81857581,1739.98461
0.280223596,0.0164047389,0.00150617594,0.00108050978,-0.0857449297,-2.73882825,1737.81217
0.280236271,0.133595261,-0.00127553372,0.000980752861,-0.066579581,2.94673709,1739.79172
0.280281401,0.13502937,-0.0012353109,0.000848100748,-0.0661399486,3.0677231,1739.57377
0.280282309,0.0179419674,0.00153652308,0.0012434903,-0.0855725077,-2.62383863,1737.51507
0.28030102,0.0696352464,4.14181046e-05,0.00500764287,-0.0797948318,-0.507181185,1735.35642
0.280323504,0.136367278,-0.00118956672,0.000728722923,-0.0657205386,3.18175533,1739.33713
0.280345243,0.0195897299,0.00155514261,0.00142251065,-0.0853918448,-2.50598929,1737.21772
0.280362783,0.137615437,-0.00113892955,0.00062190654,-0.0653211541,3.28909473,1739.08751
0.280399426,0.138779867,-0.00108403314,0.000526878799,-0.0649414828,3.39002867,1738.82993
0.280412703,0.0213559743,0.00156085011,0.00161777291,-0.0852029557,-2.38561445,1736.92346
0.280433612,0.139866187,-0.00102550718,0.00044283789,-0.064581116,3.48485953,1738.56868
0.280465504,0.140879634,-0.000963969981,0.000368966247,-0.0642395655,3.57389635,1738.30734
0.280485014,0.0232492201,0.00155258367,0.00182914383,-0.085005902,-2.26308797,1736.63615
0.280488783,0.075,-0.000144508301,0.00499672523,-0.079293104,-0.321016522,1735.82818
0.280495257,0.141825099,-0.0009000195,0.000304448939,-0.0639162793,3.65744788,1738.04887
0.280523014,0.14270714,-0.000834226115,0.000248486066,-0.0636106558,3.73581817,1737.79563
0.28054891,0.143530013,-0.000767126712,0.000200302798,-0.0633220559,3.80930329,1737.54946
0.280562524,0.0252785992,0.00152945583,0.00205607025,-0.084800784,-2.13881197,1736.36013
0.280573068,0.144297686,-0.000699220275,0.000159156883,-0.0630498142,3.8781886,1737.31176
0.280595605,0.145013864,-0.00063096487,0.000124343966,-0.0627932483,3.94274685,1737.08354
0.280616631,0.145681998,-0.000562775887,9.52012275e-05,-0.0625516675,4.00323749,1736.86549
0.280636246,0.146305314,-0.00049502546,7.11092528e-05,-0.0623243792,4.05990579,1736.65802
0.280645607,0.0274539002,0.00149080704,0.0022974889,-0.0845877266,-2.01319937,1736.10023
0.280654546,0.146886817,-0.000428042871,5.14940392e-05,-0.0621106955,4.11298543,1736.46132
0.280671618,0.147429312,-0.000362115172,3.58232881e-05,-0.0619099377,4.16268615,1736.27542
0.280676547,0.0803647536,-0.00031581297,0.0049077907,-0.0787595671,-0.122267513,1736.35571
0.280687544,0.147935415,-0.000297488424,2.36146543e-05,-0.0617214408,4.20922311,1736.10018
0.280702403,0.148407569,-0.000234371555,1.44169013e-05,-0.0615445562,4.25273206,1735.93538
0.280716264,0.14884805,-0.000172938777,7.83892687e-06,-0.061378655,4.29338908,1735.78071
0.280729196,0.149258983,-0.000113331661,3.43863978e-06,-0.0612231294,4.33100329,1735.63579
0.280734665,0.0297856156,0.00143625806,0.00255173314,-0.084366855,-1.88665003,1735.86167
0.28074126,0.14964235,-5.56611865e-05,1.14876893e-06,-0.0610773944,4.36561716,1735.5002
0.280752515,0.15,0,0,-0.0609408688,4.38170881,1735.37348
0.280830126,0.0322849924,0.00136575731,0.0028164424,-0.0841382594,-1.75951751,1735.64999
0.280851715,0.0853696328,-0.000462660763,0.00476015055,-0.0782252305,0.0748325428,1736.89176
0.280932451,0.0349640862,0.00127962024,0.00308847631,-0.0839019438,-1.63207037,1735.47099
0.281015132,0.0900387783,-0.000589533142,0.00456731306,-0.0776882777,0.271765687,1737.42472
0.281042134,0.0378358195,0.00117855323,0.00336384465,-0.0836577567,-1.5044378,1735.33055
0.281159704,0.040914044,0.00106366248,0.00363764696,-0.0834052978,-1.37655759,1735.23457
0.281167587,0.0943947116,-0.00069864259,0.00434113847,-0.0771484936,0.470006927,1737.94478
0.281237052,0,0,0,-0.0883084343,-4.2263214,1742.18662
0.281251278,0.000357650242,5.6718293e-05,1.2902075e-06,-0.0882651969,-4.20519427,1742.09374
0.281266528,0.000741017226,0.00011576694,3.77187943e-06,-0.0882189306,-4.16043825,1741.99429
0.281282873,0.00115195011,0.000177075477,8.63441005e-06,-0.0881694475,-4.11264661,1741.88788
0.281285728,0.0442136074,0.000936430056,0.00390404868,-0.0831437961,-1.24808807,1735.1888
0.281300394,0.00159243101,0.00024056102,1.58621311e-05,-0.0881165414,-4.06133923,1741.77407
0.281309816,0.0984584434,-0.000792266953,0.00409277269,-0.0766067648,0.668409558,1738.44327
0.281319176,0.00206458457,0.000306107271,2.59729941e-05,-0.0880599959,-4.00696828,1741.65246
0.281339307,0.0025706882,0.000373559244,3.93834354e-05,-0.0879995859,-3.94936737,1741.52259
0.281360886,0.00311318307,0.000442717728,5.65931299e-05,-0.0879350773,-3.8884936,1741.38404
0.281384017,0.00369468589,0.000513333429,7.81327548e-05,-0.0878662283,-3.82422173,1741.23639
0.28140881,0.00431800152,0.000585100183,0.000104587157,-0.0877927902,-3.75644095,1741.07925
0.281420813,0.0477504251,0.000798677668,0.00415625289,-0.082871953,-1.1183666,1735.19876
0.281435387,0.00498613648,0.000657648807,0.000136591014,-0.0877145092,-3.68503741,1740.91226
0.281442503,0.102249575,-0.000872101292,0.00383046029,-0.0760646691,0.866693479,1738.91199
0.281463874,0.0057023135,0.00073054121,0.000174830608,-0.087631128,-3.60990806,1740.73509
0.28149441,0.00646998704,0.000803263633,0.000220043171,-0.0875423882,-3.53096699,1740.5475
0.281527142,0.00729285993,0.000875221302,0.00027301512,-0.0874480329,-3.44813908,1740.34935
0.281562227,0.00817490128,0.000945734395,0.000334577345,-0.0873478104,-3.36136684,1740.14058
0.281565611,0.0515415566,0.000652481838,0.00438653041,-0.0825877417,-0.986255869,1735.26966
0.28156629,0.105786393,-0.000939507437,0.00356122224,-0.0755241763,1.06378225,1739.34303
0.281599835,0.00912036556,0.00101403573,0.000405599851,-0.0872414776,-3.27061641,1739.92131
0.281640147,0.0101338132,0.00107927105,0.00048698331,-0.0871288048,-3.17588021,1739.69181
0.281681773,0.109085956,-0.000995589355,0.00329049397,-0.0749874295,1.25882714,1739.72892
0.281683358,0.0112201325,0.0011405026,0.000579644379,-0.0870095805,-3.0771812,1739.4526
0.281720821,0.0556052884,0.000500124273,0.00458622195,-0.0822881541,-0.850033319,1735.40638
0.281729676,0.0123845633,0.00119671679,0.000684498268,-0.0868836166,-2.97457861,1739.20441
0.281779324,0.0136327222,0.00124683667,0.000802434297,-0.0867507544,-2.8681729,1738.9483
0.281789509,0.112164181,-0.00104124709,0.00302269282,-0.0744565894,1.45082918,1740.0631
0.281832543,0.0149706296,0.00128973986,0.000934284402,-0.0866108698,-2.75811052,1738.68566
0.281887192,0.0599612217,0.000343884173,0.00474593994,-0.0819688815,-0.707214585,1735.61343
0.281889588,0.0164047389,0.00132428206,0.00108078337,-0.0864638797,-2.64458799,1738.41825
0.281890018,0.115035914,-0.00107723946,0.00276125726,-0.0739337269,1.63889428,1740.34043
0.281950735,0.0179419674,0.00134932658,0.00124252,-0.0863097455,-2.52785455,1738.14824
0.281983785,0.117715008,-0.00110420605,0.00250887238,-0.0734207509,1.82217968,1740.55764
0.282016278,0.0195897299,0.00136377921,0.00141987885,-0.0861484776,-2.40821274,1737.87826
0.282065525,0.0646303672,0.000186169719,0.00485551895,-0.0816239123,-0.555168997,1735.89508
0.282071262,0.120214384,-0.00112269985,0.0022675657,-0.0729193645,1.99996217,1740.71355
0.282086534,0.0213559743,0.00136662819,0.00161297255,-0.085980136,-2.28601602,1737.61138
0.282152871,0.1225461,-0.00113320723,0.00203882357,-0.0724310419,2.17163863,1740.80914
0.282161843,0.0232492201,0.00135698792,0.00182156577,-0.0858048284,-2.16166222,1737.35115
0.282229005,0.124721401,-0.00113617002,0.00182367133,-0.0719570201,2.33674079,1740.84729
0.282242566,0.0252785992,0.00133414497,0.00204499232,-0.085622704,-2.03558221,1737.10158
0.282256682,0.0696352464,2.87847688e-05,0.00490478318,-0.0812450302,-0.389676613,1736.25539
0.282300032,0.12675078,-0.00113200394,0.00162274777,-0.0714983015,2.4949319,1740.83247
0.282329093,0.0274539002,0.00129760444,0.00228206838,-0.0854339401,-1.90822178,1736.86708
0.282366295,0.128644026,-0.00112111544,0.00143636621,-0.0710556649,2.64600038,1740.77026
0.282421843,0.0297856156,0.00124713431,0.00253100459,-0.0852387222,-1.78001751,1736.65247
0.282428112,0.13041027,-0.00110391527,0.00126456898,-0.0706296799,2.78984725,1740.66693
0.282461583,0.075,-0.000127309411,0.0048819213,-0.0808211192,-0.203948492,1736.69823
0.282485783,0.132058033,-0.00108082855,0.0011071749,-0.0702207259,2.92647103,1740.52901
0.282521261,0.0322849924,0.00118280415,0.00278932353,-0.0850372117,-1.65136191,1736.46284
0.282539585,0.133595261,-0.00105230064,0.000963822398,-0.0698290111,3.05595278,1740.36295
0.282589778,0.13502937,-0.0010187964,0.000834006539,-0.0694545931,3.17843975,1740.17491
0.282627828,0.0349640862,0.00110501626,0.00305378306,-0.0848295019,-1.52256485,1736.30352
0.282636604,0.136367278,-0.000980801044,0.000717115253,-0.069097398,3.29412904,1739.97052
0.282666484,0.0803647536,-0.000269724671,0.00478447676,-0.0803710382,-0.00716947001,1737.19067
0.282680289,0.137615437,-0.000938818035,0.00061245464,-0.0687572398,3.40325575,1739.75484
0.282721043,0.138779867,-0.000893359501,0.000519276194,-0.0684338373,3.50608031,1739.53225
0.282742058,0.0378358195,0.00101452167,0.00332031971,-0.084615556,-1.39379516,1736.17994
0.282759064,0.139866187,-0.00084493839,0.000436803435,-0.0681268306,3.6028805,1739.30653
0.282788892,0,0,0,-0.0887957121,-4.15069431,1742.41941
0.282794534,0.140879634,-0.000794059904,0.000364246301,-0.0678357955,3.69394505,1739.0808
0.28280333,0.000357650242,4.95069055e-05,1.30062374e-06,-0.0887566383,-4.12933733,1742.33469
0.282818807,0.000741017226,0.00010108725,3.79933059e-06,-0.0887148351,-4.08411487,1742.24399
0.282827625,0.141825099,-0.000741214337,0.000300816928,-0.0675602568,3.77956399,1738.85764
0.282835396,0.00115195011,0.000154681426,8.69061492e-06,-0.0886701356,-4.03584055,1742.14694
0.282853177,0.00159243101,0.000210219899,1.59515208e-05,-0.0886223557,-3.98401186,1742.04318
0.282857641,0.0853696328,-0.000390783208,0.00463113615,-0.079920721,0.187628765,1737.68858
0.282858496,0.14270714,-0.000686872194,0.000245742444,-0.0672996997,3.86002377,1738.63909
0.282864501,0.040914044,0.000912423849,0.00358400002,-0.0843951259,-1.26503221,1736.09751
0.282872238,0.00206458457,0.000267603024,2.60973334e-05,-0.0885713026,-3.92909597,1741.93231
0.282887296,0.143530013,-0.00063147797,0.000198273884,-0.06705358,3.93560502,1738.42674
0.282892669,0.0025706882,0.000326695856,3.95377002e-05,-0.0885167758,-3.87092047,1741.81393
0.282914164,0.144297686,-0.000575445021,0.000157693274,-0.0668213331,4.00658002,1738.22179
0.282914569,0.00311318307,0.000387322822,5.67647453e-05,-0.0884585674,-3.80944139,1741.68767
0.282938044,0.00369468589,0.000449261855,7.82995402e-05,-0.088396463,-3.74453451,1741.55315
0.28293923,0.145013864,-0.000519152579,0.000123318792,-0.066602382,4.07321071,1738.0251
0.282962614,0.145681998,-0.000462943922,9.45082227e-05,-0.0663961432,4.13574748,1737.83725
0.282963207,0.00431800152,0.000512238153,0.000104715552,-0.088330243,-3.67608026,1741.41
0.28298443,0.146305314,-0.000407125605,7.06605797e-05,-0.066202033,4.19442871,1737.65859
0.282990179,0.00498613648,0.000575918621,0.000136634186,-0.0882596837,-3.60395804,1741.25791
0.282995749,0.0442136074,0.00080015099,0.00383901561,-0.0841676445,-1.13597142,1736.06154
0.283004782,0.146886817,-0.000351967588,5.12188304e-05,-0.0660194718,4.24948868,1737.48927
0.283019091,0.0057023135,0.000639905587,0.000174726793,-0.0881845592,-3.52806564,1741.09659
0.283023769,0.147429312,-0.000297704237,3.56673084e-05,-0.0658478882,4.30114155,1737.32929
0.283035974,0.0900387783,-0.000494353838,0.0044355974,-0.079468469,0.383087554,1738.18138
0.283041483,0.147935415,-0.000244535694,2.35369692e-05,-0.0656867222,4.34956812,1737.17854
0.283050081,0.00646998704,0.000703730679,0.000219713324,-0.0881046437,-3.44830943,1740.92584
0.283058008,0.148407569,-0.000192630257,1.43838612e-05,-0.0655354277,4.39490017,1737.0368
0.283073424,0.14884805,-0.000142126485,7.82848238e-06,-0.0653934745,4.43734763,1736.9038
0.2830833,0.00729285993,0.000766850582,0.000272360844,-0.0880197143,-3.36460824,1740.74551
0.283087807,0.149258983,-9.31355131e-05,3.43141224e-06,-0.0652603502,4.4766764,1736.77921
0.283101224,0.14964235,-4.57431284e-05,1.15434313e-06,-0.0651355607,4.51301976,1736.66266
0.283113742,0.15,0,0,-0.0650186094,4.52997445,1736.55374
0.283118907,0.00817490128,0.000828643606,0.000333478796,-0.0879295539,-3.27689967,1740.55559
0.283136434,0.0477504251,0.000679420625,0.0040786642,-0.0839320883,-1.00597516,1736.0771
0.283157075,0.00912036556,0.000888408316,0.000403913165,-0.0878339551,-3.18514469,1740.35617
0.283197987,0.0101338132,0.000945365072,0.000484537521,-0.0877327243,-3.08933136,1740.14755
0.283202345,0.0943947116,-0.000582596287,0.00420967054,-0.0790140118,0.579669157,1738.66026
0.283241841,0.0112201325,0.000998660805,0.000576237696,-0.0876256864,-2.9894796,1739.93017
0.283287235,0.0515415566,0.000552164443,0.00429542419,-0.0836868032,-0.873880552,1736.14898
0.283288849,0.0123845633,0.00104737789,0.000679893296,-0.0875126902,-2.88564757,1739.70475
0.283339236,0.0136327222,0.00109054756,0.000796351972,-0.0873936132,-2.77793724,1739.47225
0.283357555,0.0984584434,-0.000657678927,0.00396373501,-0.0785580647,0.776525192,1739.11755
0.283393246,0.0149706296,0.00112716828,0.000926396472,-0.0872683677,-2.66649975,1739.23397
0.283448879,0.0556052884,0.000420483037,0.00448096499,-0.0834292837,-0.738047957,1736.28158
0.28345114,0.0164047389,0.00115622902,0.00107070339,-0.0871369055,-2.55154002,1738.99153
0.283502353,0.102249575,-0.000721144855,0.0037056894,-0.0781019555,0.973326937,1739.54609
0.283513197,0.0179419674,0.00117673755,0.0012297931,-0.0869992229,-2.43331987,1738.74692
0.283579716,0.0195897299,0.00118775294,0.00140397074,-0.0868553639,-2.31215883,1738.50257
0.283622146,0.0599612217,0.000286440991,0.00462636502,-0.0831558987,-0.596173945,1736.47901
0.283637439,0.105786393,-0.000774252723,0.00344212425,-0.0776473561,1.16906246,1739.93902
0.283651018,0.0213559743,0.00118842189,0.0015932587,-0.0867054217,-2.18843183,1738.26129
0.283727447,0.0232492201,0.00117801738,0.001797322,-0.086549537,-2.06256251,1738.02633
0.283763462,0.109085956,-0.000818015987,0.00317812416,-0.0771960877,1.36290164,1740.28996
0.283807872,0.0646303672,0.000152055266,0.00472188641,-0.0828615459,-0.445554396,1736.74498
0.283809372,0.0252785992,0.00115597865,0.00201538824,-0.0863878932,-1.93501155,1737.80136
0.283881032,0.112164181,-0.000853261275,0.00291778256,-0.0767499836,1.55386363,1740.59339
0.283897187,0.0274539002,0.00112195032,0.00224616573,-0.0862207048,-1.80625776,1737.59044
0.283990715,0.115035914,-0.000880683272,0.00266425665,-0.0763107942,1.74107851,1740.84507
0.283991317,0.0297856156,0.00107581911,0.00248776206,-0.0860481997,-1.67677347,1737.39796
0.284006953,0.0696352464,1.90237e-05,0.0047577833,-0.0825392242,-0.28147645,1737.08298
0.284092215,0.0322849924,0.00101774464,0.00273761061,-0.085870591,-1.54698782,1737.2286
0.28409304,0.117715008,-0.000900861726,0.00241999176,-0.0758801261,1.92372111,1741.04247
0.284188501,0.120214384,-0.000914291299,0.00218681356,-0.0754594041,2.10108678,1741.18489
0.284200368,0.0349640862,0.000948183368,0.00299240378,-0.0856880385,-1.4172487,1737.08724
0.284220348,0.075,-0.000111577924,0.00472368638,-0.0821794362,-0.0972039359,1737.49615
0.284257295,0,0,0,-0.0892567906,-4.07294813,1742.63967
0.284271791,0.000357650242,4.27053147e-05,1.29784186e-06,-0.0892215931,-4.05139975,1742.56271
0.284277559,0.1225461,-0.000921396929,0.0019660449,-0.0750498531,2.2725844,1741.27351
0.284287329,0.000741017226,8.72568724e-05,3.78364753e-06,-0.0891839443,-4.00582099,1742.48032
0.284303984,0.00115195011,0.000133607309,8.65069101e-06,-0.0891436967,-3.95719894,1742.39219
0.284316298,0.0378358195,0.000867898011,0.00324804979,-0.0855005941,-1.28776003,1736.97884
0.284321837,0.00159243101,0.000181700815,1.58645919e-05,-0.0891006862,-3.90498681,1742.29796
0.284340974,0.00206458457,0.00023145435,2.59344976e-05,-0.0890547417,-3.84966982,1742.1973
0.284360642,0.124721401,-0.000922553836,0.00175858223,-0.0746524921,2.43775333,1741.31117
0.284361486,0.0025706882,0.00028275251,3.92586966e-05,-0.0890056855,-3.79106882,1742.08985
0.284383474,0.00311318307,0.000335442318,5.63169569e-05,-0.0889533335,-3.72913985,1741.97525
0.284407043,0.00369468589,0.000389326981,7.76165061e-05,-0.0888974966,-3.6637511,1741.85318
0.284432306,0.00431800152,0.000444160825,0.000103715121,-0.0888379814,-3.59477622,1741.72331
0.284433743,0.0803647536,-0.000229753068,0.00461875256,-0.081798051,0.0974149257,1737.95347
0.284438152,0.12675078,-0.00091810372,0.00156496778,-0.0742681379,2.59625749,1741.30204
0.284440564,0.040914044,0.00077795754,0.00349963549,-0.0853081299,-1.15853643,1736.90838
0.284459386,0.00498613648,0.00049964382,0.000135216201,-0.0887745917,-3.52209445,1741.58536
0.284488413,0.0057023135,0.000555414857,0.000172771695,-0.0887071303,-3.44559782,1741.43907
0.284510463,0.128644026,-0.000908370892,0.00138544673,-0.0738974159,2.74787972,1741.25122
0.284519527,0.00646998704,0.000611047098,0.000217080005,-0.088635401,-3.36518481,1741.28427
0.284552879,0.00729285993,0.000666044243,0.000268884901,-0.0885592113,-3.28076841,1741.12083
0.284573765,0.0442136074,0.000679705812,0.0037414378,-0.0851102444,-1.02929457,1736.88073
0.284577923,0.13041027,-0.000893675742,0.00122001784,-0.0735407739,2.89250932,1741.16437
0.284588629,0.00817490128,0.000719838042,0.000328970497,-0.0884783754,-3.19228061,1740.94876
0.284626949,0.00912036556,0.000771788098,0.000398155277,-0.0883927179,-3.09967725,1740.76815
0.284632824,0.0853696328,-0.000329366206,0.00446134727,-0.0814168548,0.289975264,1738.4139
0.284640858,0.132058033,-0.000874345382,0.00106847684,-0.0731984992,3.03012833,1741.04731
0.284668025,0.0101338132,0.000821184694,0.000477281951,-0.0883020774,-3.00294224,1740.57927
0.28469957,0.133595261,-0.000850720808,0.000930455145,-0.0728707359,3.16079688,1740.90579
0.284712054,0.0112201325,0.000867254861,0.000567201803,-0.0882063112,-2.90209331,1740.38256
0.284716544,0.0477504251,0.000574733164,0.00396692215,-0.0849061417,-0.899412293,1736.90052
0.284754345,0.13502937,-0.000823160366,0.000805454174,-0.0725575034,3.2846383,1740.74522
0.284759249,0.0123845633,0.000909172345,0.000668754842,-0.0881053003,-2.79718888,1740.17868
0.284805445,0.136367278,-0.000792040504,0.00069287589,-0.0722587132,3.40182529,1740.57055
0.284809838,0.0136327222,0.000946071741,0.000782742786,-0.0879989542,-2.68833415,1739.96853
0.28481855,0.0900387783,-0.000413758501,0.00426499834,-0.0810342664,0.483455931,1738.8678
0.284853117,0.137615437,-0.000757752478,0.000592050297,-0.0719741858,3.51256795,1740.38618
0.284864064,0.0149706296,0.000977066937,0.00090989473,-0.0878872162,-2.57568706,1739.75329
0.284869589,0.0515415566,0.000464810784,0.00416884878,-0.0846944797,-0.767753545,1736.97213
0.284897591,0.138779867,-0.000720698679,0.000502256294,-0.0717036653,3.61710139,1740.19594
0.284922189,0.0164047389,0.00100127372,0.00105082469,-0.0877700685,-2.45946333,1739.53446
0.284939082,0.139866187,-0.000681286568,0.000422747989,-0.0714468332,3.71568069,1740.00309
0.28497779,0.140879634,-0.00063992284,0.000352765934,-0.0712033213,3.80857473,1739.81032
0.284984494,0.0179419674,0.00101783621,0.00120598078,-0.0876475366,-2.33993978,1739.31388
0.284991817,0.0943947116,-0.000485047961,0.00404123359,-0.0806499815,0.678133343,1739.30727
0.285013901,0.141825099,-0.000597006341,0.000291550423,-0.0709727219,3.89605435,1739.61984
0.285033639,0.0556052884,0.000351820222,0.00433925255,-0.0844731789,-0.632796074,1737.09957
0.28504759,0.14270714,-0.000552919167,0.000238362047,-0.0707545973,3.97838889,1739.43341
0.285051279,0.0195897299,0.00102595654,0.00137558617,-0.0875196923,-2.21745525,1739.09376
0.285079018,0.143530013,-0.000508022765,0.000192484588,-0.0705484886,4.05584524,1739.25237
0.285108339,0.144297686,-0.000462654462,0.000153230582,-0.0703539222,4.12868425,1739.07774
0.285122866,0.0213559743,0.00102492697,0.00155957275,-0.0873866561,-2.09240814,1738.87667
0.285135693,0.145013864,-0.000417123964,0.000119947902,-0.070170416,4.19715825,1738.91024
0.285153461,0.0984584434,-0.000545193938,0.00379976772,-0.0802645776,0.873250561,1739.7255
0.285161211,0.145681998,-0.000371711334,9.20227215e-05,-0.0699974844,4.26151018,1738.75035
0.285185018,0.146305314,-0.000326666058,6.88812926e-05,-0.0698346429,4.32197273,1738.59835
0.285199601,0.0232492201,0.00101416343,0.00175750891,-0.0872485958,-1.96524926,1738.66559
0.285207228,0.146886817,-0.000282207156,4.99911294e-05,-0.0696814111,4.37876865,1738.45436
0.285209485,0.0599612217,0.000237566784,0.00446967968,-0.0842391854,-0.492171507,1737.28647
0.285227948,0.147429312,-0.000238524276,3.48597995e-05,-0.0695373162,4.43210518,1738.31837
0.285247278,0.147935415,-0.000195779048,2.30372427e-05,-0.069401895,4.48217644,1738.19026
0.285265312,0.148407569,-0.00015410552,1.40994568e-05,-0.0692746962,4.52911334,1738.06985
0.285281853,0.0252785992,0.000993239261,0.00196852361,-0.0871057219,-1.83646975,1738.46388
0.285282135,0.14884805,-0.000113613232,7.68932348e-06,-0.0691552815,4.57312795,1737.95689
0.285297831,0.149258983,-7.43910976e-05,3.37271293e-06,-0.0690432273,4.6139434,1737.85109
0.285304262,0.102249575,-0.00059559305,0.0035480625,-0.0798791766,1.06842726,1740.11621
0.285312473,0.14964235,-3.65080626e-05,1.14796511e-06,-0.0689381251,4.65183984,1737.75214
0.285326133,0.15,0,0,-0.0688395581,4.66960548,1737.65968
0.285370019,0.0274539002,0.000961917511,0.00219123046,-0.0869582787,-1.70658108,1738.27522
0.285397976,0.0646303672,0.000123779955,0.00455098807,-0.0839881753,-0.342945495,1737.53613
0.285444947,0.105786393,-0.000637380263,0.00329224522,-0.0794952035,1.26268108,1740.47346
0.285464525,0.0297856156,0.000920180668,0.00242365364,-0.0868065283,-1.57609009,1738.10363
0.285565827,0.0322849924,0.000868254331,0.00266316411,-0.0866507264,-1.44546018,1737.95338
0.285576195,0.109085956,-0.00067146866,0.00303702473,-0.0791142122,1.45518867,1740.79177
0.285600019,0.0696352464,1.2090679e-05,0.00457407289,-0.0837141898,-0.18060266,1737.85149
0.285646746,0,0,0,-0.0896930782,-3.99365314,1742.84807
0.285660874,0.000357650242,3.6358937e-05,1.28226347e-06,-0.0896613965,-3.97196872,1742.77841
0.285674412,0.0349640862,0.00080662506,0.00290642289,-0.0864910884,-1.3150739,1737.82891
0.285676018,0.000741017226,7.43687961e-05,3.7256407e-06,-0.0896275133,-3.92616258,1742.70384
0.285692251,0.00115195011,0.00011399563,8.51588698e-06,-0.0895912978,-3.87734855,1742.62408
0.285698638,0.112164181,-0.000698602954,0.00278615325,-0.0787377641,1.6449816,1741.06649
0.285709651,0.00159243101,0.000155197672,1.56032408e-05,-0.0895526038,-3.82491333,1742.53882
0.285728302,0.00206458457,0.000197908345,2.54876242e-05,-0.0895112789,-3.76936165,1742.44773
0.285748295,0.0025706882,0.000242031045,3.85517141e-05,-0.0894671649,-3.71050635,1742.35051
0.285769725,0.00311318307,0.000287433756,5.52597272e-05,-0.0894200986,-3.64830562,1742.24683
0.285790805,0.0378358195,0.000736044528,0.00314935102,-0.0863277415,-1.1851657,1737.73477
0.285792696,0.00369468589,0.000333943639,7.61007011e-05,-0.0893699122,-3.58261588,1742.1364
0.285812868,0.115035914,-0.000719408444,0.00254249535,-0.0783673453,1.83120717,1741.29417
0.285816591,0.075,-9.64992192e-05,0.00452971907,-0.0834091228,0.00146952005,1738.23511
0.285817318,0.00431800152,0.00038134194,0.000101613039,-0.0893164349,-3.51330345,1742.01894
0.285843711,0.00498613648,0.000429358088,0.000132379622,-0.0892594936,-3.44024807,1741.89417
0.285872002,0.0057023135,0.000477664335,0.000169029365,-0.0891989151,-3.36333274,1741.76189
0.285902327,0.00646998704,0.00052587178,0.000212236932,-0.0891345276,-3.28244902,1741.62193
0.285915568,0.040914044,0.000657527007,0.003387103,-0.0861606621,-1.05578128,1737.67548
0.285919435,0.117715008,-0.000734402842,0.00230824752,-0.0780043127,2.01305182,1741.47283
0.285934833,0.00729285993,0.000573527218,0.000262720204,-0.0890661639,-3.19750375,1741.4742
0.285969676,0.00817490128,0.00062011204,0.000321235871,-0.0889936633,-3.10842362,1741.31868
0.286007024,0.00912036556,0.000665043314,0.000388573172,-0.0889168758,-3.01515995,1741.1555
0.286018853,0.120214384,-0.000744023956,0.0020850266,-0.0776498635,2.18982458,1741.60218
0.286033162,0.0803647536,-0.000194007656,0.00441851649,-0.0830863092,0.193770717,1738.65791
0.286047058,0.0101338132,0.000707677638,0.000465541908,-0.0888356651,-2.9176936,1740.98488
0.286049301,0.0442136074,0.000572319483,0.00361409593,-0.0859895936,-0.926652739,1737.6555
0.28608997,0.0112201325,0.000747318536,0.000552956827,-0.0887499133,-2.81604196,1740.80726
0.286111603,0.1225461,-0.00074864064,0.00187398631,-0.0773050187,2.36094214,1741.68352
0.286135968,0.0123845633,0.000783227229,0.000651616195,-0.0886595253,-2.71026597,1740.62322
0.286185274,0.0136327222,0.000814637068,0.000762273619,-0.0885644334,-2.60047684,1740.4336
0.286192651,0.0477504251,0.000481869717,0.00382402402,-0.0858139416,-0.79716479,1737.67904
0.28619813,0.124721401,-0.000748570967,0.00167588936,-0.0769706203,2.52594871,1741.71962
0.286235205,0.0853696328,-0.000275526602,0.00425871159,-0.0827640187,0.384155976,1739.08193
0.286238124,0.0149706296,0.000840771514,0.000885602614,-0.0884646022,-2.4868424,1740.23949
0.286278853,0.12675078,-0.000744095891,0.0014911776,-0.0766473352,2.68450709,1741.71436
0.286294775,0.0164047389,0.000860865376,0.00102215346,-0.0883600335,-2.36959229,1740.04224
0.286346308,0.0515415566,0.000387766899,0.00400997003,-0.0856326417,-0.666264091,1737.75007
0.286354161,0.128644026,-0.000735474224,0.00132002506,-0.0763356653,2.83639407,1741.67239
0.2863555,0.0179419674,0.000874188853,0.00117230235,-0.0882507702,-2.24902145,1739.84355
0.286420591,0.0195897299,0.000880073746,0.00133619337,-0.0881369,-2.12549071,1739.64542
0.286423696,0.0900387783,-0.000343928618,0.00406339667,-0.0824407844,0.575546142,1739.49841
0.286424418,0.13041027,-0.000722955296,0.00116238501,-0.0760359612,2.98148767,1741.59881
0.286489961,0.132058033,-0.000706789674,0.00101802926,-0.0757484369,3.11975441,1741.49884
0.286490362,0.0213559743,0.000877941126,0.0015136743,-0.0880185566,-1.99942406,1739.45021
0.286511013,0.0556052884,0.000291666731,0.00416437582,-0.0854439956,-0.532420715,1737.87218
0.286551108,0.133595261,-0.000687236961,0.000886582841,-0.0754731861,3.25123508,1741.37756
0.28656515,0.0232492201,0.000867329508,0.0017042281,-0.0878959199,-1.87130081,1739.26061
0.286599542,0.0943947116,-0.000401204993,0.00384362112,-0.0821162796,0.768264402,1739.90027
0.286608153,0.13502937,-0.000664570619,0.000767554362,-0.0752101984,3.37603118,1741.23974
0.286645316,0.0252785992,0.000847922706,0.00190690208,-0.0877692114,-1.74164292,1739.07967
0.286661371,0.136367278,-0.000639079988,0.000660363051,-0.0749593743,3.49429259,1741.08974
0.286687562,0.0599612217,0.000195150976,0.00427932024,-0.0852454671,-0.393143603,1738.04862
0.28671102,0.137615437,-0.000611069524,0.000564362968,-0.07472054,3.60620677,1740.93141
0.286731246,0.0274539002,0.000819575812,0.00212023878,-0.087638687,-1.61099375,1738.91075
0.286757338,0.138779867,-0.000580855405,0.00047886348,-0.07449346,3.71198814,1740.76807
0.286763592,0.0984584434,-0.000449105801,0.00360847727,-0.081790967,0.961599037,1740.28148
0.286800548,0.139866187,-0.000548761066,0.000403151904,-0.0742778496,3.8118719,1740.60256
0.286823355,0.0297856156,0.000782338732,0.00234220985,-0.0875046229,-1.47989288,1738.75751
0.286840861,0.140879634,-0.000515113263,0.000336503074,-0.0740733852,3.9061068,1740.43721
0.286876806,0.0646303672,9.97322785e-05,0.0043463391,-0.0850334321,-0.245501722,1738.28224
0.286878469,0.141825099,-0.000480235771,0.000278192779,-0.0738797134,3.99494452,1740.27391
0.286913554,0.14270714,-0.000444441956,0.000227515837,-0.0736964586,4.07863772,1740.11416
0.286916637,0.102249575,-0.00048887328,0.00336493844,-0.0814657924,1.15511055,1740.63654
0.286922087,0.0322849924,0.000736473861,0.00257016191,-0.0873672947,-1.34883497,1738.62381
0.286946286,0.143530013,-0.000408030315,0.000183790072,-0.0735232306,4.15744212,1739.95912
0.286961491,0,0,0,-0.090105908,-3.9133293,1743.04525
0.286975258,0.000357650242,3.04979973e-05,1.25360942e-06,-0.0900775305,-3.89154207,1742.98249
0.286976821,0.144297686,-0.000371279101,0.000146361776,-0.0733596294,4.23161115,1739.80965
0.286990015,0.000741017226,6.24784476e-05,3.62480058e-06,-0.0900471863,-3.84561093,1742.91532
0.287005309,0.145013864,-0.000334444089,0.000114611868,-0.0732052505,4.30138976,1739.66635
0.287005833,0.00115195011,9.59205445e-05,8.28575989e-06,-0.0900147603,-3.79673026,1742.84347
0.287022789,0.00159243101,0.00013079531,1.51678443e-05,-0.0899801228,-3.74419718,1742.76667
0.287027918,0.0349640862,0.00068246912,0.00280076947,-0.0872269469,-1.21823313,1738.51371
0.287031886,0.145681998,-0.000297757505,8.79585747e-05,-0.0730596883,4.3670143,1739.52963
0.287040964,0.00206458457,0.000167050937,2.47589118e-05,-0.089943139,-3.68854079,1742.68464
0.28705668,0.146305314,-0.0002614255,6.58584558e-05,-0.0729225402,4.4287119,1739.3997
0.287059416,0.105786393,-0.000521519794,0.00311865498,-0.0811419688,1.34784964,1740.96031
0.287060445,0.0025706882,0.000204607354,3.74219678e-05,-0.0899036694,-3.62956484,1742.59708
0.287079657,0.0696352464,6.86358968e-06,0.00435705095,-0.0848028701,-0.0851283056,1738.57549
0.28707981,0.146886817,-0.000225627901,4.78073024e-05,-0.0727934082,4.48670044,1739.27667
0.287081328,0.00311318307,0.000243350439,5.36028291e-05,-0.0898615698,-3.56721849,1742.50373
0.287101389,0.147429312,-0.000190518588,3.33391747e-05,-0.0726719019,4.54118895,1739.16051
0.287103712,0.00369468589,0.000283127793,7.37697674e-05,-0.089816693,-3.50135089,1742.4043
0.287121521,0.147935415,-0.000156226612,2.20300304e-05,-0.0725576398,4.59238288,1739.05112
0.287127705,0.00431800152,0.000323743649,9.84384706e-05,-0.089768889,-3.43182893,1742.29855
0.287140301,0.148407569,-0.00012285793,1.34787838e-05,-0.0724502507,4.64038551,1738.94833
0.287141358,0.0378358195,0.000621038236,0.00303001676,-0.0870837516,-1.08834716,1738.43134
0.287153424,0.00498613648,0.00036495263,0.000128168397,-0.0897180065,-3.35852201,1742.18625
0.287157823,0.14884805,-9.04966691e-05,7.34914072e-06,-0.072349375,4.68539613,1738.85191
0.287174168,0.149258983,-5.92073534e-05,3.21377676e-06,-0.0722546653,4.72709971,1738.76162
0.287180992,0.0057023135,0.000406455926,0.000163563347,-0.0896638948,-3.28130436,1742.0672
0.287189418,0.14964235,-2.90368096e-05,1.10253312e-06,-0.0721657869,4.76594203,1738.67718
0.287192617,0.109085956,-0.000547856685,0.00287394282,-0.0808208207,1.53899426,1741.2481
0.287203644,0.15,0,0,-0.0720823928,4.78422337,1738.59828
0.287210543,0.00646998704,0.000447898016,0.000205272165,-0.0896064053,-3.20006125,1741.94127
0.287242218,0.00729285993,0.000488864509,0.000253984901,-0.089545394,-3.11469278,1741.80836
0.287262956,0.040914044,0.000553116699,0.00325318131,-0.0869377532,-0.959245956,1738.38084
0.287276171,0.00817490128,0.000528882316,0.000310428779,-0.0894807242,-3.0251203,1741.6685
0.287297094,0.075,-8.25915108e-05,0.00430328429,-0.0845469293,0.0945970228,1738.93041
0.287312565,0.00912036556,0.000567422196,0.000375361342,-0.0894122695,-2.93129104,1741.52178
0.287316883,0.112164181,-0.000568544818,0.00263420482,-0.0805036765,1.72758318,1741.49603
0.287351576,0.0101338132,0.000603903779,0.00044955691,-0.0893399174,-2.83318394,1741.36844
0.287393392,0.0112201325,0.000637703945,0.000533790431,-0.0892635731,-2.73081763,1741.20886
0.287393298,0.0442136074,0.00047983514,0.00346488044,-0.0867887958,-0.830673786,1738.36624
0.287432813,0.115035914,-0.000584139084,0.00240200886,-0.0801917959,1.91277614,1741.70128
0.287438215,0.0123845633,0.000668168135,0.000628814607,-0.0891831638,-2.62425765,1741.04359
0.287486261,0.0136327222,0.000694624661,0.000735330683,-0.089098643,-2.51362361,1740.87341
0.287514531,0.0803647536,-0.000162219033,0.00418694097,-0.0842766776,0.284496449,1739.31985
0.287533011,0.0477504251,0.000402484881,0.00365908395,-0.0866364322,-0.702051849,1738.3914
0.287537761,0.0149706296,0.000716401747,0.000853952243,-0.0890099955,-2.39909574,1740.6993
0.287540966,0.117715008,-0.000595095755,0.00217930025,-0.079886324,2.09376702,1741.86237
0.287592965,0.0164047389,0.000732846917,0.000985161942,-0.0889172413,-2.28092017,1740.52251
0.287641864,0.120214384,-0.000601798472,0.00196748607,-0.0795882643,2.26987521,1741.97931
0.287652138,0.0179419674,0.000743348247,0.00112926139,-0.0888204398,-2.15941216,1740.34458
0.287682771,0.0515415566,0.000322452278,0.0038292351,-0.086479808,-0.572340824,1738.45988
0.287715567,0.0195897299,0.000747356864,0.00128631497,-0.0887196932,-2.03495633,1740.16732
0.287717382,0.0853696328,-0.000228182539,0.00402617051,-0.0840072366,0.472668627,1739.70883
0.287735994,0.1225461,-0.000604565089,0.0017675505,-0.0792984662,2.44052234,1742.0535
0.287783555,0.0213559743,0.000744410137,0.00145608877,-0.0886151479,-1.90800345,1739.99288
0.287823809,0.124721401,-0.000603664314,0.00158012227,-0.0790176229,2.60525591,1742.08758
0.287843298,0.0556052884,0.000241180921,0.0039682373,-0.0863175193,-0.43995582,1738.57497
0.287856433,0.0232492201,0.000734154732,0.00163798666,-0.0885069949,-1.77906167,1739.8237
0.287905734,0.12675078,-0.000599326723,0.00140554278,-0.0787462762,2.76373668,1742.08514
0.287906625,0.0900387783,-0.000282979609,0.00383347789,-0.0837372467,0.661960537,1740.08945
0.287934551,0.0252785992,0.000716369028,0.00183098528,-0.0883954663,-1.64868332,1739.66255
0.287982163,0.128644026,-0.000591758396,0.00124391499,-0.0784848259,2.91573542,1742.05043
0.288015369,0.0599612217,0.000160052807,0.0040687314,-0.0861474371,-0.302395891,1738.73952
0.288018285,0.0274539002,0.000690983498,0.00203357232,-0.088280829,-1.51744226,1739.51247
0.288053465,0.13041027,-0.000581152342,0.0010951472,-0.0782335422,3.06111949,1741.98803
0.288083174,0.0943947116,-0.000328404136,0.00361931292,-0.0834663644,0.852697723,1740.4554
0.288108041,0.0297856156,0.000658098928,0.00224368842,-0.0881633727,-1.38590863,1739.37676
0.288119984,0.132058033,-0.000567698801,0.000958988249,-0.0779925797,3.19984098,1741.90259
0.288182041,0.133595261,-0.000551593107,0.000835058344,-0.0777619916,3.33192301,1741.7986
0.288199812,0.0646303672,8.03540496e-05,0.00412293732,-0.0859664917,-0.156739148,1738.95604
0.288204251,0.0322849924,0.000617999078,0.0024586828,-0.0880433916,-1.25460535,1739.25894
0.288205545,0,0,0,-0.0904965413,-3.83252893,1743.23182
0.28821872,0.000357650242,2.51494689e-05,1.21201335e-06,-0.0904711927,-3.8106876,1743.17553
0.288232841,0.000741017226,5.16397155e-05,3.4815671e-06,-0.0904440914,-3.76475161,1743.11528
0.288239935,0.13502937,-0.000533041175,0.000722875582,-0.0775417437,3.45744726,1741.68029
0.288247978,0.00115195011,7.94625829e-05,7.96143704e-06,-0.0904151359,-3.71594771,1743.05084
0.28824788,0.0984584434,-0.000366014263,0.00339213401,-0.0831949498,1.04423781,1740.8014
0.288264203,0.00159243101,0.000108600534,1.45612459e-05,-0.0903842115,-3.66345802,1742.98196
0.288281595,0.00206458457,0.000139014591,2.37544987e-05,-0.090351199,-3.60784121,1742.90838
0.288293945,0.136367278,-0.000512262418,0.000621879463,-0.0773317287,3.57654247,1741.55147
0.288300237,0.0025706882,0.000170638486,3.58822041e-05,-0.0903159753,-3.54889089,1742.82986
0.288307378,0.0349640862,0.000571159978,0.00267527522,-0.0879211583,-1.12397213,1739.16268
0.28832022,0.00311318307,0.000203373642,5.13686707e-05,-0.0902784134,-3.48654456,1742.74615
0.28834164,0.00369468589,0.000237084717,7.06593246e-05,-0.0902383837,-3.42064148,1742.65699
0.288344333,0.137615437,-0.000489490348,0.000531451872,-0.0771317783,3.68937432,1741.41548
0.288364599,0.00431800152,0.000271594482,9.42465426e-05,-0.0901957547,-3.35104772,1742.56217
0.28838921,0.00498613648,0.00030667921,0.000122664222,-0.0901503942,-3.27762241,1742.46148
0.28839134,0.138779867,-0.000464971142,0.000450935629,-0.0769416748,3.79613637,1741.27525
0.288397518,0.0696352464,3.33694784e-06,0.00412320955,-0.0857704117,0.00133317814,1739.22661
0.288401537,0.102249575,-0.000396906855,0.00315839111,-0.0829237907,1.23609673,1741.12266
0.28841559,0.0057023135,0.00034206531,0.000156490442,-0.0901021708,-3.20023165,1742.35475
0.288417921,0.0378358195,0.000518247218,0.00288954858,-0.0877968871,-0.994289414,1739.09171
0.288435194,0.139866187,-0.000438960751,0.000379651318,-0.0767611617,3.89704353,1741.1332
0.288443868,0.00646998704,0.000377427095,0.000196347011,-0.0900509557,-3.11875315,1742.24186
0.288474178,0.00729285993,0.000412385944,0.000242895581,-0.0899966249,-3.0330809,1742.12274
0.288476106,0.140879634,-0.00041171906,0.000316911192,-0.0765899524,3.99232573,1740.99136
0.288506669,0.00817490128,0.000446511592,0.000296833129,-0.0899390617,-2.94313169,1741.99741
0.288514274,0.141825099,-0.000383505613,0.000262031452,-0.0764277384,4.08222017,1740.85135
0.288536413,0.040914044,0.000460110806,0.00309694439,-0.0876706863,-0.865640197,1739.04978
0.288541495,0.00912036556,0.000479326111,0.000358883915,-0.0898781593,-2.84885016,1741.86597
0.288544886,0.105786393,-0.000421968023,0.00292324572,-0.0826539092,1.42733082,1741.41478
0.288549881,0.14270714,-0.000354576385,0.000214341815,-0.0762741957,4.16696741,1740.71447
0.288578825,0.0101338132,0.000510310072,0.000429785206,-0.0898138244,-2.75021561,1741.72863
0.2885831,0.143530013,-0.000325177483,0.000173197792,-0.0761289905,4.24681424,1740.58168
0.28860944,0.075,-7.02699838e-05,0.00406230394,-0.0855533477,0.178447047,1739.55287
0.28861409,0.144297686,-0.000295541957,0.00013797861,-0.0759917837,4.32200665,1740.45373
0.28861884,0.0112201325,0.000538911447,0.000510269906,-0.0897459806,-2.64725046,1741.58575
0.288643002,0.145013864,-0.000265884912,0.000108097173,-0.075862235,4.39278282,1740.33112
0.288661732,0.0123845633,0.000564556984,0.000601042639,-0.0896745726,-2.54002783,1741.43783
0.288663424,0.0442136074,0.000397761875,0.00329231798,-0.0875424954,-0.737796223,1739.04055
0.288669974,0.145681998,-0.000236399653,8.30067077e-05,-0.0757400052,4.45937569,1740.21418
0.28867862,0.109085956,-0.000441910755,0.00269060345,-0.0823864233,1.61712089,1741.67381
0.288695137,0.146305314,-0.000207258121,6.21945487e-05,-0.0756247594,4.52201132,1740.1031
0.288707708,0.0136327222,0.000586665852,0.000702749806,-0.0895995697,-2.4286789,1741.28559
0.288718612,0.146886817,-0.000178609966,4.51865602e-05,-0.0755161681,4.58090831,1739.99795
0.288740512,0.147429312,-0.000150582208,3.15450729e-05,-0.075413909,4.6362717,1739.8987
0.28875699,0.0149706296,0.000604665197,0.000815943202,-0.0895209709,-2.31339947,1741.12991
0.288760943,0.147935415,-0.00012327999,2.08717149e-05,-0.0753176677,4.68829709,1739.80525
0.288780004,0.148407569,-9.67886437e-05,1.278834e-05,-0.0752271389,4.73710877,1739.71746
0.288797786,0.14884805,-7.11743992e-05,6.98694068e-06,-0.0751420266,4.7829474,1739.63512
0.288799568,0.0477504251,0.000332336934,0.00346994735,-0.0874120052,-0.610205317,1739.06748
0.288803382,0.112164181,-0.000457314528,0.00246351002,-0.0821224522,1.8045126,1741.89652
0.288809815,0.0164047389,0.000618007202,0.000941037386,-0.0894388082,-2.19445499,1740.97193
0.288814375,0.149258983,-4.6486317e-05,3.05557104e-06,-0.0750620443,4.8254411,1739.55802
0.288821361,0.0803647536,-0.000135295424,0.00394316054,-0.0853245953,0.365703655,1739.90965
0.288829851,0.14964235,-2.27595978e-05,1.06372074e-06,-0.0749869158,4.86521088,1739.48592
0.288844289,0.15,0,0,-0.0749163481,4.88402315,1739.41854
0.288866439,0.0179419674,0.000626187218,0.00107826117,-0.0893531508,-2.07218352,1740.81303
0.288919775,0.115035914,-0.000468666404,0.00224423142,-0.0818630528,1.98867471,1742.08069
0.288927134,0.0195897299,0.000628762421,0.00122760427,-0.0892641083,-1.94699526,1740.65488
0.288945502,0.0515415566,0.000265032726,0.003623676,-0.0872785588,-0.481773334,1739.13381
0.288992194,0.0213559743,0.000625370679,0.00138876025,-0.0891718321,-1.8193687,1740.49939
0.289019067,0.0853696328,-0.000188739083,0.00378366216,-0.085096822,0.551465743,1740.26491
0.289028361,0.117715008,-0.00047636397,0.002034458,-0.0816091806,2.16880599,1742.22526
0.289061932,0.0232492201,0.000615748841,0.00156106793,-0.089076516,-1.68984095,1740.34878
0.289101929,0.0556052884,0.000197096291,0.00374691248,-0.0871410289,-0.350920851,1739.24243
0.289129662,0.120214384,-0.000480740423,0.00183538447,-0.0813616665,2.34423455,1742.33049
0.289136684,0.0252785992,0.000599750379,0.00174345271,-0.0889783935,-1.55899389,1740.20555
0.28920351,0.0900387783,-0.00023276327,0.00359562794,-0.0848687765,0.738534431,1740.61151
0.289216812,0.0274539002,0.000577360955,0.00193437245,-0.0888777325,-1.42743003,1740.07242
0.289224168,0.1225461,-0.000482067732,0.00164782353,-0.0811212075,2.51438536,1742.39783
0.289269604,0.0599612217,0.000129718514,0.00383288152,-0.0869976682,-0.215178272,1739.39587
0.2893027,0.0297856156,0.000548712273,0.00213176724,-0.0887748246,-1.29574761,1739.9524
0.289312334,0.124721401,-0.000480571931,0.00147226819,-0.0808883655,2.67880894,1742.42979
0.289375581,0.0943947116,-0.000268938698,0.00338884734,-0.0846401132,0.92718401,1740.94382
0.289382711,0,0,0,-0.0908661714,-3.75178553,1743.40834
0.289394587,0.12675078,-0.000476441565,0.00130895786,-0.0806635721,2.83716389,1742.4297
0.289394765,0.0322849924,0.00051409069,0.00233302426,-0.0886699698,-1.16449436,1739.84864
0.289395212,0.000357650242,2.03296438e-05,1.15811511e-06,-0.0908436361,-3.72992912,1743.35812
0.28940861,0.000741017226,4.18815649e-05,3.29774467e-06,-0.0908195463,-3.68409429,1743.30436
0.289422972,0.00115195011,6.46587439e-05,7.54688661e-06,-0.0907938128,-3.63549303,1743.24686
0.289438368,0.00159243101,8.8652846e-05,1.37910817e-05,-0.0907663347,-3.58316981,1743.1854
0.289449335,0.0646303672,6.39791305e-05,0.00387450602,-0.0868459282,-0.0715681755,1739.59628
0.289454869,0.00206458457,0.000113834952,2.24875572e-05,-0.0907370072,-3.52771866,1743.11975
0.289471321,0.128644026,-0.000469839965,0.0011579232,-0.0804471378,2.98921566,1742.40139
0.289472558,0.0025706882,0.000140149129,3.39533684e-05,-0.090705722,-3.46891109,1743.04969
0.289491518,0.00311318307,0.000167508587,4.85902563e-05,-0.0906723679,-3.40667814,1742.97499
0.28949345,0.0349640862,0.000473944058,0.00253494775,-0.0885634533,-1.03413223,1739.76446
0.289511842,0.00369468589,0.00019579131,6.68188798e-05,-0.0906368315,-3.34085492,1742.89545
0.289533627,0.00431800152,0.000224834791,8.91072573e-05,-0.090598998,-3.2712956,1742.81085
0.289536109,0.0984584434,-0.000298624652,0.00317114629,-0.0844111152,1.11682099,1741.25717
0.289542908,0.13041027,-0.000460915174,0.00101902671,-0.0802392634,3.13482193,1742.34895
0.289556979,0.00498613648,0.000254433074,0.000115963394,-0.0905587525,-3.19784932,1742.72102
0.28958201,0.0057023135,0.000284334308,0.00014793949,-0.090515981,-3.12037503,1742.62581
0.28959923,0.0378358195,0.000428876932,0.00273376151,-0.0884555142,-0.904956351,1739.70323
0.28960884,0.00646998704,0.000314239498,0.000185629423,-0.0904705727,-3.03874294,1742.52512
0.289609693,0.132058033,-0.000449809467,0.000891994097,-0.0800400519,3.27392169,1742.27652
0.2896376,0.00729285993,0.000343803262,0.000229665591,-0.0904224214,-2.95284179,1742.41889
0.28964199,0.0696352464,9.41124866e-07,0.00386490856,-0.08668224,0.0841891395,1739.84537
0.289668427,0.00817490128,0.000372636456,0.000280713789,-0.090371428,-2.86258503,1742.30713
0.289671998,0.133595261,-0.000436666805,0.000776441387,-0.0798495222,3.40652176,1742.18806
0.289685868,0.102249575,-0.000322775462,0.00294845553,-0.0841824456,1.30695002,1741.54739
0.289701472,0.00912036556,0.00040031091,0.000339462826,-0.0903175033,-2.7679165,1742.18995
0.289712617,0.040914044,0.000379645327,0.0029251134,-0.0883463029,-0.777067664,1739.66834
0.289730123,0.13502937,-0.000421638442,0.000671897652,-0.0796676207,3.53268516,1742.08725
0.289736892,0.0101338132,0.000426366585,0.000406610318,-0.0902605708,-2.66881845,1742.06755
0.289774859,0.0112201325,0.000450320625,0.00048284385,-0.09020057,-2.56531997,1741.94025
0.289784349,0.136367278,-0.000404886473,0.000577824999,-0.079494234,3.65252028,1741.97742
0.289815557,0.0123845633,0.000471678282,0.000568816377,-0.0901374601,-2.45750481,1741.80853
0.289825582,0.105786393,-0.00034215507,0.0027254712,-0.0839549737,1.49661218,1741.81066
0.289834156,0.0442136074,0.000327132283,0.00310413097,-0.0882358273,-0.650262496,1739.66307
0.289834938,0.137615437,-0.00038658534,0.000493636218,-0.0793291996,3.76617164,1741.86149
0.289848498,0.075,-5.87899704e-05,0.00379773964,-0.086501697,0.25871151,1740.14439
0.28985918,0.0136327222,0.000489945372,0.00066511604,-0.090071224,-2.34551875,1741.673
0.289882133,0.138779867,-0.000366921483,0.000418710526,-0.0791723157,3.87381189,1741.74197
0.289905941,0.0149706296,0.000504641924,0.000772230264,-0.0900018716,-2.22957599,1741.53449
0.289926163,0.139866187,-0.000346091446,0.000352407719,-0.0790233507,3.97563581,1741.62095
0.289955923,0.109085956,-0.000357380888,0.00250571019,-0.0837296525,1.68498414,1742.04363
0.289956063,0.0164047389,0.000515316605,0.000890504551,-0.0899294444,-2.10996372,1741.39402
0.289964435,0.0477504251,0.00027232021,0.00326544032,-0.0881238829,-0.523975022,1739.69055
0.289967238,0.140879634,-0.000324298697,0.000294080755,-0.0788820503,4.07185446,1741.50017
0.290005559,0.141825099,-0.000301749975,0.000243086918,-0.0787481448,4.16269017,1741.38102
0.29000979,0.0179419674,0.000521561631,0.00102009642,-0.0898540183,-1.98704458,1741.25285
0.290041308,0.14270714,-0.000278651196,0.00019879639,-0.0786213544,4.24837174,1741.26458
0.290055006,0.0803647536,-0.000111097227,0.00367688205,-0.0863119301,0.4433634,1740.47011
0.29006738,0.0195897299,0.000523027717,0.00116092573,-0.0897757073,-1.86125536,1741.11245
0.29007466,0.143530013,-0.000255202746,0.00016060367,-0.0785013938,4.32913405,1741.1517
0.290077521,0.112164181,-0.000368951821,0.00229188762,-0.0835074341,1.87111608,1742.24361
0.290104082,0.0515415566,0.000216235055,0.00340331747,-0.088009968,-0.397079835,1739.75368
0.290105774,0.144297686,-0.000231596577,0.000127925553,-0.0783879763,4.40521229,1741.04298
0.290129111,0.0213559743,0.000519438972,0.00131262224,-0.0896946644,-1.73310251,1740.97456
0.290134801,0.145013864,-0.000208011879,0.000100211273,-0.0782808167,4.47683634,1740.93884
0.290161881,0.145681998,-0.000184611702,7.69472222e-05,-0.0781796333,4.54423417,1740.83957
0.290187145,0.146305314,-0.000161541138,5.76530823e-05,-0.07808415,4.60762974,1740.74531
0.290190962,0.115035914,-0.000377288455,0.00208599481,-0.0832892146,2.05418066,1742.40881
0.290195281,0.0232492201,0.000510606964,0.0014744729,-0.0896110829,-1.60315147,1740.84118
0.290210713,0.146886817,-0.000138925971,4.1886662e-05,-0.0779940972,4.66724039,1740.6561
0.290232701,0.147429312,-0.000116872872,2.92405505e-05,-0.0779092129,4.72327434,1740.57192
0.290247661,0.0853696328,-0.000153691325,0.00351986401,-0.0861232993,0.626762224,1740.79325
0.290253214,0.147935415,-9.54689871e-05,1.93451928e-05,-0.077829243,4.77593269,1740.49268
0.29025377,0.0556052884,0.000159933963,0.00351168866,-0.0878931774,-0.268018667,1739.85502
0.290266208,0.0252785992,0.000496444335,0.00164536973,-0.0895251941,-1.47201216,1740.71453
0.29027235,0.148407569,-7.47820987e-05,1.18500665e-05,-0.0777539422,4.82532833,1740.41825
0.290290203,0.14884805,-5.48633349e-05,6.47676827e-06,-0.0776830736,4.87170532,1740.34845
0.290296793,0.117715008,-0.00038273187,0.00188949361,-0.0830757999,2.23337679,1742.53849
0.290306859,0.149258983,-3.57493747e-05,2.82474461e-06,-0.0776164093,4.91461654,1740.28309
0.290322397,0.14964235,-1.74637557e-05,9.9728723e-07,-0.0775537305,4.95490973,1740.22197
0.290336893,0.15,0,0,-0.077494801,4.97406827,1740.16485
0.290342236,0.0274539002,0.00047697641,0.0018237631,-0.0894372626,-1.34031357,1740.59709
0.290395525,0.120214384,-0.000385567997,0.00170339119,-0.0828678862,2.4080368,1742.63305
0.290414221,0.0599612217,0.000104420832,0.00358436781,-0.0877720752,-0.134316744,1739.99681
0.29042373,0.0297856156,0.00045235123,0.00200761905,-0.0893475777,-1.20867956,1740.49153
0.290427392,0.0900387783,-0.000188432464,0.00333774816,-0.0859346535,0.811679645,1741.10746
0.290487633,0.1225461,-0.000386027075,0.00152835124,-0.0826660524,2.5775859,1742.69396
0.290496585,0,0,0,-0.0912159276,-3.67161263,1743.57537
0.290508356,0.000357650242,1.60468509e-05,1.09242471e-06,-0.0911960095,-3.64977859,1743.53082
0.290511084,0.0322849924,0.000422845573,0.00219439301,-0.0892564397,-1.0776778,1740.4007
0.290520973,0.000741017226,3.32172041e-05,3.07467615e-06,-0.0911747205,-3.6041475,1743.48314
0.290534497,0.00115195011,5.15229531e-05,7.04533144e-06,-0.0911519832,-3.55586627,1743.43213
0.290548994,0.00159243101,7.09620922e-05,1.28643176e-05,-0.0911277091,-3.50381999,1743.37762
0.290564533,0.00206458457,9.1512418e-05,2.09720814e-05,-0.0911018066,-3.44864618,1743.31938
0.290573563,0.124721401,-0.000384297883,0.00136475047,-0.0824707596,2.74157542,1742.72358
0.29058119,0.0025706882,0.000113125088,3.16592642e-05,-0.0910741813,-3.39008642,1743.25724
0.290586209,0.0646303672,5.05925837e-05,0.0036149678,-0.0876445414,0.00704791348,1740.18089
0.290595067,0.0943947116,-0.000216682644,0.003139616,-0.0857456452,0.998334413,1741.40776
0.290599044,0.00311318307,0.00013572102,4.53047124e-05,-0.0910447362,-3.32806296,1743.19097
0.29060472,0.0349640862,0.000388870185,0.00238100657,-0.08916414,-0.94778842,1740.32757
0.290618182,0.00369468589,0.000159187088,6.23047482e-05,-0.0910133728,-3.26240642,1743.12041
0.290638697,0.00431800152,0.000183372198,8.31021229e-05,-0.0909799916,-3.19295969,1743.04536
0.290653729,0.12675078,-0.000380534349,0.00121274269,-0.0822823565,2.89966025,1742.72494
0.290660686,0.00498613648,0.000208084976,0.000108179259,-0.0909444934,-3.11956199,1742.96568
0.290684256,0.0057023135,0.000233092728,0.000138062151,-0.0909067803,-3.04206403,1742.88124
0.290705088,0.0378358195,0.000350962823,0.00256385837,-0.089070934,-0.819320485,1740.27518
0.290709522,0.00646998704,0.000258121296,0.000173316475,-0.0908667574,-2.96032955,1742.79194
0.290728517,0.128644026,-0.000374866184,0.0010722995,-0.0821010872,3.05160001,1742.70152
0.290736604,0.00729285993,0.000282857049,0.000214544417,-0.0908243347,-2.87424354,1742.69774
0.290751494,0.0984584434,-0.000239612158,0.00293264188,-0.085556485,1.18614814,1741.69008
0.290765633,0.00817490128,0.000306951016,0.000262378687,-0.090779429,-2.78371787,1742.59867
0.290770564,0.0696352464,-6.63878503e-07,0.0035973532,-0.0875075886,0.160325949,1740.40866
0.290796749,0.00912036556,0.00033002409,0.000317470153,-0.0907319666,-2.68869813,1742.49481
0.290798288,0.13041027,-0.000367407303,0.000943248209,-0.0819271018,3.19724308,1742.65697
0.290812673,0.040914044,0.00030978295,0.00273883349,-0.0889770044,-0.692393659,1740.24655
0.290830103,0.0101338132,0.000351674573,0.000380473426,-0.0906818858,-2.58917253,1742.38636
0.290863379,0.132058033,-0.00035826439,0.000825299526,-0.0817604674,3.33651648,1742.59496
0.290865856,0.0112201325,0.000371486946,0.000452026898,-0.0906291399,-2.48518001,1742.2736
0.290897428,0.102249575,-0.000258038384,0.00272221831,-0.0853677189,1.37461468,1741.95082
0.290904179,0.0123845633,0.000389041829,0.000532727932,-0.0905737008,-2.37681817,1742.15697
0.290924104,0.133595261,-0.000347543626,0.000718071535,-0.0816011798,3.46941249,1742.519
0.290927994,0.0442136074,0.000266087429,0.00290136141,-0.0888824139,-0.566797742,1740.24464
0.290945258,0.0136327222,0.00040392685,0.000623103038,-0.0905155622,-2.26425039,1742.03703
0.290968175,0.075,-4.88556358e-05,0.00352598931,-0.0873570918,0.332125359,1740.68108
0.290980755,0.13502937,-0.000335356043,0.00062110904,-0.0814491742,3.59597753,1742.43233
0.29098929,0.0149706296,0.000415748088,0.000723573202,-0.0904547434,-2.14771184,1741.91453
0.291033572,0.105786393,-0.000272617705,0.00251256857,-0.0851800733,1.56277523,1742.18675
0.291033606,0.136367278,-0.000321821247,0.000533900454,-0.081304336,3.71630199,1742.33787
0.291036489,0.0164047389,0.000424141743,0.000834414883,-0.0903912927,-2.02751335,1741.79038
0.291051607,0.0477504251,0.000220715404,0.00304644818,-0.088787046,-0.441958894,1740.27224
0.291082911,0.137615437,-0.000307069391,0.000455892491,-0.0811665101,3.83051178,1742.23815
0.291087081,0.0179419674,0.000428785943,0.000955717148,-0.0903252905,-1.90404338,1741.66569
0.291128909,0.138779867,-0.000291241606,0.00038650332,-0.08103551,3.9387612,1742.13537
0.291141311,0.0195897299,0.00042941228,0.00108733632,-0.0902568527,-1.77776578,1741.54181
0.291160583,0.109085956,-0.000283878374,0.00230681788,-0.0849943461,1.74980109,1742.39507
0.291165786,0.0803647536,-9.07195325e-05,0.00340546749,-0.0871993267,0.514073763,1740.97684
0.291171821,0.139866187,-0.000274489053,0.00032513449,-0.0809111254,4.04122703,1742.03134
0.291184108,0.0515415566,0.000174535006,0.00316882053,-0.0886905309,-0.3167555,1740.33192
0.291199441,0.0213559743,0.000425817253,0.0012288486,-0.0901861317,-1.6492146,1741.42029
0.291211855,0.140879634,-0.000256970943,0.000271181687,-0.0807931286,4.13810329,1741.92755
0.291249204,0.141825099,-0.000238851868,0.000224044397,-0.0806812811,4.22959713,1741.82521
0.291261751,0.0232492201,0.000417872694,0.00137950339,-0.0901133178,-1.51898253,1741.3029
0.291279075,0.112164181,-0.000292244381,0.00210734813,-0.0848113332,1.93473598,1742.57359
0.291284047,0.14270714,-0.000220298604,0.000183134119,-0.0805753377,4.31592487,1741.72525
0.291316552,0.143530013,-0.000201476572,0.000147881778,-0.0804750509,4.39730999,1741.62838
0.291326138,0.0556052884,0.000128425431,0.0032629301,-0.0885921559,-0.189617506,1740.42597
0.29132854,0.0252785992,0.000405536214,0.00153817791,-0.0900386372,-1.38770573,1741.19165
0.291346877,0.144297686,-0.000182544622,0.00011774286,-0.0803801742,4.47397976,1741.53511
0.291350141,0.0853696328,-0.000124521671,0.00325277659,-0.0870427809,0.695036567,1741.26936
0.291375168,0.145013864,-0.000163653254,9.22027647e-05,-0.0802904644,4.5461603,1741.44581
0.291389618,0.115035914,-0.000298075411,0.00191587445,-0.0846317804,2.11675888,1742.72091
0.291400133,0.0274539002,0.00038885944,0.00170333718,-0.0899623483,-1.25603782,1741.08873
0.291401561,0.145681998,-0.000144942787,7.07787295e-05,-0.0802056837,4.61407694,1741.3607
0.291426184,0.146305314,-0.000126539143,5.30213622e-05,-0.0801256009,4.67795144,1741.27991
0.291449154,0.146886817,-0.000108552168,3.85174047e-05,-0.0800499923,4.73800166,1741.20346
0.291470585,0.147429312,-9.10744157e-05,2.68872553e-05,-0.079978642,4.79444086,1741.13134
0.291476873,0.0297856156,0.000367995092,0.00187299874,-0.0898847346,-1.12462408,1740.99655
0.291478379,0.0599612217,8.32220719e-05,0.00332318429,-0.088490757,-0.0580556508,1740.55632
0.291490577,0.147935415,-7.41813929e-05,1.77896209e-05,-0.0799113424,4.84748355,1741.06345
0.291492745,0.117715008,-0.00030166023,0.00173363036,-0.0844563538,2.29506725,1742.8366
0.291509228,0.148407569,-5.79319986e-05,1.08981922e-05,-0.0798478941,4.89722418,1740.99967
0.291522129,0.0900387783,-0.00015183912,0.00307817814,-0.0868864026,0.877736495,1741.55296
0.291526628,0.14884805,-4.23690571e-05,5.96155657e-06,-0.0797881056,4.94393395,1740.93987
0.291542861,0.149258983,-2.75204112e-05,2.59365819e-06,-0.079731793,4.98711897,1740.88387
0.291550569,0,0,0,-0.0915468786,-3.5925108,1743.7334
0.291558005,0.14964235,-1.34017602e-05,9.31319026e-07,-0.07967878,5.02782361,1740.83149
0.291559131,0.0322849924,0.000343201911,0.00204471465,-0.0898060924,-0.994046407,1740.91763
0.29156146,0.000357650242,1.23039272e-05,1.01649467e-06,-0.0915293618,-3.57074471,1743.69415
0.291572133,0.15,0,0,-0.0796288707,5.04727124,1740.78254
0.291573134,0.000741017226,2.56495942e-05,2.81574523e-06,-0.0915106418,-3.52542407,1743.65212
0.291585647,0.00115195011,4.00549141e-05,6.46340405e-06,-0.0914906512,-3.47757887,1743.60717
0.291588955,0.120214384,-0.000303241779,0.00156143586,-0.084285624,2.4689985,1742.92119
0.29159906,0.00159243101,5.55209219e-05,1.17935046e-05,-0.0914693129,-3.42591707,1743.55912
0.291613438,0.00206458457,7.20283783e-05,1.9229979e-05,-0.091446547,-3.3711239,1743.50779
0.29162885,0.0025706882,8.95319621e-05,2.90362089e-05,-0.0914222712,-3.31290944,1743.453
0.291641567,0.0646303672,3.96607856e-05,0.00334387353,-0.0883845905,0.0809825141,1740.72453
0.291645369,0.00311318307,0.000107957156,4.15679183e-05,-0.0913964015,-3.25118867,1743.39458
0.291647304,0.0349640862,0.000314846865,0.00221555354,-0.0897267146,-0.864804244,1740.85465
0.291663077,0.00369468589,0.000127196472,5.7197928e-05,-0.0913688522,-3.18577948,1743.33236
0.29167871,0.1225461,-0.000303013235,0.0013998065,-0.0841200601,2.63797775,1742.97611
0.291682057,0.00431800152,0.000147107415,7.63444154e-05,-0.0913395373,-3.11651403,1743.26619
0.29168258,0.0943947116,-0.000173832628,0.00289002851,-0.0867298508,1.06235372,1741.82326
0.291702403,0.00498613648,0.000167511272,9.94653126e-05,-0.0913083713,-3.04322342,1743.19593
0.291724211,0.0057023135,0.000188193025,0.000127060017,-0.09127527,-2.96575074,1743.12147
0.291741817,0.0378358195,0.000283398491,0.00238211691,-0.0896468664,-0.737221499,1740.8103
0.291747588,0.00646998704,0.00020890284,0.000159665821,-0.0912401524,-2.88395529,1743.04274
0.291762445,0.124721401,-0.000301131132,0.00124900299,-0.08396003,2.80155534,1743.00358
0.291772646,0.00729285993,0.000229359076,0.000197854147,-0.0912029419,-2.79772036,1742.95969
0.291799505,0.00817490128,0.00024925282,0.000242222066,-0.0911635687,-2.70695908,1742.87236
0.29181649,0.0696352464,-1.53170419e-06,0.00331958132,-0.0882711806,0.23172976,1740.93174
0.291828296,0.00912036556,0.00026825394,0.000293380084,-0.0911219716,-2.6116224,1742.78082
0.291832268,0.0984584434,-0.000191498564,0.00269486203,-0.0865732798,1.24832585,1742.07673
0.291840563,0.12675078,-0.000297720242,0.00110909333,-0.0838058054,2.95938373,1743.00635
0.291843126,0.040914044,0.000249421096,0.00254055398,-0.0895667543,-0.611418958,1740.78728
0.291859156,0.0101338132,0.000286018203,0.00035193656,-0.0910781006,-2.51170803,1742.68525
0.291892236,0.0112201325,0.000302195245,0.000418477452,-0.0910319196,-2.40726833,1742.58592
0.291913441,0.128644026,-0.000292882835,0.000979989775,-0.0836575696,3.11121794,1742.98755
0.291927695,0.0123845633,0.000316437131,0.000493541855,-0.0909834096,-2.29841805,1742.4832
0.291951719,0.0442136074,0.00021355442,0.00268662324,-0.0894864855,-0.48717728,1740.78823
0.291965703,0.0136327222,0.000328407341,0.000577593297,-0.0909325717,-2.18534104,1742.37761
0.291971915,0.102249575,-0.000205524897,0.0024975482,-0.0864171398,1.43511279,1742.31025
0.291981429,0.13041027,-0.000286705717,0.00086148387,-0.0835154266,3.25689823,1742.95041
0.29200399,0.075,-3.9959927e-05,0.00324553525,-0.0881470927,0.400781591,1741.17865
0.292006444,0.0149706296,0.000337789889,0.000670987062,-0.0908794303,-2.06829575,1742.26981
0.292044857,0.132058033,-0.000279267592,0.000753270842,-0.0833794111,3.39634151,1742.89818
0.292050114,0.0164047389,0.000344298282,0.000773934149,-0.0908240362,-1.94761807,1742.16062
0.292068121,0.0477504251,0.000176504025,0.00281573086,-0.0894060167,-0.36392537,1740.81563
0.292096925,0.0179419674,0.000347684478,0.000886462131,-0.0907664703,-1.82372302,1742.05103
0.292102194,0.105786393,-0.000216467387,0.0023018603,-0.0862620387,1.62175705,1742.52109
0.292104031,0.133595261,-0.000270644857,0.000654970492,-0.0832494985,3.5295274,1742.83393
0.292147101,0.0195897299,0.000347747448,0.00100837473,-0.0907068453,-1.6971014,1741.94223
0.292159234,0.13502937,-0.000260916497,0.000566143437,-0.0831256147,3.65648743,1742.76049
0.29219149,0.0803647536,-7.30652589e-05,0.00312686769,-0.088017418,0.580028699,1741.44583
0.292192893,0.0515415566,0.000138988945,0.0029230648,-0.0893250918,-0.240536633,1740.87174
0.292200886,0.0213559743,0.000344341927,0.00113920957,-0.0906453081,-1.56831383,1741.83559
0.292210735,0.136367278,-0.000250167719,0.000486305148,-0.083007645,3.7772956,1742.68037
0.292223733,0.109085956,-0.000224770736,0.00211055887,-0.0861086461,1.80742731,1742.7069
0.292258537,0.0232492201,0.000337385453,0.00127819753,-0.09058204,-1.43797847,1741.7327
0.292258781,0.137615437,-0.000238492059,0.000414937781,-0.0828954422,3.89206041,1742.59579
0.292303604,0.138779867,-0.000225992354,0.000351500725,-0.0827888346,4.00091821,1742.50861
0.292320335,0.0252785992,0.000326866522,0.00142422404,-0.0905172563,-1.30675607,1741.63533
0.292326636,0.0556052884,0.000101730815,0.00300360655,-0.0892431652,-0.115419517,1740.95856
0.29233712,0.112164181,-0.000230790736,0.00192572053,-0.0859576287,1.99115539,1742.86589
0.29234542,0.139866187,-0.000212780585,0.000295440188,-0.0826876321,4.10402771,1742.42041
0.292366413,0.0853696328,-9.95600614e-05,0.00297988822,-0.0878890113,0.758583132,1741.70925
0.292384431,0.140879634,-0.000198976887,0.000246197928,-0.0825916321,4.20156558,1742.33245
0.292386575,0.0274539002,0.000312850445,0.00157579462,-0.0904512023,-1.17532207,1741.54544
0.292420825,0.141825099,-0.000184707777,0.00020321922,-0.0825006244,4.29372265,1742.24576
0.2924429,0.115035914,-0.000234829912,0.00174881082,-0.0858096084,2.17212347,1742.997
0.292454778,0.14270714,-0.000170103762,0.000165959952,-0.0824143955,4.38070087,1742.16113
0.292457579,0.0297856156,0.000295484127,0.0017310075,-0.0903841478,-1.04433525,1741.46516
0.292469996,0.0599612217,6.54160109e-05,0.00305235262,-0.0891593115,0.0139295368,1741.07775
0.292486453,0.143530013,-0.000155296567,0.00013389293,-0.0823327319,4.46271097,1742.07915
0.292516004,0.144297686,-0.000140416031,0.00010651329,-0.0822554229,4.53996956,1742.00025
0.292529601,0.0900387783,-0.000120769139,0.00281403019,-0.0877609151,0.939106544,1741.96392
0.292533688,0.0322849924,0.000274999948,0.00188754157,-0.0903163766,-0.914396003,1741.39673
0.292541585,0.117715008,-0.000237130139,0.00158086025,-0.085665137,2.34952042,1743.1
0.292543572,0.145013864,-0.000125587421,8.33427447e-05,-0.0821822628,4.6126963,1741.92475
0.292547883,0,0,0,-0.0918600353,-3.51494288,1743.88293
0.292557925,0.000357650242,9.09361957e-06,9.32783452e-07,-0.0918447719,-3.49328213,1743.84863
0.292568688,0.000741017226,1.91594312e-05,2.52497437e-06,-0.0918284625,-3.44836484,1743.8119
0.292569291,0.145681998,-0.000110928386,6.39330481e-05,-0.0821130523,4.68111228,1741.85281
0.292580226,0.00115195011,3.02171044e-05,5.80797556e-06,-0.0918110493,-3.40104503,1743.77262
0.292592593,0.00159243101,4.22665471e-05,1.05919218e-05,-0.0917924656,-3.34984607,1743.73061
0.292593284,0.146305314,-9.65465743e-05,4.78667575e-05,-0.0820475999,4.74543596,1741.78453
0.29260585,0.00206458457,5.5288019e-05,1.7283838e-05,-0.0917726427,-3.29550199,1743.68574
0.29261527,0.0349640862,0.000251715456,0.00204264161,-0.0902481721,-0.786019904,1741.34252
0.292615668,0.146886817,-8.25375831e-05,3.47608995e-05,-0.0819857222,4.80588554,1741.71995
0.292620059,0.0025706882,6.92355869e-05,2.61202087e-05,-0.0917515097,-3.23768563,1743.63783
0.292623664,0.0646303672,3.06378294e-05,0.00306425183,-0.089072119,0.150588982,1741.23064
0.292633649,0.120214384,-0.000237895378,0.00142252512,-0.0855246834,2.52269015,1743.17548
0.292635291,0.00311318307,8.40358419e-05,3.74348308e-05,-0.0917289945,-3.1763107,1743.58676
0.292636551,0.147429312,-6.89836651e-05,2.42627234e-05,-0.0819272443,4.8626697,1741.65902
0.292651617,0.00369468589,9.95845545e-05,5.15769787e-05,-0.0917050239,-3.11117894,1743.53235
0.292656032,0.147935415,-5.59529569e-05,1.60572394e-05,-0.0818719994,4.91600597,1741.60167
0.292669118,0.00431800152,0.000115745984,6.8941216e-05,-0.0916795243,-3.04211218,1743.47449
0.292674207,0.148407569,-4.34988554e-05,9.84118127e-06,-0.081819829,4.96600403,1741.5478
0.292681843,0.0943947116,-0.000137664416,0.00263691338,-0.0876327991,1.12173163,1742.20598
0.292687877,0.00498613648,0.00013235308,8.99610235e-05,-0.0916524229,-2.96893341,1743.41306
0.292691163,0.14884805,-3.16590683e-05,5.39428479e-06,-0.0817705818,5.01297102,1741.49728
0.292702718,0.0378358195,0.000226028317,0.00219314074,-0.0901797971,-0.659532608,1741.30492
0.292706981,0.149258983,-2.04570365e-05,2.34642182e-06,-0.0817241135,5.05632321,1741.44997
0.292707985,0.0057023135,0.00014920824,0.000115108555,-0.0916236487,-2.89148008,1743.34796
0.292719538,0.1225461,-0.000237284801,0.00127419399,-0.0853886283,2.69105721,1743.22485
0.292721738,0.14964235,-9.90810238e-06,8.65853499e-07,-0.0816802861,5.09734384,1741.40571
0.292729538,0.00646998704,0.000166085972,0.000144891162,-0.0915931333,-2.8096094,1743.27912
0.292735505,0.15,0,0,-0.081638941,5.11705591,1741.36433
0.292752642,0.00729285993,0.000182737137,0.000179846791,-0.0915608132,-2.7232054,1743.20653
0.292777407,0.00817490128,0.000198893362,0.00022053318,-0.0915266306,-2.63218554,1743.1302
0.292788382,0.0696352464,-2.01881681e-06,0.00303457759,-0.0889795653,0.298781253,1741.41811
0.292796454,0.040914044,0.000198411447,0.00233547832,-0.0901114666,-0.535052708,1741.28634
0.292799666,0.124721401,-0.000235427372,0.00113602987,-0.0852572654,2.85416755,1743.25014
0.292803952,0.00912036556,0.000214273158,0.000267515961,-0.0914905362,-2.5365098,1743.05021
0.292823872,0.0984584434,-0.000151080005,0.0024544371,-0.0875047698,1.3059045,1742.43239
0.292832406,0.0101338132,0.000228588353,0.000321352265,-0.091452491,-2.43618883,1742.96673
0.292862907,0.0112201325,0.000241550806,0.000382570779,-0.0914124686,-2.33129172,1742.87999
0.292874418,0.12675078,-0.000232423634,0.0010080302,-0.0851308064,3.01167145,1743.25384
0.2928956,0.0123845633,0.000252879279,0.000451648264,-0.0913704586,-2.22195294,1742.79033
0.29289693,0.0442136074,0.000169394731,0.00246576317,-0.0900433133,-0.412355553,1741.2891
0.292930644,0.0136327222,0.000262306466,0.000528982635,-0.0913264687,-2.108379,1742.69821
0.292944156,0.128644026,-0.000228354206,0.0008900601,-0.0850093877,3.16331835,1743.23874
0.292956373,0.102249575,-0.000161589223,0.00227095944,-0.0873771935,1.49105809,1742.64048
0.292964944,0.075,-3.22407945e-05,0.00295926822,-0.0888788282,0.465086703,1741.64064
0.292968208,0.0149706296,0.000269585901,0.000614863004,-0.0912805281,-1.9908532,1742.60422
0.29300463,0.0477504251,0.000139559614,0.00257981335,-0.0899753435,-0.290868151,1741.31538
0.293008473,0.0164047389,0.000274498615,0.00070943705,-0.09123269,-1.86973688,1742.50908
0.293009216,0.13041027,-0.000223285256,0.000781884855,-0.0848930787,3.30894121,1743.20774
0.293051633,0.0179419674,0.000276859461,0.000812675797,-0.0911830352,-1.74547132,1742.41366
0.293069911,0.132058033,-0.000217274613,0.000683191317,-0.084781891,3.44844821,1743.16366
0.293079986,0.105786393,-0.000169655509,0.00208981935,-0.0872505739,1.67623023,1742.82796
0.293097897,0.0195897299,0.00027652313,0.000924338773,-0.0911316735,-1.61857323,1742.31903
0.293120075,0.0515415566,0.000109487983,0.00267328076,-0.0899073841,-0.169449752,1741.36719
0.293126535,0.133595261,-0.000210376899,0.000593605871,-0.0846757868,3.58180802,1743.1092
0.293141506,0.0803647536,-5.80476838e-05,0.00284384148,-0.0887739582,0.641650284,1741.88061
0.293147487,0.0213559743,0.00027339103,0.00104393643,-0.091078746,-1.48962981,1742.22639
0.29317936,0.13502937,-0.000202647843,0.00051270816,-0.0845746876,3.70903903,1743.04683
0.293195307,0.109085956,-0.000175647927,0.00191342876,-0.0871254676,1.86058284,1742.99288
0.293200643,0.0232492201,0.000267415358,0.00117069528,-0.0910244258,-1.35928165,1742.13714
0.293228642,0.136367278,-0.000194147536,0.000440042858,-0.0844784816,3.83020071,1742.97874
0.293243821,0.0556052884,7.97619622e-05,0.00274166897,-0.0898390178,-0.0464920074,1741.44627
0.293257621,0.0252785992,0.000258605959,0.00130352599,-0.0909689172,-1.22821102,1742.05285
0.293274618,0.137615437,-0.00018494238,0.000375128953,-0.0843870311,3.94538611,1742.90684
0.293302892,0.112164181,-0.000179861808,0.00174357687,-0.0870024277,2.04314153,1743.13382
0.293306224,0.0853696328,-7.8508323e-05,0.00270380142,-0.0886703767,0.817815219,1742.11647
0.29331751,0.138779867,-0.000175106393,0.000317468007,-0.0843001789,4.05471534,1742.83274
0.293318696,0.0274539002,0.000247034219,0.00144099398,-0.0909124531,-1.09711045,1741.97524
0.293357525,0.139866187,-0.000164721495,0.000266551708,-0.0842177536,4.1583305,1742.75778
0.293376465,0.0599612217,5.09388545e-05,0.0027805409,-0.0897695073,0.0805248185,1741.55404
0.293384162,0.0297856156,0.000232836063,0.00158129875,-0.0908552897,-0.96665398,1741.90618
0.293394855,0.140879634,-0.000153877176,0.000221868684,-0.0841395745,4.25639201,1742.68306
0.293403261,0.115035914,-0.000182547467,0.00158149673,-0.0868819673,2.22308556,1743.24997
0.293429681,0.141825099,-0.000142669469,0.000182910906,-0.0840654562,4.34907528,1742.60945
0.293454337,0.0322849924,0.000216214173,0.00172226579,-0.0907976986,-0.837460369,1741.84766
0.293459892,0.0900387783,-9.47219146e-05,0.00254773811,-0.0885672171,0.996188276,1742.3438
0.293462171,0.14270714,-0.000131199382,0.000149179549,-0.0839952115,4.43656821,1742.53761
0.293491575,0,0,0,-0.0921563546,-3.43932691,1744.02441
0.293492482,0.143530013,-0.000119570949,0.000120190378,-0.0839286547,4.5190688,1742.46806
0.293496896,0.117715008,-0.000183905364,0.00142803205,-0.0867645387,2.39959799,1743.34126
0.293500614,0.000357650242,6.40603015e-06,8.46206465e-07,-0.092143148,-3.41784338,1743.99472
0.293510302,0.000741017226,1.3724348e-05,2.20734233e-06,-0.0921290378,-3.37344622,1743.96291
0.293518646,0.0646303672,2.34868834e-05,0.00278546342,-0.0896977065,0.214705702,1741.69161
0.293520688,0.00115195011,2.1969095e-05,5.08722269e-06,-0.0921139744,-3.32673345,1743.92889
0.293520759,0.144297686,-0.00010788899,9.54785246e-05,-0.083865604,4.59678282,1742.40115
0.293529557,0.0349640862,0.000197437216,0.00186133639,-0.0907399536,-0.710047517,1741.80176
0.29353182,0.00159243101,3.11358988e-05,9.27780098e-06,-0.0920979006,-3.27606988,1743.8925
0.293543752,0.00206458457,4.12020031e-05,1.51671454e-05,-0.0920807574,-3.22224315,1743.85361
0.29354714,0.145013864,-9.62568052e-05,7.4602464e-05,-0.083805883,4.66992176,1742.33713
0.293556543,0.0025706882,5.21185847e-05,2.29653318e-05,-0.092062484,-3.16488174,1743.8121
0.293570253,0.00311318307,6.38110791e-05,3.29865151e-05,-0.0920430185,-3.10389343,1743.76783
0.293571751,0.145681998,-8.47737482e-05,5.71473759e-05,-0.0837493228,4.73870121,1742.27615
0.29358425,0.120214384,-0.000184103302,0.00128369101,-0.0866505221,2.57202363,1743.40836
0.293584949,0.00369468589,7.61773876e-05,4.55573092e-05,-0.0920222984,-3.03906478,1743.72067
0.293594711,0.146305314,-7.353263e-05,4.27269288e-05,-0.0836957623,4.80333703,1742.21829
0.293600701,0.00431800152,8.90884692e-05,6.10501593e-05,-0.0920002609,-2.97021004,1743.67051
0.293603252,0.0943947116,-0.000107487841,0.00238253304,-0.0884641618,1.17686087,1742.55928
0.293610185,0.0378358195,0.000176836251,0.00199559535,-0.0906823142,-0.584740337,1741.77057
0.29361613,0.146886817,-6.26176233e-05,3.09867818e-05,-0.0836450492,4.86404718,1742.16357
0.293617587,0.00498613648,0.000102389271,7.98734172e-05,-0.0919768442,-2.89714541,1743.61724
0.293635686,0.0057023135,0.000115900934,0.000102471416,-0.091951988,-2.819706,1743.56079
0.293636113,0.147429312,-5.21029296e-05,2.1600014e-05,-0.0835970402,4.92103915,1742.11194
0.293654755,0.147935415,-4.20510527e-05,1.42767494e-05,-0.0835516007,4.97453889,1742.06335
0.293655087,0.00646998704,0.000129424158,0.00012932033,-0.0919256348,-2.73775007,1743.50111
0.293665744,0.1225461,-0.000183270884,0.00114874741,-0.0865402219,2.73978105,1743.45257
0.293671051,0.0696352464,-2.13249713e-06,0.00275234262,-0.0896219589,0.36026811,1741.85969
0.293672147,0.148407569,-3.25113793e-05,8.7365047e-06,-0.0835086046,5.02466519,1742.0177
0.293675883,0.00729285993,0.000142743311,0.000160921096,-0.091897731,-2.65116601,1743.43816
0.293688372,0.14884805,-2.35208041e-05,4.78887133e-06,-0.0834679337,5.07175167,1741.97488
0.293696611,0.040914044,0.000154800213,0.00212178853,-0.0906250026,-0.461659647,1741.75622
0.293698174,0.00817490128,0.000155631254,0.000197788965,-0.091868229,-2.55987993,1743.37198
0.293703509,0.149258983,-1.51009625e-05,2.0769429e-06,-0.0834294773,5.11509734,1741.93477
0.29371763,0.14964235,-7.26540155e-06,7.90104417e-07,-0.0833931315,5.15619766,1741.89723
0.293722068,0.00912036556,0.000167854574,0.000240440901,-0.0918370883,-2.46386469,1743.30265
0.293730804,0.15,0,0,-0.0833587733,5.17604109,1741.86212
0.293736995,0.0984584434,-0.000117494174,0.00221345975,-0.0883612768,1.35927283,1742.76031
0.293741772,0.124721401,-0.000181514078,0.00102327808,-0.0864338686,2.90241827,1743.47577
0.293747681,0.0101338132,0.000179179011,0.00028937941,-0.0918042778,-2.36314797,1743.23029
0.293775134,0.0112201325,0.00018937456,0.000345073579,-0.091769778,-2.25781883,1743.15512
0.293789252,0.0442136074,0.000131759924,0.00223638772,-0.0905681739,-0.340573151,1741.76073
0.293804562,0.0123845633,0.000198220734,0.00040793723,-0.0917335833,-2.14803354,1743.07745
0.2938127,0.12675078,-0.000178912244,0.00090721968,-0.0863316225,3.05958122,1743.48021
0.293834415,0.075,-2.56751391e-05,0.00267774547,-0.0895399392,0.523775717,1742.05858
0.293836106,0.0136327222,0.000205511496,0.000478304306,-0.0916957047,-2.03402282,1742.99767
0.293861767,0.102249575,-0.000125211993,0.00204437972,-0.088258855,1.54283316,1742.94464
0.293869918,0.0149706296,0.000211060062,0.000556402621,-0.0916561721,-1.91609565,1742.91629
0.293878869,0.128644026,-0.000175528529,0.000800397159,-0.0862335809,3.21101431,1743.46836
0.293888554,0.0477504251,0.000108185342,0.00233562909,-0.0905118797,-0.220906285,1741.78601
0.293906162,0.0164047389,0.000214704026,0.00064232475,-0.0916150373,-1.79463986,1742.83395
0.2939406,0.13041027,-0.000171413319,0.000702555239,-0.0861397853,3.35654544,1743.44276
0.293945011,0.0179419674,0.000216309074,0.000735996385,-0.0915723761,-1.67012319,1742.75142
0.293978169,0.105786393,-0.000131022359,0.00187821545,-0.0881573078,1.72657339,1743.11036
0.293986654,0.0195897299,0.000215773205,0.000837148051,-0.0915282908,-1.54308477,1742.66962
0.293994996,0.0515415566,8.45397602e-05,0.00241563163,-0.0904560231,-0.101488361,1741.83381
0.293997778,0.0803647536,-4.5622431e-05,0.00256735405,-0.0894548777,0.697622687,1742.27248
0.29399819,0.132058033,-0.000166608882,0.000613376455,-0.0860502288,3.49607336,1743.40589
0.294031291,0.0213559743,0.000213032574,0.000945281572,-0.0914829118,-1.41413889,1742.58961
0.294051917,0.133595261,-0.000161153523,0.000532496021,-0.0859648643,3.62955736,1743.36012
0.294079138,0.0232492201,0.000208063435,0.00105964012,-0.091436398,-1.28394349,1742.5126
0.294086762,0.109085956,-0.000135226735,0.00171704795,-0.0880570917,1.90964434,1743.25589
0.29410204,0.13502937,-0.000155085847,0.000459513797,-0.0858836114,3.75700491,1743.30757
0.294109092,0.0556052884,6.12827397e-05,0.00247241662,-0.0904003051,0.0193086211,1741.9056
0.294130425,0.0252785992,0.000200886369,0.00117918369,-0.0913889366,-1.15319744,1742.43996
0.2941488,0.136367278,-0.000148447437,0.000394004425,-0.085806363,3.87846294,1743.25013
0.294150183,0.0853696328,-6.13068651e-05,0.00243570852,-0.0893710735,0.87139399,1742.48216
0.2941854,0.0274539002,0.000191570248,0.00130256341,-0.0913407408,-1.02261353,1742.3732
0.294188071,0.112164181,-0.000138066545,0.00156239681,-0.0879586593,2.09106539,1743.38009
0.294192424,0.137615437,-0.000141284196,0.000335524,-0.0857329916,3.99401115,1743.18946
0.294231392,0.0599612217,3.8858275e-05,0.00250209955,-0.0903441624,0.144003245,1742.00261
0.294233121,0.138779867,-0.000133647996,0.000283616356,-0.0856633542,4.10375523,1743.12693
0.294244328,0.0297856156,0.000180234263,0.00142810515,-0.0912920459,-0.892879903,1742.31395
0.294271088,0.139866187,-0.000125597133,0.000237818964,-0.0855972976,4.20782216,1743.06369
0.294282584,0.115035914,-0.00013974625,0.00141527964,-0.0878624281,2.27001002,1743.48242
0.294292365,0.0900387783,-7.36231976e-05,0.00229055855,-0.0892877496,1.04763254,1742.68376
0.294306509,0.140879634,-0.000117196423,0.000197667908,-0.0855346617,4.30635734,1743.00068
0.294307494,0.0322849924,0.000167047568,0.0015538063,-0.0912431017,-0.764621434,1742.26394
0.294339553,0.141825099,-0.000108516712,0.000162702833,-0.0854752834,4.39952135,1742.93862
0.294362485,0.0646303672,1.76296715e-05,0.00250084603,-0.090286695,0.275733668,1742.12572
0.29437038,0.14270714,-9.96339759e-05,0.000132471492,-0.0854189994,4.48748786,1742.87809
0.294370757,0.117715008,-0.000140428956,0.0012763694,-0.0877687626,2.44566105,1743.56291
0.294375201,0.0349640862,0.000152230115,0.00167732962,-0.091194162,-0.638355447,1742.22499
0.294384528,0,0,0,-0.0924367417,-3.36598276,1744.15828
0.294392581,0.000357650242,4.22234977e-06,7.7159658e-07,-0.0924254587,-3.34490042,1744.13289
0.29439914,0.143530013,-9.06281622e-05,0.000106534076,-0.0853656486,4.57044175,1742.8195
0.294401213,0.000741017226,9.29822527e-06,1.86354314e-06,-0.0924134051,-3.30117443,1744.10568
0.294410466,0.00115195011,1.52312106e-05,4.30500368e-06,-0.0924005391,-3.25501372,1744.07657
0.294420384,0.00159243101,2.2012142e-05,7.87174078e-06,-0.0923868121,-3.20493287,1744.04543
0.294425009,0.0943947116,-8.32178449e-05,0.00213806751,-0.0892046077,1.22636948,1742.87442
0.294425971,0.144297686,-8.15816986e-05,8.44672252e-05,-0.085315074,4.6485773,1742.76317
0.294431015,0.00206458457,2.96100508e-05,1.29156557e-05,-0.0923721741,-3.15163305,1744.01214
0.294442411,0.0025706882,3.79716918e-05,1.96291037e-05,-0.0923565738,-3.09473085,1743.9766
0.294447776,0.0378358195,0.000136049311,0.00179603218,-0.0911454707,-0.514410593,1742.19893
0.294451001,0.145013864,-7.25777875e-05,6.58675446e-05,-0.0852671244,4.72209642,1742.70929
0.294453015,0.120214384,-0.000140250285,0.00114604146,-0.0876779656,2.61735868,1743.62225
0.294454626,0.00311318307,4.70205356e-05,2.83057746e-05,-0.0923399589,-3.03411487,1743.93869
0.29446772,0.00369468589,5.66568409e-05,3.92514914e-05,-0.0923222767,-2.96956052,1743.8983
0.294474353,0.145681998,-6.36985267e-05,5.03547827e-05,-0.085221656,4.79120713,1742.65798
0.294481755,0.00431800152,6.67592877e-05,5.28161959e-05,-0.0923034746,-2.90087582,1743.85533
0.294496138,0.146305314,-5.50229102e-05,3.7573894e-05,-0.0851785328,4.85612027,1742.6093
0.294496799,0.00498613648,7.71864669e-05,6.93816262e-05,-0.0922835007,-2.8278732,1743.8097
0.294503006,0.0696352464,-2.04732372e-06,0.00246516726,-0.0902265864,0.418716742,1742.27548
0.294512925,0.0057023135,8.7779946e-05,8.93619466e-05,-0.0922623048,-2.75038888,1743.76135
0.294516462,0.146886817,-4.66249041e-05,2.71978633e-05,-0.0851376277,4.91705146,1742.56327
0.29452557,0.040914044,0.000118815827,0.00190698192,-0.0910972415,-0.392903929,1742.1876
0.294529755,0.1225461,-0.000139314971,0.00102446724,-0.0875902753,2.78451388,1743.66169
0.29453021,0.00646998704,9.83682155e-05,0.000113198372,-0.0922398391,-2.66828574,1743.71022
0.294535422,0.147429312,-3.85710583e-05,1.89254771e-05,-0.0850988223,4.97420713,1742.51984
0.294548739,0.00729285993,0.000108770285,0.000141350237,-0.0922160596,-2.58146058,1743.65631
0.294548755,0.0984584434,-9.06492142e-05,0.00198291218,-0.0891216848,1.40703756,1743.05191
0.294553111,0.147935415,-3.09193071e-05,1.24913039e-05,-0.0850620076,5.02781566,1742.47897
0.294568599,0.00817490128,0.000118800224,0.000174285144,-0.0921909276,-2.48985191,1743.59963
0.294569613,0.148407569,-2.37176817e-05,7.63399926e-06,-0.0850270832,5.07798501,1742.44055
0.294585008,0.14884805,-1.70043501e-05,4.18948118e-06,-0.0849939565,5.12511848,1742.40451
0.294589888,0.00912036556,0.00012827118,0.000212466129,-0.0921644107,-2.39344882,1743.54026
0.29459937,0.149258983,-1.0804054e-05,1.81841858e-06,-0.0849625425,5.16843556,1742.37074
0.294601348,0.124721401,-0.000137708109,0.000911648668,-0.0875058673,2.9466791,1743.68291
0.294608958,0.0442136074,0.000100870359,0.00200702313,-0.0910496335,-0.273592053,1742.19276
0.294612708,0.0101338132,0.000136999315,0.000256336509,-0.092136485,-2.2922995,1743.47832
0.294612769,0.14964235,-5.13590961e-06,7.28526176e-07,-0.0849327619,5.20957411,1742.33912
0.294625269,0.15,0,0,-0.0849045152,5.22951346,1742.30952
0.294637168,0.0112201325,0.000144807554,0.000306302818,-0.0921071369,-2.18651449,1743.41398
0.29465363,0.075,-1.99848892e-05,0.0023922214,-0.0901619737,0.579496489,1742.45204
0.294663387,0.0123845633,0.000151529427,0.000362714672,-0.0920763651,-2.07627507,1743.34752
0.294664199,0.102249575,-9.62970141e-05,0.00182849012,-0.0890392156,1.58902436,1743.21435
0.294668137,0.12675078,-0.000135491848,0.000807470884,-0.0874248586,3.10348949,1743.68793
0.294691491,0.0136327222,0.000157011524,0.00042584246,-0.092044183,-1.96183797,1743.27928
0.294698342,0.0477504251,8.25808613e-05,0.00209280915,-0.0910027202,-0.155893784,1742.21608
0.294721617,0.0149706296,0.000161117112,0.000495856469,-0.0920106208,-1.84353455,1743.20971
0.294730447,0.128644026,-0.000132715911,0.000711725517,-0.0873473134,3.2546882,1743.67893
0.294753908,0.0164047389,0.000163730515,0.000572800706,-0.0919757281,-1.72178111,1743.13935
0.2947719,0.105786393,-0.000100469086,0.00167734371,-0.0889575371,1.77135337,1743.36012
0.294788521,0.0179419674,0.000164758496,0.000656564091,-0.0919395756,-1.59707013,1743.06888
0.294788577,0.13041027,-0.000129417562,0.000624142088,-0.0872732502,3.40010237,1743.65813
0.294794153,0.0515415566,6.43118392e-05,0.00216091787,-0.0909564513,-0.0386145787,1742.25904
0.294804254,0.0803647536,-3.50464522e-05,0.00228775523,-0.0900953263,0.750714744,1742.64127
0.294825624,0.0195897299,0.000164132934,0.000746859347,-0.0919022579,-1.46995807,1742.99907
0.294842807,0.132058033,-0.000125627488,0.000544402747,-0.0872026477,3.53962107,1743.62769
0.294865394,0.0213559743,0.000161814555,0.000843193843,-0.0918638939,-1.34108229,1742.93086
0.294872376,0.109085956,-0.000103407667,0.00153125746,-0.0888770248,1.95316242,1743.48796
0.294893399,0.133595261,-0.000121372102,0.00047215369,-0.0871354525,3.67319345,1743.58966
0.294896853,0.0556052884,4.64184364e-05,0.00220786577,-0.0909106086,0.0798987604,1742.32294
0.294908023,0.0232492201,0.000157796121,0.000944843062,-0.0918246285,-1.21112148,1742.86529
0.294940598,0.13502937,-0.000116677756,0.000407015655,-0.0870715841,3.80081833,1743.54586
0.294944774,0.0853696328,-4.67702334e-05,0.00216526949,-0.0900299013,0.922174995,1742.82621
0.294953718,0.0252785992,0.000152103587,0.00105083225,-0.0917846315,-1.08078949,1742.80355
0.294966112,0.112164181,-0.000105306646,0.00139151457,-0.0887980498,2.1334625,1743.59696
0.29498463,0.136367278,-0.00011157261,0.000348593691,-0.0870109416,3.92253306,1743.49792
0.295002699,0.0274539002,0.000144798617,0.00115991541,-0.0917440967,-0.950813708,1742.74692
0.295006938,0.0599612217,2.92418167e-05,0.00223028222,-0.0908647535,0.202170929,1742.40879
0.295025709,0.137615437,-0.000106087143,0.000296480691,-0.086953408,4.03840559,1743.44725
0.29505356,0.115035914,-0.000106330171,0.00125894858,-0.088720953,2.31142032,1743.68673
0.295055201,0.0297856156,0.000135981501,0.00127056194,-0.0917032375,-0.821891511,1742.69682
0.295064032,0.138779867,-0.00010025663,0.000250262023,-0.0868988547,4.14852868,1743.39502
0.295075868,0.0900387783,-5.58728043e-05,0.00203167245,-0.0899650052,1.09635023,1743.00352
0.295099785,0.139866187,-9.41212266e-05,0.000209520476,-0.0868471458,4.25301542,1743.34221
0.295111479,0.0322849924,0.000125789148,0.00138095767,-0.091662282,-0.694649458,1742.65474
0.295124938,0.0646303672,1.30594948e-05,0.00222487843,-0.090818169,0.331366479,1742.51734
0.295133139,0.140879634,-8.77262944e-05,0.000173839318,-0.0867981409,4.35199738,1743.28961
0.295135142,0.117715008,-0.000106608475,0.00113409029,-0.0886460291,2.48621387,1743.7574
0.295164255,0.141825099,-8.11223014e-05,0.000142806003,-0.0867516977,4.44562084,1743.23783
0.295171803,0.0349640862,0.000114396938,0.00148900134,-0.0916214631,-0.569608019,1742.62225
0.295193284,0.14270714,-7.43644261e-05,0.000116015457,-0.086707675,4.53404527,1743.18734
0.295198167,0.0943947116,-6.28723361e-05,0.00189241899,-0.089900359,1.27322673,1743.17077
0.295211251,0.120214384,-0.000106250115,0.00101720796,-0.08857352,2.65717856,1743.80965
0.295220366,0.143530013,-6.75120004e-05,9.30733046e-05,-0.0866659338,4.61744191,1743.1385
0.295229469,0,0,0,-0.0927020532,-3.29529819,1744.28495
0.29523653,0.000357650242,2.52746555e-06,7.01954967e-07,-0.0926925618,-3.27489129,1744.26357
0.295236465,0.0378358195,0.000102014558,0.00159233365,-0.0915810074,-0.447093653,1742.60092
0.295244099,0.000741017226,5.83352441e-06,1.48279157e-06,-0.0926824235,-3.23189011,1744.24065
0.295245632,0.144297686,-6.06276341e-05,7.35990148e-05,-0.0866263395,4.69599243,1743.09156
0.295251423,0.0696352464,-1.86070029e-06,0.0021886983,-0.0907697943,0.471705326,1742.64899
0.295252212,0.00115195011,9.9205155e-06,3.47122421e-06,-0.0926716033,-3.18611031,1744.21612
0.295260908,0.00159243101,1.47702785e-05,6.40740416e-06,-0.0926600609,-3.13670952,1744.18988
0.295269202,0.145013864,-5.37761722e-05,5.72287407e-05,-0.0865887629,4.76988739,1743.04669
0.29527023,0.00206458457,2.0342915e-05,1.05806889e-05,-0.0926477544,-3.08394133,1744.16182
0.295280222,0.0025706882,2.65800531e-05,1.61879775e-05,-0.0926346414,-3.02748237,1744.13185
0.295282255,0.1225461,-0.000105338253,0.000908393931,-0.0885036126,2.82372148,1743.84462
0.295290933,0.00311318307,3.34042261e-05,2.34995482e-05,-0.0926206783,-2.96719885,1744.09987
0.295291191,0.145681998,-4.7023444e-05,4.36181238e-05,-0.0865530814,4.83932528,1743.00397
0.295302413,0.00369468589,4.07201022e-05,3.2802134e-05,-0.0926058214,-2.90286429,1744.0658
0.295305777,0.040914044,8.8883383e-05,0.00168835302,-0.0915411183,-0.327216515,1742.59233
0.295311706,0.146305314,-4.04347839e-05,3.24442058e-05,-0.08651918,4.90450947,1742.96345
0.295312263,0.0984584434,-6.82124538e-05,0.00175160062,-0.0898359734,1.45222446,1743.32608
0.29531472,0.00431800152,4.84162025e-05,4.44207427e-05,-0.0925900274,-2.83428212,1744.02955
0.295327911,0.00498613648,5.63672677e-05,5.87082109e-05,-0.0925732534,-2.76126676,1743.99106
0.295330844,0.146886817,-3.40734432e-05,2.34083959e-05,-0.0864869518,4.9656508,1742.92514
0.29534205,0.0057023135,6.44377967e-05,7.60450381e-05,-0.0925554583,-2.68365952,1743.95026
0.295348495,0.124721401,-0.000103939573,0.000807595059,-0.0884364407,2.9853921,1743.86384
0.295348698,0.147429312,-2.79987897e-05,1.62345279e-05,-0.0864562985,5.02295224,1742.88899
0.295357206,0.00646998704,7.24853622e-05,9.68319753e-05,-0.0925366032,-2.6013314,1743.90713
0.295365355,0.147935415,-2.22647552e-05,1.0679559e-05,-0.086427131,5.07664791,1742.85496
0.295373453,0.00729285993,8.03643037e-05,0.000121482033,-0.0925166526,-2.51419098,1743.86165
0.295380072,0.0442136074,7.52659542e-05,0.00177427956,-0.0915019553,-0.209720442,1742.598
0.295380894,0.148407569,-1.69176766e-05,6.5034433e-06,-0.0863993687,5.12685802,1742.82298
0.295387003,0.075,-1.5376759e-05,0.00211939837,-0.0907181176,0.62971248,1742.80381
0.295390867,0.00817490128,8.79290338e-05,0.000150409929,-0.0924955755,-2.42219502,1743.81385
0.295395391,0.14884805,-1.19954751e-05,3.55762334e-06,-0.0863729403,5.17398121,1742.79296
0.295408915,0.149258983,-7.5255572e-06,1.54064926e-06,-0.0863477821,5.21732388,1742.76481
0.295409533,0.00912036556,9.50361134e-05,0.000184019608,-0.0924733468,-2.32535389,1743.76378
0.295410292,0.12675078,-0.000102103045,0.000714661353,-0.0883720891,3.14181845,1743.86908
0.295418705,0.102249575,-7.21931425e-05,0.00161216237,-0.0897720292,1.63270707,1743.4679
0.295421532,0.14964235,-3.5272e-06,6.77427437e-07,-0.0863238384,5.25828941,1742.73843
0.295429542,0.0101338132,0.000101547239,0.00022269174,-0.0924499487,-2.22373647,1743.71155
0.295433303,0.15,0,0,-0.0863010377,5.27802878,1742.71373
0.295450989,0.0112201325,0.000107332082,0.000266769457,-0.0924253723,-2.11747446,1743.65732
0.295459709,0.0477504251,6.14424806e-05,0.00184718168,-0.0914636085,-0.0940058544,1742.61935
0.295467944,0.128644026,-9.98670645e-05,0.000629365522,-0.0883105985,3.29274075,1743.86226
0.295473978,0.0123845633,0.00011227028,0.000316538747,-0.0923996197,-2.0067808,1743.60133
0.295498621,0.0136327222,0.000116252932,0.000372209045,-0.0923727057,-1.89193591,1743.54385
0.295518007,0.105786393,-7.50584485e-05,0.00147628073,-0.0897087945,1.81368926,1743.59494
0.295521729,0.13041027,-9.72586212e-05,0.00055143195,-0.0882519716,3.43797893,1743.84532
0.295522583,0.0803647536,-2.66458559e-05,0.00202256413,-0.0906650613,0.798278301,1742.96937
0.295525035,0.0149706296,0.000119184298,0.00043389911,-0.0923446597,-1.77328775,1743.48528
0.295545073,0.0515415566,4.76936019e-05,0.00190408833,-0.0914260671,0.0211340733,1742.65764
0.295553349,0.0164047389,0.000120984679,0.000501612837,-0.092315528,-1.65128197,1743.42608
0.295571905,0.132058033,-9.43004177e-05,0.000480549968,-0.0881961791,3.57742152,1743.82013
0.295583699,0.0179419674,0.000121592304,0.000575213524,-0.0922853756,-1.52643302,1743.36682
0.295610648,0.109085956,-7.69995279e-05,0.00134545639,-0.0896465696,1.99429596,1743.70616
0.295616231,0.0195897299,0.00012096498,0.000654408455,-0.092254288,-1.39931878,1743.30818
0.295618716,0.133595261,-9.10102966e-05,0.000416382644,-0.088143165,3.71100663,1743.78846
0.295636575,0.0556052884,3.42849555e-05,0.00194199555,-0.0913891831,0.137366429,1742.71395
0.295649069,0.0853696328,-3.53506411e-05,0.00191051773,-0.0906131416,0.967404238,1743.13082
0.295651102,0.0213559743,0.000119080549,0.000738724561,-0.0922223721,-1.27059289,1743.25094
0.295662386,0.13502937,-8.74063457e-05,0.000358574626,-0.0880928522,3.83872615,1743.75188
0.29568848,0.0232492201,0.000115940962,0.000827485989,-0.0921897576,-1.14095398,1743.19598
0.295697074,0.112164181,-7.81692025e-05,0.00122074782,-0.0895856504,2.17352963,1743.80091
0.295703127,0.136367278,-8.35077413e-05,0.000306763161,-0.088045147,3.96061151,1743.71179
0.295728547,0.0252785992,0.000111573101,0.000919798945,-0.0921565962,-1.01113037,1743.14432
0.295734656,0.0599612217,2.14714691e-05,0.00195802403,-0.0913526287,0.257237936,1742.78915
0.295741135,0.137615437,-7.93341892e-05,0.000260577965,-0.0879999438,4.07671733,1743.66939
0.295767069,0.0900387783,-4.20503508e-05,0.00178934897,-0.0905617492,1.13949612,1743.28532
0.295771494,0.0274539002,0.000106028991,0.00101453666,-0.0921230607,-0.881854089,1743.09705
0.295776594,0.138779867,-7.49096357e-05,0.000219644678,-0.087957128,4.18712649,1743.62568
0.295777703,0.115035914,-7.86966682e-05,0.00110281566,-0.0895263063,2.3505502,1743.87893
0.295809673,0.139866187,-7.02615003e-05,0.000183589972,-0.0879165798,4.29194035,1743.58149
0.295817529,0.0297856156,9.93890853e-05,0.00111032841,-0.0920893419,-0.753831843,1743.05538
0.29583979,0.0646303672,9.4620686e-06,0.00194940057,-0.0913158499,0.383939318,1742.88383
0.295840534,0.140879634,-6.54210211e-05,0.000152042342,-0.0878781764,4.39127889,1743.53749
0.295852923,0.117715008,-7.86837007e-05,0.000992058308,-0.0894687679,2.52452871,1743.94044
0.295866874,0.0322849924,9.17603692e-05,0.00120556271,-0.092055644,-0.627691869,1743.02057
0.295869325,0.141825099,-6.04237651e-05,0.000124635012,-0.0878417944,4.48527572,1743.49419
0.295877154,0.0943947116,-4.71487644e-05,0.00166384142,-0.0905106301,1.31450639,1743.43077
0.295896184,0.14270714,-5.53092589e-05,0.000101008297,-0.0878073115,4.57407736,1743.45199
0.295919768,0.0349640862,8.3277488e-05,0.00129838633,-0.0920221773,-0.503954624,1742.99394
0.295921242,0.143530013,-5.01208667e-05,8.0811789e-05,-0.0877746078,4.65784251,1743.41119
0.295923097,0.120214384,-7.82152823e-05,0.000888645608,-0.0894132207,2.69479601,1743.98607
0.295944618,0.144297686,-4.49053489e-05,6.37067226e-05,-0.0877435675,4.73674072,1743.37198
0.295952483,0.0696352464,-1.54907676e-06,0.00191366447,-0.0912780153,0.521691329,1742.99827
0.295966427,0.145013864,-3.97123358e-05,4.93680683e-05,-0.0877140795,4.81095126,1743.33452
0.295976465,0.0378358195,7.40992335e-05,0.00138673247,-0.0919891481,-0.382940648,1742.97684
0.295979854,0.0984584434,-5.09916773e-05,0.00153754671,-0.0904597803,1.49183189,1743.5656
0.295986772,0.145681998,-3.45936391e-05,3.74868819e-05,-0.0876860382,4.8806628,1743.29887
0.295988563,0.1225461,-7.73560316e-05,0.0007925986,-0.0893598043,2.86075511,1744.01689
0.296005753,0.146305314,-2.96023001e-05,2.77718651e-05,-0.0876593447,4.94607039,1743.26506
0.296023461,0.146886817,-2.47915193e-05,1.99523315e-05,-0.0876339071,5.00737905,1743.23309
0.29602898,0,0,0,-0.0929530998,-3.22833643,1744.4048
0.296034986,0.000357650242,1.27440467e-06,5.88726423e-07,-0.0929452581,-3.20832013,1744.38715
0.296037238,0.040914044,6.44069342e-05,0.00146833527,-0.0919567455,-0.264751459,1742.9706
0.29603998,0.147429312,-2.02131813e-05,1.37765614e-05,-0.0876096413,5.06478799,1743.20292
0.296041423,0.000741017226,3.24535048e-06,1.07129645e-06,-0.0929368825,-3.16582644,1744.36823
0.296048323,0.00115195011,5.91385959e-06,2.62039147e-06,-0.0929279446,-3.12053248,1744.34797
0.296049638,0.124721401,-7.61575807e-05,0.000703815268,-0.0893086144,3.02195009,1744.03425
0.296055392,0.147935415,-1.59165862e-05,9.0221072e-06,-0.0875864714,5.11852763,1743.17452
0.296055719,0.00159243101,9.24276016e-06,4.92208119e-06,-0.092918411,-3.07180944,1744.32628
0.296063647,0.00206458457,1.31879878e-05,8.2266369e-06,-0.0929082476,-3.01953342,1744.30308
0.296069769,0.148407569,-1.19461349e-05,5.46982482e-06,-0.0875643304,5.16871435,1743.14781
0.296072145,0.0025706882,1.76878371e-05,1.27358496e-05,-0.0928974194,-2.96345246,1744.27829
0.296073279,0.075,-1.14566427e-05,0.0018489261,-0.0912379298,0.677000074,1743.13248
0.296075665,0.102249575,-5.38108599e-05,0.00141300036,-0.0904093413,1.67081179,1743.68854
0.296081255,0.00311318307,2.26661418e-05,1.86976882e-05,-0.0928858908,-2.90342142,1744.25184
0.296083183,0.14884805,-8.34161843e-06,2.97195275e-06,-0.0875431599,5.21571049,1743.12273
0.296091019,0.00369468589,2.80346537e-05,2.6377715e-05,-0.0928736261,-2.83921775,1744.22364
0.296095696,0.149258983,-5.13372093e-06,1.26923871e-06,-0.0875229101,5.2591281,1743.09919
0.296101485,0.00431800152,3.36955904e-05,3.60728e-05,-0.0928605898,-2.7706438,1744.19365
0.296102382,0.0442136074,5.43964614e-05,0.00154079026,-0.0919251244,-0.14911716,1742.97649
0.296106617,0.12675078,-7.46575586e-05,0.000622115398,-0.0892597061,3.17800862,1744.03971
0.29610737,0.14964235,-2.35238583e-06,6.23237892e-07,-0.0875035392,5.30000197,1743.07711
0.296112704,0.00498613648,3.95435319e-05,4.81033966e-05,-0.0928467473,-2.69751916,1744.16178
0.296118261,0.15,0,0,-0.0874849897,5.31950731,1743.05641
0.29612473,0.0057023135,4.54675859e-05,6.28110709e-05,-0.0928320649,-2.61969344,1744.12801
0.29613762,0.00646998704,5.13550894e-05,8.05510218e-05,-0.0928165114,-2.53705074,1744.09231
0.296151437,0.00729285993,5.70947882e-05,0.00010168515,-0.0928000583,-2.44951515,1744.05466
0.296159772,0.128644026,-7.28845542e-05,0.000547257386,-0.089213099,3.32866731,1744.03494
0.296165049,0.105786393,-5.57954206e-05,0.00129205736,-0.0903595294,1.85044901,1743.7985
0.296166247,0.00817490128,6.25789448e-05,0.000126570672,-0.092782681,-2.35707198,1744.01509
0.29617221,0.0477504251,4.4275047e-05,0.00160157598,-0.0918943842,-0.0354213257,1742.99571
0.296182123,0.00912036556,6.77041022e-05,0.000155548491,-0.0927643597,-2.25975312,1743.97365
0.296194076,0.0803647536,-1.96519053e-05,0.00176050874,-0.0911970299,0.843001442,1743.27562
0.29619914,0.0101338132,7.23717179e-05,0.000188936323,-0.0927450811,-2.15764128,1743.93043
0.296209363,0.13041027,-7.0858166e-05,0.000478963051,-0.0891687819,3.47373473,1744.0216
0.296217381,0.0112201325,7.64904564e-05,0.000227015129,-0.0927248394,-2.05089921,1743.88556
0.296236933,0.0123845633,7.99772048e-05,0.000270010361,-0.0927036381,-1.93976542,1743.83924
0.296247058,0.0515415566,3.42509717e-05,0.00164815886,-0.0918645439,0.0775538262,1743.02932
0.296248436,0.109085956,-5.70929343e-05,0.00117597601,-0.0903105878,2.02985478,1743.89467
0.296255626,0.132058033,-6.85944951e-05,0.000416930006,-0.0891267182,3.61310195,1744.00131
0.296257891,0.0136327222,8.27586366e-05,0.000318078209,-0.0926814914,-1.82454113,1743.79171
0.296280357,0.0149706296,8.47718289e-05,0.00037129417,-0.0926584261,-1.70559986,1743.74328
0.296298786,0.133595261,-6.61060634e-05,0.000360838889,-0.0890868507,3.74669404,1743.97556
0.296304437,0.0164047389,8.59642958e-05,0.000429632357,-0.0926344829,-1.58340782,1743.69435
0.296306769,0.0853696328,-2.59285753e-05,0.00165949931,-0.0911571757,1.0098923,1743.41489
0.296326231,0.112164181,-5.78213037e-05,0.0010656288,-0.0902627554,2.2080216,1743.97654
0.296327289,0.0556052884,2.45145822e-05,0.00167799484,-0.0918355122,0.191506986,1743.07822
0.296330249,0.0179419674,8.62967789e-05,0.000492944798,-0.0926097188,-1.45849933,1743.6454
0.296339051,0.13502937,-6.34050716e-05,0.000310358156,-0.0890491057,3.87450165,1743.9457
0.296357917,0.0195897299,8.57446878e-05,0.000560948275,-0.0925842078,-1.33147623,1743.59698
0.296376615,0.136367278,-6.05033123e-05,0.000265156662,-0.0890133975,3.99655334,1743.91291
0.296387575,0.0213559743,8.42974197e-05,0.000633204884,-0.0925580425,-1.20300457,1743.54974
0.296398806,0.115035914,-5.80800882e-05,0.000961539207,-0.0902162486,2.38410092,1744.04395
0.296411659,0.137615437,-5.74128512e-05,0.000224899512,-0.0889796312,4.11288608,1743.87819
0.296411903,0.0900387783,-3.07123573e-05,0.00155118521,-0.0911178369,1.17999574,1743.54786
0.296413288,0.0599612217,1.5251843e-05,0.00168866954,-0.0918070542,0.309003959,1743.1431
0.296419365,0.0232492201,8.19608585e-05,0.000709104786,-0.0925313342,-1.07379531,1743.50444
0.296444353,0.138779867,-5.41493732e-05,0.000189250928,-0.0889477063,4.22357897,1743.84238
0.296453441,0.0252785992,7.8758436e-05,0.000787852965,-0.0925042137,-0.944588755,1743.4619
0.296466513,0.117715008,-5.79473503e-05,0.000864005383,-0.0901712504,2.55725571,1744.09714
0.296474853,0.139866187,-5.0730935e-05,0.000157880449,-0.0889175187,4.3287231,1743.80619
0.296489967,0.0274539002,7.4731341e-05,0.000868458678,-0.0924768296,-0.816122626,1743.42304
0.296503307,0.140879634,-4.71778018e-05,0.00013046051,-0.0888889629,4.42842558,1743.77016
0.296505472,0.0646303672,6.61632614e-06,0.00167788807,-0.0917787547,0.433243685,1743.22443
0.296509984,0.0943947116,-3.4308766e-05,0.00143969754,-0.0910787852,1.35322252,1743.6728
0.296529119,0.0297856156,6.99404565e-05,0.000949726912,-0.0924493459,-0.689108992,1743.38887
0.296529678,0.120214384,-5.74883571e-05,0.000773127502,-0.0901279058,2.72681114,1744.13671
0.296529853,0.141825099,-4.35137464e-05,0.000106669022,-0.0888619335,4.52280949,1743.73473
0.296554617,0.14270714,-3.97655971e-05,8.61913329e-05,-0.0888363271,4.61200913,1743.70022
0.296571087,0.0322849924,6.44650363e-05,0.00103026279,-0.0924219388,-0.564176037,1743.36043
0.296577721,0.143530013,-3.59633665e-05,6.87211368e-05,-0.0888120423,4.69617097,1743.66687
0.296588606,0.1225461,-5.67523121e-05,0.000688880586,-0.0900863214,2.89216423,1744.1636
0.296599274,0.144297686,-3.21400915e-05,5.39621343e-05,-0.0887889816,4.77545227,1743.63485
0.296601486,0.0984584434,-3.69807714e-05,0.0013280718,-0.0910400043,1.52895286,1743.7884
0.296604284,0.0696352464,-1.25759129e-06,0.0016436426,-0.0917499798,0.568457776,1743.32241
0.296616073,0.0349640862,5.84034229e-05,0.00110847204,-0.0923947904,-0.441841107,1743.33882
0.296619382,0.145013864,-2.83316843e-05,4.16293129e-05,-0.0887670512,4.85001998,1743.60426
0.296638141,0.145681998,-2.45767574e-05,3.14507948e-05,-0.0887461622,4.92005155,1743.57517
0.296643581,0.124721401,-5.57785072e-05,0.00061113563,-0.0900465668,3.05285392,1744.17901
0.296655642,0.146305314,-2.09161229e-05,2.31687288e-05,-0.0887262305,4.98573111,1743.54759
0.296664293,0.0378358195,5.18704178e-05,0.00118258738,-0.0923680804,-0.322417107,1743.32516
0.296671968,0.146886817,-1.7392405e-05,1.65422713e-05,-0.0887071779,5.04725565,1743.52152
0.29668685,0.102249575,-3.89030022e-05,0.00121845441,-0.0910016012,1.70650293,1743.89361
0.2966872,0.147429312,-1.40489128e-05,1.13454229e-05,-0.0886889324,5.10481514,1743.49692
0.296694869,0.12675078,-5.45951934e-05,0.000539700548,-0.0900086783,3.20850449,1744.1843
0.29670141,0.147935415,-1.09293908e-05,7.37782969e-06,-0.0886714287,5.15863735,1743.47376
0.2967102,0.075,-8.29268922e-06,0.00158444558,-0.091719808,0.721136134,1743.43698
0.296714666,0.148407569,-8.07542468e-06,4.43969171e-06,-0.0886546094,5.20882966,1743.45196
0.29671598,0.040914044,4.49961235e-05,0.00125068109,-0.0923419756,-0.205994852,1743.32055
0.296727033,0.14884805,-5.52555666e-06,2.39058565e-06,-0.0886384253,5.25572649,1743.43148
0.296738571,0.149258983,-3.30937825e-06,9.8739179e-07,-0.0886228358,5.29904875,1743.41224
0.296742715,0.128644026,-5.32237099e-05,0.000474334365,-0.0899726629,3.35884939,1744.18089
0.296749334,0.14964235,-1.46844951e-06,5.35953876e-07,-0.0886078093,5.33998517,1743.39417
0.296759376,0.15,0,0,-0.0885933012,5.35956712,1743.3772
0.296766487,0.105786393,-4.02182307e-05,0.00111239846,-0.0909637457,1.88486265,1743.98759
0.296771384,0.0442136074,3.79204731e-05,0.00131072006,-0.0923166162,-0.0922899507,1743.32606
0.296785504,0,0,0,-0.0931906484,-3.16509921,1744.5182
0.296787353,0.13041027,-5.16783417e-05,0.00041476891,-0.0899385026,3.50369157,1744.17024
0.296790494,0.000357650242,4.44709057e-07,4.41824247e-07,-0.0931843549,-3.14508428,1744.50404
0.296795842,0.000741017226,1.47965586e-06,6.66000637e-07,-0.0931776336,-3.10298927,1744.48886
0.296801575,0.00115195011,3.10213582e-06,1.79495992e-06,-0.093170462,-3.05842568,1744.47258
0.29680772,0.00159243101,5.26834518e-06,3.46683359e-06,-0.0931628136,-3.01025727,1744.45515
0.296814307,0.00206458457,7.93083534e-06,5.93504134e-06,-0.0931546611,-2.95839298,1744.4365
0.296816117,0.0803647536,-1.40635729e-05,0.00150524854,-0.0916892684,0.884644312,1743.55886
0.296821368,0.0025706882,1.10284929e-05,9.38590844e-06,-0.0931459768,-2.90259691,1744.41656
0.296828936,0.00311318307,1.44923839e-05,1.40464801e-05,-0.0931367324,-2.84271194,1744.39528
0.296828996,0.132058033,-4.99700061e-05,0.000360718932,-0.0899061589,3.64291606,1744.1537
0.296830772,0.0477504251,3.07900339e-05,0.00136058299,-0.0922920984,0.0193319847,1743.34267
0.296837048,0.00369468589,1.82460228e-05,2.01565256e-05,-0.0931268997,-2.77851334,1744.37259
0.296840782,0.109085956,-4.10374248e-05,0.00101093747,-0.0909266295,2.06312959,1744.06968
0.296845744,0.00431800152,2.22079612e-05,2.79810602e-05,-0.0931164507,-2.70981841,1744.34845
0.296855065,0.00498613648,2.62933441e-05,3.78016932e-05,-0.093105358,-2.63646371,1744.3228
0.296865057,0.0057023135,3.04163431e-05,4.99143576e-05,-0.0930935956,-2.5583066,1744.29562
0.296867845,0.133595261,-4.81080976e-05,0.000311889056,-0.089875577,3.77644482,1744.13257
0.296875766,0.00646998704,3.44944845e-05,6.46233999e-05,-0.0930811388,-2.4752451,1744.26689
0.296887246,0.00729285993,3.84496883e-05,8.2233279e-05,-0.0930679658,-2.38722611,1744.23659
0.29689443,0.0515415566,2.37517211e-05,0.00139815346,-0.0922684541,0.130101172,1743.37125
0.296899551,0.00817490128,4.22076878e-05,0.000103038996,-0.0930540578,-2.29425744,1744.20475
0.296904088,0.13502937,-4.61001838e-05,0.000267976625,-0.0898466892,3.90426221,1744.10797
0.296910094,0.112164181,-4.14491771e-05,0.000914773713,-0.0908904408,2.240286,1744.13953
0.296912741,0.00912036556,4.56988528e-05,0.000127317434,-0.0930394002,-2.19639338,1744.17141
0.296914929,0.0853696328,-1.84440366e-05,0.00141584749,-0.0916596723,1.04935657,1743.67715
0.29692688,0.0101338132,4.88582398e-05,0.000155322684,-0.0930239836,-2.09374249,1744.13665
0.2969379,0.136367278,-4.39530136e-05,0.000228683475,-0.0898194186,4.02639209,1744.08091
0.296942035,0.0112201325,5.16259841e-05,0.000187273703,-0.093007805,-1.98649588,1744.10057
0.29695828,0.0123845633,5.39481668e-05,0.00022333979,-0.0929908689,-1.87490909,1744.06333
0.296962665,0.0556052884,1.69392019e-05,0.00142132033,-0.0922456275,0.241749711,1743.41253
0.296969444,0.137615437,-4.16751031e-05,0.000193710491,-0.0897936816,4.14285959,1744.05224
0.296974756,0.115035914,-4.15281305e-05,0.000824307711,-0.0908553482,2.41547427,1744.19704
0.296975692,0.0136327222,5.57782086e-05,0.000263630879,-0.092973189,-1.75930766,1744.02513
0.296994357,0.0149706296,5.70774196e-05,0.000308186075,-0.0929547889,-1.64009462,1743.98623
0.296998872,0.138779867,-3.92765689e-05,0.000162759763,-0.0897693906,4.25374151,1744.02266
0.297007112,0.0900387783,-2.17474424e-05,0.00132075091,-0.0916305658,1.21752749,1743.78984
0.297014365,0.0164047389,5.78140515e-05,0.000356958299,-0.0929357045,-1.51774946,1743.94695
0.297026326,0.139866187,-3.67688671e-05,0.000135541467,-0.0897464558,4.35912396,1743.99277
0.29703508,0.117715008,-4.13325474e-05,0.000739749649,-0.0908214925,2.58784922,1744.24247
0.29703581,0.0179419674,5.79650695e-05,0.000409798907,-0.0929159844,-1.39282428,1743.90767
0.297035807,0.0599612217,1.04826433e-05,0.00142809733,-0.0922234484,0.356859612,1743.46708
0.297051938,0.140879634,-3.41652471e-05,0.000111769158,-0.0897247867,4.45909869,1743.96302
0.297058798,0.0195897299,5.75171266e-05,0.000466445549,-0.0928956916,-1.26593893,1743.86885
0.297075833,0.141825099,-3.14817451e-05,9.11618787e-05,-0.0897042937,4.55378141,1743.93377
0.297083438,0.0213559743,5.64664174e-05,0.000526507342,-0.0928749045,-1.13777177,1743.83102
0.297091358,0.120214384,-4.09111283e-05,0.000661140919,-0.0907889828,2.75672973,1744.27638
0.297093112,0.0943947116,-2.41983184e-05,0.00122346334,-0.0916017466,1.38903136,1743.8955
0.297098124,0.14270714,-2.87366466e-05,7.34464447e-05,-0.0896848887,4.64329562,1743.9053
0.297109851,0.0232492201,5.48200713e-05,0.00058945203,-0.0928537174,-1.00904434,1743.79478
0.297114208,0.0646303672,4.48752742e-06,0.00141661737,-0.0922016037,0.478634804,1743.53527
0.29711892,0.143530013,-2.59505883e-05,5.83571052e-05,-0.0896664862,4.72777737,1743.87779
0.297138162,0.0252785992,5.25968176e-05,0.000654594956,-0.0928322401,-0.880505838,1743.76081
0.297138321,0.144297686,-2.31467461e-05,4.56367293e-05,-0.0896490033,4.80737315,1743.8514
0.29714386,0.1225461,-4.03003267e-05,0.000588419718,-0.0907578965,2.92150669,1744.29959
0.29715642,0.145013864,-2.03508899e-05,3.50374393e-05,-0.0896323607,4.88223833,1743.8262
0.29716851,0.0274539002,4.98271835e-05,0.000721091882,-0.0928105978,-0.752899129,1743.72985
0.297173342,0.0984584434,-2.59899558e-05,0.00112653294,-0.0915731903,1.56322275,1743.99308
0.297173305,0.145681998,-1.75914936e-05,2.63221468e-05,-0.0896164823,4.95253991,1743.80224
0.297189058,0.146305314,-1.48994667e-05,1.92645816e-05,-0.0896012959,5.01845066,1743.77953
0.297192841,0.124721401,-3.95292478e-05,0.000521437942,-0.0907282808,3.08171456,1744.31315
0.297198247,0.0696352464,-9.56086055e-07,0.00138526758,-0.0921796075,0.611321307,1743.61723
0.297201039,0.0297856156,4.65545342e-05,0.000787932637,-0.0927889289,-0.626938246,1743.7027
0.297203754,0.146886817,-1.23084276e-05,1.36525022e-05,-0.0895867335,5.08016023,1743.75806
0.297217464,0.147429312,-9.85363712e-06,9.28411909e-06,-0.0895727312,5.13784678,1743.73781
0.297230255,0.147935415,-7.57264875e-06,5.98049842e-06,-0.0895592305,5.19174205,1743.71873
0.297235908,0.0322849924,4.28343677e-05,0.00085394629,-0.0927673821,-0.503249579,1743.68023
0.297238536,0.12675078,-3.86184474e-05,0.000459998011,-0.0907001557,3.23697271,1744.31822
0.297242187,0.148407569,-5.50217077e-06,3.55921926e-06,-0.0895461785,5.24194768,1743.70077
0.297248191,0.102249575,-2.72498524e-05,0.00103174276,-0.0915449747,1.73939575,1744.08175
0.297253319,0.14884805,-3.67974145e-06,1.89424845e-06,-0.0895335299,5.28879411,1743.68387
0.297263704,0.149258983,-2.13358279e-06,7.45893948e-07,-0.0895212479,5.33195566,1743.66798
0.297273283,0.0349640862,3.87346283e-05,0.000917802347,-0.092746112,-0.382345445,1743.66332
0.297273393,0.14964235,-9.07636072e-07,4.49016848e-07,-0.0895093066,5.37292134,1743.65303
0.297281165,0.128644026,-3.75833406e-05,0.000403864371,-0.090673518,3.38701069,1744.31601
0.297282432,0.15,0,0,-0.0894976739,5.39263549,1743.63896
0.297288328,0.075,-5.79275114e-06,0.0013328918,-0.0921567471,0.761386724,1743.71289
0.297313346,0.0378358195,3.4333902e-05,0.000978034696,-0.092725272,-0.264529822,1743.65287
0.297318019,0.105786393,-2.80824171e-05,0.00094036793,-0.0915172295,1.91652652,1744.16083
0.297320935,0.13041027,-3.64341709e-05,0.000352782657,-0.0906483443,3.53162807,1744.30776
0.29735629,0.040914044,2.97205354e-05,0.00103305211,-0.092705007,-0.149881263,1743.64977
0.297358037,0.132058033,-3.51784531e-05,0.000306487083,-0.0906245955,3.67070214,1744.29462
0.297378409,0.0803647536,-9.73349084e-06,0.00126392329,-0.0921337674,0.922438177,1743.81446
0.297383162,0.109085956,-2.85684354e-05,0.000853238914,-0.0914901024,2.09369879,1744.22984
0.297392651,0.133595261,-3.38226354e-05,0.000264707617,-0.0906022198,3.80415958,1744.27765
0.297402322,0.0442136074,2.49892788e-05,0.00108118679,-0.0926854413,-0.0381003796,1743.65487
0.297424942,0.13502937,-3.23710444e-05,0.000227171717,-0.0905811557,3.93197505,1744.25782
0.297443936,0.112164181,-2.87723785e-05,0.000770906901,-0.0914637374,2.26988435,1744.28851
0.297451663,0.0477504251,2.02381718e-05,0.00112070775,-0.0926666661,0.0714660464,1743.66896
0.297455067,0.136367278,-3.08275739e-05,0.000193613019,-0.0905613352,4.05416255,1744.23596
0.297462447,0.0853696328,-1.27057981e-05,0.00118679767,-0.0921116044,1.08501856,1743.91288
0.297483172,0.137615437,-2.91984839e-05,0.000163767391,-0.0905426856,4.17074872,1744.21276
0.297500633,0.115035914,-2.87483849e-05,0.000693666742,-0.0914382625,2.44421594,1744.33683
0.297501353,0,0,0,-0.0934154247,-3.10612206,1744.6255
0.297504553,0.0515415566,1.55640221e-05,0.0011499001,-0.0926487238,0.18006732,1743.69274
0.297505291,0.000357650242,-4.50660191e-08,3.02595376e-07,-0.0934105612,-3.08612975,1744.6146
0.297509391,0.138779867,-2.74893708e-05,0.000137374194,-0.0905251317,4.2818002,1744.18883
0.297509511,0.000741017226,3.83932943e-07,2.8931869e-07,-0.0934053675,-3.04439882,1744.60289
0.297514036,0.00115195011,1.27165092e-06,1.02458994e-06,-0.0933998262,-3.00042657,1744.59033
0.297518886,0.00159243101,2.57803183e-06,2.11225226e-06,-0.0933939169,-2.952671,1744.57686
0.297524085,0.00206458457,4.25787021e-06,3.80825551e-06,-0.0933876188,-2.90107617,1744.56244
0.297529657,0.0025706882,6.25466615e-06,6.27747571e-06,-0.0933809104,-2.84539029,1744.54703
0.297533851,0.139866187,-2.5707079e-05,0.000114181648,-0.0905085973,4.38739655,1744.16465
0.29753563,0.00311318307,8.50671401e-06,9.72259524e-06,-0.0933737701,-2.78547774,1744.53056
0.297540848,0.0900387783,-1.49296304e-05,0.00110528089,-0.0920898787,1.25129474,1744.00649
0.297542032,0.00369468589,1.09509848e-05,1.43516997e-05,-0.0933661763,-2.72112701,1744.51301
0.297548895,0.00431800152,1.35294178e-05,2.03913092e-05,-0.0933581076,-2.65216573,1744.49432
0.297553526,0.117715008,-2.85385435e-05,0.000621655559,-0.0914137825,2.61584009,1744.37505
0.297556252,0.00498613648,1.61827048e-05,2.80772753e-05,-0.093349543,-2.57843465,1744.47447
0.297556671,0.140879634,-2.38603535e-05,9.394258e-05,-0.0904930063,4.48762347,1744.14058
0.297561245,0.0556052884,1.10580376e-05,0.00116706605,-0.092631589,0.289454115,1743.72678
0.297564137,0.0057023135,1.88478495e-05,3.76549408e-05,-0.0933404627,-2.49980138,1744.45344
0.29757259,0.00646998704,2.1468427e-05,4.93724128e-05,-0.093330848,-2.41619202,1744.43119
0.297577959,0.141825099,-2.19591757e-05,7.64154794e-05,-0.0904782838,4.5825885,1744.11694
0.29758165,0.00729285993,2.3995375e-05,6.34717998e-05,-0.0933206824,-2.32758636,1744.40774
0.297591361,0.00817490128,2.63823616e-05,8.01840592e-05,-0.0933099518,-2.23401086,1744.3831
0.29759782,0.14270714,-2.00155826e-05,6.13667348e-05,-0.0904643566,4.67240653,1744.09393
0.297601771,0.00912036556,2.85862617e-05,9.97237447e-05,-0.0932986455,-2.13554535,1744.35729
0.297602872,0.120214384,-2.81779835e-05,0.000554869141,-0.0913903766,2.7840688,1744.40367
0.29761293,0.0101338132,3.05680185e-05,0.000122283187,-0.0932867568,-2.03233053,1744.33039
0.29761399,0.0943947116,-1.65618626e-05,0.00102228926,-0.0920684173,1.42111066,1744.09414
0.297616349,0.143530013,-1.80430931e-05,4.85697012e-05,-0.090451154,4.75720297,1744.07172
0.297622014,0.0599612217,6.80603704e-06,0.00117062337,-0.0926151492,0.402225548,1743.77153
0.29762489,0.0112201325,3.22919814e-05,0.000148023852,-0.0932742841,-1.92457361,1744.30247
0.297633634,0.144297686,-1.60571384e-05,3.78051548e-05,-0.0904386073,4.83711376,1744.05042
0.297637711,0.0123845633,3.37264157e-05,0.000177066707,-0.0932612319,-1.81254915,1744.27366
0.297648907,0.1225461,-2.76928287e-05,0.000493220009,-0.0913680979,2.94828678,1744.42342
0.29764976,0.145013864,-1.40752212e-05,2.88615488e-05,-0.090426651,4.91228364,1744.03009
0.297651454,0.0136327222,3.48442914e-05,0.000209483658,-0.0932476114,-1.69660582,1744.24411
0.297664804,0.145681998,-1.21172577e-05,2.15364521e-05,-0.0904152217,4.98286992,1744.01078
0.297666185,0.0149706296,3.56233827e-05,0.000245288009,-0.0932334423,-1.57716657,1744.21403
0.297678839,0.146305314,-1.0205315e-05,1.56353553e-05,-0.0904042589,5.04903265,1743.99248
0.297681975,0.0164047389,3.60460702e-05,0.000284423639,-0.0932187533,-1.45472637,1744.18366
0.297682226,0.0984584434,-1.77397648e-05,0.000939924907,-0.0920471936,1.59379584,1744.17499
0.297687153,0.0646303672,2.87469561e-06,0.00115910321,-0.0925991833,0.521604894,1743.82726
0.297691854,0.124721401,-2.71038941e-05,0.000436550508,-0.0913469754,3.1080236,1744.43518
0.297691933,0.146886817,-8.3645742e-06,1.09755438e-05,-0.0903937043,5.11095535,1743.97519
0.2976989,0.0179419674,3.61000597e-05,0.000326753523,-0.0932035837,-1.32985273,1744.1533
0.297704148,0.147429312,-6.62190454e-06,7.3801697e-06,-0.0903835022,5.16879991,1743.95888
0.297715544,0.147935415,-5.0081961e-06,4.69394538e-06,-0.0903735998,5.22280208,1743.9435
0.297717043,0.0195897299,3.57789038e-05,0.000372049696,-0.0931879837,-1.20317893,1744.12331
0.297726175,0.148407569,-3.5538237e-06,2.7507123e-06,-0.0903639474,5.27302047,1743.92903
0.29773192,0.12675078,-2.6425696e-05,0.000384665339,-0.0913270166,3.26289385,1744.43993
0.297736093,0.14884805,-2.29489608e-06,1.44210117e-06,-0.0903545002,5.3198412,1743.91539
0.29773649,0.0213559743,3.50821312e-05,0.000419982175,-0.0931720159,-1.07539473,1744.0941
0.297745346,0.149258983,-1.25495024e-06,5.29486862e-07,-0.0903452195,5.36284845,1743.90254
0.297745884,0.102249575,-1.85526599e-05,0.000859645002,-0.092026265,1.76862299,1744.24835
0.297753978,0.14964235,-4.85838567e-07,3.71290697e-07,-0.0903360757,5.40384635,1743.89044
0.297756975,0.0696352464,-6.77933452e-07,0.00113125632,-0.0925833399,0.651843545,1743.89405
0.297757335,0.0232492201,3.40159094e-05,0.000470109626,-0.0931557551,-0.947230357,1744.06613
0.297762031,0.15,0,0,-0.0903270317,5.42372744,1743.87901
0.297769299,0.128644026,-2.56690448e-05,0.000337340522,-0.0913082106,3.41262317,1744.4387
0.297779679,0.0252785992,3.25934068e-05,0.000521870756,-0.0931392888,-0.819440781,1744.03994
0.29780363,0.0274539002,3.08350488e-05,0.000574579608,-0.0931227165,-0.692771878,1744.01611
0.29780417,0.13041027,-2.48410079e-05,0.000294340126,-0.0912905311,3.55700773,1744.4325
0.297805271,0.105786393,-1.90738648e-05,0.000782481754,-0.0920057308,1.94455336,1744.31372
0.297829303,0.0297856156,2.87690451e-05,0.000627420911,-0.0931061483,-0.567937512,1743.99525
0.297831818,0.075,-3.8151407e-06,0.00108622313,-0.0925670965,0.799387304,1743.9718
0.297836702,0.132058033,-2.39466508e-05,0.000255421474,-0.0912739396,3.69592021,1744.42231
0.297856822,0.0322849924,2.64310123e-05,0.000679455385,-0.0930897025,-0.445560522,1743.97804
0.297860675,0.109085956,-1.93598524e-05,0.000709094289,-0.091985705,2.12065648,1744.37072
0.297867052,0.133595261,-2.2990049e-05,0.000220341914,-0.0912583884,3.82928634,1744.40899
0.29788632,0.0349640862,2.38640608e-05,0.000729620947,-0.0930735024,-0.326146377,1743.96516
0.297895365,0.13502937,-2.19739447e-05,0.000188860029,-0.0912438228,3.95707642,1744.39333
0.297906661,0.0803647536,-6.34778658e-06,0.00102786022,-0.0925509444,0.958073958,1744.05418
0.297912363,0.112164181,-1.94557335e-05,0.000639911125,-0.0919662987,2.29589304,1744.41916
0.297917939,0.0378358195,2.11177254e-05,0.000776753378,-0.0930576712,-0.20998874,1743.9573
0.29792178,0.136367278,-2.09005422e-05,0.000160741401,-0.0912301835,4.07929562,1744.37603
0.297946422,0.137615437,-1.97737319e-05,0.000135756256,-0.0912174084,4.19597527,1744.35765
0.297951831,0.040914044,1.82472696e-05,0.000819594369,-0.0930423257,-0.0971524317,1743.95517
0.297960583,0.115035914,-1.93992706e-05,0.000575146903,-0.0919476094,2.46938548,1744.45907
0.297969412,0.138779867,-1.85963765e-05,0.000113680333,-0.0912054342,4.30717103,1744.33868
0.297976483,0.0853696328,-8.24171254e-06,0.000963226543,-0.0925354851,1.11860982,1744.13383
0.297988161,0.0442136074,1.53119897e-05,0.000856832246,-0.0930275677,0.0126778431,1743.95941
0.297990859,0.139866187,-1.73725545e-05,9.42977779e-05,-0.0911941973,4.41295392,1744.31951
0.298005568,0.117715008,-1.92197487e-05,0.000514887893,-0.0919297159,2.64027158,1744.49066
0.298010868,0.140879634,-1.61078322e-05,7.7398562e-05,-0.0911836349,4.51340762,1744.30044
0.298027102,0.0477504251,1.23724528e-05,0.000887111698,-0.0930134745,0.12017516,1743.97065
0.298029534,0.141825099,-1.48081718e-05,6.27784066e-05,-0.0911736858,4.60862873,1744.28171
0.298041622,0.0900387783,-9.6461703e-06,0.000895372381,-0.0925204092,1.28307377,1744.20945
0.298046948,0.14270714,-1.34811076e-05,5.02407419e-05,-0.0911642904,4.69873033,1744.26349
0.298047536,0.120214384,-1.89415726e-05,0.000459103795,-0.0919126759,2.8078558,1744.51437
0.298063194,0.143530013,-1.21348132e-05,3.95958621e-05,-0.0911553915,4.7838275,1744.24593
0.298068844,0.0515415566,9.4898903e-06,0.000909097881,-0.0930000861,0.226603034,1743.98941
0.29807835,0.144297686,-1.07791253e-05,3.06603527e-05,-0.0911469339,4.86404536,1744.22909
0.298086689,0.1225461,-1.85828003e-05,0.000407698123,-0.0918965266,2.97151625,1744.53082
0.29809249,0.145013864,-9.42532427e-06,2.32572119e-05,-0.0911388645,4.93951915,1744.21304
0.298102391,0.0943947116,-1.06629796e-05,0.000826649123,-0.0925055722,1.45127596,1744.28013
0.298105681,0.145681998,-8.0866677e-06,1.72174813e-05,-0.0911311322,5.01039696,1744.1978
0.298113587,0.0556052884,6.72059511e-06,0.000921476844,-0.0929873926,0.333722219,1744.01614
0.298117987,0.146305314,-6.77786959e-06,1.23775738e-05,-0.0911236874,5.07682487,1744.18337
0.298123215,0.124721401,-1.81577888e-05,0.000360517929,-0.0918812857,3.13077713,1744.54075
0.298129468,0.146886817,-5.51681431e-06,8.58444079e-06,-0.0911164817,5.13898271,1744.16974
0.298140179,0.147429312,-4.322536e-06,5.68595899e-06,-0.0911094674,5.19700771,1744.15688
0.29815017,0.147935415,-3.21964213e-06,3.55218688e-06,-0.0911025974,5.25115448,1744.14477
0.298157291,0.12675078,-1.76764464e-05,0.000317381983,-0.091866954,3.28524813,1744.54496
0.298159083,0.0984584434,-1.13843676e-05,0.000758735813,-0.0924909463,1.62252225,1744.34521
0.298159492,0.148407569,-2.23126344e-06,2.03185388e-06,-0.0910958248,5.3014309,1744.13335
0.298161548,0.0599612217,4.11388018e-06,0.000923034523,-0.092975318,0.444170668,1744.05117
0.298168189,0.14884805,-1.38985037e-06,1.04209241e-06,-0.0910891036,5.34832149,1744.12258
0.298176302,0.149258983,-7.1104487e-07,3.38932491e-07,-0.0910823905,5.3911089,1744.11242
0.298178712,0,0,0,-0.0936281155,-3.05090944,1744.72703
0.298181654,0.000357650242,-2.18270889e-07,1.91050316e-07,-0.0936245996,-3.03101904,1744.71916
0.298183871,0.14964235,-2.48133873e-07,2.9321122e-07,-0.0910756478,5.43213963,1744.10282
0.298184808,0.000741017226,-1.21091382e-07,-2.64252312e-08,-0.0936208455,-2.98959376,1744.7107
0.298188189,0.00115195011,3.05463933e-07,3.66764722e-07,-0.0936168406,-2.94596982,1744.70162
0.298189081,0.128644026,-1.71461037e-05,0.000278087513,-0.0918535175,3.43465084,1744.54431
0.298190932,0.15,0,0,-0.0910688326,5.45230888,1744.09372
0.298191813,0.00159243101,1.02230155e-06,9.57348595e-07,-0.0936125705,-2.89842575,1744.69187
0.298195697,0.00206458457,1.98016516e-06,1.98237001e-06,-0.09360802,-2.84693104,1744.68142
0.298199861,0.0025706882,3.13690442e-06,3.58166403e-06,-0.0936031741,-2.79123648,1744.67024
0.298204324,0.00311318307,4.45499301e-06,5.9250401e-06,-0.0935980171,-2.73112758,1744.6583
0.298209108,0.00369468589,5.89917037e-06,9.18491119e-06,-0.0935925337,-2.66637921,1744.64557
0.298211973,0.102249575,-1.18695839e-05,0.000692783252,-0.0924765703,1.79606533,1744.40418
0.298212957,0.0646303672,1.71015322e-06,0.000912656315,-0.0929637055,0.561191099,1744.09471
0.298214235,0.00431800152,7.41963736e-06,1.3542885e-05,-0.0935867087,-2.59693137,1744.63202
0.298218738,0.13041027,-1.65714853e-05,0.000242424541,-0.0918409507,3.57877796,1744.53963
0.298219732,0.00498613648,8.95790086e-06,1.91806753e-05,-0.0935805273,-2.52270789,1744.61762
0.298225624,0.0057023135,1.04789502e-05,2.62847235e-05,-0.0935739754,-2.44353682,1744.60236
0.29823194,0.00646998704,1.19627306e-05,3.50421858e-05,-0.0935670402,-2.35933109,1744.58623
0.298238709,0.00729285993,1.3385432e-05,4.56309596e-05,-0.09355971,-2.27009842,1744.56922
0.298245966,0.00817490128,1.47219039e-05,5.82177706e-05,-0.0935519753,-2.17589071,1744.55135
0.298246406,0.132058033,-1.59559309e-05,0.000210179517,-0.0918292187,3.717499,1744.5317
0.298253744,0.00912036556,1.59486236e-05,7.29556865e-05,-0.0935438291,-2.07681295,1744.53265
0.298261314,0.105786393,-1.21673861e-05,0.000629597285,-0.0924625165,1.97085135,1744.45667
0.298262081,0.0101338132,1.70443855e-05,8.99789565e-05,-0.0935352673,-1.97302949,1744.51315
0.298268062,0.0696352464,-4.55567035e-07,0.00088940452,-0.0929523015,0.689017183,1744.1468
0.298271018,0.0112201325,1.79903577e-05,0.000109397254,-0.0935262897,-1.86476753,1744.49292
0.298272218,0.133595261,-1.53018782e-05,0.000181141323,-0.0918182793,3.85073586,1744.52125
0.298280598,0.0123845633,1.87701229e-05,0.000131289151,-0.0935169005,-1.75232258,1744.47205
0.298290866,0.0136327222,1.93697583e-05,0.000155695471,-0.0935071092,-1.63606223,1744.45066
0.298296299,0.13502937,-1.4610996e-05,0.000155101989,-0.0918080857,3.9784558,1744.50892
0.298301873,0.0149706296,1.97780481e-05,0.000182612272,-0.0934969312,-1.51642635,1744.42889
0.298307346,0.109085956,-1.23151002e-05,0.00056968002,-0.0924488683,2.14593602,1744.50239
0.298313671,0.0164047389,1.99864817e-05,0.000211983336,-0.093486389,-1.3939259,1744.40693
0.298318764,0.136367278,-1.38845725e-05,0.000131860727,-0.0917985879,4.10065973,1744.49525
0.298326318,0.0179419674,1.99893706e-05,0.000243692006,-0.0934755128,-1.2691419,1744.38499
0.29832713,0.075,-2.36203786e-06,0.000852656514,-0.0929407249,0.83409539,1744.20736
0.298339722,0.137615437,-1.31248469e-05,0.000111222337,-0.0917897338,4.2173774,1744.48072
0.298339874,0.0195897299,1.97841647e-05,0.000277553783,-0.093464341,-1.14271861,1744.36334
0.29835029,0.112164181,-1.23425986e-05,0.000513349043,-0.0924357065,2.32026914,1744.54123
0.298354405,0.0213559743,1.93715959e-05,0.000313308406,-0.093452921,-1.01535502,1744.34227
0.298359275,0.138779867,-1.23334706e-05,9.29978717e-05,-0.0917814711,4.32865915,1744.46572
0.29836998,0.0232492201,1.87560324e-05,0.000350613486,-0.0934413098,-0.88778807,1744.32212
0.298377515,0.139866187,-1.15127733e-05,7.70060716e-05,-0.0917737475,4.43457103,1744.45056
0.298386198,0.0803647536,-3.89099085e-06,0.000805583302,-0.0929293049,0.990471937,1744.27143
0.298386675,0.0252785992,1.79456249e-05,0.000389038274,-0.0934295735,-0.760776678,1744.30329
0.298390353,0.115035914,-1.22747401e-05,0.000460749019,-0.092423101,2.49296275,1744.57323
0.298394532,0.140879634,-1.06660849e-05,6.30717335e-05,-0.091766512,4.53519232,1744.43548
0.298404571,0.0274539002,1.69524996e-05,0.0004280609,-0.0934177873,-0.635067942,1744.2862
0.298410408,0.141825099,-9.79708312e-06,5.10251122e-05,-0.0917597149,4.63061157,1744.42068
0.298423754,0.0297856156,1.5792989e-05,0.000467065187,-0.0934060345,-0.511373825,1744.27129
0.298425219,0.14270714,-8.91013418e-06,4.07035204e-05,-0.0917533082,4.72093707,1744.4063
0.298427729,0.117715008,-1.2130777e-05,0.000411923637,-0.0924111073,2.66314612,1744.5986
0.298439036,0.143530013,-8.01024485e-06,3.19505114e-05,-0.091747246,4.80627572,1744.39243
0.298441303,0.0853696328,-5.0266346e-06,0.000753827906,-0.0929184372,1.14900254,1744.33332
0.298444316,0.0322849924,1.44874878e-05,0.000505345583,-0.0933944051,-0.390312166,1744.25906
0.298451926,0.144297686,-7.10375221e-06,2.46151686e-05,-0.0917414841,4.88674741,1744.37915
0.298462597,0.120214384,-1.1926681e-05,0.000366823635,-0.0923997641,2.83011599,1744.6177
0.298463952,0.145013864,-6.19750717e-06,1.85517446e-05,-0.0917359799,4.96247816,1744.36649
0.298466357,0.0349640862,1.30603915e-05,0.000542108188,-0.0933829926,-0.272379947,1744.25
0.29847517,0.145681998,-5.30024619e-06,1.36216243e-05,-0.0917306923,5.0336092,1744.35448
0.298485637,0.146305314,-4.42147597e-06,9.68950703e-06,-0.0917255811,5.10027232,1744.34312
0.298489982,0.0378358195,1.15396006e-05,0.00057648751,-0.0933718916,-0.157859121,1744.24463
0.298492712,0.0900387783,-5.86428397e-06,0.000699764728,-0.092907881,1.31169913,1744.392
0.298495126,0.1225461,-1.16742275e-05,0.000325349176,-0.0923890943,2.99324411,1744.63105
0.298495401,0.146886817,-3.57355815e-06,6.62989646e-06,-0.0917206063,5.16264547,1744.33239
0.29850451,0.147429312,-2.7692592e-06,4.31369273e-06,-0.0917157275,5.22083916,1744.32227
0.298513008,0.147935415,-2.02739241e-06,2.63574635e-06,-0.0917109029,5.27513371,1744.31273
0.298515306,0.040914044,9.95599508e-06,0.000607552229,-0.0933611925,-0.0467990068,1744.24344
0.298520936,0.148407569,-1.36423859e-06,1.45926746e-06,-0.0917060882,5.32545874,1744.30373
0.298525474,0.124721401,-1.1382734e-05,0.000287356723,-0.0923791058,3.15204919,1744.63923
0.298528332,0.14884805,-8.08269307e-07,7.25323708e-07,-0.0917012367,5.3724247,1744.29524
0.298535233,0.149258983,-3.69780053e-07,1.89654246e-07,-0.0916962989,5.41504554,1744.28721
0.298540673,0.0943947116,-6.46523202e-06,0.000645219314,-0.0928975219,1.47833179,1744.44679
0.29854167,0.14964235,-9.88746431e-08,2.29630998e-07,-0.0916912264,5.45613698,1744.27959
0.298542451,0.0442136074,8.34287822e-06,0.00063433717,-0.0933509757,0.0611335605,1744.2469
0.298547675,0.15,0,0,-0.0916859642,5.47658878,1744.27234
0.298553785,0.12675078,-1.10585786e-05,0.000252682674,-0.0923697936,3.30613632,1744.64291
0.298571548,0.0477504251,6.73353682e-06,0.00065585036,-0.093341305,0.166634299,1744.25547
0.298580198,0.128644026,-1.07064422e-05,0.000221148161,-0.092361142,3.4552232,1744.64276
0.298585416,0.0984584434,-6.88679926e-06,0.000591485449,-0.0928873354,1.64817962,1744.49719
0.298602737,0.0515415566,5.14499036e-06,0.000671121441,-0.0933322187,0.270935043,1744.26952
0.298604838,0.13041027,-1.03293049e-05,0.000192570963,-0.0923531263,3.59909936,1744.63945
0.298627158,0.102249575,-7.16533278e-06,0.000539441713,-0.0928773482,1.82047581,1744.54282
0.298627826,0.132058033,-9.92922344e-06,0.000166767871,-0.0923457153,3.73763143,1744.63359
0.298636169,0.0556052884,3.61269538e-06,0.000679200535,-0.0933237206,0.375797523,1744.28937
0.298649272,0.133595261,-9.50760904e-06,0.000143559771,-0.0923388729,3.87073806,1744.62577
0.2986661,0.105786393,-7.33088438e-06,0.000489698161,-0.0928676128,1.99415107,1744.58341
0.298669279,0.13502937,-9.06541149e-06,0.000122771894,-0.0923325597,3.99838399,1744.61648
0.298672005,0.0599612217,2.19120147e-06,0.000679219845,-0.0933157697,0.483960007,1744.31524
0.298687944,0.136367278,-8.60332203e-06,0.000104236691,-0.0923267344,4.12056747,1744.60615
0.298702429,0.109085956,-7.40630881e-06,0.000442627082,-0.0928581897,2.16824724,1744.61874
0.298705357,0.137615437,-8.12248962e-06,8.77926062e-05,-0.0923213548,4.23731468,1744.59516
0.298710417,0.0646303672,8.95084799e-07,0.000670395437,-0.0933082695,0.598704467,1744.34728
0.298721601,0.138779867,-7.623754e-06,7.32845477e-05,-0.0923163789,4.34867231,1744.5838
0.298736321,0.112164181,-7.40999235e-06,0.000398458851,-0.0928491376,2.3417029,1744.64875
0.298736756,0.139866187,-7.10841035e-06,6.05644198e-05,-0.0923117652,4.45470219,1744.57232
0.298750895,0.140879634,-6.57834264e-06,4.94900435e-05,-0.0923074735,4.55548107,1744.5609
0.298751592,0.0696352464,-2.75877978e-07,0.000652076882,-0.0933010587,0.724203739,1744.38551
0.298764085,0.141825099,-6.03553561e-06,3.9924589e-05,-0.0923034651,4.65109412,1744.54971
0.29876794,0.115035914,-7.35713919e-06,0.00035728904,-0.0928405069,2.51361941,1744.67348
0.29877639,0.14270714,-5.48222432e-06,3.17374573e-05,-0.0922997031,4.74163983,1744.53883
0.29878787,0.143530013,-4.9213788e-06,2.48033957e-05,-0.092296152,4.82721969,1744.52836
0.298795727,0.075,-1.29672917e-06,0.000623852991,-0.0932938897,0.866935462,1744.42984
0.298797438,0.117715008,-7.25954482e-06,0.000319136614,-0.0928323365,2.68311726,1744.6931
0.298798579,0.144297686,-4.35666718e-06,1.90024321e-05,-0.0922927782,4.90794976,1744.51834
0.298808571,0.145013864,-3.79190649e-06,1.4218466e-05,-0.0922895492,4.98394298,1744.5088
0.298817892,0.145681998,-3.23245722e-06,1.03418132e-05,-0.0922864338,5.05534027,1744.49975
0.298819652,0,0,0,-0.0938293706,-3.00135822,1744.82309
0.298821628,0.000357650242,-3.40121152e-07,1.36853191e-07,-0.0938271179,-2.98148588,1744.81806
0.298823747,0.000741017226,-4.13116289e-07,-2.4819473e-07,-0.093824713,-2.94001437,1744.81264
0.298824957,0.120214384,-7.12694617e-06,0.000283948786,-0.0928246531,2.84948516,1744.7079
0.298826018,0.00115195011,-2.60508515e-07,-9.2756702e-08,-0.0938221481,-2.89658905,1744.80679
0.298826588,0.146305314,-2.68365769e-06,7.26469673e-06,-0.092283401,5.12225913,1744.4912
0.298828453,0.00159243101,6.24747825e-08,1.23852685e-07,-0.0938194138,-2.84932718,1744.80052
0.298831062,0.00206458457,5.20433563e-07,6.04789619e-07,-0.0938165009,-2.797681,1744.79379
0.298833859,0.0025706882,1.09416499e-06,1.47754644e-06,-0.0938133995,-2.74158936,1744.78659
0.2988347,0.146886817,-2.15335512e-06,4.88857833e-06,-0.0922804198,5.18487482,1744.48312
0.298836857,0.00311318307,1.75944256e-06,2.87058554e-06,-0.0938101002,-2.68100022,1744.77889
0.298839862,0.0803647536,-2.0983101e-06,0.000588182751,-0.0932869394,1.02117297,1744.47664
0.298840071,0.00369468589,2.4816348e-06,4.90334201e-06,-0.0938065932,-2.61592709,1744.77068
0.298842268,0.147429312,-1.64928866e-06,3.10762403e-06,-0.0922774579,5.24326877,1744.47552
0.298843516,0.00431800152,3.21336361e-06,7.69245627e-06,-0.093802869,-2.54617238,1744.76195
0.298847209,0.00498613648,3.92946487e-06,1.13671807e-05,-0.0937989185,-2.47132763,1744.75267
0.298849329,0.147935415,-1.18473608e-06,1.84182179e-06,-0.0922744805,5.29774876,1744.46835
0.29885063,0.1225461,-6.96651715e-06,0.00025163531,-0.092817471,3.01208831,1744.71828
0.298851167,0.0057023135,4.63134687e-06,1.60591085e-05,-0.0937947331,-2.39131605,1744.74284
0.29885541,0.00646998704,5.31554436e-06,2.18876747e-05,-0.093790305,-2.30625397,1744.73245
0.298855916,0.148407569,-7.70880341e-07,9.71298428e-07,-0.0922714484,5.34816399,1744.46159
0.298859958,0.00729285993,5.97082911e-06,2.89637978e-05,-0.0937856271,-2.21618811,1744.7215
0.298862061,0.14884805,-4.28711024e-07,4.57297726e-07,-0.092268316,5.39523973,1744.4552
0.298864833,0.00817490128,6.5844422e-06,3.7392658e-05,-0.0937806941,-2.12118422,1744.70999
0.298867794,0.149258983,-1.64640639e-07,6.4897284e-08,-0.0922650296,5.43779048,1744.44914
0.298870058,0.00912036556,7.14501724e-06,4.72700973e-05,-0.093775502,-2.02136553,1744.69796
0.298873142,0.14964235,-2.01395937e-08,1.84060293e-07,-0.0922615278,5.47891201,1744.44337
0.298874581,0.124721401,-6.78390327e-06,0.000222072967,-0.0928107934,3.17043966,1744.72471
0.298875659,0.0101338132,7.64277392e-06,5.86781018e-05,-0.0937700491,-1.9169145,1744.68542
0.298878132,0.15,0,0,-0.0922577371,5.49954942,1744.43783
0.298881036,0.0853696328,-2.69105017e-06,0.000549300595,-0.0932804088,1.17783231,1744.52175
0.298881663,0.0112201325,8.06941677e-06,7.16814342e-05,-0.0937643362,-1.80807669,1744.67241
0.298888098,0.0123845633,8.41787226e-06,8.63235883e-05,-0.0937583669,-1.69516425,1744.659
0.298894997,0.0136327222,8.68224831e-06,0.000102622481,-0.0937521486,-1.57855908,1744.64527
0.298896925,0.12675078,-6.58294919e-06,0.000195124663,-0.092804614,3.32413965,1744.72769
0.298902391,0.0149706296,8.85790369e-06,0.00012056587,-0.0937456926,-1.45871425,1744.63131
0.298910317,0.0164047389,8.94145579e-06,0.000140106607,-0.0937390148,-1.33615286,1744.61723
0.29891777,0.128644026,-6.3664505e-06,0.000170642628,-0.0927989183,3.47290198,1744.72775
0.298918813,0.0179419674,8.93080286e-06,0.000161157441,-0.0937321363,-1.21146624,1744.60318
0.298919449,0.0900387783,-3.12539574e-06,0.000508931855,-0.0932741214,1.33886445,1744.56444
0.29892792,0.0195897299,8.82526461e-06,0.000183586241,-0.0937250838,-1.08530699,1744.58934
0.298937217,0.13041027,-6.13616825e-06,0.000148477976,-0.0927936854,3.616513,1744.72539
0.298937682,0.0213559743,8.62565053e-06,0.000207210933,-0.09371789,-0.958380535,1744.5759
0.298948145,0.0232492201,8.33443623e-06,0.000231795662,-0.0937105938,-0.831428202,1744.56307
0.298955284,0.0943947116,-3.43249524e-06,0.000468398667,-0.0932679915,1.50402285,1744.60423
0.29895536,0.132058033,-5.8932833e-06,0.000128482141,-0.0927888897,3.75483648,1744.7211
0.298959361,0.0252785992,7.95579567e-06,0.000257046812,-0.0937032407,-0.705210811,1744.55112
0.298971384,0.0274539002,7.49572651e-06,0.000282611688,-0.0936958821,-0.580474997,1744.5403
0.298972285,0.133595261,-5.63857354e-06,0.000110510993,-0.0927845022,3.88778822,1744.71532
0.29898427,0.0297856156,6.96209739e-06,0.000308076588,-0.0936885749,-0.45792946,1744.53093
0.298988075,0.13502937,-5.3725504e-06,9.44247901e-05,-0.0927804915,4.0153305,1744.70842
0.298988716,0.0984584434,-3.64375704e-06,0.000428628783,-0.0932619976,1.67255898,1744.64077
0.298998084,0.0322849924,6.36461411e-06,0.000332970808,-0.0936813808,-0.338186345,1744.52332
0.299002806,0.136367278,-5.09555018e-06,8.00902543e-05,-0.0927768253,4.13745914,1744.70073
0.299012891,0.0349640862,5.71479742e-06,0.000356767376,-0.0936743645,-0.221733699,1744.51778
0.299016549,0.137615437,-4.80816038e-06,6.73795809e-05,-0.0927734706,4.25419731,1744.69254
0.299019905,0.102249575,-3.77890586e-06,0.000390244292,-0.0932561553,1.84368767,1744.67381
0.299028762,0.0378358195,5.0259004e-06,0.000378895161,-0.0936675915,-0.108841681,1744.51464
0.29902937,0.138779867,-4.51078463e-06,5.61707683e-05,-0.092770395,4.36558887,1744.68408
0.29904133,0.139866187,-4.20409048e-06,4.63477193e-05,-0.0927675666,4.47169223,1744.67552
0.299045775,0.040914044,4.31259621e-06,0.000398742565,-0.0936611257,0.000455608492,1744.51423
0.299049002,0.105786393,-3.85440495e-06,0.000353671765,-0.0932504978,2.01632471,1744.70316
0.299052489,0.140879634,-3.88906972e-06,3.7799463e-05,-0.0927649547,4.57258093,1744.66702
0.299062899,0.141825099,-3.56679921e-06,3.04197274e-05,-0.09276253,4.66833723,1744.65868
0.299064011,0.0442136074,3.59140665e-06,0.000415679967,-0.0936550252,0.10650935,1744.51685
0.29907261,0.14270714,-3.23848374e-06,2.4107386e-05,-0.0927602645,4.75905371,1744.65058
0.299076147,0.109085956,-3.88261911e-06,0.000319163815,-0.0932450647,2.18949865,1744.72869
0.299081671,0.143530013,-2.90571343e-06,1.87656012e-05,-0.0927581317,4.84482812,1744.64279
0.299083558,0.0477504251,2.88006501e-06,0.000429063816,-0.0936493386,0.210043788,1744.52278
0.299090123,0.144297686,-2.57047388e-06,1.43021896e-05,-0.0927561061,4.92577133,1744.63534
0.299098008,0.145013864,-2.23496907e-06,1.06276635e-05,-0.0927541636,5.0019872,1744.62825
0.299101472,0.112164181,-3.87356989e-06,0.000286871233,-0.0932398935,2.36213711,1744.75037
0.299104511,0.0515415566,2.18773885e-06,0.000438270061,-0.0936440994,0.312530786,1744.53226
0.299105365,0.145681998,-1.90215239e-06,7.65813297e-06,-0.0927522807,5.07361335,1744.62153
0.299112228,0.146305314,-1.57490737e-06,5.31037042e-06,-0.0927504342,5.14075459,1744.61518
0.29911863,0.146886817,-1.25810266e-06,3.5097666e-06,-0.0927486004,5.20358534,1744.6092
0.299124603,0.147429312,-9.56118718e-07,2.17236936e-06,-0.0927467541,5.26216567,1744.60355
0.299125097,0.115035914,-3.83544364e-06,0.000256846864,-0.0932350161,2.53333092,1744.76823
0.29912697,0.0556052884,1.50334419e-06,0.000442692546,-0.0936393211,0.415580254,1744.5455
0.299130176,0.147935415,-6.76495782e-07,1.23976443e-06,-0.0927448673,5.31682053,1744.59824
0.299135374,0.148407569,-4.26953792e-07,6.12111499e-07,-0.0927429069,5.36736793,1744.59322
0.299140224,0.14884805,-2.2277227e-07,2.65229655e-07,-0.0927408308,5.4145181,1744.58848
0.299144749,0.149258983,-6.82663384e-08,-2.30262201e-08,-0.0927385838,5.45709866,1744.58397
0.299147137,0.117715008,-3.77461866e-06,0.000229089616,-0.093230456,2.70219204,1744.78243
0.29914897,0.14964235,2.54774905e-09,1.56800635e-07,-0.0927360931,5.49824915,1744.57965
0.299151045,0.0599612217,8.49421058e-07,0.000441783441,-0.0936349904,0.521585949,1744.56262
0.299152907,0.15,0,0,-0.0927332655,5.51891385,1744.57547
0.299167699,0.120214384,-3.69630314e-06,0.00020354702,-0.0932262283,2.86800119,1744.79317
0.29917685,0.0646303672,2.69570254e-07,0.000435060537,-0.0936310625,0.634082671,1744.5837
0.299186882,0.1225461,-3.60434215e-06,0.000180141135,-0.0932223394,3.03011721,1744.80076
0.299204511,0.0696352464,-2.50102746e-07,0.000422131966,-0.0936274553,0.757413163,1744.60875
0.299204778,0.124721401,-3.50172803e-06,0.000158771168,-0.0932187881,3.18804736,1744.80553
0.299221474,0.12675078,-3.39049492e-06,0.000139327853,-0.0932155666,3.34138767,1744.80786
0.299234161,0.075,-6.99046371e-07,0.000402766419,-0.0936240377,0.897863126,1744.63769
0.299237049,0.128644026,-3.27209996e-06,0.000121695355,-0.0932126618,3.48984799,1744.80812
0.29925158,0.13041027,-3.14745968e-06,0.000105758408,-0.0932100564,3.63321176,1744.80667
0.299263811,0.0803647536,-1.03530732e-06,0.000378671476,-0.0936208632,1.04989243,1744.66813
0.299265136,0.132058033,-3.01717301e-06,9.14030413e-05,-0.09320773,3.77134018,1744.80386
0.299277782,0.133595261,-2.8816085e-06,7.85196606e-05,-0.0932056603,3.90414652,1744.79999
0.29928958,0.13502937,-2.74099308e-06,6.70027919e-05,-0.0932038238,4.03159084,1744.79535
0.299291472,0.0853696328,-1.2825693e-06,0.000352675707,-0.0936179774,1.20468646,1744.69738
0.299300587,0.136367278,-2.59546139e-06,5.6752509e-05,-0.0932021963,4.15366685,1744.79016
0.299310856,0.137615437,-2.44527043e-06,4.76736243e-05,-0.0932007538,4.27039527,1744.78461
0.299317277,0.0900387783,-1.46292191e-06,0.00032588783,-0.0936152651,1.36408767,1744.72498
0.299320435,0.138779867,-2.29057513e-06,3.96758896e-05,-0.0931994729,4.38181758,1744.77888
0.299329372,0.139866187,-2.13167703e-06,3.26738767e-05,-0.0931983309,4.48798972,1744.77308
0.29933771,0.140879634,-1.96901246e-06,2.65864122e-05,-0.0931973061,4.58898201,1744.76733
0.299341351,0.0943947116,-1.58667108e-06,0.000299153308,-0.0936126681,1.52780739,1744.75064
0.299345488,0.141825099,-1.80304553e-06,2.1336227e-05,-0.0931963781,4.6848733,1744.76168
0.299352744,0.14270714,-1.63433513e-06,1.68501728e-05,-0.0931955274,4.77575253,1744.75621
0.299359514,0.143530013,-1.46361992e-06,1.30584353e-05,-0.0931947359,4.86171326,1744.75095
0.299363811,0.0984584434,-1.66864508e-06,0.000273057505,-0.0936101693,1.6950633,1744.77415
0.29936583,0.144297686,-1.2918574e-06,9.8950117e-06,-0.0931939865,4.94286217,1744.74593
0.299371722,0.145013864,-1.12008762e-06,7.29588653e-06,-0.0931932627,5.01930028,1744.74115
0.299377218,0.145681998,-9.49571593e-07,5.2017023e-06,-0.093192549,5.09115641,1744.73663
0.299382346,0.146305314,-7.81765097e-07,3.55278546e-06,-0.0931918296,5.1585263,1744.73237
0.299384763,0.102249575,-1.7177719e-06,0.0002479862,-0.0936077746,1.86505127,1744.79536
0.29938713,0.146886817,-6.19245143e-07,2.29724878e-06,-0.0931910885,5.2215816,1744.72835
0.299391593,0.147429312,-4.64303936e-07,1.37370414e-06,-0.0931903086,5.28036693,1744.72456
0.299395757,0.147935415,-3.21001889e-07,7.4358836e-07,-0.0931894698,5.33517339,1744.721
0.299399641,0.148407569,-1.91669757e-07,3.29994475e-07,-0.0931885476,5.38583486,1744.71764
0.299403265,0.14884805,-8.69024657e-08,1.23687532e-07,-0.0931875079,5.43304411,1744.71446
0.299404311,0.105786393,-1.74097588e-06,0.00022419882,-0.0936055013,2.03667568,1744.81417
0.299406646,0.149258983,-5.39793329e-09,-8.30512631e-08,-0.0931863004,5.47565602,1744.71143
0.2994098,0.14964235,1.43730182e-08,1.38121841e-07,-0.0931848435,5.51690122,1744.70851
0.299412742,0.15,0,0,-0.093182997,5.53763117,1744.70564
0.299422547,0.109085956,-1.74370872e-06,0.00020184228,-0.0936033702,2.20895221,1744.83051
0.29942613,0,0,0,-0.0940198048,-2.95372408,1744.91399
0.299427106,0.000357650242,1.13409062e-07,1.40674427e-07,-0.0940187161,-2.93378803,1744.91158
0.299428151,0.000741017226,1.27146704e-07,-2.76972595e-07,-0.0940175539,-2.89228059,1744.90897
0.299429272,0.00115195011,1.56223491e-07,-2.33915736e-07,-0.0940163144,-2.84891577,1744.90614
0.299430474,0.00159243101,2.50017668e-07,-2.30305033e-07,-0.0940149933,-2.8016312,1744.90311
0.299431762,0.00206458457,4.13032838e-07,-1.01856655e-07,-0.094013586,-2.74991034,1744.89985
0.299433142,0.0025706882,6.32825215e-07,2.27410302e-07,-0.0940120878,-2.69368811,1744.89636
0.299434622,0.00311318307,8.73267734e-07,8.30694859e-07,-0.0940104942,-2.63286542,1744.89263
0.299436208,0.00369468589,1.08413691e-06,1.76987266e-06,-0.0940088006,-2.56737944,1744.88865
0.299437909,0.00431800152,1.25631152e-06,3.10592567e-06,-0.0940070023,-2.49691448,1744.88442
0.299439559,0.112164181,-1.73054404e-06,0.000180998866,-0.0936014007,2.38079754,1744.84437
0.299439731,0.00498613648,1.44209531e-06,4.91272577e-06,-0.0940050951,-2.42131018,1744.87992
0.299441685,0.0057023135,1.65572947e-06,7.24976312e-06,-0.0940030748,-2.34063648,1744.87515
0.299443778,0.00646998704,1.87223354e-06,1.01686123e-05,-0.0940009378,-2.25494569,1744.87012
0.299446023,0.00729285993,2.08009677e-06,1.37231329e-05,-0.0939986808,-2.1642843,1744.86481
0.299448429,0.00817490128,2.27366934e-06,1.79632679e-05,-0.0939963013,-2.06872546,1744.85924
0.299451008,0.00912036556,2.44901889e-06,2.2934127e-05,-0.0939937976,-1.96840526,1744.85341
0.299453772,0.0101338132,2.60317262e-06,2.86732044e-05,-0.0939911689,-1.86351927,1744.84733
0.299455431,0.115035914,-1.7051759e-06,0.00016168819,-0.0935996086,2.5512914,1744.8558
0.299456736,0.0112201325,2.73375369e-06,3.52091136e-05,-0.0939884159,-1.75432607,1744.84104
0.299459912,0.0123845633,2.83885996e-06,4.25596988e-05,-0.0939855405,-1.64115013,1744.83455
0.299463317,0.0136327222,2.91699395e-06,5.07299582e-05,-0.0939825464,-1.52438474,1744.8279
0.299466966,0.0149706296,2.96696917e-06,5.97098099e-05,-0.0939794396,-1.40449303,1744.82114
0.299470238,0.117715008,-1.67051308e-06,0.00014389653,-0.0935980048,2.71953703,1744.86491
0.299470878,0.0164047389,2.98794731e-06,6.9471844e-05,-0.093976228,-1.28200709,1744.81433
0.299475071,0.0179419674,2.97945591e-06,7.99688071e-05,-0.0939729222,-1.15752598,1744.80754
0.299479566,0.0195897299,2.94144125e-06,9.11312969e-05,-0.0939695355,-1.03170866,1744.80086
0.299484051,0.120214384,-1.62888635e-06,0.000127577998,-0.0935965946,2.88480666,1744.87184
0.299484384,0.0213559743,2.8742891e-06,0.000102865309,-0.0939660841,-0.905265483,1744.79436
0.299489548,0.0232492201,2.77889332e-06,0.000115050498,-0.0939625876,-0.778941177,1744.78818
0.299495084,0.0252785992,2.65664432e-06,0.000127538241,-0.0939590683,-0.65349816,1744.78242
0.299496938,0.1225461,-1.58202718e-06,0.000112671749,-0.0935953782,3.04645264,1744.87678
0.299501017,0.0274539002,2.50948696e-06,0.000140151201,-0.0939555518,-0.529682907,1744.77722
0.299507378,0.0297856156,2.33988868e-06,0.000152682393,-0.0939520666,-0.408201699,1744.77273
0.29950896,0.124721401,-1.53125574e-06,9.91033189e-05,-0.0935943515,3.20397628,1744.87996
0.299514195,0.0322849924,2.15081957e-06,0.000164897507,-0.0939486431,-0.289662074,1744.76909
0.299520176,0.12675078,-1.47747143e-06,8.6794113e-05,-0.0935935064,3.35696912,1744.88162
0.299521503,0.0349640862,1.9458463e-06,0.000176535202,-0.0939453137,-0.174545523,1744.76646
0.299529337,0.0378358195,1.72925411e-06,0.000187313558,-0.0939421112,-0.0631146378,1744.76501
0.29953064,0.128644026,-1.42130138e-06,7.56623743e-05,-0.0935928319,3.50513712,1744.88199
0.299537733,0.040914044,1.50592307e-06,0.000196931717,-0.0939390675,0.044605125,1744.76488
0.299540402,0.13041027,-1.36309052e-06,6.56278346e-05,-0.0935923147,3.64826126,1744.88131
0.299546733,0.0442136074,1.28221978e-06,0.000205081541,-0.0939362123,0.148970105,1744.76623
0.299549508,0.132058033,-1.30297267e-06,5.66119795e-05,-0.09359194,3.78620127,1744.8798
0.299556381,0.0477504251,1.06758449e-06,0.000211449958,-0.0939335706,0.250698502,1744.76919
0.299558004,0.133595261,-1.24115451e-06,4.85400501e-05,-0.0935916922,3.91886761,1744.87764
0.29956593,0.13502937,-1.17782973e-06,4.13407168e-05,-0.0935915553,4.0462172,1744.875
0.299566722,0.0515415566,9.04228478e-07,0.00021573373,-0.0939311606,0.35116339,1744.77387
0.299573325,0.136367278,-1.11303069e-06,3.49469387e-05,-0.0935915132,4.16824195,1744.87203
0.299577807,0.0556052884,7.34200587e-07,0.000217639227,-0.0939289911,0.452225186,1744.78038
0.299580223,0.137615437,-1.04683728e-06,2.92953633e-05,-0.0935915505,4.28496045,1744.86884
0.299586658,0.138779867,-9.79283962e-07,2.43264124e-05,-0.093591652,4.39641224,1744.86555
0.299589689,0.0599612217,5.01264769e-07,0.000216906032,-0.0939270586,0.556477512,1744.78877
0.299592662,0.139866187,-9.10468831e-07,1.99840939e-05,-0.0935918036,4.50265106,1744.86222
0.299598264,0.140879634,-8.40537468e-07,1.62156105e-05,-0.0935919919,4.60374453,1744.85891
0.299602425,0.0646303672,2.92825072e-07,0.000213309566,-0.0939253448,0.667128948,1744.79907
0.299603489,0.141825099,-7.69644527e-07,1.29710875e-05,-0.0935922047,4.69976868,1744.85568
0.299608364,0.14270714,-6.97987439e-07,1.02036633e-05,-0.0935924303,4.79080954,1744.85254
0.299612912,0.143530013,-6.2581981e-07,7.868861e-06,-0.0935926582,4.87695688,1744.84954
0.299616077,0.0696352464,1.19286165e-07,0.000206666271,-0.0939238147,0.788525638,1744.8113
0.299617154,0.144297686,-5.53488578e-07,5.92499923e-06,-0.0935928786,4.95831336,1744.84667
0.299621113,0.145013864,-4.81383689e-07,4.33178323e-06,-0.0935930823,5.03497677,1744.84396
0.299624805,0.145681998,-4.09967067e-07,3.05239158e-06,-0.0935932605,5.1070692,1744.84139
0.29962825,0.146305314,-3.39754747e-07,2.04933768e-06,-0.0935934046,5.17468186,1744.83897
0.299630711,0.075,-4.44703608e-08,0.000196873444,-0.0939224101,0.927027789,1744.8254
0.299631464,0.146886817,-2.71766742e-07,1.29139419e-06,-0.0935935058,5.2379794,1744.8367
0.299634462,0.147429312,-2.07165096e-07,7.39151538e-07,-0.0935935545,5.29700188,1744.83457
0.299637259,0.147935415,-1.49644793e-07,3.7180786e-07,-0.0935935392,5.35204631,1744.83257
0.299639869,0.148407569,-9.79468027e-08,1.35854309e-07,-0.0935934448,5.40289194,1744.83068
0.299642303,0.14884805,-5.70041119e-08,3.89071757e-08,-0.0935932496,5.45023504,1744.82889
0.299644574,0.149258983,-1.86438821e-08,-1.06814438e-07,-0.0935929163,5.49274649,1744.82719
0.299645345,0.0803647536,-1.73955984e-07,0.000184800196,-0.0939211434,1.07719385,1744.84022
0.299646693,0.14964235,-1.65918052e-08,1.21832886e-07,-0.093592371,5.53421163,1744.82553
0.29964867,0.15,0,0,-0.0935914345,5.55528879,1744.82386
0.299658997,0.0853696328,-2.68537735e-07,0.0001718524,-0.0939200197,1.23037169,1744.85443
0.299671733,0.0900387783,-3.40471949e-07,0.000158567799,-0.0939189836,1.38835268,1744.86784
0.299683615,0.0943947116,-3.92131866e-07,0.000145355679,-0.0939180062,1.55080361,1744.88028
0.2996947,0.0984584434,-4.29584082e-07,0.000132496786,-0.0939170786,1.7169254,1744.89167
0.299705041,0.102249575,-4.55888466e-07,0.000120174159,-0.0939162029,1.88590009,1744.90194
0.299714688,0.105786393,-4.72472137e-07,0.00010850949,-0.0939153865,2.05661345,1744.91103
0.299723689,0.109085956,-4.81061673e-07,9.75695989e-05,-0.0939146385,2.22806892,1744.91893
0.299732085,0.112164181,-4.83318492e-07,8.73903551e-05,-0.0939139674,2.39917448,1744.92563
0.299739919,0.115035914,-4.80621029e-07,7.79771922e-05,-0.0939133799,2.56900158,1744.93116
0.299747227,0.117715008,-4.74092323e-07,6.93198503e-05,-0.0939128802,2.73664708,1744.93557
0.299754044,0.120214384,-4.64626674e-07,6.13926297e-05,-0.0939124702,2.90137691,1744.93893
0.299760405,0.1225461,-4.5291008e-07,5.41630339e-05,-0.0939121492,3.06253859,1744.94133
0.299766338,0.124721401,-4.39464536e-07,4.75922149e-05,-0.0939119143,3.21962886,1744.9429
0.299771874,0.12675078,-4.24663346e-07,4.16397301e-05,-0.093911761,3.37223577,1744.94374
0.299777038,0.128644026,-4.08770678e-07,3.62638828e-05,-0.0939116835,3.52006211,1744.94396
0.299781856,0.13041027,-3.91870035e-07,3.14240413e-05,-0.0939116749,3.66288559,1744.94369
0.299786351,0.132058033,-3.73862925e-07,2.70806627e-05,-0.0939117277,3.8005618,1744.94301
0.299790544,0.133595261,-3.54959885e-07,2.31963e-05,-0.093911834,3.93300016,1744.94203
0.299794456,0.13502937,-3.35441574e-07,1.97353904e-05,-0.0939119859,4.06015762,1744.94083
0.299798105,0.136367278,-3.15335332e-07,1.6664659e-05,-0.0939121755,4.18202437,1744.93947
0.29980151,0.137615437,-2.94678906e-07,1.39527829e-05,-0.0939123953,4.29861712,1744.938
0.299804686,0.138779867,-2.73494487e-07,1.15704325e-05,-0.0939126379,4.40997372,1744.93649
0.299807649,0.139866187,-2.51824347e-07,9.49014509e-06,-0.0939128966,4.51614614,1744.93496
0.299810414,0.140879634,-2.29722212e-07,7.68612482e-06,-0.0939131651,4.61719992,1744.93344
0.299812993,0.141825099,-2.07243771e-07,6.13409445e-06,-0.0939134374,4.71320909,1744.93195
0.299815399,0.14270714,-1.84457677e-07,4.81133882e-06,-0.0939137084,4.80425759,1744.93052
0.299817643,0.143530013,-1.61451534e-07,3.69634355e-06,-0.093913973,4.89043283,1744.92914
0.299819737,0.144297686,-1.38337811e-07,2.76906634e-06,-0.0939142267,4.97183482,1744.92783
0.299821691,0.145013864,-1.15236468e-07,2.0101091e-06,-0.0939144654,5.04855839,1744.92659
0.299823513,0.145681998,-9.22909404e-08,1.40198517e-06,-0.0939146851,5.12072221,1744.92541
0.299825214,0.146305314,-6.96481561e-08,9.2656843e-07,-0.093914882,5.18841408,1744.92431
0.2998268,0.146886817,-4.75737224e-08,5.6951895e-07,-0.093915052,5.25179317,1744.92328
0.29982828,0.147429312,-2.64502782e-08,3.10992913e-07,-0.0939151908,5.31089649,1744.92231
0.29982966,0.147935415,-7.95588809e-09,1.43264334e-07,-0.0939152931,5.3660428,1744.9214
0.299830948,0.148407569,7.38763823e-09,3.62032934e-08,-0.093915352,5.41698616,1744.92054
0.29983215,0.14884805,2.0410265e-08,6.00053792e-09,-0.0939153565,5.46446005,1744.91973
0.299833271,0.149258983,3.03988846e-08,-9.08386476e-08,-0.0939152872,5.50674711,1744.91895
0.299834316,0.14964235,4.63836585e-08,1.12807834e-07,-0.0939150993,5.54805197,1744.9182
0.299835292,0.15,0,0,-0.0939146485,5.56924452,1744.91741
0.3,0,0,0,-0.0941654077,-2.92943947,1744.98349
0.3,0.000357650242,0,0,-0.0942,-2.90949329,1745
0.3,0.000741017226,0,0,-0.0942,-2.86814256,1745
0.3,0.00115195011,0,0,-0.0942,-2.82478969,1745
0.3,0.00159243101,0,0,-0.0942,-2.7772804,1745
0.3,0.00206458457,0,0,-0.0942,-2.72564944,1745
0.3,0.0025706882,0,0,-0.0942,-2.66966872,1745
0.3,0.00311318307,0,0,-0.0942,-2.60895691,1745
0.3,0.00369468589,0,0,-0.0942,-2.54314127,1745
0.3,0.00431800152,0,0,-0.0942,-2.47201559,1745
0.3,0.00498613648,0,0,-0.0942,-2.39602904,1745
0.3,0.0057023135,0,0,-0.0942,-2.31526603,1745
0.3,0.00646998704,0,0,-0.0942,-2.22950766,1745
0.3,0.00729285993,0,0,-0.0942,-2.13877341,1745
0.3,0.00817490128,0,0,-0.0942,-2.04314219,1745
0.3,0.00912036556,0,0,-0.0942,-1.94275699,1745
0.3,0.0101338132,0,0,-0.0942,-1.8378203,1745
0.3,0.0112201325,0,0,-0.0942,-1.72859717,1745
0.3,0.0123845633,0,0,-0.0942,-1.61541842,1745
0.3,0.0136327222,0,0,-0.0942,-1.49868336,1745
0.3,0.0149706296,0,0,-0.0942,-1.37886013,1745
0.3,0.0164047389,0,0,-0.0942,-1.25648513,1745
0.3,0.0179419674,0,0,-0.0942,-1.13216115,1745
0.3,0.0195897299,0,0,-0.0942,-1.00655026,1745
0.3,0.0213559743,0,0,-0.0942,-0.880365322,1745
0.3,0.0232492201,0,0,-0.0942,-0.754352952,1745
0.3,0.0252785992,0,0,-0.0942,-0.629276724,1745
0.3,0.0274539002,0,0,-0.0942,-0.505883603,1745
0.3,0.0297856156,0,0,-0.0942,-0.384879339,1745
0.3,0.0322849924,0,0,-0.0942,-0.26686989,1745
0.3,0.0349640862,0,0,-0.0942,-0.152334599,1745
0.3,0.0378358195,0,0,-0.0942,-0.0415345359,1745
0.3,0.040914044,0,0,-0.0942,0.0655063689,1745
0.3,0.0442136074,0,0,-0.0942,0.169140321,1745
0.3,0.0477504251,0,0,-0.0942,0.270064829,1745
0.3,0.0515415566,0,0,-0.0942,0.36931935,1745
0.3,0.0556052884,0,0,-0.0942,0.469130724,1745
0.3,0.0599612217,0,0,-0.0942,0.572631965,1745
0.3,0.0646303672,0,0,-0.0942,0.682527711,1745
0.3,0.0696352464,0,0,-0.0942,0.802973184,1745
0.3,0.075,0,0,-0.0942,0.940605417,1745
0.3,0.0803647536,0,0,-0.0942,1.09006881,1745
0.3,0.0853696328,0,0,-0.0942,1.24260437,1745
0.3,0.0900387783,0,0,-0.0942,1.3999967,1745
0.3,0.0943947116,0,0,-0.0942,1.56191814,1745
0.3,0.0984584434,0,0,-0.0942,1.72756374,1745
0.3,0.102249575,0,0,-0.0942,1.89611838,1745
0.3,0.105786393,0,0,-0.0942,2.06644974,1745
0.3,0.109085956,0,0,-0.0942,2.23755888,1745
0.3,0.112164181,0,0,-0.0942,2.40834794,1745
0.3,0.115035914,0,0,-0.0942,2.57788712,1745
0.3,0.117715008,0,0,-0.0942,2.74526977,1745
0.3,0.120214384,0,0,-0.0942,2.90976029,1745
0.3,0.1225461,0,0,-0.0942,3.0707038,1745
0.3,0.124721401,0,0,-0.0942,3.22759554,1745
0.3,0.12675078,0,0,-0.0942,3.38002191,1745
0.3,0.128644026,0,0,-0.0942,3.52768446,1745
0.3,0.13041027,0,0,-0.0942,3.67035867,1745
0.3,0.132058033,0,0,-0.0942,3.80789668,1745
0.3,0.133595261,0,0,-0.0942,3.9402083,1745
0.3,0.13502937,0,0,-0.0942,4.06725213,1745
0.3,0.136367278,0,0,-0.0942,4.18901759,1745
0.3,0.137615437,0,0,-0.0942,4.30552054,1745
0.3,0.138779867,0,0,-0.0942,4.41679814,1745
0.3,0.139866187,0,0,-0.0942,4.52290166,1745
0.3,0.140879634,0,0,-0.0942,4.62389587,1745
0.3,0.141825099,0,0,-0.0942,4.71985412,1745
0.3,0.14270714,0,0,-0.0942,4.81085961,1745
0.3,0.143530013,0,0,-0.0942,4.89699905,1745
0.3,0.144297686,0,0,-0.0942,4.9783716,1745
0.3,0.145013864,0,0,-0.0942,5.05507125,1745
0.3,0.145681998,0,0,-0.0942,5.12721592,1745
0.3,0.146305314,0,0,-0.0942,5.19489192,1745
0.3,0.146886817,0,0,-0.0942,5.25825618,1745
0.3,0.147429312,0,0,-0.0942,5.31734146,1745
0.3,0.147935415,0,0,-0.0942,5.3724564,1745
0.3,0.148407569,0,0,-0.0942,5.4233879,1745
0.3,0.14884805,0,0,-0.0942,5.47091735,1745
0.3,0.149258983,0,0,-0.0942,5.51307279,1745
0.3,0.14964235,0,0,-0.0942,5.55411206,1745
0.3,0.15,0,0,-0.094102305,5.57523709,1744.97172
