r,z,u_r,u_z,u_swirl,p,T
0,0,0,0,-9.00975817e-05,0,1700.14432
0,0.000357650242,-1.41410862e-07,3.28851506e-08,-8.95693697e-05,-0.01217333,1700.34802
0,0.000741017226,-3.15535626e-07,1.04336209e-06,-8.90049163e-05,-0.0349682284,1700.63257
0,0.00115195011,-5.25220941e-07,2.09621772e-06,-8.84015825e-05,-0.0563027521,1700.90674
0,0.00159243101,-7.74447262e-07,4.07857366e-06,-8.77566435e-05,-0.079012087,1701.17634
0,0.00206458457,-1.06732001e-06,7.07500906e-06,-8.70672784e-05,-0.102442883,1701.44481
0,0.0025706882,-1.40775678e-06,1.14169362e-05,-8.63305085e-05,-0.126817195,1701.71431
0,0.00311318307,-1.80020819e-06,1.7446182e-05,-8.55431709e-05,-0.151952184,1701.98625
0,0.00369468589,-2.24949335e-06,2.56164538e-05,-8.47018994e-05,-0.177865113,1702.26158
0,0.00431800152,-2.7606851e-06,3.64660161e-05,-8.3803106e-05,-0.204511237,1702.54094
0,0.00498613648,-3.3390805e-06,5.06502422e-05,-8.28429612e-05,-0.231856807,1702.82475
0,0.0057023135,-3.9901131e-06,6.89566906e-05,-8.18173711e-05,-0.259850772,1703.11323
0,0.00646998704,-4.71927123e-06,9.23304703e-05,-8.072195e-05,-0.288434715,1703.40648
0,0.00729285993,-5.53198717e-06,0.000121900113,-7.95519903e-05,-0.317538869,1703.70444
0,0.00817490128,-6.43350073e-06,0.000159007963,-7.83024256e-05,-0.347083775,1704.00691
0,0.00912036556,-7.42869048e-06,0.000205243662,-7.6967788e-05,-0.3769804,1704.31359
0,0.0101338132,-8.52186956e-06,0.00026248133,-7.55421583e-05,-0.407131859,1704.62403
0,0.0112201325,-9.71652272e-06,0.000332919955,-7.4019107e-05,-0.437435298,1704.93769
0,0.0123845633,-1.10150009e-05,0.000419126681,-7.23916277e-05,-0.467784484,1705.2539
0,0.0136327222,-1.24181744e-05,0.000524081824,-7.06520592e-05,-0.498074745,1705.57188
0,0.0149706296,-1.39250075e-05,0.000651224982,-6.87919998e-05,-0.528207058,1705.8908
0,0.0164047389,-1.55320732e-05,0.000804498668,-6.68022114e-05,-0.558098549,1706.20971
0,0.0179419674,-1.72329723e-05,0.000988389229,-6.46725181e-05,-0.587686864,1706.52766
0,0.0195897299,-1.9017777e-05,0.00120795583,-6.23917001e-05,-0.616952733,1706.84365
0,0.0213559743,-2.08722011e-05,0.00146885152,-5.99473907e-05,-0.645917468,1707.15668
0,0.0232492201,-2.27770229e-05,0.00177731098,-5.73259831e-05,-0.674693413,1707.46581
0,0.0252785992,-2.47069191e-05,0.00214012595,-5.45125599e-05,-0.703454931,1707.77015
0,0.0274539002,-2.66301204e-05,0.00256454203,-5.14908598e-05,-0.732553365,1708.06888
0,0.0297856156,-2.85066698e-05,0.00305814898,-4.82433007e-05,-0.762409248,1708.36131
0,0.0322849924,-3.02888112e-05,0.00362859623,-4.47510828e-05,-0.793772373,1708.64686
0,0.0349640862,-3.19180992e-05,0.00428334342,-4.09943952e-05,-0.827412499,1708.92507
0,0.0378358195,-3.33279726e-05,0.00502903542,-3.69527521e-05,-0.864701611,1709.19562
0,0.040914044,-3.44384394e-05,0.0058710527,-3.26054682e-05,-0.906820168,1709.45827
0,0.0442136074,-3.51635289e-05,0.00681226591,-2.79322801e-05,-0.956048497,1709.71291
0,0.0477504251,-3.54004878e-05,0.00785235818,-2.29140599e-05,-1.01386631,1709.95949
0,0.0515415566,-3.50466334e-05,0.0089854661,-1.75335422e-05,-1.08375999,1710.19802
0,0.0556052884,-3.39804911e-05,0.010199387,-1.17758096e-05,-1.16697747,1710.42856
0,0.0599612217,-3.20930423e-05,0.0114712627,-5.6281792e-06,-1.26834963,1710.65118
0,0.0646303672,-2.92582426e-05,0.0127671781,9.21221667e-07,-1.38742551,1710.86596
0,0.0696352464,-2.53819907e-05,0.0140349508,7.88740445e-06,-1.52915556,1711.07301
0,0.075,-2.03708407e-05,0.0152092086,1.53024357e-05,-1.68787664,1711.27268
0,0.0803647536,-1.46209875e-05,0.016140715,2.26950437e-05,-1.85960722,1711.45286
0,0.0853696328,-8.7574466e-06,0.0167438956,2.96121908e-05,-2.02158009,1711.60552
0,0.0900387783,-2.90259846e-06,0.0170465087,3.61375648e-05,-2.17598665,1711.73599
0,0.0943947116,2.66188432e-06,0.0170558854,4.2353703e-05,-2.33205606,1711.84844
0,0.0984584434,7.8744273e-06,0.0168125419,4.83311597e-05,-2.46258522,1711.94609
0,0.102249575,1.26953315e-05,0.016369699,5.41261772e-05,-2.58215517,1712.03145
0,0.105786393,1.70075302e-05,0.0157548493,5.97799062e-05,-2.69248683,1712.10645
0,0.109085956,2.08052984e-05,0.0150037824,6.53189748e-05,-2.79015133,1712.17257
0,0.112164181,2.40671935e-05,0.0141511493,7.0757197e-05,-2.87725485,1712.23063
0,0.115035914,2.6799377e-05,0.0132277068,7.60977954e-05,-2.95323644,1712.28026
0,0.117715008,2.90104702e-05,0.0122611881,8.13358792e-05,-3.01958764,1712.31872
0,0.120214384,3.07241177e-05,0.0112753485,8.64608705e-05,-3.07626385,1712.33649
0,0.1225461,3.19650933e-05,0.0102905779,9.14587586e-05,-3.12433548,1712.32133
0,0.124721401,3.27674521e-05,0.00932359959,9.63140056e-05,-3.16415688,1712.25204
0,0.12675078,3.31660958e-05,0.00838795482,0.000101011101,-3.19672475,1712.09475
0,0.128644026,3.3195715e-05,0.00749408092,0.000105535717,-3.22277994,1711.81286
0,0.13041027,3.28876193e-05,0.00664974215,0.000109875517,-3.2434834,1711.37199
0,0.132058033,3.22824356e-05,0.00586029603,0.000114020649,-3.2599233,1710.74659
0,0.133595261,3.14266301e-05,0.00512905791,0.000117963976,-3.27325341,1709.92545
0,0.13502937,3.03651136e-05,0.00445759654,0.000121701111,-3.28443691,1708.91372
0,0.136367278,2.91361132e-05,0.0038460546,0.000125230295,-3.29428081,1707.73138
0,0.137615437,2.77705252e-05,0.00329342124,0.000128552182,-3.30336327,1706.40912
0,0.138779867,2.6295056e-05,0.00279778929,0.000131669549,-3.31206366,1704.98331
0,0.139866187,2.47333433e-05,0.00235657448,0.000134586982,-3.32058299,1703.49131
0,0.140879634,2.31070217e-05,0.00196670974,0.000137310552,-3.32899274,1701.96792
0,0.141825099,2.14356934e-05,0.00162480913,0.000139847501,-3.33727161,1700.44317
0,0.14270714,1.97372026e-05,0.0013273038,0.000142205948,-3.34534743,1698.94141
0,0.143530013,1.80273363e-05,0.00107055475,0.000144394625,-3.35312124,1697.48119
0,0.144297686,1.63202056e-05,0.000850938088,0.000146422648,-3.36049784,1696.07574
0,0.145013864,1.46275549e-05,0.000664918567,0.000148299315,-3.36738372,1694.73383
0,0.145681998,1.29600945e-05,0.000509092262,0.000150033941,-3.37372127,1693.46054
0,0.146305314,1.13252671e-05,0.000380237296,0.000151635729,-3.37943988,1692.25816
0,0.146886817,9.73180926e-06,0.000275316107,0.000153113656,-3.3845758,1691.12685
0,0.147429312,8.18126094e-06,0.000191536159,0.000154476396,-3.38905106,1690.06533
0,0.147935415,6.68294026e-06,0.00012625738,0.000155732256,-3.39345306,1689.07126
0,0.148407569,5.22165559e-06,7.71916465e-05,0.000156889133,-3.39620151,1688.14171
0,0.14884805,3.82233332e-06,4.19472512e-05,0.000157954482,-3.40097856,1687.27332
0,0.149258983,2.49606818e-06,1.90944405e-05,0.000158935279,-3.39887615,1686.46262
0,0.14964235,1.21339211e-06,5.74139388e-06,0.000159837925,-3.41380818,1685.70608
0,0.15,0,0,0.000160668825,-3.43308399,1685.13419
0.000219181974,0.15,0,0,0.000321337651,-3.43341018,1685
0.000220027669,0.14964235,2.42943832e-06,5.72145016e-06,0.000319674952,-3.41507224,1685.70583
0.000220934173,0.149258983,4.96248953e-06,1.90705693e-05,0.000317869656,-3.40182659,1686.46235
0.00022190586,0.14884805,7.60473691e-06,4.19054247e-05,0.000315908158,-3.40550911,1687.27301
0.000222947415,0.148407569,1.03721506e-05,7.7140455e-05,0.000313777584,-3.40254337,1688.14135
0.000224063863,0.147935415,1.32332342e-05,0.000126200454,0.000311463977,-3.40163954,1689.07086
0.000225260588,0.147429312,1.62104332e-05,0.000191475278,0.000308952428,-3.39907642,1690.06486
0.000226543365,0.146886817,1.92872704e-05,0.000275247494,0.000306227144,-3.39642094,1691.12633
0.000227918378,0.146305314,2.24624603e-05,0.000380156416,0.000303271515,-3.39303031,1692.25756
0.000229392262,0.145681998,2.57142372e-05,0.00050899435,0.000300068196,-3.38911442,1693.45987
0.000230972125,0.145013864,2.90354815e-05,0.000664800805,0.000296599237,-3.38456779,1694.73307
0.000232665587,0.144297686,3.24066029e-05,0.000850795657,0.000292846238,-3.37948704,1696.0749
0.000234480818,0.143530013,3.58094776e-05,0.00107038291,0.000288790572,-3.37389403,1697.48025
0.000236426572,0.14270714,3.92194144e-05,0.00132709667,0.000284413645,-3.36787893,1698.94038
0.000238512235,0.141825099,4.26092952e-05,0.00162456027,0.000279697234,-3.36151067,1700.44205
0.000240747867,0.140879634,4.59467218e-05,0.0019664118,0.000274623877,-3.35486936,1701.96672
0.000243144252,0.139866187,4.919534e-05,0.00235621946,0.000269177341,-3.34799649,1703.49006
0.000245712948,0.138779867,5.23137332e-05,0.00279736846,0.000263343144,-3.34088097,1704.98203
0.000248466345,0.137615437,5.52559177e-05,0.0032929254,0.00025710915,-3.33340936,1706.40784
0.000251417725,0.136367278,5.79706948e-05,0.00384547434,0.000250466187,-3.3253364,1707.73015
0.000254581322,0.13502937,6.04018477e-05,0.00445692254,0.000243408701,-3.31623511,1708.91259
0.000257972398,0.133595261,6.24866604e-05,0.0051282812,0.000235935387,-3.30549433,1709.92446
0.000261607308,0.132058033,6.41550661e-05,0.00585940854,0.000228049756,-3.2922986,1710.74579
0.000265503585,0.13041027,6.53286012e-05,0.00664873717,0.000219760579,-3.27571522,1711.37139
0.000269680022,0.128644026,6.59252921e-05,0.00749295475,0.000211082122,-3.25463218,1711.81247
0.000274156766,0.12675078,6.58651069e-05,0.00838670789,0.000202034083,-3.22796501,1712.09455
0.000278955408,0.124721401,6.50763832e-05,0.00932223731,0.000192641125,-3.19449377,1712.25199
0.000284099095,0.1225461,6.34866014e-05,0.0102891112,0.000182931895,-3.15340176,1712.3214
0.000289612638,0.120214384,6.10261182e-05,0.0112737969,0.000172937404,-3.10368283,1712.33664
0.000295522631,0.117715008,5.76274109e-05,0.01225958,0.000162688726,-3.04497235,1712.31894
0.00030185758,0.115035914,5.32396004e-05,0.0132260834,0.000152213882,-2.97621863,1712.28053
0.000308648042,0.112164181,4.78164979e-05,0.014149562,0.000141534038,-2.89746206,1712.23096
0.00031592677,0.109085956,4.13408e-05,0.0150023019,0.000130659,-2.8072628,1712.17296
0.000323728873,0.105786393,3.38003644e-05,0.0157535543,0.000119582358,-2.7061755,1712.10691
0.000332091984,0.102249575,2.52372143e-05,0.0163686984,0.000108276541,-2.5922016,1712.03198
0.000341056442,0.0984584434,1.56663073e-05,0.0168119361,9.66883667e-05,-2.46858972,1711.94671
0.000350665488,0.0943947116,5.30865226e-06,0.0170557553,8.47356261e-05,-2.33426517,1711.84915
0.000360965469,0.0900387783,-5.74817979e-06,0.0170471245,7.23059375e-05,-2.17436919,1711.73682
0.000372006067,0.0853696328,-1.73785977e-05,0.0167452905,5.92583021e-05,-2.01574777,1711.60649
0.000383840537,0.0803647536,-2.90316024e-05,0.0161430016,4.54277517e-05,-1.85022187,1711.45399
0.000396525961,0.075,-4.04594902e-05,0.0152123434,3.06441006e-05,-1.67497567,1711.27396
0.000409211385,0.0696352464,-5.04266122e-05,0.0140383295,1.5810491e-05,-1.51353513,1711.07437
0.000421045854,0.0646303672,-5.81375712e-05,0.0127704291,1.8727969e-06,-1.36977679,1710.86736
0.000432086453,0.0599612217,-6.37787624e-05,0.0114742432,-1.12305044e-05,-1.24944404,1710.6526
0.000442386434,0.0556052884,-6.75356382e-05,0.0102020589,-2.35295975e-05,-1.14735842,1710.43
0.000445081285,0.15,0,0,0.000652523436,-3.43356662,1685
0.000446834408,0.14964235,4.87174289e-06,5.68743034e-06,0.000649197031,-3.41627306,1685.70584
0.000448713589,0.149258983,9.92770784e-06,1.90295242e-05,0.000645585527,-3.40444209,1686.46236
0.000450727892,0.14884805,1.52081925e-05,4.18651506e-05,0.0006416598,-3.40936266,1687.27302
0.000451995479,0.0515415566,-6.96593607e-05,0.00898780835,-3.50483375e-05,-1.06393403,1710.19947
0.000452887032,0.148407569,2.07430804e-05,7.70896864e-05,0.000637393543,-3.40815657,1688.14136
0.000455201426,0.147935415,2.64690609e-05,0.000126152021,0.000632758377,-3.40886135,1689.07087
0.000457682234,0.147429312,3.24315157e-05,0.000191433888,0.000627723985,-3.40798825,1690.06489
0.000460341425,0.146886817,3.85890562e-05,0.000275211024,0.00062225824,-3.40697911,1691.12636
0.000460959937,0.0477504251,-7.03665487e-05,0.00785438805,-4.58121726e-05,-0.994201278,1709.96094
0.000463191825,0.146305314,4.49371352e-05,0.000380123557,0.000616327306,-3.4051788,1692.25759
0.000466247181,0.145681998,5.14453788e-05,0.000508963739,0.000609895828,-3.4028998,1693.45991
0.000469323049,0.0442136074,-6.98985025e-05,0.00681400506,-5.58510043e-05,-0.936854811,1709.71436
0.000469522232,0.145013864,5.80926673e-05,0.00066477381,0.000602927161,-3.39998595,1694.73312
0.000473032774,0.144297686,6.48442328e-05,0.000850772461,0.000595383705,-3.39655043,1696.07495
0.000476795741,0.143530013,7.16623786e-05,0.00107036428,0.000587227332,-3.39258437,1697.48031
0.000477125152,0.040914044,-6.84597811e-05,0.00587253358,-6.51994213e-05,-0.888320559,1709.45971
0.000480829284,0.14270714,7.84994281e-05,0.00132708313,0.000578419918,-3.38817166,1698.94045
0.00048440388,0.0378358195,-6.62541818e-05,0.00503028891,-7.38957297e-05,-0.847067283,1709.19705
0.000485152857,0.141825099,8.53006847e-05,0.00162455249,0.000568924022,-3.38335822,1700.44214
0.000489787315,0.140879634,9.20014304e-05,0.00196641039,0.000558703675,-3.37820675,1701.96681
0.000491194342,0.0349640862,-6.34532556e-05,0.00428440101,-8.19805001e-05,-0.810758114,1708.92649
0.000494755013,0.139866187,9.85275673e-05,0.00235622506,0.000547725322,-3.37273323,1703.49016
0.000497529291,0.0322849924,-6.02159053e-05,0.00362948602,-8.9495142e-05,-0.778173709,1708.64826
0.000500079912,0.138779867,0.000104794102,0.00279738175,0.000535958892,-3.36690058,1704.98214
0.000503439283,0.0297856156,-5.66744693e-05,0.00305889647,-9.648066e-05,-0.747906129,1708.36269
0.000505787696,0.137615437,0.000110705342,0.00329294722,0.000523378991,-3.36056287,1706.40796
0.000508952826,0.0274539002,-5.29450728e-05,0.00256516923,-0.000102976705,-0.719158919,1708.07025
0.000511905897,0.136367278,0.000116154221,0.00384550585,0.000509966174,-3.35344129,1707.73029
0.000514096513,0.0252785992,-4.91226584e-05,0.0021406519,-0.0001090209,-0.691160429,1707.7715
0.000518464025,0.13502937,0.000121023484,0.00445696527,0.000495708276,-3.34507104,1708.91274
0.000518895156,0.0232492201,-4.52867349e-05,0.00177775181,-0.000114648431,-0.663473436,1707.46716
0.000523371899,0.0213559743,-4.15004951e-05,0.00146922087,-0.000119891837,-0.635734129,1707.15803
0.000525493714,0.133595261,0.00012518549,0.0051283368,0.000480601695,-3.33481213,1709.92463
0.000527548337,0.0195897299,-3.78143018e-05,0.00120826511,-0.000124780967,-0.607758852,1706.84499
0.000531444614,0.0179419674,-3.4266393e-05,0.000988648017,-0.000129343047,-0.579429018,1706.52901
0.000533028871,0.132058033,0.000128504622,0.00585947855,0.000464652569,-3.32183119,1710.74598
0.000535079524,0.0164047389,-3.08851825e-05,0.000804714941,-0.00013360282,-0.550719203,1706.21107
0.000538470599,0.0149706296,-2.76904232e-05,0.000651405401,-0.000137582735,-0.521646569,1705.89218
0.000541105841,0.13041027,0.000130837021,0.00664882288,0.000447877683,-3.30519951,1711.3716
0.000541634197,0.0136327222,-2.46948451e-05,0.000524231961,-0.000141303149,-0.492272717,1705.5733
0.000544585576,0.0123845633,-2.19052729e-05,0.000419251212,-0.000144782545,-0.46268102,1705.25536
0.000547338974,0.0112201325,-1.93237731e-05,0.000333022805,-0.000148037732,-0.432971849,1704.93921
0.000549763583,0.128644026,0.000132033307,0.00749305854,0.000430304971,-3.28381882,1711.81271
0.00054990767,0.0101338132,-1.69486204e-05,0.000262565807,-0.000151084035,-0.403251941,1704.62563
0.000552304054,0.00912036556,-1.47751457e-05,0.000205312572,-0.000153935472,-0.373630023,1704.31528
0.000554539686,0.00817490128,-1.27964249e-05,0.000159063695,-0.000156604903,-0.344211792,1704.00872
0.000556625349,0.00729285993,-1.10038871e-05,0.000121944703,-0.00015910417,-0.315097203,1703.70639
0.000558571104,0.00646998704,-9.38783691e-06,9.23656619e-05,-0.000161444211,-0.286378462,1703.40862
0.000559043858,0.12675078,0.000131937352,0.00838683381,0.000411973404,-3.25660298,1712.09482
0.000560386334,0.0057023135,-7.9378616e-06,6.89839836e-05,-0.00016363516,-0.258138274,1703.11559
0.000562079797,0.00498613648,-6.64316635e-06,5.06709241e-05,-0.000165686435,-0.23044961,1702.82739
0.000563659659,0.00431800152,-5.49284443e-06,3.64812061e-05,-0.000167606808,-0.20337411,1702.54394
0.000565133543,0.00369468589,-4.47610025e-06,2.56271031e-05,-0.000169404468,-0.176965772,1702.26504
0.000566508557,0.00311318307,-3.5824017e-06,1.7453157e-05,-0.000171087075,-0.151261634,1701.99032
0.000567791333,0.0025706882,-2.80168775e-06,1.14208605e-05,-0.000172661805,-0.126308438,1701.71921
0.000568988059,0.00206458457,-2.12435523e-06,7.07668093e-06,-0.000174135392,-0.102094018,1701.45089
0.000568991429,0.124721401,0.000130393662,0.00932238855,0.000392932059,-3.22229659,1712.25231
0.000570104507,0.00159243101,-1.54166101e-06,4.07781263e-06,-0.000175514159,-0.0787971934,1701.1842
0.000571146062,0.00115195011,-1.04539384e-06,2.09411107e-06,-0.000176804058,-0.0562139863,1700.91748
0.000572117748,0.000741017226,-6.28869017e-07,1.03628672e-06,-0.000178010705,-0.0349659362,1700.64831
0.000573024252,0.000357650242,-2.82409996e-07,3.55652544e-08,-0.000179139436,-0.0123232917,1700.37303
0.000573869947,0,0,0,-0.000180195163,-0.000269044903,1700.08602
0.000579654277,0.1225461,0.000127245651,0.0102892892,0.000373238145,-3.18002695,1712.3218
0.000591083834,0.120214384,0.000122351586,0.0112740047,0.000352953721,-3.12877728,1712.3371
0.000603335231,0.117715008,0.000115574309,0.0122598208,0.000332141005,-3.06817849,1712.31946
0.000616467561,0.115035914,0.000106809103,0.0132263609,0.000310856046,-2.9971902,1712.28115
0.000630544167,0.112164181,9.5961404e-05,0.0141498803,0.000289140941,-2.91585969,1712.23168
0.000645632948,0.109085956,8.29939747e-05,0.0150026659,0.000267014626,-2.82277729,1712.1738
0.000661806683,0.105786393,6.78802445e-05,0.0157539678,0.000244462926,-2.71851596,1712.10789
0.000679143387,0.102249575,5.0700989e-05,0.0163691731,0.000221428385,-2.60114854,1712.03311
0.000686430473,0.15,0,0,0.00100635993,-3.43328487,1685
0.000689136354,0.14964235,7.45075954e-06,5.66631329e-06,0.00100123093,-3.41629602,1685.70584
0.0006920368,0.149258983,1.51977742e-05,1.90136502e-05,0.000995663703,-3.40399814,1686.46237
0.000695145802,0.14884805,2.32766496e-05,4.18602444e-05,0.000989612408,-3.40836514,1687.27304
0.000697726681,0.0984584434,3.14987818e-05,0.0168124662,0.000197801096,-2.47373811,1711.94802
0.000698478356,0.148407569,3.17494977e-05,7.7070169e-05,0.00098303621,-3.40713573,1688.14139
0.000702050537,0.147935415,4.05416159e-05,0.000126136824,0.000975891267,-3.40741329,1689.07091
0.000705879574,0.147429312,4.96682655e-05,0.000191420226,0.000968130801,-3.4063027,1690.06493
0.000709983937,0.146886817,5.90945809e-05,0.000275198864,0.000959705246,-3.40499902,1691.12641
0.000714383423,0.146305314,6.87988923e-05,0.000380114217,0.000950562411,-3.40294456,1692.25766
0.000717646202,0.0943947116,1.0673508e-05,0.0170563337,0.000173411638,-2.33596645,1711.85066
0.000719099253,0.145681998,7.87544161e-05,0.000508957409,0.000940647757,-3.40038838,1693.45998
0.000724154174,0.145013864,8.8918794e-05,0.000664770979,0.000929904759,-3.39720461,1694.73321
0.000729572566,0.144297686,9.92439382e-05,0.00085077422,0.000918275412,-3.39349051,1696.07505
0.000735380568,0.143530013,0.000109669518,0.00107037125,0.000905700892,-3.38924773,1697.48042
0.000738998031,0.0900387783,-1.15729217e-05,0.0170477916,0.000148028597,-2.17250499,1711.73854
0.000741606192,0.14270714,0.000120124296,0.00132709641,0.000892122386,-3.38455521,1698.94058
0.000748279467,0.141825099,0.000130523746,0.00162457293,0.000877482118,-3.3794654,1700.44228
0.000755432583,0.140879634,0.000140769449,0.00196643908,0.00086172459,-3.37404359,1701.96698
0.000761885158,0.0853696328,-3.49610854e-05,0.0167460302,0.00012136166,-2.00989991,1711.60845
0.000763100042,0.139866187,0.000150747718,0.00235626301,0.000844798014,-3.36831471,1703.49034
0.000771318827,0.138779867,0.000160328677,0.00279743014,0.000826655976,-3.36225211,1704.98234
0.000780128581,0.137615437,0.000169365526,0.00329300737,0.000807259264,-3.35572553,1706.40819
0.000786417976,0.0803647536,-5.84350005e-05,0.0161438,9.30710443e-05,-1.84105311,1711.4562
0.000789571799,0.136367278,0.000177694272,0.00384557961,0.000786577845,-3.34847342,1707.73053
0.000799694028,0.13502937,0.000185134611,0.00445705503,0.000764592901,-3.34004789,1708.91302
0.000810544094,0.133595261,0.000191491067,0.00512844554,0.000741298824,-3.32981656,1709.92494
0.000812714821,0.075,-8.14664547e-05,0.0152132202,6.28059447e-05,-1.66267426,1711.27643
0.000822174331,0.132058033,0.000196556084,0.00585960948,0.000716705021,-3.31693338,1710.74632
0.000834640837,0.13041027,0.000200111599,0.00664897968,0.000690837319,-3.30042992,1711.37199
0.000839011666,0.0696352464,-0.000101572613,0.0140392679,3.24149998e-05,-1.49873884,1711.07709
0.000848003743,0.128644026,0.000201932325,0.00749324588,0.000663738738,-3.27916653,1711.81314
0.000862327506,0.12675078,0.000201781764,0.0083870578,0.000635469325,-3.2520479,1712.09532
0.000863544484,0.0646303672,-0.000117141901,0.0127714195,3.83996433e-06,-1.3532466,1710.87029
0.000877681215,0.124721401,0.000199420814,0.00932265398,0.000606104711,-3.21785852,1712.25289
0.000886431611,0.0599612217,-0.000128545572,0.0114752684,-2.30402445e-05,-1.23180763,1710.65572
0.000894138928,0.1225461,0.000194606716,0.0102895992,0.00057573307,-3.17575421,1712.32252
0.00090778344,0.0556052884,-0.000136152797,0.0102031054,-4.82834916e-05,-1.12914665,1710.43326
0.000911780028,0.120214384,0.000187122509,0.0112743649,0.000544450063,-3.12472473,1712.33794
0.000927702961,0.0515415566,-0.000140466847,0.00898886148,-7.19355169e-05,-1.04557079,1710.20284
0.000930689607,0.117715008,0.000176758319,0.0122602375,0.000512351599,-3.06440074,1712.3204
0.000946286256,0.0477504251,-0.000141923168,0.00785543484,-9.40459846e-05,-0.976034473,1709.9644
0.000950958874,0.115035914,0.000163354207,0.0132268412,0.000479524072,-2.99374706,1712.28227
0.000956088417,0.15,0,0,0.00140169924,-3.43317767,1685
0.000959766394,0.14964235,1.03654397e-05,5.64745141e-06,0.00139442157,-3.41657945,1685.70585
0.000963622959,0.0442136074,-0.000141006158,0.00681503376,-0.000114674215,-0.919149732,1709.71787
0.000963708835,0.149258983,2.11643585e-05,1.90153812e-05,0.00138652764,-3.40405099,1686.46239
0.000967934756,0.14884805,3.24243771e-05,4.18521355e-05,0.00137795298,-3.40814479,1687.27307
0.000972464541,0.148407569,4.42106504e-05,7.70495915e-05,0.00136864042,-3.40715316,1688.14143
0.000972685597,0.112164181,0.000146765524,0.0141504317,0.000446032364,-2.9128047,1712.23299
0.000977320039,0.147935415,5.64451996e-05,0.000126124241,0.0013585288,-3.40726863,1689.07096
0.000979796695,0.040914044,-0.000138128643,0.00587353393,-0.000133889568,-0.87128495,1709.46326
0.00098252467,0.147429312,6.91375292e-05,0.000191408759,0.001347553,-3.40618495,1690.065
0.000988103539,0.146886817,8.22488464e-05,0.000275190786,0.00133564411,-3.40483228,1691.12649
0.000994083555,0.146305314,9.57471768e-05,0.000380110132,0.00132272969,-3.40276351,1692.25776
0.000994885475,0.0378358195,-0.000133700318,0.0050312524,-0.000151769367,-0.830849208,1709.20062
0.000995974575,0.109085956,0.000126934627,0.0150032975,0.000411905624,-2.82016874,1712.17533
0.00100049356,0.145681998,0.000109587213,0.000508958581,0.00130873411,-3.40017682,1693.4601
0.00100736448,0.145013864,0.000123713998,0.000664777871,0.00129357912,-3.39696587,1694.73334
0.00100896208,0.0349640862,-0.000128068047,0.00428532063,-0.000168395861,-0.795464053,1708.93007
0.00101472945,0.144297686,0.000138057431,0.000850788355,0.00127718454,-3.39321485,1696.07521
0.00102093814,0.105786393,0.000103821314,0.0157546873,0.000377121929,-2.71639636,1712.10966
0.00102209441,0.0322849924,-0.000121551899,0.00363035657,-0.000183853244,-0.763869413,1708.65184
0.00102262399,0.143530013,0.000152534216,0.00107039364,0.00125946921,-3.38893378,1697.48061
0.00103108619,0.14270714,0.000167043965,0.00132712861,0.00124035212,-3.38419687,1698.94079
0.00103434581,0.0297856156,-0.000114419375,0.00305971401,-0.000198225055,-0.734628696,1708.36628
0.00104015686,0.141825099,0.000181469039,0.00162461638,0.00121975392,-3.3790603,1700.44252
0.00104577536,0.0274539002,-0.000106904732,0.00256593134,-0.000211592203,-0.70691871,1708.07383
0.0010476967,0.102249575,7.75475874e-05,0.0163699995,0.000341592591,-2.59957445,1712.03516
0.00104987976,0.140879634,0.000195672129,0.00196649552,0.00119759861,-3.3735892,1701.96724
0.00105643821,0.0252785992,-9.919991e-05,0.0021413572,-0.000224031547,-0.679949576,1707.7751
0.00106030178,0.139866187,0.000209495449,0.0023563342,0.00117381554,-3.36781206,1703.49064
0.00106638578,0.0232492201,-9.14655565e-05,0.00177840008,-0.000235615033,-0.65326773,1707.47077
0.00107147319,0.138779867,0.000222759056,0.00279751807,0.00114834176,-3.36170554,1704.98267
0.00107566606,0.0213559743,-8.38295125e-05,0.0014698127,-0.000246409251,-0.626498674,1707.16166
0.00107637933,0.0984584434,4.81996062e-05,0.0168133903,0.000305147991,-2.47259195,1711.95039
0.00108344788,0.137615437,0.000235260329,0.00329311432,0.00112112455,-3.35514535,1706.40855
0.0010843238,0.0195897299,-7.63936471e-05,0.00120880188,-0.000256475322,-0.599449684,1706.84867
0.00109240077,0.0179419674,-6.92353958e-05,0.000989131639,-0.000265869026,-0.571996671,1706.53275
0.0010962836,0.136367278,0.000246773286,0.0038457083,0.00109212415,-3.34787598,1707.73093
0.00109993593,0.0164047389,-6.24123151e-05,0.000805147832,-0.000274641086,-0.54411014,1706.2149
0.00110696562,0.0149706296,-5.59644768e-05,0.000651790296,-0.000282837537,-0.515805346,1705.89612
0.00110712438,0.0943947116,1.63276316e-05,0.0170573578,0.000267526708,-2.3356496,1711.85338
0.00111004227,0.13502937,0.000257049621,0.00445720909,0.00106131663,-3.33945616,1708.91346
0.00111352375,0.0136327222,-4.99177328e-05,0.000524571858,-0.000290500147,-0.487142976,1705.57738
0.00111964195,0.0123845633,-4.4286007e-05,0.000419549277,-0.000297666848,-0.458206795,1705.25962
0.00112479026,0.133595261,0.000265819278,0.00512862945,0.00102869658,-3.32925528,1709.92542
0.00112534973,0.0112201325,-3.90736011e-05,0.00033328228,-0.000304372149,-0.429098288,1704.9437
0.00113067463,0.0101338132,-3.427713e-05,0.000262789939,-0.000310647527,-0.399926018,1704.63039
0.00113564233,0.00912036556,-2.98872515e-05,0.000205504581,-0.000316521778,-0.370800908,1704.32038
0.00114008014,0.0900387783,-1.7707805e-05,0.0170489692,0.000228371646,-2.172855,1711.74165
0.00114027679,0.00817490128,-2.58900632e-05,0.000159226718,-0.000322021331,-0.341831257,1704.01422
0.0011405987,0.132058033,0.000272793521,0.00585982858,0.000994279609,-3.31642057,1710.74686
0.00114460036,0.00729285993,-2.22683282e-05,0.000122081757,-0.000327170526,-0.313119851,1703.71239
0.0011486339,0.00646998704,-1.90025261e-05,9.24796146e-05,-0.000331991851,-0.284761854,1703.41522
0.00115239687,0.0057023135,-1.60716862e-05,6.90775381e-05,-0.000336506148,-0.256843077,1703.12294
0.00115590741,0.00498613648,-1.34540642e-05,5.07465961e-05,-0.000340732785,-0.229439599,1702.83565
0.00115754384,0.13041027,0.000277665878,0.0066492402,0.000958104313,-3.29996442,1711.3726
0.00115918246,0.00431800152,-1.11276896e-05,3.65413397e-05,-0.00034468981,-0.20261634,1702.55335
0.00116223782,0.00369468589,-9.07081271e-06,2.56738116e-05,-0.000348394072,-0.176430195,1702.2759
0.00116508822,0.00311318307,-7.26223565e-06,1.74884571e-05,-0.000351861333,-0.150922113,1702.00306
0.00116774741,0.0025706882,-5.68171296e-06,1.14463179e-05,-0.000355106362,-0.126140302,1701.73445
0.00117022822,0.00206458457,-4.30989827e-06,7.09421633e-06,-0.000358143012,-0.102080482,1701.46956
0.00117254261,0.00159243101,-3.12909163e-06,4.08744653e-06,-0.000360984296,-0.0789123637,1701.20776
0.00117470175,0.00115195011,-2.12267137e-06,2.098495e-06,-0.000363642447,-0.0564677776,1700.9483
0.00117540558,0.0853696328,-5.34476954e-05,0.0167473327,0.000187234816,-2.01054666,1711.61199
0.00117570741,0.128644026,0.000280119438,0.00749355478,0.000920233238,-3.27872862,1711.81384
0.00117671605,0.000741017226,-1.27702966e-06,1.03033876e-06,-0.000366128977,-0.0353016572,1700.69038
0.00117859523,0.000357650242,-5.73701609e-07,4.35528038e-08,-0.000368454734,-0.0128585655,1700.43333
0.00118034836,0,0,0,-0.000370629384,-0.00098938321,1700.17692
0.00119517703,0.12675078,0.000279825788,0.00838742235,0.000880752635,-3.25161175,1712.09612
0.00121327108,0.0803647536,-8.93625116e-05,0.0161452185,0.000143591922,-1.84241893,1711.46019
0.00121604661,0.124721401,0.00027645967,0.00932308084,0.000839770401,-3.21741688,1712.25381
0.00123841681,0.1225461,0.000269693018,0.0102900947,0.000797411798,-3.17530865,1712.32365
0.00124414705,0.15,0,0,0.00182401538,-3.43278043,1685
0.00124884502,0.14964235,1.34747017e-05,5.64664956e-06,0.00181441574,-3.41674839,1685.70587
0.00125385929,0.075,-0.000124590622,0.0152147812,9.69015078e-05,-1.66457396,1711.2809
0.0012538808,0.149258983,2.75278534e-05,1.90299713e-05,0.00180400787,-3.40416093,1686.46241
0.00125927867,0.14884805,4.21843014e-05,4.18577288e-05,0.0017927079,-3.40794666,1687.27311
0.00126239553,0.120214384,0.000259229289,0.0112749379,0.000753812407,-3.12428253,1712.33927
0.00126506468,0.148407569,5.7507609e-05,7.70480125e-05,0.00178044117,-3.40723557,1688.14149
0.00127126672,0.147935415,7.34179686e-05,0.000126129299,0.001767128,-3.40724713,1689.07104
0.00127791473,0.147429312,8.99155574e-05,0.000191414494,0.00175268367,-3.4062044,1690.06509
0.00128504075,0.146886817,0.000106956283,0.000275201254,0.00173701863,-3.40484594,1691.12661
0.00128809844,0.117715008,0.000244782285,0.0122608973,0.000709108047,-3.06396592,1712.32189
0.00129267918,0.146305314,0.000124497242,0.000380124227,0.00172003885,-3.40280381,1692.2579
0.0012944475,0.0696352464,-0.000155346216,0.0140409461,5.00153789e-05,-1.50109284,1711.08201
0.00130086684,0.145681998,0.000142477546,0.000508979061,0.00170164625,-3.40022668,1693.46027
0.00130964323,0.145013864,0.000160825658,0.000664805209,0.00168173946,-3.39703554,1694.73354
0.00131564951,0.115035914,0.000226135253,0.0132275988,0.000663421243,-2.99333048,1712.28403
0.00131905068,0.144297686,0.000179449752,0.000850824542,0.00166021474,-3.39329728,1696.07544
0.00132913458,0.143530013,0.000198240966,0.00107044014,0.00163696719,-3.38903028,1697.48087
0.001332313,0.0646303672,-0.000179163397,0.0127731958,5.92951587e-06,-1.35592114,1710.8756
0.00133994356,0.14270714,0.000217068322,0.00132718754,0.00161189234,-3.38430346,1698.94109
0.00134518163,0.112164181,0.000203094014,0.0141512985,0.000616844616,-2.91241018,1712.23505
0.00135152975,0.141825099,0.000235778427,0.00162468988,0.00158488798,-3.37917558,1700.44286
0.00136394904,0.140879634,0.000254192497,0.00196658612,0.00155585647,-3.37371042,1701.96762
0.00136763844,0.0599612217,-0.000196609912,0.0114771124,-3.55425337e-05,-1.23469235,1710.66135
0.00137683725,0.109085956,0.000175583925,0.0150042872,0.00056942126,-2.81980988,1712.17772
0.00137726134,0.139866187,0.000272105278,0.0023564446,0.00152470733,-3.36793807,1703.49106
0.00139153086,0.138779867,0.000289283017,0.00279765135,0.00149136029,-3.36183591,1704.98314
0.0014005942,0.0556052884,-0.000208250333,0.0102049924,-7.4489822e-05,-1.13215242,1710.43915
0.00140682642,0.137615437,0.000305462798,0.00329327393,0.00145574858,-3.35528233,1706.40907
0.00141076906,0.105786393,0.000143557465,0.0157558115,0.000521123599,-2.71605773,1712.11244
0.00142322181,0.136367278,0.000320351745,0.00384589831,0.00141782249,-3.348024,1707.7315
0.00143133925,0.0515415566,-0.000214853938,0.00899076525,-0.000110982738,-1.04861822,1710.20894
0.0014407961,0.13502937,0.000333628285,0.00445743455,0.00137755305,-3.33962279,1708.91408
0.00144714072,0.102249575,0.00010718632,0.0163712856,0.000471831846,-2.59929116,1712.03838
0.00145963407,0.133595261,0.00034494265,0.00512889646,0.00133493555,-3.32944836,1709.92612
0.00146002188,0.0477504251,-0.000217087087,0.00785733168,-0.000145097756,-0.979068511,1709.97064
0.00147982657,0.132058033,0.000353920662,0.00586014445,0.00128999279,-3.31664466,1710.74763
0.00148612768,0.0984584434,6.66168303e-05,0.0168148283,0.000421314596,-2.47218526,1711.95409
0.00148678044,0.0442136074,-0.000215689992,0.00681690227,-0.000176926274,-0.922119021,1709.72422
0.00150147102,0.13041027,0.000360165198,0.00664961332,0.00124277747,-3.30021325,1711.37347
0.00151174401,0.040914044,-0.000211294551,0.00587535533,-0.000206575197,-0.8741585,1709.46968
0.0015246718,0.128644026,0.000363265747,0.00749399447,0.00119337356,-3.2789872,1711.81482
0.00152791798,0.0943947116,2.25449801e-05,0.0170589499,0.000369214087,-2.33558922,1711.85762
0.00153503298,0.0378358195,-0.000204526856,0.00503301108,-0.000234163743,-0.833597974,1709.20708
0.00154954083,0.12675078,0.000362798184,0.00838793813,0.00114189583,-3.25186008,1712.09725
0.00155675971,0.0349640862,-0.000195917739,0.00428700362,-0.00025981874,-0.798073551,1708.93655
0.00157271321,0.0900387783,-2.44519586e-05,0.0170507902,0.000315041034,-2.17296454,1711.74649
0.00157619805,0.124721401,0.000358343966,0.00932368242,0.00108848715,-3.21764617,1712.25513
0.00157702897,0.0322849924,-0.000185956321,0.00363195409,-0.000283670029,-0.766326947,1708.65832
0.00159025102,0.15,0,0,0.00233143045,-3.43239845,1685
0.00159593855,0.0297856156,-0.000175052036,0.0030612186,-0.000305846456,-0.7369307,1708.37276
0.00159592757,0.14964235,1.72070956e-05,5.63763714e-06,0.00231868217,-3.41691331,1685.70589
0.00160201229,0.149258983,3.51642646e-05,1.90417238e-05,0.00230487611,-3.4042273,1686.46246
0.00160477206,0.1225461,0.000349482752,0.0102907921,0.00103331291,-3.17551133,1712.32526
0.00160853454,0.14884805,5.38917022e-05,4.18599027e-05,0.00228990519,-3.40767241,1687.27318
0.00161357965,0.0274539002,-0.000163562917,0.00256733826,-0.000326472813,-0.709062996,1708.08031
0.00161552576,0.148407569,7.34428933e-05,7.70426527e-05,0.00227367365,-3.40725193,1688.14158
0.00162072942,0.0853696328,-7.37113634e-05,0.0167493438,0.000258181555,-2.0103603,1711.61747
0.00162301968,0.147935415,9.37433416e-05,0.000126132774,0.00225607954,-3.40719138,1689.07116
0.00163003737,0.0252785992,-0.000151782672,0.00214266363,-0.000345667658,-0.681939396,1707.78159
0.00163105245,0.147429312,0.000114775329,0.000191420188,0.00223701479,-3.40620974,1690.06524
0.00163540067,0.120214384,0.000335833941,0.0112757436,0.000976551797,-3.12445723,1712.34114
0.00163966282,0.146886817,0.000136485544,0.00027521516,0.00221636547,-3.40486885,1691.12679
0.00164539108,0.0232492201,-0.000139956828,0.00177960526,-0.000363541973,-0.655107337,1707.47729
0.00164889231,0.146305314,0.000158819081,0.000380144017,0.00219401223,-3.40286479,1692.25812
0.00165878544,0.145681998,0.000181696103,0.000509008391,0.002169831,-3.40030377,1693.46053
0.00165971484,0.0213559743,-0.000128280967,0.00147091734,-0.000380198478,-0.628195404,1707.16823
0.00166823163,0.117715008,0.000317031448,0.0122618247,0.00091838274,-3.06410565,1712.324
0.00166938994,0.145013864,0.000205022462,0.000664844975,0.00214369391,-3.39714093,1694.73384
0.00167219823,0.0803647536,-0.000123226811,0.0161474082,0.00019791759,-1.84246376,1711.46637
0.00167307774,0.0195897299,-0.000116910804,0.0012098081,-0.000395731466,-0.601011423,1706.85532
0.00168075695,0.144297686,0.000228679594,0.0008508775,0.00211547058,-3.39342488,1696.07579
0.00168554425,0.0179419674,-0.00010596479,0.000990042599,-0.00041022699,-0.573432805,1706.53951
0.00169294131,0.143530013,0.000252526551,0.00107050856,0.00208502969,-3.38918224,1697.48127
0.00169717449,0.0164047389,-9.55309076e-05,0.000805967568,-0.000423763301,-0.545430255,1706.22182
0.00170342328,0.115035914,0.000292798946,0.0132286635,0.000858967306,-2.99343688,1712.28652
0.00170600177,0.14270714,0.000276394748,0.00132727455,0.00205224104,-3.38447716,1698.94154
0.00170802455,0.0149706296,-8.56704442e-05,0.000652523451,-0.000436411423,-0.517019579,1705.90323
0.00171814678,0.0136327222,-7.64228991e-05,0.000525223555,-0.0004482358,-0.488261328,1705.58476
0.00172000135,0.141825099,0.000300087008,0.00162479875,0.002016978,-3.37937065,1700.44337
0.00172736789,0.075,-0.000171735572,0.0152171852,0.000133508201,-1.66466079,1711.2878
0.00172759,0.0123845633,-6.78095555e-05,0.000420124943,-0.000459294953,-0.459239222,1705.26732
0.00173500756,0.140879634,0.000323374298,0.0019667207,0.00197912046,-3.37392498,1701.96819
0.00173639975,0.0112201325,-5.98369961e-05,0.000333787516,-0.000469642128,-0.430054448,1704.9518
0.00174114539,0.112164181,0.000262891295,0.0141525167,0.000798428221,-2.91247662,1712.23796
0.00174461854,0.0101338132,-5.25000325e-05,0.000263230371,-0.000479325892,-0.400815272,1704.63898
0.00175109279,0.139866187,0.000345994257,0.00235660913,0.00193855816,-3.36817101,1703.4917
0.001752286,0.00912036556,-4.5784361e-05,0.000205885782,-0.000488390675,-0.37163218,1704.32957
0.00175943911,0.00817490128,-3.96687299e-05,0.000159554132,-0.000496877257,-0.342613104,1704.02414
0.00176611239,0.00729285993,-3.41267971e-05,0.000122360626,-0.000504823195,-0.313860486,1703.72318
0.00176833462,0.138779867,0.000367648956,0.00279785061,0.00189519463,-3.3620856,1704.98384
0.00177233801,0.00646998704,-2.91287258e-05,9.27149277e-05,-0.000512263189,-0.28546914,1703.42708
0.00177814601,0.0057023135,-2.46424716e-05,6.92740066e-05,-0.000519229396,-0.257524636,1703.13609
0.00178157989,0.109085956,0.000227216551,0.0150056775,0.000736823994,-2.81984348,1712.18111
0.00178253755,0.0696352464,-0.000214046274,0.0140435263,6.88881021e-05,-1.5012331,1711.0896
0.00178356441,0.00498613648,-2.06348139e-05,5.09086186e-05,-0.000525751705,-0.230102852,1702.85039
0.00178681623,0.137615437,0.000388004132,0.00329351331,0.00184895135,-3.35554789,1706.40985
0.00178861933,0.00431800152,-1.70722119e-05,3.66730101e-05,-0.00053185796,-0.203268752,1702.57004
0.00179333516,0.00369468589,-1.39214746e-05,2.57788646e-05,-0.000537574161,-0.177079154,1702.29505
0.00179773464,0.00311318307,-1.11502213e-05,1.75704112e-05,-0.000542924627,-0.151575905,1702.0253
0.00180183901,0.0025706882,-8.7274821e-06,1.15081337e-05,-0.000547932141,-0.126805547,1701.76066
0.00180566804,0.00206458457,-6.62392347e-06,7.1390787e-06,-0.000552618073,-0.102770347,1701.50094
0.00180662674,0.136367278,0.000406688464,0.003846184,0.00179977232,-3.34830442,1707.73236
0.00180924022,0.00159243101,-4.81240844e-06,4.11674168e-06,-0.000557002485,-0.0796310939,1701.24595
0.00181257278,0.00115195011,-3.26759313e-06,2.11642178e-06,-0.000561104225,-0.0572475171,1700.99555
0.00181568178,0.000741017226,-1.96678091e-06,1.03505542e-06,-0.000564941009,-0.0361077998,1700.74974
0.00181858223,0.000357650242,-8.84497547e-07,5.51676954e-08,-0.000568529493,-0.013788437,1700.50873
0.00182128811,0,0,0,-0.000571884466,-0.00205238197,1700.27299
0.00182492182,0.105786393,0.000185723587,0.0157573914,0.00067412163,-2.71603718,1712.11636
0.00182786173,0.13502937,0.000423295192,0.00445777384,0.00174762866,-3.33991803,1708.91502
0.00183400636,0.0646303672,-0.000246776484,0.0127759231,8.17661029e-06,-1.35609707,1710.88377
0.00185062361,0.133595261,0.000437382996,0.00512929785,0.00169252306,-3.32975758,1709.92715
0.00187138024,0.102249575,0.000138632153,0.0163730895,0.000610168912,-2.59925232,1712.04291
0.00187502218,0.132058033,0.0004484809,0.00586061787,0.00163449375,-3.31696655,1710.74879
0.00188202257,0.0599612217,-0.000270724214,0.0114799404,-4.88958176e-05,-1.23488897,1710.67001
0.00190117513,0.13041027,0.000456090603,0.00665016997,0.00157361753,-3.30054169,1711.37476
0.00192117924,0.0984584434,8.6169956e-05,0.0168168501,0.000544669426,-2.47192168,1711.9593
0.0019268178,0.0556052884,-0.000286675427,0.0102078838,-0.000102461913,-1.13236146,1710.44821
0.00192920859,0.128644026,0.000459698429,0.00749464681,0.00151001122,-3.27931503,1711.81629
0.00195925779,0.12675078,0.000458776029,0.00838869918,0.00144383095,-3.252176,1712.09892
0.00196286749,0.15,0,0,0.00287771488,-3.43198813,1685
0.0019686081,0.0515415566,-0.000295695319,0.00899368021,-0.000152626569,-1.04882458,1710.21829
0.0019695619,0.14964235,2.12205793e-05,5.62560193e-06,0.00286152518,-3.41698564,1685.70591
0.00197455903,0.0943947116,2.91430932e-05,0.0170611943,0.000477163814,-2.33555828,1711.8636
0.00197673767,0.149258983,4.33782306e-05,1.90523728e-05,0.0028440058,-3.40425722,1686.46251
0.00198442941,0.14884805,6.64864832e-05,4.18680857e-05,0.00282502524,-3.40742031,1687.27326
0.00199146767,0.124721401,0.000452804267,0.00932456616,0.00137526858,-3.21794568,1712.25707
0.00199267422,0.148407569,9.05850923e-05,7.7043256e-05,0.00280446501,-3.40726263,1688.1417
0.00200151188,0.147935415,0.000115602683,0.000126144267,0.00278219921,-3.40720115,1689.07132
0.00200759506,0.0477504251,-0.000298705992,0.0078602343,-0.000199501383,-0.979271705,1709.98022
0.002010985,0.147429312,0.000141504339,0.000191437016,0.00275809462,-3.40628693,1690.06544
0.00202113929,0.146886817,0.000168230145,0.000275241351,0.00273201112,-3.40494851,1691.12703
0.00202599359,0.1225461,0.000441265655,0.0102918131,0.00130454434,-3.17578513,1712.32763
0.00203177707,0.0900387783,-3.15943899e-05,0.0170533431,0.00040702323,-2.17299832,1711.7533
0.00203202372,0.146305314,0.000195710356,0.000380178109,0.00270380222,-3.40298464,1692.25841
0.00204369079,0.145681998,0.000223844734,0.000509054459,0.00267331599,-3.40044936,1693.46087
0.00204396673,0.0442136074,-0.000296728382,0.00681976024,-0.00024321717,-0.922308659,1709.73395
0.00205619678,0.145013864,0.00025251392,0.000664904584,0.00264039623,-3.39731811,1694.73425
0.0020630021,0.120214384,0.00042369368,0.0112769193,0.00123189508,-3.12470374,1712.34387
0.00206960201,0.144297686,0.000281570709,0.000850953902,0.00260488409,-3.39362875,1696.07625
0.00207789853,0.040914044,-0.000290633948,0.00587814026,-0.000283925026,-0.874337081,1709.47951
0.00208397113,0.143530013,0.000310839337,0.00107060491,0.00256662011,-3.38941355,1697.4818
0.00209310937,0.0853696328,-9.51431885e-05,0.0167521656,0.000333458602,-2.00997684,1711.62519
0.00209937347,0.14270714,0.000340110667,0.00132739491,0.00252544679,-3.38473354,1698.94215
0.00210267168,0.117715008,0.00039964366,0.0122631732,0.00115755757,-3.06431431,1712.32707
0.00210955415,0.0378358195,-0.000281284416,0.00503569948,-0.000321792127,-0.833760143,1709.21695
0.00211588331,0.141825099,0.000369140266,0.00162494758,0.00248121162,-3.37965108,1700.44405
0.00213358028,0.140879634,0.000397644984,0.0019669032,0.0024337708,-3.37422725,1701.96896
0.00213908627,0.0349640862,-0.000269410345,0.00428957598,-0.000356995427,-0.798222845,1708.94644
0.0021451937,0.115035914,0.000368784908,0.0132302059,0.00108174623,-2.9936081,1712.29013
0.00215254974,0.139866187,0.000425300985,0.00235683111,0.00238299339,-3.36849313,1703.49255
0.00215885174,0.0803647536,-0.000159064377,0.0161504865,0.000255547363,-1.84222798,1711.47506
0.00216663734,0.0322849924,-0.000255683942,0.0036343957,-0.000389715464,-0.766461834,1708.66822
0.00217288321,0.138779867,0.000451741372,0.00279811861,0.00232876612,-3.36242469,1704.98479
0.00219077325,0.112164181,0.00033083032,0.0141542752,0.00100462605,-2.91259995,1712.24216
0.00219234024,0.0297856156,-0.000240667988,0.0030635183,-0.000420130967,-0.737055107,1708.38265
0.00219467874,0.137615437,0.000476555263,0.00329383472,0.0022709986,-3.35590092,1706.41089
0.00221631897,0.0274539002,-0.000224853939,0.00256948898,-0.000448414726,-0.709177768,1708.09021
0.00221804147,0.136367278,0.000499287234,0.00384656719,0.00220962886,-3.34866736,1707.7335
0.0022293213,0.075,-0.000221613575,0.0152205597,0.000172337297,-1.66435822,1711.2975
0.00223868917,0.0252785992,-0.000208645095,0.0021446612,-0.000474730676,-0.682048521,1707.7915
0.00223963019,0.109085956,0.000285684266,0.0150076762,0.000926280831,-2.81992735,1712.18598
0.0022430841,0.13502937,0.000519439246,0.00445822845,0.00214462899,-3.34028688,1708.91628
0.00225955875,0.0232492201,-0.000192378118,0.00178144861,-0.000499232111,-0.655213066,1707.48723
0.00226992741,0.133595261,0.000536472106,0.00512983489,0.00207601059,-3.33012715,1709.92854
0.00227902837,0.0213559743,-0.000176321272,0.00147260761,-0.000522060784,-0.628301709,1707.17825
0.00229200017,0.105786393,0.000233310663,0.0157596542,0.000846679076,-2.71605626,1712.12199
0.00229719194,0.0195897299,-0.000160687833,0.00121134858,-0.000543346724,-0.601121375,1706.86545
0.00229870088,0.132058033,0.000549811496,0.00586124997,0.00200382955,-3.31733253,1710.75032
0.00229979086,0.0696352464,-0.000276136572,0.0140471477,8.89116017e-05,-1.50090284,1711.10025
0.00231413708,0.0179419674,-0.000145640041,0.000991438075,-0.00056320852,-0.573550319,1706.54981
0.0023295433,0.13041027,0.000558851459,0.00665091123,0.00192818958,-3.30089768,1711.37648
0.00232994552,0.0164047389,-0.000131298223,0.000807224182,-0.000581753948,-0.545558836,1706.23234
0.0023446935,0.0149706296,-0.000117746135,0.000653648241,-0.00059908078,-0.517163117,1705.91406
0.0023481358,0.102249575,0.000173997051,0.016375657,0.000765639741,-2.59922801,1712.04938
0.00235845218,0.0136327222,-0.000105037603,0.000526224264,-0.000615277686,-0.488423532,1705.59597
0.00236260343,0.128644026,0.0005629686,0.00749551305,0.00184924391,-3.27965744,1711.81824
0.00236553324,0.0646303672,-0.000318283202,0.0127797496,1.05796652e-05,-1.3557785,1710.89524
0.0023712879,0.0123845633,-9.32015011e-05,0.000421009753,-0.000630425161,-0.459423884,1705.27902
0.00238326259,0.0112201325,-8.22465792e-05,0.000334564869,-0.000644596407,-0.430265289,1704.9641
0.002394434,0.0101338132,-7.21654584e-05,0.00026390875,-0.000657858171,-0.401056058,1704.65201
0.00239804075,0.12675078,0.000561524124,0.00838970718,0.00176719427,-3.25249756,1712.10115
0.00240485602,0.00912036556,-6.29382565e-05,0.000206473573,-0.000670271495,-0.371906651,1704.34348
0.00240830785,0.0984584434,0.000108097939,0.0168197233,0.000682801462,-2.4716768,1711.96671
0.00241239922,0.15,0,0,0.00353676301,-3.43126205,1685
0.00241457892,0.00817490128,-5.45356124e-05,0.000160059513,-0.000681892389,-0.342925046,1704.03913
0.00242003642,0.14964235,2.60703992e-05,5.63843819e-06,0.00351600741,-3.41682616,1685.70595
0.00242364959,0.00729285993,-4.69212222e-05,0.000122791473,-0.000692772419,-0.314213798,1703.73946
0.00242686553,0.0599612217,-0.000349092086,0.0114839068,-6.3018191e-05,-1.23455475,1710.68215
0.00242822277,0.149258983,5.32899343e-05,1.90947339e-05,0.00349357205,-3.40416496,1686.46259
0.00243211179,0.00646998704,-4.00539922e-05,9.30787423e-05,-0.000702959212,-0.2858678,1703.44491
0.00243602617,0.124721401,0.000553892078,0.00932573455,0.00168228622,-3.21824465,1712.25965
0.00243699776,0.14884805,8.16688684e-05,4.19157733e-05,0.00346929631,-3.40702739,1687.27339
0.00244000633,0.0057023135,-3.38898274e-05,6.95778671e-05,-0.0007124969,-0.257972786,1703.1558
0.00244640371,0.148407569,0.000111229204,7.70853424e-05,0.00344303413,-3.40710648,1688.14188
0.0024473713,0.00498613648,-2.83830496e-05,5.11591424e-05,-0.000721426483,-0.230604907,1702.87236
0.00245424222,0.00431800152,-2.34875415e-05,3.68763689e-05,-0.000729786156,-0.203829339,1702.59478
0.00245648599,0.147935415,0.000141902209,0.00012619735,0.00341463072,-3.40702507,1689.07155
0.00246065222,0.00369468589,-1.91576055e-05,2.59407417e-05,-0.000737611569,-0.177702785,1702.32314
0.00246663224,0.00311318307,-1.53488178e-05,1.76960795e-05,-0.000744936063,-0.152269322,1702.05752
0.00246729324,0.147429312,0.000173638664,0.000191496263,0.00338392281,-3.40613054,1690.06574
0.00247221111,0.0025706882,-1.20186973e-05,1.1602208e-05,-0.000751790864,-0.127576123,1701.79796
0.00247280655,0.0943947116,3.65151425e-05,0.017064378,0.000597600011,-2.3354802,1711.87205
0.00247674293,0.1225461,0.000539452542,0.0102931615,0.00159480003,-3.17605196,1712.33077
0.00247741574,0.00206458457,-9.12697465e-06,7.20654074e-06,-0.00075820525,-0.103629461,1701.54451
0.00247887757,0.146886817,0.000206363621,0.000275310844,0.00335073911,-3.40477158,1691.1274
0.00248227124,0.00159243101,-6.63608876e-06,4.16063752e-06,-0.000764206703,-0.0805787138,1701.29725
0.00248408358,0.0556052884,-0.000369587693,0.0102119374,-0.000132063214,-1.13202244,1710.46089
0.00248680102,0.00115195011,-4.51069804e-06,2.14237643e-06,-0.000769821028,-0.0583093225,1701.05634
0.00249102694,0.000741017226,-2.71828412e-06,1.0419494e-06,-0.000775072469,-0.0372513982,1700.82201
0.00249129488,0.146305314,0.000239983081,0.000380258927,0.00331490119,-3.4028296,1692.25884
0.00249496939,0.000357650242,-1.22470856e-06,6.97141787e-08,-0.000779983809,-0.015116447,1700.5946
0.00249864736,0,0,0,-0.000784575272,-0.00354237985,1700.37452
0.00250460505,0.145681998,0.000274372955,0.000509150463,0.00327622458,-3.40030678,1693.46138
0.00251887229,0.145013864,0.000309383023,0.000665018514,0.0032345204,-3.39719021,1694.73484
0.00252038741,0.120214384,0.000517648341,0.0112784704,0.0015050361,-3.12493832,1712.34747
0.0025341654,0.144297686,0.00034482999,0.000851089986,0.00318959738,-3.39351385,1696.07694
0.00253746336,0.0515415566,-0.000381149425,0.00899776551,-0.000196698598,-1.04847739,1710.23139
0.00254194301,0.0900387783,-3.95305224e-05,0.0170569308,0.000509260873,-2.17294647,1711.76289
0.00255055817,0.143530013,0.000380494717,0.00107076782,0.00314126452,-3.38931332,1697.48258
0.00256717014,0.117715008,0.000487953087,0.0122649507,0.00141329435,-3.06450508,1712.33111
0.00256812965,0.14270714,0.000416117903,0.00132759034,0.00308933425,-3.38464753,1698.94304
0.0025869646,0.141825099,0.000451397181,0.00162518197,0.00303362638,-3.37957981,1700.44505
0.00258726236,0.0477504251,-0.00038497126,0.00786430089,-0.000257074502,-0.978929858,1709.99362
0.00260715387,0.140879634,0.00048598355,0.00196718395,0.00297397255,-3.37417037,1701.97007
0.00261605072,0.0853696328,-0.000118847323,0.0167561163,0.000416811961,-2.00953007,1711.636
0.00261731677,0.115035914,0.000449979532,0.0132322371,0.00131984698,-2.99375696,1712.29491
0.00262879485,0.139866187,0.000519478964,0.00235716653,0.00291022157,-3.36845049,1703.49379
0.00263372079,0.0442136074,-0.000382370629,0.00682376306,-0.000313364573,-0.921969281,1709.74756
0.00265199192,0.138779867,0.000551433929,0.00279851804,0.00284224524,-3.36239546,1704.98616
0.00267106918,0.112164181,0.000403398479,0.014156589,0.00122490542,-2.91269505,1712.24771
0.00267685697,0.137615437,0.000581346562,0.00329430865,0.00276994475,-3.35588422,1706.41239
0.00267706272,0.040914044,-0.00037447332,0.00588203962,-0.000365767554,-0.874011836,1709.49325
0.00269548711,0.0803647536,-0.000198581494,0.0161547853,0.000319118049,-1.8418722,1711.48716
0.00270350993,0.136367278,0.000608662395,0.00384712742,0.00269325749,-3.34866135,1707.73515
0.00271749722,0.0378358195,-0.000362389448,0.0050394627,-0.000414502062,-0.833448363,1709.23077
0.00272868664,0.109085956,0.000348109296,0.0150103027,0.00112858167,-2.81999099,1712.19239
0.00273207936,0.13502937,0.000632776826,0.00445888836,0.00261216384,-3.34028992,1708.91809
0.00275521932,0.0349640862,-0.000347061235,0.00429317583,-0.000459798646,-0.797933484,1708.96029
0.00276270308,0.133595261,0.00065303754,0.00513060945,0.00252669369,-3.33013633,1709.93053
0.00278063536,0.075,-0.00027639275,0.0152252464,0.000215009427,-1.66389537,1711.31094
0.00279041098,0.0322849924,-0.000329353749,0.00363781174,-0.000501891927,-0.766195867,1708.68207
0.00279044706,0.105786393,0.000284101966,0.0157626252,0.00103084707,-2.71605338,1712.12937
0.00279552878,0.132058033,0.00066875193,0.00586215621,0.00243693213,-3.31734628,1710.75253
0.00282324193,0.0297856156,-0.000309991983,0.00306673507,-0.000541013752,-0.736819217,1708.39649
0.00283071481,0.13041027,0.000679192355,0.00665196789,0.00234302354,-3.30091209,1711.37894
0.00285387055,0.0274539002,-0.000289607899,0.00257249665,-0.000577387971,-0.708973782,1708.10404
0.00285664836,0.102249575,0.00021173597,0.0163790178,0.000931491033,-2.59916368,1712.05786
0.00286578361,0.0696352464,-0.000344082877,0.0140521555,0.000110848109,-1.50038233,1711.11494
0.00286843087,0.128644026,0.00068361286,0.00749674118,0.00224517335,-3.27967219,1711.82102
0.00288244455,0.0252785992,-0.000268720539,0.00214745407,-0.000611226738,-0.681881402,1707.80534
0.0029088589,0.12675078,0.000681253605,0.00839112919,0.00214364647,-3.25250754,1712.10432
0.00290910178,0.0232492201,-0.00024776252,0.00178402529,-0.000642728278,-0.655085001,1707.50113
0.00292536756,0.15,0,0,0.0042888141,-3.43107294,1685
0.00292760984,0.0984584434,0.000131505791,0.0168234891,0.000830084213,-2.47147335,1711.97641
0.00293397081,0.0213559743,-0.000227078777,0.00147496977,-0.000672075771,-0.628216469,1707.19224
0.00293391077,0.14964235,3.16001606e-05,5.61446329e-06,0.00426260166,-3.4168022,1685.70601
0.00294306828,0.149258983,6.45870965e-05,1.91001368e-05,0.00423429666,-3.40394239,1686.46271
0.00294522001,0.0646303672,-0.000396293639,0.0127850197,1.32274546e-05,-1.35524153,1710.911
0.0029521939,0.124721401,0.000671373571,0.00932737554,0.0020387613,-3.21825137,1712.26332
0.00295288425,0.14884805,9.89661827e-05,4.19189485e-05,0.00420370561,-3.40658451,1687.27357
0.00295717159,0.0195897299,-0.000206943172,0.00121350088,-0.000699437149,-0.601081256,1706.87959
0.00296340604,0.148407569,0.000134738666,7.7083221e-05,0.00417065093,-3.40682472,1688.14213
0.00297468439,0.147935415,0.000171839211,0.000126209489,0.00413494492,-3.40674398,1689.07188
0.00297881603,0.0179419674,-0.000187564093,0.000993387295,-0.0007249655,-0.573558315,1706.56418
0.00298677372,0.147429312,0.000210200909,0.000191518847,0.00409639011,-3.4059032,1690.06615
0.00299864489,0.1225461,0.000653245734,0.0102950477,0.00193087824,-3.17604713,1712.33518
0.00299900854,0.0164047389,-0.00016909589,0.000808978954,-0.000748799891,-0.545617237,1706.24703
0.00299973232,0.146886817,0.000249727131,0.000275350207,0.00405477998,-3.4045781,1691.12789
0.00300367378,0.0943947116,4.43976117e-05,0.017068556,0.00072595198,-2.3353149,1711.88309
0.0030136227,0.146305314,0.000290298996,0.000380317732,0.00400990007,-3.40266937,1692.25944
0.0030178465,0.0149706296,-0.000151645975,0.000655218451,-0.000771066438,-0.517274468,1705.92916
0.00301932771,0.0599612217,-0.000434343207,0.0114893499,-7.83474948e-05,-1.23397939,1710.69878
0.00302851187,0.145681998,0.000331765955,0.000509232175,0.00396152947,-3.40016483,1693.46208
0.00303542079,0.0136327222,-0.00013528322,0.000527620775,-0.000791879473,-0.488590069,1705.6116
0.00304447165,0.145013864,0.000373941125,0.000665127705,0.00390944288,-3.39706388,1694.73565
0.00304843592,0.120214384,0.000626220903,0.0112806319,0.00182038166,-3.12492542,1712.35249
0.00305181618,0.0123845633,-0.000120044452,0.000422244016,-0.000811342752,-0.459647857,1705.29531
0.003061579,0.144297686,0.000416598323,0.000851232335,0.0038534132,-3.39340204,1696.07787
0.00306711175,0.0112201325,-0.000105940658,0.000335648688,-0.00082955061,-0.430548812,1704.98121
0.00307991646,0.143530013,0.000459468195,0.00107094993,0.00379321481,-3.38921632,1697.48365
0.00308138126,0.0101338132,-9.29621309e-05,0.000264853999,-0.000846589034,-0.401401264,1704.67012
0.00308520709,0.0900387783,-4.79525841e-05,0.0170616116,0.000618166168,-2.17276431,1711.77539
0.00308846418,0.0556052884,-0.000459552532,0.0102174825,-0.00016413986,-1.13142842,1710.47821
0.00309469356,0.00912036556,-8.10830815e-05,0.000207291987,-0.000862536643,-0.372315702,1704.36279
0.00309957246,0.14270714,0.000502233482,0.00132782,0.00372862763,-3.38456468,1698.94425
0.00310180717,0.117715008,0.000589694491,0.0122674185,0.0017076547,-3.06447194,1712.33676
0.00310711286,0.00817490128,-7.02655625e-05,0.000160762519,-0.000877465559,-0.343400177,1704.05987
0.00311869905,0.00729285993,-6.04627471e-05,0.000123390076,-0.000891442161,-0.314757448,1703.76193
0.00312064183,0.141825099,0.000544525255,0.00162546805,0.00365944188,-3.37951103,1700.44641
0.00312950802,0.00646998704,-5.16216658e-05,9.35834198e-05,-0.000904527753,-0.286482652,1703.46943
0.00313959192,0.0057023135,-4.36855123e-05,6.99985303e-05,-0.000916779118,-0.258661784,1703.18277
0.00314322618,0.140879634,0.000585919118,0.00196753652,0.00358546368,-3.37411503,1701.9716
0.00314899938,0.00498613648,-3.65953466e-05,5.1505044e-05,-0.000928249008,-0.231371157,1702.90225
0.00315296288,0.0515415566,-0.000473661415,0.00900333816,-0.000244357428,-1.04786479,1710.24923
0.00315777577,0.00431800152,-3.02916884e-05,3.71561521e-05,-0.000938986551,-0.204676499,1702.62814
0.00315901606,0.115035914,0.000543230932,0.0132350462,0.00159304614,-2.99370836,1712.30154
0.00316596343,0.00369468589,-2.47158431e-05,2.61623494e-05,-0.000949037595,-0.178636892,1702.36064
0.00316743445,0.139866187,0.000625932413,0.0023575969,0.00350652149,-3.36840807,1703.49548
0.00317260302,0.0853696328,-0.000144028531,0.0167612672,0.000505561594,-2.00908847,1711.65008
0.00317360185,0.00311318307,-1.98107584e-05,1.7867036e-05,-0.000958445012,-0.153297685,1702.09993
0.00318072788,0.0025706882,-1.55216197e-05,1.17292663e-05,-0.000967248943,-0.128704068,1701.84621
0.00318737588,0.00206458457,-1.17961408e-05,7.29664047e-06,-0.000975487024,-0.10486685,1701.59963
0.00319338341,0.138779867,0.000664021863,0.00279903885,0.00342247324,-3.36236486,1704.98802
0.00319357793,0.00159243101,-8.5853138e-06,4.21893644e-06,-0.000983194567,-0.0819258017,1701.3604
0.00319936393,0.00115195011,-5.84312377e-06,2.1761371e-06,-0.000990404731,-0.0597904039,1701.12874
0.00320476181,0.000741017226,-3.52649576e-06,1.0518881e-06,-0.00099714866,-0.0388413819,1700.90492
0.00320979758,0.000357650242,-1.59206251e-06,8.69068887e-08,-0.00100345562,-0.0169101591,1700.6892
0.00321313493,0.0477504251,-0.000478171923,0.0078698338,-0.000319210517,-0.978319984,1710.01183
0.00321449555,0,0,0,-0.0010093516,-0.00550011596,1700.48182
0.00322033854,0.112164181,0.000486473775,0.0141597766,0.00147683049,-2.91261199,1712.25537
0.00322119823,0.137615437,0.0006995827,0.00329493402,0.00333321408,-3.35586428,1706.41444
0.00325101306,0.136367278,0.000731948992,0.00384787305,0.00323868456,-3.34865005,1707.7374
0.00326628313,0.0803647536,-0.000240573379,0.0161603921,0.000386778808,-1.8414647,1711.50291
0.00326927056,0.0442136074,-0.000474729792,0.00682919673,-0.000388933797,-0.921361974,1709.76602
0.00328297172,0.13502937,0.000760396756,0.00445977186,0.00313887873,-3.34028546,1708.92055
0.00328607039,0.109085956,0.000419331969,0.0150139065,0.00135916157,-2.81988068,1712.20121
0.00331722836,0.133595261,0.000784147663,0.00513165035,0.00303385189,-3.33013563,1709.93323
0.00332164054,0.040914044,-0.000464741147,0.0058873218,-0.000453789234,-0.873424698,1709.51185
0.00335394821,0.132058033,0.000802378027,0.00586337642,0.00292372716,-3.31734763,1710.75552
0.00335652868,0.105786393,0.000341851477,0.0157666851,0.0012400234,-2.71591494,1712.13949
0.00336669929,0.075,-0.00033458727,0.0152313478,0.000260417663,-1.66344578,1711.3284
0.00337049747,0.0378358195,-0.000449585748,0.00504455085,-0.000514060351,-0.832883015,1709.24943
0.0033933084,0.13041027,0.000814226376,0.0066533914,0.0028087002,-3.30091129,1711.38228
0.00341607702,0.0349640862,-0.000430434994,0.00429803474,-0.000570042951,-0.797402971,1708.97895
0.00343205325,0.102249575,0.000254497641,0.0163835829,0.00111918148,-2.59900817,1712.06942
0.00343549876,0.128644026,0.000818812803,0.0074983948,0.00268904097,-3.27966889,1711.82477
0.00345859904,0.0322849924,-0.000408360495,0.00364241532,-0.00062203584,-0.765702923,1708.70071
0.00346711545,0.0696352464,-0.000416241037,0.0140586669,0.000134200956,-1.49986665,1711.13401
0.00348072282,0.12675078,0.00081524675,0.00839304153,0.00256509138,-3.25249599,1712.10859
0.00349804094,0.15,0,0,0.00512839737,-3.42984994,1685
0.00349826863,0.0297856156,-0.000384260576,0.00307106385,-0.000670332723,-0.736373173,1708.41509
0.00350746878,0.14964235,3.77820994e-05,5.63286871e-06,0.00509590868,-3.41621792,1685.70608
0.00351300839,0.0984584434,0.000157941258,0.0168285915,0.000996139609,-2.47126155,1711.98956
0.00351757453,0.149258983,7.72100376e-05,1.91212603e-05,0.00506085646,-3.40369985,1686.46286
0.00352840693,0.14884805,0.000118282042,4.19609139e-05,0.00502301097,-3.40610445,1687.27381
0.0035291987,0.124721401,0.000802663941,0.00932957869,0.0024372577,-3.21823337,1712.26825
0.00353527713,0.0274539002,-0.000358916056,0.00257653869,-0.000715216045,-0.708577758,1708.12261
0.00354001823,0.148407569,0.00016098551,7.71295809e-05,0.00498215942,-3.40647142,1688.14246
0.00355246443,0.147935415,0.000205249084,0.000126271703,0.00493807735,-3.40640242,1689.07231
0.00356079556,0.0646303672,-0.000479107511,0.0127918606,1.6084851e-05,-1.35463466,1710.93141
0.00356580558,0.147429312,0.000250986751,0.000191595284,0.00489052925,-3.4055913,1690.06669
0.00356980305,0.0252785992,-0.000332968301,0.00215120286,-0.000756952677,-0.681541995,1707.82392
0.00358010602,0.146886817,0.000298082399,0.000275446096,0.00483926948,-3.40425441,1691.12856
0.00358116022,0.1225461,0.000780225008,0.0102975752,0.0023059964,-3.17601362,1712.34104
0.00359543473,0.146305314,0.000346389123,0.000380435115,0.00478404371,-3.40233612,1692.26023
0.00359978459,0.0943947116,5.32948144e-05,0.0170742042,0.000870109777,-2.33502675,1711.89798
0.00360201293,0.0232492201,-0.000306950582,0.00178747993,-0.000795791351,-0.654805286,1707.51975
0.00361186565,0.145681998,0.000395722462,0.000509376358,0.00472459082,-3.39984079,1693.46302
0.00362947802,0.145013864,0.000445854207,0.000665305432,0.00466064552,-3.39675292,1694.73674
0.00363206214,0.0213559743,-0.000281287984,0.00147813342,-0.000831961462,-0.62800116,1707.21096
0.00363685802,0.120214384,0.000747185724,0.0112835218,0.00217179206,-3.12488122,1712.35918
0.00364819149,0.0599612217,-0.000524814216,0.0114964084,-9.45740486e-05,-1.23332286,1710.7203
0.00364835681,0.144297686,0.000496509787,0.000851451286,0.00459194155,-3.39310329,1696.07912
0.0036600956,0.0195897299,-0.000256317222,0.00121638056,-0.000865672945,-0.600933222,1706.89851
0.00366859307,0.143530013,0.000547363317,0.00107121884,0.00451821576,-3.38893086,1697.48508
0.00368624854,0.0179419674,-0.00023229428,0.000995992754,-0.0008971169,-0.57348107,1706.58338
0.00369028442,0.14270714,0.000598032172,0.00132814913,0.00443921304,-3.38429315,1698.94586
0.00369280041,0.0900387783,-5.73351866e-05,0.0170678831,0.000740003904,-2.17243221,1711.79217
0.00369656075,0.117715008,0.000702864626,0.0122707092,0.00203512698,-3.06440259,1712.3443
0.00371064711,0.0164047389,-0.000209408239,0.000811322309,-0.000926466698,-0.545613419,1706.26662
0.00371353547,0.141825099,0.000648072652,0.00162586905,0.00435469213,-3.37925432,1700.44822
0.0037297248,0.0556052884,-0.000554999368,0.0102246654,-0.000198130535,-1.13075034,1710.50059
0.00373340899,0.0149706296,-0.000187790355,0.00065731342,-0.000953879379,-0.517346906,1705.94929
0.00373845839,0.140879634,0.000696975874,0.00196802259,0.00426443247,-3.37387346,1701.97362
0.00375464398,0.0136327222,-0.000167524298,0.000529482284,-0.000979497162,-0.488741214,1705.63241
0.0037605564,0.115035914,0.000646782189,0.0132387817,0.00189644146,-2.99362145,1712.31033
0.00376517338,0.139866187,0.000744164661,0.00235818281,0.0041682419,-3.36818185,1703.49772
0.0037744545,0.0123845633,-0.000148654286,0.000423887692,-0.00100344898,-0.459880173,1705.31696
0.00379250451,0.0853696328,-0.000172051381,0.0167681387,0.000604455504,-2.00863022,1711.66887
0.0037929361,0.0112201325,-0.000131192739,0.000337090542,-0.00102585195,-0.430864624,1705.00391
0.00379380931,0.138779867,0.000788991255,0.00279974108,0.00406596526,-3.36215368,1704.9905
0.00380578874,0.0515415566,-0.000571786674,0.00901054995,-0.000294864675,-1.04716325,1710.27227
0.00381017793,0.0101338132,-0.000115126683,0.000266110085,-0.00104681273,-0.401802924,1704.69408
0.0038245043,0.137615437,0.000830736629,0.00329577092,0.00395749361,-3.35566762,1706.41716
0.00382626316,0.00912036556,-0.000100423383,0.000208378133,-0.00106642879,-0.37280569,1704.38828
0.00382915363,0.112164181,0.000578566727,0.0141640014,0.00175608619,-2.91249264,1712.26549
0.00384126937,0.00817490128,-8.70352059e-05,0.000161694093,-0.00108478943,-0.343981144,1704.08718
0.00385526895,0.00729285993,-7.49036977e-05,0.000124181868,-0.00110197681,-0.315432343,1703.79139
0.0038574064,0.136367278,0.000868611449,0.00384886497,0.00384277393,-3.34846662,1707.74037
0.00386832942,0.00646998704,-6.39627794e-05,9.42494689e-05,-0.00111806676,-0.287254628,1703.50143
0.00387675022,0.0477504251,-0.000577007535,0.00787698789,-0.000385053566,-0.977620862,1710.03533
0.00388051377,0.0057023135,-5.4141687e-05,7.05521522e-05,-0.00113312947,-0.25953379,1703.21776
0.00389188078,0.00498613648,-4.5367393e-05,5.19585972e-05,-0.00114723011,-0.232348124,1702.94074
0.00389267431,0.13502937,0.000901759999,0.00446094144,0.00372181872,-3.3401141,1708.9238
0.0038993778,0.0803647536,-0.000287134511,0.0161678455,0.000461872678,-1.84097904,1711.52379
0.00390248528,0.00431800152,-3.756623e-05,3.75212248e-05,-0.00116042933,-0.205765766,1702.6707
0.00390268333,0.109085956,0.000498151659,0.0150186689,0.00161426741,-2.81971435,1712.21283
0.00391237842,0.00369468589,-3.06654409e-05,2.64498039e-05,-0.00117278372,-0.179844374,1702.40794
0.00392160791,0.00311318307,-2.45940005e-05,1.80870945e-05,-0.00118434617,-0.15462901,1702.15271
0.00393021827,0.0025706882,-1.92834708e-05,1.18913422e-05,-0.00119516617,-0.130164899,1701.90524
0.00393047816,0.133595261,0.000929265453,0.00513302257,0.00359471499,-3.32997387,1709.9368
0.00393825104,0.00206458457,-1.46687899e-05,7.41009155e-06,-0.0012052901,-0.106468614,1701.66576
0.00394295152,0.0442136074,-0.000572656044,0.006836217,-0.00046899891,-0.920664482,1709.78982
0.00394574497,0.00159243101,-1.06887431e-05,4.29152782e-06,-0.00121476149,-0.0836720395,1701.4345
0.00395273619,0.00115195011,-7.28569827e-06,2.21749246e-06,-0.00122362116,-0.0617013603,1701.21164
0.00395925843,0.000741017226,-4.40507746e-06,1.06501623e-06,-0.00123190748,-0.0408924819,1700.99738
0.00396534315,0.000357650242,-1.99328715e-06,1.05791083e-07,-0.00123965648,-0.0191865053,1700.79188
0.0039710197,0,0,0,-0.00124690019,-0.0079438568,1700.59523
0.00397100028,0.132058033,0.000950160594,0.00586497913,0.00346163191,-3.31719428,1710.75945
0.00398150017,0.105786393,0.000405647101,0.0157720331,0.00147098911,-2.71569507,1712.15276
0.00400471194,0.040914044,-0.000560437041,0.00589414143,-0.00054703158,-0.872750119,1709.53582
0.00401393579,0.075,-0.000398870381,0.015239414,0.000310618933,-1.66290465,1711.35142
0.00401443613,0.13041027,0.000963438218,0.00665525497,0.00332282606,-3.30076254,1711.38666
0.00406099523,0.128644026,0.000968073197,0.00750055307,0.00317864308,-3.27952479,1711.8297
0.0040623294,0.0378358195,-0.000542015564,0.00505111567,-0.000619505394,-0.832233235,1709.27347
0.0040659843,0.102249575,0.000301649477,0.0163895667,0.00132599654,-2.59876716,1712.08453
0.00411090215,0.12675078,0.000963034568,0.00839553067,0.00302951458,-3.25235072,1712.11419
0.00411608181,0.0349640862,-0.000518806467,0.0043043,-0.000686786474,-0.796793809,1709.00299
0.00412849378,0.0696352464,-0.000495633172,0.0140672334,0.000159941593,-1.49923908,1711.15901
0.00415654325,0.0984584434,0.000187042902,0.0168352629,0.00117872625,-2.47099955,1712.00669
0.0041643976,0.124721401,0.000947326375,0.00933243919,0.00287594854,-3.21808932,1712.2747
0.00416622844,0.0322849924,-0.000492099526,0.00364834799,-0.000749242574,-0.765137929,1708.7247
0.00417380227,0.15,0,0,0.00611911552,-3.42928846,1685
0.00418399681,0.14964235,4.50785042e-05,5.62882008e-06,0.0060788179,-3.41583957,1685.70618
0.00419492437,0.149258983,9.20950025e-05,1.91204765e-05,0.00603537957,-3.4032642,1686.46307
0.00420663768,0.14884805,0.000141047297,4.19529302e-05,0.00598852828,-3.40545445,1687.27415
0.00421301117,0.0297856156,-0.000462976747,0.00307663945,-0.000807233675,-0.735863762,1708.43903
0.00421919324,0.148407569,0.00019190413,7.71233534e-05,0.00593800953,-3.4058741,1688.14293
0.00422173964,0.1225461,0.000919991315,0.0103008493,0.0027185121,-3.17586129,1712.34861
0.00423265159,0.147935415,0.000244584936,0.000126278865,0.00588355556,-3.40580706,1689.07292
0.00423536707,0.0646303672,-0.000569884505,0.0128008152,1.92728101e-05,-1.35391589,1710.95807
0.00424707767,0.147429312,0.000298982906,0.000191621872,0.00582488619,-3.40501502,1690.06745
0.00425361381,0.0943947116,6.3115921e-05,0.0170815698,0.00102827255,-2.33463463,1711.9173
0.00425665565,0.0274539002,-0.000432376016,0.00258174234,-0.000861104884,-0.708128124,1708.14651
0.00426254105,0.146886817,0.000354953996,0.000275499516,0.0057617101,-3.40369969,1691.12948
0.00427911632,0.146305314,0.00041231602,0.000380521855,0.00569372664,-3.40180925,1692.26134
0.00428320484,0.120214384,0.000880186371,0.0112872569,0.00255780506,-3.12472671,1712.36783
0.00429688342,0.145681998,0.000470842373,0.000509505224,0.00562062838,-3.39933465,1693.46432
0.00429737241,0.0252785992,-0.000401068058,0.00215602666,-0.000911181491,-0.68116035,1707.8478
0.00431592807,0.145013864,0.000530256217,0.000665484969,0.00554210427,-3.39626415,1694.73825
0.00433507117,0.0599612217,-0.000623670579,0.0115056129,-0.000112240761,-1.23254432,1710.74829
0.00433535783,0.0232492201,-0.000369692248,0.00179192313,-0.000957766083,-0.654495862,1707.54368
0.00433634212,0.144297686,0.00059022477,0.000851692224,0.00545784369,-3.39263074,1696.08086
0.00434908968,0.117715008,0.000827153951,0.0122749537,0.00239442358,-3.06422875,1712.35411
0.0043576642,0.0900387783,-6.75342037e-05,0.0170760133,0.000873380077,-2.17199398,1711.81384
0.00435822404,0.143530013,0.000650354104,0.00107153345,0.00536754154,-3.3884763,1697.48705
0.00437079515,0.0213559743,-0.000338758272,0.00148220048,-0.00100113728,-0.627770003,1707.23503
0.00438167936,0.14270714,0.000710183286,0.00132855165,0.0052709042,-3.38385748,1698.94809
0.00440385528,0.0195897299,-0.000308669028,0.0012200808,-0.00104154973,-0.600784352,1706.9228
0.00440682124,0.141825099,0.000769179533,0.00162637548,0.00516765668,-3.37883843,1700.45073
0.00441971194,0.115035914,0.000760373012,0.01324359,0.00222891321,-2.99343896,1712.32167
0.00442808699,0.0556052884,-0.000658997823,0.010233997,-0.000235091715,-1.12994117,1710.5296
0.00443377094,0.140879634,0.000826733802,0.0019686509,0.00505755088,-3.37347775,1701.97641
0.0044346977,0.0179419674,-0.000279730641,0.000999339005,-0.00107923495,-0.573419157,1706.60802
0.00446265844,0.139866187,0.00088215744,0.00235895297,0.00494037489,-3.36780644,1703.50082
0.00446347117,0.0164047389,-0.000252168703,0.000814330367,-0.00111440277,-0.545642181,1706.29176
0.00446919631,0.0853696328,-0.000202586677,0.0167770123,0.000712471378,-2.00811349,1711.69303
0.00449031448,0.0149706296,-0.000226139519,0.000660001122,-0.00114724307,-0.517470213,1705.97508
0.0044936231,0.138779867,0.000934680072,0.00280067523,0.00481596325,-3.36179824,1704.9939
0.00449541229,0.112164181,0.00067946149,0.0141694254,0.00206171291,-2.91230384,1712.27852
0.00451486319,0.0515415566,-0.000678431793,0.00901988786,-0.000349668757,-1.04631838,1710.30203
0.00451535711,0.0136327222,-0.000201742255,0.000531868969,-0.00117792768,-0.488962519,1705.65903
0.00452681426,0.137615437,0.000983449312,0.00329689355,0.00468420801,-3.35533159,1706.42089
0.00453871984,0.0123845633,-0.00017902882,0.00042599357,-0.00120661223,-0.460202933,1705.34464
0.00456051538,0.0112201325,-0.00015801304,0.00033893627,-0.001233438,-0.431292174,1705.03287
0.00456239202,0.136367278,0.00102753262,0.00385020305,0.00454507012,-3.34814869,1707.74445
0.00457655584,0.109085956,0.000584397557,0.0150247686,0.00189309091,-2.81951995,1712.22772
0.00458084884,0.0101338132,-0.000138678414,0.00026771634,-0.00125853357,-0.402338565,1704.7246
0.0045887481,0.0803647536,-0.000337778328,0.0161774401,0.000543711796,-1.84040065,1711.55054
0.00459581833,0.0477504251,-0.00068418047,0.00788622285,-0.000456345431,-0.976773829,1710.0656
0.0045998183,0.00912036556,-0.00012098485,0.000209765311,-0.00128201634,-0.373452903,1704.42065
0.004600528,0.13502937,0.00106592237,0.00446252475,0.00439859075,-3.33981306,1708.92827
0.00461751528,0.00817490128,-0.00010487436,0.00016288199,-0.00130399384,-0.344743451,1704.12174
0.00463402511,0.00729285993,-9.02760102e-05,0.000125189584,-0.00132456494,-0.316312819,1703.82853
0.00464140612,0.133595261,0.0010975432,0.0051348837,0.00424490173,-3.32968724,1709.94169
0.00464942745,0.00646998704,-7.71101059e-05,9.50950507e-05,-0.00134382082,-0.288258013,1703.54157
0.004663534,0.105786393,0.000475373697,0.0157788691,0.00172307769,-2.71545059,1712.16973
0.00466379657,0.0057023135,-6.52913462e-05,7.12526733e-05,-0.00136184584,-0.26066712,1703.26136
0.0046713429,0.0442136074,-0.000678625678,0.00684525438,-0.000555515359,-0.919814477,1709.8204
0.0046772018,0.00498613648,-5.47317084e-05,5.25303207e-05,-0.00137871831,-0.233616916,1702.98834
0.00468522358,0.132058033,0.00112126484,0.00586715409,0.0040842343,-3.31692069,1710.76484
0.00468970779,0.00431800152,-4.53423773e-05,3.79792569e-05,-0.00139451106,-0.20717466,1702.72287
0.00470137486,0.00369468589,-3.70351687e-05,2.68083387e-05,-0.00140929204,-0.181398168,1702.46528
0.00471225929,0.00311318307,-2.9724132e-05,1.83595568e-05,-0.00142312469,-0.156335071,1702.21586
0.00471689623,0.075,-0.00046863757,0.0152497534,0.000365218938,-1.66219788,1711.3808
0.00472241357,0.0025706882,-2.33266526e-05,1.20902729e-05,-0.00143606839,-0.132032562,1701.97486
0.0047318867,0.00206458457,-1.77640627e-05,7.54798829e-06,-0.00144817878,-0.108508919,1701.74249
0.00473219172,0.13041027,0.00113591618,0.00665778281,0.00391692486,-3.30049799,1711.39264
0.00474072436,0.00159243101,-1.29619836e-05,4.37907763e-06,-0.00145950802,-0.0858856196,1701.51895
0.00474180119,0.040914044,-0.000663803609,0.00590289847,-0.00064759941,-0.871924285,1709.56654
0.00474896917,0.00115195011,-8.85008552e-06,2.26677815e-06,-0.00147010507,-0.064103888,1701.30436
0.00475666091,0.000741017226,-5.36155979e-06,1.08118957e-06,-0.00148001588,-0.0434618132,1701.09884
0.00475676631,0.102249575,0.000353129552,0.016397191,0.00155140107,-2.5984696,1712.10378
0.00476383668,0.000357650242,-2.43190204e-06,1.26928117e-07,-0.00148928364,-0.0220037114,1700.90242
0.00477053109,0,0,0,-0.00149794676,-0.0109351538,1700.71508
0.0047825371,0.128644026,0.00114031044,0.00750347696,0.00374341651,-3.27926906,1711.83641
0.00480753304,0.0378358195,-0.000641690108,0.00505952623,-0.00073303973,-0.831434713,1709.30422
0.00483650254,0.12675078,0.00113326284,0.00839889654,0.00356425466,-3.25209746,1712.12179
0.00484504436,0.0696352464,-0.000581609288,0.0140781686,0.000187908966,-1.49841651,1711.19079
0.00485670245,0.0984584434,0.000218788454,0.0168437457,0.00137742928,-2.47067233,1712.02844
0.00486885552,0.0349640862,-0.000613964673,0.00431230988,-0.000812288273,-0.796042695,1709.03368
0.00489110446,0.15,0,0,0.00717073575,-3.428488,1685
0.00489434835,0.124721401,0.00111363536,0.00933629808,0.00338007519,-3.21784104,1712.28342
0.00490210175,0.14964235,5.28061294e-05,5.63348494e-06,0.00712213267,-3.41523805,1685.70631
0.0049138898,0.149258983,0.00010787958,1.91235477e-05,0.00706977484,-3.40274107,1686.46334
0.00492606441,0.0322849924,-0.000582151174,0.00365591801,-0.000885795026,-0.764439525,1708.75528
0.00492652547,0.14884805,0.000165204303,4.1952819e-05,0.00701334539,-3.40483012,1687.27456
0.0049400697,0.148407569,0.000224726863,7.71387862e-05,0.00695254554,-3.40530615,1688.14351
0.00495458783,0.147935415,0.000286349784,0.000126315184,0.00688706157,-3.40526519,1689.07368
0.00495635355,0.1225461,0.00108034744,0.010305254,0.00319158338,-3.17560747,1712.35872
0.00496382448,0.0943947116,7.38721232e-05,0.017090919,0.00120013398,-2.33414622,1711.94175
0.00496459616,0.0646303672,-0.000667994788,0.0128122026,2.27990512e-05,-1.35302513,1710.99183
0.00497014987,0.147429312,0.000349942124,0.000191684419,0.00681656592,-3.40450351,1690.0684
0.00497943566,0.0297856156,-0.00054752824,0.00308374113,-0.000953997648,-0.735232524,1708.46949
0.00498683091,0.146886817,0.000415331543,0.000275594727,0.0067407188,-3.40321148,1691.13064
0.00500471138,0.146305314,0.000482302117,0.000380656036,0.00665917048,-3.4013418,1692.26271
0.00502281722,0.120214384,0.00103245614,0.0112922667,0.00299952214,-3.12447443,1712.37938
0.00502387755,0.145681998,0.000550585739,0.000509688175,0.00657156437,-3.3988914,1693.46594
0.00502922669,0.0274539002,-0.000511200199,0.00258835924,-0.00101731366,-0.707570022,1708.17687
0.00504442186,0.145013864,0.000619852653,0.00066572812,0.00647754091,-3.39584761,1694.74013
0.0050664434,0.144297686,0.000689707195,0.000852009577,0.00637674254,-3.39223899,1696.08302
0.00507567768,0.0252785992,-0.000474074436,0.00216215102,-0.0010761351,-0.680685779,1707.87811
0.00507612827,0.0599612217,-0.000730322232,0.011517281,-0.000131221355,-1.23157807,1710.78362
0.00507864909,0.0900387783,-7.85159479e-05,0.0170862876,0.00101808431,-2.17144693,1711.84118
0.00509004839,0.143530013,0.000759682759,0.00107194045,0.00626881968,-3.38811018,1697.48951
0.00509405994,0.117715008,0.000969134077,0.0122806274,0.00280462885,-3.06395776,1712.36723
0.0051153507,0.14270714,0.000829235037,0.001329066,0.00615343798,-3.38351728,1698.95087
0.00511901267,0.0232492201,-0.000436901447,0.00179755601,-0.00113082551,-0.654110648,1707.57401
0.00514247235,0.141825099,0.000897736532,0.001627017,0.00603028679,-3.37852441,1700.45385
0.0051594407,0.0213559743,-0.000400279115,0.00148734932,-0.0011817188,-0.627481813,1707.26547
0.00517042535,0.115035914,0.00088982901,0.0132499945,0.00260758,-2.99316227,1712.33674
0.00517154419,0.140879634,0.000964471777,0.00196944168,0.00589908897,-3.37318968,1701.97989
0.00518017866,0.0556052884,-0.000771016033,0.0102457907,-0.000274818288,-1.12893557,1710.56613
0.00519715677,0.0195897299,-0.00036467872,0.00122475898,-0.00122911945,-0.600598574,1706.9535
0.00520173012,0.0853696328,-0.000235591217,0.0167881961,0.000829481204,-2.00747531,1711.7234
0.00520270642,0.139866187,0.00102863376,0.00235991755,0.00575961183,-3.36754371,1703.50466
0.0052323428,0.0179419674,-0.000330457792,0.00100356413,-0.00127330379,-0.57334173,1706.63912
0.00523610937,0.138779867,0.00108932196,0.00280184072,0.00561167925,-3.36155971,1704.99814
0.00525228179,0.112164181,0.000794167382,0.0141766215,0.00240892555,-2.91199507,1712.29574
0.0052651685,0.0164047389,-0.000297878886,0.000818123588,-0.00131452182,-0.545677952,1706.32343
0.00527191415,0.137615437,0.00114554245,0.00329828994,0.00545518457,-3.35511564,1706.42553
0.00527724922,0.0515415566,-0.000793133826,0.00903165818,-0.000408517143,-1.04526829,1710.33941
0.00529579221,0.0149706296,-0.000267123236,0.000663385989,-0.00135299945,-0.517624081,1706.00751
0.00531029346,0.136367278,0.00119621077,0.00385186331,0.00529010389,-3.34795291,1707.74952
0.00532436165,0.0136327222,-0.000238304923,0.000534870749,-0.0013889408,-0.489238885,1705.69246
0.00533366127,0.0803647536,-0.000392463259,0.0161895051,0.00063223561,-1.83967335,1711.58405
0.0053400241,0.109085956,0.000682200166,0.0150328265,0.00220901454,-2.81918209,1712.24733
0.00535101461,0.0123845633,-0.000211482655,0.000428638487,-0.00142253054,-0.460606154,1705.37931
0.00535143243,0.13502937,0.00124015818,0.00446448518,0.00511650912,-3.33963484,1708.9338
0.00536780816,0.0477504251,-0.000799301207,0.00789783528,-0.000532810934,-0.975720174,1710.10355
0.00537587965,0.0112201325,-0.000186670545,0.000341250964,-0.00145393609,-0.43182648,1705.06906
0.00539552947,0.133595261,0.00127614117,0.00513718403,0.00493458003,-3.3295227,1709.94775
0.00539907672,0.0101338132,-0.00016384727,0.000269727368,-0.00148330965,-0.403007957,1704.76262
0.0054207177,0.00912036556,-0.000142963873,0.000211498816,-0.00151079005,-0.374261044,1704.46084
0.00543407549,0.105786393,0.00055424179,0.0157878618,0.00200791758,-2.71507735,1712.19196
0.00544090698,0.00817490128,-0.000123950763,0.000164363231,-0.00153650431,-0.34569512,1704.16448
0.00544279731,0.132058033,0.0013028567,0.00586983803,0.0047446141,-3.31676661,1710.77151
0.0054522923,0.0442136074,-0.000792322121,0.00685659362,-0.000648204677,-0.918757621,1709.85866
0.00545974193,0.00729285993,-0.000106723385,0.000126442801,-0.0015605691,-0.317414862,1703.87421
0.00547507889,0.075,-0.000543856514,0.0152627099,0.000424207759,-1.66134246,1711.41746
0.00547731341,0.00646998704,-9.11870286e-05,9.61435209e-05,-0.00158309194,-0.289515912,1703.59066
0.00549346393,0.13041027,0.00131895997,0.00666089772,0.00454703286,-3.30034867,1711.40005
0.00549370617,0.0057023135,-7.72404895e-05,7.211822e-05,-0.00160417223,-0.262085312,1703.31433
0.00550899929,0.00498613648,-6.47788887e-05,5.32336619e-05,-0.00162390215,-0.235200292,1703.04569
0.00552326652,0.00431800152,-5.3696586e-05,3.85399476e-05,-0.00164236739,-0.208928264,1702.78513
0.00553110913,0.040914044,-0.000774593802,0.00591386411,-0.000755225914,-0.870897036,1709.60493
0.00553488962,0.102249575,0.000411216904,0.0164071728,0.00180535335,-2.59805026,1712.12888
0.00553657669,0.00369468589,-4.38891321e-05,2.72446352e-05,-0.00165964781,-0.183329929,1702.53299
0.00554777372,0.128644026,0.00132309295,0.00750707501,0.00434238325,-3.27912201,1711.8447
0.005548994,0.00311318307,-3.52547649e-05,1.86888773e-05,-0.00167581798,-0.158454324,1702.28956
0.00556057834,0.0025706882,-2.76954877e-05,1.23289656e-05,-0.00169094763,-0.134346396,1702.05505
0.00557138559,0.00206458457,-2.11176276e-05,7.71202107e-06,-0.00170510206,-0.111026241,1701.82966
0.00558146787,0.00159243101,-1.54324129e-05,4.48252037e-06,-0.00171834247,-0.0886067823,1701.6135
0.00559087382,0.00115195011,-1.05559055e-05,2.32451153e-06,-0.00173072628,-0.0670410743,1701.40664
0.00559964881,0.000741017226,-6.408364e-06,1.10145749e-06,-0.00174230738,-0.04659585,1701.20911
0.00560463883,0.0378358195,-0.000748426255,0.00507003888,-0.000854419654,-0.830442006,1709.34258
0.00560598863,0.12675078,0.00131390813,0.00840303334,0.00413133193,-3.25194445,1712.13118
0.00560783516,0.000357650242,-2.91381463e-06,1.4974355e-07,-0.00175313637,-0.0254011749,1701.02085
0.00561547236,0,0,0,-0.00176325832,-0.0145048866,1700.84175
0.00561649651,0.0696352464,-0.00067416446,0.0140918309,0.000218123142,-1.49743045,1711.23031
0.00564295277,0.0984584434,0.000254531713,0.016854801,0.00160062404,-2.47022368,1712.05665
0.00566838948,0.124721401,0.00129011698,0.00934103507,0.0039146509,-3.21768242,1712.29417
0.00567323607,0.0349640862,-0.0007157838,0.00432230497,-0.00094633634,-0.795108702,1709.07192
0.00573527724,0.1225461,0.0012505089,0.0103106549,0.0036931925,-3.17543089,1712.37111
0.00573723171,0.0322849924,-0.00067843976,0.00366534963,-0.00103151915,-0.763571527,1708.79334
0.00574349164,0.15,0,0,0.00842040099,-3.42693541,1685
0.00574842766,0.0646303672,-0.000773472946,0.0128263888,2.66946141e-05,-1.35194334,1711.03369
0.0057551124,0.14964235,6.20223342e-05,5.66742149e-06,0.00836144755,-3.41397851,1685.70649
0.00575878617,0.0943947116,8.60161955e-05,0.0171030492,0.0013925757,-2.33353014,1711.97329
0.00576756875,0.149258983,0.000126670405,1.91774227e-05,0.00829798418,-3.4017065,1686.46372
0.00578092078,0.14884805,0.000193924578,4.20245469e-05,0.0082296412,-3.40375835,1687.27515
0.00579523287,0.148407569,0.000263716143,7.72332162e-05,0.00815606705,-3.40431141,1688.14431
0.00579693445,0.0297856156,-0.000637882332,0.00309257654,-0.00111049299,-0.734447833,1708.50735
0.00580697455,0.120214384,0.00119403494,0.0112984024,0.00346785197,-3.12428562,1712.39353
0.00581057407,0.147935415,0.000335925002,0.000126430879,0.00807689345,-3.40429472,1689.07472
0.00582701838,0.147429312,0.000410395437,0.000191829479,0.0079917368,-3.40354871,1690.06971
0.00584464512,0.146886817,0.000486921976,0.000275776561,0.00790020029,-3.40224913,1691.13223
0.00585263225,0.0274539002,-0.000595391906,0.00259658044,-0.00118375608,-0.706876464,1708.21456
0.00586353929,0.146305314,0.000565242232,0.00038088539,0.00780187676,-3.4003652,1692.26462
0.0058715087,0.0599612217,-0.000844837847,0.0115317806,-0.000151488197,-1.23039794,1710.82733
0.00588294853,0.0900387783,-9.0667162e-05,0.0170995416,0.00117959497,-2.17077031,1711.87625
0.00588382723,0.117715008,0.00111979541,0.0122875687,0.00323951697,-3.06373335,1712.38333
0.00588379205,0.145681998,0.00064503113,0.000509980437,0.00769635253,-3.39792596,1693.46817
0.00590459377,0.0252785992,-0.000552020292,0.00216975061,-0.0012517744,-0.68009578,1707.91569
0.00590550108,0.145013864,0.000725894283,0.000666099493,0.00758321216,-3.39490671,1694.74272
0.00592877109,0.144297686,0.000807360889,0.000852479487,0.00746204449,-3.39132435,1696.08599
0.00595306965,0.0232492201,-0.000508634702,0.00180453726,-0.00131497864,-0.653631639,1707.61158
0.00595371432,0.143530013,0.000888876734,0.00107253007,0.00733244991,-3.38722588,1697.49289
0.00596620598,0.115035914,0.00102720315,0.0132578214,0.00300900336,-2.99291411,1712.35515
0.00598045109,0.14270714,0.000969797102,0.00132979929,0.00719404905,-3.38266625,1698.95469
0.0059863333,0.0556052884,-0.000891156968,0.0102604108,-0.000317296953,-1.12770624,1710.61122
0.0059982937,0.0213559743,-0.000465925442,0.00149372323,-0.00137376332,-0.627122975,1707.30316
0.00600911036,0.141825099,0.00104938089,0.00162792058,0.00704649293,-3.37770887,1700.45812
0.00601603876,0.0853696328,-0.000272199028,0.0168025492,0.00095965169,-2.00668017,1711.76215
0.00603983037,0.140879634,0.00112678557,0.00197054501,0.00688947463,-3.372411,1701.98464
0.00604048407,0.0195897299,-0.00042443502,0.00123054362,-0.00142848737,-0.600366635,1706.99145
0.00605450816,0.112164181,0.000915898167,0.0141854056,0.00277697933,-2.9117072,1712.31675
0.00607275929,0.139866187,0.00120106348,0.00236125315,0.00672274226,-3.36680256,1703.50992
0.00607984425,0.0179419674,-0.000384574262,0.00100878263,-0.00147947589,-0.573243837,1706.67752
0.00609345533,0.0515415566,-0.000916026959,0.00904621845,-0.000471419047,-1.04398285,1710.38548
0.00610805595,0.138779867,0.0012711602,0.00280344442,0.0065461132,-3.36085601,1705.00392
0.0061165641,0.0164047389,-0.000346643729,0.000822803256,-0.00152702246,-0.54572006,1706.36247
0.00614589061,0.137615437,0.00133591532,0.00330020115,0.00635948926,-3.35444873,1706.43186
0.00614915968,0.109085956,0.0007860091,0.0150426494,0.00254388003,-2.81885293,1712.2712
0.00615082074,0.0149706296,-0.000310850002,0.000667556931,-0.00157139194,-0.517812086,1706.04745
0.0061586988,0.0803647536,-0.000452959606,0.0162049112,0.000730393341,-1.83877897,1711.62656
0.0061827794,0.0136327222,-0.000277322001,0.000538565017,-0.00161282331,-0.489578137,1705.73354
0.00618644576,0.136367278,0.00139406656,0.00385412526,0.00616287217,-3.34732126,1707.75643
0.00619339147,0.0477504251,-0.000922531882,0.00791217205,-0.000614487803,-0.974429224,1710.15023
0.00621259423,0.0123845633,-0.000246124788,0.000431889205,-0.00165153246,-0.46110188,1705.42183
0.00622991703,0.13502937,0.00144425787,0.00446714523,0.00595637865,-3.33903658,1708.94133
0.00624040905,0.0112201325,-0.000217271964,0.000344091611,-0.00168771487,-0.43248355,1705.11332
0.00625061709,0.105786393,0.000637974369,0.0157988107,0.00230981933,-2.71468364,1712.21897
0.00626635801,0.0101338132,-0.000190736284,0.000272191275,-0.00172154802,-0.403831008,1704.80897
0.00627651407,0.133595261,0.00148505162,0.00514029375,0.00574025425,-3.32895477,1709.95597
0.00628662378,0.0442136074,-0.000913930956,0.00687056841,-0.000747137302,-0.917462452,1709.90567
0.00629056629,0.00912036556,-0.000166459115,0.000213618592,-0.00175319362,-0.375256525,1704.50966
0.00631161678,0.075,-0.00062679826,0.0152791611,0.000489416766,-1.66029705,1711.4637
0.00631315064,0.00817490128,-0.00014435837,0.000166170557,-0.00178279946,-0.346869465,1704.21616
0.00632646167,0.132058033,0.0015149469,0.00587345377,0.00551488442,-3.31622638,1710.78054
0.00633422,0.00729285993,-0.000124334666,0.000127967977,-0.00181050115,-0.318772973,1703.92919
0.00635387601,0.00646998704,-0.000106276419,9.74155894e-05,-0.00183642356,-0.291062466,1703.64937
0.00635936977,0.102249575,0.000472917963,0.016419308,0.00207450625,-2.59758233,1712.15931
0.00637221346,0.0057023135,-9.00647436e-05,7.31647902e-05,-0.001860682,-0.263824487,1703.37724
0.00637360194,0.040914044,-0.000893012343,0.00592735639,-0.000870017083,-0.869637279,1709.65203
0.00638000074,0.13041027,0.00153240198,0.0066650803,0.00528080145,-3.29983114,1711.41003
0.00638932082,0.00498613648,-7.55771344e-05,5.40806051e-05,-0.00188338333,-0.237138783,1703.11327
0.00640528059,0.00431800152,-6.2690236e-05,3.9211897e-05,-0.00190462682,-0.211074874,1702.85785
0.00642016976,0.00369468589,-5.12821528e-05,2.77648186e-05,-0.0019245049,-0.18569182,1702.61131
0.00643406015,0.00311318307,-4.12339236e-05,1.90792363e-05,-0.00194310383,-0.161038022,1702.3739
0.00643738952,0.128644026,0.00153586694,0.00751189078,0.00503868531,-3.27862502,1711.85586
0.00644701875,0.0025706882,-3.24307387e-05,1.26101524e-05,-0.00196050423,-0.137158111,1702.14581
0.00645474549,0.0378358195,-0.000862443333,0.00508295443,-0.000983788467,-0.829224707,1709.38959
0.00645910807,0.00206458457,-2.47628522e-05,7.90393179e-06,-0.00197678156,-0.114073565,1701.92716
0.00646453475,0.0696352464,-0.000775883973,0.0141090851,0.000251468238,-1.49622118,1711.27991
0.00647038643,0.00159243101,-1.81261816e-05,4.60293823e-06,-0.00199200649,-0.0918888482,1701.71802
0.00647594228,0.0984584434,0.000292544219,0.016868222,0.00183717319,-2.46969762,1712.09077
0.00648090822,0.00115195011,-1.24223137e-05,2.39136452e-06,-0.00200624531,-0.070566292,1701.51838
0.00649072419,0.000741017226,-7.55797584e-06,1.1261772e-06,-0.00201956021,-0.0503473338,1701.32819
0.00649890482,0.12675078,0.00152381479,0.00840855274,0.00478935636,-3.25146034,1712.14378
0.0064998817,0.000357650242,-3.44505439e-06,1.74175072e-07,-0.00203200956,-0.0294330928,1701.14733
0.0065084249,0,0,0,-0.00204364542,-0.0187091879,1700.97562
0.00653044584,0.0349640862,-0.000824493643,0.00433456762,-0.00108911214,-0.793962734,1709.11873
0.00656484336,0.124721401,0.00149479416,0.00934733505,0.0045337578,-3.21721205,1712.30853
0.0066008969,0.0943947116,9.90246342e-05,0.0171177586,0.00159653416,-2.33280026,1712.01136
0.0066010681,0.0322849924,-0.00078120166,0.003676906,-0.00118663479,-0.762506586,1708.83989
0.0066071948,0.0646303672,-0.000889038067,0.0128442166,3.1097621e-05,-1.35060382,1711.08598
0.0066355232,0.1225461,0.00144745868,0.0103178148,0.00427292569,-3.17496196,1712.38754
0.00666695294,0.0297856156,-0.000734278549,0.00310338925,-0.00127697764,-0.733484455,1708.55363
0.00667972464,0.15,0,0,0.00979299067,-3.42699877,1685
0.00669191987,0.14964235,7.21285203e-05,5.65260178e-06,0.00972250744,-3.41353715,1685.70672
0.006704992,0.149258983,0.000147285529,1.91932821e-05,0.00964667582,-3.40070211,1686.46419
0.00671128525,0.120214384,0.00138065352,0.0113065093,0.0040079449,-3.12382508,1712.41223
0.00671900407,0.14884805,0.000225443098,4.19966334e-05,0.00956506857,-3.40272696,1687.27589
0.00672841814,0.0274539002,-0.000685190809,0.0026066299,-0.00136072754,-0.706024722,1708.26059
0.00673402367,0.148407569,0.00030650696,7.72116856e-05,0.00947727613,-3.40326497,1688.14534
0.00673483635,0.0900387783,-0.000103406155,0.0171155822,0.00135078262,-2.16995218,1711.91848
0.00674028502,0.0599612217,-0.000969952859,0.011549922,-0.000173489175,-1.22893473,1710.8817
0.00675012326,0.147935415,0.000390336723,0.000126428875,0.0093828703,-3.40322394,1689.07606
0.00676738048,0.147429312,0.000476743594,0.000191861589,0.00928140603,-3.40247096,1690.07138
0.00678576018,0.0252785992,-0.000635142883,0.00217903002,-0.00143843129,-0.679370383,1707.96155
0.00678587858,0.146886817,0.000565481829,0.000275857747,0.0091724241,-3.40121532,1691.13426
0.00679249495,0.117715008,0.00129341709,0.0122967085,0.0037398899,-3.06325601,1712.40458
0.00680570678,0.146305314,0.00065623907,0.000381035277,0.0090554546,-3.399401,1692.26704
0.00682696072,0.145681998,0.000748630082,0.000510219552,0.00893002158,-3.39701533,1693.47101
0.00683925564,0.0232492201,-0.000585124723,0.00181305256,-0.00151059274,-0.653041922,1707.65738
0.00684974292,0.145013864,0.000842190472,0.000666448827,0.00879564884,-3.39404182,1694.74601
0.00686444739,0.0556052884,-0.00102208718,0.0102786282,-0.000363432566,-1.12618355,1710.66711
0.00687416327,0.144297686,0.000936365619,0.000852963384,0.0086518671,-3.39050325,1696.08976
0.00687840669,0.0853696328,-0.000310859486,0.0168198948,0.00109764351,-2.00569952,1711.80871
0.00687954401,0.115035914,0.00118514367,0.0132680911,0.00346975015,-2.99242576,1712.37933
0.00688916255,0.0213559743,-0.000535923666,0.00150148964,-0.00157767224,-0.626679824,1707.34905
0.00690033955,0.143530013,0.00103050383,0.00107317539,0.00849822276,-3.38644884,1697.49718
0.00692839803,0.14270714,0.00112384956,0.00133063598,0.00833428817,-3.38193271,1698.95953
0.00693572165,0.0195897299,-0.000488156667,0.00123758468,-0.00164008767,-0.600078323,1707.03761
0.00695847406,0.141825099,0.00121553661,0.00162898171,0.00815967365,-3.37701796,1700.46354
0.00697285231,0.112164181,0.00105550954,0.0141968907,0.00319834256,-2.91118347,1712.3442
0.0069791575,0.0179419674,-0.000442290044,0.00101512791,-0.0016982168,-0.573118855,1706.72416
0.00698028078,0.0515415566,-0.00104965053,0.00906429523,-0.000539631649,-1.04239334,1710.44239
0.00699071268,0.140879634,0.0013045827,0.00197186709,0.00797404115,-3.37176155,1701.99066
0.00701967962,0.0164047389,-0.000398663683,0.000828487166,-0.00175240019,-0.545765632,1706.40985
0.00702526942,0.139866187,0.00138988581,0.00236287637,0.00777711956,-3.36619306,1703.51657
0.0070323004,0.0803647536,-0.000516929636,0.016223504,0.00083448569,-1.83766837,1711.67752
0.00705748347,0.0149706296,-0.00035751019,0.000672617149,-0.00180294461,-0.518035227,1706.09582
0.00706231096,0.138779867,0.00147022275,0.00280541297,0.00756872127,-3.36028459,1705.01123
0.00707286991,0.109085956,0.0009047618,0.0150554404,0.00292621365,-2.81831763,1712.30222
0.00708834393,0.0477504251,-0.00105624811,0.00792991195,-0.000702900532,-0.972834185,1710.20775
0.00709275139,0.0136327222,-0.000318973399,0.000543041419,-0.00185012641,-0.489985171,1705.7832
0.00710201595,0.137615437,0.00154425088,0.00330256354,0.00734875977,-3.35391306,1706.43985
0.00712565349,0.0123845633,-0.00028312433,0.00043582288,-0.00189419495,-0.461698549,1705.4731
0.00714457592,0.136367278,0.00161051359,0.00385693455,0.00711726753,-3.34681839,1707.76514
0.00715634847,0.0112201325,-0.000249975545,0.000347523953,-0.00193537571,-0.43327577,1705.16656
0.00718007926,0.105786393,0.000733517375,0.0158130081,0.00265353943,-2.71411159,1712.2539
0.0071849844,0.0101338132,-0.000219493368,0.000275163359,-0.00197387316,-0.404826547,1704.86455
0.00718915806,0.0442136074,-0.00104564394,0.00688780802,-0.000854036049,-0.915865034,1709.96344
0.00719019615,0.13502937,0.00166745047,0.0044704594,0.00687441338,-3.33856313,1708.95082
0.00719725981,0.075,-0.000714549319,0.0152989811,0.000558625211,-1.65900274,1711.51904
0.00721169939,0.00912036556,-0.00019160869,0.000216170616,-0.00200987339,-0.376462035,1704.56796
0.00723662231,0.00817490128,-0.00016622524,0.000168341573,-0.00204354629,-0.348289535,1704.2776
0.0072390967,0.133595261,0.00171341256,0.00514417578,0.00662051811,-3.32850634,1709.96633
0.00725987336,0.00729285993,-0.000143226945,0.000129795531,-0.00207504761,-0.320411632,1703.99419
0.00728156471,0.00646998704,-0.000122484519,9.89353643e-05,-0.00210452058,-0.292926033,1703.71837
0.00728320946,0.040914044,-0.00102105906,0.00594395445,-0.000993838307,-0.868084542,1709.70978
0.00729151342,0.132058033,0.00174668417,0.00587797214,0.00635606706,-3.31579859,1710.7919
0.00729499747,0.102249575,0.000543155237,0.0164349765,0.00238003043,-2.59693768,1712.19845
0.00730180097,0.0057023135,-0.000103860525,7.44108952e-05,-0.00213209739,-0.265921625,1703.45068
0.00732067976,0.00498613648,-8.72136015e-05,5.508535e-05,-0.00215790043,-0.239476303,1703.19157
0.00733829214,0.00431800152,-7.24013918e-05,4.00057467e-05,-0.00218204329,-0.213658453,1702.94141
0.00734769915,0.13041027,0.00176551039,0.00667030868,0.00608171742,-3.29941762,1711.42258
0.00735472305,0.00369468589,-5.92829676e-05,2.83765591e-05,-0.00220463171,-0.188527509,1702.70051
0.00736221921,0.0696352464,-0.0008835309,0.0141298393,0.000286945219,-1.49471741,1711.33914
0.00737005176,0.00311318307,-4.77208231e-05,1.95360498e-05,-0.00222576424,-0.164132009,1702.46907
0.00737095176,0.0378358195,-0.000985549693,0.0050988024,-0.00112310911,-0.827726503,1709.44712
0.0073843522,0.0025706882,-3.75822991e-05,1.29375562e-05,-0.00224553298,-0.140515523,1702.24722
0.00739769335,0.00206458457,-2.87405539e-05,8.12618998e-06,-0.00226402405,-0.117699953,1702.03505
0.00740792491,0.128644026,0.00176813445,0.00751790906,0.00579829867,-3.27822145,1711.86986
0.00741013955,0.00159243101,-2.10752517e-05,4.74189843e-06,-0.00228131812,-0.0957822359,1701.83255
0.00741817883,0.0984584434,0.000335742498,0.0168854696,0.00210485337,-2.46899703,1712.13442
0.00742175085,0.00115195011,-1.44727076e-05,2.46825751e-06,-0.00229749078,-0.0747319435,1701.63965
0.00743258325,0.000741017226,-8.82554677e-06,1.15644491e-06,-0.00231261294,-0.0547719358,1701.45623
0.007442689,0.000357650242,-4.0330171e-06,1.99794462e-07,-0.0023267511,-0.034150349,1701.28213
0.00745211684,0,0,0,-0.00233996469,-0.0235928349,1701.11711
0.0074528082,0.0349640862,-0.000941717449,0.00434957893,-0.00124264002,-0.792552943,1709.17591
0.00747248118,0.12675078,0.00175283675,0.0084154455,0.00550680334,-3.25105779,1712.15954
0.00751611293,0.0646303672,-0.00101136127,0.0128656277,3.59404611e-05,-1.34894809,1711.14835
0.00752917361,0.0322849924,-0.000891885214,0.00369102169,-0.00135319894,-0.761197782,1708.89665
0.00754167935,0.124721401,0.00171799231,0.00935519395,0.00520836591,-3.21680901,1712.32645
0.00755021752,0.0943947116,0.000113878484,0.0171365771,0.00182658843,-2.33187323,1712.05978
0.00760041633,0.0297856156,-0.000838002818,0.00311656961,-0.00145551845,-0.732300532,1708.60995
0.0076158532,0.1225461,0.00166211166,0.0103267341,0.00490422748,-3.17454521,1712.40795
0.00765968326,0.0599612217,-0.00110240875,0.0115716811,-0.000196589567,-1.22714188,1710.94647
0.00766688,0.0274539002,-0.000781734082,0.00261885634,-0.00155028685,-0.704978258,1708.31654
0.00769175042,0.0900387783,-0.000117551566,0.0171359954,0.00154322838,-2.16892719,1711.97189
0.0076953605,0.120214384,0.00158392995,0.0113165915,0.00459568418,-3.12339895,1712.43539
0.0077288852,0.0252785992,-0.000724444616,0.00219029912,-0.00163814265,-0.678478415,1708.01721
0.00772974842,0.15,0,0,0.0113324064,-3.42356397,1685
0.00774240629,0.14964235,8.34839535e-05,5.68825572e-06,0.0112487263,-3.41110304,1685.70702
0.00775597431,0.149258983,0.000170442634,1.91962221e-05,0.0111587431,-3.39916969,1686.46481
0.00777051794,0.14884805,0.000260830161,4.20726876e-05,0.0110619654,-3.40105933,1687.27684
0.00778058474,0.117715008,0.00148242609,0.012308054,0.00428401855,-3.06279541,1712.43087
0.00778610733,0.148407569,0.000354538188,7.73287642e-05,0.0109579185,-3.40165977,1688.14667
0.00778673101,0.0232492201,-0.000667252917,0.00182337576,-0.00171967213,-0.652315803,1707.71289
0.00779362272,0.0556052884,-0.00116072427,0.0103004495,-0.000412071221,-1.12432094,1710.73364
0.00780281766,0.147935415,0.000451395946,0.000126593321,0.0108461069,-3.40166061,1689.07779
0.00782072955,0.147429312,0.000551179187,0.000192078945,0.010726017,-3.40096024,1690.07354
0.00783992939,0.146886817,0.000653596009,0.000276144248,0.0105971197,-3.39973003,1691.13689
0.00784069646,0.0213559743,-0.000611047339,0.00151088922,-0.00179540929,-0.626132136,1707.40458
0.0078434602,0.0853696328,-0.0003539927,0.0168418566,0.00125224306,-2.00448543,1711.86724
0.00786050979,0.146305314,0.000758280995,0.000381407289,0.0104588752,-3.397917,1692.27016
0.00787193702,0.115035914,0.00135698466,0.0132808115,0.00397041355,-2.99193691,1712.40916
0.00788257001,0.145681998,0.000864779994,0.000510696166,0.0103107387,-3.39553688,1693.47467
0.00789104183,0.0195897299,-0.00055652165,0.00124609248,-0.00186583764,-0.599718896,1707.09338
0.00790621647,0.145013864,0.000972542611,0.000667056712,0.0101521666,-3.3925953,1694.75025
0.00791857734,0.0515415566,-0.0011911641,0.00908592373,-0.000611628727,-1.04045268,1710.51009
0.00793156322,0.144297686,0.00108091841,0.000853732993,0.00998262576,-3.38909977,1696.09462
0.00793800997,0.0179419674,-0.000504198864,0.00102278264,-0.00193139323,-0.572957501,1706.78042
0.00795873252,0.143530013,0.00118914633,0.00107414057,0.00980160365,-3.38509186,1697.5027
0.00796985795,0.112164181,0.00120733347,0.0142110901,0.00365585224,-2.91061004,1712.37794
0.00798182743,0.0164047389,-0.00045445848,0.000835332963,-0.0019924684,-0.545810839,1706.46687
0.00798785543,0.14270714,0.00129634582,0.00133183393,0.00960862035,-3.38062575,1698.96574
0.00800607863,0.0803647536,-0.000588137841,0.0162469215,0.000950713632,-1.83630244,1711.7412
0.0080190724,0.141825099,0.00140150975,0.00163045362,0.00940324277,-3.37576396,1700.47049
0.00802270556,0.0149706296,-0.000407558727,0.000678701715,-0.00204941583,-0.518294957,1706.1539
0.00803514985,0.0477504251,-0.00119788867,0.00795111496,-0.000796268256,-0.970888678,1710.27613
0.00805253403,0.140879634,0.00150349867,0.00197365841,0.00918510064,-3.37056268,1701.99839
0.00806084153,0.0136327222,-0.000363657442,0.00054841476,-0.00210255273,-0.49046678,1705.84269
0.00807481986,0.109085956,0.00103383585,0.0150712173,0.00334100658,-2.81768385,1712.34025
0.0080884017,0.139866187,0.00160103727,0.00236503716,0.00895390435,-3.36505071,1703.5251
0.00809641929,0.0123845633,-0.000322830312,0.000440536165,-0.00215216484,-0.462409696,1705.53435
0.00812684844,0.138779867,0.00169271343,0.00280799827,0.00870946416,-3.35919927,1705.02059
0.00812961045,0.0112201325,-0.000285087507,0.00035162865,-0.00219851012,-0.43422404,1705.22994
0.00814390253,0.0442136074,-0.00118519316,0.00690839359,-0.000966959371,-0.913920075,1710.03209
0.00816057511,0.0101338132,-0.000250387488,0.000278710196,-0.00224182219,-0.406018504,1704.93045
0.00816805967,0.137615437,0.00177698093,0.00330563374,0.00845171054,-3.35288432,1706.45008
0.0081803901,0.075,-0.000811903781,0.0153238014,0.000635670526,-1.65742466,1711.58775
0.00818732903,0.105786393,0.000837314497,0.0158304695,0.00302612425,-2.71342109,1712.29656
0.00818946262,0.00912036556,-0.000218648211,0.000219209227,-0.00228231333,-0.37790224,1704.6368
0.00821223418,0.136367278,0.00185216659,0.0038605557,0.00818071477,-3.34584462,1707.77628
0.00821641231,0.00817490128,-0.000189757198,0.000170919989,-0.00232017715,-0.349983812,1704.34979
0.00824155419,0.00729285993,-0.000163580408,0.00013195991,-0.00235559084,-0.322368416,1704.07015
0.00824535994,0.040914044,-0.00115675831,0.0059637564,-0.00112466198,-0.86619487,1709.77839
0.00825958505,0.13502937,0.00191648297,0.00447470352,0.00789670872,-3.33764175,1708.96293
0.00826500952,0.00646998704,-0.000139969277,0.000100729814,-0.00238871723,-0.29515238,1703.79851
0.00828689143,0.0057023135,-0.000118766149,7.58772606e-05,-0.00241970641,-0.268423138,1703.53538
0.00830730548,0.00498613648,-9.98087271e-05,5.62633152e-05,-0.00244869717,-0.242258807,1703.28121
0.00830792815,0.102249575,0.000619453168,0.0164541974,0.00271092165,-2.5961573,1712.24609
0.00831034068,0.133595261,0.00196804705,0.00514912097,0.00760010262,-3.32763345,1709.97953
0.00832635013,0.00431800152,-8.29337734e-05,4.0932777e-05,-0.00247581825,-0.216727673,1703.03634
0.00834001146,0.0378358195,-0.00111604991,0.00511769393,-0.00127032661,-0.82590533,1709.51545
0.00834411724,0.00369468589,-6.79799083e-05,2.90879456e-05,-0.00250118934,-0.191888619,1702.80101
0.00835470156,0.0696352464,-0.00100253218,0.0141556881,0.000326399827,-1.4928945,1711.41228
0.00836069251,0.00311318307,-5.4789729e-05,2.00649676e-05,-0.00252492195,-0.167789661,1702.57539
0.00836474587,0.132058033,0.00200490625,0.00588370302,0.007291499,-3.31496978,1710.80634
0.00837615589,0.0025706882,-4.32114116e-05,1.33149926e-05,-0.00254712018,-0.144473122,1702.35957
0.00839058196,0.00206458457,-3.30998531e-05,8.38126125e-06,-0.00256788133,-0.121960736,1702.15356
0.00840404032,0.00159243101,-2.43174708e-05,4.90090536e-06,-0.00258729645,-0.100342915,1701.95729
0.00841659587,0.00115195011,-1.67344702e-05,2.55605276e-06,-0.00260545084,-0.0795947997,1701.77067
0.00842306305,0.13041027,0.00202507164,0.00667691606,0.00697170059,-3.29862651,1711.43851
0.00842830918,0.000741017226,-1.02287467e-05,1.19282337e-06,-0.00262242447,-0.0599266604,1701.5935
0.00842831363,0.0349640862,-0.00106602127,0.00436745923,-0.00140488349,-0.790839237,1709.24381
0.0084371989,0.0984584434,0.000382713337,0.0169065658,0.00239449936,-2.46813994,1712.18736
0.00843923675,0.000357650242,-4.68624055e-06,2.2622815e-07,-0.00263829231,-0.0396098122,1701.42559
0.00844943128,0,0,0,-0.00265312142,-0.0292124189,1701.26665
0.00848557352,0.128644026,0.00202656082,0.00752549075,0.00664171002,-3.27746287,1711.88758
0.00851069239,0.0322849924,-0.0010092952,0.00370782271,-0.00152922906,-0.759607485,1708.96404
0.00851731999,0.0646303672,-0.00114614127,0.0128921583,4.15118627e-05,-1.34694561,1711.22498
0.00855257878,0.12675078,0.00200744556,0.00842410488,0.00630271837,-3.25032269,1712.17946
0.00857576484,0.0943947116,0.000130173231,0.0171595306,0.00207529752,-2.33076355,1712.1183
0.00858754507,0.0297856156,-0.000948074031,0.00313224615,-0.00164421371,-0.73086099,1708.67682
0.00862440203,0.124721401,0.00196591503,0.00936504194,0.00595608,-3.21609448,1712.34901
0.00865924238,0.0274539002,-0.000884229775,0.00263338801,-0.00175063315,-0.703704937,1708.38293
0.00866902977,0.0599612217,-0.00124791502,0.0115985194,-0.000221712299,-1.22496544,1711.02572
0.00870138972,0.1225461,0.00190032922,0.0103378847,0.00560327109,-3.173838,1712.43353
0.00872429432,0.0900387783,-0.000132586476,0.0171608207,0.00175109726,-2.16769409,1712.03619
0.00872613014,0.0252785992,-0.000819298397,0.00220368352,-0.00184922302,-0.677390824,1708.08323
0.00878391319,0.120214384,0.0018093111,0.011329167,0.00524582963,-3.12270086,1712.46434
0.00878853098,0.0232492201,-0.000754534121,0.0018356279,-0.00194065684,-0.651427604,1707.7787
0.00881056267,0.0556052884,-0.0013126014,0.0103272489,-0.000465069579,-1.12206119,1710.81472
0.0088467459,0.0213559743,-0.000690932037,0.0015220369,-0.00202554659,-0.625457789,1707.47039
0.00887237048,0.117715008,0.00169178466,0.0123221744,0.00488527616,-3.06208225,1712.46364
0.00888350378,0.0853696328,-0.000400277678,0.0168684846,0.00141909987,-2.00300953,1711.93745
0.00890105569,0.0195897299,-0.000629267079,0.00125617464,-0.00210444528,-0.599269981,1707.15942
0.00894260136,0.0515415566,-0.00134580289,0.00911238413,-0.000689975922,-1.0380992,1710.59233
0.0089517223,0.0179419674,-0.000570122195,0.00103184631,-0.00217785066,-0.572745379,1706.84696
0.00895660089,0.15,0,0,0.0131310666,-3.42236067,1685
0.00896718827,0.115035914,0.00154712888,0.013296604,0.00452301518,-2.99123375,1712.44621
0.00896946832,0.14964235,9.67628196e-05,5.6963532e-06,0.013031484,-3.40965798,1685.70742
0.00898326097,0.149258983,0.000197509771,1.918777e-05,0.012924457,-3.39739189,1686.46563
0.00899804539,0.14884805,0.000302183575,4.19998969e-05,0.0128094195,-3.39912761,1687.27813
0.00899899014,0.0164047389,-0.000513918806,0.000843431421,-0.00224620986,-0.545845513,1706.53423
0.00901389287,0.148407569,0.000410643155,7.72590951e-05,0.0126858206,-3.39959435,1688.14845
0.00903087987,0.147935415,0.000522694907,0.000126547522,0.0125530862,-3.39951819,1689.08011
0.00904308719,0.0149706296,-0.000460942332,0.000685892386,-0.00230992424,-0.518585455,1706.22242
0.00904908831,0.147429312,0.000638074094,0.000192083575,0.0124106227,-3.39880535,1690.07643
0.00905416114,0.0803647536,-0.000664616153,0.0162752259,0.00107608391,-1.83464797,1711.81732
0.00906578273,0.0477504251,-0.00135231758,0.00797696252,-0.000897683649,-0.968529529,1710.35895
0.00906860602,0.146886817,0.000756430322,0.000276227675,0.0122578203,-3.39761649,1691.1404
0.00906882391,0.112164181,0.00137515679,0.0142286783,0.00416022069,-2.90988888,1712.4197
0.00908422616,0.0136327222,-0.000411365425,0.000554757818,-0.00236935425,-0.491021449,1705.91273
0.00908952714,0.146305314,0.000877323833,0.000381607979,0.0120940585,-3.3959244,1692.27434
0.0091119526,0.145681998,0.00100021593,0.000511057879,0.0119187129,-3.39369251,1693.47957
0.00912260547,0.0123845633,-0.000365269031,0.000446093005,-0.00242482414,-0.463237429,1705.60628
0.00913599055,0.145013864,0.00112445928,0.000667619076,0.0117311634,-3.39085347,1694.75591
0.00915841024,0.0112201325,-0.000322660847,0.000356460963,-0.00247662631,-0.435332938,1705.30416
0.00916175694,0.144297686,0.00124929098,0.0008545346,0.0115308044,-3.38744756,1696.10111
0.00917776764,0.109085956,0.00117637866,0.0150907151,0.00379771022,-2.81692638,1712.38711
0.00918070093,0.0442136074,-0.00133703282,0.00693340681,-0.00108937995,-0.91156343,1710.11504
0.00918937606,0.143530013,0.00137382055,0.00107522393,0.0113170572,-3.38353118,1697.51006
0.00919181319,0.0101338132,-0.000283490396,0.000282879021,-0.0025250252,-0.407414345,1705.00737
0.00921898113,0.14270714,0.0014970203,0.00133324663,0.0110893845,-3.37915634,1698.97403
0.00922297543,0.00912036556,-0.000247662179,0.000222774185,-0.00257026087,-0.379592302,1704.71682
0.00923708958,0.075,-0.000916427319,0.0153537041,0.000718779224,-1.65550666,1711.66961
0.00925071494,0.141825099,0.00161771767,0.00163224809,0.0108473064,-3.37438393,1700.47974
0.00925204726,0.00817490128,-0.000215047308,0.000173938848,-0.00261255198,-0.351976355,1704.43332
0.00927916892,0.00729285993,-0.000185492962,0.000134488198,-0.00265209851,-0.324669825,1704.15759
0.00928473056,0.140879634,0.00173458938,0.00197589246,0.01059042,-3.3692693,1702.00865
0.00928791028,0.040914044,-0.00130414181,0.00598774503,-0.00126622215,-0.863905146,1709.86109
0.00929454493,0.105786393,0.000951848007,0.0158519908,0.00343581756,-2.71257395,1712.34892
0.00930447122,0.00646998704,-0.000158829829,0.000102820619,-0.00268908399,-0.297768631,1703.89024
0.00932119206,0.139866187,0.00184615789,0.00236777446,0.0103184194,-3.36384062,1703.53641
0.00932807622,0.0057023135,-0.000134878539,7.75810539e-05,-0.00272367743,-0.271360031,1703.63175
0.00935009776,0.00498613648,-0.000113454812,5.76279074e-05,-0.00275603505,-0.245521642,1703.38253
0.00936027532,0.138779867,0.00195079124,0.00281130878,0.0100311188,-3.3580686,1705.03299
0.00937064206,0.00431800152,-9.43734466e-05,4.20032705e-05,-0.00278630158,-0.220321046,1703.14289
0.00938792788,0.0378358195,-0.00125755845,0.00514051591,-0.00142934134,-0.823700157,1709.59765
0.00938980823,0.00369468589,-7.74514395e-05,2.99067096e-05,-0.0028146115,-0.195816254,1702.91302
0.00940216884,0.137615437,0.0020467071,0.0033095941,0.00972847567,-3.35182857,1706.4636
0.00940768871,0.00311318307,-6.25103937e-05,2.06716614e-05,-0.00284109,-0.172054447,1702.69304
0.00941971906,0.102249575,0.000703604606,0.0164778226,0.0030742725,-2.5952016,1712.30432
0.00942001801,0.0696352464,-0.00113020863,0.0141867354,0.000369061937,-1.49068821,1711.49916
0.00942436974,0.0025706882,-4.93783407e-05,1.37464915e-05,-0.00286585389,-0.149076549,1702.48299
0.00943993179,0.00206458457,-3.78910482e-05,8.67187647e-06,-0.00288901228,-0.126903649,1702.28282
0.00944707472,0.136367278,0.0021319821,0.00386524949,0.00941061419,-3.34485842,1707.79098
0.00945444992,0.00159243101,-2.78929349e-05,5.08168546e-06,-0.00291066722,-0.105620816,1702.09243
0.00946799415,0.00115195011,-1.92374598e-05,2.65574477e-06,-0.00293091429,-0.0852074887,1701.91165
0.00948062982,0.000741017226,-1.17872775e-05,1.23603243e-06,-0.00294984301,-0.0658667443,1701.74028
0.00948123619,0.0349640862,-0.00120061984,0.00438900368,-0.00157983366,-0.788763895,1709.32533
0.00949241787,0.000357650242,-5.41450783e-06,2.53103067e-07,-0.0029675373,-0.0458667977,1701.57806
0.00949520953,0.13502937,0.00220456763,0.00448022149,0.00907784842,-3.33671877,1708.9789
0.00950341516,0,0,0,-0.00298407236,-0.0356229124,1701.42469
0.00954680547,0.133595261,0.00226231282,0.00515556109,0.00873070207,-3.32676626,1709.9969
0.0095538938,0.0984584434,0.000434558384,0.0169324196,0.00271211111,-2.46708933,1712.25178
0.00956828525,0.0322849924,-0.00113627181,0.00372801765,-0.00171874701,-0.757682217,1709.0448
0.00959067538,0.0646303672,-0.00129063651,0.0129239323,4.78019703e-05,-1.3445161,1711.31578
0.0096021114,0.132058033,0.00230299578,0.00589117066,0.00836992405,-3.31415032,1710.82531
0.00964949494,0.0297856156,-0.00106698749,0.00315104662,-0.00184706891,-0.729117339,1708.75682
0.00966139408,0.13041027,0.00232436343,0.00668552365,0.00799649686,-3.29784523,1711.45937
0.00969771634,0.0943947116,0.000148336569,0.0171875811,0.00234762832,-2.32941519,1712.18921
0.00972493947,0.128644026,0.00232418142,0.00753535828,0.00761163534,-3.2767109,1711.91072
0.009725257,0.0274539002,-0.000994859969,0.00265077791,-0.00196571907,-0.702161884,1708.46223
0.00974988484,0.0599612217,-0.00140379809,0.0116305776,-0.000248298628,-1.22231246,1711.11944
0.00979305408,0.12675078,0.00230029129,0.00843535835,0.00721677236,-3.24958831,1712.20536
0.00979593683,0.0252785992,-0.000921605002,0.0022196677,-0.00207554417,-0.676070771,1708.16197
0.0098518804,0.0900387783,-0.000148717466,0.0171910605,0.00197838252,-2.16618721,1712.11377
0.00986187537,0.0232492201,-0.000848618823,0.00185023103,-0.00217731677,-0.650346852,1707.85706
0.00986606645,0.124721401,0.00225068126,0.00937781487,0.00681352881,-3.21537095,1712.37822
0.00989841432,0.0556052884,-0.00147520861,0.0103591845,-0.000521453286,-1.11930967,1710.91045
0.00992339068,0.0213559743,-0.000777007284,0.00153529826,-0.00227173677,-0.624632877,1707.5486
0.00994432875,0.1225461,0.00217355327,0.0103523134,0.00640366472,-3.17311011,1712.46651
0.00998077945,0.0195897299,-0.000707628655,0.00126814594,-0.00235943499,-0.598714377,1707.23777
0.0100171296,0.0853696328,-0.000450497618,0.0169008175,0.00160129289,-2.00121262,1712.02179
0.0100282185,0.120214384,0.00206741956,0.011345395,0.00598900943,-3.12196731,1712.50153
0.0100343185,0.0179419674,-0.00064112672,0.00104258832,-0.00244097801,-0.572472175,1706.92576
0.0100369803,0.0515415566,-0.0015112746,0.00914384883,-0.000773405713,-1.03524176,1710.6893
0.0100842661,0.0164047389,-0.000577964789,0.000853011506,-0.00251687368,-0.545866408,1706.61381
0.0101181403,0.117715008,0.00193116278,0.012340341,0.00557136987,-3.06131444,1712.50556
0.0101308632,0.0149706296,-0.000518454185,0.000694382406,-0.00258757703,-0.518909971,1706.30317
0.010166251,0.0477504251,-0.00151748928,0.0080076381,-0.00100568388,-0.965667487,1710.45651
0.0101743344,0.0136327222,-0.000462780841,0.000562232436,-0.00265349599,-0.491659124,1705.99502
0.010194261,0.0803647536,-0.000747644582,0.0163094785,0.00121282125,-1.83263329,1711.90835
0.0102145279,0.115035914,0.00176418561,0.0133168568,0.00515241746,-2.9904052,1712.49339
0.0102148896,0.0123845633,-0.000411029374,0.000452627852,-0.00271499692,-0.464197487,1705.69052
0.0102527242,0.0112201325,-0.000363202799,0.000362131573,-0.00277240966,-0.436623039,1705.39077
0.0102601588,0.15,0,0,0.0150421829,-3.41959507,1685
0.0102732311,0.14964235,0.000110798258,5.73886846e-06,0.0149256738,-3.40684326,1685.7079
0.0102868501,0.0442136074,-0.0014993741,0.00696303888,-0.00121971753,-0.908710209,1710.21265
0.0102872432,0.149258983,0.000226188529,1.92452349e-05,0.0148005053,-3.39465926,1686.46664
0.0102880209,0.0101338132,-0.000319239478,0.000287759936,-0.00282603209,-0.40904307,1705.09675
0.010302263,0.14884805,0.000346074743,4.20416431e-05,0.0146660327,-3.39657517,1687.2797
0.0103178462,0.112164181,0.0015664082,0.0142511521,0.00473355739,-2.90896477,1712.4726
0.0103183627,0.148407569,0.000470269203,7.73792114e-05,0.014521624,-3.39713264,1688.15063
0.0103209498,0.00912036556,-0.000279028534,0.000226938054,-0.00287613422,-0.381567648,1704.80938
0.01033562,0.147935415,0.000598532424,0.000126757849,0.014366622,-3.39716823,1689.08293
0.0103516698,0.00817490128,-0.000242422253,0.000177455836,-0.00292296165,-0.354304844,1704.52946
0.0103541183,0.147429312,0.000730540219,0.000192408497,0.0142003478,-3.39658,1690.07996
0.0103739466,0.146886817,0.000865876225,0.000276692821,0.0140221059,-3.39550337,1691.14468
0.0103803291,0.00729285993,-0.000209246326,0.000137425684,-0.0029667387,-0.327357564,1704.25768
0.0103841289,0.075,-0.001029794,0.015389757,0.000809383963,-1.65318399,1711.7671
0.0103952007,0.146305314,0.00100402337,0.000382240687,0.0138311902,-3.39387673,1692.27943
0.0103993593,0.040914044,-0.00146167447,0.00601611603,-0.00141688268,-0.861134161,1709.95834
0.0104070659,0.00646998704,-0.000179308537,0.000105242868,-0.00300767099,-0.300821236,1703.99461
0.0104179831,0.145681998,0.00114435911,0.000511883873,0.0136268918,-3.39170177,1693.48553
0.0104285936,0.109085956,0.00133853831,0.0151155335,0.00431578615,-2.81595484,1712.44619
0.0104320091,0.0057023135,-0.000152405811,7.95490507e-05,-0.0030459477,-0.274782321,1703.74073
0.0104424037,0.145013864,0.00128614092,0.000668669436,0.0134085094,-3.38894662,1694.7628
0.0104552791,0.00498613648,-0.000128329853,5.91992295e-05,-0.00308174341,-0.249317556,1703.49637
0.0104685802,0.144297686,0.00142848647,0.000855851016,0.0131753608,-3.38562751,1696.10898
0.0104769881,0.00431800152,-0.000106871621,4.32320303e-05,-0.00311521977,-0.224493555,1703.26182
0.0104966389,0.143530013,0.00157036628,0.00107685386,0.0129267971,-3.38179522,1697.51898
0.0104972409,0.00369468589,-8.78248032e-05,3.08435102e-05,-0.00314652679,-0.200367189,1703.03721
0.0105043212,0.0378358195,-0.001408782,0.00516746525,-0.00159850976,-0.821034786,1709.69424
0.0105161351,0.00311318307,-7.09885096e-05,2.13636006e-05,-0.00317580405,-0.176984494,1702.82261
0.0105267151,0.14270714,0.00171059575,0.00133524367,0.0126622201,-3.3775027,1698.98406
0.0105337618,0.0025706882,-5.61693074e-05,1.42371024e-05,-0.00320318162,-0.154384852,1702.61801
0.0105473043,0.105786393,0.00108193933,0.0158792739,0.00389954833,-2.71150358,1712.41457
0.0105502061,0.00206458457,-4.31826918e-05,9.00129033e-06,-0.00322878095,-0.132588376,1702.42333
0.010558954,0.141825099,0.00184782619,0.00163467248,0.0123811008,-3.37281153,1700.49094
0.0105655473,0.00159243101,-3.18541078e-05,5.28617658e-06,-0.00325271554,-0.111675916,1702.23841
0.0105739969,0.0696352464,-0.00126850284,0.014224044,0.000415683485,-1.48803001,1711.60226
0.0105798594,0.00115195011,-2.2019439e-05,2.76838809e-06,-0.00327509162,-0.0916303489,1702.06305
0.0105932114,0.000741017226,-1.35253821e-05,1.28643007e-06,-0.00329600863,-0.0726515166,1701.89701
0.010593511,0.140879634,0.00198053848,0.0019788116,0.0120830018,-3.36777719,1702.02106
0.0106022421,0.0349640862,-0.00134444404,0.00441440749,-0.00176587711,-0.786255362,1709.42107
0.0106056678,0.000357650242,-6.22952669e-06,2.80193327e-07,-0.00331555976,-0.0529820073,1701.74001
0.0106172886,0,0,0,-0.00333382861,-0.042886949,1701.59172
0.0106305528,0.139866187,0.00210703977,0.00237126331,0.0117676007,-3.36242786,1703.55008
0.0106702582,0.138779867,0.00222546397,0.00281545017,0.0114347162,-3.35673391,1705.04795
0.0106745508,0.102249575,0.000799071096,0.0165076425,0.00348460248,-2.59400315,1712.37692
0.0106935944,0.0322849924,-0.0012719495,0.0037517973,-0.00192019807,-0.75535575,1709.1396
0.0107128184,0.137615437,0.0023337774,0.00331447903,0.0110843349,-3.35056992,1706.47992
0.0107511283,0.0646303672,-0.00144693078,0.0129619868,5.50175342e-05,-1.34161033,1711.42322
0.0107584391,0.136367278,0.0024297905,0.00387097732,0.0107166381,-3.34367254,1707.8087
0.0107788187,0.0297856156,-0.00119405907,0.00317315517,-0.00206260975,-0.727008525,1708.85067
0.01080734,0.13502937,0.00251117692,0.00448690005,0.010332028,-3.33560095,1708.99813
0.0108109469,0.0984584434,0.00049338831,0.0169648994,0.00306992574,-2.46577021,1712.33166
0.010858326,0.0274539002,-0.00111309973,0.00267120157,-0.00219416665,-0.700293542,1708.55521
0.0108597571,0.133595261,0.00257550102,0.00516330675,0.00993114957,-3.32571019,1710.01778
0.0109159433,0.132058033,0.00262025473,0.00590010837,0.0095149082,-3.31314844,1710.84808
0.0109163775,0.0599612217,-0.00157218392,0.0116688561,-0.000276578393,-1.21913706,1711.23004
0.0109324998,0.0252785992,-0.00103097719,0.00223841706,-0.00231583586,-0.674468176,1708.25422
0.0109571506,0.0943947116,0.000169167504,0.0172226557,0.00265366507,-2.32775167,1712.27661
0.0109761695,0.13041027,0.00264290439,0.00669578664,0.00908447838,-3.29688833,1711.48437
0.011001698,0.0232492201,-0.000949237252,0.00186733924,-0.00242849708,-0.64902909,1707.94879
0.0110407263,0.128644026,0.00264094835,0.00754708815,0.00864130134,-3.27578955,1711.93839
0.0110662542,0.0213559743,-0.000869102172,0.00155081529,-0.00253294518,-0.623618537,1707.64008
0.0110705415,0.0556052884,-0.00165065091,0.0103972123,-0.000581800704,-1.11601535,1711.02321
0.011109925,0.12675078,0.00261198382,0.00844870377,0.00818706792,-3.24869077,1712.23626
0.011113867,0.0900387783,-0.000166373598,0.0172286895,0.00223314678,-2.16431964,1712.20884
0.01112648,0.0195897299,-0.000791517494,0.00128213585,-0.00262989487,-0.598019111,1707.32928
0.0111826657,0.0179419674,-0.000717190602,0.00105512541,-0.00271998678,-0.572110747,1707.01766
0.0111840995,0.124721401,0.00255378627,0.00939293235,0.00772368314,-3.21448864,1712.41296
0.0112143641,0.0515415566,-0.00168961678,0.00918122232,-0.000862773037,-1.03182366,1710.80333
0.0112350825,0.0164047389,-0.000646628548,0.000864177336,-0.00280379406,-0.545850701,1706.70648
0.0112636074,0.1225461,0.00246438992,0.0103693632,0.00725320962,-3.17222789,1712.50563
0.0112818521,0.0853696328,-0.000506183165,0.0169408491,0.00180499518,-1.99898011,1712.12454
0.011283983,0.0149706296,-0.000580168769,0.000704263593,-0.00288182932,-0.519251461,1706.39699
0.0113296032,0.0136327222,-0.000518010596,0.00057091858,-0.00295455141,-0.492369428,1706.09041
0.0113485388,0.0477504251,-0.00169534387,0.00804398952,-0.0011213415,-0.962242489,1710.57106
0.0113488323,0.120214384,0.00234219033,0.0113645439,0.00677778717,-3.1210778,1712.54552
0.0113721632,0.0123845633,-0.000460242046,0.000460209549,-0.00302237175,-0.465286152,1705.78789
0.0114118682,0.0112201325,-0.000406860453,0.000368699177,-0.0030856602,-0.438098462,1705.49054
0.0114401853,0.117715008,0.00218602655,0.0123617503,0.00629952783,-3.06039358,1712.55503
0.0114489097,0.0101338132,-0.000357792321,0.000293402282,-0.00314475034,-0.410913278,1705.19934
0.0114619161,0.0803647536,-0.000839695165,0.0163516592,0.00136534408,-1.83013967,1712.01863
0.0114737129,0.0442136074,-0.00167404099,0.0069980784,-0.00135921388,-0.90529782,1710.32713
0.0114834665,0.00912036556,-0.000312909901,0.000231741729,-0.00319994409,-0.383839874,1704.91518
0.0115157051,0.00817490128,-0.00027204495,0.000181504476,-0.00325151577,-0.356985535,1704.63885
0.011538107,0.115035914,0.00199533085,0.0133406936,0.00582038732,-2.98948283,1712.54887
0.0115457811,0.00729285993,-0.000235000254,0.000140799473,-0.00329971556,-0.33045229,1704.37099
0.0115738396,0.00646998704,-0.000201559135,0.000108018186,-0.00334477257,-0.304334593,1704.11216
0.0115904902,0.040914044,-0.00163105482,0.00604959724,-0.00157801505,-0.857818506,1710.07229
0.0116000159,0.0057023135,-0.000171493225,8.1798237e-05,-0.0033868973,-0.278717845,1703.86277
0.0116244362,0.00498613648,-0.000144568718,6.09904135e-05,-0.00342628385,-0.253677604,1703.62314
0.0116430698,0.112164181,0.00177013456,0.0142775707,0.00534201709,-2.90798976,1712.53462
0.0116472184,0.00431800152,-0.000120551321,4.46290257e-05,-0.00346311173,-0.229279196,1703.39348
0.0116549275,0.075,-0.0011552111,0.0154339051,0.000910289855,-1.6503089,1711.88453
0.0116684724,0.00369468589,-9.92101204e-05,3.1905746e-05,-0.00349754739,-0.205578096,1703.17389
0.0116883006,0.00311318307,-8.03205726e-05,2.21461106e-05,-0.00352974557,-0.182618972,1702.9644
0.0116994339,0.0378358195,-0.0015712906,0.00519920907,-0.00177930079,-0.817846344,1709.80732
0.0117067987,0.0025706882,-6.36667569e-05,1.47904987e-05,-0.00355985035,-0.160439588,1702.76494
0.0117240559,0.00206458457,-4.90430024e-05,9.37189266e-06,-0.00358799616,-0.139058843,1702.57539
0.0117401555,0.00159243101,-3.62550093e-05,5.51578629e-06,-0.00361430856,-0.118554392,1702.39557
0.0117551751,0.00115195011,-2.51204187e-05,2.89471122e-06,-0.00363890497,-0.0989119009,1702.22523
0.0117555798,0.109085956,0.00151134975,0.0151446757,0.0048656041,-2.81490131,1712.51519
0.0117691872,0.000741017226,-1.54693473e-05,1.34418009e-06,-0.00366189527,-0.080330782,1702.0641
0.0117822593,0.000357650242,-7.144267e-06,3.07462029e-07,-0.00368338236,-0.061008452,1701.91189
0.0117944545,0,0,0,-0.00370345872,-0.0510607603,1701.76826
0.0118010696,0.0349640862,-0.00149893694,0.00444427807,-0.00196455371,-0.783252452,1709.53307
0.0118479389,0.0696352464,-0.00142110758,0.0142694899,0.000467698908,-1.48474211,1711.72581
0.0118761799,0.105786393,0.00122067807,0.0159112687,0.00439171073,-2.71031314,1712.49099
0.0118958874,0.0322849924,-0.00141764894,0.00377971116,-0.00213517161,-0.752569741,1709.25041
0.0118963478,0.15,0,0,0.0174409619,-3.41360694,1685
0.01190902,0.14964235,0.00012864468,5.77885564e-06,0.0173022469,-3.40136912,1685.7086
0.0119226033,0.149258983,0.000262513272,1.93375205e-05,0.0171532967,-3.38980355,1686.46808
0.0119371634,0.14884805,0.000401505546,4.22517414e-05,0.0169933685,-3.3919515,1687.28195
0.0119527704,0.148407569,0.000545421141,7.77026815e-05,0.0168217279,-3.39279931,1688.15374
0.0119694996,0.147935415,0.000693962833,0.000127207884,0.0166376132,-3.39306452,1689.08697
0.0119843447,0.0297856156,-0.0013304936,0.00319906579,-0.00229245789,-0.72447989,1708.96029
0.0119874318,0.147429312,0.000846744822,0.000193008247,0.0164402395,-3.39266757,1690.08499
0.0120054517,0.102249575,0.000901025049,0.0165425635,0.00392012591,-2.59264634,1712.46113
0.0120066533,0.146886817,0.00100327764,0.000277474149,0.0162288045,-3.39175,1691.15078
0.012027257,0.146305314,0.00116295434,0.000383236904,0.0160024965,-3.39022762,1692.28667
0.0120280029,0.0646303672,-0.00161894479,0.0130081076,6.35107813e-05,-1.33801817,1711.55141
0.0120493421,0.145681998,0.00132503521,0.000513133555,0.0157605035,-3.38812747,1693.49399
0.0120668681,0.0274539002,-0.0012400458,0.00269510036,-0.00243761597,-0.698049727,1708.66373
0.0120730153,0.145013864,0.00148863769,0.000670223969,0.0155020257,-3.38548404,1694.77257
0.0120983907,0.144297686,0.00165272542,0.000857769454,0.0152262889,-3.38229477,1696.12014
0.0121255907,0.143530013,0.00181609399,0.00107920336,0.0149325623,-3.37859265,1697.53162
0.0121438558,0.0252785992,-0.00114841175,0.0022603235,-0.00257174551,-0.672537926,1708.3618
0.0121440187,0.0984584434,0.000556424043,0.0170028778,0.00344976486,-2.46425267,1712.42398
0.0121547465,0.14270714,0.00197735902,0.00133809835,0.0146201779,-3.37443324,1698.99824
0.0121859987,0.141825099,0.00213494767,0.00163811508,0.0142885533,-3.36987838,1700.50674
0.012195988,0.0599612217,-0.00175703307,0.0117150358,-0.000307051466,-1.21521333,1711.36156
0.0122156791,0.0232492201,-0.0010572946,0.00188729837,-0.00269584376,-0.647434773,1708.05566
0.0122194982,0.140879634,0.00228709344,0.00198293434,0.0139372175,-3.36498267,1702.03855
0.0122554064,0.139866187,0.00243183266,0.00237616818,0.0135658382,-3.35977341,1703.56931
0.0122826843,0.0213559743,-0.000968038334,0.00156889119,-0.00281080943,-0.62238109,1707.74651
0.0122925493,0.0943947116,0.000191847176,0.0172636121,0.00297861678,-2.3258105,1712.37727
0.0122938966,0.138779867,0.00256700627,0.00282124921,0.0131742524,-3.3542198,1705.06897
0.0123351544,0.137615437,0.00269026782,0.00332129452,0.0127624974,-3.34819488,1706.50278
0.0123451948,0.0195897299,-0.000881679429,0.00129840845,-0.00291744881,-0.597156964,1707.43563
0.0123527044,0.0556052884,-0.0018428108,0.0104429003,-0.000647277925,-1.1119527,1711.15688
0.0123793788,0.136367278,0.00279909866,0.00387894184,0.0123308417,-3.34143345,1707.83348
0.012403512,0.0179419674,-0.000798991022,0.00106968575,-0.00301648307,-0.571640616,1707.12428
0.0124267832,0.13502937,0.00289083172,0.00449615651,0.0118798146,-3.33349259,1709.02494
0.01245176,0.0900387783,-0.000184575129,0.0172725627,0.00250376007,-2.1621093,1712.318
0.0124579172,0.0164047389,-0.000720524148,0.000877125019,-0.00310855623,-0.545783348,1706.81377
0.0124775962,0.133595261,0.00296268493,0.00517400816,0.0114102312,-3.32372517,1710.04682
0.0124989081,0.0515415566,-0.00188454919,0.0092259537,-0.000959759206,-1.02762581,1710.93816
0.0125086728,0.0149706296,-0.000646643225,0.000715703203,-0.00319424328,-0.519600256,1706.50537
0.0125320628,0.132058033,0.00301180567,0.00591241762,0.0109232121,-3.3112775,1710.87964
0.0125560237,0.0136327222,-0.000577561042,0.000580957459,-0.00327405806,-0.49314824,1706.20031
0.0125904459,0.13041027,0.00303532662,0.00670987584,0.0104201918,-3.29512032,1711.51888
0.0126001982,0.0123845633,-0.000513367242,0.000468956428,-0.00334846057,-0.466504455,1705.89974
0.0126224188,0.0853696328,-0.000564785014,0.016987463,0.0020215054,-1.99633075,1712.24219
0.0126353042,0.0477504251,-0.00188938331,0.00808734467,-0.00124673013,-0.958044006,1710.70622
0.0126414094,0.0112201325,-0.000454052043,0.000376261884,-0.00341786375,-0.439765474,1705.60476
0.012653027,0.128644026,0.00303043357,0.00756313818,0.00990291558,-3.27411252,1711.97643
0.0126798562,0.0101338132,-0.000399528346,0.000299886726,-0.00348263947,-0.413037044,1705.31633
0.0127157238,0.00912036556,-0.00034964971,0.000237250913,-0.00354312384,-0.386427209,1705.03533
0.012720108,0.12675078,0.00299444431,0.00846690249,0.00937341714,-3.24709078,1712.27851
0.0127491855,0.00817490128,-0.00030422556,0.0001861377,-0.00359962183,-0.360042049,1704.7625
0.0127625507,0.0442136074,-0.00186428654,0.00703973294,-0.00151023494,-0.901127588,1710.46195
0.0127804024,0.00729285993,-0.00026303385,0.000144651747,-0.00365241126,-0.33398238,1704.49847
0.0127920124,0.124721401,0.00292489962,0.00941347434,0.00883397712,-3.21295392,1712.46022
0.0128053486,0.0803647536,-0.000936934412,0.016400698,0.00152763724,-1.82716159,1712.14456
0.0128095253,0.00646998704,-0.000225831554,0.0001111798,-0.00370174618,-0.308341357,1704.24373
0.0128366946,0.0057023135,-0.000192363213,8.4354458e-05,-0.00374785977,-0.283202989,1703.99867
0.0128620414,0.00498613648,-0.00016236783,6.30212749e-05,-0.00379096679,-0.258641377,1703.76355
0.0128690871,0.1225461,0.00281965932,0.0103924451,0.00828705596,-3.17074151,1712.55854
0.0128812614,0.040914044,-0.00181527314,0.00608927904,-0.00175219642,-0.853772196,1710.20625
0.0128856879,0.00431800152,-0.000135584321,4.62091963e-05,-0.00383126566,-0.234720307,1703.53853
0.0129077481,0.00369468589,-0.00011175578,3.31044531e-05,-0.00386894018,-0.211493661,1703.32368
0.0129283285,0.00311318307,-9.0632777e-05,2.30271392e-05,-0.00390416105,-0.189004581,1703.11897
0.0129475283,0.0025706882,-7.19758251e-05,1.54122099e-05,-0.00393708712,-0.167289173,1702.92431
0.0129517038,0.120214384,0.00267701426,0.0113903659,0.00773520022,-3.11962703,1712.60469
0.0129654402,0.00206458457,-5.55571505e-05,9.78736273e-06,-0.00396786643,-0.14636501,1702.73952
0.0129821505,0.00159243101,-4.11618945e-05,5.77277446e-06,-0.0039966372,-0.126307353,1702.5644
0.0129920088,0.0378358195,-0.00174781038,0.00523672527,-0.00197443711,-0.81396316,1709.94007
0.0129977399,0.00115195011,-2.8588741e-05,3.03596773e-06,-0.00402352857,-0.107104324,1702.39867
0.013001432,0.075,-0.00128789999,0.0154851438,0.00101790723,-1.64688733,1712.01835
0.0130122835,0.000741017226,-1.76505392e-05,1.40952486e-06,-0.00404866133,-0.0889563968,1702.24206
0.0130258516,0.000357650242,-8.17401473e-06,3.35157144e-07,-0.00407214853,-0.0700019272,1702.09423
0.0130385094,0,0,0,-0.00409409196,-0.0602047985,1701.95483
0.0130402611,0.117715008,0.00249578766,0.0123905052,0.0071809211,-3.05895159,1712.62114
0.0130953271,0.0349640862,-0.0016665676,0.00447948685,-0.00217867884,-0.779597955,1709.66436
0.013135186,0.115035914,0.00227547348,0.0133725649,0.0066265467,-2.9880625,1712.62254
0.0131917147,0.0322849924,-0.00157559498,0.0038125309,-0.00236653366,-0.749181919,1709.38013
0.0131975155,0.0696352464,-0.00158269979,0.0143221569,0.000523526776,-1.48078105,1711.8664
0.0132369365,0.112164181,0.00201632587,0.0143127219,0.00607405322,-2.90652798,1712.61637
0.0132816365,0.0297856156,-0.00147828788,0.00322945775,-0.00253949644,-0.721403862,1709.08845
0.0133460033,0.109085956,0.00171958669,0.0151832596,0.0055248837,-2.81338236,1712.60549
0.0133655263,0.0274539002,-0.00137748492,0.00272306852,-0.00269894075,-0.695317363,1708.79043
0.0133804453,0.0646303672,-0.00180120589,0.0130614748,7.32347463e-05,-1.33372212,1711.69716
0.0134437886,0.0252785992,-0.00127550405,0.00228590379,-0.00284611682,-0.670180987,1708.48722
0.0134629126,0.105786393,0.00138740077,0.0159534051,0.00497976806,-2.70866718,1712.59022
0.0135168009,0.0232492201,-0.00117421325,0.00191055495,-0.00298215461,-0.64547835,1708.18006
0.013551104,0.0599612217,-0.00195299452,0.0117684054,-0.000338604656,-1.21057832,1711.51102
0.0135849155,0.0213559743,-0.0010750828,0.00158990936,-0.0031080695,-0.620848137,1707.87021
0.0135882282,0.102249575,0.0010232672,0.0165882911,0.00443855882,-2.59082929,1712.56961
0.0136484609,0.0195897299,-0.000979242863,0.00131729083,-0.00322477008,-0.596067746,1707.55899
0.0136759366,0.15,0,0,0.0200499761,-3.41040442,1685
0.0136880657,0.14964235,0.000148018214,5.78224435e-06,0.0198869458,-3.39786062,1685.70946
0.013701067,0.149258983,0.000302005361,1.93526599e-05,0.0197119567,-3.38594167,1686.46986
0.0137077436,0.0179419674,-0.000887533606,0.00108654623,-0.00333306714,-0.571012278,1707.24771
0.0137103148,0.0556052884,-0.00204662223,0.0104956367,-0.000715911065,-1.10715119,1711.30879
0.0137150032,0.14884805,0.000461831139,4.22593877e-05,0.0195241598,-3.38802546,1687.28472
0.0137225545,0.0984584434,0.000631980852,0.0170522997,0.00390012619,-2.46226844,1712.54194
0.0137299414,0.148407569,0.00062724392,7.77763517e-05,0.0193227099,-3.38881945,1688.15757
0.0137459537,0.147935415,0.000797899026,0.000127384109,0.0191067313,-3.38907272,1689.09194
0.0137630495,0.0164047389,-0.000800548099,0.000892086923,-0.00343368319,-0.545630619,1706.93769
0.0137631174,0.147429312,0.000973336845,0.000193332827,0.018875324,-3.3887063,1690.09118
0.0137815152,0.146886817,0.0011529769,0.000277996292,0.01862757,-3.38787413,1691.15829
0.013801236,0.146305314,0.00133610517,0.000384015914,0.018362543,-3.38653143,1692.29559
0.0138146455,0.0149706296,-0.000718676591,0.000728895065,-0.00352726206,-0.51993661,1706.63021
0.0138223748,0.145681998,0.00152185866,0.000514239445,0.0180793194,-3.38463536,1693.50441
0.0138450335,0.145013864,0.00170921,0.000671727626,0.0177769928,-3.38214003,1694.7846
0.0138588454,0.0515415566,-0.00209140052,0.00927753,-0.00106176994,-1.02266607,1711.09142
0.0138627803,0.0136327222,-0.000642144305,0.000592509622,-0.00361437796,-0.493984067,1706.32652
0.0138665396,0.0943947116,0.000219415367,0.017316572,0.00336230352,-2.32333773,1712.50484
0.0138693215,0.144297686,0.00189695374,0.000859742835,0.0174546901,-3.37908644,1696.13388
0.0138953559,0.143530013,0.00208369292,0.00108172852,0.0171115921,-3.3755243,1697.54716
0.0139076861,0.0123845633,-0.000571039718,0.000479000093,-0.00369554406,-0.467849333,1706.02776
0.0139232623,0.14270714,0.00226782733,0.00134126626,0.0167469566,-3.37151018,1699.01568
0.0139495797,0.0112201325,-0.000505343423,0.000384926595,-0.00377122022,-0.441628278,1705.735
0.0139531754,0.141825099,0.00244754218,0.00164202512,0.0163601446,-3.36710501,1700.52616
0.0139852393,0.140879634,0.00262080069,0.00198769837,0.0159506502,-3.36236061,1702.06002
0.0139886629,0.0101338132,-0.000444951847,0.000307299251,-0.00384181988,-0.415424899,1705.4492
0.0139974124,0.0477504251,-0.00209539339,0.0081372831,-0.00137882776,-0.953079121,1710.85992
0.0140196088,0.139866187,0.00278534366,0.00238190983,0.0155181327,-3.35730163,1703.59291
0.0140208779,0.0900387783,-0.000205195659,0.0173289151,0.00282191335,-2.15929565,1712.45518
0.0140251244,0.00912036556,-0.000389697005,0.000243534022,-0.00390771611,-0.389345767,1705.17119
0.0140564496,0.138779867,0.00293869305,0.00282810328,0.0150624516,-3.3518953,1705.09475
0.0140591401,0.00817490128,-0.00033936319,0.000191409327,-0.00396924689,-0.363495453,1704.90169
0.0140908739,0.00729285993,-0.000293700868,0.000149024317,-0.00402671965,-0.337973222,1704.64127
0.0140959394,0.137615437,0.00307816231,0.00332940709,0.0145837019,-3.34601291,1706.53079
0.0141204789,0.00646998704,-0.00025243815,0.000114759748,-0.00408041512,-0.312870625,1704.39039
0.0141266842,0.0442136074,-0.0020663789,0.00708766671,-0.00166948498,-0.896197236,1710.61535
0.0141382687,0.136367278,0.00320087531,0.00388847036,0.01408225,-3.33938741,1707.8638
0.0141480981,0.0057023135,-0.000215290167,8.72418826e-05,-0.00413059059,-0.288270012,1704.14939
0.0141738645,0.00498613648,-0.000181966614,6.53097121e-05,-0.00417748276,-0.264243777,1703.91848
0.0141836417,0.13502937,0.00330379522,0.00450726964,0.0135587668,-3.33157384,1709.0577
0.0141863138,0.0853696328,-0.000632557382,0.0170469338,0.00227494237,-1.99299392,1712.38881
0.0141979024,0.00431800152,-0.000152177719,4.79854966e-05,-0.00422131,-0.240853988,1703.69779
0.0142203279,0.00369468589,-0.000125638914,3.44487369e-05,-0.0042622744,-0.218152798,1703.48732
0.0142322772,0.133595261,0.00338376463,0.00518688548,0.0130142563,-3.32192292,1710.08224
0.014241249,0.00311318307,-0.000102074412,2.4012844e-05,-0.00430056342,-0.196181743,1703.28703
0.0142472843,0.040914044,-0.00201107951,0.00613490139,-0.00193597967,-0.848983497,1710.35877
0.0142607667,0.0025706882,-8.12198831e-05,1.61061838e-05,-0.00433635133,-0.174975265,1703.09676
0.0142789751,0.00206458457,-6.28243422e-05,1.02500537e-05,-0.00436980043,-0.154549554,1702.91633
0.0142844099,0.132058033,0.0034375581,0.00592724913,0.0124500765,-3.30957907,1710.91806
0.0142959621,0.00159243101,-4.6651413e-05,6.05836886e-06,-0.00440106206,-0.134978029,1702.7455
0.0143118096,0.00115195011,-3.24799789e-05,3.19266606e-06,-0.00443027755,-0.116251009,1702.58398
0.014326594,0.000741017226,-2.01048094e-05,1.48225245e-06,-0.004457579,-0.0985707001,1702.43145
0.0143403867,0.000357650242,-9.33616101e-06,3.63643304e-07,-0.00448308993,-0.0800074418,1702.28759
0.0143402911,0.13041027,0.00346194788,0.00672686117,0.0118679493,-3.29351145,1711.56078
0.0143532541,0,0,0,-0.00450692179,-0.0703668469,1702.15202
0.0143597943,0.0378358195,-0.00193555528,0.00527981985,-0.00218041672,-0.809365891,1710.09128
0.0143636453,0.0803647536,-0.00104929054,0.016462795,0.00171682086,-1.82343579,1712.30024
0.0144001905,0.128644026,0.00345378304,0.00758248576,0.0112699539,-3.27257812,1712.02244
0.0144643969,0.12675078,0.00341008116,0.00848882757,0.0106585014,-3.24561453,1712.32942
0.0144647571,0.0349640862,-0.00184498411,0.00451989648,-0.00240477102,-0.775265674,1709.81399
0.0145332201,0.124721401,0.00332813246,0.00943819788,0.0100362847,-3.21152076,1712.51696
0.0145537278,0.075,-0.00144059977,0.0155495055,0.00114296229,-1.64262592,1712.18247
0.0145626788,0.0322849924,-0.00174383346,0.00385016647,-0.00261088147,-0.745160848,1709.52806
0.014606992,0.1225461,0.0032056117,0.0104201888,0.00940620063,-3.16933327,1712.62184
0.0146540318,0.0297856156,-0.00163584566,0.00326427968,-0.00280044581,-0.717744907,1709.23465
0.0146860684,0.120214384,0.00304070231,0.0114213518,0.00877124163,-3.11822866,1712.67514
0.0147392567,0.0274539002,-0.00152413811,0.00275508543,-0.00297501776,-0.692058163,1708.93499
0.0147438104,0.0696352464,-0.0017677483,0.014387803,0.000588507943,-1.47587688,1712.03757
0.0147708308,0.117715008,0.00283221755,0.0124249456,0.00813435608,-3.05753117,1712.6995
0.0148187646,0.0252785992,-0.00141125251,0.00231516104,-0.00313600703,-0.66735746,1708.63033
0.014861688,0.115035914,0.00257974634,0.0134106638,0.00749827982,-2.98656238,1712.70944
0.0148929391,0.0232492201,-0.0012992312,0.00193712963,-0.00328468426,-0.643119299,1708.32197
0.0149211419,0.0646303672,-0.00200893149,0.01312751,8.53261332e-05,-1.32840415,1711.87353
0.0149590783,0.112164181,0.00228376514,0.0143546503,0.00686534469,-2.90489833,1712.71231
0.0149621378,0.0213559743,-0.00118967805,0.00161390292,-0.00342218848,-0.618980204,1708.01126
0.0150266946,0.0195897299,-0.00108382237,0.00133882384,-0.00354953679,-0.594713131,1707.69955
0.0150634713,0.109085956,0.00194585262,0.0152291668,0.00623727447,-2.81166871,1712.7109
0.0150865778,0.0599612217,-0.0021753245,0.0118340108,-0.000373364551,-1.20482124,1711.69095
0.0150869208,0.0179419674,-0.000982574698,0.00110575311,-0.00366763504,-0.570184427,1707.38818
0.015143107,0.0164047389,-0.000886574362,0.000909111061,-0.00377728905,-0.545348167,1707.07851
0.0151753708,0.105786393,0.00156866909,0.0160034088,0.00561498215,-2.7067951,1712.70546
0.0151955241,0.0149706296,-0.00079623912,0.000743886014,-0.00387921565,-0.520218415,1706.77184
0.0152409161,0.0556052884,-0.00227687253,0.0105600598,-0.000792332447,-1.10119799,1711.49085
0.015244425,0.0136327222,-0.000711806065,0.000605620177,-0.00397405319,-0.494839936,1706.46938
0.0152900456,0.0123845633,-0.0006333633,0.000490382724,-0.00406237129,-0.469288875,1706.17229
0.0152953163,0.102249575,0.00115636477,0.0166424039,0.00499839389,-2.58874381,1712.69493
0.0153326059,0.0112201325,-0.000560881685,0.00039473203,-0.00414467963,-0.4436596,1705.88162
0.0153723112,0.0101338132,-0.000494240522,0.000315674748,-0.00422143578,-0.418054207,1705.59829
0.0153849011,0.0515415566,-0.00232415871,0.00934017581,-0.00117533036,-1.01653534,1711.2744
0.0154093531,0.00912036556,-0.00043324938,0.000250622035,-0.00429305207,-0.392577408,1705.3231
0.0154238865,0.0984584434,0.000714583839,0.0171106032,0.0043863335,-2.45996896,1712.67753
0.0154439101,0.00817490128,-0.000377666364,0.00019734648,-0.00435990155,-0.3673319,1705.05672
0.015476149,0.00729285993,-0.000327213301,0.000153940623,-0.00442232308,-0.342415054,1704.7997
0.0155062252,0.00646998704,-0.000281588276,0.000118778017,-0.0044806257,-0.317916524,1704.55244
0.0155192275,0.0477504251,-0.00232636412,0.00819761528,-0.00152555592,-0.946951067,1711.0428
0.0155342839,0.0057023135,-0.000240475864,9.0477316e-05,-0.00453509232,-0.293916748,1704.31522
0.0155604604,0.00498613648,-0.000203555361,6.7869636e-05,-0.00458598288,-0.270486207,1704.08823
0.0155617015,0.0943947116,0.000250177763,0.0173788566,0.00377646612,-2.32050702,1712.65076
0.015584881,0.00431800152,-0.000170507302,4.99692296e-05,-0.00463353695,-0.247685104,1703.87154
0.0156076633,0.00369468589,-0.000141018527,3.59475722e-05,-0.004677976,-0.225563801,1703.66512
0.0156289175,0.00311318307,-0.000114786061,2.51101447e-05,-0.00471950527,-0.204162199,1703.46888
0.0156445431,0.0442136074,-0.00229220566,0.00714528759,-0.00184588052,-0.890127701,1710.79731
0.0156487458,0.0025706882,-9.1519976e-05,1.68775472e-05,-0.00475831537,-0.183513122,1703.28265
0.0156672441,0.00206458457,-7.09454001e-05,1.07635742e-05,-0.00479458366,-0.163631411,1703.10621
0.0156845014,0.00159243101,-5.28038284e-05,6.3748807e-06,-0.00482847544,-0.144588831,1702.9393
0.0157006011,0.00115195011,-3.68537805e-05,3.36608924e-06,-0.00486014492,-0.126377794,1702.7816
0.0157094261,0.0900387783,-0.000226428518,0.0173949966,0.00316534264,-2.15598973,1712.61138
0.0157156209,0.000741017226,-2.28713834e-05,1.56242409e-06,-0.00488973614,-0.109202082,1702.63279
0.015729633,0.000357650242,-1.06499196e-05,3.93602087e-07,-0.00491738374,-0.0910616295,1702.49253
0.0157423249,0.15,0,0,0.0230794605,-3.40076843,1685
0.0157427052,0,0,0,-0.00494320945,-0.0815920552,1702.36044
0.0157534375,0.14964235,0.000170640234,5.81548638e-06,0.0228876247,-3.38955138,1685.71058
0.0157614523,0.040914044,-0.00222922473,0.00618948729,-0.00213895298,-0.843095764,1710.53918
0.015765349,0.149258983,0.000348123404,1.93875203e-05,0.0226817981,-3.37897868,1686.4722
0.0157781171,0.14884805,0.000532253365,4.25055547e-05,0.0224610094,-3.38117047,1687.28835
0.0157918033,0.148407569,0.000722732147,7.81833985e-05,0.022224284,-3.38232663,1688.16259
0.0158064735,0.147935415,0.000919136133,0.000127998038,0.0219706143,-3.38291889,1689.09846
0.0158221987,0.147429312,0.00112092311,0.000194194687,0.0216989666,-3.38287277,1690.0993
0.0158390545,0.146886817,0.00132741224,0.000279156824,0.0214082894,-3.38229548,1691.16811
0.0158571223,0.146305314,0.00153776798,0.000385524513,0.0210975245,-3.38111043,1692.30725
0.0158677727,0.0853696328,-0.000704627639,0.0171165094,0.00254860352,-1.98903216,1712.5551
0.0158705192,0.0378358195,-0.00214415354,0.00533115403,-0.0024072402,-0.803723551,1710.26969
0.0158764893,0.145681998,0.00175098503,0.000516150792,0.0207656203,-3.37934867,1693.51803
0.0158972489,0.145013864,0.00196586917,0.000674113386,0.0204115487,-3.37704605,1694.8003
0.0159195012,0.144297686,0.00218101767,0.00086269279,0.0200343246,-3.37419784,1696.15178
0.0159433536,0.143530013,0.00239480694,0.00108534541,0.0196330299,-3.37084016,1697.56739
0.015968921,0.14270714,0.00260538096,0.00134566607,0.0192068402,-3.36703139,1699.03836
0.0159722697,0.0349640862,-0.00204273943,0.00456783267,-0.00265303679,-0.76995237,1709.99013
0.0159963269,0.141825099,0.00281064074,0.00164733647,0.018755056,-3.36283285,1700.5514
0.0160257033,0.140879634,0.00300823446,0.00199406185,0.0182771369,-3.35829703,1702.0879
0.0160375053,0.0803647536,-0.00116938545,0.0165352158,0.00192130243,-1.8190346,1712.47621
0.0160571921,0.139866187,0.00319555703,0.00238948044,0.0177727394,-3.35344835,1703.6235
0.0160671946,0.0322849924,-0.00192991027,0.00389463609,-0.00287846442,-0.740232164,1709.70178
0.0160909451,0.138779867,0.00336975862,0.00283705008,0.0172417568,-3.34825314,1705.12811
0.016127125,0.137615437,0.00352775807,0.00333991299,0.0166843601,-3.34258098,1706.56699
0.0161557519,0.0297856156,-0.00180978586,0.003305271,-0.00308547037,-0.713257901,1709.40595
0.0161659065,0.136367278,0.00366626606,0.00390073174,0.0161010388,-3.3361623,1707.90293
0.0162074766,0.13502937,0.00378182004,0.00452149585,0.0154926389,-3.32854921,1709.09988
0.0162194423,0.075,-0.00160406101,0.0156243162,0.00127849,-1.63756138,1712.36749
0.0162383686,0.0274539002,-0.00168578276,0.00279264017,-0.00327582738,-0.68805595,1709.10399
0.0162520357,0.133595261,0.0038708323,0.00520329818,0.0148603947,-3.31908939,1710.12772
0.0162997989,0.132058033,0.00392965234,0.00594608144,0.014205952,-3.30692435,1710.96723
0.0163154433,0.0252785992,-0.0015606791,0.00234936142,-0.00345113713,-0.66387937,1708.79725
0.0163509964,0.13041027,0.00395464418,0.00674835645,0.0135313779,-3.29102064,1711.61422
0.0163873477,0.0232492201,-0.0014366986,0.00196809182,-0.00361283792,-0.640196706,1708.48711
0.0164013794,0.0696352464,-0.00196594679,0.0144638968,0.000659526191,-1.47002557,1712.2302
0.0164058753,0.128644026,0.00394227875,0.00760689601,0.0128391523,-3.27023439,1712.08089
0.0164544287,0.0213559743,-0.00131558158,0.0016417689,-0.0037622149,-0.616641672,1708.17498
0.0164647002,0.12675078,0.00388924054,0.00851641093,0.0121321362,-3.24339918,1712.39378
0.0165170098,0.0195897299,-0.001198656,0.00136375404,-0.00390041224,-0.592981499,1707.86226
0.016527755,0.124721401,0.00379254728,0.00946921616,0.0114135131,-3.20941498,1712.5883
0.0165711119,0.0646303672,-0.00223144707,0.0132038475,9.96256795e-05,-1.3220427,1712.07186
0.0165753928,0.0179419674,-0.00108689826,0.00112792309,-0.00402844628,-0.569076676,1707.55033
0.0165953436,0.1225461,0.00364967939,0.010454902,0.0106866978,-3.16731507,1712.70098
0.0166298595,0.0164047389,-0.000980991842,0.000928704042,-0.0041472189,-0.544880421,1707.24057
0.0166677922,0.120214384,0.00345871956,0.0114600153,0.0099552108,-3.11627476,1712.76271
0.0166806725,0.0149706296,-0.000881378557,0.000761088698,-0.00425753051,-0.52040399,1706.93426
0.0167280769,0.0136327222,-0.000788300469,0.000620621845,-0.0043600923,-0.495689264,1706.63263
0.0167294586,0.0599612217,-0.00241348341,0.0119096824,-0.000409240342,-1.1979366,1711.89324
0.0167454502,0.117715008,0.0032184928,0.0124677977,0.00922251769,-3.05560938,1712.7963
0.0167723013,0.0123845633,-0.000701839535,0.000503370321,-0.00445553754,-0.470810646,1706.33682
0.0168135591,0.0112201325,-0.000621951114,0.000405888834,-0.00454443167,-0.445859514,1706.04784
0.0168286922,0.115035914,0.00292872426,0.0134579281,0.00849183672,-2.98468454,1712.81606
0.0168520493,0.0101338132,-0.000548491886,0.000325178326,-0.00462728129,-0.420935847,1705.76658
0.0168771831,0.0556052884,-0.00252352555,0.010634209,-0.000872767269,-1.09407497,1711.69559
0.0168879575,0.00912036556,-0.000481243748,0.000258642935,-0.00470454203,-0.396142163,1705.4938
0.0169179197,0.112164181,0.00259018023,0.0144065111,0.00776592122,-2.90299407,1712.82921
0.0169214569,0.00817490128,-0.000419933747,0.000204047171,-0.00477662528,-0.371579007,1705.23014
0.0169527092,0.00729285993,-0.000364250624,0.000159474714,-0.00484390405,-0.347341601,1704.97608
0.016981865,0.00646998704,-0.000313858431,0.000123289707,-0.00490671791,-0.323517487,1704.73198
0.017009065,0.0057023135,-0.000268407616,9.4101045e-05,-0.00496537719,-0.300185041,1704.4981
0.017013563,0.109085956,0.00220486602,0.0152857681,0.00704682979,-2.80965909,1712.83843
0.0170149981,0.0515415566,-0.00257351311,0.00941214001,-0.00129543658,-1.00921219,1711.48028
0.0170344404,0.00498613648,-0.000227543929,7.07299047e-05,-0.00502016651,-0.277412742,1704.27456
0.0170581136,0.00431800152,-0.000190915444,5.21805727e-05,-0.00507134781,-0.25525889,1704.06139
0.0170801987,0.00369468589,-0.00015817801,3.76146629e-05,-0.00511916287,-0.233772076,1703.85853
0.0171008024,0.00311318307,-0.000128999371,2.63280256e-05,-0.00516383544,-0.212990645,1703.66586
0.0171160836,0.105786393,0.00177606196,0.0160648514,0.00633569693,-2.70458772,1712.84385
0.0171200239,0.0025706882,-0.000103062186,1.7731939e-05,-0.00520557305,-0.192945925,1703.48319
0.017137956,0.00206458457,-8.00661101e-05,1.13312797e-05,-0.00524456857,-0.173651511,1703.31025
0.0171435683,0.0477504251,-0.00257383479,0.00826679714,-0.00168104708,-0.939627315,1711.24872
0.0171546853,0.00159243101,-5.97291237e-05,6.72416647e-06,-0.00528100154,-0.155177647,1703.14677
0.0171702923,0.00115195011,-4.17881504e-05,3.55713867e-06,-0.00531503931,-0.137518816,1702.99243
0.0171848523,0.000741017226,-2.5999569e-05,1.65030631e-06,-0.00534683801,-0.120880965,1702.84688
0.0171984357,0.000357650242,-1.21387191e-05,4.25820493e-07,-0.00537654348,-0.103191298,1702.70977
0.0172111079,0,0,0,-0.00540428787,-0.0939033417,1702.58072
0.0172259759,0.102249575,0.00130869462,0.0167086442,0.00563254752,-2.58625127,1712.84434
0.0172635139,0.0442136074,-0.0025342121,0.00721124855,-0.00203298312,-0.882880641,1711.00236
0.0173437699,0.0984584434,0.000809420155,0.0171816874,0.00493616819,-2.45722774,1712.83801
0.0173754133,0.040914044,-0.00246306437,0.00625187474,-0.00235434021,-0.836062039,1710.74266
0.0174700339,0.0943947116,0.000286216976,0.0174544536,0.00424404839,-2.31716154,1712.82229
0.0174798064,0.0378358195,-0.00236784181,0.00538973508,-0.00264797832,-0.796982972,1710.47109
0.0175771967,0.0349640862,-0.00225489875,0.00462245567,-0.00291653888,-0.763598302,1710.18909
0.0176053769,0.0900387783,-0.000248990177,0.0174748473,0.00355245122,-2.15193769,1712.79382
0.0176680539,0.0322849924,-0.00212965335,0.00394523582,-0.00316244976,-0.734330877,1709.89813
0.0177504517,0.0853696328,-0.000784277662,0.0172003294,0.00285665114,-1.98414873,1712.74818
0.0177528163,0.0297856156,-0.00199662614,0.00335184701,-0.00338792813,-0.70787321,1709.59965
0.0178318927,0.0274539002,-0.00185955112,0.00283525118,-0.00359498345,-0.683237473,1709.29514
0.0179056646,0.0252785992,-0.00172145661,0.00238811176,-0.00378542472,-0.659670733,1708.98604
0.017905958,0.0803647536,-0.00130275631,0.0166220543,0.00215130871,-1.81367106,1712.67948
0.0179744878,0.0232492201,-0.00158475809,0.00200312334,-0.00396087114,-0.636633125,1708.67383
0.0180386942,0.0213559743,-0.00145133999,0.00167325199,-0.00412276536,-0.613753065,1708.35999
0.018072646,0.075,-0.00178548951,0.0157135328,0.00143110113,-1.63138311,1712.58029
0.0180980266,0.15,0,0,0.0265331005,-3.39644689,1685
0.0180985935,0.0195897299,-0.00132263397,0.0013918792,-0.00427238851,-0.59078991,1708.04597
0.0181076549,0.14964235,0.000196633377,5.8228888e-06,0.0263079419,-3.3841299,1685.71202
0.0181179755,0.149258983,0.000401024935,1.94924855e-05,0.0260664498,-3.37251717,1686.47517
0.0181290382,0.14884805,0.000612966046,4.25688708e-05,0.0258075138,-3.37485608,1687.29296
0.0181408964,0.148407569,0.000832086253,7.83056418e-05,0.0255300114,-3.375987,1688.16897
0.0181536072,0.147935415,0.00105789648,0.000128238265,0.0252327849,-3.37651743,1689.10673
0.0181544748,0.0179419674,-0.00119968646,0.00115289601,-0.00441087587,-0.567605499,1707.73319
0.018167232,0.147429312,0.00128977058,0.000194618593,0.0249146487,-3.37643154,1690.1096
0.0181818365,0.146886817,0.00152691918,0.000279839339,0.0245743997,-3.37590366,1691.18058
0.0181974912,0.146305314,0.00176836973,0.000386560081,0.0242108302,-3.3748953,1692.32204
0.0182066074,0.0164047389,-0.00108322565,0.00095074001,-0.00453923266,-0.544148028,1707.42303
0.0182142714,0.145681998,0.00201294547,0.000517655793,0.0238227443,-3.37337424,1693.5353
0.0182322583,0.145013864,0.00225924925,0.000676214844,0.0234089772,-3.37129659,1694.8202
0.018239334,0.0696352464,-0.00218557402,0.0145542466,0.000740123339,-1.46287114,1712.45104
0.0182515385,0.144297686,0.00250564966,0.000865522642,0.0229684187,-3.36868064,1696.17449
0.018255243,0.0149706296,-0.00097371709,0.000780406547,-0.00465834916,-0.520418674,1707.11679
0.018272205,0.143530013,0.00275026192,0.00108904579,0.0225000409,-3.36557258,1697.59305
0.0182943576,0.14270714,0.00299093243,0.00135039274,0.0220029298,-3.36202698,1699.06712
0.018300616,0.0136327222,-0.000871409041,0.000637441038,-0.00476901483,-0.496459442,1706.81569
0.018318103,0.141825099,0.00322523021,0.00165326309,0.0214763213,-3.35810068,1700.58337
0.0183429453,0.0123845633,-0.00077637683,0.000517907705,-0.00487193124,-0.472343187,1706.52084
0.0183435558,0.140879634,0.00345044331,0.00200137292,0.0209196412,-3.35384498,1702.12321
0.0183708389,0.139866187,0.0036635767,0.00239837002,0.0203325487,-3.34928094,1703.66221
0.0183824351,0.0112201325,-0.000688559083,0.0004183563,-0.00496772363,-0.448158218,1706.23323
0.0183948403,0.0646303672,-0.00247754868,0.0132940824,0.00011725671,-1.31430205,1712.29871
0.0184000836,0.138779867,0.00386135836,0.00284772696,0.0197149827,-3.34436948,1705.17029
0.0184192759,0.0101338132,-0.000607788452,0.00033578062,-0.00505695116,-0.424001895,1705.95371
0.0184314313,0.137615437,0.00404025758,0.0033526003,0.0190672086,-3.33897544,1706.61269
0.0184536454,0.00912036556,-0.000533817604,0.00026757614,-0.00514011574,-0.399974202,1705.683
0.018465033,0.136367278,0.00419651535,0.00391566621,0.0183898651,-3.33282507,1707.95222
0.0184857093,0.00817490128,-0.000466340923,0.000211497516,-0.0052176698,-0.376173222,1705.42168
0.0185010507,0.13502937,0.00432618748,0.00453892695,0.0176840068,-3.32546653,1709.15292
0.0185156223,0.00729285993,-0.000405012471,0.000165617717,-0.0052900228,-0.352691784,1705.1702
0.0185396584,0.133595261,0.00442520128,0.00522348758,0.0169511407,-3.31624372,1710.18476
0.0185399151,0.0599612217,-0.00267637313,0.0119987824,-0.00044700711,-1.18958074,1712.1243
0.0185435288,0.00646998704,-0.000349460745,0.000128289591,-0.00535754685,-0.329615129,1704.92889
0.0185695632,0.0057023135,-0.000299300654,9.81103918e-05,-0.00542058145,-0.307019451,1704.69793
0.0185810421,0.132058033,0.00448942886,0.00596930186,0.0161932511,-3.30429471,1711.02871
0.0185938512,0.00498613648,-0.000254143102,7.38895269e-05,-0.00547943752,-0.284971171,1704.47743
0.0186165099,0.00431800152,-0.000213602524,5.46195569e-05,-0.00553440073,-0.263526685,1704.26736
0.0186254015,0.13041027,0.00451477783,0.00677489005,0.0154128096,-3.28858328,1711.68076
0.0186376487,0.00369468589,-0.000177302701,3.94505701e-05,-0.00558573438,-0.242732856,1704.06765
0.0186573694,0.00311318307,-0.000144881125,2.76672302e-05,-0.00563368183,-0.222626536,1703.87813
0.0186729506,0.128644026,0.00449729888,0.00763703215,0.0146127635,-3.2679637,1712.15335
0.0186752581,0.0556052884,-0.00279529014,0.0107211904,-0.000959468262,-1.08543019,1711.92925
0.0186757673,0.0025706882,-0.000115992158,1.86700625e-05,-0.00567846849,-0.203237667,1703.69859
0.018692931,0.00206458457,-9.0309181e-05,1.19537046e-05,-0.00572030363,-0.184578648,1703.52874
0.0187089433,0.00159243101,-6.75259183e-05,7.10656671e-06,-0.00575938179,-0.166718382,1703.3683
0.0187238815,0.00115195011,-4.73570075e-05,3.76595359e-06,-0.00579588416,-0.149653263,1703.21692
0.0187239186,0.12675078,0.00443330944,0.00855044289,0.0137964977,-3.24126827,1712.47316
0.0187378177,0.000741017226,-2.95384401e-05,1.74613706e-06,-0.0058299796,-0.133592999,1703.07425
0.0187508189,0.000357650242,-1.38269283e-05,4.60727927e-07,-0.00586182571,-0.116384889,1702.93991
0.0187629481,0,0,0,-0.0058915657,-0.107290046,1702.81354
0.0187785515,0.124721401,0.0043195315,0.0095074374,0.0129677652,-3.20739665,1712.67572
0.018801522,0.0515415566,-0.00284778289,0.00949626485,-0.00142547662,-1.00034169,1711.71513
0.0188371128,0.1225461,0.00415324051,0.0104975995,0.0121305811,-3.16537989,1712.79729
0.0188998848,0.120214384,0.00393242398,0.0115074658,0.0112890767,-3.11439283,1712.86862
0.0189193161,0.0477504251,-0.00284561185,0.00834740453,-0.00184954554,-0.93075698,1711.48356
0.0189671705,0.117715008,0.00365594279,0.0125202559,0.0104473156,-3.05372974,1712.91254
0.0190292084,0.0442136074,-0.00279962377,0.00728786361,-0.00223566623,-0.874114251,1711.23618
0.0190392944,0.115035914,0.00332369991,0.0135156242,0.00960907282,-2.98271609,1712.94315
0.0191166043,0.112164181,0.00293680754,0.0144696181,0.00877758877,-2.90087591,1712.9675
0.0191317289,0.040914044,-0.00271921431,0.00632412555,-0.00258745961,-0.827554366,1710.97467
0.0191994732,0.109085956,0.00249778251,0.0153544068,0.0079553096,-2.80739617,1712.9881
0.0192273723,0.0378358195,-0.00261262617,0.00545738558,-0.00290824524,-0.788833247,1710.70069
0.0192883007,0.105786393,0.0020106287,0.0161391014,0.00714363041,-2.7020813,1713.005
0.0193165997,0.0349640862,-0.00248687728,0.00468536458,-0.00320106747,-0.755912249,1710.41588
0.0193835153,0.102249575,0.0014811796,0.0167883761,0.00634269512,-2.58334571,1713.01699
0.0193998417,0.0322849924,-0.00234791868,0.00400335837,-0.00346870799,-0.727186895,1710.12188
0.0194774997,0.0297856156,-0.00220070225,0.00340521195,-0.00371369422,-0.701342888,1709.8203
0.0194855763,0.0984584434,0.000917259183,0.0172669319,0.00555125752,-2.45403611,1713.02211
0.0195499483,0.0274539002,-0.00204930152,0.00288395246,-0.0039383064,-0.677377136,1709.51274
0.019594976,0.0943947116,0.000328123253,0.0175446061,0.00476662326,-2.31312222,1713.01773
0.019617537,0.0252785992,-0.0018970098,0.00243229357,-0.0041445895,-0.654528167,1709.20079
0.0196805917,0.0232492201,-0.00174644384,0.00204297046,-0.00433436775,-0.632246703,1708.88601
0.0197122421,0.0900387783,-0.000272319621,0.0175695894,0.00398474591,-2.14713812,1713.00044
0.0197394167,0.0213559743,-0.00159963708,0.0017089791,-0.00450926163,-0.610153099,1708.56996
0.0197942956,0.0195897299,-0.00145812637,0.00142372308,-0.00467070624,-0.587998489,1708.25414
0.0198379401,0.0853696328,-0.000871143119,0.0172996785,0.00320050887,-1.97843118,1712.96573
0.0198454931,0.0179419674,-0.00132303097,0.00118110667,-0.00481997014,-0.565642861,1707.94001
0.0198932563,0.0164047389,-0.00119512265,0.00097557611,-0.00495817389,-0.543030844,1707.62897
0.0199378154,0.0149706296,-0.00107488589,0.000802130485,-0.00508630766,-0.520157741,1707.32231
0.0199726764,0.0803647536,-0.00144937587,0.0167245094,0.00240815728,-1.80714753,1712.90761
0.0199793854,0.0136327222,-0.000962572097,0.000656313236,-0.00520524761,-0.497061892,1707.02126
0.0200181669,0.0123845633,-0.000858246399,0.000534184022,-0.00531577068,-0.47381226,1706.72688
0.0200543469,0.0112201325,-0.000761826884,0.000432285092,-0.00541856782,-0.450494067,1706.44014
0.0200880999,0.0101338132,-0.000673118313,0.000347600618,-0.00551425568,-0.427201708,1706.16185
0.0201171009,0.075,-0.00198500413,0.015818167,0.00160197815,-1.62390967,1712.81845
0.0201195886,0.00912036556,-0.000591840407,0.000277514782,-0.00560338665,-0.404032359,1705.8927
0.0201489651,0.00817490128,-0.000517651381,0.000219769732,-0.00568645764,-0.381081427,1705.63322
0.020176371,0.00729285993,-0.000450167393,0.000172425081,-0.00576391747,-0.358439194,1705.38381
0.0202019384,0.00646998704,-0.000388978454,0.000133819794,-0.00583617325,-0.336188508,1705.14476
0.0202257908,0.0057023135,-0.000333661307,0.000102536998,-0.00590359571,-0.314403358,1704.91621
0.0202480431,0.00498613648,-0.000283789673,7.73719684e-05,-0.00596652375,-0.293148163,1704.69821
0.0202615254,0.0696352464,-0.0024269578,0.0146598319,0.000831324855,-1.45416347,1712.69781
0.0202688026,0.00431800152,-0.000238942277,5.73033361e-05,-0.0060252682,-0.272477525,1704.49074
0.0202881696,0.00369468589,-0.000198708999,4.14676249e-05,-0.0060801151,-0.252436734,1704.29366
0.0203062375,0.00311318307,-0.000162695446,2.91364434e-05,-0.0061313284,-0.233061333,1704.10679
0.0203230933,0.0025706882,-0.000130526229,1.96978782e-05,-0.00617915223,-0.214380114,1703.92989
0.0203388184,0.00206458457,-0.000101847147,1.26347895e-05,-0.00622381291,-0.196404366,1703.76266
0.0203534887,0.00159243101,-7.63264849e-05,7.52454549e-06,-0.00626552059,-0.179201918,1703.60478
0.0203671749,0.00115195011,-5.36555116e-05,3.99381333e-06,-0.00630447075,-0.162771022,1703.45591
0.0203799429,0.000741017226,-3.35488155e-05,1.85090713e-06,-0.00634084537,-0.147328249,1703.31568
0.0203918545,0.000357650242,-1.5743733e-05,4.98978866e-07,-0.00637481412,-0.130631962,1703.18371
0.0203962617,0.0646303672,-0.00274774524,0.0133991147,0.000139079997,-1.30488123,1712.55212
0.020402967,0,0,0,-0.00640653165,-0.121739714,1703.05962
0.0205219597,0.0599612217,-0.00296464022,0.0121021434,-0.000485971441,-1.17940246,1712.3825
0.0206190501,0.15,0,0,0.0302291151,-3.38700556,1685
0.0206270348,0.14964235,0.00022439027,5.86739694e-06,0.0299681991,-3.37463053,1685.71373
0.0206355936,0.149258983,0.000457642772,1.9605741e-05,0.0296884367,-3.36319329,1686.47871
0.0206392258,0.0556052884,-0.00309294684,0.0108217711,-0.00105190802,-1.07489863,1712.19057
0.0206447679,0.14884805,0.000699471975,4.27522171e-05,0.029388569,-3.36594788,1687.29847
0.0206546018,0.148407569,0.00094943244,7.8659623e-05,0.0290673159,-3.36741312,1688.17658
0.0206651429,0.147935415,0.00120695115,0.000128831594,0.0287233588,-3.36828119,1689.11659
0.0206764419,0.147429312,0.00147128667,0.000195529679,0.0283553496,-3.36854909,1690.12188
0.0206885533,0.146886817,0.00174151109,0.000281157522,0.0279619232,-3.3683741,1691.19545
0.0207015356,0.146305314,0.00201648919,0.000388383929,0.0275417125,-3.36768341,1692.33966
0.0207154514,0.145681998,0.00229485964,0.000520088366,0.0270933675,-3.36646303,1693.55586
0.0207303678,0.145013864,0.00257501299,0.000679369998,0.0266155778,-3.36470548,1694.84389
0.0207463568,0.144297686,0.00285506953,0.000869532943,0.0261071001,-3.3624257,1696.20148
0.0207486254,0.0515415566,-0.00314786524,0.00959325047,-0.00156508466,-0.989559975,1711.97806
0.0207634955,0.143530013,0.00313286241,0.00109405917,0.02556679,-3.35965739,1697.62353
0.0207818665,0.14270714,0.00340592245,0.00135657135,0.0249936386,-3.35645101,1699.10123
0.0208015584,0.141825099,0.0036714659,0.00166078632,0.0243868142,-3.35286337,1700.62127
0.0208226664,0.140879634,0.00392639159,0.00201043879,0.0237457081,-3.34894419,1702.16499
0.020845292,0.139866187,0.00416728305,0.00240919272,0.0230699844,-3.3447117,1703.70796
0.0208506864,0.0477504251,-0.00314268635,0.00844007282,-0.00203084039,-0.9199794,1711.74678
0.0208695446,0.138779867,0.00439041568,0.00286053836,0.022359633,-3.34012398,1705.22006
0.020895541,0.137615437,0.00459177901,0.00336764849,0.0216150228,-3.33504392,1706.66652
0.0209234068,0.136367278,0.00476711222,0.00393321507,0.0208369547,-3.32919535,1708.01018
0.0209459011,0.0442136074,-0.00308950661,0.00737570442,-0.00245386571,-0.863478257,1711.49857
0.0209532761,0.13502937,0.00491195488,0.00455925731,0.02002671,-3.32212336,1709.21514
0.0209852933,0.133595261,0.0050217144,0.00524689533,0.0191860905,-3.31316898,1710.25149
0.0210196126,0.132058033,0.00509175163,0.00599609573,0.0183174463,-3.30146738,1711.10039
0.0210347286,0.040914044,-0.00299879655,0.00640675059,-0.0028383848,-0.817235196,1711.23532
0.0210563996,0.13041027,0.00511748555,0.00680538956,0.0174236854,-3.28597945,1711.75805
0.0210958318,0.128644026,0.00509451725,0.00767156443,0.016508259,-3.26555709,1712.23712
0.0211175975,0.0378358195,-0.00287966819,0.0055345579,-0.00318824277,-0.778952501,1710.95889
0.0211380994,0.12675078,0.00501877177,0.0085893385,0.0155751161,-3.23903061,1712.56443
0.0211834062,0.124721401,0.00488665536,0.00955102525,0.0146286228,-3.20529781,1712.77554
0.0211949074,0.0349640862,-0.00273986097,0.00475695653,-0.00350694326,-0.746589354,1710.67112
0.0212319708,0.1225461,0.00469522528,0.0105461997,0.0136734392,-3.16338558,1712.90651
0.0212670312,0.0322849924,-0.00258590319,0.00406934901,-0.0037976697,-0.718513195,1710.37384
0.0212840274,0.120214384,0.00444236922,0.0115613819,0.0127143531,-3.11246311,1712.98794
0.0213343169,0.0297856156,-0.00242321035,0.00346566308,-0.00406330026,-0.693398042,1710.06884
0.0213398271,0.117715008,0.00412699149,0.0125797602,0.011756069,-3.05181847,1713.04256
0.021397089,0.0274539002,-0.00225621908,0.0029389972,-0.00430642048,-0.670223947,1709.75787
0.0213996391,0.115035914,0.00374919809,0.0135809641,0.0108029593,-2.9808052,1713.08422
0.0214556503,0.0252785992,-0.00208850392,0.00248212022,-0.00452934055,-0.648218124,1709.44266
0.0214637518,0.112164181,0.00331045454,0.0145409876,0.00985878457,-2.89887585,1713.11978
0.0215102832,0.0232492201,-0.00192289384,0.00208781073,-0.00473411453,-0.626820131,1709.12488
0.0215324746,0.109085956,0.0028138256,0.0154319236,0.00892640465,-2.80518203,1713.15162
0.0215612512,0.0213559743,-0.00176157799,0.00174909614,-0.00492256159,-0.605641976,1708.80615
0.0216061388,0.105786393,0.00226410623,0.0162228358,0.00800748895,-2.69952514,1713.17972
0.0216088003,0.0195897299,-0.00160620272,0.00145940265,-0.00509628845,-0.584431329,1708.48805
0.0216531597,0.0179419674,-0.00145795964,0.00121264854,-0.00525671178,-0.563037245,1708.17207
0.0216850999,0.102249575,0.00166811785,0.0168781456,0.0071023051,-2.58022653,1713.20281
0.0216945434,0.0164047389,-0.0013176625,0.00100328704,-0.00540507995,-0.541393685,1707.85963
0.021733151,0.0149706296,-0.00118581428,0.000826318439,-0.00554249357,-0.519495593,1707.55204
0.0217691688,0.0136327222,-0.00106266697,0.00067728258,-0.00566992433,-0.497378265,1707.25049
0.0217697386,0.0984584434,0.00103488219,0.0173628612,0.00620956734,-2.45051967,1713.21895
0.0218027705,0.0123845633,-0.000948272163,0.000552232141,-0.00578823196,-0.475106217,1706.95605
0.0218341181,0.0112201325,-0.000842524083,0.000447699114,-0.00589817941,-0.452761264,1706.66964
0.0218604632,0.0943947116,0.000375073464,0.0176455987,0.00532637598,-2.30797681,1713.22553
0.0218633629,0.0101338132,-0.000745196241,0.000360655183,-0.00600044606,-0.430434577,1706.39204
0.0218906459,0.00912036556,-0.000655972126,0.000288470295,-0.00609563921,-0.408220326,1706.12389
0.0219160988,0.00817490128,-0.000574470685,0.000228871139,-0.00618430399,-0.386211107,1705.86569
0.0219398442,0.00729285993,-0.000500267288,0.000179901066,-0.00626693172,-0.364494594,1705.6178
0.0219577114,0.0900387783,-0.00029521203,0.017675345,0.00444834613,-2.14216221,1713.21917
0.0219619968,0.00646998704,-0.000432910829,0.000139882359,-0.00634396714,-0.343151253,1705.38044
0.0219826633,0.0057023135,-0.000371937505,0.000107381348,-0.00641581444,-0.322252925,1705.15374
0.0220019435,0.00498613648,-0.000316881717,8.11766749e-05,-0.00648284236,-0.301862136,1704.93772
0.0220199303,0.00431800152,-0.000267284566,6.02307185e-05,-0.00654538848,-0.282031843,1704.7323
0.0220367106,0.00369468589,-0.00022270031,4.36643079e-05,-0.00660376289,-0.262805939,1704.53732
0.0220523653,0.00311318307,-0.000182701125,3.07340568e-05,-0.00665825123,-0.244218847,1704.35259
0.0220619522,0.0853696328,-0.000962039097,0.0174111073,0.00356993449,-1.97257978,1713.19539
0.0220669697,0.0025706882,-0.000146880469,2.08138668e-05,-0.00670911731,-0.226298413,1704.17782
0.0220805946,0.00206458457,-0.000114855278,1.33732344e-05,-0.00675660527,-0.209054906,1704.01272
0.0220933054,0.00159243101,-8.62672249e-05,7.97708989e-06,-0.00680094155,-0.192555329,1703.85695
0.0221051636,0.00115195011,-6.07831339e-05,4.24012919e-06,-0.00684233642,-0.176799923,1703.71014
0.0221162263,0.000741017226,-3.80952233e-05,1.96420312e-06,-0.00688098548,-0.162014667,1703.57192
0.0221265469,0.000357650242,-1.79205788e-05,5.4035281e-07,-0.00691707083,-0.145859636,1703.4419
0.0221361752,0,0,0,-0.00695075902,-0.137178589,1703.31971
0.0221736884,0.0803647536,-0.00160431092,0.01683922,0.0026849333,-1.79899992,1713.14815
0.022293459,0.075,-0.00219663234,0.0159348269,0.0017872016,-1.61513683,1713.06974
0.0224132295,0.0696352464,-0.00268345164,0.0147775812,0.000931682234,-1.44383696,1712.95883
0.0225249657,0.0646303672,-0.0030352403,0.0135161354,0.000165523981,-1.29373696,1712.82106
0.0226292065,0.0599612217,-0.00327166871,0.0122172436,-0.000524297811,-1.16742911,1712.65763
0.0227264546,0.0556052884,-0.00341026323,0.0109337032,-0.00114721863,-1.06248812,1712.47021
0.0228171793,0.0515415566,-0.00346804791,0.00970111454,-0.00171065993,-0.976851741,1712.26063
0.022901818,0.0477504251,-0.00345994149,0.00854307304,-0.00222083719,-0.907257349,1712.03084
0.0229807791,0.0442136074,-0.00339937072,0.00747327642,-0.00268318362,-0.850915951,1711.78285
0.0230544433,0.040914044,-0.00329794578,0.0064984696,-0.00310256469,-0.805029617,1711.51873
0.0231231661,0.0378358195,-0.00316570285,0.00562016401,-0.00348338453,-0.767249675,1711.24055
0.0231872788,0.0349640862,-0.00301114571,0.00483631403,-0.00382963598,-0.73552472,1710.95037
0.0232470908,0.0322849924,-0.00284141568,0.00414243963,-0.00414493074,-0.708193176,1710.65021
0.0233028905,0.0297856156,-0.00266241964,0.00353256184,-0.0044325211,-0.683912652,1710.34205
0.0233549471,0.0274539002,-0.00247897967,0.00299985826,-0.00469531856,-0.661644389,1710.02781
0.0234035117,0.0252785992,-0.00229496871,0.00253715951,-0.00493591668,-0.640601512,1709.70936
0.0234488185,0.0232492201,-0.00211344132,0.00213729248,-0.00515661521,-0.620210742,1709.3885
0.023491086,0.0213559743,-0.00193675277,0.00179331992,-0.00535944591,-0.600072903,1709.06696
0.0235305183,0.0195897299,-0.0017666667,0.00149869208,-0.00554619916,-0.579924528,1708.74636
0.0235673053,0.0179419674,-0.00160445071,0.00124734209,-0.00571845024,-0.559609384,1708.42827
0.0236016246,0.0164047389,-0.00145096383,0.00103373105,-0.00587758449,-0.53905759,1708.11413
0.0236336418,0.0149706296,-0.0013067309,0.000852860245,-0.00602482084,-0.518257126,1707.80525
0.0236611192,0.15,0,0,0.0346890227,-3.37407602,1685
0.0236635112,0.0136327222,-0.00117200555,0.000700264885,-0.00616123336,-0.497237217,1707.50283
0.0236664661,0.14964235,0.000258404225,5.91474167e-06,0.0343839902,-3.36207756,1685.716
0.0236721975,0.149258983,0.000526879936,1.97396954e-05,0.0340570277,-3.35122584,1686.48341
0.023678341,0.14884805,0.000805080264,4.30665309e-05,0.0337066979,-3.3544016,1687.30577
0.0236849263,0.148407569,0.00109250107,7.92150761e-05,0.0333315299,-3.35633163,1688.18666
0.0236913769,0.0123845633,-0.00104682625,0.000571988885,-0.00628777057,-0.476057647,1707.20791
0.0236919851,0.147935415,0.00138846538,0.000129705141,0.0329300109,-3.35766103,1689.12965
0.0236995514,0.147429312,0.00169210463,0.000196811467,0.0325005979,-3.35838302,1690.13813
0.0237076618,0.146886817,0.00200233471,0.00028295142,0.0320417314,-3.35864932,1691.2151
0.0237163553,0.146305314,0.00231783206,0.000390803476,0.0315518543,-3.35837111,1692.36294
0.0237173733,0.0112201325,-0.000931063364,0.000464552074,-0.00640527255,-0.454796376,1706.92139
0.023725674,0.145681998,0.00263700977,0.000523262648,0.0310294332,-3.3575635,1693.583
0.0237356627,0.145013864,0.00295799478,0.00068345044,0.0304729863,-3.35624995,1694.87513
0.0237416259,0.0101338132,-0.000824458812,0.000374911447,-0.00651448594,-0.433541021,1706.64403
0.0237463696,0.144297686,0.00327860553,0.000874689066,0.0298811145,-3.35441503,1696.23705
0.0237578465,0.143530013,0.00359633208,0.00110047985,0.0292525392,-3.35208963,1697.66364
0.0237642516,0.00912036556,-0.000726659298,0.000300420344,-0.00661607687,-0.412382523,1706.37642
0.0237701485,0.14270714,0.00390831964,0.00136446529,0.0285861448,-3.34932937,1699.14608
0.0237833352,0.141825099,0.00421135676,0.0016703801,0.027881027,-3.3461894,1700.67102
0.0237853595,0.00817490128,-0.000637243807,0.000238787528,-0.00671064209,-0.391410539,1706.11901
0.02379747,0.140879634,0.00450186915,0.00202197999,0.027136546,-3.3427171,1702.21977
0.0238050514,0.00729285993,-0.000555746168,0.000188037604,-0.00679871843,-0.3707101,1705.87214
0.0238126212,0.139866187,0.00477592403,0.00242295328,0.0263523842,-3.33892978,1703.76784
0.0238234224,0.00646998704,-0.000481673383,0.000146473719,-0.00688079089,-0.350359323,1705.636
0.0238288618,0.138779867,0.00502924676,0.00287680998,0.0255286067,-3.33478482,1705.28508
0.0238405611,0.0057023135,-0.000414520314,0.000112643046,-0.00695729939,-0.330428006,1705.41067
0.0238462702,0.137615437,0.00525724742,0.0033867416,0.0246657229,-3.33014203,1706.73668
0.0238565501,0.00498613648,-0.000353781271,8.53053478e-05,-0.00702864456,-0.310976928,1705.19613
0.0238649304,0.136367278,0.00545506244,0.00395545757,0.0237647466,-3.32471998,1708.08551
0.0238714665,0.00431800152,-0.000298958967,6.34046497e-05,-0.00709519252,-0.292057581,1704.99229
0.0238849323,0.13502937,0.00561761463,0.00458499445,0.0228272506,-3.31805792,1709.29572
0.0238853823,0.00369468589,-0.000249571293,4.6044142e-05,-0.00715727901,-0.273712669,1704.79896
0.0238983646,0.00311318307,-0.000205156259,3.24636646e-05,-0.00721521276,-0.255975719,1704.6159
0.0239063724,0.133595261,0.00573969322,0.00527648742,0.0218554124,-3.30949167,1710.33756
0.0239104761,0.0025706882,-0.000165275445,2.20213193e-05,-0.00726927849,-0.238873869,1704.44284
0.023921775,0.00206458457,-0.000129516211,1.41717947e-05,-0.00731973933,-0.22241664,1704.27945
0.0239293542,0.132058033,0.00581605468,0.00602991526,0.020852044,-3.29815157,1711.19239
0.0239323161,0.00159243101,-9.74929112e-05,8.46628835e-06,-0.00736683894,-0.206670493,1704.12537
0.02394215,0.00115195011,-6.88472478e-05,4.50646379e-06,-0.00741080336,-0.191638099,1703.98023
0.0239513243,0.000741017226,-4.32484203e-05,2.08636749e-06,-0.00745184258,-0.177555088,1703.84365
0.0239539885,0.13041027,0.00584154521,0.00684381797,0.0198206009,-3.28299395,1711.85666
0.0239598831,0.000357650242,-2.03923593e-05,5.84651946e-07,-0.00749015187,-0.16197599,1703.71524
0.0239678678,0,0,0,-0.0075259105,-0.153520435,1703.5946
0.0239803941,0.128644026,0.00581124459,0.00771498756,0.0187651634,-3.26286677,1712.34327
0.0240086984,0.12675078,0.00572063016,0.00863814091,0.0176903821,-3.23659694,1712.67917
0.0240390379,0.124721401,0.00556575786,0.00960558305,0.0166013823,-3.20307838,1712.89987
0.024071559,0.1225461,0.00534345689,0.0106068718,0.0155036211,-3.16133191,1713.04125
0.0241064185,0.120214384,0.00505153399,0.0116284989,0.0144026946,-3.11051716,1713.13369
0.0241437845,0.117715008,0.00468898165,0.0126536135,0.0133040962,-3.04991304,1713.19968
0.0241838374,0.115035914,0.00425617495,0.0136617872,0.0122129306,-2.97886743,1713.25278
0.0242267702,0.112164181,0.00375509763,0.0146289444,0.0111335982,-2.89677846,1713.29964
0.0242727901,0.109085956,0.00318956628,0.0155271002,0.0100694673,-2.80280351,1713.34252
0.0243221191,0.105786393,0.00256534404,0.0163252413,0.00902255389,-2.69669778,1713.38133
0.024374995,0.102249575,0.00189049516,0.0169874908,0.00799328995,-2.57666495,1713.41488
0.024431673,0.0984584434,0.0011754607,0.0174792455,0.00698035931,-2.44636689,1713.44132
0.0244924263,0.0943947116,0.000432813385,0.0177673557,0.00598064561,-2.30152995,1713.4582
0.0245575482,0.0900387783,-0.00031937891,0.0178021495,0.00498939831,-2.13662809,1713.46231
0.0246273526,0.0853696328,-0.00106496238,0.0175445733,0.00400061292,-1.96584572,1713.4493
0.0247021762,0.0803647536,-0.00178045981,0.0169759053,0.00300760549,-1.78850482,1713.41323
0.0247823801,0.075,-0.0024375983,0.0160728628,0.00200380391,-1.60421566,1713.34636
0.0248625839,0.0696352464,-0.00297489643,0.0149163412,0.00105063476,-1.43103122,1713.24636
0.0249374076,0.0646303672,-0.00336114619,0.0136534196,0.00020004271,-1.27988158,1713.11792
0.025007212,0.0599612217,-0.00361881932,0.0123517246,-0.000563225842,-1.15254603,1712.96211
0.0250723338,0.0556052884,-0.00376811763,0.0110639569,-0.00125028558,-1.04706665,1712.78054
0.0251330872,0.0515415566,-0.00382823998,0.00982615149,-0.00186987923,-0.961094902,1712.57508
0.0251897652,0.0477504251,-0.00381601593,0.00866203235,-0.00242930622,-0.891499362,1712.34774
0.0252426411,0.0442136074,-0.00374641612,0.00758556177,-0.0029349149,-0.835381536,1712.10069
0.0252919701,0.040914044,-0.00363235317,0.00660365303,-0.00339235684,-0.789949144,1711.8362
0.02533799,0.0378358195,-0.00348491173,0.00571800345,-0.00380671707,-0.752800484,1711.55655
0.0253809228,0.0349640862,-0.00331345087,0.00492671129,-0.00418258134,-0.721863038,1711.26402
0.0254209756,0.0322849924,-0.0031257916,0.00422542748,-0.00452407691,-0.695441879,1710.96087
0.0254583417,0.0297856156,-0.00292837848,0.00360827762,-0.00483490329,-0.672171662,1710.64928
0.0254932012,0.0274539002,-0.00272645095,0.00306852558,-0.00511835997,-0.650991139,1710.33139
0.0255257222,0.0252785992,-0.00252420058,0.00259906834,-0.00537737585,-0.63109573,1710.00921
0.0255560617,0.0232492201,-0.0023249192,0.00219278315,-0.00561453981,-0.611896842,1709.6847
0.025584366,0.0213559743,-0.00213113299,0.00184276794,-0.00583213254,-0.592981206,1709.35969
0.0256107716,0.0195897299,-0.00194472241,0.00154249656,-0.00603215839,-0.574074402,1709.03592
0.0256354059,0.0179419674,-0.00176703075,0.00128591406,-0.00621637644,-0.555015016,1708.71499
0.0256583877,0.0164047389,-0.00159895921,0.00106748563,-0.00638632994,-0.53572291,1708.39839
0.0256798279,0.0149706296,-0.0014410469,0.000882209908,-0.00654337354,-0.516177283,1708.08745
0.0256998298,0.0136327222,-0.00129354203,0.000725612483,-0.00668869808,-0.496404055,1707.78337
0.0257184899,0.0123845633,-0.0011564631,0.000593724078,-0.00682335277,-0.476458213,1707.48718
0.0257358983,0.0112201325,-0.00102964978,0.000483047559,-0.00694826466,-0.456413555,1707.19976
0.025752139,0.0101338132,-0.000912805877,0.000390520427,-0.00706425574,-0.43635406,1706.92184
0.0257672902,0.00912036556,-0.000805535229,0.000313474742,-0.00717205759,-0.416367514,1706.65397
0.025781425,0.00817490128,-0.000707371248,0.000249596864,-0.00727232403,-0.396540789,1706.3966
0.0257946116,0.00729285993,-0.00061780112,0.000196888433,-0.00736564184,-0.3769565,1706.14999
0.0258069137,0.00646998704,-0.000536285346,0.000153629531,-0.00745253986,-0.357690714,1705.91431
0.0258183905,0.0057023135,-0.000462273331,0.000118344559,-0.00753349667,-0.338811527,1705.68962
0.0258290975,0.00498613648,-0.000395215597,8.97711063e-05,-0.00760894709,-0.320378338,1705.47587
0.0258390862,0.00431800152,-0.000334573171,6.6831873e-05,-0.00767928763,-0.302441574,1705.27292
0.0258484049,0.00369468589,-0.000279824619,4.86097498e-05,-0.00774488107,-0.285043159,1705.08057
0.0258570984,0.00311318307,-0.000230471133,3.43254383e-05,-0.00780606041,-0.268216133,1704.89856
0.0258652088,0.0025706882,-0.000186040019,2.33191519e-05,-0.00786313208,-0.251987361,1704.7266
0.0258727751,0.00206458457,-0.000146086886,1.50289721e-05,-0.00791637879,-0.236366063,1704.56433
0.0258798339,0.00159243101,-0.000110196792,8.99075209e-06,-0.00796606187,-0.22141861,1704.4114
0.0258864191,0.00115195011,-7.7984491e-05,4.79165517e-06,-0.00801242339,-0.207150374,1704.26741
0.0258925626,0.000741017226,-4.90944026e-05,2.21696549e-06,-0.00805568784,-0.193807981,1704.13197
0.025898294,0.000357650242,-2.31997676e-05,6.3193686e-07,-0.00809606377,-0.178832257,1704.00468
0.025903641,0,0,0,-0.00813374326,-0.170609031,1703.88515
0.0269008515,0.15,0,0,0.0394387196,-3.3636633,1685
0.0269033516,0.14964235,0.000294770793,5.96020844e-06,0.0390866381,-3.35152018,1685.71861
0.0269060315,0.149258983,0.000600961641,1.98499546e-05,0.0387093377,-3.34065373,1686.48883
0.0269089041,0.14884805,0.000918168733,4.32691302e-05,0.0383051921,-3.34404437,1687.31419
0.0269119832,0.148407569,0.00124578853,7.96376777e-05,0.0378725273,-3.34614535,1688.19829
0.0269152837,0.147935415,0.00158303213,0.000130427071,0.0374096244,-3.3477069,1689.14472
0.0269188216,0.147429312,0.00192888745,0.000197939759,0.0369147324,-3.34871236,1690.15686
0.0269226138,0.146886817,0.00228209546,0.000284609387,0.0363860857,-3.34931977,1691.23775
0.0269266787,0.146305314,0.00264112383,0.000393136517,0.035821925,-3.34945491,1692.38978
0.026931036,0.145681998,0.00300413947,0.000526437189,0.0352205227,-3.34908422,1693.61429
0.0269357065,0.145013864,0.00336898411,0.000687646391,0.0345802151,-3.34819564,1694.91113
0.0269407128,0.144297686,0.00373315008,0.000880100425,0.0338994384,-3.34680666,1696.27802
0.0269460792,0.143530013,0.0040937564,0.0011073213,0.0331767724,-3.34494647,1697.70981
0.0269518314,0.14270714,0.00444753165,0.00137297123,0.0324109893,-3.34266536,1699.19768
0.0269579972,0.141825099,0.00479080242,0.00168080482,0.0316011094,-3.34001383,1700.72822
0.0269646063,0.140879634,0.00511948923,0.00203459797,0.0307464621,-3.33703423,1702.28268
0.0269716907,0.139866187,0.00542911277,0.0024380588,0.0298467514,-3.33373944,1703.83652
0.0269792845,0.138779867,0.00571481174,0.00289471777,0.0289021256,-3.33008299,1705.35952
0.0269874243,0.137615437,0.0059713762,0.00340778695,0.0279132468,-3.32592005,1706.81685
0.0269961494,0.136367278,0.00619329895,0.00397999427,0.0268813588,-3.32096364,1708.17136
0.0270055019,0.13502937,0.00637484538,0.00461339404,0.025808349,-3.31474695,1709.38727
0.0270155269,0.133595261,0.00651014591,0.00530913726,0.0246967989,-3.30659988,1710.43495
0.0270262727,0.132058033,0.00659331281,0.00606721503,0.0235500164,-3.29564741,1711.29596
0.0270377912,0.13041027,0.00661858134,0.00688617581,0.0223720448,-3.28084093,1711.967
0.0270501379,0.128644026,0.00658047511,0.0077628147,0.0211676385,-3.26102378,1712.46117
0.0270633724,0.12675078,0.00647399363,0.00869184483,0.0199421993,-3.23501827,1712.80551
0.0270775585,0.124721401,0.00629481888,0.00966555902,0.0187016647,-3.20171266,1713.03546
0.0270927647,0.1225461,0.00603953668,0.0106734925,0.0174523433,-3.16011966,1713.18669
0.0271090643,0.120214384,0.00570586838,0.0117021019,0.0162006939,-3.10938818,1713.28932
0.0271265359,0.117715008,0.00529290782,0.0127344901,0.0149530496,-3.04878304,1713.3655
0.0271452638,0.115035914,0.00480134021,0.0137501698,0.0137152939,-2.97761176,1713.42852
0.0271653383,0.112164181,0.00423367074,0.0147249852,0.0124925046,-2.89524681,1713.48485
0.0271868562,0.109085956,0.00359449336,0.0156308644,0.0112885824,-2.80087829,1713.53668
0.0272099215,0.105786393,0.00289063747,0.0164366908,0.0101059066,-2.69416554,1713.58402
0.0272346452,0.102249575,0.00213150168,0.0171063464,0.00894507243,-2.57327289,1713.62584
0.0272611466,0.0984584434,0.00132903158,0.0176054723,0.00780471147,-2.44207721,1713.66055
0.0272895536,0.0943947116,0.000497937725,0.0178993791,0.00668146086,-2.29508848,1713.68607
0.0273200033,0.0900387783,-0.000342193056,0.017939705,0.00557016067,-2.13028424,1713.69954
0.0273526424,0.0853696328,-0.00117194988,0.0176889392,0.00446429191,-1.9576955,1713.69693
0.0273876284,0.0803647536,-0.0019653871,0.0171237323,0.00335664268,-1.77683,1713.67256
0.0274251301,0.075,-0.00269209914,0.0162222738,0.00224015915,-1.59149946,1713.61875
0.0274626317,0.0696352464,-0.00328353803,0.0150665203,0.00118314368,-1.41614333,1713.53206
0.0274976178,0.0646303672,-0.00370697187,0.0138020873,0.000242666734,-1.26362875,1713.41583
0.0275302569,0.0599612217,-0.0039877736,0.0124974204,-0.000598862314,-1.13510125,1713.27073
0.0275607065,0.0556052884,-0.0041489845,0.0112051325,-0.00135431998,-1.02893558,1713.09815
0.0275891135,0.0515415566,-0.00421210397,0.00996171301,-0.00203383563,-0.942551888,1712.8998
0.027615615,0.0477504251,-0.00419599108,0.00879103742,-0.00264584782,-0.87291845,1712.6777
0.0276403387,0.0442136074,-0.00411725398,0.00770734314,-0.00319766837,-0.817039317,1712.43411
0.0276634039,0.040914044,-0.00399018053,0.00671773426,-0.00369577825,-0.772108258,1712.17145
0.0276849218,0.0378358195,-0.00382696685,0.00582410782,-0.00414598257,-0.735671319,1711.89222
0.0277049964,0.0349640862,-0.00363787751,0.00502472327,-0.00455349574,-0.705624918,1711.59892
0.0277237243,0.0322849924,-0.00343145483,0.00431537533,-0.00492299218,-0.680237094,1711.29406
0.0277411959,0.0297856156,-0.00321471364,0.00369030711,-0.00525864695,-0.658114192,1710.98007
0.0277574954,0.0274539002,-0.00299333675,0.00314287876,-0.00556417323,-0.638168315,1710.65928
0.0277727016,0.0252785992,-0.00277185491,0.00266606171,-0.00584285773,-0.619572996,1710.33392
0.0277868877,0.0232492201,-0.0025538139,0.00225278909,-0.00609759835,-0.601721477,1710.00612
0.0278001222,0.0213559743,-0.00234192409,0.00189619812,-0.00633094208,-0.584184808,1709.67785
0.027812469,0.0195897299,-0.0021381933,0.00158978925,-0.00654512248,-0.566678379,1709.35095
0.0278239875,0.0179419674,-0.00194404704,0.00132752095,-0.00674209571,-0.549028418,1709.02712
0.0278347333,0.0164047389,-0.00176043188,0.00110386258,-0.00692357445,-0.531142549,1708.70789
0.0278447583,0.0149706296,-0.00158790504,0.000913809546,-0.0070910591,-0.512995192,1708.39464
0.0278541107,0.0136327222,-0.00142671282,0.000752876832,-0.00724586598,-0.494606939,1708.08858
0.0278628358,0.0123845633,-0.00127685573,0.000617080103,-0.0073891525,-0.476026895,1707.79075
0.0278709757,0.0112201325,-0.00113814388,0.000502902985,-0.00752193926,-0.457324448,1707.50202
0.0278785694,0.0101338132,-0.00101024358,0.000407261009,-0.00764512924,-0.438579785,1707.22309
0.0278856538,0.00912036556,-0.000892716047,0.000327462329,-0.00775952446,-0.419877471,1706.95451
0.027892263,0.00817490128,-0.000785049125,0.000261168231,-0.00786584009,-0.401301664,1706.69667
0.0278984288,0.00729285993,-0.000686683179,0.000206354745,-0.00796471657,-0.382932724,1706.44984
0.027904181,0.00646998704,-0.000597031885,0.000161276334,-0.00805672986,-0.364844882,1706.21414
0.0279095473,0.0057023135,-0.000515498749,0.000124432197,-0.00814240005,-0.347104781,1705.98959
0.0279145537,0.00498613648,-0.000441489971,9.45354786e-05,-0.00822219865,-0.329770721,1705.77613
0.0279192242,0.00431800152,-0.000374424286,7.0485447e-05,-0.00829655475,-0.312892355,1705.5736
0.0279235814,0.00369468589,-0.00031374027,5.13427704e-05,-0.00836586014,-0.296511125,1705.38178
0.0279276463,0.00311318307,-0.000258901575,3.63072685e-05,-0.00843047374,-0.280659889,1705.20038
0.0279314386,0.0025706882,-0.000209400478,2.46997023e-05,-0.00849072523,-0.265365547,1705.02908
0.0279349764,0.00206458457,-0.000164760039,1.59401461e-05,-0.00854691823,-0.250637256,1704.86753
0.027938277,0.00159243101,-0.000124535206,9.54786704e-06,-0.00859933297,-0.236541586,1704.71534
0.0279413561,0.00115195011,-8.83129401e-05,5.09435881e-06,-0.00864822856,-0.223086761,1704.57213
0.0279442287,0.000741017226,-5.5711996e-05,2.35551455e-06,-0.00869384502,-0.210531935,1704.43748
0.0279469085,0.000357650242,-2.63820895e-05,6.82104853e-07,-0.00873640495,-0.196195992,1704.31098
0.0279494087,0,0,0,-0.00877611432,-0.188219648,1704.19224
0.030111421,0,0,0,-0.00945498621,-0.206092535,1704.51681
0.0301127129,0.000357650242,-2.99865861e-05,7.33136757e-07,-0.00941335326,-0.213797793,1704.63518
0.0301140977,0.000741017226,-6.32007686e-05,2.50094956e-06,-0.00936872028,-0.227451361,1704.76131
0.030115582,0.00115195011,-9.99899944e-05,5.41425373e-06,-0.00932086703,-0.239181736,1704.89563
0.030117173,0.00159243101,-0.000140729918,1.01367799e-05,-0.00926955654,-0.25177823,1705.03855
0.0301188785,0.00206458457,-0.000185829264,1.69040193e-05,-0.0092145329,-0.264972218,1705.1905
0.0301207066,0.0025706882,-0.000235730774,2.61612437e-05,-0.00915551932,-0.278752435,1705.35187
0.0301226661,0.00311318307,-0.000290911659,3.84071908e-05,-0.00909221597,-0.293051966,1705.52306
0.0301247665,0.00369468589,-0.000351883564,5.42415128e-05,-0.00902429736,-0.307861277,1705.70445
0.030127018,0.00431800152,-0.000419191562,7.43647669e-05,-0.00895140931,-0.323152909,1705.89637
0.0301294313,0.00498613648,-0.000493412013,9.96001771e-05,-0.00887316546,-0.338893643,1706.09912
0.0301320182,0.0057023135,-0.000575148993,0.000130911744,-0.00878914306,-0.35504196,1706.31294
0.0301347911,0.00646998704,-0.000665028926,0.000169426379,-0.00869887812,-0.371548424,1706.53802
0.0301377634,0.00729285993,-0.000763693019,0.000216458449,-0.00860185949,-0.38835528,1706.77444
0.0301409494,0.00817490128,-0.000871787008,0.000273537342,-0.00849752204,-0.405396812,1707.02221
0.0301443644,0.00912036556,-0.000989947649,0.00034243791,-0.00838523836,-0.422600154,1707.28122
0.0301480251,0.0101338132,-0.00111878529,0.00042521371,-0.00826430909,-0.439886791,1707.55123
0.030151949,0.0112201325,-0.00125886177,0.00052423275,-0.00813395132,-0.45717493,1707.83186
0.030156155,0.0123845633,-0.00141066282,0.000642215188,-0.007993285,-0.474382911,1708.12259
0.0301606634,0.0136327222,-0.00157456404,0.000782272016,-0.00784131688,-0.49143405,1708.4227
0.030165496,0.0149706296,-0.00175078944,0.000947943345,-0.00767692176,-0.50826355,1708.73133
0.0301706761,0.0164047389,-0.00193936115,0.00114323323,-0.00749882072,-0.524828577,1709.04743
0.0301762287,0.0179419674,-0.00214003935,0.00137264048,-0.007305556,-0.541117398,1709.36974
0.0301821805,0.0195897299,-0.0023522506,0.00164117617,-0.00709546242,-0.55716331,1709.69683
0.0301885603,0.0213559743,-0.00257500237,0.0019543699,-0.00686663511,-0.573065073,1710.02708
0.0301953988,0.0232492201,-0.00280678534,0.0023182508,-0.00661689369,-0.589007881,1710.35869
0.0302027291,0.0252785992,-0.00304545979,0.00273929155,-0.00634374318,-0.605292988,1710.68967
0.0302105865,0.0274539002,-0.00328812348,0.00322431412,-0.00604433197,-0.622368715,1711.01786
0.0302190088,0.0297856156,-0.00353096155,0.00378032559,-0.00571540781,-0.640863828,1711.34094
0.0302280367,0.0322849924,-0.00376907695,0.00441427148,-0.00535327267,-0.661631529,1711.65645
0.0302377138,0.0349640862,-0.00399630414,0.00513268451,-0.00495373653,-0.68579212,1711.96177
0.0302480867,0.0378358195,-0.00420500842,0.00594118907,-0.00451207458,-0.714774531,1712.2542
0.0302592054,0.040914044,-0.00438586186,0.00684383006,-0.00402297902,-0.75035552,1712.53098
0.0302711237,0.0442136074,-0.00452760123,0.00784216406,-0.00348050597,-0.794683945,1712.78933
0.0302838989,0.0477504251,-0.00461679011,0.0089340713,-0.00287801249,-0.850269709,1713.02653
0.0302975927,0.0515415566,-0.0046376067,0.0101122217,-0.00220805129,-0.919953628,1713.24004
0.0303122712,0.0556052884,-0.00457159418,0.0113620855,-0.00146218672,-1.00682005,1713.42756
0.0303280052,0.0599612217,-0.00439758452,0.0126595882,-0.000630651037,-1.11385805,1713.58719
0.0303448704,0.0646303672,-0.00409143262,0.0139677837,0.000298302123,-1.24385093,1713.71751
0.0303629484,0.0696352464,-0.00362687945,0.0152340364,0.0013396006,-1.39815238,1713.81764
0.0303823263,0.075,-0.00297515959,0.0163892784,0.00251354769,-1.57600421,1713.88761
0.0304017041,0.0803647536,-0.00217044726,0.017288851,0.00375735979,-1.76332686,1713.92601
0.0304197821,0.0853696328,-0.0012891649,0.0178503273,0.00499495539,-1.94745891,1713.93769
0.0304366474,0.0900387783,-0.000364136956,0.018094488,0.00623389697,-2.12249313,1713.93017
0.0304523813,0.0943947116,0.000576029808,0.0180479766,0.00748197035,-2.28836363,1713.90871
0.0304670598,0.0984584434,0.00150813811,0.0177475387,0.00874626667,-2.43752038,1713.87676
0.0304807536,0.102249575,0.00241075995,0.0172405283,0.0100324058,-2.57007844,1713.83657
0.0304935288,0.105786393,0.00326675638,0.0165627565,0.0113440301,-2.69204917,1713.78964
0.0305054471,0.109085956,0.00406237081,0.0157485409,0.0126825674,-2.79960911,1713.73703
0.0305165659,0.112164181,0.00478664165,0.0148341419,0.0140472344,-2.89454499,1713.67938
0.0305269388,0.115035914,0.00543148927,0.0138508442,0.0154352315,-2.97722286,1713.61643
0.0305366158,0.117715008,0.00599136368,0.0128268222,0.0168420399,-3.04847752,1713.5459
0.0305456438,0.120214384,0.00646307858,0.0117863057,0.0182617946,-3.10907376,1713.46144
0.0305540661,0.1225461,0.00684555521,0.0107498624,0.0196877045,-3.15969726,1713.35004
0.0305619234,0.124721401,0.00713955422,0.00973444829,0.0211124552,-3.20108437,1713.18993
0.0305692537,0.12675078,0.00734742493,0.00875365605,0.0225285772,-3.23410633,1712.95132
0.0305760922,0.128644026,0.00747283812,0.0078179817,0.0239287619,-3.25976444,1712.59882
0.030582472,0.13041027,0.00752052388,0.00693515182,0.0253061153,-3.27918047,1712.09713
0.0305884238,0.132058033,0.00749601934,0.00611046214,0.0266543487,-3.29353999,1711.41914
0.0305939764,0.133595261,0.00740543231,0.00534711768,0.0279679093,-3.30400698,1710.55157
0.0305991565,0.13502937,0.00725522585,0.00464656269,0.0292420555,-3.31163754,1709.49752
0.0306039891,0.136367278,0.00705202795,0.00400879254,0.0304728873,-3.31731378,1708.27522
0.0306084976,0.137615437,0.00680246829,0.00343263843,0.0316573389,-3.32171117,1706.9142
0.0306127036,0.138779867,0.00651304257,0.00291602407,0.0327931429,-3.32530014,1705.45018
0.0306166274,0.139866187,0.00619000348,0.00245619686,0.0338787743,-3.32837016,1703.92036
0.0306202881,0.140879634,0.00583927811,0.00204992096,0.034913381,-3.33106735,1702.35963
0.0306237032,0.141825099,0.00546640839,0.00169364021,0.0358967069,-3.33343824,1700.79831
0.0306268891,0.14270714,0.00507651259,0.00138362004,0.0368290121,-3.33546931,1699.26101
0.0306298614,0.143530013,0.00467426003,0.00111605997,0.0377109939,-3.3371166,1697.76655
0.0306326343,0.144297686,0.00426385931,0.000887182178,0.0385437118,-3.33832793,1696.32841
0.0306352212,0.145013864,0.0038490642,0.000693300732,0.0393285168,-3.33906308,1694.95545
0.0306376345,0.145681998,0.00343318746,0.00053087094,0.0400669878,-3.33930725,1693.65284
0.030639886,0.146305314,0.00301911882,0.000396530535,0.0407608749,-3.33902664,1692.42287
0.0306419864,0.146886817,0.00260934873,0.000287127523,0.0414120492,-3.33819285,1691.26571
0.030643946,0.147429312,0.00220599637,0.000199736717,0.0420224603,-3.33683114,1690.17998
0.030645774,0.147935415,0.00181083929,0.000131645936,0.0425940998,-3.33503518,1689.16332
0.0306474795,0.148407569,0.00142534355,8.04020529e-05,0.0431289711,-3.33271551,1688.21266
0.0306490705,0.14884805,0.001050693,4.36893067e-05,0.0436290647,-3.3299327,1687.32459
0.0306505549,0.149258983,0.000687816825,1.99488313e-05,0.0440963381,-3.32615168,1686.49553
0.0306519396,0.14964235,0.000337412745,6.01179301e-06,0.0445327009,-3.33545002,1685.72185
0.0306532315,0.15,0,0,0.0449399976,-3.34619609,1685
0.0323962834,0,0,0,-0.010172433,-0.223842395,1704.85985
0.0324017707,0.000357650242,-3.40581622e-05,7.8093989e-07,-0.0101287964,-0.231224883,1704.97813
0.0324076526,0.000741017226,-7.16512361e-05,2.64958966e-06,-0.0100820031,-0.244132371,1705.10422
0.0324139575,0.00115195011,-0.000113152497,5.74705511e-06,-0.0100318178,-0.255007755,1705.23855
0.0324207156,0.00159243101,-0.00015896431,1.07497653e-05,-0.00997798813,-0.266698315,1705.38154
0.0324279597,0.00206458457,-0.000209524169,1.79083174e-05,-0.00992024121,-0.278936835,1705.53362
0.0324357247,0.0025706882,-0.000265305776,2.76853628e-05,-0.00985828145,-0.29170978,1705.6952
0.0324440481,0.00311318307,-0.00032681972,4.05987928e-05,-0.00979178804,-0.3049503,1705.8667
0.0324529699,0.00369468589,-0.000394613549,5.72692266e-05,-0.00972041202,-0.318647989,1706.0485
0.0324625333,0.00431800152,-0.000469270827,7.84199376e-05,-0.00964377296,-0.332774436,1706.24095
0.0324727842,0.00498613648,-0.000551409019,0.000104898749,-0.00956145497,-0.347295616,1706.44437
0.0324837723,0.0057023135,-0.00064167587,0.000137696066,-0.00947300198,-0.362169508,1706.65902
0.0324955505,0.00646998704,-0.000740743894,0.000177966889,-0.0093779123,-0.377346495,1706.88509
0.0325081756,0.00729285993,-0.000849302538,0.000227055172,-0.00927563198,-0.392768989,1707.1227
0.0325217085,0.00817490128,-0.000968047462,0.000286521116,-0.00916554711,-0.408371817,1707.37185
0.0325362145,0.00912036556,-0.00109766634,0.000358171244,-0.00904697455,-0.424083058,1707.63246
0.0325517635,0.0101338132,-0.00123882045,0.000444091181,-0.00891915099,-0.439825559,1707.9043
0.0325684306,0.0112201325,-0.00139212128,0.000546680807,-0.00878121999,-0.455519515,1708.187
0.0325862961,0.0123845633,-0.00155810124,0.000668691124,-0.00863221664,-0.471086352,1708.48002
0.0326054463,0.0136327222,-0.00173717723,0.000813261974,-0.00847104953,-0.486453451,1708.78265
0.0326259734,0.0149706296,-0.00192960616,0.000983958854,-0.00829647964,-0.501561012,1709.09398
0.0326479765,0.0164047389,-0.00213542983,0.0011848071,-0.00810709579,-0.516371327,1709.41294
0.0326715618,0.0179419674,-0.00235441057,0.00142032032,-0.00790128631,-0.530877495,1709.7382
0.0326968429,0.0195897299,-0.00258595458,0.00169551716,-0.0076772067,-0.545121512,1710.06824
0.0327239419,0.0213559743,-0.00282901868,0.00201592672,-0.007432743,-0.559217692,1710.40133
0.0327529894,0.0232492201,-0.00308200188,0.00238756251,-0.0071654711,-0.573367167,1710.73551
0.0327841256,0.0252785992,-0.00334262019,0.00281686593,-0.00687261192,-0.587887241,1711.06862
0.0328175006,0.0274539002,-0.00360776276,0.00331061139,-0.00655098319,-0.603248239,1711.39828
0.0328532754,0.0297856156,-0.00387332469,0.00387573694,-0.00619694838,-0.620105621,1711.72191
0.0328916226,0.0322849924,-0.00413401859,0.00451909508,-0.0058063639,-0.639343751,1712.03676
0.0329327272,0.0349640862,-0.00438316703,0.0052471021,-0.00537452423,-0.662120314,1712.33993
0.0329767873,0.0378358195,-0.00461246929,0.00606523511,-0.00489611099,-0.689906628,1712.6284
0.0330240156,0.040914044,-0.00481175198,0.00697735135,-0.0043651337,-0.724530572,1712.8991
0.0330746399,0.0442136074,-0.00496869809,0.00798480591,-0.00377486449,-0.768200641,1713.14899
0.0331289042,0.0477504251,-0.00506855252,0.00908524607,-0.00311776198,-0.823490488,1713.37516
0.0331870704,0.0515415566,-0.00509385577,0.0102710805,-0.00238534569,-0.893292715,1713.57497
0.0332494191,0.0556052884,-0.00502417606,0.0115274908,-0.00156798202,-0.980763591,1713.74618
0.0333162509,0.0599612217,-0.00483589844,0.0128301472,-0.000654490755,-1.08893344,1713.88716
0.0333878882,0.0646303672,-0.00450207043,0.0141417591,0.00036858869,-1.22073517,1713.99697
0.0334646766,0.0696352464,-0.00399291565,0.0154094625,0.00151835607,-1.37730993,1714.07551
0.0335469865,0.075,-0.00327596645,0.0165638698,0.00281798507,-1.55802407,1714.12395
0.0336292963,0.0803647536,-0.00238716918,0.0174607762,0.00419851192,-1.74831698,1714.14353
0.0337060847,0.0853696328,-0.00141100503,0.0180179647,0.00557550237,-1.93568475,1714.14089
0.0337777221,0.0900387783,-0.000383240135,0.0182559004,0.00695709081,-2.11369738,1714.12331
0.0338445539,0.0943947116,0.00066470942,0.0182027244,0.00835170824,-2.2817165,1714.09544
0.0339069025,0.0984584434,0.00170591288,0.0178951946,0.00976709205,-2.4331764,1714.05986
0.0339650687,0.102249575,0.00271668851,0.0173801323,0.0112093883,-2.56759908,1714.01789
0.0340193331,0.105786393,0.00367738678,0.0166939711,0.0126825678,-2.69093328,1713.97019
0.0340699573,0.109085956,0.0045722283,0.0158711642,0.0141881472,-2.79959396,1713.91707
0.0341171856,0.112164181,0.00538856326,0.014948033,0.0157251665,-2.89526908,1713.8585
0.0341612458,0.115035914,0.00611695419,0.0139560276,0.0172903905,-2.97850279,1713.79369
0.0342023504,0.117715008,0.00675081392,0.0129233826,0.0188786426,-3.05009456,1713.72009
0.0342406976,0.120214384,0.00728619792,0.0118744192,0.0204832193,-3.11078902,1713.63132
0.0342764724,0.1225461,0.00772158926,0.0108298086,0.0220963562,-3.16134937,1713.51453
0.0343098474,0.124721401,0.00805758556,0.00980656501,0.0237096824,-3.20254842,1713.34838
0.0343409836,0.12675078,0.00829660452,0.0088183317,0.0253146377,-3.23528234,1713.10339
0.0343700311,0.128644026,0.00844258802,0.00787564201,0.0269028316,-3.26057034,1712.74445
0.0343971301,0.13041027,0.00850070667,0.00698624819,0.0284663341,-3.27954867,1712.23648
0.0344224112,0.132058033,0.00847707385,0.00615546092,0.0299978941,-3.29341472,1711.55239
0.0344459964,0.133595261,0.00837847753,0.00538649085,0.0314910911,-3.30334306,1710.67877
0.0344679996,0.13502937,0.00821213507,0.00468078042,0.0329404236,-3.31039974,1709.61852
0.0344885267,0.136367278,0.00798547513,0.0040383168,0.034341346,-3.31547673,1708.38976
0.0345076768,0.137615437,0.00770594955,0.00345791925,0.0356902631,-3.31925956,1707.02192
0.0345255423,0.138779867,0.0073808766,0.00293749608,0.0369844913,-3.32222763,1705.55077
0.0345422094,0.139866187,0.00701731711,0.00247427253,0.0382221963,-3.32467868,1704.01355
0.0345577585,0.140879634,0.00662197829,0.00206498957,0.0394023154,-3.32676764,1702.44528
0.0345722644,0.141825099,0.00620114258,0.00170606327,0.040524471,-3.32855035,1700.87638
0.0345857973,0.14270714,0.00576061687,0.00139373718,0.0415888801,-3.33001758,1699.33159
0.0345984224,0.143530013,0.005305705,0.00112418854,0.042596265,-3.3311241,1697.82982
0.0346102006,0.144297686,0.00484120146,0.000893608698,0.0435477674,-3.33181494,1696.38461
0.0346211887,0.145013864,0.00437139006,0.000698285631,0.0444448683,-3.33204731,1695.00488
0.0346314397,0.145681998,0.00390005333,0.000534655272,0.0452893152,-3.33179771,1693.69584
0.0346410031,0.146305314,0.00343049533,0.000399333252,0.046083057,-3.33104997,1692.45979
0.0346499249,0.146886817,0.00296556794,0.000289140396,0.0468281865,-3.32981586,1691.2969
0.0346582482,0.147429312,0.00250770031,0.000201125206,0.0475268917,-3.32811903,1690.20579
0.0346660132,0.147935415,0.00205893195,0.000132551974,0.0481814131,-3.32603202,1689.18407
0.0346732574,0.148407569,0.00162094719,8.09485316e-05,0.0487940098,-3.32345925,1688.22869
0.0346800155,0.14884805,0.00119510988,4.39796855e-05,0.0493669299,-3.32045798,1687.3362
0.0346863203,0.149258983,0.000782494807,2.00814683e-05,0.0499023878,-3.31648111,1686.503
0.0346922022,0.14964235,0.00038392378,6.05334968e-06,0.0504025461,-3.32570403,1685.72546
0.0346976896,0.15,0,0,0.0508694846,-3.33646514,1685
0.0348109763,0,0,0,-0.0109306466,-0.240996353,1705.2224
0.0348209299,0.000357650242,-3.86447589e-05,8.26954616e-07,-0.0108848653,-0.248012098,1705.34084
0.0348315992,0.000741017226,-8.11613946e-05,2.80165189e-06,-0.0108357597,-0.260112187,1705.46715
0.0348430356,0.00115195011,-0.000127951016,6.09141582e-06,-0.0107830777,-0.270093241,1705.60176
0.0348552944,0.00159243101,-0.00017944376,1.138389e-05,-0.0107265506,-0.280825374,1705.7451
0.0348684347,0.00206458457,-0.000236106925,1.89476074e-05,-0.0106658872,-0.292050178,1705.89762
0.0348825198,0.0025706882,-0.000298446235,2.92630287e-05,-0.0106007717,-0.303752236,1706.05973
0.0348976176,0.00311318307,-0.000367006777,4.28679734e-05,-0.0105308606,-0.315864989,1706.23187
0.0349138011,0.00369468589,-0.000442372931,6.0405066e-05,-0.0104557797,-0.328376866,1706.41441
0.0349311483,0.00431800152,-0.000525167575,8.26213357e-05,-0.01037512,-0.341258212,1706.60775
0.0349497428,0.00498613648,-0.000616049944,0.000110390343,-0.0102884337,-0.354473781,1706.81218
0.0349696744,0.0057023135,-0.000715711917,0.00014473015,-0.0101952288,-0.367980588,1707.028
0.0349910391,0.00646998704,-0.000824872327,0.000186825211,-0.0100949627,-0.381728299,1707.2554
0.03501394,0.00729285993,-0.000944268794,0.000238050566,-0.0099870351,-0.395658821,1707.49451
0.0350384876,0.00817490128,-0.00107464654,0.000299998856,-0.00987077917,-0.409706914,1707.74535
0.0350648003,0.00912036556,-0.00121674353,0.000374509983,-0.00974545135,-0.423801415,1708.00783
0.0350930051,0.0101338132,-0.00137127108,0.000463703252,-0.009610219,-0.437866857,1708.28171
0.0351232378,0.0112201325,-0.0015388889,0.000570011837,-0.00946414592,-0.451825551,1708.56661
0.0351556445,0.0123845633,-0.00172017412,0.000696218697,-0.00930617519,-0.465601505,1708.86199
0.0351903813,0.0136327222,-0.00191558105,0.000845493929,-0.00913510899,-0.479125502,1709.16709
0.0352276159,0.0149706296,-0.00212539427,0.00102142765,-0.00894958497,-0.492341968,1709.48096
0.0352675278,0.0164047389,-0.00234967275,0.001228069,-0.00874804876,-0.505219333,1709.80244
0.0353103096,0.0179419674,-0.00258817672,0.00146994789,-0.00852872216,-0.517760487,1710.13012
0.0353561676,0.0195897299,-0.00284028314,0.00175208625,-0.00828956684,-0.530018051,1710.46236
0.035405323,0.0213559743,-0.00310488791,0.00208000827,-0.00802824315,-0.542117245,1710.79726
0.0354580129,0.0232492201,-0.0033802865,0.00245970776,-0.0077420642,-0.554276968,1711.13268
0.0355144915,0.0252785992,-0.00366403635,0.00289759035,-0.00742794515,-0.566836836,1711.46622
0.0355750311,0.0274539002,-0.00395279848,0.00340037258,-0.00708234846,-0.580291951,1711.79525
0.0356399238,0.0297856156,-0.004242155,0.00397491204,-0.00670122558,-0.595329456,1712.11688
0.0357094827,0.0322849924,-0.004526403,0.00462795669,-0.00627995601,-0.612871833,1712.42803
0.0357840431,0.0349640862,-0.00479832093,0.0053657887,-0.00581328482,-0.63412082,1712.72546
0.0358639648,0.0378358195,-0.00504890518,0.00619372315,-0.00529526176,-0.66059807,1713.00582
0.0359496332,0.040914044,-0.00526708309,0.00711541298,-0.00471917165,-0.694186923,1713.26571
0.0360414616,0.0442136074,-0.00543942276,0.00813197708,-0.00407745896,-0.737164619,1713.50184
0.0361398929,0.0477504251,-0.00554978741,0.00924081832,-0.00336163673,-0.792183581,1713.71113
0.0362454018,0.0515415566,-0.00557899663,0.0104340656,-0.00256214201,-0.862207276,1713.89091
0.0363584973,0.0556052884,-0.00550453603,0.0116966103,-0.00166809198,-0.950452861,1714.03908
0.036479725,0.0599612217,-0.00530024634,0.0130038141,-0.000666839895,-1.06004263,1714.15447
0.0366096695,0.0646303672,-0.00493621523,0.0143181725,0.000456848476,-1.19391927,1714.23681
0.0367489576,0.0696352464,-0.00437892571,0.0155864111,0.00172231676,-1.35329504,1714.28707
0.0368982612,0.075,-0.00359198789,0.0167391349,0.00315570488,-1.53741098,1714.30813
0.0370475648,0.0803647536,-0.00261340936,0.0176321674,0.00468139776,-1.73159397,1714.30468
0.0371868529,0.0853696328,-0.00153597807,0.0181841979,0.00620609045,-1.92252447,1714.28569
0.0373167974,0.0900387783,-0.000398758834,0.0184160823,0.00773856747,-2.10409086,1714.25822
0.037362877,0,0,0,-0.0117319434,-0.25690014,1705.60553
0.037377639,0.000357650242,-4.37954629e-05,8.73832836e-07,-0.0116838763,-0.263527433,1705.72435
0.0373934624,0.000741017226,-9.18325461e-05,2.95657246e-06,-0.0116323054,-0.274774215,1705.85111
0.0374104236,0.00115195011,-0.000144542109,6.44281111e-06,-0.011576961,-0.283812562,1705.98624
0.0374286044,0.00159243101,-0.000202383182,1.20315921e-05,-0.0115175566,-0.293532677,1706.13019
0.037438025,0.0943947116,0.000763921022,0.018355755,0.00928799253,-2.27519962,1714.22566
0.0374480925,0.00206458457,-0.000265854322,2.00095674e-05,-0.0114537813,-0.303684958,1706.28341
0.0374689819,0.0025706882,-0.000335494704,3.08752522e-05,-0.0113852973,-0.314252291,1706.44632
0.0374913733,0.00311318307,-0.000411884967,4.51877052e-05,-0.0113117366,-0.325168598,1706.61937
0.0375153747,0.00369468589,-0.000495647372,6.36118167e-05,-0.0112326976,-0.336420261,1706.80295
0.037541102,0.00431800152,-0.000587444967,8.69191712e-05,-0.0111477406,-0.347975545,1706.99744
0.0375511206,0.0984584434,0.00192137799,0.018040613,0.0108628373,-2.42932877,1714.18924
0.0375686792,0.00498613648,-0.000687979428,0.000116009947,-0.0110563832,-0.359797224,1707.20317
0.0375982394,0.0057023135,-0.000797987272,0.000151930866,-0.0109580941,-0.371840835,1707.42043
0.037629925,0.00646998704,-0.000918234024,0.000195896923,-0.0108522864,-0.384055165,1707.64941
0.0376566295,0.102249575,0.00304731511,0.0175174143,0.0124698526,-2.56620325,1714.14935
0.037663889,0.00729285993,-0.00104950566,0.000249315284,-0.0107383092,-0.396381928,1707.89025
0.0377002952,0.00817490128,-0.00119259676,0.00031381192,-0.0106154384,-0.408756022,1708.14296
0.0377393191,0.00912036556,-0.00134829501,0.000391260826,-0.0104828644,-0.421106372,1708.40744
0.0377550608,0.105786393,0.00411953543,0.0168228084,0.0141134013,-2.69129253,1714.10573
0.037781149,0.0101338132,-0.00151735985,0.000483815859,-0.0103396791,-0.433357699,1708.68343
0.0378259867,0.0112201325,-0.00170049633,0.000593944945,-0.0101848594,-0.445433006,1708.97053
0.0378468892,0.109085956,0.00512010563,0.0159914967,0.0157951261,-2.80141469,1714.05781
0.0378740485,0.0123845633,-0.00189832297,0.000724461866,-0.010017248,-0.457258446,1709.26814
0.0379255661,0.0136327222,-0.00211133089,0.000878569796,-0.00983553116,-0.468768768,1709.57546
0.0379325576,0.112164181,0.00603457723,0.0150597735,0.0175139137,-2.89811412,1714.00443
0.0379807881,0.0149706296,-0.00233983113,0.00105988754,-0.00963821213,-0.479913125,1709.89144
0.0380124793,0.115035914,0.00685200701,0.0140592087,0.0192660922,-2.98205832,1713.94382
0.0380399808,0.0164047389,-0.00258389195,0.00127248216,-0.00942358057,-0.490666759,1710.21483
0.0380870397,0.117715008,0.00756470495,0.0130180967,0.0210458044,-3.05409381,1713.87298
0.0381034297,0.0179419674,-0.00284326332,0.00152089712,-0.00918967704,-0.501043608,1710.54408
0.0381565985,0.120214384,0.00816796197,0.0119608655,0.0228454736,-3.11499149,1713.78532
0.038171441,0.0195897299,-0.00311728482,0.00181015771,-0.00893425241,-0.511109044,1710.87739
0.0382214913,0.1225461,0.00865977338,0.0109082561,0.0246563117,-3.16556346,1713.66805
0.0382443425,0.0213559743,-0.00340477874,0.00214577685,-0.00865472185,-0.521002928,1711.21266
0.0382820309,0.124721401,0.0090405482,0.00987734554,0.0264688327,-3.20662409,1713.50015
0.038322486,0.0232492201,-0.00370392282,0.00253372208,-0.00834811332,-0.530964301,1711.5475
0.0383385095,0.12675078,0.00931277072,0.00888182607,0.0282733218,-3.23909806,1713.25242
0.0383911994,0.128644026,0.00948066845,0.00793226884,0.0300602413,-3.26402928,1712.88994
0.0384062484,0.0252785992,-0.00401210092,0.00298035623,-0.00801101074,-0.541356788,1711.87924
0.0384403548,0.13041027,0.00954987933,0.0070364519,0.0318205602,-3.28257295,1712.37798
0.0384862128,0.132058033,0.00952713165,0.00619970412,0.0335460036,-3.29594047,1711.68949
0.0384960337,0.0274539002,-0.00432572813,0.00349232889,-0.00763949235,-0.552704294,1712.20492
0.0385289946,0.133595261,0.0094199389,0.00542524076,0.0352292267,-3.30531956,1710.811
0.0385689065,0.13502937,0.00923631638,0.00471450002,0.0368639173,-3.3117887,1709.74534
0.038592275,0.0297856156,-0.00464005073,0.0040764058,-0.00722906491,-0.565731022,1712.52131
0.0386061411,0.136367278,0.00898454046,0.00406746172,0.0384448408,-3.31625099,1708.51055
0.0386408779,0.137615437,0.00867293933,0.00348293018,0.0399678359,-3.3194028,1707.13607
0.0386732846,0.138779867,0.00830971206,0.00295879763,0.0414297727,-3.32173166,1705.65774
0.0386954365,0.0322849924,-0.00494891806,0.00473921439,-0.00677459342,-0.581404302,1712.82497
0.0387035173,0.139866187,0.00790278395,0.00249226971,0.0428284848,-3.32353984,1704.11293
0.0387317221,0.140879634,0.00745969392,0.00208006141,0.0441626823,-3.32498563,1702.5368
0.0387580348,0.141825099,0.00698751222,0.00171856307,0.0454318549,-3.32612893,1700.95993
0.0387825824,0.14270714,0.00649278274,0.00140399332,0.0466361707,-3.32696477,1699.40721
0.0388054833,0.143530013,0.00598149283,0.00113250234,0.0477763757,-3.32745094,1697.89767
0.0388060158,0.0349640862,-0.00524452392,0.00548688168,-0.006270234,-0.600978182,1713.11226
0.038826848,0.144297686,0.00545906078,0.000900253249,0.0488536962,-3.32753599,1696.44492
0.0388467796,0.145013864,0.00493033402,0.000703507403,0.0498697488,-3.32718382,1695.05796
0.0388653741,0.145681998,0.0043996001,0.000538676294,0.050826458,-3.32636511,1693.74203
0.0388827213,0.146305314,0.00387060918,0.000402352603,0.0517259817,-3.32505649,1692.49945
0.0388989047,0.146886817,0.00334660378,0.000291337455,0.0525706465,-3.3232657,1691.33041
0.0389140026,0.147429312,0.00283035123,0.000202660252,0.0533628916,-3.32101393,1690.23352
0.0389245463,0.0378358195,-0.00551712084,0.00632453635,-0.0057093599,-0.626035815,1713.37946
0.0389280877,0.147935415,0.00232417913,0.000133569498,0.0541052212,-3.31836225,1689.20638
0.038941228,0.148407569,0.00183001322,8.1575846e-05,0.0548001639,-3.31521231,1688.24591
0.0389534868,0.14884805,0.00134941692,4.43521027e-05,0.0554502406,-3.31162104,1687.34867
0.0389649232,0.149258983,0.000883628858,2.01988875e-05,0.0560579375,-3.30730771,1686.51103
0.0389755925,0.14964235,0.000433588008,6.04723446e-06,0.0566256854,-3.31625187,1685.72934
0.0389855461,0.15,0,0,0.0571558124,-3.3267933,1685
0.0390515997,0.040914044,-0.00575469891,0.00725562698,-0.00508448088,-0.658526075,1713.62287
0.0391877888,0.0442136074,-0.00594263458,0.00828099858,-0.00438716195,-0.700798802,1713.83894
0.0393337706,0.0477504251,-0.00606333341,0.00939777784,-0.00360791511,-0.755598591,1714.02447
0.0394902491,0.0515415566,-0.00609581885,0.0105978155,-0.00273603708,-0.825985781,1714.17681
0.0396579792,0.0556052884,-0.00601536882,0.0118657063,-0.00175933592,-0.915237764,1714.2941
0.0398377699,0.0599612217,-0.00579315757,0.0131764753,-0.000663635918,-1.02660257,1714.37582
0.0400304883,0.0646303672,-0.00539609718,0.0144924904,0.000568138565,-1.16296428,1714.42258
0.0400597819,0,0,0,-0.0125787715,-0.270831572,1706.01042
0.0400792162,0.000357650242,-4.95569279e-05,9.20576272e-07,-0.0125281018,-0.277044195,1706.12972
0.040100048,0.000741017226,-0.000103758547,3.11194641e-06,-0.012473726,-0.287387653,1706.25702
0.0401223777,0.00115195011,-0.000163066653,6.79744989e-06,-0.0124153549,-0.295432187,1706.39277
0.040146313,0.00159243101,-0.000227970179,1.26848507e-05,-0.0123526823,-0.30408126,1706.53742
0.0401719693,0.00206458457,-0.000298999684,2.10800312e-05,-0.0122853755,-0.313096853,1706.69143
0.0401994705,0.0025706882,-0.00037672809,3.25005842e-05,-0.0122130725,-0.322461114,1706.85523
0.0402289491,0.00311318307,-0.000461771865,4.75266461e-05,-0.0121353784,-0.332107591,1707.02927
0.0402370642,0.0696352464,-0.00478680837,0.0157599367,0.00195765582,-1.3257935,1714.43683
0.0402605474,0.00369468589,-0.00055479128,6.68454048e-05,-0.0120518615,-0.342020085,1707.21395
0.0402944178,0.00431800152,-0.000656489422,9.12531856e-05,-0.0119620483,-0.352165332,1707.40966
0.0403307236,0.00498613648,-0.000767609859,0.000121676686,-0.0118654185,-0.362504913,1707.61672
0.0403696399,0.0057023135,-0.00088893273,0.000159190972,-0.011761398,-0.372992884,1707.83541
0.0404113545,0.00646998704,-0.00102126873,0.000205041116,-0.0116493516,-0.383576072,1708.06594
0.0404560686,0.00729285993,-0.0011654491,0.000260666065,-0.0115285735,-0.394194106,1708.30842
0.0404584938,0.075,-0.00392475142,0.0169098511,0.00353412974,-1.51386953,1714.42486
0.0405039979,0.00817490128,-0.00132231358,0.000327725416,-0.0113982771,-0.404780307,1708.56285
0.0405553734,0.00912036556,-0.00149269528,0.000408125185,-0.0112575815,-0.415263477,1708.82909
0.0406104432,0.0101338132,-0.00167739891,0.000504054694,-0.0111054969,-0.42556939,1709.10686
0.0406694727,0.0112201325,-0.00187717218,0.000618018332,-0.0109409064,-0.435621729,1709.39569
0.0406799234,0.0803647536,-0.00285011326,0.0177973877,0.00521474416,-1.71302857,1714.39494
0.0407327467,0.0123845633,-0.00209266891,0.000752859376,-0.0107625449,-0.445348624,1709.69493
0.0408005704,0.0136327222,-0.00232440668,0.000911808564,-0.010568974,-0.454690461,1710.00366
0.0408732709,0.0149706296,-0.00257271161,0.0010985103,-0.0103585532,-0.463603747,1710.32076
0.0408864993,0.0853696328,-0.00166456172,0.0183432007,0.00689671824,-1.90785092,1714.35714
0.040951199,0.0164047389,-0.00283764866,0.00131704582,-0.0101294056,-0.472071387,1710.6448
0.0410347305,0.0179419674,-0.00311894307,0.00157196432,-0.0098793786,-0.480118265,1710.97408
0.0410792177,0.0900387783,-0.00041043656,0.0185693151,0.00858957193,-2.09359966,1714.31875
0.0411242682,0.0195897299,-0.00341588379,0.00186829052,-0.00960599942,-0.487824512,1711.30658
0.0412202442,0.0213559743,-0.00372720561,0.00221151875,-0.00930642369,-0.495345841,1711.63995
0.0412590084,0.0943947116,0.000874850161,0.0185012464,0.0103033023,-2.26897489,1714.28227
0.0413231213,0.0232492201,-0.00405095091,0.00260758145,-0.00897737867,-0.502942851,1711.97153
0.0414267385,0.0984584434,0.0021564357,0.0181779178,0.0120472177,-2.42623091,1714.24755
0.0414333957,0.0252785992,-0.00438430739,0.00306278629,-0.00861510021,-0.511008157,1712.29831
0.0415515994,0.0274539002,-0.00472341953,0.00358370269,-0.00821526431,-0.520100486,1712.61696
0.041583217,0.102249575,0.00340528868,0.017646644,0.0138287649,-2.56620149,1714.21361
0.0416783025,0.0297856156,-0.00506317115,0.0041769887,-0.00777291422,-0.530986503,1712.92389
0.0417291988,0.105786393,0.00459662985,0.0169437474,0.0156527707,-2.69349339,1714.17891
0.0418141161,0.0322849924,-0.00539693638,0.00484913326,-0.00728238201,-0.544683966,1713.21524
0.0418653879,0.109085956,0.0057102161,0.0161042795,0.0175210545,-2.80548859,1714.14177
0.0419596954,0.0349640862,-0.0057162971,0.00560609219,-0.00673721555,-0.562507036,1713.48698
0.0419924413,0.112164181,0.00672966444,0.0151643789,0.0194323728,-2.90359888,1714.09995
0.0421109718,0.115035914,0.0076424288,0.0141557059,0.0213826221,-2.98856862,1714.05062
0.0421157425,0.0378358195,-0.00601072614,0.00645278487,-0.0061300935,-0.586109781,1713.73503
0.0422215511,0.117715008,0.00843957816,0.0131066011,0.0233652443,-3.06128276,1713.98981
0.0422830102,0.040914044,-0.00626724065,0.00739242946,-0.00545273602,-0.617519399,1713.95538
0.0423247126,0.120214384,0.00911554083,0.0120415832,0.0253717447,-3.12257173,1713.91033
0.0424209539,0.1225461,0.00966780563,0.0109814446,0.0273922567,-3.17329421,1713.79913
0.0424623052,0.0442136074,-0.00647000353,0.00842560726,-0.00469581748,-0.659163309,1714.14431
0.0425107392,0.124721401,0.010096572,0.00994332009,0.0294161132,-3.21431487,1713.63533
0.0425945016,0.12675078,0.0104043857,0.00894094521,0.0314323727,-3.24659543,1713.38986
0.0426544923,0.0477504251,-0.00659992029,0.00954912952,-0.0038488443,-0.71388091,1714.29853
0.0426726451,0.128644026,0.0105957736,0.00798492628,0.0334302754,-3.27121291,1713.02804
0.0427455466,0.13041027,0.010676873,0.00708307337,0.0353996153,-3.28934711,1712.51544
0.0428135579,0.132058033,0.0106550647,0.00624072619,0.0373310237,-3.30223147,1711.82513
0.0428604986,0.0515415566,-0.00663418766,0.0107545542,-0.0028999771,-0.784851168,1714.41546
0.0428770068,0.133595261,0.0105386298,0.00546109585,0.0392161664,-3.3110771,1710.94372
0.0429099304,0,0,0,-0.0134737181,-0.281882151,1706.4383
0.0429341769,0.000357650242,-5.59759336e-05,9.65426944e-07,-0.0134201848,-0.287651757,1706.55813
0.0429361995,0.13502937,0.0103364465,0.00474563205,0.0410478627,-3.31698272,1709.87402
0.0429601668,0.000741017226,-0.000117036288,3.26595587e-06,-0.0133627231,-0.297041717,1706.68604
0.0429880255,0.00115195011,-0.000183675478,7.15322792e-06,-0.0133010224,-0.30404276,1706.82248
0.0429914215,0.136367278,0.0100577071,0.00409430871,0.0428201384,-3.32086514,1708.63412
0.0430178874,0.00159243101,-0.000256414387,1.33374582e-05,-0.0132347551,-0.31156109,1706.9679
0.0430429391,0.137615437,0.00971167612,0.00350590886,0.0445282236,-3.32342965,1707.25357
0.0430498965,0.00206458457,-0.000335816329,2.21488583e-05,-0.0131635648,-0.319379908,1707.12276
0.0430813177,0.0556052884,-0.00654586016,0.0120262293,-0.00183573067,-0.875416181,1714.49359
0.0430842072,0.0025706882,-0.000422488907,3.41226923e-05,-0.0130870628,-0.327478934,1707.28751
0.0430910009,0.138779867,0.00930749329,0.00297830849,0.0461685082,-3.3251714,1705.76835
0.043120985,0.00311318307,-0.000517085425,4.98591388e-05,-0.0130048247,-0.335789773,1707.46259
0.0431358386,0.139866187,0.00885400846,0.00250869362,0.0477384667,-3.32639949,1704.21602
0.0431604073,0.00369468589,-0.000620304666,7.00675248e-05,-0.0129163858,-0.344292344,1707.6484
0.0431776685,0.140879634,0.00835965205,0.00209375741,0.0492365625,-3.32727667,1702.63197
0.0432026643,0.00431800152,-0.000732889198,9.55684609e-05,-0.0128212359,-0.352950144,1707.84533
0.0432166924,0.141825099,0.00783234123,0.00172987094,0.0506621399,-3.32786377,1701.04697
0.0432479597,0.00498613648,-0.000855623012,0.000127315135,-0.0127188129,-0.361720865,1708.05369
0.0432530986,0.14270714,0.00727941819,0.0014132237,0.0520153113,-3.32815804,1699.48609
0.0432870626,0.143530013,0.00670760907,0.00113993734,0.0532968439,-3.32812206,1697.9685
0.0432965121,0.0057023135,-0.000989328992,0.000166411644,-0.0126084961,-0.370555835,1708.27376
0.0433180148,0.0599612217,-0.00630341857,0.013338829,-0.000640430601,-0.988965896,1714.5332
0.0433187482,0.144297686,0.00612300001,0.000906155001,0.0545080517,-3.32771095,1696.50792
0.0433483084,0.145013864,0.00553103941,0.000708114506,0.0556506932,-3.32689109,1695.11343
0.0433485556,0.00646998704,-0.00113486189,0.000214130588,-0.0124895973,-0.379401264,1708.50573
0.0433758856,0.145681998,0.0049365541,0.00054220127,0.0567268788,-3.32562155,1693.79031
0.0434016128,0.146305314,0.00434377054,0.00040498334,0.0577389874,-3.32388349,1692.54092
0.0434043413,0.00729285993,-0.00129309865,0.000271944242,-0.0123613508,-0.388196432,1708.74967
0.0434256143,0.146886817,0.00375634472,0.000293240031,0.0586895931,-3.32169488,1691.36545
0.0434480057,0.147429312,0.00317739921,0.000203981713,0.0595814014,-3.31907238,1690.26251
0.0434641383,0.00817490128,-0.00146492548,0.000341548702,-0.0122229016,-0.396871846,1709.00556
0.0434688951,0.147935415,0.0026095644,0.0001344399,0.0604171956,-3.31605917,1689.2297
0.0434883832,0.148407569,0.00205502035,8.21124843e-05,0.0611997912,-3.31250252,1688.26393
0.043506564,0.14884805,0.00151554032,4.46729068e-05,0.0619319984,-3.3084314,1687.36172
0.0435235252,0.149258983,0.000992533519,2.03738233e-05,0.0626165923,-3.30362596,1686.51943
0.0435282349,0.00912036556,-0.00165121858,0.000424880393,-0.012073291,-0.405353826,1709.27322
0.0435393486,0.14964235,0.00048707714,6.0465156e-06,0.0632562886,-3.31315187,1685.7334
0.0435541106,0.15,0,0,0.0638536798,-3.32444986,1685
0.0435717315,0.0646303672,-0.00587053458,0.0146547072,0.000704793583,-1.12829687,1714.53759
0.0435969404,0.0101338132,-0.00185282225,0.000524161153,-0.0119114401,-0.413570431,1709.55231
0.0436705862,0.0112201325,-0.00207051963,0.000641927058,-0.0117361296,-0.42144968,1709.84227
0.0437495274,0.0123845633,-0.00230499376,0.000781052359,-0.0115459771,-0.428923245,1710.14235
0.0438341449,0.0136327222,-0.00255677991,0.000944790172,-0.0113394085,-0.435934974,1710.45154
0.0438436917,0.0696352464,-0.00520598818,0.0159193724,0.00222387197,-1.29527544,1714.5111
0.0439248467,0.0149706296,-0.00282620867,0.00113680255,-0.0111146271,-0.44244751,1710.76853
0.0440220705,0.0164047389,-0.00311333564,0.00136118649,-0.010869575,-0.448452439,1711.09174
0.0441262851,0.0179419674,-0.00341785283,0.00162249301,-0.0106018909,-0.453986542,1711.41923
0.044135207,0.075,-0.00426502745,0.0170648884,0.00394901672,-1.48779816,1714.46089
0.0442379932,0.0195897299,-0.0037389836,0.00192573678,-0.0103088598,-0.45914637,1711.74873
0.0443577337,0.0213559743,-0.00407535749,0.00227638603,-0.00998735742,-0.464107148,1712.07761
0.0444267224,0.0803647536,-0.00309030996,0.0179446111,0.00578977197,-1.69323088,1714.40017
0.0444860841,0.0232492201,-0.00442486217,0.00268032812,-0.0096337874,-0.469155111,1712.40286
0.0446236635,0.0252785992,-0.00478446852,0.00314380294,-0.00924401183,-0.474716311,1712.7211
0.0446986825,0.0853696328,-0.00179294509,0.0184829963,0.00763356583,-1.89177229,1714.3415
0.0447711354,0.0274539002,-0.00515002662,0.00367328556,-0.00881327614,-0.481389831,1713.0286
0.0449292114,0.0297856156,-0.00551603064,0.00427530992,-0.0083361286,-0.489991111,1713.32135
0.0449523992,0.0900387783,-0.000417732133,0.0187039556,0.00949076888,-2.08222671,1714.29141
0.0450986537,0.0322849924,-0.00587534885,0.0049562084,-0.00780633655,-0.501596186,1713.59504
0.0451890963,0.0943947116,0.000994236895,0.0186272845,0.011372334,-2.26351511,1714.25163
0.0452802797,0.0349640862,-0.00621891674,0.0057217455,-0.00721680224,-0.51758827,1713.84527
0.0454099154,0.0984584434,0.00240330418,0.018295196,0.0132885207,-2.42424893,1714.22063
0.0454749655,0.0378358195,-0.00653539195,0.00657661543,-0.00655947086,-0.539701058,1714.06759
0.0456159217,0.102249575,0.00377835125,0.0177563498,0.0152475683,-2.56785071,1714.19591
0.0456836502,0.040914044,-0.00681076956,0.00752376995,-0.00582523729,-0.570053277,1714.25774
0.0458081089,0.105786393,0.00509195839,0.0170457872,0.0172548516,-2.6977215,1714.17434
0.0459073402,0.0442136074,-0.00702796107,0.00856353075,-0.00500384724,-0.611163343,1714.41183
0.0459220302,0,0,0,-0.0144195175,-0.289025142,1706.89045
0.0459507911,0.000357650242,-6.30953158e-05,1.00878894e-06,-0.014362687,-0.29432587,1707.01076
0.0459816201,0.000741017226,-0.000131752243,3.41529052e-06,-0.0143016748,-0.302713622,1707.1392
0.0459874038,0.109085956,0.0063215014,0.0161990292,0.0193124335,-2.81201119,1714.15263
0.0460146658,0.00115195011,-0.000206498057,7.49870899e-06,-0.0142361467,-0.308623433,1707.27623
0.0460500877,0.00159243101,-0.000287884688,1.39706574e-05,-0.014165751,-0.314957164,1707.42231
0.0460880565,0.00206458457,-0.000376508303,2.318641e-05,-0.0140901046,-0.321519029,1707.5779
0.0461287555,0.0025706882,-0.000473012162,3.56977365e-05,-0.0140087896,-0.328284026,1707.74344
0.0461471146,0.0477504251,-0.00716631767,0.00969237482,-0.00408376643,-0.665967549,1714.52653
0.0461546715,0.112164181,0.00744858212,0.0152519097,0.0214189863,-2.91190435,1714.12812
0.046172381,0.00311318307,-0.00057808612,5.21253691e-05,-0.0139213488,-0.335183082,1707.91938
0.0462191433,0.00369468589,-0.000692466536,7.31980011e-05,-0.013827281,-0.342195223,1708.10611
0.0462692681,0.00431800152,-0.000816936068,9.97603883e-05,-0.0137260353,-0.349283233,1708.304
0.0463107186,0.115035914,0.00845901639,0.0142361571,0.0235700112,-2.99827058,1714.09711
0.046322997,0.00498613648,-0.000952321493,0.00013279561,-0.0136170038,-0.356399357,1708.51336
0.0463805894,0.0057023135,-0.00109948741,0.000173433362,-0.0134995146,-0.363487271,1708.73445
0.0464041299,0.0515415566,-0.00720114834,0.0109015457,-0.00305198884,-0.737775884,1714.59938
0.0464423229,0.00646998704,-0.00125932877,0.0002229728,-0.0133728214,-0.370490966,1708.96741
0.0464562979,0.117715008,0.009342637,0.0131801513,0.0257582666,-3.07196723,1714.05365
0.0465084953,0.00729285993,-0.00143276288,0.000282917422,-0.013236093,-0.377352339,1709.2123
0.0465794258,0.00817490128,-0.00162071501,0.000354993271,-0.0130884,-0.384003777,1709.46902
0.0465921115,0.120214384,0.0100929866,0.0121084816,0.0279743443,-3.13384653,1713.9895
0.0466554566,0.00912036556,-0.00182409813,0.00044116851,-0.0129286991,-0.390371258,1709.73734
0.0466796259,0.0556052884,-0.00710323437,0.0121751884,-0.00189371208,-0.83001054,1714.62996
0.0467188146,0.1225461,0.0107070202,0.0110419523,0.0302072995,-3.18489951,1713.89138
0.0467369543,0.0101338132,-0.00204378836,0.000543692768,-0.0127558147,-0.396381829,1710.01682
0.0468243122,0.0112201325,-0.00228059425,0.00066512671,-0.0125684171,-0.401965046,1710.30683
0.0468370183,0.124721401,0.0111847321,0.00999774113,0.0324452756,-3.22604178,1713.73821
0.0469179514,0.0123845633,-0.00253521801,0.000808371782,-0.0123649969,-0.407056259,1710.60647
0.0469472927,0.12675078,0.011528743,0.00898960635,0.0346760913,-3.25825984,1713.50086
0.0469749313,0.0599612217,-0.00683828079,0.0134876374,-0.000591747349,-0.946206321,1714.62086
0.0470183238,0.0136327222,-0.00280820487,0.000976702141,-0.0121438349,-0.411603393,1710.91456
0.0470501698,0.128644026,0.0117439004,0.00802819029,0.0368877497,-3.28266947,1713.14478
0.0471259134,0.0149706296,-0.00309988027,0.00117379373,-0.0119029665,-0.415575835,1711.22964
0.0471461458,0.13041027,0.0118368586,0.00712131241,0.0390688542,-3.30048602,1712.63576
0.0472356835,0.132058033,0.0118156715,0.00627431091,0.0412089261,-3.3129771,1711.94707
0.0472412392,0.0164047389,-0.00341027339,0.00140374917,-0.0116401413,-0.418975467,1711.54987
0.0472914705,0.0646303672,-0.0063665893,0.0148013275,0.000874578001,-1.08907353,1714.57687
0.047319215,0.133595261,0.0116894209,0.00549040836,0.0432986271,-3.32138044,1711.06544
0.0473648575,0.0179419674,-0.00373902435,0.0016711143,-0.0113527753,-0.421851951,1711.87309
0.0473971431,0.13502937,0.011467873,0.00477105094,0.0453298953,-3.32681192,1709.99382
0.0474698436,0.136367278,0.0111611606,0.00411619959,0.0472960056,-3.33019916,1708.75045
0.0474973645,0.0195897299,-0.00408527208,0.00198088385,-0.0110378971,-0.424322368,1712.1967
0.0475376673,0.137615437,0.0107795128,0.00352462532,0.0491915705,-3.33225695,1707.36509
0.0476009413,0.138779867,0.0103330329,0.00299418645,0.0510124926,-3.33349027,1705.87395
0.0476307705,0.0696352464,-0.00564303574,0.0160609588,0.00253145886,-1.26101007,1714.50327
0.0476393995,0.0213559743,-0.00444752036,0.00233848837,-0.0106920871,-0.426588009,1712.51775
0.0476599708,0.139866187,0.00983151641,0.00252204877,0.0527558826,-3.33421703,1704.31488
0.0477150406,0.140879634,0.00928430895,0.00210488584,0.054419954,-3.3346063,1702.72352
0.0477664162,0.141825099,0.00870019916,0.00173904816,0.0560039043,-3.33472183,1701.13089
0.0477916474,0.0232492201,-0.00482347929,0.00274975746,-0.0103114085,-0.428963155,1712.83284
0.0478143454,0.14270714,0.00808734332,0.00142070386,0.0575077899,-3.3345617,1699.56227
0.0478590595,0.143530013,0.00745321863,0.00114595353,0.0589324009,-3.33409024,1698.03697
0.0479007741,0.144297686,0.00680460256,0.000910920187,0.0602791406,-3.33326379,1696.56887
0.0479396905,0.145013864,0.00614756896,0.000711822838,0.0615499124,-3.33203511,1695.16711
0.0479548426,0.0252785992,-0.00520987774,0.00322084867,-0.00989133251,-0.431910997,1713.1382
0.0479759962,0.145681998,0.00548750061,0.000545027965,0.0627470166,-3.33037261,1693.83705
0.0479944677,0.075,-0.00461835396,0.0172003493,0.00441411497,-1.45858634,1714.40852
0.0480098666,0.146305314,0.00482911505,0.000407084582,0.063873057,-3.32827264,1692.58107
0.0480414649,0.146886817,0.00417649719,0.000294753747,0.0649308592,-3.32574429,1691.39937
0.0480709435,0.147429312,0.00353314036,0.000205029728,0.0659234,-3.32279986,1690.29058
0.0480984447,0.147935415,0.00290199128,0.000135129376,0.0668537465,-3.31949111,1689.25228
0.048124101,0.148407569,0.00228549568,8.25334569e-05,0.0677250055,-3.31566959,1688.28136
0.0481297723,0.0274539002,-0.00560224505,0.00375812711,-0.00942665628,-0.436077083,1713.42967
0.0481480363,0.14884805,0.00168564189,4.48819146e-05,0.0685402815,-3.31137455,1687.37434
0.048170366,0.149258983,0.0011040057,2.05021736e-05,0.0693026429,-3.30622333,1686.52756
0.0481911978,0.14964235,0.000541808291,6.11171191e-06,0.0700150949,-3.31554083,1685.73732
0.0482106321,0.15,0,0,0.0706804989,-3.32686214,1685
0.0483172803,0.0297856156,-0.00599465844,0.00436798556,-0.00891141431,-0.44233235,1713.70279
0.0483581649,0.0803647536,-0.00333824794,0.0180692492,0.00642385445,-1.67208641,1714.31214
0.0485182711,0.0322849924,-0.00637945267,0.00505658205,-0.00833879332,-0.451818737,1713.95285
0.0486974648,0.0853696328,-0.00192352669,0.018599349,0.00843776295,-1.87290767,1714.23068
0.048733714,0.0349640862,-0.00674688973,0.00582947231,-0.00770103627,-0.465996348,1714.17506
0.0489646483,0.0378358195,-0.00708478581,0.00669110898,-0.00698934231,-0.486686704,1714.36467
0.049014004,0.0900387783,-0.000420302617,0.0188160653,0.0104671778,-2.06969685,1714.1685
0.0491052836,0,0,0,-0.0154190591,-0.291002282,1707.36825
0.0491382571,0.000357650242,-7.09421221e-05,1.05199047e-06,-0.0153584551,-0.295804762,1707.48887
0.0491736015,0.000741017226,-0.000147960685,3.55799751e-06,-0.0152933817,-0.303134962,1707.61766
0.0492114873,0.00115195011,-0.000231617994,7.82504393e-06,-0.0152234786,-0.307909374,1707.75509
0.0492121878,0.040914044,-0.00737809427,0.00764416787,-0.00619377524,-0.516108262,1714.51722
0.0492520973,0.00159243101,-0.000322499334,1.4572511e-05,-0.0151483673,-0.313017852,1707.90161
0.0492956273,0.00206458457,-0.000421236455,2.41771364e-05,-0.015067635,-0.318272438,1708.05768
0.0493093095,0.0943947116,0.00112434622,0.0187287251,0.0125241417,-2.25961624,1714.12603
0.0493422873,0.0025706882,-0.000528507102,3.72032392e-05,-0.0149808311,-0.323640449,1708.22374
0.0493923025,0.00311318307,-0.000645036788,5.42927081e-05,-0.0148874622,-0.329056102,1708.40022
0.0494459139,0.00369468589,-0.000771598926,7.61951806e-05,-0.0147869867,-0.334498704,1708.58751
0.0494775266,0.0442136074,-0.0076084481,0.00868868674,-0.00530315396,-0.556885303,1714.62868
0.0495033803,0.00431800152,-0.000909014349,0.000103778065,-0.0146788086,-0.339930856,1708.78595
0.0495649787,0.00498613648,-0.00105814821,0.000138048111,-0.0145622698,-0.345304225,1708.99583
0.0495848054,0.0984584434,0.00266607011,0.0183874679,0.0146199909,-2.42313083,1714.10063
0.0496310064,0.0057023135,-0.00121990304,0.000180158847,-0.0144366418,-0.35056052,1709.21738
0.0497017818,0.00646998704,-0.00139521164,0.000231437805,-0.0143011147,-0.355639565,1709.45069
0.0497619445,0.0477504251,-0.00775364295,0.00982083415,-0.00430491639,-0.612056346,1714.69573
0.0497776463,0.00729285993,-0.00158502649,0.000293413436,-0.0141547856,-0.360478809,1709.69576
0.0498418207,0.102249575,0.00417328674,0.0178422732,0.0167638687,-2.57113185,1714.08848
0.0498589658,0.00817490128,-0.00179030463,0.000367835099,-0.0139966437,-0.365009819,1709.95244
0.0499461325,0.00912036556,-0.00201198943,0.000456701042,-0.0138255536,-0.369160058,1710.22039
0.050039567,0.0101338132,-0.002250984,0.00056228734,-0.0136402346,-0.3728563,1710.49909
0.0500668135,0.0515415566,-0.00778712141,0.0110315575,-0.00318491714,-0.685058177,1714.71726
0.0500815951,0.105786393,0.00561502961,0.0171247997,0.0189617951,-2.70401033,1714.08489
0.0501397198,0.0112201325,-0.00250811698,0.000687177717,-0.0134392374,-0.376028589,1710.78774
0.0502470741,0.0123845633,-0.00278409988,0.000834293722,-0.0132209157,-0.378615677,1711.0853
0.0503052852,0.109085956,0.0069661236,0.0162717737,0.0212161478,-2.82116273,1714.08486
0.0503621477,0.0136327222,-0.00307947362,0.00100692413,-0.0129833934,-0.380572058,1711.39041
0.0503936039,0.0556052884,-0.00767738754,0.0123047962,-0.00192708246,-0.779400638,1714.6949
0.0504854956,0.0149706296,-0.00339454252,0.00120875196,-0.0127245261,-0.381876764,1711.70137
0.0505139698,0.112164181,0.00820602068,0.0153185192,0.023525562,-2.9233145,1714.08387
0.0506177128,0.0164047389,-0.00372929318,0.00144387683,-0.0124418567,-0.382544836,1712.01609
0.0507086556,0.115035914,0.00931880355,0.0142969099,0.02588516,-3.01143005,1714.07681
0.0507438921,0.0599612217,-0.00738737934,0.0136146208,-0.000512777856,-0.898744402,1714.63204
0.050759437,0.0179419674,-0.00408329575,0.0017168296,-0.0121325641,-0.382642589,1712.3321
0.0508902816,0.117715008,0.0102930173,0.0132353334,0.0282870221,-3.08647021,1714.05658
0.0509113519,0.0195897299,-0.0044555847,0.00203257344,-0.0117934045,-0.382308164,1712.64649
0.051059724,0.120214384,0.0111213018,0.0121583761,0.0307208129,-3.14931494,1714.01492
0.0510741902,0.0213559743,-0.00484451633,0.00239648991,-0.0114206452,-0.381769111,1712.95591
0.0511193677,0.0646303672,-0.00687402362,0.0149235802,0.00108037613,-1.0457773,1714.53323
0.0512177999,0.1225461,0.0118000322,0.0110868269,0.0331744754,-3.20096751,1713.93764
0.0512487373,0.0232492201,-0.0052475993,0.00281433816,-0.0110099911,-0.381373968,1713.25657
0.0513652719,0.124721401,0.0123289737,0.0100379024,0.0356349236,-3.24244116,1713.80226
0.0514358352,0.0252785992,-0.00566129517,0.0032921779,-0.0105565029,-0.381630505,1713.54425
0.0515028513,0.12675078,0.0127108315,0.00902536931,0.0380886909,-3.27477305,1713.57954
0.0515218418,0.0696352464,-0.00608844446,0.0161757041,0.00288071477,-1.22338863,1714.40617
0.0516312016,0.128644026,0.0129507865,0.00805987183,0.0405224944,-3.29912683,1713.23497
0.0516363863,0.0274539002,-0.0060807861,0.0038362484,-0.0100545101,-0.383236605,1713.81437
0.0517509421,0.13041027,0.0130560344,0.0071492147,0.0429236979,-3.3167651,1712.73444
0.051851358,0.0297856156,-0.00649970544,0.0044527847,-0.00949751487,-0.387125185,1714.06202
0.0518626502,0.132058033,0.013035347,0.00629874894,0.0452806658,-3.32899457,1712.05141
0.0519532556,0.075,-0.00497657199,0.0173068786,0.00492631372,-1.42676156,1714.26374
0.0519668649,0.133595261,0.0128986535,0.00551170332,0.0475830128,-3.3370774,1711.17283
0.0520640886,0.13502937,0.0126566446,0.00478949854,0.0498217564,-3.34214783,1710.10188
0.0520817872,0.0322849924,-0.00690982786,0.00514775398,-0.00887810391,-0.394511968,1714.28211
0.0521547905,0.136367278,0.0123204365,0.00413208115,0.0519893878,-3.34515259,1708.85709
0.0522394079,0.137615437,0.0119012759,0.00353821509,0.054079874,-3.34682295,1707.46851
0.0523183492,0.138779867,0.0114102855,0.00300574024,0.0560886081,-3.34767455,1705.97274
0.0523287853,0.0349640862,-0.00730071656,0.00592648791,-0.00818784423,-0.406942045,1714.46952
0.0523846694,0.0803647536,-0.00358808185,0.0181621594,0.00710975848,-1.64967878,1714.1305
0.0523919949,0.139866187,0.01085826,0.00253180357,0.0580123199,-3.3480315,1704.40794
0.0524607004,0.140879634,0.0102555066,0.00211305948,0.0598489614,-3.34806654,1702.8101
0.052469416,0,0,0,-0.0164753966,-0.286315526,1707.87316
0.0525061707,0.000357650242,-7.95448998e-05,1.0956649e-06,-0.0164104537,-0.290613692,1707.9938
0.0525247971,0.141825099,0.00961172534,0.00174583942,0.0615975759,-3.34784503,1701.21052
0.0525455682,0.000741017226,-0.000165723829,3.6964935e-06,-0.0163407133,-0.296841537,1708.12264
0.052584594,0.14270714,0.00893592522,0.00142629302,0.0632581605,-3.34736561,1699.63472
0.0525877986,0.00115195011,-0.000259133865,8.13653623e-06,-0.016265786,-0.300414266,1708.26013
0.0525935437,0.0378358195,-0.00765932412,0.00679318352,-0.00741717804,-0.426333592,1714.61926
0.0526330655,0.00159243101,-0.000360393217,1.5148449e-05,-0.0161852632,-0.304242224,1708.40673
0.0526403797,0.143530013,0.00823637198,0.00115050268,0.0648315283,-3.34659334,1698.10222
0.0526815874,0.00206458457,-0.000470167243,2.51206288e-05,-0.0160986993,-0.30813619,1708.56287
0.0526924233,0.144297686,0.00752056224,0.000914575214,0.0663191752,-3.34548062,1696.62701
0.0527335982,0.0025706882,-0.000589168068,3.86331519e-05,-0.016005607,-0.312062808,1708.729
0.0527409757,0.145013864,0.00679521948,0.000714713266,0.0677231552,-3.34397879,1695.21836
0.0527862711,0.145681998,0.00606630676,0.000547268895,0.0690459655,-3.34205636,1693.88169
0.0527871435,0.0853696328,-0.00205284712,0.0186842941,0.00929751035,-1.85072221,1714.0252
0.0527893488,0.00311318307,-0.000718156848,5.6344941e-05,-0.0159054527,-0.315954789,1708.90552
0.052828528,0.146305314,0.00533905347,0.00040878125,0.070290444,-3.33970138,1692.61942
0.0528491082,0.00369468589,-0.000857943423,7.90264062e-05,-0.01579765,-0.319785284,1709.0928
0.0528679503,0.146886817,0.00461799304,0.000296001269,0.0714596784,-3.3369152,1691.43178
0.0528773396,0.040914044,-0.00796954553,0.00775023858,-0.00655533089,-0.455011118,1714.72669
0.0529047281,0.147429312,0.00390700618,0.000205911498,0.0725569275,-3.33370788,1690.31739
0.0529131645,0.00431800152,-0.00100938366,0.000107564344,-0.015681553,-0.323510136,1709.29116
0.0529390388,0.147935415,0.00320936784,0.000135719052,0.0735855538,-3.33014484,1689.27383
0.0529710479,0.148407569,0.00252779731,8.28929636e-05,0.0745489675,-3.32613015,1688.298
0.0529818268,0.00498613648,-0.0011733757,0.000142982276,-0.0155564482,-0.327078924,1709.50085
0.0530009098,0.14884805,0.00186450745,4.50508212e-05,0.0754505794,-3.32173139,1687.38638
0.0530287685,0.149258983,0.00122125545,2.05445549e-05,0.0762937632,-3.31652212,1686.53531
0.0530547585,0.14964235,0.000599397525,6.17813227e-06,0.0770818255,-3.3248016,1685.74106
0.0530554263,0.0057023135,-0.00135085625,0.000186458261,-0.0154215446,-0.330435149,1709.72205
0.0530790049,0.15,0,0,0.0778179083,-3.33517766,1685
0.0531343178,0.00646998704,-0.00154279255,0.000239345642,-0.0152759626,-0.333516926,1709.95479
0.0531626191,0.0900387783,-0.000418909546,0.0188965095,0.011502022,-2.05881908,1713.95069
0.0531815417,0.0442136074,-0.00821172218,0.0087973876,-0.00559019725,-0.495719904,1714.78766
0.0532188821,0.00729285993,-0.00175016952,0.00030319539,-0.0151187207,-0.336256993,1710.19901
0.0533095269,0.00817490128,-0.00197397378,0.000379780559,-0.0149487194,-0.338584175,1710.45446
0.0534066895,0.00912036556,-0.00221517222,0.000471122479,-0.0147647226,-0.340425758,1710.72069
0.0535076173,0.0477504251,-0.00836210197,0.00993054449,-0.0045082013,-0.551605591,1714.80033
0.0535108386,0.0101338132,-0.00247468411,0.000579518286,-0.014565336,-0.341710409,1710.99704
0.0535129073,0.0943947116,0.00126017773,0.0187949898,0.0137365689,-2.25830826,1713.90615
0.0536224765,0.0112201325,-0.0027533455,0.000707569456,-0.0143489805,-0.342372,1711.28256
0.0537421417,0.0123845633,-0.00305186399,0.000858210566,-0.014113862,-0.34235483,1711.57602
0.0538396977,0.0984584434,0.00293654324,0.0184461495,0.0160137004,-2.42070499,1713.88794
0.0538571394,0.0515415566,-0.00839224767,0.0111403432,-0.00329408797,-0.62621861,1714.7655
0.0538704114,0.0136327222,-0.00337076223,0.00103473707,-0.0138579359,-0.341620956,1711.87583
0.0540079042,0.0149706296,-0.00371030773,0.00124083034,-0.0135788651,-0.340159945,1712.18002
0.0541445667,0.102249575,0.00457773787,0.0178973367,0.0183435894,-2.57531638,1713.89082
0.0541552835,0.0164047389,-0.00407042679,0.00148057754,-0.0132739721,-0.338001454,1712.48624
0.0542317937,0.0556052884,-0.00826839128,0.0124105118,-0.00193056173,-0.723151883,1714.68481
0.05431326,0.0179419674,-0.00445059982,0.00175848381,-0.0129401837,-0.335230538,1712.79166
0.0544289846,0.105786393,0.00614932655,0.0171735848,0.0207329996,-2.71193279,1713.90865
0.0544825958,0.0195897299,-0.00484973479,0.00207946955,-0.0125739676,-0.332010195,1713.093
0.0546333874,0.0599612217,-0.00795073764,0.0137149905,-0.000397616383,-0.846157403,1714.56157
0.0546641076,0.0213559743,-0.00526601612,0.00244885478,-0.0121712615,-0.328601291,1713.38652
0.0546943234,0.109085956,0.00762343787,0.0163155375,0.0231847031,-2.83258179,1713.93491
0.054858671,0.0232492201,-0.00569672611,0.00287231308,-0.0117273943,-0.325391251,1713.668
0.0549418629,0.112164181,0.00897735427,0.0153575629,0.0256973592,-2.93746252,1713.9627
0.0550638577,0.0646303672,-0.00739289763,0.0150163857,0.00132873199,-0.998093768,1714.40272
0.0550672244,0.0252785992,-0.00613803392,0.00335579155,-0.0112369988,-0.322935674,1713.93278
0.0551727972,0.115035914,0.010193466,0.0143317569,0.0282657594,-3.02772499,1713.98506
0.0552907737,0.0274539002,-0.00658474864,0.00390538917,-0.0106939189,-0.321991978,1714.17585
0.0553882401,0.117715008,0.0112589939,0.0132663615,0.0308813419,-3.104445,1713.99431
0.0555252807,0.0696352464,-0.00654237221,0.0162586149,0.00327882639,-1.18194642,1714.21993
0.0555303974,0.0297856156,-0.00703003405,0.00452716829,-0.0100911116,-0.323562503,1714.39191
0.0555892308,0.120214384,0.0121656788,0.012185896,0.0335328692,-3.16858383,1713.98103
0.0557767389,0.1225461,0.0129093781,0.0111111386,0.0362071874,-3.22111427,1713.92999
0.0557872511,0.0322849924,-0.00746508092,0.00522689157,-0.00942054732,-0.32894441,1714.57551
0.0559516686,0.124721401,0.0134896522,0.0100592869,0.0388899932,-3.26314527,1713.81844
0.0560198823,0.075,-0.00533993408,0.0173787795,0.00549343802,-1.39222835,1714.02859
0.0560247053,0,0,0,-0.0175917575,-0.273526905,1708.4067
0.0560625738,0.0349640862,-0.00787873309,0.00600965549,-0.00867310456,-0.339775667,1714.72127
0.0560647854,0.000357650242,-8.89334035e-05,1.13677603e-06,-0.0175218458,-0.27729167,1708.52698
0.0561077475,0.000741017226,-0.000185098243,3.82317465e-06,-0.0174467636,-0.282364529,1708.65544
0.0561148639,0.12675078,0.0139092986,0.00904409883,0.041566543,-3.29579106,1713.61648
0.0561537988,0.00115195011,-0.000289125397,8.42290032e-06,-0.0173660888,-0.284691301,1708.79252
0.0562031614,0.00159243101,-0.000401664759,1.56760484e-05,-0.0172793796,-0.28718986,1708.93868
0.0562560733,0.00206458457,-0.000523414024,2.5979261e-05,-0.0171861531,-0.289670632,1709.09433
0.0562671117,0.128644026,0.0141738382,0.00807618034,0.0442222739,-3.32026793,1713.28897
0.0563127899,0.0025706882,-0.000655120569,3.99323893e-05,-0.0170858818,-0.292103649,1709.2599
0.0563576935,0.0378358195,-0.00825706422,0.00687939472,-0.00783846787,-0.35807961,1714.82401
0.0563735847,0.00311318307,-0.000797580763,5.82080979e-05,-0.0169779869,-0.294416705,1709.43578
0.0564091466,0.13041027,0.0142910278,0.00716332564,0.0468433143,-3.33789016,1712.80179
0.0564387509,0.00369468589,-0.000951639161,8.15929439e-05,-0.0168618324,-0.296577286,1709.6223
0.0565086029,0.00431800152,-0.00111818635,0.000110991125,-0.0167367174,-0.298536411,1709.81974
0.0565144839,0.0803647536,-0.00383994886,0.0182195421,0.00785589424,-1.62453444,1713.85781
0.0565416537,0.132058033,0.0142703726,0.00631089092,0.0494168757,-3.35000486,1712.12856
0.0565834775,0.00498613648,-0.00129815517,0.000147444886,-0.0166018667,-0.300240107,1710.02831
0.0566637361,0.0057023135,-0.00149251458,0.000192151892,-0.0164564209,-0.301628836,1710.24812
0.056665272,0.133595261,0.0141226562,0.00552208004,0.0519315287,-3.35790452,1711.25649
0.0566740337,0.040914044,-0.00858290385,0.00783822922,-0.00690502792,-0.386295492,1714.87888
0.0567497655,0.00646998704,-0.00170226044,0.000246485415,-0.0162994237,-0.302638514,1710.47913
0.0567805978,0.13502937,0.0138595211,0.00479830325,0.054377374,-3.36275059,1710.18908
0.0568419809,0.00729285993,-0.00192840283,0.000312016156,-0.0161298073,-0.303201008,1710.72119
0.0568881874,0.136367278,0.0134930918,0.00413949704,0.056746122,-3.36551418,1708.94526
0.056940827,0.00817490128,-0.00217194884,0.000390535995,-0.0159463752,-0.303245403,1710.97393
0.056975907,0.0853696328,-0.00218009691,0.0187328988,0.010221714,-1.82746359,1713.72867
0.0569885598,0.137615437,0.0130356461,0.00354441135,0.0590310981,-3.36694339,1707.5555
0.0570131203,0.0442136074,-0.00883531032,0.0088855995,-0.00585976964,-0.427294423,1714.8833
0.0570467806,0.00912036556,-0.00243387978,0.000484083355,-0.0157477819,-0.302699963,1711.23677
0.057082199,0.138779867,0.0124993382,0.00301087233,0.0612271895,-3.36756386,1706.05682
0.0571603528,0.0101338132,-0.0027151215,0.000594969863,-0.0155325091,-0.301495278,1711.50889
0.0571695568,0.139866187,0.0118959739,0.00253601382,0.0633307493,-3.36770641,1704.48782
0.0572510546,0.140879634,0.0112368336,0.00211647743,0.0653394717,-3.36754845,1702.88486
0.0572820914,0.0112201325,-0.00301650643,0.000725807724,-0.0152988372,-0.299568756,1711.78916
0.0573270854,0.141825099,0.0105325396,0.00174858196,0.0672522496,-3.36715908,1701.27956
0.0573765887,0.0477504251,-0.00898899204,0.0100171951,-0.00468813337,-0.484325078,1714.83712
0.0573980159,0.14270714,0.00979296309,0.00142846478,0.0690690245,-3.366538,1699.69771
0.0574063772,0.0900387783,-0.000415124786,0.0189382421,0.0126046376,-2.04901493,1713.64271
0.0574125835,0.0123845633,-0.00333872555,0.000879536967,-0.0150448127,-0.296870656,1712.07612
0.0574641883,0.143530013,0.00902716551,0.00115219681,0.0707906361,-3.36564506,1698.15903
0.0575259218,0.144297686,0.00824336932,0.00091587518,0.0724186762,-3.36443051,1696.6777
0.0575524587,0.0136327222,-0.00368226834,0.00105945136,-0.0147682095,-0.293372077,1712.36793
0.0575835142,0.145013864,0.00744895194,0.000715692675,0.0739553522,-3.36285481,1695.26307
0.0576372431,0.145681998,0.00665045941,0.000547990437,0.0754033614,-3.36088816,1693.92064
0.0576873679,0.146305314,0.00585363493,0.000409298177,0.0767657779,-3.35851099,1692.65288
0.0577023915,0.0149706296,-0.0040473486,0.0012692213,-0.0144664838,-0.289075332,1712.66234
0.0577341302,0.146886817,0.00506345857,0.000296358868,0.0780459536,-3.35572195,1691.46004
0.0577661923,0.0515415566,-0.00901362738,0.0112233294,-0.00337380346,-0.561046095,1714.74054
0.0577777557,0.147429312,0.00428419449,0.000206148072,0.0792474311,-3.35253335,1690.34076
0.057807971,0.0943947116,0.00139882532,0.0188227616,0.0150193218,-2.25622009,1713.59742
0.0578184547,0.147935415,0.00351944311,0.000135863404,0.08037387,-3.34902292,1689.29262
0.0578564235,0.148407569,0.00277219601,8.2971199e-05,0.081428985,-3.34509603,1688.31249
0.0578631052,0.0164047389,-0.00443381346,0.00151291115,-0.0141367229,-0.284027206,1712.95665
0.0578918454,0.14884805,0.00204489303,4.50799334e-05,0.0824164941,-3.34080737,1687.39687
0.0579248911,0.149258983,0.00133947887,2.0577415e-05,0.0833400771,-3.33562319,1686.54205
0.0579557201,0.14964235,0.00065745256,6.20302125e-06,0.0842033423,-3.3439638,1685.74432
0.057984481,0.15,0,0,0.085009714,-3.35442463,1685
0.058035375,0.0179419674,-0.00484103281,0.00179498875,-0.013775585,-0.278334825,1713.24768
0.0581826253,0.0984584434,0.00321370571,0.0184682418,0.0174796717,-2.41722831,1713.58769
0.0581838103,0.0556052884,-0.00887321338,0.0124875721,-0.00189833564,-0.661122269,1714.59553
0.0582200317,0.0195897299,-0.00526776606,0.00212032045,-0.0133792325,-0.272188886,1713.53175
0.0584179662,0.0213559743,-0.00571200269,0.00249415073,-0.0129432556,-0.26588975,1713.80471
0.0585321473,0.102249575,0.00499101022,0.0179170447,0.0199970332,-2.58001791,1713.60697
0.0586301331,0.0232492201,-0.0061707739,0.00292205301,-0.012462589,-0.259870038,1714.06191
0.0586314569,0.0599612217,-0.00852527458,0.0137838353,-0.000240453975,-0.788386912,1714.40792
0.0588575558,0.0252785992,-0.0066399307,0.00340984895,-0.0119314194,-0.254736078,1714.29826
0.058858223,0.105786393,0.00669391177,0.0171878943,0.0225790164,-2.72121635,1713.6479
0.0591013313,0.0274539002,-0.00711388392,0.00396348318,-0.0113430859,-0.251311838,1714.50834
0.0591112914,0.0646303672,-0.00792030652,0.0150747091,0.00162529423,-0.946013319,1714.18775
0.0591624251,0.109085956,0.00829218224,0.0163262515,0.0252288708,-2.8459194,1713.70261
0.0593626354,0.0297856156,-0.00758530433,0.00458883293,-0.0106899844,-0.250677339,1714.68649
0.0594462209,0.112164181,0.00976104408,0.0153653023,0.0279453452,-2.95399403,1713.76294
0.0596256284,0.0696352464,-0.00700220418,0.0163048427,0.00373108687,-1.13646259,1713.94917
0.0596427285,0.0322849924,-0.0080447782,0.00529144581,-0.00996345765,-0.254218536,1714.82702
0.0597109793,0.115035914,0.0110812231,0.0143372507,0.0307229504,-3.04688281,1713.82041
0.0597820134,0,0,0,-0.0187715522,-0.250765532,1708.97051
0.0598249373,0.000357650242,-9.91035272e-05,1.17109224e-06,-0.0186959681,-0.253945241,1709.08989
0.0598709476,0.000741017226,-0.000206072029,3.92994512e-06,-0.0186147899,-0.257808665,1709.2174
0.0599202663,0.00115195011,-0.000321572144,8.67105345e-06,-0.0185275598,-0.258877364,1709.35346
0.0599429616,0.0349640862,-0.00848041387,0.00607617663,-0.00915368552,-0.263674321,1714.9243
0.0599579775,0.117715008,0.012238642,0.0132700509,0.0335525148,-3.12567374,1713.86565
0.0599731313,0.00159243101,-0.000446288302,1.61327881e-05,-0.0184337979,-0.260021398,1709.4985
0.0600297975,0.00206458457,-0.000580953109,2.67262692e-05,-0.0183329808,-0.261059185,1709.65293
0.0600905382,0.0025706882,-0.000726347729,4.10634862e-05,-0.0182245352,-0.261958017,1709.81715
0.0601556466,0.00311318307,-0.000883301968,5.98305714e-05,-0.0181078326,-0.262645214,1709.99151
0.0601769485,0.075,-0.00570655558,0.0174107603,0.00612018125,-1.35499892,1713.70967
0.0601884066,0.120214384,0.0132241413,0.0121881672,0.0364219248,-3.19137008,1713.88669
0.0602254365,0.00369468589,-0.0010526932,8.38279822e-05,-0.017982182,-0.263085211,1710.1763
0.0602647829,0.0378358195,-0.00887739754,0.00694669695,-0.00824959158,-0.281181469,1714.97295
0.0603002446,0.00431800152,-0.00123544376,0.000113974608,-0.0178468211,-0.26322635,1710.37176
0.0603804318,0.00498613648,-0.00143251644,0.000151327787,-0.0177009071,-0.263012427,1710.57804
0.0604033783,0.1225461,0.0140330467,0.0111123391,0.0393169515,-3.24501791,1713.86716
0.0604663848,0.0057023135,-0.00164490758,0.000197100379,-0.0175435049,-0.262381818,1710.79515
0.0605585182,0.00646998704,-0.00187363708,0.000252680647,-0.0173735738,-0.261268441,1711.023
0.0606039294,0.124721401,0.0146647189,0.0100596601,0.0422220859,-3.28786425,1713.78438
0.0606097447,0.040914044,-0.00921749379,0.00790485758,-0.00723873814,-0.309297402,1714.96965
0.0606572765,0.00729285993,-0.00211973458,0.000319653646,-0.0171899515,-0.259602636,1711.26129
0.0607282687,0.0803647536,-0.00409249355,0.0182384319,0.00866611581,-1.59527947,1713.50306
0.060763136,0.00817490128,-0.00238422084,0.000399824325,-0.0169913353,-0.257312892,1711.50953
0.0607910273,0.12675078,0.0151220583,0.00904384765,0.0451213162,-3.32108,1713.60822
0.0608766073,0.00912036556,-0.00266808326,0.000495242035,-0.0167762603,-0.254328342,1711.767
0.0609655744,0.128644026,0.0154109488,0.00807546104,0.0479988064,-3.3459134,1713.303
0.0609795108,0.0442136074,-0.00947848211,0.0089498255,-0.00610721944,-0.351011205,1714.91331
0.0609982377,0.0101338132,-0.00297224417,0.000608226085,-0.0165430735,-0.250582315,1712.03268
0.0611284127,0.13041027,0.0155397247,0.00716227675,0.0508394552,-3.36373332,1712.83388
0.0611286139,0.0112201325,-0.00329752045,0.00074139177,-0.0162899031,-0.246017207,1712.30522
0.0612426056,0.0853696328,-0.00230500695,0.0187397647,0.0112132108,-1.8062448,1713.35225
0.0612683647,0.0123845633,-0.00364457263,0.000897676037,-0.0160146231,-0.24059099,1712.58292
0.0612803276,0.132058033,0.0155186371,0.0063096237,0.0536293258,-3.37593346,1712.17455
0.0613758649,0.0477504251,-0.00963352759,0.0100770537,-0.00483952681,-0.409680449,1714.80286
0.0614181643,0.0136327222,-0.0040138415,0.00108036153,-0.0157148121,-0.2342858,1712.86365
0.0614220519,0.133595261,0.0153593473,0.00552068219,0.0563559499,-3.38384435,1711.31247
0.0615542691,0.13502937,0.0150744666,0.00479684785,0.0590085159,-3.38865841,1710.2516
0.0615787352,0.0149706296,-0.00440546974,0.00129309731,-0.0153877047,-0.227119063,1713.14484
0.061677617,0.136367278,0.0146771417,0.00413804138,0.0615779587,-3.39136927,1709.0113
0.0617224402,0.0900387783,-0.000409329466,0.0189351835,0.013776694,-2.03529095,1713.25671
0.0617508519,0.0164047389,-0.00481920608,0.00153991389,-0.0150301363,-0.219157615,1713.42345
0.0617926905,0.137615437,0.0141806965,0.00354299952,0.0640569671,-3.39274083,1707.62258
0.0618007187,0.0515415566,-0.00965047318,0.0112766165,-0.00341833942,-0.489077197,1714.63901
0.0619000448,0.138779867,0.0135983301,0.00300953709,0.0664399277,-3.39330973,1706.12296
0.0619353446,0.0179419674,-0.00525428902,0.0018252296,-0.01463848,-0.21053508,1713.6959
0.0620001977,0.139866187,0.0129428708,0.00253477841,0.0687228219,-3.39341377,1704.55152
0.0620936321,0.140879634,0.0122265819,0.00211535666,0.0709030915,-3.3932354,1702.94504
0.0621331032,0.0195897299,-0.00570930705,0.002153844,-0.0142085744,-0.20147451,1713.95812
0.0621700868,0.0943947116,0.0015391094,0.018812781,0.0163727763,-2.24907209,1713.21214
0.0621807989,0.141825099,0.0114610164,0.00174758378,0.0729794838,-3.3928447,1701.33551
0.0622561215,0.0556052884,-0.00949111381,0.0125320123,-0.00182414502,-0.592922675,1714.42648
0.0622621183,0.14270714,0.0106569147,0.00142759193,0.0749518897,-3.39223388,1699.74898
0.0623379828,0.143530013,0.00982414032,0.00115144839,0.0768211798,-3.39136679,1698.20543
0.0623450816,0.0213559743,-0.00618203137,0.00253091174,-0.0137356436,-0.192317754,1714.20552
0.0624087582,0.144297686,0.00897164613,0.000915246293,0.0785890458,-3.39020109,1696.71917
0.0624747859,0.145013864,0.00810746753,0.000715175023,0.0802578522,-3.38868782,1695.29968
0.0625363844,0.145681998,0.00723873728,0.000547574458,0.0818304996,-3.38678994,1693.95255
0.0625723023,0.0232492201,-0.00666921772,0.00296189394,-0.0132142085,-0.183548,1714.43303
0.0625877047,0.0984584434,0.0034943829,0.0184520799,0.0190168574,-2.41716162,1713.21207
0.0625938507,0.146305314,0.00637171598,0.000408973552,0.0833103014,-3.38448898,1692.68029
0.0626474622,0.146886817,0.00551183446,0.000296114584,0.084700876,-3.38178414,1691.48319
0.0626974773,0.147429312,0.00466374485,0.000205972542,0.0860060519,-3.37868703,1690.3599
0.0627441374,0.147935415,0.00383137714,0.000135744753,0.0872297877,-3.37527464,1689.30799
0.0627442699,0.0599612217,-0.00911032621,0.0138171364,-3.45089404e-05,-0.72513976,1714.17367
0.0627876674,0.148407569,0.00301799888,8.28975094e-05,0.0883761037,-3.37145114,1688.32434
0.0628158611,0.0252785992,-0.0071663745,0.0034524746,-0.0126379908,-0.175831107,1714.63516
0.0628282774,0.14884805,0.00222627567,4.50395172e-05,0.0894490264,-3.3672691,1687.40543
0.0628661632,0.149258983,0.0014583313,2.05598107e-05,0.0904525425,-3.36219049,1686.54756
0.0629015076,0.14964235,0.000715805508,6.19771697e-06,0.0913905627,-3.37062964,1685.74697
0.062934481,0.15,0,0,0.0922667951,-3.38113555,1685
0.0629773083,0.102249575,0.0054083971,0.0178963857,0.0217215946,-2.58554925,1713.24872
0.063076933,0.0274539002,-0.00766749159,0.00400843036,-0.0119998091,-0.170064629,1714.80613
0.0632675185,0.0646303672,-0.00845576707,0.0150946034,0.00197734424,-0.889203112,1713.89295
0.0633407768,0.105786393,0.00724264584,0.0171642212,0.0244955558,-2.73151351,1713.31365
0.0633567772,0.0297856156,-0.00816472641,0.00463544382,-0.0112914792,-0.167413042,1714.94002
0.0636567436,0.0322849924,-0.00864804397,0.00533884093,-0.0105037023,-0.169358066,1715.0309
0.0636798634,0.109085956,0.00896485756,0.0163009196,0.0273425568,-2.86042001,1713.39796
0.0637528194,0,0,0,-0.0200183853,-0.215944317,1709.56631
0.063798078,0.000357650242,-0.000110040888,1.19920731e-06,-0.0199363406,-0.218525687,1709.68412
0.0638283911,0.0696352464,-0.00746756365,0.0163104429,0.00424524265,-1.0866166,1713.60064
0.0638465909,0.000741017226,-0.000228621558,4.01829593e-06,-0.019848222,-0.221155849,1709.80995
0.0638985922,0.00115195011,-0.000356443757,8.87927883e-06,-0.0197535315,-0.220943472,1709.94421
0.0639543326,0.00159243101,-0.000494225383,1.65154767e-05,-0.0196517475,-0.220706736,1710.08729
0.0639782789,0.0349640862,-0.00910480685,0.00612323265,-0.00962595539,-0.177747737,1715.07297
0.0639962036,0.112164181,0.0105483351,0.0153392058,0.0302615066,-2.97203357,1713.49239
0.064014081,0.00206458457,-0.000642732463,2.73513293e-05,-0.0195423004,-0.220275469,1710.23958
0.0640781256,0.0025706882,-0.000802779216,4.2007983e-05,-0.0194245666,-0.219614757,1710.40144
0.0641467753,0.00311318307,-0.00097522785,6.11820289e-05,-0.0192978621,-0.218651373,1710.57319
0.0642203612,0.00369468589,-0.00116098692,8.56843722e-05,-0.0191614345,-0.217346129,1710.75506
0.0642913233,0.115035914,0.0119721536,0.0143111434,0.0332466914,-3.06784908,1713.58718
0.0642992383,0.00431800152,-0.00136100811,0.000116444806,-0.0190144542,-0.215644062,1710.94724
0.0643229341,0.0378358195,-0.00951931091,0.00699203494,-0.00864639868,-0.194834174,1715.06221
0.0643837871,0.00498613648,-0.00157628104,0.000154531637,-0.0188560033,-0.21348588,1711.14979
0.0644295932,0.075,-0.00607654718,0.0173990825,0.00681470984,-1.31448304,1713.31627
0.0644744153,0.0057023135,-0.0018078254,0.000201168465,-0.0186850634,-0.210807471,1711.36265
0.064566646,0.117715008,0.0132209706,0.0132444644,0.0362883757,-3.14899348,1713.67142
0.0645715601,0.00646998704,-0.00205667994,0.000257753595,-0.0185005009,-0.207541107,1711.58559
0.06467569,0.00729285993,-0.00232388737,0.000325880832,-0.0183010498,-0.203616492,1711.81821
0.0646923717,0.040914044,-0.0098722565,0.00794683909,-0.00755177576,-0.223288629,1714.99662
0.0647873074,0.00817490128,-0.00261047424,0.000407361841,-0.0180852915,-0.198962719,1712.05986
0.0648234997,0.120214384,0.0142847485,0.0121635393,0.0393736071,-3.21660622,1713.73154
0.0649069506,0.00912036556,-0.00291742473,0.000504249733,-0.0178516307,-0.193511079,1712.30963
0.0650307952,0.0803647536,-0.00434644634,0.0182159481,0.00954893169,-1.56068142,1713.07773
0.0650351968,0.0101338132,-0.00324564682,0.000618863502,-0.0175982678,-0.187199004,1712.56629
0.0650631233,0.1225461,0.0151582932,0.0110889684,0.0424871134,-3.27173821,1713.74936
0.0650883736,0.0442136074,-0.0101401509,0.00898655882,-0.00632731302,-0.266217242,1714.8741
0.0651726644,0.0112201325,-0.00359592945,0.000753812711,-0.0173231661,-0.179975425,1712.82826
0.0652866727,0.124721401,0.0158407644,0.0100377228,0.0456122078,-3.31567618,1713.70036
0.0653200166,0.0123845633,-0.00396888865,0.000912021558,-0.0170240134,-0.171807894,1713.09356
0.0654779641,0.0136327222,-0.00436490063,0.00109675105,-0.0166981778,-0.162691872,1713.35975
0.0654952261,0.12675078,0.0163351703,0.00902347531,0.0487316348,-3.34970212,1713.55408
0.0655128499,0.0477504251,-0.0102946428,0.0101064361,-0.00495659308,-0.327096736,1714.69423
0.0655916678,0.0853696328,-0.00243109012,0.0187032496,0.0122807587,-1.78777275,1712.90868
0.0656472689,0.0149706296,-0.00478401938,0.00131161761,-0.0163426563,-0.152662684,1713.62392
0.0656897895,0.128644026,0.0166477838,0.00805671951,0.0518283084,-3.37511639,1713.27519
0.0658287474,0.0164047389,-0.00522587604,0.00156060572,-0.0159540156,-0.141810603,1713.88266
0.0658713013,0.13041027,0.0167875383,0.00714519467,0.0548859195,-3.39334372,1712.82823
0.0659678481,0.0515415566,-0.0103017883,0.011296415,-0.00342135196,-0.409795192,1714.46057
0.066023275,0.0179419674,-0.00568955709,0.00184807152,-0.015528325,-0.130299613,1714.13198
0.0660406371,0.132058033,0.0167654473,0.00629418632,0.0578894035,-3.4058271,1712.18647
0.0661149164,0.0900387783,-0.000402205664,0.018883717,0.0150271002,-2.01929141,1712.8062
0.0661986136,0.133595261,0.0165940631,0.00550684879,0.0608252721,-3.41393998,1711.33765
0.0662317902,0.0195897299,-0.00617345804,0.00217873399,-0.0150610806,-0.118389716,1714.36741
0.0663459928,0.13502937,0.0162869736,0.00478455569,0.06368182,-3.41890876,1710.28615
0.0664552985,0.0213559743,-0.00667510895,0.00255764578,-0.0145471208,-0.106467033,1714.58394
0.0664555627,0.0556052884,-0.0101212213,0.0125399781,-0.00170109819,-0.518133535,1714.18013
0.0664834857,0.136367278,0.0158583546,0.00412721136,0.066449223,-3.42175224,1709.05191
0.0666030648,0.0943947116,0.00168332358,0.0187605611,0.017805932,-2.23654659,1712.7641
0.0666117553,0.137615437,0.0153225814,0.00353354088,0.0691195486,-3.42325232,1707.6665
0.0666948782,0.0232492201,-0.00719096743,0.00299014316,-0.0139805333,-0.0950746652,1714.7761
0.0667314205,0.138779867,0.014693901,0.00300135131,0.0716866968,-3.42395784,1706.16803
0.0668430584,0.139866187,0.0139861649,0.0025277623,0.0741462895,-3.4242142,1704.5961
0.0669472075,0.140879634,0.0132126182,0.00210940469,0.0764955264,-3.42420805,1702.98791
0.0669516848,0.0252785992,-0.00771617765,0.00348175865,-0.0133545541,-0.0849464879,1714.93806
0.0669783464,0.0599612217,-0.00970529017,0.013811115,0.000227641541,-0.65615349,1713.86351
0.0670443701,0.141825099,0.012385742,0.00174259169,0.0787330188,-3.4240071,1701.37584
0.0670584676,0.0984584434,0.00377769012,0.0183950221,0.0206343124,-2.41921101,1712.77461
0.0671350149,0.14270714,0.0115171428,0.00142345686,0.0808586142,-3.42360605,1699.78626
0.0672195792,0.143530013,0.0106174815,0.00114807026,0.08287322,-3.42297372,1698.23934
0.067226957,0.0274539002,-0.00824428894,0.00403809103,-0.0126614663,-0.0770553342,1715.06375
0.0672984708,0.144297686,0.0096964353,0.000912529537,0.0847786329,-3.42205877,1696.74958
0.0673720702,0.145013864,0.00876269222,0.000713029136,0.0865773779,-3.42080572,1695.32659
0.0674407325,0.145681998,0.00782396549,0.00054591545,0.088272561,-3.41917798,1693.97602
0.0674833214,0.102249575,0.00582750415,0.0178333343,0.0235263295,-2.59076439,1712.82897
0.0675047888,0.146305314,0.00688702597,0.000407723611,0.0898677364,-3.41715433,1692.70046
0.0675220225,0.0297856156,-0.00876692869,0.00466462171,-0.0118924896,-0.0726579613,1715.14703
0.0675387207,0.0646303672,-0.00899887124,0.0150725377,0.00239280939,-0.827279888,1713.52531
0.0675645482,0.146886817,0.00595774807,0.000295202378,0.0913667893,-3.41473058,1691.50021
0.0676202988,0.147429312,0.00504116476,0.000205333394,0.0927738339,-3.41191524,1690.37396
0.0676723096,0.147935415,0.00414152858,0.000135320567,0.0940931263,-3.4087827,1689.31927
0.0677208315,0.148407569,0.00326237596,8.2636633e-05,0.0953289915,-3.40523534,1688.33303
0.0677660984,0.14884805,0.00240659259,4.48960492e-05,0.0964857622,-3.40132444,1687.4117
0.0678083288,0.149258983,0.00157647816,2.04951601e-05,0.0975677296,-3.39650653,1686.55158
0.0678383047,0.0322849924,-0.00927342923,0.00536645179,-0.0110376682,-0.0733400915,1715.18184
0.0678477263,0.14964235,0.000773809238,6.17868552e-06,0.098579104,-3.4051626,1685.74891
0.0678796755,0.105786393,0.0077927566,0.0171008677,0.0264916273,-2.74181465,1712.91797
0.067884481,0.15,0,0,0.0995238763,-3.41575648,1685
0.0679492546,0,0,0,-0.021336066,-0.166849003,1710.19591
0.06799631,0.000357650242,-0.000121716766,1.22093998e-06,-0.0212466768,-0.168815328,1710.31134
0.0680467489,0.000741017226,-0.000252685422,4.08538743e-06,-0.0211506709,-0.170189405,1710.4346
0.0681008146,0.00115195011,-0.000393642421,9.04044542e-06,-0.0210475056,-0.168684803,1710.56609
0.0681393885,0.0696352464,-0.00793815268,0.0162717404,0.00482968802,-1.03224199,1713.18386
0.0681587679,0.00159243101,-0.000545339133,1.68105124e-05,-0.0209366124,-0.16705505,1710.70617
0.068177329,0.0349640862,-0.00975040238,0.00614795297,-0.0100857729,-0.0810611154,1715.1635
0.0682208883,0.00206458457,-0.000708574668,2.78314834e-05,-0.0208173705,-0.165141791,1710.8552
0.0682494417,0.109085956,0.00963852048,0.0162379707,0.0295346819,-2.87506569,1713.03193
0.0682874754,0.0025706882,-0.000884195526,4.27306907e-05,-0.0206891003,-0.162907819,1711.01349
0.0683588504,0.00311318307,-0.00107309491,6.22119654e-05,-0.020551056,-0.160279677,1711.18131
0.0684353577,0.00369468589,-0.00127621048,8.70929598e-05,-0.0204024175,-0.157214822,1711.35883
0.0685173662,0.00431800152,-0.00149452046,0.00011831019,-0.0202422801,-0.153655485,1711.54617
0.0685407308,0.0378358195,-0.0101812523,0.00701229474,-0.0090242028,-0.0981849404,1715.08917
0.0685944034,0.112164181,0.0113361047,0.0152778664,0.032654637,-2.99056743,1713.16076
0.0686052715,0.00498613648,-0.00172903757,0.000156938183,-0.0200696432,-0.149539961,1711.74329
0.0686994976,0.0057023135,-0.00198080023,0.000204205899,-0.0198833968,-0.144802383,1711.95003
0.0687832472,0.075,-0.00644990941,0.0173414677,0.00758583742,-1.270074,1712.86038
0.068800499,0.00646998704,-0.00225086037,0.000261515644,-0.019682305,-0.139374074,1712.16604
0.0689087629,0.00729285993,-0.00254026698,0.000330463235,-0.0194649884,-0.133184854,1712.39077
0.0689162247,0.115035914,0.012862955,0.0142521787,0.0358456122,-3.08964755,1713.29364
0.068930263,0.040914044,-0.0105456207,0.0079608226,-0.00783889553,-0.127500889,1714.95592
0.0690248115,0.00817490128,-0.00285004437,0.00041285958,-0.0192299013,-0.126165313,1712.62338
0.0691492045,0.00912036556,-0.00318116406,0.000510753308,-0.0189753065,-0.118250013,1712.86278
0.0692164578,0.117715008,0.0142024815,0.0131885187,0.0390973564,-3.17344574,1713.41834
0.0692825419,0.0101338132,-0.00353450879,0.000626454051,-0.0186992452,-0.109381894,1713.10749
0.0693478043,0.0442136074,-0.0108187664,0.00899223885,-0.00651423706,-0.172235965,1714.76241
0.069425467,0.0112201325,-0.00391082699,0.000762555751,-0.018399502,-0.0995181876,1713.35568
0.0694271059,0.0803647536,-0.00460222376,0.0181470041,0.0105134955,-1.52255422,1712.59562
0.0694965509,0.120214384,0.0153437558,0.0121110559,0.0423961175,-3.24326842,1713.51984
0.069578669,0.0123845633,-0.00431067601,0.000921959106,-0.0180735635,-0.0886381892,1713.60506
0.069742887,0.0136327222,-0.00473435169,0.00110789191,-0.0177185716,-0.0767533049,1713.85287
0.069757855,0.1225461,0.0162811181,0.0110401902,0.0457256139,-3.30022597,1713.57833
0.0697953688,0.0477504251,-0.0109708672,0.0101016308,-0.00503294709,-0.235978655,1714.51107
0.0699189131,0.0149706296,-0.00518180192,0.00132392555,-0.0173312687,-0.0639198665,1714.09585
0.0700016305,0.124721401,0.0170135918,0.00999277987,0.0490680129,-3.34554889,1713.56757
0.0700277737,0.0853696328,-0.00255992518,0.0186208763,0.0134337666,-1.76729794,1712.41291
0.0701075962,0.0164047389,-0.00565252142,0.00157398543,-0.0169079346,-0.0502552207,1714.33017
0.0702290532,0.12675078,0.0175443107,0.00898241921,0.0524048432,-3.38062943,1713.45508
0.0702751153,0.0515415566,-0.0109662385,0.011278905,-0.00337588725,-0.322666931,1714.20755
0.0703098465,0.0179419674,-0.0061454246,0.00186235214,-0.0164443161,-0.0359575115,1714.55149
0.0704412201,0.128644026,0.0178799486,0.00801951904,0.055717795,-3.40685867,1713.20575
0.0705266397,0.0195897299,-0.00665869319,0.00219365008,-0.0159355472,-0.0213290809,1714.7549
0.070588148,0.0900387783,-0.000395356341,0.0187841887,0.0163654307,-2.00297516,1712.30672
0.0706391546,0.13041027,0.0180300472,0.00711174617,0.0589893773,-3.42571784,1712.78442
0.0707590212,0.0213559743,-0.00718959519,0.00257281747,-0.0153760604,-0.00680640539,1714.935
0.0707893578,0.0556052884,-0.0107624478,0.0125075663,-0.00152168329,-0.436264255,1713.86102
0.0708238114,0.132058033,0.0180063958,0.00626433778,0.062203422,-3.43869855,1712.16343
0.0709960811,0.133595261,0.017822445,0.00548041302,0.0653454442,-3.44721847,1711.33076
0.0710081121,0.0232492201,-0.00773427072,0.00300505168,-0.0147594905,0.00700272647,1715.08598
0.0711109317,0.0943947116,0.00182954884,0.0186600894,0.0193284432,-2.22188591,1712.26897
0.0711567948,0.13502937,0.0174927656,0.00476131995,0.0684028659,-3.4525385,1710.29127
0.0712751138,0.0252785992,-0.00828748099,0.00349572264,-0.0140785691,0.0192901695,1715.20173
0.0713067277,0.136367278,0.0170325658,0.0041069466,0.071365124,-3.45570324,1709.06549
0.0713405768,0.0599612217,-0.0103094591,0.0137619561,0.000554047837,-0.580814723,1713.48437
0.0714466028,0.137615437,0.0164572731,0.00351600914,0.0742236831,-3.45751292,1707.68564
0.0715613142,0.0274539002,-0.00884231783,0.00405024468,-0.0133250243,0.0290012374,1715.27598
0.0715770949,0.138779867,0.0157821812,0.00298631199,0.0769719725,-3.45852863,1706.19042
0.0715986463,0.0984584434,0.00406116836,0.0182933422,0.0223417174,-2.4177138,1712.29067
0.0716988335,0.139866187,0.0150221617,0.00251497591,0.0796052695,-3.4591065,1704.61996
0.0718124057,0.140879634,0.0141914375,0.00209863795,0.0821205443,-3.45943464,1703.01197
0.0718680937,0.0297856156,-0.00938986725,0.00467389188,-0.0124894663,0.0347802906,1715.30247
0.0719183593,0.141825099,0.0133034129,0.00173361982,0.0845162824,-3.45956872,1701.39918
0.0719314311,0.0646303672,-0.00954912451,0.0150049518,0.00288024978,-0.759551164,1713.09428
0.0720172054,0.14270714,0.0123705537,0.00141606792,0.0867922969,-3.45951729,1699.80826
0.0720536445,0.102249575,0.00624621295,0.0177279477,0.0254209033,-2.59370323,1712.36244
0.0721094208,0.143530013,0.0114043098,0.00114206519,0.0889495393,-3.45925249,1698.25961
0.0721954503,0.144297686,0.010415077,0.000907721209,0.0909899162,-3.45870884,1696.7679
0.0721969322,0.0322849924,-0.00991882323,0.00537154282,-0.0115612744,0.0349346271,1715.27604
0.0722757088,0.145013864,0.00941218837,0.000709245654,0.0929161172,-3.4578325,1695.34287
0.0723505834,0.145681998,0.00840393033,0.000542999435,0.0947314564,-3.45658519,1693.99026
0.0723841399,0,0,0,-0.0227286199,-0.101052614,1710.86123
0.0724204354,0.146305314,0.00739757714,0.000405531963,0.09643973,-3.45494272,1692.7127
0.0724324235,0.000357650242,-0.000134081961,1.23534426e-06,-0.0226308948,-0.10238883,1710.97328
0.0724781208,0.105786393,0.00834183844,0.0169970167,0.0285768371,-2.7506107,1712.47461
0.0724841789,0.000741017226,-0.000278161877,4.12781946e-06,-0.0225259396,-0.102490396,1711.09292
0.0724856016,0.146886817,0.00639944029,0.000293606044,0.0980450904,-3.45289867,1691.51053
0.0725396558,0.00115195011,-0.000433010336,9.14723636e-06,-0.0224131619,-0.0996923446,1711.22049
0.0725463964,0.147429312,0.00541492744,0.000204216757,0.0995519371,-3.45045971,1690.38246
0.0725494157,0.0349640862,-0.010415045,0.00614733684,-0.0105285071,0.0273958506,1715.19302
0.0725647706,0.0696352464,-0.00841379795,0.0161851767,0.00549345459,-0.973009212,1712.71074
0.0725991217,0.00159243101,-0.000599411902,1.70048422e-05,-0.0222919412,-0.0966683028,1711.35633
0.072603113,0.147935415,0.00444860797,0.000134580765,0.100964823,-3.44769848,1689.32608
0.0726560249,0.148407569,0.00350428195,8.21827219e-05,0.102288374,-3.44451591,1688.33826
0.0726628635,0.00206458457,-0.000778198108,2.81456763e-05,-0.0221615994,-0.0932728043,1711.50077
0.0727053875,0.14884805,0.00258505038,4.46483684e-05,0.103527228,-3.44096156,1687.41547
0.0727311887,0.0025706882,-0.000970246615,4.31997932e-05,-0.0220213944,-0.089466654,1711.65404
0.0727514388,0.149258983,0.0016933847,2.03834189e-05,0.104685978,-3.43648964,1686.55399
0.0727944009,0.14964235,0.00083119433,6.14457224e-06,0.105769131,-3.44542617,1685.75007
0.0728044267,0.00311318307,-0.00117647997,6.28744633e-05,-0.0218705122,-0.0851766044,1711.81637
0.072834481,0.15,0,0,0.106780957,-3.4561281,1685
0.0728741226,0.109085956,0.0103104108,0.01613656,0.0318147497,-2.8885779,1712.61713
0.0728829309,0.00369468589,-0.0013978627,8.79897396e-05,-0.0217080573,-0.0803570533,1711.98786
0.0729272444,0.0378358195,-0.0108610506,0.00700421017,-0.0093778078,0.00968374019,1715.04985
0.0729670799,0.00431800152,-0.00163539659,0.000119483979,-0.0215330424,-0.0749478454,1712.16852
0.0730572797,0.00498613648,-0.0018901137,0.000158432432,-0.0213443755,-0.0688853643,1712.35822
0.0731539652,0.0057023135,-0.0021630665,0.000206063274,-0.0211408455,-0.0621025968,1712.55669
0.0732436502,0.075,-0.00682671461,0.0172354183,0.00844301785,-1.22121626,1712.35604
0.0732435602,0.112164181,0.012121226,0.015180416,0.0351340946,-3.00828363,1712.77937
0.0732576029,0.00646998704,-0.00245531436,0.000263775949,-0.0209211047,-0.0545306967,1712.76342
0.0733322408,0.040914044,-0.0112354449,0.00794329807,-0.00809432522,-0.021114102,1714.84447
0.0733686926,0.00729285993,-0.00276790564,0.000333160658,-0.020683649,-0.0461005906,1712.97769
0.0734877702,0.00817490128,-0.00310185426,0.000416019099,-0.0204267944,-0.0367456064,1713.19848
0.0735882155,0.115035914,0.0137501409,0.0141596016,0.0385288864,-3.11094271,1712.94973
0.07361541,0.00912036556,-0.00345810954,0.000514386095,-0.020148649,-0.026405085,1713.42447
0.0737522278,0.0101338132,-0.00383751798,0.000630551682,-0.0198470813,-0.0150292936,1713.65395
0.0737663583,0.0442136074,-0.011512274,0.00896314502,-0.00666163711,-0.0683358215,1714.57822
0.0738988833,0.0112201325,-0.00424077508,0.000767083026,-0.0195196822,-0.0025859317,1713.88477
0.0739097508,0.117715008,0.0151793689,0.0131015435,0.0419884079,-3.19776697,1713.11492
0.0739225298,0.0803647536,-0.00486013451,0.0180262373,0.0115696001,-1.48259955,1712.07234
0.0740560841,0.0123845633,-0.00466836556,0.000926845272,-0.0191637221,0.0109314009,1714.11435
0.0742097171,0.120214384,0.0163971501,0.0120301038,0.0454981499,-3.27007086,1713.25853
0.0742245884,0.0136327222,-0.00512048951,0.00111302008,-0.0187760996,0.0254923478,1714.33957
0.0742316909,0.0477504251,-0.0116602892,0.0100587468,-0.00506165164,-0.135666815,1714.25554
0.074405209,0.0149706296,-0.00559697206,0.00132912016,-0.0183532847,0.0410160772,1714.55681
0.0744895613,0.1225461,0.0173973432,0.0109654913,0.0490408589,-3.32905043,1713.35918
0.0745558693,0.0853696328,-0.00269047409,0.0184874295,0.0146822727,-1.73948022,1711.88152
0.074598817,0.0164047389,-0.00609715373,0.00157899758,-0.0178912518,0.0573541971,1714.76186
0.0747304832,0.0515415566,-0.0116421163,0.01122005,-0.00327443113,-0.227102795,1713.88425
0.0747506333,0.124721401,0.018178855,0.0099244362,0.0525975904,-3.37599753,1713.38899
0.0748063463,0.0179419674,-0.00661975844,0.00186684295,-0.0173854057,0.0742698442,1714.94997
0.0749941921,0.12675078,0.0187450146,0.00892038049,0.0561486903,-3.41237317,1713.31353
0.075028798,0.0195897299,-0.00716273559,0.00219717159,-0.0168304981,0.0914125227,1715.11586
0.0751467235,0.0900387783,-0.000390257026,0.0186378366,0.0178019062,-1.98272833,1711.77525
0.0752214128,0.128644026,0.019102909,0.00796363237,0.0596746563,-3.43964704,1713.09659
0.075265141,0.0556052884,-0.0114133453,0.0124306718,-0.00127782187,-0.346695606,1713.47584
0.075267245,0.0213559743,-0.00772307288,0.00257479253,-0.0162205355,0.108288747,1715.2538
0.0754333912,0.13041027,0.0192626939,0.00706176444,0.0631568447,-3.45935399,1712.70322
0.0755228375,0.0232492201,-0.00829657577,0.00300475217,-0.0155486796,0.124226003,1715.35768
0.0756311498,0.132058033,0.019236943,0.00621996099,0.0665780126,-3.47303865,1712.10561
0.0756979425,0.0943947116,0.00197383988,0.0185104367,0.0209506361,-2.20709877,1711.74365
0.0757968083,0.0252785992,-0.0088776085,0.00349224907,-0.014807142,0.138334112,1715.4212
0.0758156425,0.133595261,0.0190400109,0.00544129826,0.0699227049,-3.4821646,1711.29153
0.0758382432,0.0599612217,-0.0109215634,0.0136654591,0.000953332497,-0.498346902,1713.04545
0.0759877592,0.13502937,0.0186874544,0.00472709685,0.0731774966,-3.48802926,1710.26636
0.0760904789,0.0274539002,-0.00945879492,0.00404250521,-0.0139870766,0.149464724,1715.438
0.0761483301,0.136367278,0.018195515,0.00407722951,0.0763311091,-3.49170415,1709.05123
0.0762121851,0.0984584434,0.004342585,0.0181437118,0.0241494255,-2.4115369,1711.77678
0.0762981297,0.137615437,0.0175806702,0.00349040737,0.0793744251,-3.49400847,1707.67905
0.0764052658,0.0297856156,-0.0100306739,0.00466058529,-0.013078468,0.1561646,1715.40251
0.0764378805,0.138779867,0.0168592557,0.00296443772,0.0823004226,-3.49551654,1706.18911
0.0764525542,0.0646303672,-0.0101055899,0.0148876913,0.00344880381,-0.685299411,1712.61153
0.0765682567,0.139866187,0.0160471564,0.00249645024,0.0851040507,-3.49659153,1704.62214
0.0766898871,0.140879634,0.0151595638,0.00208309889,0.0877820645,-3.49741611,1703.01626
0.0766919316,0.102249575,0.00666255584,0.0175784763,0.0274156444,-2.59355646,1711.86494
0.0767426873,0.0322849924,-0.0105813003,0.00535115009,-0.0120700269,0.15663508,1715.31039
0.0768033584,0.141825099,0.0142107972,0.00172072166,0.0903328361,-3.49806059,1701.40461
0.0769092178,0.14270714,0.0132141713,0.0014054845,0.0927561541,-3.49853754,1699.81414
0.0770079761,0.143530013,0.0121819142,0.00113349366,0.0950530218,-3.498801,1698.26548
0.0770710245,0,0,0,-0.0242003017,-0.0158786134,1711.56431
0.0771001096,0.144297686,0.0111251291,0.000900881586,0.0972254621,-3.49878615,1696.77346
0.0771043711,0.0349640862,-0.0110957871,0.00611811761,-0.0109490972,0.148694124,1715.15758
0.077111037,0.0696352464,-0.00889426226,0.016046843,0.00624616057,-0.908212794,1712.1952
0.0771199354,0.000357650242,-0.000147058957,1.24149761e-06,-0.02409313,-0.016573633,1711.67181
0.0771394961,0.105786393,0.00888753056,0.0168509483,0.0307614409,-2.75656082,1711.99844
0.0771723633,0.000741017226,-0.000304891339,4.14240915e-06,-0.0239780359,-0.0153966054,1711.78656
0.0771860626,0.145013864,0.0100537835,0.000703882302,0.0992763333,-3.49844023,1695.34794
0.077228561,0.00115195011,-0.000474300973,9.1924465e-06,-0.0238543723,-0.0113171988,1711.90887
0.0772662498,0.145681998,0.00897672632,0.000538879626,0.10120916,-3.49772101,1693.99474
0.0772887996,0.00159243101,-0.00065610511,1.70850675e-05,-0.0237214602,-0.00691231088,1712.03903
0.0773410579,0.146305314,0.00790172541,0.00040244578,0.103027983,-3.49660134,1692.71656
0.0773533696,0.00206458457,-0.000851166803,2.82717215e-05,-0.023578558,-0.00205030442,1712.1773
0.0774108478,0.146886817,0.00683552012,0.000291365418,0.104737221,-3.49507224,1691.51377
0.0774225825,0.0025706882,-0.00106039353,4.33812745e-05,-0.0234248544,0.00330967706,1712.32388
0.0774759561,0.147429312,0.00578388436,0.000202654343,0.106341558,-3.49313812,1690.38511
0.0774920616,0.0378358195,-0.0115557863,0.00696422039,-0.00970157488,0.129741374,1714.94141
0.0774967721,0.00311318307,-0.0012847353,6.31201276e-05,-0.0232594594,0.00924006935,1712.4789
0.0775366969,0.147935415,0.00475169668,0.000133548703,0.107845841,-3.49086938,1689.32817
0.0775570374,0.109085956,0.010977705,0.0159953765,0.034192896,-2.8995514,1712.16726
0.0775762963,0.00369468589,-0.00152518099,8.83058081e-05,-0.0230813944,0.0157890264,1712.64239
0.0775933631,0.148407569,0.00374301399,8.1551211e-05,0.109254999,-3.48816533,1688.33984
0.077646228,0.14884805,0.00276114661,4.43045686e-05,0.110573967,-3.48507351,1687.41659
0.0776615387,0.00431800152,-0.00178275274,0.000119872961,-0.0228895807,0.0230183915,1712.81426
0.0776955467,0.149258983,0.00180873257,2.02283931e-05,0.111807638,-3.48104609,1686.5547
0.0777415571,0.14964235,0.000887809743,6.09736532e-06,0.112960812,-3.49033173,1685.7504
0.0777529104,0.00498613648,-0.00205849796,0.000158891298,-0.0226828257,0.030992863,1712.99426
0.077784481,0.15,0,0,0.114038039,-3.50116291,1685
0.0778168678,0.075,-0.00720721497,0.0170766974,0.00939630403,-1.16708061,1711.81897
0.0778508522,0.0057023135,-0.00235347823,0.000206581173,-0.0224598072,0.0397796148,1713.18197
0.0779076289,0.040914044,-0.0119388985,0.00789042783,-0.00831184056,0.0967503704,1714.66228
0.0779465695,0.112164181,0.0129004577,0.015045741,0.0377098503,-3.0236849,1712.36063
0.0779558364,0.00646998704,-0.00266875446,0.000264331298,-0.0222190548,0.049446511,1713.37674
0.0780683696,0.00729285993,-0.0030053674,0.00033371749,-0.0219589286,0.0600601695,1713.57766
0.0781889943,0.00817490128,-0.00336431239,0.000416522528,-0.0216775934,0.0716829554,1713.7835
0.0783099713,0.115035914,0.0146300974,0.0140324919,0.0413062758,-3.13015194,1712.56651
0.0783182926,0.00912036556,-0.00374650718,0.000514756729,-0.0213729893,0.0843689119,1713.99269
0.0783530775,0.0442136074,-0.0122179969,0.00889518205,-0.00676270043,0.0462874358,1714.3235
0.078456888,0.0101338132,-0.00415275133,0.000630678831,-0.0210427977,0.0981583062,1714.20326
0.0785226987,0.0803647536,-0.00512103646,0.0178506621,0.0127276546,-1.43865768,1711.5248
0.0786054491,0.0112201325,-0.00458367546,0.000766816512,-0.020684401,0.113070486,1714.41276
0.0786489957,0.117715008,0.0161476714,0.0129827789,0.0449710423,-3.22022916,1712.77077
0.0787646925,0.0123845633,-0.00503967846,0.000925985684,-0.0202948362,0.129094673,1714.61828
0.0788305559,0.0477504251,-0.0123604527,0.00997345718,-0.00503530756,-0.025414173,1713.93168
0.0789353862,0.0136327222,-0.00552085031,0.00111130731,-0.0198707419,0.14617826,1714.81636
0.0789652778,0.120214384,0.0174406669,0.011920067,0.0486889295,-3.29532853,1712.95578
0.0791183535,0.0149706296,-0.00602687812,0.00132622011,-0.019408297,0.164212163,1715.00298
0.0791811815,0.0853696328,-0.00282278795,0.0182994309,0.0160369393,-1.70495692,1711.33204
0.0792603434,0.1225461,0.0185025282,0.0108643844,0.0524417536,-3.35659634,1713.09862
0.0793144771,0.0164047389,-0.00655693241,0.00157448704,-0.0189031516,0.183012715,1715.17358
0.0793423673,0.0515415566,-0.0123272604,0.0111153362,-0.00310900532,-0.122389832,1713.49707
0.0795247029,0.0179419674,-0.00710953058,0.00186019267,-0.0183503487,0.202299686,1715.32303
0.0795356156,0.124721401,0.0193320382,0.00983231282,0.0562094961,-3.40532067,1713.16971
0.079750045,0.0195897299,-0.0076823742,0.00218772787,-0.0177442378,0.221670068,1715.44572
0.0797924222,0.12675078,0.0199327051,0.00883706191,0.0599713588,-3.44318398,1713.13321
0.0797954925,0.0900387783,-0.000387581741,0.0184409757,0.0193473694,-1.95699713,1711.22949
0.0798909803,0.0556052884,-0.0120720682,0.0123046761,-0.000960969466,-0.248703614,1713.0335
0.0799915901,0.0213559743,-0.00827215633,0.00256175757,-0.0170783797,0.240567783,1715.53563
0.0800320018,0.128644026,0.0203120498,0.00788883125,0.0637066828,-3.47172402,1712.95049
0.0802505036,0.0232492201,-0.00887433521,0.00298716526,-0.0163454423,0.258247869,1715.58647
0.0802555102,0.13041027,0.0204808641,0.0069950828,0.0673957048,-3.49249042,1712.58648
0.0803685946,0.0943947116,0.0021143845,0.018310298,0.0226834771,-2.18933557,1711.20563
0.0804640253,0.132058033,0.0204525139,0.00616093428,0.0710201404,-3.50708102,1712.01411
0.0804790412,0.0599612217,-0.0115400603,0.0135168275,0.00143458776,-0.408166493,1712.55811
0.0805280341,0.0252785992,-0.00948287009,0.00346896739,-0.0155371003,0.273734988,1715.59188
0.080658553,0.133595261,0.0202422629,0.00538941687,0.0745635962,-3.51700455,1711.22054
0.0808255204,0.0274539002,-0.0100899139,0.00401218805,-0.0146439198,0.285785116,1715.54598
0.0808400315,0.13502937,0.0198666538,0.00468182359,0.078011829,-3.52359579,1710.21158
0.0809032524,0.0984584434,0.00462001811,0.0179442608,0.0260684558,-2.40092251,1711.24991
0.0810093362,0.136367278,0.0193429569,0.0040380149,0.0813528716,-3.52795431,1709.00902
0.0811093865,0.0646303672,-0.0106672418,0.0147158286,0.00410808743,-0.603963101,1712.09066
0.0811443973,0.0297856156,-0.0106854588,0.00462168449,-0.0136552475,0.292845135,1715.44388
0.0811672837,0.137615437,0.0186886925,0.00345670264,0.0845770492,-3.53092023,1707.6464
0.081314636,0.138779867,0.0179212285,0.00293570234,0.0876769105,-3.53308675,1706.16368
0.0814020447,0.102249575,0.00707385144,0.0173821255,0.0295215575,-2.58930014,1711.35272
0.0814521036,0.139866187,0.0170574522,0.00247216314,0.0906470953,-3.53481828,1704.60209
0.0814862031,0.0322849924,-0.011256928,0.00530190633,-0.0125591186,0.29300791,1715.28114
0.0815803497,0.140879634,0.0161135147,0.00206276149,0.0934841599,-3.53628288,1703.00024
0.0816999929,0.141825099,0.0151046355,0.00170386702,0.0961863765,-3.53757759,1701.39159
0.0817850565,0.0696352464,-0.00937912516,0.0158518974,0.00709791543,-0.83687259,1711.6527
0.0818116103,0.14270714,0.0140449641,0.00139167652,0.0987535202,-3.53871924,1699.80339
0.0818525862,0.0349640862,-0.0117887088,0.00605657295,-0.0113421651,0.283975114,1715.05462
0.0818673773,0.105786393,0.00942684221,0.0166603687,0.0330563696,-2.75817332,1711.5048
0.0819157403,0.143530013,0.012947496,0.00112232467,0.101186655,-3.53964111,1698.25647
0.0820128851,0.144297686,0.011824029,0.000891979708,0.103487926,-3.54028207,1696.76582
0.0820242274,0,0,0,-0.0257556074,0.0915209673,1712.30729
0.0820731307,0.000357650242,-0.000160542747,1.23839125e-06,-0.0256377483,0.0914734592,1712.40889
0.0821035133,0.145013864,0.0106851527,0.000696908446,0.105660366,-3.54058773,1695.3414
0.0821255504,0.000741017226,-0.000332657068,4.1257123e-06,-0.0255111872,0.0939232952,1712.5173
0.0821817393,0.00115195011,-0.000517178735,9.16823937e-06,-0.0253752159,0.0992571448,1712.63278
0.082188062,0.145681998,0.00954026716,0.000533526981,0.107707713,-3.54051303,1693.98913
0.0822419684,0.00159243101,-0.000714956815,1.70365576e-05,-0.0252290906,0.105012952,1712.75558
0.0822453141,0.0378358195,-0.0122616184,0.00688824911,-0.00998954671,0.263034544,1714.76385
0.0822669392,0.146305314,0.00839762314,0.000398438644,0.109634251,-3.54002833,1692.71175
0.0823014949,0.109085956,0.0116370967,0.0158125216,0.0366799225,-2.90629876,1711.69657
0.0823065284,0.00206458457,-0.000926884641,2.81853027e-05,-0.0250719992,0.111307518,1712.88589
0.0823405251,0.146886817,0.0072643779,0.000288457641,0.111444668,-3.5391225,1691.50969
0.0823757305,0.0025706882,-0.00115389781,4.32376818e-05,-0.0249030535,0.118182877,1713.02383
0.0824091748,0.147429312,0.00614666262,0.000200627507,0.11314393,-3.53779804,1690.3817
0.0824499085,0.00311318307,-0.00139697158,6.28942751e-05,-0.0247212795,0.125709868,1713.16946
0.0824732194,0.147935415,0.00504965688,0.00013221027,0.114737177,-3.5361233,1689.32539
0.0825093105,0.075,-0.00759142556,0.0168603489,0.0104562617,-1.10643301,1711.26597
0.0825294203,0.00369468589,-0.00165711641,8.79644205e-05,-0.0245256069,0.133938498,1713.32271
0.0825329678,0.148407569,0.00397766725,8.07324409e-05,0.116229635,-3.53399618,1688.33766
0.0825887082,0.14884805,0.00293420709,4.38590394e-05,0.117626537,-3.5314621,1687.41498
0.0826146494,0.00431800152,-0.00193537132,0.000119372661,-0.0243148562,0.142931407,1713.48336
0.0826407094,0.149258983,0.0019220755,2.00273817e-05,0.11893307,-3.52797188,1686.55365
0.0826662809,0.040914044,-0.0126522907,0.00779778507,-0.00848490063,0.227059967,1714.41114
0.0826892224,0.14964235,0.000943434108,6.03608788e-06,0.120154322,-3.53767244,1685.74989
0.0827060068,0.00498613648,-0.00223279485,0.000158175959,-0.0240877243,0.152753346,1713.65106
0.0827064912,0.112164181,0.0136701865,0.0148722461,0.0403925238,-3.03497649,1711.91757
0.082734481,0.15,0,0,0.12129512,-3.54865283,1685
0.0828039333,0.0057023135,-0.00255045269,0.000205578749,-0.0238427673,0.16347046,1713.82522
0.0829089012,0.00646998704,-0.00288940135,0.000262949952,-0.0235783807,0.175148254,1714.00501
0.0830214167,0.00729285993,-0.00325066708,0.00033184092,-0.0232927762,0.187849292,1714.18933
0.08308432,0.115035914,0.0154989434,0.0138694848,0.0441881693,-3.14540396,1712.15567
0.0831175172,0.0442136074,-0.0129324706,0.00878358572,-0.00681030197,0.172539021,1714.00203
0.0831420227,0.00817490128,-0.00363521871,0.000414004347,-0.0229839543,0.20162978,1714.37672
0.0832335644,0.0803647536,-0.00538521211,0.0176169403,0.0139986085,-1.38858424,1710.97058
0.0832713008,0.00912036556,-0.00404393345,0.000511413757,-0.0226496733,0.216535006,1714.56536
0.0834098745,0.0101338132,-0.0044775539,0.00062628315,-0.0222874124,0.232593308,1714.75298
0.0834368034,0.117715008,0.0171033104,0.0128310243,0.048055372,-3.23885418,1712.39621
0.0835584124,0.0112201325,-0.00493663476,0.000761086152,-0.0218943293,0.249808258,1714.93685
0.0836011996,0.0477504251,-0.0130682019,0.00984067888,-0.00494620907,0.0956452464,1713.54562
0.0837176309,0.0123845633,-0.00542147716,0.000918573789,-0.0214672111,0.268148689,1715.11369
0.0837656419,0.120214384,0.018470032,0.0117799807,0.0519782507,-3.31675903,1712.62051
0.0838882979,0.0136327222,-0.00593204843,0.00110178972,-0.0210024184,0.287536124,1715.2797
0.0839092345,0.0853696328,-0.00295818028,0.0180535894,0.0175090102,-1.66446093,1710.78229
0.0840712368,0.0149706296,-0.00646788466,0.00131408133,-0.0204958207,0.307829185,1715.43052
0.0840724214,0.1225461,0.019592176,0.0107361519,0.0559377378,-3.3805149,1712.80419
0.084119661,0.0515415566,-0.013018908,0.0109594067,-0.00287133052,-0.00766374938,1713.05461
0.0842673297,0.0164047389,-0.0070279734,0.00155910461,-0.0199427243,0.328804499,1715.56122
0.0843586218,0.124721401,0.0204684842,0.00971581994,0.0599127865,-3.43137841,1712.91594
0.0844775227,0.0179419674,-0.00761061321,0.00184082027,-0.0193377911,0.350133729,1715.66634
0.0845395797,0.0900387783,-0.000388944238,0.0181879751,0.0210132766,-1.92550461,1710.68712
0.0846256235,0.12675078,0.0211026444,0.00873195317,0.0638814957,-3.47095821,1712.91822
0.0846754022,0.0556052884,-0.0127363142,0.0121239745,-0.000562283827,-0.141412928,1712.54504
0.0847028295,0.0195897299,-0.00821324676,0.00216347751,-0.0186749484,0.371356424,1715.74001
0.0848747144,0.128644026,0.0215026002,0.00779468095,0.067822091,-3.5009426,1712.77029
0.084944337,0.0213559743,-0.00883226385,0.00253158145,-0.0179472918,0.391848517,1715.77601
0.085107096,0.13041027,0.0216798011,0.00691134708,0.0717137304,-3.52294221,1712.43682
0.0851276406,0.0943947116,0.00224945846,0.0180555675,0.0245385639,-2.16534079,1710.67219
0.08520321,0.0232492201,-0.00946277031,0.00294983852,-0.0171469801,0.410786694,1715.76801
0.0852711039,0.0599612217,-0.0121632481,0.0133102913,0.00200720533,-0.309373613,1712.03565
0.0853238891,0.132058033,0.0216484121,0.00608697916,0.0755371254,-3.53861073,1711.89086
0.0854806972,0.0252785992,-0.0100983189,0.00342307341,-0.0162651305,0.427109932,1715.70997
0.0855261394,0.133595261,0.021424602,0.00532455845,0.0792749803,-3.54950558,1711.11908
0.0856762537,0.0984584434,0.00489091039,0.0176924866,0.0281104825,-2.38399891,1710.7268
0.0857148226,0.13502937,0.0210258927,0.00462534872,0.0829122674,-3.55700023,1710.12775
0.0857781371,0.0274539002,-0.0107305962,0.00395610935,-0.0152917073,0.439479442,1715.5966
0.0858908486,0.136367278,0.0204705773,0.0039891996,0.0864363617,-3.56221998,1708.93929
0.0859096393,0.0646303672,-0.0112329824,0.0144834138,0.00486802595,-0.514545113,1711.54686
0.0860550666,0.137615437,0.019777209,0.00341482755,0.0898370588,-3.56602513,1707.5879
0.0860969642,0.0297856156,-0.0113490598,0.00455359873,-0.0142154146,0.446235944,1715.42312
0.086188065,0.102249575,0.00747710228,0.0171359184,0.0317503242,-2.57923697,1710.84182
0.0862082686,0.138779867,0.0189641751,0.00290006674,0.0931065021,-3.56901736,1706.11413
0.0863511937,0.139866187,0.0180493507,0.00244209855,0.0962390436,-3.57154251,1704.55973
0.0864387166,0.0322849924,-0.011940523,0.00521979447,-0.0130236064,0.445361816,1715.18602
0.0864845312,0.140879634,0.0170498312,0.00203763248,0.099231059,-3.57380603,1702.96373
0.0865940885,0.0696352464,-0.00986777695,0.0155942426,0.00805915976,-0.757760821,1711.09977
0.0866089242,0.141825099,0.0159817195,0.00168307632,0.102080735,-3.57591662,1701.35992
0.0866655435,0.105786393,0.00995636817,0.0164224473,0.0354732426,-2.75361882,1711.00886
0.0867249727,0.14270714,0.0148599829,0.00137466911,0.104787847,-3.57785646,1699.77579
0.0868050425,0.0349640862,-0.0124886781,0.00595824453,-0.0117022067,0.43445166,1714.8841
0.0868332366,0.143530013,0.0136983681,0.00110858889,0.107353527,-3.57956806,1698.23236
0.086934238,0.144297686,0.0125093518,0.000881048679,0.109780051,-3.58099403,1696.74476
0.0870284641,0.145013864,0.0113041309,0.000688357514,0.112070629,-3.58207491,1695.32307
0.087110992,0.109085956,0.0122848596,0.0155854313,0.0392873206,-2.9068317,1711.21928
0.0871163694,0.145681998,0.010092643,0.000526973371,0.114229215,-3.58276323,1693.97326
0.0871977091,0.0378358195,-0.0129735456,0.0067713848,-0.0102356542,0.41069495,1714.51879
0.0871983779,0.146305314,0.00888360924,0.000393539399,0.116260341,-3.5830272,1692.69814
0.0872588813,0,0,0,-0.0273992887,0.224284476,1713.09244
0.0872748852,0.146886817,0.00768459366,0.000284907421,0.118168959,-3.5828533,1691.49817
0.0873071059,0.000357650242,-0.000174386991,1.22475609e-06,-0.0272693632,0.224884714,1713.18659
0.0873277527,0.075,-0.00797944712,0.0165806724,0.0116338257,-1.03770912,1710.71435
0.0873462603,0.147429312,0.00650207473,0.000198156162,0.119960319,-3.5822417,1690.37213
0.0873587981,0.000741017226,-0.000361157295,4.07349751e-06,-0.0271298589,0.228586802,1713.28699
0.0874128474,0.147935415,0.00534152431,0.000130580386,0.12163985,-3.5812584,1689.31765
0.0874142072,0.00115195011,-0.000561176841,9.06505181e-06,-0.0269800006,0.235130199,1713.39386
0.0874736005,0.00159243101,-0.000775325212,1.68415244e-05,-0.0268189725,0.242187132,1713.50738
0.0874749678,0.148407569,0.00420749091,7.97365777e-05,0.12321307,-3.57979987,1688.33165
0.0875265593,0.112164181,0.0144263917,0.0146576569,0.0431934166,-3.04005113,1711.46331
0.087532921,0.14884805,0.00310368424,4.33177748e-05,0.124685509,-3.57790937,1687.41061
0.0875372644,0.00206458457,-0.00100452433,2.78569352e-05,-0.0266458844,0.249858477,1713.62767
0.0875869867,0.149258983,0.00203305884,1.97832442e-05,0.126062641,-3.57503706,1686.55081
0.0876055061,0.0025706882,-0.00124973582,4.27236861e-05,-0.0264597629,0.25818681,1713.75478
0.0876186102,0.040914044,-0.0133708384,0.00766000256,-0.00860686978,0.370882006,1714.09465
0.0876374256,0.14964235,0.000997895309,5.96175325e-06,0.127349838,-3.58520456,1685.74851
0.0876786546,0.00311318307,-0.00151195759,6.21308095e-05,-0.0262595415,0.267240395,1713.88865
0.087684481,0.15,0,0,0.128552201,-3.59634719,1685
0.0877570629,0.00369468589,-0.00179221852,8.68729006e-05,-0.0260440487,0.277070163,1714.02912
0.0878411091,0.00431800152,-0.00209157081,0.000117856992,-0.0258119945,0.287738402,1714.17584
0.0879142499,0.115035914,0.0163523982,0.0136685965,0.0471856206,-3.15448764,1711.72916
0.0879311987,0.00498613648,-0.00241107971,0.000156118923,-0.0255619545,0.299308603,1714.32831
0.0880277661,0.0057023135,-0.00275180989,0.000202837791,-0.0252923519,0.311844383,1714.48577
0.088061417,0.0803647536,-0.00565351554,0.0173198031,0.0153938324,-1.33165933,1710.42721
0.088069776,0.0442136074,-0.013651224,0.00862253905,-0.00679724073,0.311443669,1713.61973
0.0881312771,0.00646998704,-0.0031148076,0.00025935218,-0.0250014358,0.325407176,1714.64722
0.0882422311,0.00729285993,-0.0035010779,0.000327177224,-0.0246872567,0.340053549,1714.81133
0.0882759336,0.117715008,0.0180417958,0.0126445708,0.0512521505,-3.2514343,1712.00194
0.0883611632,0.00817490128,-0.00391155569,0.000408022505,-0.0243476374,0.355831342,1714.97641
0.0884886471,0.00912036556,-0.00434706938,0.000503810417,-0.0239801395,0.372774594,1715.14037
0.0885533829,0.0477504251,-0.0137794728,0.00965416413,-0.00478659311,0.228521471,1713.1057
0.0886133552,0.120214384,0.0194806244,0.0116083912,0.0553765204,-3.33227501,1712.26212
0.0886252977,0.0101338132,-0.0048082957,0.000616694556,-0.0235820247,0.39089691,1715.30064
0.0887458662,0.0853696328,-0.00309836343,0.0177439822,0.019110206,-1.61722848,1710.24963
0.0887717741,0.0112201325,-0.00529570396,0.000749077517,-0.0231502097,0.41018295,1715.45418
0.0889281421,0.1225461,0.0206615382,0.0105794819,0.0595388317,-3.39860865,1712.48396
0.0889287828,0.0123845633,-0.0058094877,0.000903627256,-0.0226812146,0.43057768,1715.59738
0.0890717633,0.0515415566,-0.0137134865,0.0107455972,-0.0025530862,0.118113901,1712.56766
0.0890970812,0.0136327222,-0.00634948166,0.00108329088,-0.0221711041,0.45197294,1715.72611
0.0892218126,0.124721401,0.021583274,0.00957378432,0.0637170599,-3.45178164,1712.6344
0.0892774811,0.0149706296,-0.00691506136,0.00129130437,-0.0216154199,0.474190935,1715.83566
0.0893844016,0.0900387783,-0.000396395222,0.0178728417,0.0228116185,-1.88612913,1710.1651
0.0894708525,0.0164047389,-0.00750502268,0.00153119634,-0.0210091057,0.496964218,1715.92078
0.0894957834,0.12675078,0.0222497944,0.00860409396,0.06788825,-3.49327035,1712.67402
0.0896274178,0.0556052884,-0.0134030982,0.011881513,-7.28918603e-05,-0.0237329735,1712.02349
0.0896781283,0.0179419674,-0.00811743822,0.00180678329,-0.020346423,0.519911844,1715.97576
0.0897513759,0.128644026,0.0226694827,0.00768038661,0.0720295612,-3.52485513,1712.56071
0.0899003082,0.0195897299,-0.00874948711,0.00212215334,-0.0196208584,0.54251146,1715.99454
0.0899801032,0.0943947116,0.00237695855,0.0177411426,0.0265280803,-2.13317186,1710.15981
0.0899898229,0.13041027,0.0228544392,0.00680989346,0.0761191186,-3.54825023,1712.25793
0.0901384639,0.0213559743,-0.00939725458,0.0024816343,-0.0188250228,0.564067282,1715.97086
0.0902122746,0.132058033,0.0228196264,0.00599753515,0.0801366728,-3.56516149,1711.73837
0.0902230265,0.0599612217,-0.0127888205,0.0130385431,0.00268060691,-0.200769197,1711.49294
0.0903937441,0.0232492201,-0.0100554973,0.00288974131,-0.0179505511,0.583674793,1715.89861
0.090419804,0.133595261,0.0225821228,0.00524624922,0.0840640675,-3.57718651,1710.98897
0.0905358445,0.0984584434,0.0051525684,0.0173835857,0.0302878075,-2.35879983,1710.2233
0.090613412,0.13502937,0.0221604277,0.00455727691,0.087885529,-3.58573292,1710.01615
0.0906673802,0.0252785992,-0.01071737,0.00335109757,-0.0169879894,0.600183585,1715.77223
0.0907940325,0.136367278,0.0215738343,0.00393045457,0.0915878091,-3.5919581,1708.84292
0.0908614622,0.0646303672,-0.0118012181,0.014182876,0.00573858769,-0.415773841,1710.99632
0.090960692,0.0274539002,-0.0113741081,0.00387032161,-0.0159266854,0.612159538,1715.58671
0.0909625368,0.137615437,0.0208418979,0.00336451358,0.0951602049,-3.59674999,1707.5041
0.0910543059,0.102249575,0.00786898913,0.0168354313,0.0341142872,-2.56097737,1710.34741
0.0911197376,0.138779867,0.0199840022,0.00285732116,0.0985944823,-3.6007054,1706.0408
0.0912663932,0.139866187,0.0190190012,0.00240609184,0.101884729,-3.60416589,1704.49525
0.0912750942,0.0297856156,-0.0120146614,0.00445186787,-0.0147546947,0.617841605,1715.33822
0.0914032109,0.140879634,0.0179649129,0.00200758396,0.105027159,-3.60737945,1702.90683
0.0915308508,0.141825099,0.0168387021,0.00165825645,0.108019892,-3.61044584,1701.30963
0.0915379882,0.105786393,0.0104723033,0.0161332661,0.0380243648,-2.74058479,1710.52507
0.0915458045,0.0696352464,-0.0103593588,0.0152663328,0.0091404085,-0.66952306,1710.55335
0.0916121035,0.0322849924,-0.0126252687,0.00509981179,-0.0134586896,0.615106804,1715.02495
0.0916499283,0.14270714,0.0156561392,0.00135439593,0.110862712,-3.61332271,1699.73133
0.0917610181,0.143530013,0.0144317026,0.00109224025,0.113556835,-3.61596267,1698.19313
0.0918646557,0.144297686,0.0131785303,0.000868056234,0.116104671,-3.61830598,1696.71028
0.0919613412,0.145013864,0.0119084105,0.000678206683,0.118509613,-3.6202886,1695.29292
0.0919733454,0.0349640862,-0.0131889683,0.00581756057,-0.0120238934,0.601452292,1714.64757
0.0919892246,0.109085956,0.0129167863,0.0153104765,0.0420272805,-2.89877725,1710.749
0.092051541,0.145681998,0.0106318037,0.000519201766,0.120775835,-3.62185807,1693.94711
0.09213569,0.146305314,0.00935788758,0.000387734595,0.122908113,-3.62297901,1692.67571
0.0922141942,0.146886817,0.00809462058,0.000280703914,0.124911669,-3.62363626,1691.4792
0.0922793542,0.075,-0.00837114477,0.0162295304,0.0129400588,-0.959964257,1710.1812
0.0922874323,0.147429312,0.00684881736,0.000195231761,0.126792028,-3.62382969,1690.3564
0.0923557574,0.147935415,0.00562623238,0.000128652684,0.128554908,-3.62362445,1689.30496
0.0923605623,0.0378358195,-0.013685033,0.00660746794,-0.0104340399,0.573985912,1714.20975
0.0924101914,0.112164181,0.0151645069,0.014398673,0.0461245312,-3.03645395,1711.01058
0.0924194992,0.148407569,0.00443164776,7.85592738e-05,0.130206117,-3.62291659,1688.32182
0.0924789651,0.14884805,0.00326896246,4.26782554e-05,0.131751471,-3.62174736,1687.40346
0.092534442,0.149258983,0.00214128049,1.9494706e-05,0.13319673,-3.61956771,1686.5462
0.0925861974,0.14964235,0.00105099648,5.8737991e-06,0.134547544,-3.63025056,1685.74628
0.092634481,0.15,0,0,0.135809282,-3.64156719,1685
0.0927756218,0.040914044,-0.0140883079,0.00747032296,-0.00867136283,0.529436214,1713.71858
0.092790979,0,0,0,-0.0291363674,0.385687418,1713.92215
0.0928029193,0.115035914,0.0171855632,0.0134268591,0.0503103761,-3.15485821,1711.29871
0.0928378157,0.000357650242,-0.000188398404,1.19893773e-06,-0.0289928534,0.386928161,1714.00708
0.0928880202,0.000741017226,-0.00038999286,3.98020948e-06,-0.0288387778,0.391843563,1714.0976
0.0929418346,0.00115195011,-0.000605677023,8.87027994e-06,-0.0286732912,0.399529005,1714.19384
0.0929995185,0.00159243101,-0.000836359061,1.64764485e-05,-0.0284954983,0.407812409,1714.29592
0.0930129039,0.0803647536,-0.00592708912,0.0169509248,0.0169249029,-1.26581696,1709.91144
0.0930613502,0.00206458457,-0.00108298722,2.72475661e-05,-0.0283044225,0.416777576,1714.40387
0.0931276278,0.0025706882,-0.00134654645,4.17791946e-05,-0.0280989968,0.426466831,1714.51766
0.0931693024,0.117715008,0.0189578946,0.0124208178,0.0545728059,-3.2553429,1711.59859
0.0931986711,0.00311318307,-0.00162805426,6.074208e-05,-0.0278780527,0.436944694,1714.63712
0.0932205262,0.0442136074,-0.0143684384,0.00840468697,-0.00671660544,0.464203872,1713.18477
0.0932748228,0.00369468589,-0.00192855438,8.49083641e-05,-0.0276403077,0.448261874,1714.76196
0.0933564502,0.00431800152,-0.0022491081,0.000115158842,-0.0273843508,0.460478921,1714.8917
0.0934439469,0.00498613648,-0.00259078285,0.000152498362,-0.0271086253,0.473656513,1715.02568
0.0935111081,0.120214384,0.0204669138,0.0114029519,0.0588947936,-3.33932604,1711.89012
0.0935377351,0.0057023135,-0.00295463712,0.000198069582,-0.0268114094,0.487853988,1715.16296
0.0936382671,0.00646998704,-0.00334170126,0.000253168313,-0.0264907935,0.503126751,1715.30235
0.0936972462,0.0853696328,-0.00324533056,0.0173631901,0.0208525432,-1.56051882,1709.75025
0.0936974212,0.0477504251,-0.0144889715,0.00940596673,-0.00454902339,0.374429289,1712.62254
0.0937460278,0.00729285993,-0.00375295298,0.000319259617,-0.0261446535,0.519523178,1715.44227
0.0938299851,0.1225461,0.021704979,0.0103922363,0.0632556701,-3.40831395,1712.14628
0.093861537,0.00817490128,-0.00418928661,0.000397994624,-0.0257706203,0.537080291,1715.58081
0.0939853518,0.00912036556,-0.00465147481,0.000491227721,-0.0253660441,0.555818152,1715.71558
0.0941180696,0.0101338132,-0.0051401213,0.000601033676,-0.0249279535,0.57573261,1715.84374
0.0941274714,0.124721401,0.0226707749,0.00940434644,0.0676324921,-3.46374119,1712.33236
0.0942086073,0.0515415566,-0.0144063252,0.010465387,-0.00214630985,0.256223885,1712.04903
0.0942603303,0.0112201325,-0.00565560287,0.000729724142,-0.0244530078,0.596786096,1715.96192
0.0943356819,0.0900387783,-0.000411949535,0.017488611,0.0247547702,-1.83651905,1709.67899
0.0944050019,0.12675078,0.0233685183,0.00845189556,0.0720013094,-3.50720334,1712.40719
0.0944128203,0.0123845633,-0.00619799873,0.000879862703,-0.0239374434,0.618896099,1716.06621
0.0945762751,0.0136327222,-0.00676700502,0.00105427744,-0.0233770112,0.641920903,1716.15214
0.0946639153,0.128644026,0.0238071139,0.0075446079,0.0763382688,-3.54051399,1712.32736
0.094751483,0.0149706296,-0.00736183204,0.00125606966,-0.0227669076,0.665642224,1716.21471
0.09475655,0.0556052884,-0.0140684629,0.0115682092,0.000515700704,0.105717576,1711.48348
0.0949054605,0.13041027,0.0239993097,0.00668958703,0.0806205167,-3.56544808,1712.05399
0.0949312905,0.0943947116,0.00249431299,0.0173601049,0.0286646758,-2.09107123,1709.68341
0.0949392892,0.0164047389,-0.00798108133,0.00148861692,-0.0221016953,0.68974436,1716.24842
0.0951308026,0.132058033,0.0239608476,0.00589165922,0.0848268956,-3.58374834,1711.55972
0.0951405995,0.0179419674,-0.00862259966,0.00175556824,-0.0213752176,0.713789618,1716.2474
0.0953410283,0.133595261,0.0237096891,0.00515371365,0.0889384353,-3.59705208,1710.8325
0.0953438924,0.0599612217,-0.0134136547,0.0126920376,0.00346383033,-0.0808716369,1710.94588
0.095356385,0.0195897299,-0.00928330654,0.00206082852,-0.0205805028,0.737189916,1716.20551
0.095486945,0.0984584434,0.0054014965,0.017010501,0.0326132679,-2.32326551,1709.75375
0.0955371519,0.13502937,0.0232652812,0.00447695506,0.0929386592,-3.60680385,1709.87846
0.0955876865,0.0213559743,-0.00995899145,0.00240852864,-0.0197096625,0.75917497,1716.11667
0.0957201193,0.136367278,0.0226479092,0.0038612205,0.0968137356,-3.61420072,1708.72113
0.0958356197,0.0232492201,-0.0106440767,0.00280297686,-0.018753789,0.778757782,1715.97517
0.095890813,0.137615437,0.0218781428,0.00330529652,0.100552498,-3.62014303,1707.39588
0.0959734676,0.0646303672,-0.0123697891,0.0138042582,0.0067293738,-0.306044986,1710.45558
0.0960053255,0.102249575,0.00824545137,0.0164742723,0.036626381,-2.53162512,1709.88328
0.0960500563,0.138779867,0.0209763479,0.00280708311,0.104146364,-3.62519926,1705.94432
0.0961013804,0.0252785992,-0.011331341,0.00324858489,-0.0177028447,0.794697298,1715.77586
0.0961986174,0.139866187,0.0199623149,0.00236382449,0.107589184,-3.62976972,1704.40907
0.0963372129,0.140879634,0.0188549554,0.001972343,0.110877032,-3.63410832,1702.82983
0.0963862507,0.0274539002,-0.0120115994,0.00374976343,-0.0165455564,0.805462602,1715.51462
0.0964665111,0.141825099,0.0176720744,0.00162916387,0.114007976,-3.63826012,1701.24091
0.0964889323,0.105786393,0.0109702218,0.015787196,0.0407226769,-2.71640648,1710.06665
0.0965871359,0.14270714,0.0164302226,0.00133064411,0.116981828,-3.64220154,1699.67015
0.0966483121,0.0696352464,-0.0108526532,0.0148580673,0.0103518539,-0.570323104,1710.02998
0.0966916044,0.0297856156,-0.0126733327,0.00431077814,-0.0152693235,0.809202052,1715.18918
0.096699669,0.143530013,0.0151445906,0.00107309229,0.11979989,-3.64588937,1698.13888
0.0968046533,0.144297686,0.0138289578,0.00085284248,0.122464718,-3.64925836,1696.66242
0.096902595,0.145013864,0.0124956826,0.000666323576,0.124979893,-3.65224583,1695.251
0.0969400982,0.109085956,0.0135280104,0.0149823771,0.0449126583,-2.87938028,1710.29834
0.0969939668,0.145681998,0.011155726,0.000510107851,0.127349808,-3.65480042,1693.91072
0.0970189144,0.0322849924,-0.0133022566,0.00493554842,-0.013860138,0.803702875,1714.79953
0.0970792091,0.146305314,0.00981870418,0.000380946545,0.129579488,-3.65688442,1692.64448
0.0971587334,0.146886817,0.00849295941,0.00027579248,0.131674416,-3.65847894,1691.4528
0.097232923,0.147429312,0.00718563448,0.000191818059,0.133640397,-3.65958111,1690.33452
0.0973021359,0.147935415,0.00590275831,0.000126404723,0.135483429,-3.66025327,1689.28733
0.0973609993,0.112164181,0.0158792477,0.0140904687,0.0491985502,-3.02133822,1710.57129
0.0973667059,0.148407569,0.00464933878,7.71878664e-05,0.137209605,-3.66038997,1688.30817
0.0973697597,0.0349640862,-0.0138808132,0.00562737727,-0.0123025308,0.786375659,1714.34856
0.0973716812,0.075,-0.0087661571,0.0157960723,0.0143857781,-0.871590525,1709.68256
0.0974269445,0.14884805,0.00342945685,4.19343743e-05,0.138825024,-3.6600297,1687.39356
0.0974831422,0.149258983,0.00224635984,1.91592557e-05,0.140335724,-3.6586254,1686.53981
0.0975355701,0.14964235,0.00110255174,5.77125472e-06,0.141747626,-3.66987745,1685.74318
0.097584481,0.15,0,0,0.143066363,-3.6813817,1685
0.0977458323,0.0378358195,-0.0143875853,0.00638859232,-0.0105795487,0.754267589,1713.84247
0.0977536658,0.115035914,0.01799279,0.013139878,0.0535748629,-3.143582,1710.87547
0.0980950502,0.0803647536,-0.0062063163,0.0164993083,0.0186032539,-1.1879664,1709.43849
0.0981199918,0.117715008,0.0198456625,0.0121557835,0.0580294351,-3.24749256,1711.19647
0.0981489464,0.040914044,-0.0147966103,0.00722005864,-0.00867276655,0.704074145,1713.29106
0.0984617441,0.120214384,0.0214227009,0.0111601251,0.0625447716,-3.33449559,1711.51383
0.0985810463,0.0442136074,-0.0150765657,0.00812055324,-0.0065623257,0.632197711,1712.7077
0.0986374218,0,0,0,-0.0309721504,0.579334636,1714.79895
0.0986821211,0.000357650242,-0.000202310008,1.1586087e-06,-0.0308133857,0.581199106,1714.8727
0.0987300345,0.000741017226,-0.000418612899,3.83812552e-06,-0.0306429613,0.587265257,1714.95121
0.0987698948,0.0853696328,-0.00340065753,0.016901662,0.0227480155,-1.49135334,1709.29848
0.0987805713,0.1225461,0.0227160639,0.0101713355,0.0670995033,-3.40625515,1711.79946
0.098781393,0.00115195011,-0.000649826818,8.56654328e-06,-0.0304599465,0.595996225,1715.03456
0.0988364445,0.00159243101,-0.000896885826,1.59090633e-05,-0.0302633583,0.605399797,1715.12277
0.0988954544,0.00206458457,-0.00116076147,2.63038401e-05,-0.030052125,0.615541472,1715.2158
0.0989587075,0.0025706882,-0.00144245872,4.03223955e-05,-0.029825077,0.626462368,1715.31349
0.0990265087,0.00311318307,-0.00174301097,5.86091276e-05,-0.0295809339,0.638221882,1715.41558
0.0990442162,0.0477504251,-0.0151898161,0.00908582649,-0.00422696869,0.53481216,1712.10884
0.0990780111,0.124721401,0.023724473,0.00920483538,0.071669838,-3.4640836,1712.01706
0.0990991851,0.00369468589,-0.00206347278,8.19045072e-05,-0.0293182922,0.650869128,1715.52162
0.0991770873,0.00431800152,-0.00240491019,0.000111052655,-0.0290356088,0.664461275,1715.631
0.0992605911,0.00498613648,-0.00276838807,0.000147015629,-0.028731183,0.679054358,1715.74288
0.0993500992,0.0057023135,-0.00315495381,0.000190886371,-0.0284031363,0.694701408,1715.85615
0.0993554983,0.12675078,0.0244523688,0.00827302709,0.0762308976,-3.50949978,1712.1237
0.0993994699,0.0900387783,-0.000438350389,0.0170256918,0.0268552091,-1.77487471,1709.2423
0.0994460433,0.00646998704,-0.00356561667,0.000243903056,-0.0280493872,0.711449558,1715.96937
0.0995406902,0.0515415566,-0.0150913103,0.0101077642,-0.0016439984,0.408212009,1711.51322
0.0995488863,0.00729285993,-0.00400132172,0.000307464125,-0.0276676238,0.729336506,1716.08078
0.0996143713,0.128644026,0.024909125,0.00738533567,0.0807578817,-3.54461519,1712.07437
0.0996591242,0.00817490128,-0.0044629175,0.000383143943,-0.0272552708,0.748385713,1716.18817
0.0997772887,0.00912036556,-0.00495111592,0.000472708757,-0.0268094524,0.768600275,1716.2889
0.0998558788,0.13041027,0.0251081347,0.00654872963,0.0852270234,-3.5712656,1711.82831
0.0999039498,0.0101338132,-0.00546644323,0.000578132588,-0.0263269484,0.789955085,1716.37983
0.0999868123,0.0943947116,0.0025979456,0.0169026132,0.030961222,-2.0364995,1709.25583
0.100039718,0.0112201325,-0.00600918007,0.000701612493,-0.0258041453,0.812386924,1716.4573
0.100072863,0.0556052884,-0.0147271557,0.011172284,0.00121099049,0.248579894,1710.94067
0.100081186,0.132058033,0.0250659292,0.00576791633,0.0896163152,-3.59116194,1711.35807
0.100185249,0.0123845633,-0.00657928905,0.000845582472,-0.025236979,0.835782181,1716.51709
0.100291379,0.133595261,0.0248013514,0.00504572881,0.0939060263,-3.60597247,1710.65216
0.100341245,0.0136327222,-0.00717632739,0.0010127251,-0.0246208704,0.859961842,1716.55448
0.100487472,0.13502937,0.0243347752,0.00438335337,0.098079028,-3.61716566,1709.71658
0.100508457,0.0149706296,-0.00779934238,0.00120597961,-0.0239506532,0.884663378,1716.56421
0.100534755,0.0984584434,0.005633544,0.016564073,0.0351000307,-2.27452215,1709.33047
0.100643302,0.0599612217,-0.0140335593,0.012258269,0.00436490119,0.0521133212,1710.41067
0.10067041,0.136367278,0.0236874453,0.00378064686,0.102120949,-3.62596329,1708.57532
0.100687693,0.0164047389,-0.0084467469,0.00142854494,-0.023220493,0.90951926,1716.54063
0.100841077,0.137615437,0.0228809011,0.00323644045,0.106020198,-3.63324875,1707.26426
0.100879816,0.0179419674,-0.00911617188,0.00168387563,-0.0224237981,0.934031943,1716.47779
0.101000296,0.138779867,0.0219364716,0.00274868277,0.109767879,-3.63957151,1705.82542
0.101045941,0.102249575,0.00860193063,0.0160438406,0.0392999607,-2.48832119,1709.4613
0.101085754,0.0195897299,-0.0098042925,0.00197566814,-0.0215531221,0.957545491,1716.36971
0.101148834,0.139866187,0.0208748645,0.00231469856,0.113357631,-3.64538722,1704.30173
0.101254757,0.0646303672,-0.0129357115,0.0133344545,0.00784899016,-0.183276433,1709.94074
0.101287408,0.140879634,0.0197158514,0.00193139413,0.116785413,-3.65094954,1702.73311
0.1013065,0.0213559743,-0.0105066241,0.00230783441,-0.0206000652,0.979214333,1716.21065
0.101416686,0.141825099,0.0184780461,0.0015953651,0.120049259,-3.65628251,1701.15403
0.101522836,0.105786393,0.0114449054,0.0153761835,0.043581611,-2.67815392,1709.64508
0.101537292,0.14270714,0.0171787456,0.00130305825,0.12314902,-3.66137874,1699.59245
0.101543119,0.0232492201,-0.011217284,0.00268445846,-0.0195551647,0.997969437,1715.99535
0.101649807,0.143530013,0.0158338247,0.00105085852,0.1260861,-3.6661969,1698.06974
0.101754775,0.144297686,0.0144576851,0.000835178212,0.128863207,-3.67068023,1696.6013
0.101796751,0.0252785992,-0.011928713,0.00310973103,-0.018407787,1.01248251,1715.71954
0.101852702,0.145013864,0.0130632463,0.000652522847,0.13148411,-3.67477344,1695.19739
0.10191018,0.0696352464,-0.0113459426,0.0143558794,0.0117027503,-0.457723858,1709.54506
0.101944059,0.145681998,0.0116619696,0.000499544839,0.133953428,-3.67842108,1693.86415
0.101967741,0.109085956,0.0141126965,0.0145936714,0.0479568508,-2.84544896,1709.87844
0.102029288,0.146305314,0.0102639041,0.000373065891,0.136276428,-3.6815721,1692.60451
0.102068621,0.0274539002,-0.012631353,0.00358785427,-0.0171460319,1.02113134,1715.38053
0.1021088,0.146886817,0.00887775431,0.000270092822,0.138458858,-3.68419804,1691.41903
0.102182978,0.147429312,0.00751096931,0.000187855873,0.140506794,-3.68629583,1690.30656
0.10225218,0.147935415,0.00616983654,0.000123794443,0.142426512,-3.68793206,1689.26481
0.10231674,0.148407569,0.00485957808,7.55945871e-05,0.144224383,-3.68900127,1688.29075
0.10236004,0.0297856156,-0.0133132705,0.0041229123,-0.0157566407,1.02197823,1714.97778
0.102376969,0.14884805,0.00358444877,4.10690534e-05,0.145906782,-3.68954063,1687.38093
0.1023828,0.112164181,0.0165642932,0.0137262603,0.0524287284,-2.99137132,1710.15618
0.102433158,0.149258983,0.00234783273,1.87719748e-05,0.147480018,-3.68898901,1686.53166
0.102485578,0.14964235,0.00115233807,5.65406881e-06,0.148950274,-3.70088504,1685.73924
0.102534481,0.15,0,0,0.150323444,-3.71261857,1685
0.10261273,0.075,-0.00916430032,0.0152668132,0.0159809684,-0.769926263,1709.23266
0.102672413,0.0322849924,-0.013959721,0.00471869473,-0.0142249277,1.01275132,1714.51347
0.102770017,0.115035914,0.018767374,0.012801502,0.0569920931,-3.11721689,1710.46966
0.103007247,0.0349640862,-0.0145526294,0.00537844651,-0.0125347402,0.99080641,1713.99297
0.103131259,0.117715008,0.0206981305,0.0118439069,0.0616347182,-3.22438499,1710.80517
0.10331528,0.0803647536,-0.00649179612,0.0159512259,0.0204396255,-1.09602781,1709.02132
0.103366157,0.0378358195,-0.0150699667,0.00610453355,-0.0106684546,0.953140777,1713.42523
0.103468268,0.120214384,0.0223408852,0.0108748663,0.0663387241,-3.31424182,1711.14212
0.103750875,0.040914044,-0.015485028,0.00689798526,-0.00860701228,0.896444591,1712.82276
0.10378267,0.1225461,0.0236875662,0.00991234567,0.0710821251,-3.38845038,1711.45152
0.103970703,0.0853696328,-0.00356573519,0.0163454206,0.0248080755,-1.4072985,1708.90613
0.104075982,0.124721401,0.0247369647,0.00897143259,0.0758403626,-3.44869431,1711.69552
0.104163256,0.0442136074,-0.0157655808,0.00775790016,-0.00632998812,0.817156121,1712.2013
0.104349618,0.12675078,0.025493877,0.00806410815,0.080587712,-3.49639357,1711.82941
0.104582158,0.0900387783,-0.000478536185,0.0164705423,0.0291250382,-1.69809292,1708.86596
0.104604898,0.128644026,0.0259681353,0.00719952798,0.0852985048,-3.53344705,1711.80642
0.104605289,0.0477504251,-0.0158728463,0.00868051849,-0.00381565942,0.711525468,1711.57911
0.104816071,0,0,0,-0.0329122464,0.808851675,1715.72553
0.104843054,0.13041027,0.0261737345,0.00638457122,0.0899481323,-3.56187736,1711.58473
0.104857841,0.000357650242,-0.000215761404,1.100514e-06,-0.0327364421,0.811310691,1715.78588
0.104902614,0.000741017226,-0.000446273627,3.63638723e-06,-0.0325477565,0.818433846,1715.85003
0.104950607,0.00115195011,-0.000692475061,8.12938112e-06,-0.0323451707,0.828075155,1715.91797
0.10500205,0.00159243101,-0.000955321964,1.50939317e-05,-0.0321276051,0.838450707,1715.98962
0.105057193,0.00206458457,-0.00123580526,2.4950656e-05,-0.0318938844,0.849606458,1716.06484
0.105065234,0.132058033,0.0261279709,0.00562382978,0.0945138043,-3.58346639,1711.13661
0.105079106,0.0515415566,-0.0157602943,0.00965853123,-0.00104100059,0.576027801,1710.97582
0.1051163,0.0025706882,-0.00153494578,3.82382586e-05,-0.0316427264,0.861581231,1716.14337
0.105152597,0.0943947116,0.00268380086,0.0163558941,0.0334303808,-1.96595426,1708.88734
0.105179658,0.00311318307,-0.00185378845,5.55649574e-05,-0.0313727294,0.874427741,1716.2248
0.105247572,0.00369468589,-0.00219339418,7.76283317e-05,-0.0310823578,0.888191927,1716.30855
0.10527251,0.133595261,0.0258505136,0.00492012874,0.0989750935,-3.59991151,1710.45046
0.105320368,0.00431800152,-0.00255482914,0.000105223138,-0.0307699255,0.902925733,1716.39385
0.105398399,0.00498613648,-0.00293915104,0.000139254322,-0.0304335766,0.918678524,1716.47968
0.105465881,0.13502937,0.0253626395,0.00427463956,0.103314275,-3.61268426,1709.53242
0.105482041,0.0057023135,-0.00334739167,0.000180749025,-0.0300712632,0.93549482,1716.56472
0.105571697,0.00646998704,-0.00378053491,0.00023086982,-0.0296807194,0.953411101,1716.64733
0.105586993,0.0556052884,-0.0153722156,0.0106786264,0.00201855489,0.406848689,1710.41105
0.105646281,0.136367278,0.0246865247,0.00368722389,0.107516489,-3.62300368,1708.40694
0.1056678,0.00729285993,-0.00423948944,0.000290928562,-0.029259432,0.972451815,1716.72551
0.10568477,0.0984584434,0.00584389096,0.0160323517,0.037761202,-2.20912898,1708.96328
0.105770813,0.00817490128,-0.00472505494,0.000362400842,-0.028804606,0.992624221,1716.79679
0.10581458,0.137615437,0.0238446178,0.00315674878,0.111569762,-3.63173734,1707.11032
0.105881233,0.00912036556,-0.00523788063,0.000446940733,-0.0283131251,1.01391161,1716.85828
0.105971588,0.138779867,0.0228591632,0.00268122573,0.115464921,-3.63954345,1705.68489
0.105999593,0.0101338132,-0.00577841473,0.000546395417,-0.0277815061,1.0362647,1716.90654
0.106118065,0.139866187,0.0217517526,0.00225808868,0.119195425,-3.64688491,1704.17381
0.106126464,0.0112201325,-0.00634684331,0.00066281928,-0.0272058473,1.05959129,1716.93766
0.106131399,0.0599612217,-0.0146429265,0.011721194,0.00538989132,0.20041678,1709.90299
0.106181244,0.102249575,0.00893270877,0.0155326684,0.0421484482,-2.4276951,1709.09104
0.106254715,0.140879634,0.0205429977,0.0018843335,0.122757142,-3.65391541,1702.61713
0.106262457,0.0123845633,-0.00694301648,0.000798486929,-0.0265817692,1.08374342,1716.94717
0.106382199,0.141825099,0.0192523153,0.00155663619,0.126148094,-3.66067734,1701.04936
0.106408229,0.0136327222,-0.00756636,0.000955904279,-0.0259043474,1.10850165,1716.9301
0.106501131,0.14270714,0.017897736,0.00127154641,0.129368184,-3.66718131,1699.49851
0.106564482,0.0149706296,-0.00821576984,0.00113781663,-0.0251680383,1.13355641,1716.88108
0.106612085,0.143530013,0.0164957988,0.00102554394,0.132418927,-3.67338406,1697.98597
0.106644414,0.105786393,0.011889805,0.0148895069,0.0466147691,-2.62199833,1709.26982
0.106714951,0.0646303672,-0.0134947637,0.0127566795,0.00910409711,-0.0449072946,1709.46655
0.106715596,0.144297686,0.0150615017,0.000815136221,0.13530319,-3.67922519,1696.52714
0.106731971,0.0164047389,-0.00888948706,0.00134721247,-0.0243665954,1.15848612,1716.79437
0.106812164,0.145013864,0.0136082947,0.000636921452,0.138024935,-3.68464054,1695.13229
0.106902253,0.145681998,0.0121481069,0.000487641923,0.140589005,-3.68956487,1693.80758
0.106911503,0.0179419674,-0.00958494992,0.00158732121,-0.0234929784,1.18273191,1716.66417
0.106986299,0.146305314,0.0106913952,0.00036420464,0.143000911,-3.69394109,1692.55596
0.107064708,0.146886817,0.0092472152,0.000263695586,0.145266659,-3.69774058,1691.378
0.107076514,0.109085956,0.014663703,0.0141345682,0.0511735041,-2.79310785,1709.49864
0.107103944,0.0195897299,-0.0102986198,0.00186160276,-0.0225392541,1.20556949,1716.48479
0.107137856,0.147429312,0.00782331345,0.000183418623,0.147392592,-3.70096176,1690.2726
0.107206098,0.147935415,0.00642622714,0.000120876485,0.149385258,-3.70367588,1689.23747
0.107269762,0.148407569,0.00506138451,7.38209148e-05,0.151251298,-3.70572991,1688.26962
0.107310223,0.0213559743,-0.0110257771,0.00217372589,-0.0214964971,1.2260784,1716.25098
0.107329155,0.14884805,0.00373320752,4.01098072e-05,0.152997357,-3.70713438,1687.36561
0.107340462,0.0696352464,-0.0118364489,0.0137421887,0.0132004676,-0.329153138,1709.11196
0.107384564,0.149258983,0.00244521555,1.8431565e-05,0.154630004,-3.70712323,1686.5218
0.107436256,0.14964235,0.00120011237,5.53817166e-06,0.156155678,-3.7204675,1685.73447
0.107479628,0.112164181,0.0172119988,0.0132970559,0.0558286242,-2.94256795,1709.77444
0.107484481,0.15,0,0,0.157580526,-3.73342413,1685
0.107531334,0.0232492201,-0.0117602825,0.00252753227,-0.0203546812,1.24310992,1715.95834
0.107768344,0.0252785992,-0.0124942978,0.00292698102,-0.0191025726,1.255255,1715.6039
0.1078557,0.115035914,0.0195012654,0.012403545,0.0605754161,-3.07164894,1710.09027
0.108010951,0.075,-0.00956454907,0.0146238779,0.0177338559,-0.651742207,1708.84323
0.108022396,0.0274539002,-0.0132179599,0.00337606843,-0.0177276372,1.26081514,1715.18666
0.108206546,0.117715008,0.021506943,0.0114778177,0.0654016857,-3.18177472,1710.43336
0.108294715,0.0297856156,-0.0139189986,0.00387871188,-0.0162159576,1.25777664,1714.70818
0.108533856,0.120214384,0.0232129235,0.0105405795,0.0702892687,-3.27433388,1710.7832
0.108586616,0.0322849924,-0.0145822866,0.00443859318,-0.0145521735,1.24381113,1714.1731
0.10868144,0.0803647536,-0.00678437224,0.0152891435,0.0224431855,-0.986691625,1708.67006
0.108839209,0.1225461,0.0246109536,0.00960938709,0.0752156635,-3.35087684,1711.11
0.108899506,0.0349640862,-0.0151893165,0.00505894825,-0.0127194565,1.21627986,1713.58952
0.10912408,0.124721401,0.0256998522,0.00869875282,0.0801556431,-3.41336204,1711.3745
0.109234894,0.0378358195,-0.0157175578,0.00574225478,-0.0106995248,1.17218675,1712.96909
0.109306952,0.0853696328,-0.00374285892,0.0156767598,0.0270428155,-1.30493999,1708.58204
0.10938984,0.12675078,0.0264846862,0.00782025667,0.0850827328,-3.46331971,1711.53026
0.109594398,0.040914044,-0.0161396569,0.00648980905,-0.00847270477,1.10822392,1712.32681
0.109637773,0.128644026,0.026975784,0.00698292808,0.0899704885,-3.50236333,1711.52895
0.109869075,0.13041027,0.0271877842,0.00619344357,0.0947935441,-3.53258512,1711.32777
0.109890504,0.0900387783,-0.00053599647,0.0158058122,0.0315752153,-1.60215758,1708.55786
0.109979752,0.0442136074,-0.0164225077,0.00730115889,-0.00601802886,1.02089717,1711.68035
0.110084861,0.132058033,0.0271387137,0.00545631808,0.0995284078,-3.55589105,1710.89866
0.110286171,0.133595261,0.026849048,0.00477431693,0.104154029,-3.57401597,1710.22991
0.110392815,0.0477504251,-0.0165261943,0.00817323341,-0.00331334013,0.90659617,1711.04909
0.11043491,0.0943947116,0.00274725678,0.0157035765,0.0360838785,-1.8753035,1708.58521
0.110473977,0.13502937,0.0263409317,0.00414859192,0.10865215,-3.58848056,1709.32786
0.110649185,0.136367278,0.0256374325,0.00357904713,0.113007478,-3.60048868,1708.21736
0.11081264,0.137615437,0.024761907,0.00306459515,0.117207706,-3.61084668,1706.93504
0.110835579,0.0515415566,-0.0164027372,0.00909962074,-0.000335323619,0.761871711,1710.45274
0.110942797,0.0984584434,0.00602667357,0.0153998604,0.0406091474,-2.12303317,1708.65916
0.11096513,0.138779867,0.0237374633,0.00260335089,0.121243425,-3.62031488,1705.52344
0.111107391,0.139866187,0.0225865229,0.00219284942,0.125107946,-3.62936811,1704.02582
0.111240108,0.140879634,0.0213305097,0.00183016685,0.128797073,-3.63808937,1702.48222
0.111310179,0.0556052884,-0.0159947398,0.0100681172,0.00294069943,0.582937445,1709.90997
0.111345805,0,0,0,-0.0349625826,1.07808749,1716.70471
0.111363923,0.141825099,0.0199895911,0.0015121084,0.132308834,-3.64653105,1700.92714
0.111383808,0.000357650242,-0.000228246173,1.02004962e-06,-0.0347678526,1.08109565,1716.74923
0.111416614,0.102249575,0.00923075138,0.0149260727,0.0451846968,-2.34553823,1708.77945
0.111424543,0.000741017226,-0.000471931311,3.35970653e-06,-0.0345588909,1.08914099,1716.79641
0.111468208,0.00115195011,-0.000732008679,7.52454785e-06,-0.0343345824,1.09950658,1716.84614
0.111479432,0.14270714,0.0185824879,0.00123534221,0.135643202,-3.65468883,1699.38851
0.111515013,0.00159243101,-0.00100945192,1.3967727e-05,-0.034093743,1.11065137,1716.89827
0.111565183,0.00206458457,-0.0013052664,2.3083774e-05,-0.0338350844,1.12260055,1716.95251
0.111587193,0.143530013,0.0171263679,0.000996473859,0.138801814,-3.66250572,1697.88768
0.11161896,0.0025706882,-0.00162048381,3.53677387e-05,-0.0335572023,1.13538951,1717.00849
0.111676605,0.00311318307,-0.0019561557,5.13795476e-05,-0.0332585635,1.1490627,1717.06566
0.111687725,0.144297686,0.0156367926,0.000792131283,0.141787696,-3.66990678,1696.44001
0.111738394,0.00369468589,-0.00231334446,7.17601324e-05,-0.0329374902,1.16366125,1717.12329
0.111781513,0.145013864,0.0141277095,0.000619025701,0.144605012,-3.67681867,1695.05575
0.111804626,0.00431800152,-0.00269311182,9.72393799e-05,-0.0325921424,1.1792299,1717.18044
0.111818906,0.0599612217,-0.0152344354,0.0110605867,0.00654153071,0.366862986,1709.437
0.111858647,0.105786393,0.012297055,0.0143134921,0.0498353292,-2.54341858,1708.94791
0.11186901,0.145681998,0.0126114813,0.000473997649,0.147258824,-3.68318046,1693.74105
0.111875621,0.00498613648,-0.00309650422,0.000128647682,-0.0322204972,1.19580924,1717.23591
0.111950637,0.146305314,0.0110989478,0.000354049793,0.149754886,-3.68894741,1692.49885
0.11195172,0.0057023135,-0.00352453433,0.000166926882,-0.0318203256,1.21343294,1717.28817
0.112026789,0.146886817,0.00959950441,0.000256368125,0.152099457,-3.69409706,1691.32976
0.112033291,0.00646998704,-0.00397815811,0.000213142201,-0.0313891653,1.23212415,1717.33537
0.112097832,0.147429312,0.00812118943,0.000178340553,0.15429914,-3.69862395,1690.23267
0.112120728,0.00729285993,-0.0044582465,0.000268494843,-0.0309242893,1.25189142,1717.37526
0.11216411,0.147935415,0.00667078221,0.000117542,0.156360747,-3.7025921,1689.20534
0.112214452,0.00817490128,-0.00496555093,0.000334335162,-0.0304226699,1.27272305,1717.40515
0.112225941,0.148407569,0.00525390942,7.17918909e-05,0.158291182,-3.70584069,1688.2448
0.112271028,0.109085956,0.0151724318,0.0135925107,0.0545759557,-2.71780889,1709.16618
0.112283625,0.14884805,0.00387515163,3.90103161e-05,0.160097348,-3.70836897,1687.34763
0.112314915,0.00912036556,-0.00550066086,0.000412176124,-0.0298809371,1.29457936,1717.42187
0.11233744,0.149258983,0.00253814939,1.79534098e-05,0.161786067,-3.70937506,1686.51021
0.112364213,0.0646303672,-0.0140411403,0.012049696,0.0104980014,0.112245289,1709.04555
0.112387644,0.14964235,0.00124570896,5.39214188e-06,0.163364023,-3.72359888,1685.72888
0.112422602,0.0101338132,-0.00606395186,0.000503706797,-0.0292953316,1.3173842,1717.42178
0.112434481,0.15,0,0,0.164837607,-3.73694594,1685
0.112538032,0.0112201325,-0.00665552383,0.000610805589,-0.0286616504,1.34101387,1717.4007
0.112655745,0.112164181,0.01781309,0.0127913406,0.0594115743,-2.87024861,1709.43353
0.112661761,0.0123845633,-0.00727512747,0.000735552708,-0.0279751851,1.36528341,1717.35398
0.112794388,0.0136327222,-0.00792207551,0.000880241075,-0.0272306537,1.3899306,1717.27653
0.112936551,0.0149706296,-0.00859513741,0.00104738507,-0.0264221226,1.41459692,1717.16292
0.11294873,0.0696352464,-0.0123201793,0.0129949326,0.014849082,-0.181306576,1708.74127
0.113014656,0.115035914,0.0201846322,0.0119355752,0.0643380192,-3.00211214,1709.74486
0.113088937,0.0164047389,-0.00929241474,0.0012397259,-0.0255429217,1.43880549,1717.00754
0.113252279,0.0179419674,-0.0100111939,0.00146023233,-0.0245855515,1.46193632,1716.80486
0.11334949,0.117715008,0.0222618366,0.0110481406,0.0693432438,-3.11482454,1710.08855
0.113427367,0.0195897299,-0.0107477726,0.001712095,-0.0235415844,1.4831992,1716.54971
0.113575276,0.075,-0.00996484796,0.0138447857,0.0196495166,-0.512955795,1708.52285
0.113615044,0.0213559743,-0.0114972561,0.00199871219,-0.0224015601,1.50160474,1716.23765
0.113661863,0.120214384,0.0240282102,0.0101489384,0.0744089173,-3.20987219,1710.44432
0.113816216,0.0232492201,-0.0122533186,0.00232366381,-0.0211548808,1.5159351,1715.86551
0.113953282,0.1225461,0.0254753149,0.00925500868,0.0795121426,-3.28883149,1710.78176
0.114031854,0.0252785992,-0.013007922,0.00269066963,-0.0197897098,1.52471731,1715.43194
0.114201823,0.0803647536,-0.00708426955,0.0144910594,0.0246201721,-0.855666515,1708.39149
0.114225152,0.124721401,0.0266020655,0.00838018105,0.0846271429,-3.3536119,1711.06028
0.114262997,0.0274539002,-0.0137509889,0.00310353237,-0.0182928782,1.52620093,1714.93798
0.114478784,0.12675078,0.0274138213,0.00753577779,0.0897268085,-3.405604,1711.23187
0.11451076,0.0297856156,-0.0144700124,0.00356602892,-0.0166498096,1.5183119,1714.38756
0.114715403,0.128644026,0.0279213425,0.00673069863,0.0947840292,-3.4464657,1711.2468
0.114776338,0.0322849924,-0.0151495821,0.0040817578,-0.0148444714,1.49867218,1713.788
0.114786339,0.0853696328,-0.00393431799,0.0148737921,0.0294596599,-1.18017516,1708.33166
0.114936149,0.13041027,0.0281398672,0.00597128258,0.0997727841,-3.47858473,1711.0614
0.115061013,0.0349640862,-0.0157708317,0.00465398189,-0.0128593627,1.46465578,1713.15008
0.115142087,0.132058033,0.0280881271,0.00526195565,0.104668974,-3.50386672,1710.64731
0.115331646,0.0900387783,-0.000614659227,0.0150100099,0.0342143057,-1.48254534,1708.32251
0.11533421,0.133595261,0.0277873947,0.00460535711,0.109451008,-3.52395467,1709.99286
0.115366157,0.0378358195,-0.0163108069,0.00528538474,-0.0106755488,1.41339988,1712.48798
0.115513446,0.13502937,0.0272606281,0.00400267978,0.114100169,-3.54037837,1709.10462
0.115680658,0.136367278,0.0265317119,0.00345393341,0.118600795,-3.55429073,1708.0078
0.115693243,0.040914044,-0.0167416629,0.00597765982,-0.00827274629,1.34170488,1711.81868
0.115836653,0.137615437,0.0256248576,0.00295809031,0.122940297,-3.56661876,1706.73924
0.115840373,0.0943947116,0.00278270823,0.0149250738,0.0389313191,-1.75987397,1708.35343
0.115982184,0.138779867,0.0245640011,0.00251337232,0.127109074,-3.57810277,1705.34159
0.116043847,0.0442136074,-0.0170295433,0.00673096456,-0.00562945078,1.24605952,1711.16111
0.116117953,0.139866187,0.0233723553,0.0021174425,0.131100325,-3.58906236,1703.85804
0.116244614,0.140879634,0.0220720973,0.00176751486,0.134909816,-3.59963758,1702.32853
0.116314974,0.0984584434,0.00617479295,0.0146471064,0.0436543636,-2.01116108,1708.42194
0.116362779,0.141825099,0.0206840816,0.00146056365,0.138535602,-3.6099155,1700.78739
0.116419662,0.0477504251,-0.0171334431,0.00754313783,-0.00272307584,1.12291886,1710.53492
0.116473016,0.14270714,0.0192276696,0.00119339501,0.141977741,-3.61987506,1699.2624
0.11657586,0.143530013,0.0177206192,0.000962757506,0.145237998,-3.62945055,1697.77479
0.116671804,0.144297686,0.0161790287,0.000765416015,0.148319569,-3.63856264,1696.33981
0.116757738,0.102249575,0.00948775596,0.0142058833,0.0484199178,-2.23665618,1708.53049
0.116761312,0.145013864,0.0146173289,0.000598211171,0.151226814,-3.64713683,1694.96766
0.116822499,0.0515415566,-0.0170039834,0.00840868467,0.000469978596,0.968859827,1709.95921
0.116844816,0.145681998,0.0130483126,0.000458104004,0.153965016,-3.65511295,1693.66444
0.116922718,0.146305314,0.0114831929,0.000342208839,0.156540167,-3.66244809,1692.43309
0.116995394,0.146886817,0.00993168312,0.000247814929,0.158958772,-3.66911904,1691.2742
0.117063195,0.147429312,0.00840209161,0.00017240336,0.161227687,-3.67511853,1690.1867
0.117126448,0.147935415,0.00690142552,0.000113637716,0.163353977,-3.68050264,1689.16837
0.1171708,0.105786393,0.0126571918,0.0136311453,0.0532550217,-2.43725754,1708.68373
0.117185458,0.148407569,0.00543550005,6.94083643e-05,0.1653448,-3.68515756,1688.21624
0.11724051,0.14884805,0.00400904877,3.77173333e-05,0.167207305,-3.68910408,1687.32695
0.117254303,0.0556052884,-0.0165819709,0.00931697902,0.00397449713,0.780462106,1709.45107
0.117291868,0.149258983,0.00262582906,1.72780881e-05,0.168948559,-3.69176207,1686.49689
0.117339782,0.14964235,0.00128873802,5.19690739e-06,0.170575479,-3.70612779,1685.72245
0.117384481,0.15,0,0,0.172094688,-3.71876128,1685
0.117556154,0.109085956,0.0156283384,0.0129517457,0.0581762555,-2.61414616,1708.88596
0.117717155,0.0599612217,-0.015797266,0.0102515443,0.00781718718,0.555439076,1709.02437
0.117915659,0.112164181,0.0183562266,0.0121947017,0.0631897556,-2.76884673,1709.13887
0.118213288,0.0646303672,-0.0145663848,0.0111876243,0.0120285949,0.292234396,1708.68714
0.11824657,0,0,0,-0.0371294231,1.39043808,1717.73947
0.118251046,0.115035914,0.0208055559,0.0113844658,0.068292028,-2.90290985,1709.43931
0.118279922,0.000357650242,-0.000239065158,9.1110222e-07,-0.0369138382,1.39392874,1717.76549
0.118315672,0.000741017226,-0.000494146408,2.9876388e-06,-0.0366825401,1.40270787,1717.79285
0.118353993,0.00115195011,-0.000766205302,6.70624003e-06,-0.0364343109,1.41354579,1717.82133
0.118395069,0.00159243101,-0.0010562268,1.24458716e-05,-0.036167853,1.42518694,1717.85067
0.118439099,0.00206458457,-0.00136522476,2.05642473e-05,-0.0358817562,1.43763465,1717.88047
0.118486294,0.0025706882,-0.00169423604,3.14993271e-05,-0.0355744853,1.45091977,1717.91022
0.118536883,0.00311318307,-0.00204431353,4.57477459e-05,-0.0352443659,1.46507662,1717.93921
0.118563936,0.117715008,0.0229504245,0.0105429751,0.0734713087,-3.01775317,1709.77688
0.11859111,0.00369468589,-0.00241651653,6.38767667e-05,-0.0348895678,1.48013959,1717.96657
0.118649236,0.00431800152,-0.00281189844,8.65322715e-05,-0.0345080868,1.49614421,1717.99118
0.118711541,0.00498613648,-0.00323149158,0.000114448635,-0.0340977226,1.51312005,1718.01164
0.118745096,0.0696352464,-0.0127914519,0.0120875986,0.0166472992,-0.00974719518,1708.44013
0.118778327,0.0057023135,-0.00367628818,0.000148458479,-0.0336560543,1.53108786,1718.02623
0.118849914,0.00646998704,-0.00414721638,0.000189503117,-0.033180412,1.55005685,1718.03289
0.118855837,0.120214384,0.0247739709,0.00968928408,0.0787092426,-3.11489273,1710.13172
0.118926649,0.00729285993,-0.0046451119,0.00023864699,-0.0326678437,1.57002214,1718.02914
0.119008902,0.00817490128,-0.00517068351,0.000297082369,-0.0321150778,1.59093153,1718.01207
0.119097069,0.00912036556,-0.00572446977,0.000366139762,-0.0315184797,1.61272713,1717.9783
0.119128157,0.1225461,0.0262676558,0.00883972476,0.0839826809,-3.19578598,1710.47282
0.119191576,0.0101338132,-0.00630678775,0.000447317021,-0.0308740029,1.63532513,1717.92398
0.119292878,0.0112201325,-0.00691767145,0.000542282788,-0.0301771323,1.65855221,1717.84477
0.119315143,0.075,-0.0103620951,0.0129026137,0.0217278087,-0.349104071,1708.27644
0.119382209,0.124721401,0.0274305277,0.0080075987,0.0892654404,-3.26236806,1710.75847
0.119401465,0.0123845633,-0.00755679795,0.000652879973,-0.0294228213,1.68218328,1717.7359
0.119517859,0.0136327222,-0.00822339973,0.000781146081,-0.0286054203,1.70591491,1717.59228
0.119619219,0.12675078,0.0282683029,0.00720385057,0.0945299159,-3.31651421,1710.93925
0.119642623,0.0149706296,-0.00891616081,0.000929322883,-0.0277185975,1.72934007,1717.40858
0.119776357,0.0164047389,-0.00963309348,0.00109986238,-0.0267552518,1.75192644,1717.17948
0.11984033,0.128644026,0.0287921765,0.0064368959,0.0997484636,-3.35966741,1710.96423
0.11988519,0.0803647536,-0.00739088067,0.0135297581,0.0269718531,-0.698197935,1708.18872
0.119919708,0.0179419674,-0.0103713934,0.00129543232,-0.025707418,1.77299851,1716.89997
0.120046608,0.13041027,0.0290178492,0.00571282267,0.10489453,-3.3939298,1710.78909
0.120073366,0.0195897299,-0.0111272686,0.00151892106,-0.0245661685,1.79171113,1716.56565
0.120238073,0.0213559743,-0.0118957379,0.00177343243,-0.0233215066,1.80701631,1716.17327
0.120239049,0.132058033,0.0289646566,0.00503608691,0.109943516,-3.42141972,1710.38529
0.120414624,0.0232492201,-0.0126703922,0.00206226781,-0.0219622619,1.81764183,1715.7212
0.120416998,0.0853696328,-0.00414208869,0.0139097486,0.0320613698,-1.02762823,1708.15671
0.120418581,0.133595261,0.0286545805,0.00440924329,0.114873385,-3.44381689,1709.74132
0.12058607,0.13502937,0.0281113255,0.00383353876,0.119665047,-3.46258105,1708.86411
0.120603869,0.0252785992,-0.0134431122,0.00238891608,-0.0204759926,1.82207928,1715.21003
0.120742324,0.136367278,0.0273595814,0.00330903878,0.124302537,-3.47870429,1707.77917
0.120806722,0.0274539002,-0.0142037274,0.00275699638,-0.0188488948,1.81851334,1714.6431
0.120888095,0.137615437,0.0264243282,0.00283487503,0.128773045,-3.49330528,1706.52349
0.120913131,0.0900387783,-0.000718845732,0.0140572726,0.0370465458,-1.33368786,1708.16056
0.121024161,0.0297856156,-0.0149396107,0.00317014598,-0.0170657336,1.8048427,1714.02695
0.121024089,0.138779867,0.025330245,0.00240941263,0.133066823,-3.50714851,1705.13963
0.121150959,0.139866187,0.0241012879,0.00203042603,0.137176997,-3.52039909,1703.67059
0.121257234,0.0322849924,-0.0156351969,0.00363195256,-0.015109803,1.77872806,1713.3715
0.121269319,0.140879634,0.02276033,0.00169533093,0.141099322,-3.53323118,1702.15604
0.121375983,0.0943947116,0.00278375751,0.0139955423,0.041978312,-1.61387685,1708.19209
0.121379739,0.141825099,0.0213288861,0.00140127137,0.144831901,-3.54572592,1700.63003
0.121482752,0.14270714,0.0198269295,0.00114522612,0.148374888,-3.55785724,1699.12008
0.121507067,0.0349640862,-0.0162713909,0.00414580093,-0.0129629265,1.7375072,1712.69002
0.121578855,0.143530013,0.0182727766,0.00092411128,0.151730187,-3.56955449,1697.64718
0.121668511,0.144297686,0.0166830304,0.000734852644,0.154901163,-3.58073316,1696.22644
0.121752153,0.145013864,0.0150725727,0.000574443647,0.157892376,-3.59131276,1694.86793
0.121774864,0.0378358195,-0.0168248636,0.0047146037,-0.0106055083,1.67832714,1711.99867
0.121807786,0.0984584434,0.0062800047,0.0137505171,0.0469036672,-1.8674513,1708.25169
0.121830184,0.145681998,0.0134545949,0.000439989059,0.160709324,-3.60122737,1693.57768
0.121902981,0.146305314,0.011840659,0.000328737013,0.163358228,-3.61042998,1692.35861
0.121970894,0.146886817,0.0102407801,0.000238099938,0.165845831,-3.61889534,1691.2113
0.122034252,0.147429312,0.00866352421,0.000165671236,0.168179234,-3.62661524,1690.13467
0.122061917,0.040914044,-0.0172673365,0.00534053005,-0.0080166407,1.5983287,1711.3157
0.122093359,0.147935415,0.00711611588,0.000109216729,0.170365744,-3.63364145,1689.12652
0.122148502,0.148407569,0.00560455048,6.67178881e-05,0.172412759,-3.63986655,1688.18394
0.122199945,0.14884805,0.00413370862,3.62620574e-05,0.174327666,-3.64531674,1687.30356
0.122210624,0.102249575,0.0096937734,0.0133499887,0.0518619276,-2.0948254,1708.34477
0.122247938,0.149258983,0.00270746755,1.66025926e-05,0.176117759,-3.6494735,1686.48184
0.122292711,0.14964235,0.00132880602,4.99196708e-06,0.177790178,-3.66471914,1685.71518
0.122334481,0.15,0,0,0.179351769,-3.67748524,1685
0.12236961,0.0442136074,-0.0175646301,0.00602448847,-0.00517425959,1.49427582,1710.66044
0.122586438,0.105786393,0.0129588053,0.0128218838,0.0568824326,-2.29708408,1708.47866
0.122699428,0.0477504251,-0.0176744108,0.00676547977,-0.00205531559,1.36264281,1710.05211
0.122937043,0.109085956,0.016018881,0.0121932934,0.0619835229,-2.47553547,1708.66029
0.123052962,0.0515415566,-0.0175452102,0.00755914369,0.00136412155,1.20001797,1709.50861
0.123264128,0.112164181,0.0188278458,0.0114897208,0.0671725928,-2.63177031,1708.89371
0.123431916,0.0556052884,-0.0171167009,0.00839702825,0.00510899644,1.00311298,1709.04523
0.123569273,0.115035914,0.0213495573,0.0107344121,0.0724469624,-2.7672653,1709.17767
0.123838118,0.0599612217,-0.0163168587,0.00926476416,0.00920598224,0.770049115,1708.67328
0.123853947,0.117715008,0.0235576164,0.00994817815,0.0777953104,-2.88362075,1709.50304
0.124119526,0.120214384,0.0254348262,0.00914904428,0.0831994288,-2.98246927,1709.85038
0.124273529,0.0646303672,-0.0150589813,0.0101400537,0.0136853947,0.499415536,1708.39687
0.124367289,0.1225461,0.0269725874,0.0083524266,0.0886360928,-3.06513605,1710.18824
0.124598432,0.124721401,0.0281700411,0.00757117172,0.0940788876,-3.13338878,1710.47386
0.124740248,0.0696352464,-0.0132418269,0.0109888244,0.0185854413,0.190599334,1708.21154
0.124814069,0.12675078,0.0290330804,0.00681559063,0.0994998787,-3.189728,1710.65667
0.125015241,0.128644026,0.0295733249,0.0060936009,0.104871045,-3.23551829,1710.68487
0.125202919,0.13041027,0.0298069723,0.00541121033,0.110165444,-3.27215151,1710.51373
0.125240526,0.075,-0.0107513465,0.0117657086,0.0239603425,-0.154701572,1708.10481
0.125378006,0.132058033,0.0297538939,0.00477278599,0.115358103,-3.30201315,1710.11475
0.125539452,0,0,0,-0.0394193879,1.74879045,1718.83299
0.125541349,0.133595261,0.029436688,0.0041809115,0.12042665,-3.3268995,1709.47677
0.125567217,0.000357650242,-0.000247240443,7.66269185e-07,-0.0391810643,1.75267133,1718.8376
0.12559698,0.000741017226,-0.000510908704,2.49495463e-06,-0.0389254194,1.76193176,1718.84204
0.125628882,0.00115195011,-0.000791967045,5.61769734e-06,-0.0386511257,1.77291119,1718.84598
0.125663078,0.00159243101,-0.00109140464,1.04233823e-05,-0.0383567643,1.7846912,1718.84903
0.125693734,0.13502937,0.0288797232,0.00363690522,0.125351711,-3.3480805,1708.60724
0.125699733,0.00206458457,-0.00141023702,1.72192639e-05,-0.0380407951,1.7972537,1718.85065
0.125739023,0.0025706882,-0.00174949996,2.63709975e-05,-0.0377015436,1.81062766,1718.8502
0.125740804,0.0803647536,-0.00770273558,0.0123735186,0.0294915177,-0.508351304,1708.06056
0.125781139,0.00311318307,-0.00211024225,3.82921267e-05,-0.0373371852,1.82481815,1718.84682
0.125826283,0.00369468589,-0.00249351576,5.34517797e-05,-0.0369457289,1.8398626,1718.83946
0.125835897,0.136367278,0.0281084216,0.00314089284,0.1301171,-3.36685177,1707.53197
0.125874674,0.00431800152,-0.00290036322,7.23915228e-05,-0.0365249969,1.85580027,1718.82684
0.125926543,0.00498613648,-0.00333180254,9.57245805e-05,-0.0360726027,1.8726253,1718.80736
0.125968524,0.137615437,0.027148442,0.00269211864,0.134709848,-3.3843369,1706.28793
0.125982143,0.0057023135,-0.00378880783,0.000124140744,-0.0355859242,1.89035063,1718.77913
0.12604174,0.00646998704,-0.00427228632,0.000158431296,-0.035062075,1.90899397,1718.73987
0.126092254,0.138779867,0.0260251184,0.00228913486,0.139120112,-3.40095355,1704.91748
0.126105622,0.00729285993,-0.00478304917,0.000199493223,-0.0344978691,1.9285047,1718.68691
0.126174098,0.00817490128,-0.00532177583,0.000248316258,-0.0338897826,1.94878955,1718.61716
0.126207522,0.0853696328,-0.00436778564,0.0127534503,0.0348430717,-0.840871238,1708.05407
0.126207684,0.139866187,0.0247630835,0.00192991106,0.14334098,-3.41694422,1703.46327
0.126247498,0.00912036556,-0.00588897282,0.00030601173,-0.0332339083,1.96979438,1718.52706
0.126315371,0.140879634,0.0233858479,0.00161208343,0.147368225,-3.43251972,1701.96449
0.126326175,0.0101338132,-0.00648492448,0.000373844672,-0.0325259048,1.99140156,1718.41263
0.12641051,0.0112201325,-0.00710963221,0.000453224687,-0.0317609388,2.01340142,1718.26945
0.126415834,0.141825099,0.0219155265,0.00133299637,0.151200019,-3.44771664,1700.45476
0.126500909,0.0123845633,-0.0077627419,0.000545713606,-0.0309336192,2.03553138,1718.09278
0.126509557,0.14270714,0.020372651,0.00108984059,0.154836621,-3.46249059,1698.96122
0.126596994,0.143530013,0.0187760509,0.000879736397,0.158280079,-3.47675923,1697.50455
0.126597808,0.0136327222,-0.0084434585,0.000653047807,-0.0300379247,2.05744731,1717.87762
0.126642933,0.0900387783,-0.000853062342,0.0129174287,0.040068916,-1.14891982,1708.0674
0.126678566,0.144297686,0.0171427953,0.000699804923,0.161533931,-3.49042994,1696.09961
0.126701675,0.0149706296,-0.00915044459,0.000777150557,-0.0290671221,2.07869789,1717.61895
0.126754665,0.145013864,0.0154881845,0.000547223661,0.164602928,-3.50341661,1694.75631
0.12681301,0.0164047389,-0.0098817,0.000920142228,-0.0280136775,2.09870395,1717.31199
0.126825659,0.145681998,0.0138257816,0.000419268935,0.167492778,-3.51564987,1693.48057
0.126891892,0.146305314,0.0121674749,0.000313347208,0.170209924,-3.52708057,1692.27524
0.12693235,0.0179419674,-0.0106344194,0.00108435229,-0.0268691602,2.11674199,1716.95248
0.126953681,0.146886817,0.0105235623,0.000227015897,0.172761337,-3.53768209,1691.14088
0.127011325,0.147429312,0.00890285224,0.000158000243,0.175154346,-3.54744551,1690.07643
0.127049136,0.0943947116,0.0027432401,0.012886023,0.0452235964,-1.43039086,1708.09606
0.127060272,0.0195897299,-0.0114048241,0.00127233297,-0.0256241426,2.13191909,1716.53715
0.127065103,0.147935415,0.00731277393,0.000104185327,0.177396489,-3.55642202,1689.07971
0.127115273,0.148407569,0.00575949299,6.36593444e-05,0.179495392,-3.56450713,1688.1478
0.127162077,0.14884805,0.00424802863,3.46057924e-05,0.181458664,-3.57172658,1687.27741
0.127197391,0.0213559743,-0.0121879615,0.00148686517,-0.0242680947,2.14314222,1716.06421
0.127205742,0.149258983,0.00278236881,1.5858236e-05,0.183293814,-3.5775563,1686.46501
0.127246478,0.14964235,0.00136558283,4.77007654e-06,0.18500819,-3.59396006,1685.70705
0.127284481,0.15,0,0,0.18660885,-3.60707317,1685
0.127344371,0.0232492201,-0.0129774658,0.00173095476,-0.0227892769,2.14910143,1715.53391
0.12742809,0.0984584434,0.00633276821,0.0126825845,0.0503573767,-1.68477481,1708.14407
0.127501919,0.0252785992,-0.0137652717,0.00200784058,-0.0211746448,2.14826225,1714.94905
0.127670795,0.0274539002,-0.0145412638,0.00232095261,-0.0194097611,2.1387991,1714.31542
0.127781623,0.102249575,0.00983721915,0.0123324791,0.0555123879,-1.91267299,1708.21921
0.127851814,0.0297856156,-0.0152928539,0.00267383941,-0.0174787312,2.11865093,1713.64209
0.12804585,0.0322849924,-0.0160044721,0.0030701557,-0.0153641694,2.08555048,1712.94134
0.128111441,0.105786393,0.0131885215,0.0118615416,0.0607203016,-2.11530681,1708.33106
0.128253837,0.0349640862,-0.0166569315,0.00351351959,-0.0130472094,2.03689945,1712.22834
0.128419134,0.109085956,0.0163290332,0.0112948932,0.066001303,-2.29420174,1708.48891
0.12847678,0.0378358195,-0.017226607,0.00400724014,-0.0105075683,1.9697776,1711.52044
0.128706187,0.112164181,0.019211551,0.0106561501,0.0713641736,-2.4510228,1708.69906
0.128715753,0.040914044,-0.0176844594,0.00455368517,-0.00772367107,1.88126582,1710.8363
0.12897191,0.0442136074,-0.0179955529,0.00515559191,-0.00467283043,1.77000089,1710.19483
0.128973984,0.115035914,0.0217992183,0.0099670787,0.0768072133,-2.58724674,1708.96208
0.129223817,0.117715008,0.0240651899,0.00924708141,0.0823197352,-2.70458746,1709.27006
0.129246486,0.0477504251,-0.0181173822,0.00581277672,-0.00133144762,1.63180073,1709.61433
0.129456891,0.120214384,0.0259920318,0.0085130795,0.0878838851,-2.80456657,1709.60392
0.129540805,0.0515415566,-0.0179981625,0.00652177119,0.00232485421,1.4602926,1709.11134
0.12967433,0.1225461,0.0275710593,0.00777960145,0.0934765753,-2.88874098,1709.93184
0.129856287,0.0556052884,-0.0175756292,0.00727741394,0.00632132083,1.25477377,1708.69954
0.129877182,0.124721401,0.028801415,0.00705879249,0.0990713698,-2.95883186,1710.21018
0.130066428,0.12675078,0.0296891774,0.00636018252,0.104640203,-3.01705426,1710.3875
0.130194453,0.0599612217,-0.0167740742,0.00806754794,0.0106847465,1.01530711,1708.38767
0.130242978,0.128644026,0.0302464296,0.00569152437,0.11015486,-3.06528143,1710.41147
0.130407685,0.13041027,0.0304896269,0.00505860666,0.115588178,-3.10470219,1710.2374
0.130556935,0.0646303672,-0.015503348,0.00887304766,0.0154453804,0.739201015,1708.17564
0.130561343,0.132058033,0.0304388964,0.00446544064,0.120914956,-3.13738399,1709.83707
0.130704694,0.133595261,0.0301174437,0.00391483985,0.126112614,-3.16517702,1709.19999
0.130838429,0.13502937,0.0295503801,0.00340809543,0.131161598,-3.18932822,1708.33431
0.130945482,0.0696352464,-0.0136593964,0.00966376014,0.020641194,0.425754594,1708.05377
0.130963192,0.136367278,0.0287637104,0.00294550329,0.136045583,-3.21147097,1707.26608
0.131079587,0.137615437,0.0277835941,0.0025264774,0.14075151,-3.23249335,1706.0322
0.131188173,0.138779867,0.0266359745,0.00214972733,0.145269489,-3.25252464,1704.67462
0.131289475,0.139866187,0.0253460608,0.00181353841,0.149592611,-3.27190118,1703.23541
0.131361966,0.075,-0.0111248731,0.010398785,0.0263261662,0.0768428403,1708.00353
0.131383982,0.140879634,0.0239379204,0.00151579257,0.153716692,-3.29081568,1701.75317
0.131472149,0.141825099,0.0224342026,0.00125409335,0.157639983,-3.30928389,1700.26089
0.131554402,0.14270714,0.0208559407,0.00102588526,0.161362862,-3.32724578,1698.78518
0.131631137,0.143530013,0.0192224283,0.000828533525,0.164887521,-3.34460867,1697.34629
0.131702725,0.144297686,0.0175511586,0.000659391746,0.168217666,-3.36127219,1695.95877
0.13176951,0.145013864,0.0158578151,0.000515855559,0.171358232,-3.37714466,1694.6323
0.131778451,0.0803647536,-0.00801636441,0.0109870991,0.0321601329,-0.279040363,1707.99851
0.131831816,0.145681998,0.0141563037,0.00039540386,0.174315129,-3.392153,1693.37265
0.131889941,0.146305314,0.012458815,0.000295629513,0.177095006,-3.40624598,1692.1826
0.131944168,0.146886817,0.0107759115,0.00021426009,0.17970505,-3.41939618,1691.06266
0.131994757,0.147429312,0.00911663001,0.000149174991,0.182152803,-3.43159498,1690.01175
0.132041953,0.147935415,0.00748859402,9.83983933e-05,0.184446022,-3.44289335,1689.02772
0.132085983,0.148407569,0.00589813252,6.01425511e-05,0.186592541,-3.45318988,1688.10769
0.132127059,0.14884805,0.00435039952,3.27034483e-05,0.188600178,-3.46250926,1687.24839
0.132165379,0.149258983,0.00284949211,1.50037828e-05,0.190476642,-3.47032976,1686.44635
0.132166998,0.0853696328,-0.00461188697,0.0113702,0.0377879135,-0.612410486,1708.01217
0.132201129,0.14964235,0.00139856505,4.51293825e-06,0.192229475,-3.48816524,1685.69805
0.132234481,0.15,0,0,0.193865931,-3.50173824,1685
0.13252948,0.0900387783,-0.00102142114,0.0115567692,0.0432668166,-0.920366221,1708.03166
0.132867646,0.0943947116,0.00265381442,0.0115640936,0.048654746,-1.20117933,1708.05567
0.133183128,0.0984584434,0.0063228048,0.0114124463,0.0540050504,-1.45458051,1708.09088
0.13324673,0,0,0,-0.0418394731,2.15400788,1719.98859
0.133267921,0.000357650242,-0.000251450415,5.76577006e-07,-0.0415767099,2.15815263,1719.96873
0.133290636,0.000741017226,-0.00051950296,1.85075485e-06,-0.0412949037,2.16756378,1719.94697
0.133314985,0.00115195011,-0.00080511224,4.1887496e-06,-0.0409926121,2.1782498,1719.92287
0.133341084,0.00159243101,-0.00110926344,7.76759788e-06,-0.0406682886,2.18970049,1719.8959
0.13336906,0.00206458457,-0.00143296712,1.28302526e-05,-0.0403202563,2.20189478,1719.8654
0.133399047,0.0025706882,-0.00177725294,1.96508595e-05,-0.0399466942,2.21483517,1719.83056
0.133431191,0.00311318307,-0.0021431621,2.85366737e-05,-0.0395456211,2.22851016,1719.79038
0.133465646,0.00369468589,-0.00253173778,3.98364042e-05,-0.0391148778,2.24295533,1719.74365
0.133477447,0.102249575,0.00990507693,0.0111243794,0.059362583,-1.68136979,1708.14712
0.133502578,0.00431800152,-0.00294401337,5.39573845e-05,-0.0386521066,2.25819932,1719.68891
0.133542167,0.00498613648,-0.00338099718,7.13607691e-05,-0.0381547276,2.27422027,1719.62439
0.133584601,0.0057023135,-0.00384365398,9.25649225e-05,-0.0376199116,2.29101552,1719.54802
0.133630087,0.00646998704,-0.0043328828,0.000118169959,-0.0370445495,2.30858434,1719.45736
0.133678844,0.00729285993,-0.00484948886,0.000148856606,-0.0364252163,2.3268491,1719.34958
0.133731106,0.00817490128,-0.00539414953,0.000185378851,-0.0357581312,2.34571324,1719.22145
0.133752023,0.105786393,0.0133308917,0.0107230942,0.0647613426,-1.88293932,1708.23596
0.133787127,0.00912036556,-0.00596737479,0.000228595062,-0.0350391106,2.36509168,1719.06931
0.133847175,0.0101338132,-0.00656945909,0.000279482319,-0.0342635162,2.38481575,1718.88914
0.133911541,0.0112201325,-0.00720042338,0.000339136613,-0.033426195,2.40466198,1718.67656
0.133980536,0.0123845633,-0.00785994654,0.000408791371,-0.0325214122,2.42433635,1718.42699
0.134008179,0.109085956,0.0165413386,0.0102314081,0.0702234348,-2.06096614,1708.36865
0.134054491,0.0136327222,-0.00854728314,0.000489832762,-0.0315427767,2.44345689,1718.13575
0.134133765,0.0149706296,-0.0092611655,0.000583816614,-0.0304831576,2.46153538,1717.79835
0.134218738,0.0164047389,-0.00999968716,0.000692486727,-0.0293345945,2.47795808,1717.41077
0.134247153,0.112164181,0.0194883461,0.00967084062,0.0757591702,-2.21719505,1708.55347
0.134309821,0.0179419674,-0.0107601636,0.000817794588,-0.0280881986,2.49196494,1716.96981
0.134407454,0.0195897299,-0.0115389653,0.000961919893,-0.026734051,2.50262862,1716.47364
0.134470096,0.115035914,0.0221344064,0.0090612665,0.0813680231,-2.35332133,1708.79265
0.134512107,0.0213559743,-0.0123313176,0.00112729087,-0.0252610956,2.50883464,1715.92225
0.134624285,0.0232492201,-0.0131310593,0.00131660307,-0.023657034,2.50926437,1715.31799
0.134678083,0.117715008,0.0244521729,0.00842047823,0.0870401716,-2.47100637,1709.07928
0.134744529,0.0252785992,-0.0139303482,0.00153283337,-0.021908226,2.5023815,1714.66596
0.134872119,0.120214384,0.0264239685,0.00776415904,0.0927583665,-2.57170303,1709.39453
0.134873419,0.0274539002,-0.0147193063,0.00177924539,-0.0199996041,2.48642439,1713.97435
0.135011577,0.0297856156,-0.0154855789,0.00205937574,-0.0179146098,2.45940305,1713.2544
0.135053138,0.1225461,0.0280409839,0.00710578957,0.0984999152,-2.6571102,1709.70622
0.13515967,0.0322849924,-0.0162137825,0.00237700298,-0.015635163,2.41911299,1712.52012
0.135222014,0.124721401,0.0293023228,0.00645660703,0.104238612,-2.72877705,1709.97
0.13531841,0.0349640862,-0.0168848292,0.00273606485,-0.0131416774,2.36314508,1711.7877
0.135379562,0.12675078,0.0302140964,0.0058259182,0.109946499,-2.78838918,1710.13394
0.135488565,0.0378358195,-0.0174750905,0.00314068152,-0.0104131317,2.288803,1711.0747
0.135526541,0.128644026,0.0307886867,0.00522044858,0.115595384,-2.84020988,1710.14569
0.135663661,0.13041027,0.0310432231,0.00464573329,0.121158076,-2.88439154,1709.9611
0.135670955,0.040914044,-0.0179552531,0.00359397977,-0.00742720361,2.19229571,1710.39926
0.135791583,0.132058033,0.03099803,0.00410607402,0.126609316,-2.91997113,1709.55264
0.13586646,0.0442136074,-0.0182891305,0.00409936753,-0.00416045912,2.07098243,1709.7794
0.135910923,0.133595261,0.0306765803,0.00360399644,0.131926449,-2.94991901,1708.91081
0.136022258,0.13502937,0.0301044347,0.00314117563,0.137089856,-2.97758635,1708.04469
0.136076022,0.0477504251,-0.0184335389,0.00465621082,-0.000588579725,1.92366137,1709.23238
0.136126125,0.136367278,0.0293078241,0.00271793818,0.142083164,-3.00427311,1706.98059
0.136223024,0.137615437,0.0283133836,0.00233374993,0.146893289,-3.02952151,1705.75516
0.136300653,0.0515415566,-0.0183363953,0.00526463068,0.00331345263,1.74730981,1708.77385
0.136313423,0.138779867,0.0271475994,0.00198772715,0.151510344,-3.05372315,1704.40979
0.136397757,0.139866187,0.025836178,0.00167847643,0.155927453,-3.07729253,1702.98578
0.136476435,0.140879634,0.0244036685,0.00140417473,0.160140495,-3.10034326,1701.52086
0.136541436,0.0556052884,-0.0179330786,0.00592476417,0.00757142158,1.5391754,1708.41642
0.136549835,0.141825099,0.0228731818,0.00116274232,0.164147813,-3.12286005,1700.04725
0.136618311,0.14270714,0.0212661871,0.000951929327,0.167949901,-3.1447641,1698.59087
0.136682193,0.143530013,0.0196023858,0.000769394367,0.171549092,-3.16594775,1697.17144
0.13674179,0.144297686,0.0178996472,0.000612768916,0.174949247,-3.18629881,1695.80307
0.13679739,0.145013864,0.0161739987,0.000479708767,0.178155478,-3.20571784,1694.49516
0.136799532,0.0599612217,-0.017144793,0.00662582401,0.0122125429,1.2967145,1708.16628
0.136849259,0.145681998,0.0144396563,0.000367933655,0.181173878,-3.22412718,1693.2533
0.136897649,0.146305314,0.0127090882,0.000275257379,0.184011289,-3.2414734,1692.08015
0.136942794,0.146886817,0.0109931017,0.000199608608,0.186675093,-3.25772864,1690.97616
0.136984909,0.147429312,0.00930094729,0.000139048415,0.189173032,-3.27288525,1689.94025
0.1370242,0.147935415,0.00764043294,9.17644898e-05,0.191513059,-3.28699445,1688.97027
0.137060855,0.148407569,0.00601804448,5.61146624e-05,0.193703205,-3.29995816,1688.06338
0.137076187,0.0646303672,-0.0158788153,0.00735168433,0.0172673201,1.01755051,1708.01891
0.137095051,0.14884805,0.00443906745,3.05267336e-05,0.195751476,-3.31180011,1687.21634
0.137126953,0.149258983,0.00290770717,1.40274288e-05,0.197665769,-3.32200316,1686.42574
0.137156715,0.14964235,0.00142720553,4.21863433e-06,0.199453802,-3.34158834,1685.6881
0.137184481,0.15,0,0,0.201123012,-3.35574742,1685
0.137372735,0.0696352464,-0.014028126,0.00807663817,0.0227737649,0.702157843,1707.95916
0.137690605,0.075,-0.0114717154,0.0087653677,0.0287857851,0.352624652,1707.96045
0.138008476,0.0803647536,-0.00832593783,0.00933396892,0.0349402568,-0.00248876492,1707.98869
0.138305024,0.0853696328,-0.00487332468,0.00972394515,0.0408609091,-0.333908027,1708.01839
0.138581678,0.0900387783,-0.00122727798,0.00994012214,0.0466078664,-0.639193478,1708.0413
0.138839775,0.0943947116,0.00250795499,0.00999591334,0.0522419366,-0.917000666,1708.05935
0.139080557,0.0984584434,0.00623882109,0.00990781127,0.0578192344,-1.1673048,1708.08131
0.139305188,0.102249575,0.00988278717,0.00969503555,0.0633871553,-1.39110821,1708.11898
0.139514751,0.105786393,0.013368579,0.00937766788,0.0689819764,-1.58996331,1708.18555
0.139710255,0.109085956,0.0166361473,0.00897576526,0.074627789,-1.76568311,1708.29377
0.139892645,0.112164181,0.0196365432,0.00850848113,0.0803365937,-1.92012047,1708.45331
0.1400628,0.115035914,0.0223316642,0.00799356351,0.0861092706,-2.05507303,1708.66757
0.140221541,0.117715008,0.0246938073,0.00744701974,0.0919371427,-2.17224363,1708.93032
0.140369633,0.120214384,0.0267050261,0.00688295351,0.0978038726,-2.2732815,1709.22282
0.140507791,0.1225461,0.0283563364,0.00631351712,0.103687476,-2.35984279,1709.5125
0.140636682,0.124721401,0.0296468235,0.00574877863,0.109562285,-2.43345748,1709.75449
0.140756926,0.12675078,0.0305825227,0.00519776975,0.11540073,-2.49457926,1709.89682
0.140869104,0.128644026,0.0311755079,0.00466685432,0.121174893,-2.5467033,1709.88781
0.140973757,0.13041027,0.0314433191,0.00416182545,0.126857766,-2.59453676,1709.68447
0.141071389,0.132058033,0.0314073421,0.00368621729,0.132424224,-2.63516275,1709.2605
0.141162473,0.133595261,0.0310912118,0.00324149044,0.137851698,-2.67000531,1708.60782
0.141247446,0.13502937,0.030519975,0.00283012399,0.143120618,-2.70406684,1707.73665
0.141326719,0.136367278,0.029719942,0.00245275255,0.14821465,-2.73634458,1706.67352
0.141391951,0,0,0,-0.0443970725,2.60389952,1721.2098
0.141400675,0.137615437,0.0287182467,0.00210920642,0.153120741,-2.76659937,1705.45474
0.141405524,0.000357650242,-0.0002499099,3.38082849e-07,-0.0441085535,2.60805469,1721.1623
0.141420072,0.000741017226,-0.000516274836,1.01553292e-06,-0.0437991832,2.61712355,1721.11096
0.141435668,0.00115195011,-0.000800034944,2.33005021e-06,-0.0434674007,2.62699882,1721.05522
0.141452384,0.00159243101,-0.00110216432,4.32765629e-06,-0.0431115272,2.6375169,1720.99441
0.141469669,0.138779867,0.0275417702,0.00179911278,0.157829045,-2.79589002,1704.12092
0.141470302,0.00206458457,-0.0014236631,7.1569846e-06,-0.0427297446,2.64869615,1720.92775
0.141489509,0.0025706882,-0.00176555163,1.09766311e-05,-0.0423200813,2.66052283,1720.85425
0.141510097,0.00311318307,-0.00212886364,1.59650506e-05,-0.041880395,2.67299172,1720.77278
0.141532165,0.00369468589,-0.00251463734,2.23273552e-05,-0.0414083547,2.68611671,1720.68197
0.141534036,0.139866187,0.0262165934,0.00152134389,0.162332736,-2.82457508,1702.71233
0.14155582,0.00431800152,-0.00292390423,3.03018853e-05,-0.0409014192,2.6998988,1720.58019
0.141581176,0.00498613648,-0.00335767527,4.01627915e-05,-0.0403568126,2.71432645,1720.46553
0.141594084,0.140879634,0.024767644,0.00127442985,0.166627764,-2.85269666,1701.26564
0.141608355,0.0057023135,-0.00381692383,5.2225566e-05,-0.0397714961,2.72937458,1720.33578
0.141637488,0.00646998704,-0.00430256433,6.6853361e-05,-0.0391421367,2.74499917,1720.18836
0.141650104,0.141825099,0.0232184015,0.00105665171,0.170712559,-2.88018762,1699.81208
0.141668716,0.00729285993,-0.00481542729,8.44640879e-05,-0.0384650703,2.76113206,1720.02036
0.14170219,0.00817490128,-0.00535622926,0.000105538941,-0.0377362602,2.77767476,1719.82847
0.141702367,0.14270714,0.0215906885,0.000866119514,0.174587723,-2.90693782,1698.3767
0.141738071,0.00912036556,-0.00592553474,0.000130632298,-0.0369512493,2.79448942,1719.60904
0.141751123,0.143530013,0.0199045429,0.00070083923,0.17825571,-2.9328161,1696.97854
0.141776531,0.0101338132,-0.00652371101,0.000160383118,-0.0361051066,2.81138937,1719.35812
0.141796609,0.144297686,0.0181781524,0.000558772099,0.181720522,-2.95769475,1695.63122
0.141817757,0.0112201325,-0.00715087467,0.000195528474,-0.0351923659,2.82812811,1719.07155
0.141839044,0.145013864,0.0164278424,0.00043788225,0.184987423,-2.9814643,1694.34378
0.141861948,0.0123845633,-0.00780682712,0.000236919572,-0.0342069572,2.84438567,1718.74507
0.141878632,0.145681998,0.0146681031,0.000336174608,0.188062668,-3.00404121,1693.12156
0.141909315,0.0136327222,-0.00849097684,0.000285540397,-0.0331421306,2.85975371,1718.37455
0.141915565,0.146305314,0.0129116527,0.000251724223,0.190953269,-3.02536906,1691.96708
0.14195002,0.146886817,0.0111695231,0.000182697201,0.193666784,-3.04541933,1690.88072
0.141960089,0.0149706296,-0.00920224602,0.000342529608,-0.0319903709,2.87371903,1717.95627
0.141982163,0.147429312,0.0094511649,0.000127368703,0.196211136,-3.06418587,1689.86139
0.142012151,0.147935415,0.00776456173,8.41186243e-05,0.198594452,-3.0817209,1688.90693
0.142014514,0.0164047389,-0.00993895824,0.000409206009,-0.0307433057,2.88564619,1717.48726
0.142040127,0.148407569,0.00611635189,5.14755859e-05,0.200824943,-3.09793042,1688.01454
0.142066226,0.14884805,0.00451195151,2.80215945e-05,0.202910788,-3.11283755,1687.18103
0.142072852,0.0179419674,-0.0106987029,0.000487097903,-0.0293916056,2.89475955,1716.96571
0.142090575,0.149258983,0.00295567608,1.29055531e-05,0.204860052,-3.12593028,1686.40304
0.14211329,0.14964235,0.00145085882,3.88052902e-06,0.206680618,-3.14768243,1685.67716
0.142134481,0.15,0,0,0.208380094,-3.16259571,1685
0.142135385,0.0195897299,-0.0114781705,0.000577976366,-0.0279248778,2.90012612,1716.39147
0.142202414,0.0213559743,-0.0122729527,0.000683892048,-0.0263315586,2.90063986,1715.76651
0.142274263,0.0232492201,-0.0130772957,0.000807214174,-0.0245988053,2.89500867,1715.09536
0.142351279,0.0252785992,-0.0138837974,0.00095066922,-0.0227123938,2.88174477,1714.38532
0.142433832,0.0274539002,-0.0146830314,0.00111737456,-0.0206566294,2.85915834,1713.64656
0.142522321,0.0297856156,-0.0154630811,0.00131085785,-0.0184142806,2.82535346,1712.89179
0.142617173,0.0322849924,-0.0162089654,0.0015350507,-0.015966545,2.77823231,1712.13573
0.142718845,0.0349640862,-0.016901939,0.00179425113,-0.0132930629,2.71551721,1711.39442
0.142827828,0.0378358195,-0.0175186609,0.0020930775,-0.0103719871,2.63474426,1710.68454
0.142944647,0.040914044,-0.0180302068,0.00243612557,-0.00718011945,2.53294143,1710.02307
0.143069866,0.0442136074,-0.0184000891,0.00282718564,-0.00369310697,2.40670439,1709.42712
0.143204089,0.0477504251,-0.0185826565,0.00326968933,0.000114322667,2.25500511,1708.91359
0.143347963,0.0515415566,-0.0185226385,0.00376547183,0.00426817136,2.07464707,1708.49811
0.143502183,0.0556052884,-0.0181535949,0.00431427118,0.00879520175,1.86277283,1708.19296
0.143667491,0.0599612217,-0.0173964538,0.00491119861,0.0137235129,1.61881562,1708.00199
0.143844686,0.0646303672,-0.0161572977,0.00554485964,0.0190843296,1.34000262,1707.91637
0.144034622,0.0696352464,-0.0143252882,0.00619486646,0.0249161586,1.0265179,1707.91413
0.144238216,0.075,-0.0117752022,0.0068320739,0.0312731673,0.680343065,1707.96105
0.144441809,0.0803647536,-0.008620985,0.00738042677,0.0377678163,0.329889375,1708.01814
0.144631746,0.0853696328,-0.0051475087,0.0077812045,0.0440005299,0.00396563705,1708.06017
0.144808941,0.0900387783,-0.00147144969,0.00803455582,0.0500333383,-0.295461295,1708.08305
0.144974249,0.0943947116,0.00229999619,0.00814930837,0.0559292403,-0.567432536,1708.09334
0.145128469,0.0984584434,0.00607083546,0.00813749227,0.0617466234,-0.812125395,1708.10239
0.145272343,0.102249575,0.00975659416,0.0080143414,0.067535144,-1.03070343,1708.12361
0.145406566,0.105786393,0.0132844596,0.00779642815,0.0733332561,-1.22485686,1708.17076
0.145531785,0.109085956,0.016593282,0.00750064169,0.079167094,-1.3965338,1708.25716
0.145648604,0.112164181,0.0196333686,0.00714335546,0.0850505333,-1.54770948,1708.39342
0.145757587,0.115035914,0.0223661192,0.00673989045,0.0909861412,-1.68027547,1708.58349
0.145859259,0.117715008,0.024763505,0.00630417799,0.0969667291,-1.79600539,1708.82127
0.145954111,0.120214384,0.0268073843,0.00584857248,0.102977249,-1.89659691,1709.08779
0.1460426,0.1225461,0.0284886843,0.00538378649,0.108996812,-1.98373146,1709.35005
0.146125153,0.124721401,0.0298064724,0.00491877983,0.115000657,-2.05909078,1709.56297
0.146202168,0.12675078,0.0307668951,0.00446134166,0.120961954,-2.12344341,1709.67511
0.146274017,0.128644026,0.0313816806,0.00401797832,0.126853362,-2.17753418,1709.63617
0.146341047,0.13041027,0.0316672137,0.00359439222,0.132648305,-2.22618415,1709.40521
0.14640358,0.132058033,0.0316448062,0.00319375615,0.138321981,-2.27185641,1708.95786
0.146461918,0.133595261,0.0313384338,0.00281697208,0.143852064,-2.31539199,1708.28787
0.146516343,0.13502937,0.0307734776,0.00246602056,0.149219153,-2.35707804,1707.40682
0.146567117,0.136367278,0.0299768854,0.00214249841,0.15440702,-2.39560701,1706.34145
0.146614484,0.137615437,0.0289758871,0.00184685604,0.159402681,-2.43225194,1705.12758
0.146658675,0.138779867,0.0277973986,0.00157901018,0.164196341,-2.46805231,1703.80478
0.146699901,0.139866187,0.0264676342,0.00133822936,0.168781221,-2.50324627,1702.41206
0.146738361,0.140879634,0.0250116959,0.00112345184,0.173153321,-2.53784216,1700.98476
0.146774242,0.141825099,0.0234532684,0.000933376937,0.177311128,-2.57167842,1699.55286
0.146807715,0.14270714,0.0218144052,0.000766548657,0.181255313,-2.6045844,1698.14042
0.146838944,0.143530013,0.0201153869,0.000621400949,0.18498842,-2.63637746,1696.76563
0.146868077,0.144297686,0.018374647,0.000496294089,0.18851455,-2.66695014,1695.44151
0.146895256,0.145013864,0.0166087507,0.000389555589,0.191839082,-2.69617153,1694.17666
0.146920612,0.145681998,0.0148324184,0.000299531828,0.194968402,-2.72394902,1692.97615
0.146944267,0.146305314,0.0130585843,0.000224609913,0.19790966,-2.75022389,1691.84231
0.146966335,0.146886817,0.011298482,0.00016323878,0.200670564,-2.77496969,1690.77545
0.146986923,0.147429312,0.00956174721,0.000113947725,0.203259188,-2.79818463,1689.77442
0.14700613,0.147935415,0.00785653146,7.53441175e-05,0.205683819,-2.81992461,1688.8371
0.147024048,0.148407569,0.00618962292,4.61582645e-05,0.207952825,-2.84010189,1687.96072
0.147040764,0.14884805,0.00456656995,2.51536245e-05,0.210074543,-2.85874031,1687.14214
0.147056359,0.149258983,0.00299180323,1.16239208e-05,0.212057196,-2.87533481,1686.37805
0.147070908,0.14964235,0.00146875494,3.49470748e-06,0.213908816,-2.89975991,1685.66511
0.147084481,0.15,0,0,0.215637175,-2.91563485,1685
0.15,0,0,0,-0.0471,3.09300304,1722.50036
0.150004851,0.000357650242,-0.000240439128,3.66731552e-08,-0.0467850828,3.09697409,1722.42213
0.150010051,0.000741017226,-0.000496774993,-2.70242521e-08,-0.046447465,3.10521102,1722.33791
0.150015624,0.00115195011,-0.000769928286,1.24157236e-08,-0.0460854659,3.11366917,1722.24703
0.150021598,0.00159243101,-0.0010608572,4.66251348e-08,-0.0456972732,3.12260776,1722.14868
0.150028002,0.00206458457,-0.00137054891,1.06545481e-07,-0.0452809268,3.13207992,1722.04192
0.150034867,0.0025706882,-0.00170001503,2.10415409e-07,-0.0448343035,3.1420771,1721.92565
0.150042225,0.00311318307,-0.00205028638,3.81592177e-07,-0.0443551001,3.15258605,1721.79856
0.150050112,0.00369468589,-0.00242240559,6.48982935e-07,-0.0438408144,3.16360426,1721.65916
0.150058566,0.00431800152,-0.00281741777,1.05209675e-06,-0.0432887229,3.17512139,1721.50569
0.150067628,0.00498613648,-0.00323635893,1.64328675e-06,-0.0426958559,3.18711505,1721.33613
0.150077342,0.0057023135,-0.00368024106,2.49170395e-06,-0.0420589688,3.19954483,1721.14815
0.150087754,0.00646998704,-0.00415003398,3.68759444e-06,-0.0413745097,3.21235177,1720.93913
0.150098915,0.00729285993,-0.0046466433,5.3484526e-06,-0.0406385818,3.22545399,1720.70611
0.150110878,0.00817490128,-0.00517088336,7.62725583e-06,-0.0398469009,3.2387361,1720.44584
0.150123701,0.00912036556,-0.00572344426,1.07213746e-05,-0.0389947473,3.25204096,1720.15479
0.150137447,0.0101338132,-0.00630485165,1.48842202e-05,-0.0380769102,3.26516227,1719.82926
0.150152181,0.0112201325,-0.00691541775,2.04400954e-05,-0.0370876263,3.27783742,1719.46546
0.150167974,0.0123845633,-0.00755518193,2.7803677e-05,-0.0360205092,3.28973455,1719.05968
0.150184903,0.0136327222,-0.0082238385,3.75036842e-05,-0.0348684715,3.30043649,1718.6086
0.15020305,0.0149706296,-0.00892064886,5.02109115e-05,-0.0336236384,3.30942582,1718.10954
0.150222501,0.0164047389,-0.00964433398,6.67721974e-05,-0.0322772523,3.31606965,1717.56084
0.150243351,0.0179419674,-0.0103929423,8.82509175e-05,-0.0308195713,3.31960483,1716.96233
0.1502657,0.0195897299,-0.0111636867,0.000115974487,-0.0292397589,3.31912416,1716.31575
0.150289656,0.0213559743,-0.0119527409,0.000151588848,-0.0275257715,3.31356451,1715.62511
0.150315334,0.0232492201,-0.0127549867,0.000197119017,-0.0256642464,3.3016972,1714.89693
0.150342859,0.0252785992,-0.0135636941,0.00025503344,-0.023640392,3.28212054,1714.14032
0.150372363,0.0274539002,-0.0143701207,0.000328306978,-0.0214378912,3.25325248,1713.36662
0.150403989,0.0297856156,-0.0151630068,0.000420474551,-0.0190388244,3.21332138,1712.58889
0.150437888,0.0322849924,-0.0159279428,0.000535651011,-0.0164236254,3.1603565,1711.82123
0.150474225,0.0349640862,-0.0166465846,0.000678536802,-0.0135710816,3.09223223,1711.0782
0.150513175,0.0378358195,-0.017295706,0.00085419505,-0.0104583912,3.00672574,1710.37464
0.150554926,0.040914044,-0.0178460756,0.00106864279,-0.00706128913,2.90216271,1709.72608
0.150599678,0.0442136074,-0.0182609929,0.00132745037,-0.00335423969,2.77620388,1709.14927
0.150647649,0.0477504251,-0.0184947543,0.00163847851,0.000689340217,2.62477758,1708.66211
0.150699069,0.0515415566,-0.0184921256,0.00200527049,0.00509690174,2.44404492,1708.28176
0.150754186,0.0556052884,-0.0181841517,0.00242685862,0.00989676182,2.23108656,1708.02096
0.150813266,0.0599612217,-0.0174871391,0.00290405627,0.0151185843,1.98668563,1707.88211
0.150876595,0.0646303672,-0.0163045501,0.00343183777,0.0207950312,1.71195884,1707.85248
0.150944477,0.0696352464,-0.0145232105,0.00399627736,0.026965775,1.40530548,1707.9023
0.151017241,0.075,-0.0120144847,0.00457557712,0.0336857674,1.06750951,1707.99019
0.151090004,0.0803647536,-0.00888747224,0.00510213474,0.0405415744,0.726539986,1708.07068
0.151157886,0.0853696328,-0.0054267634,0.00551694822,0.0471076801,0.410448521,1708.11965
0.151221215,0.0900387783,-0.00175210495,0.00581467677,0.053446707,0.120740678,1708.14003
0.151280295,0.0943947116,0.0020265057,0.00599869918,0.0596228069,-0.14197459,1708.1427
0.151335412,0.0984584434,0.00581060238,0.00607599151,0.0656959196,-0.378027807,1708.14104
0.151386832,0.102249575,0.00951377576,0.00605720699,0.0717175434,-0.588709673,1708.14942
0.151434803,0.105786393,0.013061795,0.00595483538,0.0777281355,-0.775827504,1708.1818
0.151479555,0.109085956,0.0163925026,0.00578215258,0.0837559172,-0.941447832,1708.25115
0.151521306,0.112164181,0.0194555221,0.00555237208,0.0898168569,-1.08765837,1708.36791
0.151560256,0.115035914,0.0222118007,0.00527808584,0.0959155557,-1.21644555,1708.53597
0.151596593,0.117715008,0.0246330013,0.00497090038,0.102046746,-1.32966049,1708.74877
0.151630492,0.120214384,0.0267007496,0.00464124036,0.108197146,-1.42903669,1708.98666
0.151662118,0.1225461,0.0284057604,0.00429825949,0.114347448,-1.51623947,1709.21618
0.151691622,0.124721401,0.0297468744,0.00394996623,0.120474266,-1.59296752,1709.39244
0.151719147,0.12675078,0.0307300081,0.00360273422,0.126551937,-1.66181755,1709.46521
0.151744826,0.128644026,0.0313667344,0.00326195725,0.132554077,-1.72484544,1709.38655
0.151768782,0.13041027,0.0316732936,0.00293125157,0.138454855,-1.78085319,1709.11849
0.15179113,0.132058033,0.031670163,0.00261474472,0.144230005,-1.83183233,1708.63937
0.15181198,0.133595261,0.0313808433,0.00231603347,0.149857574,-1.87933936,1707.94534
0.151831431,0.13502937,0.030830979,0.00203646994,0.155318413,-1.92450641,1707.04952
0.151849578,0.136367278,0.030047543,0.00177712923,0.16059645,-1.9697665,1705.97884
0.151866507,0.137615437,0.0290576526,0.00153843132,0.165678779,-2.01467055,1704.7684
0.1518823,0.138779867,0.0278881107,0.00132056749,0.170555621,-2.05879862,1703.45646
0.151897034,0.139866187,0.0265650914,0.00112344115,0.175220185,-2.10224845,1702.08045
0.15191078,0.140879634,0.0251137149,0.00094653155,0.179668439,-2.14497441,1700.6741
0.151923603,0.141825099,0.0235577325,0.0007890675,0.183898844,-2.18676376,1699.26594
0.151935566,0.14270714,0.0219193036,0.000650116504,0.187912057,-2.22735918,1697.87877
0.151946727,0.143530013,0.0202188441,0.000528622535,0.191710619,-2.26655711,1696.52984
0.151957139,0.144297686,0.0184749413,0.000423416697,0.195298658,-2.3042478,1695.23143
0.151966853,0.145013864,0.016704327,0.000333256534,0.198681601,-2.34030113,1693.99164
0.151975915,0.145681998,0.0149218972,0.000256890897,0.2018659,-2.37457562,1692.81521
0.151984369,0.146305314,0.013140766,0.000193090376,0.204858798,-2.40698843,1691.70427
0.151992256,0.146886817,0.0113723451,0.000140644397,0.207668108,-2.43755717,1690.65902
0.151999614,0.147429312,0.00962644113,9.83806067e-05,0.210302026,-2.46627804,1689.67829
0.152006479,0.147935415,0.00791136673,6.51770207e-05,0.212768971,-2.49321082,1688.75995
0.152012883,0.148407569,0.00623405974,4.00032744e-05,0.215077453,-2.5182765,1687.90128
0.152018857,0.14884805,0.00460020618,2.18373479e-05,0.217235954,-2.5415021,1687.0992
0.15202443,0.149258983,0.00301436154,1.01453669e-05,0.219252842,-2.56239175,1686.35047
0.15202963,0.14964235,0.00148006995,3.05052561e-06,0.221136299,-2.59015677,1685.65181
0.152034481,0.15,0,0,0.222894256,-2.60728158,1685
0.156984481,0.15,0,0,0.230151337,-2.23145546,1685
0.156988352,0.14964235,0.00148366447,2.52617485e-06,0.228357399,-2.21290721,1685.63708
0.156992502,0.149258983,0.0030209862,8.44076022e-06,0.226435242,-2.1811935,1686.31991
0.15699695,0.14884805,0.00460917597,1.80204934e-05,0.224376757,-2.15511549,1687.05163
0.157001717,0.148407569,0.00624456194,3.29046676e-05,0.222173605,-2.12636167,1687.83542
0.157006828,0.147935415,0.00792245149,5.34324937e-05,0.219817268,-2.09538723,1688.67445
0.157012306,0.147429312,0.00963701341,8.03678432e-05,0.217299129,-2.06212215,1689.57174
0.157018177,0.146886817,0.011381161,0.000114449661,0.214610562,-2.02665335,1690.52996
0.157024472,0.146305314,0.013146433,0.000156483527,0.211743052,-1.98895647,1691.55123
0.157031218,0.145681998,0.014922879,0.000207294951,0.208688339,-1.94902003,1692.63676
0.15703845,0.145013864,0.016698952,0.00026770232,0.205438579,-1.90680216,1693.78648
0.157046202,0.144297686,0.018461415,0.000338494776,0.201986545,-1.86238175,1694.99847
0.157054511,0.143530013,0.0201952712,0.000420452724,0.198325835,-1.81595259,1696.26839
0.157063417,0.14270714,0.0218837181,0.000514315196,0.194451129,-1.76765975,1697.58873
0.157072964,0.141825099,0.0235081369,0.000620725631,0.190358445,-1.71769857,1698.94803
0.157083198,0.140879634,0.0250481234,0.000740203278,0.186045426,-1.66631657,1700.33017
0.157094167,0.139866187,0.0264815762,0.00087312831,0.181511637,-1.61383809,1701.71377
0.157105925,0.138779867,0.027784846,0.00101970342,0.176758846,-1.56053269,1703.07201
0.157118529,0.137615437,0.0289329668,0.00117988964,0.171791303,-1.50661893,1704.37305
0.157132039,0.136367278,0.02989997,0.00135331133,0.166615982,-1.45235139,1705.58137
0.15714652,0.13502937,0.0306592195,0.00153956819,0.161242775,-1.39869896,1706.66029
0.157162042,0.133595261,0.0311839032,0.00173771088,0.15568459,-1.34549583,1707.57563
0.157178681,0.132058033,0.0314481131,0.00194689673,0.149957356,-1.2900252,1708.30032
0.157196516,0.13041027,0.0314273874,0.00216564722,0.144079887,-1.23180851,1708.81945
0.157215634,0.128644026,0.0310989718,0.00238953775,0.138073574,-1.17069325,1709.13421
0.157236126,0.12675078,0.0304423637,0.00261541009,0.131961854,-1.10450909,1709.26275
0.157258091,0.124721401,0.0294407181,0.00284040859,0.125769451,-1.0332149,1709.23885
0.157281636,0.1225461,0.0280826849,0.00305968621,0.119521368,-0.955873922,1709.1071
0.157306874,0.120214384,0.0263629676,0.00326813268,0.11324161,-0.869898922,1708.91568
0.157333927,0.117715008,0.024283147,0.003459231,0.106951653,-0.773454041,1708.70877
0.157362925,0.115035914,0.0218528199,0.00362560334,0.100668693,-0.664814021,1708.52026
0.157394008,0.112164181,0.0190906356,0.00375898035,0.0944037562,-0.542174728,1708.3709
0.157427326,0.109085956,0.0160252371,0.00385031269,0.0881597874,-0.403597229,1708.26849
0.15746304,0.105786393,0.0126960945,0.00388999625,0.0819298917,-0.246998498,1708.21006
0.157501322,0.102249575,0.00915420984,0.00386827104,0.0756959419,-0.0701958856,1708.18652
0.157542356,0.0984584434,0.00546267055,0.00377580905,0.0694278143,0.12896239,1708.18588
0.157586341,0.0943947116,0.00169702649,0.00360458575,0.063083534,0.352366759,1708.19419
0.157633489,0.0900387783,-0.00205454352,0.00334893872,0.056610589,0.601399043,1708.197
0.157684026,0.0853696328,-0.00569135509,0.00300741489,0.0499486901,0.876496451,1708.17924
0.157738198,0.0803647536,-0.00910082858,0.00258251344,0.0430341035,1.1773711,1708.12567
0.157796265,0.075,-0.0121604456,0.00208533723,0.0358055072,1.50298503,1708.02666
0.157854332,0.0696352464,-0.0145891026,0.00157465411,0.0287166423,1.82645338,1707.90351
0.157908504,0.0646303672,-0.0162850325,0.00110777047,0.022207208,2.12120533,1707.80894
0.157959042,0.0599612217,-0.0173793148,0.000698056037,0.0162204568,2.38729444,1707.79338
0.158006189,0.0556052884,-0.0179880566,0.000353099113,0.0107144155,2.6229641,1707.89408
0.158050174,0.0515415566,-0.0182134613,7.2637961e-05,0.00565387365,2.82581367,1708.12666
0.158091209,0.0477504251,-0.0181417553,-0.000146590665,0.00100666844,3.00143882,1708.48858
0.15812949,0.0442136074,-0.0178420778,-0.000309692876,-0.00325780625,3.1533006,1708.96548
0.158165204,0.040914044,-0.0173705817,-0.000424984393,-0.00716906021,3.28033465,1709.53652
0.158198522,0.0378358195,-0.0167728188,-0.00050023146,-0.0107554895,3.3855165,1710.18106
0.158229605,0.0349640862,-0.0160856629,-0.000542475239,-0.0140441838,3.47212565,1710.88162
0.158258603,0.0322849924,-0.0153384398,-0.00055881635,-0.0170607258,3.54237465,1711.624
0.158285656,0.0297856156,-0.0145540584,-0.000555271355,-0.0198290334,3.59845945,1712.39586
0.158310894,0.0274539002,-0.01375026,-0.000537060408,-0.022371267,3.64233947,1713.18533
0.158334439,0.0252785992,-0.0129406715,-0.000508528268,-0.0247078023,3.67576502,1713.98039
0.158356405,0.0232492201,-0.0121356786,-0.000473205873,-0.0268572563,3.70031074,1714.769
0.158376897,0.0213559743,-0.0113431202,-0.000433898322,-0.0288365535,3.71739091,1715.53977
0.158396014,0.0195897299,-0.0105688369,-0.000392782341,-0.0306610202,3.72826789,1716.28266
0.158413849,0.0179419674,-0.00981710085,-0.000351503175,-0.0323444958,3.73405954,1716.98962
0.158430488,0.0164047389,-0.00909095379,-0.000311266436,-0.033899454,3.73574521,1717.65483
0.15844601,0.0149706296,-0.00839247054,-0.000272921132,-0.0353371234,3.73417235,1718.27472
0.158460491,0.0136327222,-0.00772296597,-0.000237032399,-0.0366676068,3.73006503,1718.84776
0.158474001,0.0123845633,-0.00708315802,-0.000203943615,-0.0378999964,3.72403383,1719.37411
0.158486605,0.0112201325,-0.00647329697,-0.000173828275,-0.0390424796,3.71658667,1719.85521
0.158498363,0.0101338132,-0.00589326841,-0.000146732598,-0.0401024367,3.7081405,1720.29342
0.158509332,0.00912036556,-0.00534267559,-0.000122609713,-0.0410865297,3.6990317,1720.69167
0.158519566,0.00817490128,-0.00482090563,-0.000101346515,-0.0420007823,3.68952485,1721.0532
0.158529113,0.00729285993,-0.00432718288,-8.27843876e-05,-0.0428506508,3.67982552,1721.38134
0.158538019,0.00646998704,-0.00386061231,-6.67357343e-05,-0.0436410875,3.67009449,1721.67933
0.158546329,0.0057023135,-0.00342021429,-5.29977943e-05,-0.0443765962,3.66045674,1721.95029
0.15855408,0.00498613648,-0.00300495238,-4.13620084e-05,-0.0450612818,3.65100714,1722.19709
0.158561312,0.00431800152,-0.002613756,-3.16238545e-05,-0.045698893,3.64182207,1722.42235
0.158568059,0.00369468589,-0.00224553819,-2.35841649e-05,-0.0462928602,3.63294461,1722.62843
0.158574353,0.00311318307,-0.00189920955,-1.70501671e-05,-0.046846329,3.62438955,1722.81741
0.158580225,0.0025706882,-0.00157368951,-1.18415629e-05,-0.0473621887,3.61617673,1722.99115
0.158585703,0.00206458457,-0.0012679153,-7.79121964e-06,-0.0478430984,3.60832505,1723.15126
0.158590813,0.00159243101,-0.000980848655,-4.75010744e-06,-0.0482915088,3.60086621,1723.29916
0.158595581,0.00115195011,-0.000711480957,-2.58017069e-06,-0.0487096822,3.59382517,1723.43607
0.158600029,0.000741017226,-0.000458836637,-1.20545785e-06,-0.04909971,3.58718689,1723.56307
0.158604178,0.000357650242,-0.000221976088,-3.31982137e-07,-0.0494635279,3.57985532,1723.68108
0.158608049,0,0,0,-0.0498029274,3.5759239,1723.79093
0.161934481,0.15,0,0,0.237408418,-1.77989775,1685
0.161945971,0.14964235,0.00147837554,1.83694231e-06,0.235562565,-1.76009768,1685.62065
0.161958286,0.149258983,0.00300920914,6.38073925e-06,0.233584589,-1.72395531,1686.28582
0.161971488,0.14884805,0.00458956418,1.3471478e-05,0.231466159,-1.69142857,1686.99855
0.161985638,0.148407569,0.00621562992,2.44299436e-05,0.229198767,-1.65599472,1687.76194
0.162000806,0.147935415,0.00788257508,3.94073635e-05,0.226773757,-1.61794993,1688.57907
0.162017065,0.147429312,0.00958443448,5.8868753e-05,0.224182415,-1.57715664,1689.45289
0.162034493,0.146886817,0.011313996,8.3218226e-05,0.221416072,-1.5336795,1690.38602
0.162053174,0.146305314,0.0130626886,0.000112890595,0.218466238,-1.48752561,1691.38056
0.162073198,0.145681998,0.014820476,0.000148302755,0.215324751,-1.4386805,1692.4378
0.162094662,0.145013864,0.0165757576,0.000189832161,0.211983956,-1.38716364,1693.55778
0.162117669,0.144297686,0.0183152843,0.000237800116,0.208436905,-1.33306647,1694.73887
0.162142331,0.143530013,0.0200240949,0.000292472915,0.204677576,-1.27659261,1695.97717
0.162168766,0.14270714,0.0216854807,0.000354046214,0.200701092,-1.21797124,1697.26582
0.162197102,0.141825099,0.0232809853,0.000422616663,0.196504006,-1.15750648,1698.59432
0.162227475,0.140879634,0.0247904461,0.000498168124,0.192084588,-1.09556501,1699.94782
0.162260032,0.139866187,0.0261920854,0.000580554932,0.187443043,-1.03255608,1701.30657
0.162294931,0.138779867,0.027462663,0.000669465488,0.182581775,-0.968870083,1702.64568
0.162332338,0.137615437,0.0285776975,0.000764414554,0.177505616,-0.904958553,1703.93548
0.162372436,0.136367278,0.0295117394,0.000864756204,0.172222005,-0.841542311,1705.14264
0.162415416,0.13502937,0.030238764,0.0009697997,0.166741125,-0.778873761,1706.23231
0.162461488,0.133595261,0.0307328352,0.00107811917,0.161075956,-0.715188537,1707.17142
0.162510871,0.132058033,0.0309687198,0.00118805997,0.155242221,-0.65021664,1707.9328
0.162563806,0.13041027,0.0309222341,0.00129803101,0.149258197,-0.58680407,1708.49973
0.162620547,0.128644026,0.0305710529,0.00140581271,0.143144364,-0.524473549,1708.87045
0.162681368,0.12675078,0.0298957326,0.00150918948,0.136922876,-0.458947819,1709.05888
0.162746563,0.124721401,0.0288803437,0.00160486687,0.130616812,-0.388281246,1709.09349
0.162816445,0.1225461,0.0275137551,0.00168878656,0.124249188,-0.312515874,1709.01455
0.162891352,0.120214384,0.0257909565,0.0017569535,0.117841715,-0.230291755,1708.8672
0.162971645,0.117715008,0.0237138155,0.00180465172,0.111413341,-0.13966994,1708.69422
0.163057711,0.115035914,0.0212921408,0.00182648315,0.104978584,-0.0387554875,1708.52979
0.163149967,0.112164181,0.0185447724,0.00181648938,0.0985457603,0.0743602874,1708.39614
0.163248855,0.109085956,0.0155005751,0.00176833596,0.0921151991,0.201715493,1708.30303
0.163354855,0.105786393,0.0121993429,0.00167556829,0.0856776273,0.345482655,1708.24989
0.163468476,0.102249575,0.00869258565,0.00153204116,0.0792129355,0.507913825,1708.22953
0.163590267,0.0984584434,0.00504416333,0.00133253155,0.072689581,0.691212303,1708.23106
0.163720816,0.0943947116,0.00133073714,0.00107362376,0.0660648981,0.897308436,1708.2415
0.163860751,0.0900387783,-0.0023580281,0.000754748563,0.0592865647,1.12762759,1708.24635
0.164010748,0.0853696328,-0.00591962799,0.000380008677,0.0522955227,1.38267829,1708.22836
0.164171532,0.0803647536,-0.00923944281,-4.22541403e-05,0.0450303712,1.66247322,1708.16802
0.164343876,0.075,-0.0121929229,-0.000495335537,0.0374332501,1.96641332,1708.05002
0.16451622,0.0696352464,-0.0145059133,-0.000922318955,0.0299872821,2.26934422,1707.89486
0.164677003,0.0646303672,-0.0160861989,-0.00127818275,0.0231572333,2.54641437,1707.76477
0.164827,0.0599612217,-0.0170670036,-0.00155676683,0.0168831645,2.79636079,1707.71955
0.164966936,0.0556052884,-0.0175694945,-0.00175752051,0.0111194,3.01657298,1707.80223
0.165097484,0.0515415566,-0.0176983361,-0.00188633815,0.00582696989,3.20923767,1708.02938
0.165219275,0.0477504251,-0.0175382544,-0.0019508315,0.000970205194,3.37770644,1708.39674
0.165332897,0.0442136074,-0.0171597729,-0.00196107757,-0.00348463474,3.52200657,1708.88606
0.165438896,0.040914044,-0.0166216791,-0.00192733253,-0.00756976526,3.64355506,1709.4705
0.165537785,0.0378358195,-0.015970462,-0.00185897141,-0.0113158564,3.74494419,1710.12499
0.16563004,0.0349640862,-0.0152426646,-0.00176475625,-0.0147518799,3.82892695,1710.83048
0.165716106,0.0322849924,-0.0144668816,-0.00165256389,-0.0179049561,3.89787437,1711.57388
0.1657964,0.0297856156,-0.0136651529,-0.00152910258,-0.0208002522,3.95389687,1712.34578
0.165871307,0.0274539002,-0.0128542644,-0.00139988907,-0.023460944,3.99881223,1713.13796
0.165941189,0.0252785992,-0.0120468281,-0.00126932479,-0.0259082351,4.03418223,1713.94172
0.166006383,0.0232492201,-0.0112521734,-0.00114081005,-0.028161423,4.06138746,1714.74736
0.166067204,0.0213559743,-0.0104770762,-0.00101688246,-0.0302379985,4.08166024,1715.54458
0.166123945,0.0195897299,-0.0097263401,-0.000899353119,-0.0321537658,4.09609996,1716.32339
0.16617688,0.0179419674,-0.00900325063,-0.000789432507,-0.0339229748,4.10568464,1717.07491
0.166226264,0.0164047389,-0.00830993045,-0.000687846572,-0.0355584585,4.11128207,1717.79197
0.166272335,0.0149706296,-0.0076476126,-0.000594940774,-0.0370717647,4.11365566,1718.46943
0.166315316,0.0136327222,-0.00701685169,-0.000510768141,-0.0384732854,4.11346618,1719.10417
0.166355413,0.0123845633,-0.00641768867,-0.000435161901,-0.0397723782,4.11127717,1719.69484
0.166392821,0.0112201325,-0.00584977805,-0.000367795778,-0.0409774768,4.10756314,1720.24159
0.166427719,0.0101338132,-0.00531248714,-0.000308233234,-0.0420961922,4.1027184,1720.74569
0.166460276,0.00912036556,-0.00480497352,-0.000255966853,-0.0431354042,4.09706625,1721.20919
0.16649065,0.00817490128,-0.0043262451,-0.000210448445,-0.0441013422,4.0908659,1721.63466
0.166518985,0.00729285993,-0.00387520692,-0.000171112028,-0.0449996582,4.08432117,1722.0249
0.16654542,0.00646998704,-0.00345069857,-0.000137391929,-0.0458354907,4.07759254,1722.3828
0.166570082,0.0057023135,-0.00305152313,-0.000108736465,-0.0466135207,4.07080538,1722.71121
0.166593089,0.00498613648,-0.00267646861,-8.46167679e-05,-0.0473380217,4.06405079,1723.01285
0.166614553,0.00431800152,-0.0023243252,-6.45322701e-05,-0.0480129026,4.05739095,1723.29026
0.166634578,0.00369468589,-0.00199389892,-4.80153877e-05,-0.0486417466,4.05089688,1723.54575
0.166653259,0.00311318307,-0.0016840214,-3.46379802e-05,-0.0492278437,4.04462701,1723.78144
0.166670686,0.0025706882,-0.0013935569,-2.40114539e-05,-0.0497742207,4.03859837,1723.99921
0.166686945,0.00206458457,-0.00112140761,-1.57741103e-05,-0.0502836664,4.03279207,1724.20077
0.166702113,0.00159243101,-0.000866517671,-9.60276242e-06,-0.0507587546,4.02726621,1724.3876
0.166716264,0.00115195011,-0.000627875727,-5.20286657e-06,-0.0512018639,4.02205462,1724.56103
0.166729465,0.000741017226,-0.000404515613,-2.39926013e-06,-0.0516151952,4.01722741,1724.72226
0.166741781,0.000357650242,-0.000195517053,-7.11646908e-07,-0.0520007876,4.01073391,1724.87233
0.16675327,0,0,0,-0.0523605269,4.00674764,1725.01214
0.166884481,0.15,0,0,0.244665499,-1.25295219,1685
0.166902545,0.14964235,0.00146196885,9.48938935e-07,0.242734394,-1.23150902,1685.60219
0.166921908,0.149258983,0.00297451749,3.78210461e-06,0.240664767,-1.18951023,1686.24749
0.166942663,0.14884805,0.00453454737,7.77016405e-06,0.238448047,-1.14864241,1686.93885
0.16696491,0.148407569,0.00613810898,1.38750838e-05,0.236075633,-1.10476627,1687.67927
0.166988757,0.147935415,0.00778024737,2.20344577e-05,0.233538899,-1.05778339,1688.47173
0.167014319,0.147429312,0.00945489686,3.23558526e-05,0.230829304,-1.00762383,1689.31909
0.167041719,0.146886817,0.0111547764,4.48808588e-05,0.227938474,-0.954327546,1690.22393
0.167071089,0.146305314,0.0128712861,5.96271603e-05,0.2248584,-0.897892363,1691.18835
0.167102571,0.145681998,0.0145944105,7.65563939e-05,0.221581644,-0.838349962,1692.21369
0.167136316,0.145013864,0.0163126316,9.55666788e-05,0.218101437,-0.77580055,1693.30017
0.167172488,0.144297686,0.0180128564,0.000116485758,0.214411874,-0.7104199,1694.44647
0.167211261,0.143530013,0.0196803614,0.00013906373,0.210508158,-0.642465358,1695.64919
0.167252822,0.14270714,0.0212987633,0.000162966507,0.206386776,-0.572281636,1696.90224
0.167297372,0.141825099,0.0228500211,0.000187770713,0.202045655,-0.500302947,1698.19619
0.167345124,0.140879634,0.0243144776,0.000212959846,0.197484399,-0.427045422,1699.5176
0.167396311,0.139866187,0.025670951,0.000237921354,0.19270449,-0.353095285,1700.84855
0.167451177,0.138779867,0.0268968839,0.000261946074,0.187709454,-0.279123754,1702.16633
0.16750999,0.137615437,0.0279685457,0.000284274014,0.182505008,-0.205902028,1703.44369
0.16757303,0.136367278,0.0288613185,0.000304041459,0.17709917,-0.133832618,1704.64974
0.167640604,0.13502937,0.0295501415,0.00032014067,0.171502316,-0.0627861707,1705.75177
0.167713037,0.133595261,0.0300100131,0.000331295031,0.165727178,0.00710283364,1706.71805
0.167790678,0.132058033,0.0302162418,0.000336085746,0.15978876,0.0752568075,1707.52151
0.167873902,0.13041027,0.0301450421,0.000332981673,0.153704124,0.141688071,1708.1438
0.16796311,0.128644026,0.0297747923,0.000320372029,0.147492049,0.207176562,1708.57947
0.168058732,0.12675078,0.0290870173,0.000296352755,0.141172524,0.272732352,1708.83753
0.16816123,0.124721401,0.0280667824,0.000258556676,0.134766048,0.340079179,1708.94093
0.168271098,0.1225461,0.0267034665,0.000204385112,0.128292716,0.410777348,1708.92443
0.168388867,0.120214384,0.0249922077,0.000131002666,0.121771076,0.485933615,1708.82899
0.168515103,0.117715008,0.0229350721,3.5265691e-05,0.115216779,0.567312935,1708.69513
0.168650416,0.115035914,0.0205420248,-8.61731907e-05,0.108641052,0.656927411,1708.55701
0.168795459,0.112164181,0.01783202,-0.000236892132,0.102049067,0.756770753,1708.43853
0.168950931,0.109085956,0.0148340543,-0.000420416989,0.0954383278,0.868955406,1708.35213
0.169117583,0.105786393,0.0115881336,-0.000639945291,0.0887972346,0.995711225,1708.30044
0.169296217,0.102249575,0.0081461274,-0.00089789629,0.0821040413,1.13932506,1708.27886
0.169487696,0.0984584434,0.00457246942,-0.00119528952,0.0753264493,1.30201658,1708.27817
0.169692944,0.0943947116,0.000944652927,-0.00153086975,0.0684220944,1.48572666,1708.28646
0.169912949,0.0900387783,-0.00264655711,-0.00190012233,0.06134019,1.69191168,1708.28857
0.170148774,0.0853696328,-0.00609732198,-0.00229350637,0.0540246036,1.92116073,1708.2643
0.170401556,0.0803647536,-0.00929156442,-0.00269704571,0.0464182154,2.17381009,1708.18975
0.170672515,0.075,-0.0121035053,-0.00308869545,0.0384686861,2.4496907,1708.04575
0.170943473,0.0696352464,-0.0142688661,-0.00341559735,0.0306886811,2.72620657,1707.85775
0.171196255,0.0646303672,-0.0157069713,-0.00364549721,0.0235660037,2.98006715,1707.7015
0.17143208,0.0599612217,-0.0165542234,-0.00378072463,0.0170362121,3.20758793,1707.64692
0.171652085,0.0556052884,-0.0169343365,-0.00382773759,0.0110486535,3.4091731,1707.73705
0.171834481,0.15,0,0,0.25192258,-0.618325911,1685
0.171857333,0.0515415566,-0.0169515604,-0.00379737555,0.00555950858,3.58711376,1707.98664
0.171858131,0.14964235,0.00143217334,3.19009702e-08,0.249824239,-0.594782301,1685.58216
0.171883482,0.149258983,0.00291231919,8.57157229e-07,0.247574523,-0.546115549,1686.20595
0.171910655,0.14884805,0.00443717853,1.19133222e-06,0.245165499,-0.49608076,1686.87407
0.171939783,0.148407569,0.00600269603,1.57194281e-06,0.242589935,-0.442527092,1687.58933
0.171971004,0.147935415,0.00760385182,1.61536938e-06,0.239840881,-0.38516846,1688.3545
0.172004471,0.147429312,0.00923456658,1.00189894e-06,0.236911841,-0.324110885,1689.1723
0.172040344,0.146886817,0.0108876092,-6.4729476e-07,0.233796808,-0.259498785,1690.04524
0.172048812,0.0477504251,-0.0166925501,-0.00370251848,0.000528697017,3.74126757,1708.38895
0.172078797,0.146305314,0.012554503,-3.7644539e-06,0.230490228,-0.191429645,1690.97541
0.172120015,0.145681998,0.0142254381,-8.8529695e-06,0.226987202,-0.120071737,1691.96427
0.172164196,0.145013864,0.0158891911,-1.6483413e-05,0.223283613,-0.0456718847,1693.0123
0.172211554,0.144297686,0.0175330563,-2.72933601e-05,0.219376204,0.0314412682,1694.1186
0.172227446,0.0442136074,-0.0162300973,-0.00355650798,-0.0040813541,3.87286513,1708.91706
0.172262318,0.143530013,0.0191427925,-4.19851106e-05,0.215262664,0.110852146,1695.28041
0.172316731,0.14270714,0.0207025906,-6.13223329e-05,0.210941764,0.192059445,1696.49256
0.172375057,0.141825099,0.0221950767,-8.61268625e-05,0.206413459,0.274486344,1697.74684
0.172394098,0.040914044,-0.0156228903,-0.00337170976,-0.00830607249,3.98411805,1709.5358
0.172437577,0.140879634,0.0236013704,-0.000117275387,0.201678974,0.357483589,1699.03145
0.172504593,0.139866187,0.0249011614,-0.000155686866,0.196740954,0.440311919,1700.33043
0.17254957,0.0378358195,-0.0149173778,-0.00315953314,-0.0121787573,4.07742665,1710.2149
0.172576427,0.138779867,0.0260727877,-0.000202299628,0.191603569,0.522168732,1701.62346
0.172653427,0.137615437,0.0270934389,-0.000258107368,0.186272621,0.602460999,1702.88594
0.172694613,0.0349640862,-0.01414974,-0.00293001025,-0.0157304927,4.1552353,1710.93368
0.172735963,0.136367278,0.0279395004,-0.000324150082,0.180755634,0.6807613,1704.08965
0.172824434,0.13502937,0.0285868719,-0.000401553204,0.175061903,0.756454188,1705.20427
0.172829926,0.0322849924,-0.0133477755,-0.00269169256,-0.0189900732,4.21971029,1711.68051
0.172919266,0.133595261,0.0290113019,-0.000491466777,0.169202508,0.828869349,1706.19968
0.172956163,0.0297856156,-0.012532515,-0.00245156504,-0.021983981,4.2727127,1712.4496
0.173020917,0.132058033,0.0291889498,-0.000594996744,0.163190246,0.897745137,1707.04911
0.173073931,0.0274539002,-0.0117195942,-0.00221512668,-0.024736419,4.31589632,1713.23721
0.173129878,0.13041027,0.0290971269,-0.000713289433,0.157039473,0.963356853,1707.73277
0.173183799,0.0252785992,-0.010920406,-0.00198659156,-0.0272693921,4.35067632,1714.03895
0.173246673,0.128644026,0.0287150144,-0.000847556772,0.150765833,1.02628807,1708.24119
0.173286297,0.0232492201,-0.0101430487,-0.00176904995,-0.0296028258,4.37825285,1714.84848
0.173371866,0.12675078,0.0280244669,-0.000999053911,0.144385813,1.08729557,1708.57823
0.17338192,0.0213559743,-0.00939309209,-0.00156463365,-0.0317547073,4.39966738,1715.65764
0.173471127,0.0195897299,-0.00867418201,-0.00137468318,-0.0337412395,4.41584067,1716.45728
0.173506062,0.124721401,0.0270110047,-0.00116915797,0.13791614,1.1474734,1708.76108
0.173554351,0.0179419674,-0.00798851053,-0.00119990345,-0.0355769991,4.42759792,1717.23835
0.173631992,0.0164047389,-0.00733718966,-0.00104049898,-0.0372750933,4.43567836,1717.99282
0.173649907,0.1225461,0.0256646706,-0.00135926753,0.131372963,1.20863481,1708.81786
0.173704425,0.0149706296,-0.00672053974,-0.000896286883,-0.0388473059,4.44073414,1718.71427
0.173771999,0.0136327222,-0.0061382928,-0.000766794224,-0.0403042378,4.44333571,1719.39813
0.173804094,0.120214384,0.0239809085,-0.00157086493,0.124770833,1.27244239,1708.78423
0.17383504,0.0123845633,-0.00558974907,-0.000651340614,-0.0416554357,4.44397753,1720.04164
0.173893852,0.0112201325,-0.00507390597,-0.00054910515,-0.042909508,4.44308153,1720.64364
0.173948718,0.0101338132,-0.00458955467,-0.000459179565,-0.0440742298,4.44100163,1721.20425
0.173969369,0.117715008,0.0219618966,-0.00180549951,0.11812148,1.340341,1708.69774
0.173999905,0.00912036556,-0.00413535234,-0.000380608502,-0.0451566362,4.43802876,1721.72458
0.174047658,0.00817490128,-0.0037098763,-0.000312423057,-0.0461631054,4.43441344,1722.20641
0.174092207,0.00729285993,-0.00331166493,-0.000253677366,-0.0470994323,4.43037651,1722.65195
0.174133768,0.00646998704,-0.00293924828,-0.000203453083,-0.0479708923,4.42604458,1723.06363
0.174146528,0.115035914,0.0196177808,-0.00206446849,0.111432432,1.41429956,1708.59186
0.174172541,0.0057023135,-0.00259117108,-0.000160860715,-0.0487822989,4.42153386,1723.44396
0.174208713,0.00498613648,-0.00226601042,-0.00012507384,-0.0495380524,4.41696956,1723.79543
0.174242458,0.00431800152,-0.00196238742,-9.53186164e-05,-0.0502421842,4.41238336,1724.12042
0.17427394,0.00369468589,-0.00167897522,-7.08761921e-05,-0.0508983941,4.40785948,1724.42116
0.17430331,0.00311318307,-0.00141450535,-5.1102828e-05,-0.0515100842,4.4034737,1724.69974
0.17433071,0.0025706882,-0.00116777078,-3.54104031e-05,-0.052080388,4.39922738,1724.95803
0.174336425,0.112164181,0.0169676378,-0.00234886454,0.104705556,1.49640293,1708.49181
0.174356272,0.00206458457,-0.000937626715,-2.32541557e-05,-0.0526121962,4.39510572,1725.19778
0.174380119,0.00159243101,-0.000722990945,-1.41528265e-05,-0.0531081791,4.39118215,1725.42054
0.174402366,0.00115195011,-0.000522843323,-7.66433573e-06,-0.053570807,4.38748157,1725.62771
0.174423122,0.000741017226,-0.000336223626,-3.51287249e-06,-0.0540023676,4.38413978,1725.82056
0.174442484,0.000357650242,-0.00016223005,-1.05232801e-06,-0.054404982,4.3783463,1726.00023
0.174460548,0,0,0,-0.0547806121,4.37433109,1726.16774
0.174539976,0.109085956,0.0140405509,-0.00265932855,0.0979356156,1.58882265,1708.41318
0.174758164,0.105786393,0.010876641,-0.00299572181,0.091109045,1.6938232,1708.36203
0.174992041,0.102249575,0.00752798189,-0.00335666968,0.0842031036,1.81370117,1708.33681
0.175242735,0.0984584434,0.00405934986,-0.00373894886,0.0771856788,1.95066812,1708.33051
0.175511454,0.0943947116,0.000548741792,-0.00413665063,0.0700159637,2.10666117,1708.3318
0.175799496,0.0900387783,-0.00291241845,-0.00454028088,0.0626462342,2.28317673,1708.32384
0.176072105,0.15,0,0,0.258135263,-0.00854806789,1685
0.176102105,0.14964235,0.00139386174,-9.81391919e-07,0.255612061,0.0169127471,1685.57935
0.17610825,0.0853696328,-0.00621950717,-0.00493510472,0.0550249461,2.48092017,1708.28325
0.176134262,0.149258983,0.0028323044,-2.53271743e-06,0.252949002,0.0712521892,1686.19524
0.176168731,0.14884805,0.00431206057,-6.34032551e-06,0.250140352,0.129095091,1686.8502
0.176205679,0.148407569,0.00582917005,-1.2295323e-05,0.247181247,0.190887882,1687.54698
0.176245283,0.147935415,0.00737876703,-2.10662679e-05,0.244066994,0.256763209,1688.28847
0.176287736,0.147429312,0.00895498897,-3.33095449e-05,0.240793096,0.326536333,1689.07765
0.176333241,0.146886817,0.010550885,-4.97466593e-05,0.23735553,0.399967966,1689.91741
0.176382017,0.146305314,0.01215833,-7.11549985e-05,0.233750643,0.476855763,1690.81039
0.176434302,0.145681998,0.01376794,-9.83795587e-05,0.22997487,0.556934267,1691.75867
0.176439204,0.0803647536,-0.00925563337,-0.00530178356,0.0471010265,2.70057994,1708.18168
0.176490345,0.145013864,0.0153689844,-0.000132327321,0.226024986,0.639866107,1692.76351
0.176550418,0.144297686,0.0169493145,-0.000173962188,0.221898261,0.725231879,1693.82488
0.176614811,0.143530013,0.0184953111,-0.000224290287,0.217592506,0.812535113,1694.94101
0.176683834,0.14270714,0.019991853,-0.000284373319,0.21310621,0.90134269,1696.10787
0.17675782,0.141825099,0.0214223104,-0.000355344033,0.208438718,0.991304124,1697.31858
0.176793955,0.075,-0.0118947108,-0.00561362596,0.0388294871,2.94257782,1707.99973
0.176837127,0.140879634,0.0227685458,-0.000438415883,0.203590332,1.08147163,1698.5629
0.176922135,0.139866187,0.0240109706,-0.000534763321,0.198562381,1.17042928,1699.82674
0.177013256,0.138779867,0.0251287196,-0.000645415845,0.19335733,1.25751884,1701.09192
0.177110929,0.137615437,0.0260998587,-0.000771488106,0.187978912,1.34245508,1702.33618
0.177148707,0.0696352464,-0.0138848778,-0.00582376446,0.0307515064,3.18688427,1707.77738
0.177215626,0.136367278,0.0269015954,-0.000914161271,0.182432233,1.42436066,1703.53375
0.17732785,0.13502937,0.0275105824,-0.00107451989,0.176723848,1.50235986,1704.65651
0.177448144,0.133595261,0.0279033594,-0.00125360836,0.170861807,1.57608077,1705.67596
0.177479661,0.0646303672,-0.0151583497,-0.00591319443,0.0233750244,3.41095088,1707.60889
0.177577088,0.132058033,0.0280569172,-0.00145243297,0.164855625,1.64538947,1706.56585
0.177715303,0.13041027,0.0279493343,-0.00167195409,0.158716159,1.71036272,1707.30533
0.177788414,0.0599612217,-0.0158551787,-0.0058937306,0.0166300382,3.61219856,1707.57198
0.177863457,0.128644026,0.0275604768,-0.00191305594,0.152455371,1.77136315,1707.88199
0.178022263,0.12675078,0.0268727989,-0.00217653955,0.146085934,1.82903521,1708.29515
0.178076456,0.0556052884,-0.0160999,-0.00577893824,0.01045992,3.79152905,1707.70266
0.178192489,0.124721401,0.0258722881,-0.00246297988,0.139620679,1.88417172,1708.55634
0.178345176,0.0515415566,-0.0159968061,-0.0055845288,0.00481514563,3.94903637,1708.01042
0.178374955,0.1225461,0.0245495264,-0.00277274569,0.133071845,1.93808646,1708.68754
0.17857054,0.120214384,0.0229005528,-0.00310615086,0.126450147,1.99281006,1708.71885
0.17859587,0.0477504251,-0.0156348209,-0.00532838035,-0.00034944243,4.08464485,1708.482
0.178780189,0.117715008,0.0209279268,-0.00346327615,0.119763653,2.05016053,1708.68431
0.178829746,0.0442136074,-0.0150869064,-0.00502638673,-0.00507573019,4.19998419,1709.076
0.179004914,0.115035914,0.018642014,-0.00384366681,0.113016534,2.11173632,1708.61586
0.179047934,0.040914044,-0.0144114467,-0.00469328511,-0.00940268701,4.29714764,1709.7479
0.179245796,0.112164181,0.0160620531,-0.00424615103,0.106207742,2.17948695,1708.5391
0.179251486,0.0378358195,-0.0136543348,-0.00434189692,-0.0133664442,4.37852084,1710.46291
0.179441383,0.0349640862,-0.0128509186,-0.00398303764,-0.0170003039,4.44642929,1711.19995
0.179504,0.109085956,0.0132172722,-0.00466869563,0.0993297556,2.25555349,1708.47197
0.179618542,0.0322849924,-0.0120278977,-0.00362551784,-0.0203347681,4.50296242,1711.9501
0.179780769,0.105786393,0.0101479517,-0.00510806734,0.092367532,2.34215357,1708.42354
0.179783816,0.0297856156,-0.0112050087,-0.00327628237,-0.0233976137,4.54990239,1712.71216
0.179938004,0.0274539002,-0.010396528,-0.00294058562,-0.0262140142,4.58869737,1713.48775
0.18,0.15,0,0,0.258990087,0.577692626,1685.55234
0.180036204,0.14964235,0.00134098432,-2.42345794e-06,0.256244333,0.607191089,1686.0856
0.18007501,0.149258983,0.00272372869,-7.24713157e-06,0.253374451,0.671023155,1686.64894
0.180077439,0.102249575,0.00690636496,-0.00555934844,0.0852978809,2.44151854,1708.39496
0.180081849,0.0252785992,-0.0096124867,-0.00262221507,-0.0288066965,4.62050814,1714.27751
0.180116607,0.14884805,0.00414504825,-1.64811654e-05,0.250376938,0.739724818,1687.24518
0.180161196,0.148407569,0.00560117353,-3.03264165e-05,0.247248168,0.812007422,1687.87766
0.18020899,0.147935415,0.00708748195,-4.96292673e-05,0.243984484,0.88765919,1688.55003
0.180216044,0.0232492201,-0.00885962919,-0.00232373283,-0.0311961208,4.64628627,1715.07918
0.180260221,0.147429312,0.00859840839,-7.52256949e-05,0.240582123,0.96654212,1689.26613
0.180315136,0.146886817,0.010127356,-0.00010805587,0.237037346,1.04849104,1690.02999
0.180341238,0.0213559743,-0.00814222552,-0.00204668361,-0.0334006707,4.66682765,1715.88736
0.180373999,0.146305314,0.0116666042,-0.000149100949,0.233346412,1.1331308,1690.84544
0.180395442,0.0984584434,0.00355755457,-0.00601533544,0.078089478,2.55578547,1708.38092
0.180437095,0.145681998,0.0132072181,-0.000199369338,0.229505578,1.22021274,1691.71572
0.180458033,0.0195897299,-0.00746270861,-0.00179178729,-0.035436845,4.6828584,1716.69432
0.180504728,0.145013864,0.0147389687,-0.000259970535,0.225511358,1.30957539,1692.64321
0.180566993,0.0179419674,-0.00682215707,-0.00155919198,-0.0373194478,4.69511054,1717.49134
0.180577223,0.144297686,0.0162502626,-0.000332101094,0.221360505,1.400822,1693.62901
0.180654932,0.143530013,0.017728085,-0.000416998908,0.217050101,1.49350868,1694.6725
0.180668645,0.0164047389,-0.00622065294,-0.0013485634,-0.0390617631,4.70408918,1718.26987
0.18073631,0.0943947116,0.000179864227,-0.00646574696,0.0707037674,2.68683055,1708.37004
0.180738228,0.14270714,0.0191579586,-0.000515970569,0.212577669,1.58709137,1695.77077
0.180763477,0.0149706296,-0.00565755546,-0.00115910075,-0.0406757171,4.7102454,1719.0225
0.180827514,0.141825099,0.0205239326,-0.000630320344,0.207941305,1.68083863,1696.91817
0.180851948,0.0136327222,-0.00513172773,-0.000989755793,-0.0421720327,4.71413468,1719.74338
0.18092322,0.140879634,0.021808563,-0.000761345642,0.203139798,1.77389966,1698.10576
0.180934484,0.0123845633,-0.00464170348,-0.000839356795,-0.0435603648,4.71620044,1720.42843
0.181011483,0.0112201325,-0.00418580207,-0.000706614681,-0.0448494213,4.71680461,1721.07521
0.181025807,0.139866187,0.0229929659,-0.000910426983,0.198172719,1.86573741,1699.32092
0.181083318,0.0101338132,-0.00376221645,-0.000590181285,-0.0460470717,4.71626144,1721.68268
0.181101688,0.0900387783,-0.00313488967,-0.0068963947,0.0630967811,2.83614509,1708.34335
0.181135771,0.138779867,0.024057036,-0.00107894202,0.193040596,1.95588213,1700.54711
0.181150333,0.00912036556,-0.00336907969,-0.000488683737,-0.0471604427,4.71481271,1722.25098
0.181212853,0.00817490128,-0.00300451534,-0.000400768143,-0.0481960025,4.71271458,1722.78107
0.181253642,0.137615437,0.0249796299,-0.00126823261,0.187745112,2.04335975,1701.76393
0.18127118,0.00729285993,-0.00266667408,-0.000325148871,-0.0491596342,4.71018135,1723.27448
0.181325593,0.00646998704,-0.00235375764,-0.000260589171,-0.0500567012,4.70730576,1723.73313
0.181376357,0.0057023135,-0.00206403595,-0.000205903883,-0.0508921028,4.70420589,1724.15914
0.181379989,0.136367278,0.0257387235,-0.001479591,0.182289085,2.12725028,1702.94752
0.181423715,0.00498613648,-0.00179586004,-0.000160001763,-0.0516703244,4.70101066,1724.55469
0.181467896,0.00431800152,-0.00154766895,-0.000121872324,-0.0523954801,4.69776675,1724.92196
0.181493339,0.0853696328,-0.00628169046,-0.00728767071,0.0552222139,3.00452702,1708.27373
0.181509114,0.00369468589,-0.00131799272,-9.05829331e-05,-0.0530713508,4.69453294,1725.26307
0.18151542,0.13502937,0.0263117607,-0.00171420919,0.176676531,2.20696793,1704.07159
0.181547566,0.00311318307,-0.00110545316,-6.52905077e-05,-0.0537014168,4.69134928,1725.57999
0.181583439,0.0025706882,-0.000908762831,-4.52260596e-05,-0.0542888875,4.68822911,1725.87461
0.181616906,0.00206458457,-0.000726722729,-2.96895774e-05,-0.054836726,4.68519305,1726.14864
0.181648128,0.00159243101,-0.000558218878,-1.80655214e-05,-0.0553476727,4.68230075,1726.40368
0.181660589,0.133595261,0.026676116,-0.00197318405,0.170912869,2.2819718,1705.10899
0.181677255,0.00115195011,-0.000402218365,-9.78225072e-06,-0.0558242642,4.67956641,1726.64119
0.181704429,0.000741017226,-0.000257764705,-4.47170736e-06,-0.0562688516,4.67716352,1726.86249
0.181729779,0.000357650242,-0.000123973851,-1.34056688e-06,-0.056683616,4.67167167,1727.06881
0.18175343,0,0,0,-0.0570705769,4.66750871,1727.26122
0.181816197,0.132058033,0.0268095956,-0.00225747461,0.16500485,2.35188924,1706.03398
0.181913151,0.0803647536,-0.00914327921,-0.00761501928,0.0470357545,3.19288605,1708.13047
0.181982994,0.13041027,0.0266910363,-0.00256785818,0.158960419,2.41660505,1706.82492
0.182161784,0.128644026,0.0263010109,-0.0029048845,0.152788482,2.47629625,1707.46707
0.18235343,0.12675078,0.0256226264,-0.00326886726,0.146498546,2.53153172,1707.95538
0.18236315,0.075,-0.0115935087,-0.0078476632,0.038500491,3.40252669,1707.90172
0.182558856,0.124721401,0.0246424341,-0.00365973916,0.140100211,2.58315783,1708.29608
0.182779054,0.1225461,0.0233514652,-0.00407708039,0.133602471,2.63215172,1708.50551
0.182813149,0.0696352464,-0.0133943953,-0.00794338565,0.0301826499,3.61562889,1707.65225
0.183015084,0.120214384,0.0217462817,-0.00452011739,0.127012867,2.67997442,1708.60791
0.183232961,0.0646303672,-0.0144939213,-0.00789833273,0.0226067477,3.80925134,1707.49699
0.183268087,0.117715008,0.0198299333,-0.00498730753,0.120336463,2.72828813,1708.63247
0.183539281,0.115035914,0.017613063,-0.00547627938,0.113574725,2.77873733,1708.60885
0.183624612,0.0599612217,-0.0150331912,-0.00773156013,0.0156975741,3.98320243,1707.5109
0.183829976,0.112164181,0.0151151286,-0.00598371525,0.106724365,2.83328599,1708.56364
0.18398999,0.0556052884,-0.015136994,-0.00746338169,0.00939272499,4.13889313,1707.72099
0.184141573,0.109085956,0.0123655259,-0.00650500974,0.0997762603,2.89402482,1708.51526
0.184330859,0.0515415566,-0.0149114875,-0.00711633567,0.00363711647,4.27391875,1708.1277
0.184475575,0.105786393,0.0094046647,-0.00703393723,0.0927146158,2.9630844,1708.4736
0.184648861,0.0477504251,-0.0144464752,-0.00671125817,-0.00161936976,4.38891179,1708.69996
0.184833594,0.102249575,0.00628492825,-0.00756214447,0.0855165433,3.04260376,1708.44256
0.184945531,0.0442136074,-0.013814765,-0.00626702213,-0.00642281526,4.48578536,1709.38044
0.184963636,0.15,0,0,0.24902388,1.36128087,1687.49155
0.185002737,0.14964235,0.00124579046,-4.05361567e-06,0.246722753,1.39451413,1687.86531
0.185044649,0.149258983,0.00253197876,-1.26159165e-05,0.244294426,1.46792387,1688.26272
0.185089575,0.14884805,0.0038555569,-2.80712776e-05,0.241735232,1.54798997,1688.68743
0.185137731,0.148407569,0.00521301241,-5.1009621e-05,0.239040429,1.63118142,1689.14394
0.18518935,0.147935415,0.0066000144,-8.24772256e-05,0.236205343,1.71690119,1689.63723
0.185217355,0.0984584434,0.0030714491,-0.00807858672,0.0781522842,3.13463245,1708.41796
0.185222301,0.040914044,-0.0130740908,-0.00580037832,-0.0108156037,4.56676644,1710.11656
0.18524468,0.147429312,0.00801132837,-0.000123523493,0.233225399,1.8050343,1690.17262
0.185303989,0.146886817,0.00944073231,-0.000175322359,0.230096019,1.89543164,1690.75566
0.185367563,0.146305314,0.0108809261,-0.000239083408,0.226812724,1.98765833,1691.3918
0.185435707,0.145681998,0.0123234461,-0.000316034257,0.223371411,2.08150845,1692.08608
0.185480504,0.0378358195,-0.0122693536,-0.00532525547,-0.0148365611,4.63424036,1710.87131
0.185508752,0.145013864,0.0137585937,-0.000407529427,0.219768327,2.17692412,1692.84281
0.185587049,0.144297686,0.0151753655,-0.000515019584,0.216000047,2.27343729,1693.66512
0.185628711,0.0943947116,-0.000157359765,-0.00856877926,0.0705862706,3.24098864,1708.38751
0.185670976,0.143530013,0.0165613958,-0.000639964099,0.212063525,2.37053978,1694.55435
0.185721387,0.0349640862,-0.0114347005,-0.00485278154,-0.0185210635,4.69040309,1711.62551
0.185760938,0.14270714,0.0179029181,-0.000783872372,0.207956159,2.46775084,1695.5095
0.185857368,0.141825099,0.019184753,-0.000948337174,0.20367585,2.56438253,1696.52679
0.185946111,0.0322849924,-0.0105954346,-0.00439175703,-0.0219011718,4.73742561,1712.37468
0.185960732,0.140879634,0.0203903546,-0.00113487475,0.199221076,2.65969306,1697.59907
0.186069646,0.0900387783,-0.0033096132,-0.00901406084,0.0627791617,3.36318505,1708.32978
0.186071528,0.139866187,0.0215018822,-0.00134494569,0.194591006,2.75342903,1698.7155
0.18615576,0.0297856156,-0.00976984951,-0.00394900706,-0.0250058086,4.77687371,1713.12334
0.186190292,0.138779867,0.0225002582,-0.0015801606,0.189785628,2.8449243,1699.86134
0.186317595,0.137615437,0.0233653067,-0.00184206826,0.184805795,2.93301608,1701.01792
0.186351346,0.0274539002,-0.0089707088,-0.00352921045,-0.0278609716,4.80972267,1713.87903
0.186454051,0.136367278,0.0240760257,-0.00213199683,0.179653169,3.01686681,1702.16313
0.186533811,0.0252785992,-0.00820655356,-0.0031354003,-0.0304899676,4.83700239,1714.64779
0.186542286,0.0853696328,-0.00628025522,-0.00939019123,0.0546909836,3.50217408,1708.21491
0.18660032,0.13502937,0.0246109044,-0.00245113,0.174330546,3.09570248,1703.27215
0.186704037,0.0232492201,-0.00748276003,-0.00276952607,-0.0329136559,4.85950323,1715.43163
0.186757105,0.133595261,0.0249483147,-0.00280044793,0.168841963,3.16884232,1704.31884
0.186862843,0.0213559743,-0.0068023219,-0.00243249579,-0.0351506878,4.8777455,1716.22811
0.186925165,0.132058033,0.0250670256,-0.00318065677,0.163192465,3.23576846,1705.27755
0.187010997,0.0195897299,-0.00616647437,-0.00212437239,-0.0372177411,4.89226517,1717.03117
0.187048911,0.0803647536,-0.00895216682,-0.00966787078,0.0462852284,3.65918382,1708.01559
0.187105309,0.13041027,0.0249467921,-0.00359213446,0.157387959,3.29618097,1706.12541
0.187149212,0.0179419674,-0.00557518815,-0.00184469767,-0.0391297376,4.90362348,1717.83264
0.187278156,0.0164047389,-0.00502753153,-0.00159255494,-0.0409000326,4.91215797,1718.62374
0.187298406,0.128644026,0.0245690305,-0.00403486069,0.15143498,3.35004259,1706.84481
0.18739845,0.0149706296,-0.00452194329,-0.00136659841,-0.0425406014,4.91821788,1719.39625
0.187505387,0.12675078,0.0239176203,-0.0045083566,0.145340534,3.39766177,1707.42563
0.187510675,0.0136327222,-0.00405645476,-0.00116528608,-0.0440622045,4.92226411,1720.14322
0.187591964,0.075,-0.0111993544,-0.00981262365,0.0375339218,3.83591062,1707.73981
0.187615371,0.0123845633,-0.00362885224,-0.000986988722,-0.0454745262,4.92465888,1720.85936
0.187713044,0.0112201325,-0.00323678713,-0.000829995046,-0.0467863026,4.92570303,1721.54102
0.187727251,0.124721401,0.0229797858,-0.00501156049,0.139111632,3.43967866,1707.86729
0.187804165,0.0101338132,-0.00287785928,-0.000692569324,-0.0480054326,4.92566748,1722.18609
0.187889174,0.00912036556,-0.00254967976,-0.000572986604,-0.0491390749,4.92476729,1722.7937
0.187965069,0.1225461,0.021746994,-0.00554285089,0.132754659,3.47696536,1708.17887
0.18796848,0.00817490128,-0.00224991624,-0.000469572833,-0.0501937333,4.9232276,1723.36398
0.188042466,0.00729285993,-0.00197632477,-0.000380740339,-0.0511753298,4.92122393,1723.89779
0.188111489,0.00646998704,-0.00172677068,-0.000304980643,-0.0520892698,4.91886692,1724.39649
0.188135018,0.0696352464,-0.012799134,-0.00978721969,0.0290254118,4.01568619,1707.48747
0.188175882,0.0057023135,-0.00149924111,-0.000240875486,-0.0529404974,4.91627086,1724.86176
0.188219987,0.120214384,0.0202159853,-0.00609974094,0.126274643,3.51052878,1708.37735
0.188235955,0.00498613648,-0.00129185094,-0.000187112251,-0.0537335442,4.91352533,1725.29547
0.188291999,0.00431800152,-0.00110284557,-0.000142482305,-0.0544725721,4.91070235,1725.69954
0.188344283,0.00369468589,-0.000930600614,-0.000105880994,-0.0551614103,4.90785963,1726.07591
0.18839306,0.00311318307,-0.000773617701,-7.63044237e-05,-0.0558035875,4.90504157,1726.42647
0.188438565,0.0025706882,-0.000630519483,-5.28464589e-05,-0.0564023608,4.90228381,1726.75302
0.188481017,0.00206458457,-0.000500043978,-3.46879993e-05,-0.0569607404,4.89959748,1727.05726
0.188493234,0.117715008,0.0183899325,-0.00667861386,0.119674403,3.54186496,1708.48527
0.188520621,0.00159243101,-0.000381037856,-2.1105427e-05,-0.0574815123,4.89703851,1727.34079
0.188557569,0.00115195011,-0.000272449334,-1.14281757e-05,-0.0579672572,4.89462194,1727.6051
0.188592039,0.000741017226,-0.000173320749,-5.21967848e-06,-0.0584203687,4.89255062,1727.85155
0.188624196,0.000357650242,-8.27817918e-05,-1.56465873e-06,-0.0588430685,4.8868831,1728.08143
0.188641643,0.0646303672,-0.0137176555,-0.00960441084,0.021297338,4.17869597,1707.3877
0.188654196,0,0,0,-0.0592374174,4.88240242,1728.29588
0.18878613,0.115035914,0.0162795463,-0.00727482782,0.112953614,3.57277265,1708.52786
0.189100086,0.112164181,0.0139042284,-0.00788237803,0.106107852,3.60502652,1708.53008
0.189114283,0.0599612217,-0.0140961491,-0.00929123838,0.0142691451,4.32475053,1707.49733
0.189436616,0.109085956,0.01129318,-0.00849356016,0.0991277498,3.64067678,1708.51078
0.189555217,0.0556052884,-0.0140588132,-0.00887371647,0.00787247251,4.4535022,1707.83391
0.189797345,0.105786393,0.00848642085,-0.00909865302,0.0919983835,3.68186238,1708.48183
0.189927273,0.15,0,0,0.234208655,2.09069216,1689.97389
0.189966573,0.0515415566,-0.0137136357,-0.00838085687,0.00204656576,4.56345656,1708.38207
0.189968478,0.14964235,0.00113242091,-4.90673673e-06,0.232417548,2.12360589,1690.19136
0.190012646,0.149258983,0.00230371491,-1.55294622e-05,0.23050824,2.19815731,1690.42463
0.190059991,0.14884805,0.0035112163,-3.45483408e-05,0.22847549,2.28154673,1690.67732
0.190110739,0.148407569,0.0047518153,-6.30063529e-05,0.226313107,2.36851642,1690.95405
0.190165137,0.147935415,0.00602162359,-0.000102211922,0.224014876,2.45843546,1691.2602
0.190184013,0.102249575,0.00553580228,-0.00968548809,0.0846990846,3.73072996,1708.44893
0.190223446,0.147429312,0.00731588979,-0.0001535521,0.221574596,2.55111632,1691.60173
0.190285948,0.146886817,0.00862891521,-0.000218516007,0.218986183,2.64628642,1691.98501
0.190350335,0.0477504251,-0.0131502828,-0.0078364884,-0.00326368577,4.65558481,1709.08086
0.190352944,0.146305314,0.0099539736,-0.000298660464,0.216243869,2.74366314,1692.41672
0.190424757,0.145681998,0.0112832328,-0.000395615723,0.213342067,2.84298385,1692.90368
0.190501734,0.145013864,0.0126076744,-0.000511098165,0.210275267,2.94394336,1693.4524
0.190584246,0.144297686,0.0139170221,-0.000646887225,0.207038276,3.0460749,1694.06853
0.190598483,0.0984584434,0.00250580545,-0.0102389261,0.0772038456,3.78939234,1708.40798
0.190672691,0.143530013,0.0151996898,-0.000804785232,0.203626304,3.14887708,1694.75634
0.190708354,0.0442136074,-0.0124410472,-0.00726216524,-0.00810853797,4.73219894,1709.85932
0.190767495,0.14270714,0.0164427555,-0.000986618203,0.200035041,3.25194508,1695.51809
0.190869117,0.141825099,0.0176319415,-0.00119434916,0.196260736,3.35494669,1696.35334
0.190978045,0.140879634,0.0187516321,-0.00142992359,0.192300294,3.45694824,1697.25831
0.191042356,0.040914044,-0.0116426345,-0.0066763578,-0.012533724,4.79550279,1710.66061
0.191042756,0.0943947116,-0.000525977018,-0.0107401823,0.0694824947,3.85977922,1708.34472
0.191094806,0.139866187,0.0197849374,-0.00169502901,0.188151381,3.55664593,1698.22541
0.191219963,0.138779867,0.0207137715,-0.00199128899,0.183812457,3.65311086,1699.24294
0.191353953,0.0378358195,-0.0107983234,-0.00609322762,-0.0165806676,4.84740846,1711.44943
0.191354119,0.137615437,0.0215190067,-0.00232025459,0.179282769,3.74556621,1700.29504
0.191497921,0.136367278,0.0221807114,-0.00268323811,0.174562527,3.83314896,1701.36192
0.191518974,0.0900387783,-0.00346872119,-0.01116633,0.0615029083,3.94361349,1708.23553
0.191644647,0.0349640862,-0.00994044672,-0.00552351636,-0.0202867006,4.89035072,1712.21176
0.191652064,0.13502937,0.0226784529,-0.00308136576,0.169653016,3.91506455,1702.42061
0.19181729,0.133595261,0.0229916799,-0.00351549311,0.16455645,3.99041076,1703.44605
0.191915842,0.0322849924,-0.00909258859,-0.00497567943,-0.0236853135,4.92639239,1712.94979
0.191994396,0.132058033,0.0231001738,-0.00398595337,0.159275913,4.05827755,1704.41274
0.192029434,0.0853696328,-0.00621850933,-0.0114888587,0.0532340517,4.04220477,1708.05305
0.192168844,0.0297856156,-0.00827138776,-0.00445586219,-0.0268064438,4.95681906,1713.6749
0.192184238,0.13041027,0.0229846165,-0.00449255158,0.153815112,4.11822486,1705.29662
0.19238773,0.128644026,0.0226272819,-0.00503460738,0.148178393,4.170022,1706.07737
0.192404875,0.0274539002,-0.00748803838,-0.0039679101,-0.0296767834,4.9823678,1714.40101
0.192576599,0.0803647536,-0.00865934512,-0.0116748076,0.0446496055,4.15756645,1707.78723
0.192605854,0.12675078,0.0220128061,-0.00561076488,0.142370648,4.21362403,1706.74025
0.192625072,0.0252785992,-0.00674959917,-0.00351402292,-0.032320095,5.00384426,1715.1395
0.192830499,0.0232492201,-0.00606007679,-0.00309534931,-0.0347575185,5.0217949,1715.89647
0.192839662,0.124721401,0.0211290155,-0.00621880902,0.13639671,4.24923559,1707.27808
0.193022145,0.0213559743,-0.00542121926,-0.00271204469,-0.037007866,5.03651247,1716.67223
0.193090282,0.1225461,0.0199678186,-0.00685559856,0.130260767,4.27736434,1707.69231
0.193163107,0.075,-0.0106670894,-0.0116865762,0.03573247,4.29109763,1707.48551
0.193200935,0.0195897299,-0.00483312388,-0.00236348524,-0.0390878956,5.04829641,1717.46226
0.193358923,0.120214384,0.0185263075,-0.00751673487,0.123965802,4.2991013,1707.99221
0.193367732,0.0179419674,-0.00429471131,-0.00204852495,-0.0410125469,5.05743341,1718.25892
0.193523339,0.0164047389,-0.00380409668,-0.00176561305,-0.0427951624,5.0641771,1719.05321
0.19364688,0.117715008,0.0168079065,-0.00819660521,0.117513018,4.31592925,1708.19329
0.193668509,0.0149706296,-0.00335886917,-0.00151291575,-0.0444476935,5.06881793,1719.83619
0.193749616,0.0696352464,-0.0120397163,-0.0114991506,0.0270901047,4.4268124,1707.29259
0.19380394,0.0136327222,-0.00295628885,-0.00128843979,-0.0459808668,5.07165362,1720.59993
0.193930286,0.0123845633,-0.00259343783,-0.00109011239,-0.0474043315,5.072981,1721.33803
0.193955543,0.115035914,0.0148232909,-0.00888824996,0.110901004,4.32942501,1708.3146
0.194048157,0.0112201325,-0.00226733582,-0.000915842312,-0.0487267927,5.07307679,1722.04574
0.194158121,0.0101338132,-0.00197502021,-0.000763561779,-0.0499561242,5.07218452,1722.71989
0.194260709,0.00912036556,-0.00171360374,-0.000631258848,-0.0510994672,5.07051493,1723.35869
0.1942864,0.112164181,0.0125915202,-0.00958284364,0.104124975,4.34123481,1708.37568
0.194296781,0.0646303672,-0.0127607407,-0.0111441167,0.0192680102,4.5501114,1707.31818
0.194356414,0.00817490128,-0.00148031534,-0.000517003275,-0.0521633148,5.06824966,1723.96145
0.1944457,0.00729285993,-0.00127252768,-0.000418965736,-0.0531535859,5.06554423,1724.52836
0.194528996,0.00646998704,-0.00108777534,-0.000335430444,-0.0540756887,5.06253049,1725.06022
0.194606705,0.0057023135,-0.000923764587,-0.000264802292,-0.0549345754,5.05931707,1725.55828
0.194641047,0.109085956,0.0101412878,-0.0102695601,0.0971761675,4.35323945,1708.39425
0.194679201,0.00498613648,-0.000778381499,-0.000205609785,-0.0557347906,5.0559902,1726.02404
0.194746834,0.00431800152,-0.000649696627,-0.000156504294,-0.0564805125,5.05261781,1726.4592
0.194807241,0.0599612217,-0.0129698762,-0.010657367,0.0121786139,4.66040791,1707.59602
0.19480993,0.00369468589,-0.000535950744,-0.00011625645,-0.057175589,5.04925403,1726.86548
0.194868793,0.00311318307,-0.000435539203,-8.37512326e-05,-0.0578235698,5.04594065,1727.24465
0.194890909,0.15,0,0,0.219394549,2.74160311,1692.45605
0.194923708,0.0025706882,-0.000347005466,-5.7983772e-05,-0.0584277342,5.04270969,1727.59842
0.19493347,0.14964235,0.00101094014,-5.4046509e-06,0.217891341,2.77368838,1692.56071
0.194974939,0.00206458457,-0.000269032646,-3.80474205e-05,-0.0589911152,5.03956937,1727.92846
0.194979091,0.149258983,0.00205805245,-1.72646388e-05,0.216287166,2.84771623,1692.67322
0.195021196,0.105786393,0.00751191831,-0.0109352112,0.0900414511,4.36762589,1708.38329
0.195022733,0.00159243101,-0.000200434005,-2.31420785e-05,-0.0595165218,5.03658462,1728.23636
0.195027993,0.14884805,0.00313908365,-3.84596742e-05,0.214576556,2.93205993,1692.79649
0.195067321,0.00115195011,-0.000140142941,-1.25286018e-05,-0.0600065577,5.03376718,1728.52359
0.195080411,0.148407569,0.00425141795,-7.03788967e-05,0.21275335,3.02045542,1692.93437
0.195108918,0.000741017226,-8.72033408e-05,-5.7213822e-06,-0.0604636389,5.03132954,1728.79158
0.195136598,0.147935415,0.00539173211,-0.000114564879,0.210811198,3.11231975,1693.09151
0.195147725,0.000357650242,-4.07607211e-05,-1.71085554e-06,-0.0608900088,5.02490055,1729.04162
0.195183929,0,0,0,-0.0612877536,5.01986944,1729.27493
0.195196825,0.147429312,0.00655591205,-0.000172708609,0.208743588,3.20745907,1693.2734
0.195261382,0.146886817,0.00773896976,-0.000246619255,0.206543884,3.30559723,1693.48632
0.195283459,0.0556052884,-0.0127915616,-0.0100729616,0.00574630501,4.75580814,1708.13004
0.195330582,0.146305314,0.00893495912,-0.000338209014,0.204205361,3.40648127,1693.73725
0.195404757,0.145681998,0.0101368925,-0.000449493798,0.201721258,3.50980886,1694.0337
0.195428678,0.102249575,0.00475434738,-0.0115639645,0.0827033507,4.38662025,1708.34776
0.195484266,0.145013864,0.0113366607,-0.000582581041,0.19908483,3.61521135,1694.38336
0.195569492,0.144297686,0.0125249653,-0.000739648821,0.196289425,3.72228437,1694.79369
0.195660847,0.143530013,0.0136912577,-0.000922938524,0.193328551,3.8305479,1695.27144
0.195727732,0.0515415566,-0.0123334631,-0.00942431008,-9.62340405e-05,4.83544485,1708.86373
0.19575877,0.14270714,0.0148236953,-0.00113471376,0.190195972,3.93934819,1695.822
0.195863734,0.141825099,0.0159091196,-0.00137721817,0.186885789,4.0479241,1696.44879
0.195865461,0.0984584434,0.00193191471,-0.0121367413,0.0751406214,4.4123515,1708.28285
0.195976245,0.140879634,0.0169330578,-0.00165264053,0.183392542,4.15544785,1697.15248
0.196096847,0.139866187,0.0178797634,-0.0019630508,0.179711308,4.26102305,1697.93013
0.196142202,0.0477504251,-0.0116832074,-0.00873787622,-0.00540962848,4.89984082,1709.7077
0.19622612,0.138779867,0.0187323245,-0.00231037791,0.175837793,4.36369027,1698.77481
0.19633365,0.0943947116,-0.000879322256,-0.0126306316,0.0673295564,4.4468851,1708.1738
0.196364689,0.137615437,0.0194728236,-0.00269633545,0.171768456,4.46235424,1699.67525
0.196513222,0.136367278,0.0200825346,-0.00312230279,0.167500701,4.55587927,1700.61584
0.196528869,0.0442136074,-0.010910716,-0.00803616656,-0.0102485445,4.95189465,1710.58343
0.196672435,0.13502937,0.0205422062,-0.00358932796,0.16303272,4.64328994,1701.57708
0.196835504,0.0900387783,-0.00359035437,-0.0130189333,0.0592461181,4.49260571,1707.99986
0.196843096,0.133595261,0.0208324193,-0.00409806687,0.158363448,4.72347668,1702.5364
0.196889598,0.040914044,-0.0100703062,-0.00733790615,-0.0146621058,4.99377109,1711.4368
0.197026028,0.132058033,0.0209340154,-0.00464848181,0.153492686,4.79525221,1703.46954
0.197222114,0.13041027,0.0208286515,-0.00523980307,0.148421032,4.85789995,1704.35219
0.197226129,0.0378358195,-0.0092028204,-0.00665654239,-0.0186942488,5.02731569,1712.24047
0.197373444,0.0853696328,-0.0060982994,-0.0132694093,0.0508687466,4.55132369,1707.74787
0.1974323,0.128644026,0.020499466,-0.00587057792,0.143149849,4.91087406,1705.16198
0.197540085,0.0349640862,-0.00833812033,-0.00600181489,-0.0223840965,5.05486846,1712.99005
0.197657599,0.12675078,0.0199318045,-0.00653837617,0.137680948,4.9537257,1705.88038
0.19783298,0.0322849924,-0.00749745988,-0.0053808773,-0.0257663642,5.0779891,1713.69708
0.197899098,0.124721401,0.0191140471,-0.00723961368,0.132016183,4.98648462,1706.49455
0.197950065,0.0803647536,-0.00828921921,-0.0133459348,0.0421816786,4.62478026,1707.44348
0.198106228,0.0297856156,-0.00669536364,-0.00479831894,-0.0288717815,5.09765793,1714.38113
0.198157962,0.1225461,0.0180385741,-0.00796969062,0.126156955,5.0096769,1706.99855
0.198361145,0.0274539002,-0.00594124412,-0.00425673516,-0.0317275142,5.11448752,1715.06279
0.198435439,0.120214384,0.0167027636,-0.00872250824,0.120103987,5.02367385,1707.39358
0.198568147,0.075,-0.0100435411,-0.0132083487,0.0331787623,4.7135663,1707.18792
0.198598963,0.0252785992,-0.00524063927,-0.00375722899,-0.0343575684,5.12881064,1715.75848
0.198732868,0.117715008,0.015109939,-0.00949001308,0.113856864,5.02925924,1707.68705
0.198820827,0.0232492201,-0.00459617849,-0.00329977702,-0.0367831715,5.140776,1716.47784
0.199027809,0.0213559743,-0.00400838327,-0.00288350777,-0.0390231223,5.15047286,1717.22332
0.199051684,0.115035914,0.0132704913,-0.0102625668,0.107413083,5.02819873,1707.89079
0.199186229,0.0696352464,-0.011182541,-0.0128480331,0.0244807774,4.80444928,1707.14143
0.199220906,0.0195897299,-0.00347627267,-0.00250694753,-0.0410940911,5.15799997,1717.99142
0.199393424,0.112164181,0.0112029779,-0.0110286096,0.100767605,5.02224736,1708.01838
0.19940105,0.0179419674,-0.00299779978,-0.00216820651,-0.0430108914,5.16348515,1718.77469
0.199569109,0.0164047389,-0.00257018498,-0.00186511271,-0.0447867325,5.16708646,1719.56371
0.199725895,0.0149706296,-0.00219018192,-0.00159532042,-0.0464334262,5.16898028,1720.34875
0.199759738,0.109085956,0.00893515545,-0.0117742381,0.0939125599,5.0131982,1708.08278
0.199762849,0.0646303672,-0.0117059501,-0.0123174233,0.0166356789,4.88744023,1707.37773
0.199854546,0.15,0,0,0.204581502,3.34147461,1694.93803
0.199872163,0.0136327222,-0.00185438574,-0.00135640093,-0.047961561,5.16935929,1721.12087
0.199897752,0.14964235,0.000884756667,-5.72640248e-06,0.203282196,3.37237327,1694.95116
0.199944066,0.149258983,0.00180229908,-1.84009844e-05,0.201895279,3.44477094,1694.96559
0.199993711,0.14884805,0.00275075811,-4.10161735e-05,0.200415721,3.52843384,1694.9835
0.20000862,0.0123845633,-0.0015593567,-0.00114590281,-0.0493806608,5.16843686,1721.87259
0.200046924,0.148407569,0.00372798708,-7.52122339e-05,0.198837851,3.61635265,1695.00797
0.200103964,0.147935415,0.00473121607,-0.000122690507,0.197155747,3.70802607,1695.04279
0.200135923,0.0112201325,-0.00130160741,-0.000961398734,-0.0506993184,5.16642992,1722.5981
0.20015239,0.105786393,0.00650510189,-0.0124829903,0.0868369965,5.00312571,1708.09352
0.200165106,0.147429312,0.00575697324,-0.000185363864,0.19536323,3.80330172,1695.09262
0.200230643,0.146886817,0.00680100536,-0.00026528868,0.193453887,3.90195848,1695.16296
0.200254686,0.0101338132,-0.0010776899,-0.000800529577,-0.0519253095,5.16354357,1723.29322
0.200300789,0.0599612217,-0.0117514246,-0.0116609784,0.00954927498,4.96013848,1707.90798
0.200300894,0.146305314,0.00785819546,-0.000364658894,0.191421085,4.00378565,1695.26012
0.200365483,0.00912036556,-0.000884286449,-0.000661036048,-0.0530656912,5.15996714,1723.9553
0.200376195,0.145681998,0.0089224806,-0.000485804616,0.189257993,4.10853742,1695.39121
0.200456912,0.145013864,0.00998677194,-0.000631183251,0.186957621,4.21591431,1695.56391
0.200468847,0.00817490128,-0.000718264845,-0.000540779721,-0.054126886,5.15587143,1724.58288
0.200543432,0.144297686,0.0110428823,-0.000803351582,0.184512856,4.3255011,1695.78625
0.200565277,0.00729285993,-0.000576697203,-0.000437755545,-0.0551147542,5.15140331,1725.17549
0.200573276,0.102249575,0.00396235942,-0.0131355081,0.0795270586,4.99431171,1708.05394
0.200636173,0.143530013,0.0120814606,-0.00100493359,0.181916514,4.43676306,1696.06612
0.200655239,0.00646998704,-0.000456870523,-0.000350096853,-0.0560346561,5.14668183,1725.73341
0.200735583,0.14270714,0.0130919381,-0.00123858893,0.179161405,4.54909656,1696.4108
0.200739166,0.0057023135,-0.000356292669,-0.000276084953,-0.0568915058,5.14180642,1726.25745
0.200802644,0.0556052884,-0.0114426369,-0.0109196888,0.00313917785,5.01986364,1708.69039
0.200817462,0.00498613648,-0.000272683954,-0.000214151984,-0.0576898172,5.13687101,1726.74879
0.20084214,0.141825099,0.0140624993,-0.00150696501,0.176240401,4.66178449,1696.82639
0.200890507,0.00431800152,-0.000203959436,-0.000162849088,-0.0584337445,5.13195524,1727.20885
0.20095636,0.140879634,0.0149800828,-0.00181264284,0.173146517,4.77397891,1697.31694
0.200958652,0.00369468589,-0.000148227566,-0.000120854894,-0.0591271176,5.12710987,1727.63917
0.201022226,0.00311318307,-0.000103789001,-8.69849517e-05,-0.0597734721,5.12236217,1728.04139
0.201024426,0.0984584434,0.00136884358,-0.0137087048,0.0719667007,4.98889474,1707.95961
0.201078793,0.139866187,0.0158304127,-0.00215806776,0.169873004,4.88470827,1697.88409
0.201081534,0.0025706882,-6.91230099e-05,-6.01709492e-05,-0.0603760769,5.1177323,1728.41713
0.201136865,0.00206458457,-4.28720396e-05,-3.94515989e-05,-0.0609379575,5.11322906,1728.76801
0.201188484,0.00159243101,-2.3824997e-05,-2.3978855e-05,-0.0614619176,5.10892358,1729.09557
0.201210029,0.138779867,0.0165980673,-0.00254547296,0.166413441,4.99288366,1698.52624
0.20123664,0.00115195011,-1.09082326e-05,-1.29774135e-05,-0.0619505571,5.1048298,1729.40132
0.201270833,0.0515415566,-0.0108847197,-0.0101293276,-0.00266794896,5.06723427,1709.62133
0.201281566,0.000741017226,-3.17684914e-06,-5.91519878e-06,-0.0624062896,5.10112783,1729.68667
0.201323478,0.000357650242,1.96797655e-07,-1.75905166e-06,-0.0628313569,5.09330898,1729.95297
0.201350702,0.137615437,0.0172666016,-0.00297679249,0.162761833,5.09731692,1699.2375
0.201362578,0,0,0,-0.0632278496,5.08754948,1730.20147
0.20150149,0.136367278,0.0178187355,-0.00345356378,0.158912704,5.19674552,1700.00782
0.201508016,0.0943947116,-0.0012012664,-0.0141761155,0.0641390495,4.98960488,1707.80033
0.20166312,0.13502937,0.0182366026,-0.00397682129,0.154861159,5.28986495,1700.82292
0.201707615,0.0477504251,-0.0101626452,-0.00931890096,-0.00793768424,5.10289925,1710.59849
0.201836372,0.133595261,0.0185020855,-0.00454698551,0.150602945,5.37537074,1701.66466
0.202022082,0.132058033,0.0185972598,-0.00516370591,0.14613448,5.45198105,1702.51199
0.202026378,0.0900387783,-0.00366064357,-0.014508544,0.0560284073,5.0003165,1707.56992
0.202115098,0.0442136074,-0.00934284429,-0.00851075452,-0.0127285441,5.12959065,1711.54641
0.202221145,0.13041027,0.0185049102,-0.00582572267,0.141452974,5.51857289,1703.34229
0.202434522,0.128644026,0.0182091252,-0.00653075834,0.136556234,5.57418812,1704.13298
0.202495246,0.040914044,-0.00847599415,-0.00772223135,-0.0170925066,5.14958701,1712.42176
0.202582013,0.0853696328,-0.0059095334,-0.0146694903,0.0476227799,5.02040991,1707.2869
0.202663242,0.12675078,0.0176960062,-0.00727528532,0.13144239,5.61804197,1704.86332
0.202849894,0.0378358195,-0.00759975957,-0.00696546842,-0.0210755261,5.16494461,1713.21047
0.202908407,0.124721401,0.0169544967,-0.00805436231,0.126109817,5.64982079,1705.51612
0.203171201,0.1225461,0.0159773017,-0.0088617318,0.120556898,5.66969695,1706.07914
0.203177601,0.0803647536,-0.00783930143,-0.0146191681,0.0389167991,5.0506136,1707.02929
0.203180751,0.0349640862,-0.00674122081,-0.00624865332,-0.024718075,5.17728286,1713.92081
0.203452892,0.120214384,0.01476177,-0.00968939574,0.114781771,5.67771994,1706.54587
0.203489414,0.0322849924,-0.00591913526,-0.00557692423,-0.0280557036,5.18767988,1714.57512
0.203754837,0.117715008,0.013310867,-0.0105270611,0.108781823,5.67449196,1706.91537
0.203777371,0.0297856156,-0.00514591541,-0.00495305589,-0.0311195949,5.19675799,1715.20137
0.203816014,0.075,-0.00933427537,-0.0143197848,0.0299147826,5.09456568,1706.93806
0.204046012,0.0274539002,-0.00442916632,-0.00437807103,-0.0339370943,5.20476198,1715.8262
0.204078493,0.115035914,0.0116343913,-0.0113624826,0.102553074,5.66135025,1707.19126
0.204296632,0.0252785992,-0.00377287921,-0.00385169625,-0.0365322036,5.21168351,1716.47001
0.204425422,0.112164181,0.00975001712,-0.012181097,0.0960900773,5.63982463,1707.37991
0.204454427,0.0696352464,-0.0102398087,-0.0137829667,0.0212441501,5.14257348,1707.14912
0.20453044,0.0232492201,-0.00317834176,-0.00337272807,-0.0389260281,5.21739208,1717.14482
0.204748564,0.0213559743,-0.00264500826,-0.00293932756,-0.0411371622,5.22173868,1717.85424
0.204797297,0.109085956,0.00768431641,-0.0129658437,0.0893858402,5.61216432,1707.48831
0.204818182,0.15,0,0,0.189769457,3.88586607,1697.41985
0.204861364,0.14964235,0.000757661321,-5.90931742e-06,0.18862597,3.91523137,1697.35858
0.204907651,0.149258983,0.001544165,-1.90667373e-05,0.187405192,3.98501552,1697.29325
0.204952056,0.0195897299,-0.00217107448,-0.00254921307,-0.0431820291,5.22461722,1718.59509
0.204957267,0.14884805,0.00235798135,-4.25104827e-05,0.186102542,4.06668487,1697.2254
0.20501045,0.148407569,0.00319738375,-7.80664261e-05,0.184712881,4.15271188,1697.1573
0.205050015,0.0646303672,-0.0105727869,-0.0130819769,0.0134496527,5.18531375,1707.69973
0.205067457,0.147935415,0.00406011415,-0.000127542659,0.183230794,4.242673,1697.0919
0.205128563,0.147429312,0.00494331225,-0.000193010118,0.18165059,4.33645099,1697.03293
0.205141897,0.0179419674,-0.00175372612,-0.0021998043,-0.0450751916,5.22597883,1719.35963
0.205194063,0.146886817,0.00584344304,-0.000276703736,0.179966299,4.43387343,1696.98491
0.205195911,0.105786393,0.00547405036,-0.0136972134,0.0824314701,5.58052965,1707.52195
0.205264273,0.146305314,0.00675622077,-0.000381025456,0.178171671,4.53477047,1696.95319
0.205319004,0.0164047389,-0.00138950767,-0.00188833024,-0.0468296094,5.22583022,1720.13777
0.205339531,0.145681998,0.00767653151,-0.000508541882,0.176260183,4.63893791,1696.944
0.205420201,0.145013864,0.00859835648,-0.000661970721,0.174225047,4.74609604,1696.9643
0.20548423,0.0149706296,-0.0010746629,-0.00161204799,-0.04845685,5.22425825,1720.9189
0.205506671,0.144297686,0.00951469752,-0.000844156976,0.17205923,4.85587761,1697.02166
0.205599359,0.143530013,0.0104175101,-0.00105804093,0.169755476,4.96781806,1697.12404
0.205605649,0.0599612217,-0.0104674352,-0.0122681471,0.00643131231,5.21913724,1708.55127
0.205623187,0.102249575,0.00316698095,-0.0143527558,0.0752166023,5.54708503,1707.48312
0.205638372,0.0136327222,-0.000805190984,-0.00136821108,-0.0499672782,5.2214325,1721.6931
0.205698712,0.14270714,0.0112976482,-0.00130661545,0.167306335,5.08134091,1697.27942
0.205782175,0.0123845633,-0.000576982526,-0.00115402292,-0.0513702153,5.21753415,1722.45188
0.205805208,0.141825099,0.012144824,-0.00159287167,0.164704209,5.195746,1697.49522
0.205916331,0.0112201325,-0.000386045518,-0.000966760782,-0.0526740735,5.2127119,1723.18845
0.205919362,0.140879634,0.012947589,-0.00191973188,0.1619414,5.31020179,1697.7777
0.206041488,0.0101338132,-0.000228551892,-0.000803862815,-0.0538864697,5.20710542,1723.89778
0.206041724,0.139866187,0.0136933452,-0.00228996883,0.15901017,5.42374021,1698.13155
0.206081187,0.0984584434,0.000822926175,-0.0149048389,0.0677303052,5.51374374,1707.37121
0.206124012,0.0556052884,-0.010045133,-0.0113875344,0.000100834639,5.24226989,1709.59281
0.206158249,0.00912036556,-0.000100864791,-0.000662931883,-0.0550143223,5.20087033,1724.57638
0.206172885,0.138779867,0.0143683942,-0.002706111,0.155902812,5.53525591,1698.55853
0.206267177,0.00817490128,4.2437207e-07,-0.000541694239,-0.0560639339,5.19417206,1725.22211
0.206313477,0.137615437,0.014958034,-0.00317033187,0.152611725,5.64351169,1699.05816
0.206368799,0.00729285993,7.84826609e-05,-0.000438035083,-0.0570410615,5.18715671,1725.83394
0.206463603,0.00646998704,0.000136229596,-0.000349993226,-0.0579509765,5.17993123,1726.41163
0.206464178,0.136367278,0.0154467117,-0.00368432503,0.149129495,5.7471518,1699.62666
0.206552048,0.0057023135,0.000176339995,-0.000275778205,-0.0587985171,5.17258019,1726.95562
0.206572119,0.0943947116,-0.00148878583,-0.0153274105,0.0599623425,5.48452432,1707.18967
0.206607601,0.0515415566,-0.00940636307,-0.0104775622,-0.00562023629,5.25679374,1710.69815
0.206625715,0.13502937,0.0158182436,-0.00424916449,0.145448973,5.84472912,1700.25527
0.20663456,0.00498613648,0.000201253703,-0.000213767105,-0.0595881318,5.16519332,1727.46675
0.206711537,0.00431800152,0.000213186284,-0.000162464134,-0.0603239193,5.15786033,1727.94621
0.20678335,0.00369468589,0.000214129503,-0.000120513186,-0.0610096611,5.15064839,1728.39537
0.206798867,0.133595261,0.0160561145,-0.00486515016,0.141563351,5.93475056,1700.93157
0.206850346,0.00311318307,0.000205856236,-8.67044783e-05,-0.0616488516,5.14359838,1728.8157
0.206912848,0.0025706882,0.00018993667,-5.99559088e-05,-0.0622447236,5.13674384,1729.20875
0.206971157,0.00206458457,0.000167752269,-3.93037975e-05,-0.0628002712,5.1301145,1729.57606
0.20698447,0.132058033,0.0161438636,-0.00553164566,0.137466222,6.0157326,1701.63955
0.207025554,0.00159243101,0.000140508093,-2.38898186e-05,-0.0633182704,5.12380664,1729.91917
0.207058751,0.0477504251,-0.00863164093,-0.00956801427,-0.0108015659,5.26418033,1711.76852
0.207076303,0.00115195011,0.000109252705,-1.29315929e-05,-0.0638012968,5.11783856,1730.23955
0.207098352,0.0900387783,-0.00368213914,-0.0155876515,0.0519050015,5.46001095,1706.96199
0.207123647,0.000741017226,7.48982997e-05,-5.90157897e-06,-0.0642517419,5.11237678,1730.53864
0.207167815,0.000357650242,3.82334903e-05,-1.74753634e-06,-0.0646718276,5.10271865,1730.81779
0.207183419,0.13041027,0.0160655576,-0.00624690764,0.133151616,6.0862598,1702.36029
0.207209021,0,0,0,-0.0650636326,5.09601147,1731.07828
0.207396673,0.128644026,0.0158063619,-0.00700790641,0.12861399,6.14505013,1703.07339
0.207479638,0.0442136074,-0.00778301468,-0.00868009045,-0.0155047239,5.26662418,1712.74306
0.207625261,0.12675078,0.0153532181,-0.00781013631,0.123848177,6.19102996,1703.75844
0.207662423,0.0853696328,-0.00565980295,-0.0156381989,0.0435553155,5.43798929,1706.75337
0.207870285,0.124721401,0.014695606,-0.00864743056,0.118849322,6.223411,1704.39618
0.20787229,0.040914044,-0.00690691305,-0.00782869812,-0.0197838287,5.26616057,1713.59644
0.208132928,0.1225461,0.0138263678,-0.00951179332,0.113612829,6.24175807,1704.9701
0.208238603,0.0378358195,-0.00603718401,-0.00702352718,-0.0236862265,5.26445071,1714.332
0.208267053,0.0803647536,-0.00732028926,-0.0154444291,0.0349175815,5.42993554,1706.68093
0.208414456,0.120214384,0.0127426816,-0.010393202,0.108134036,6.24604014,1705.46763
0.208580344,0.0349640862,-0.00519775231,-0.00627035574,-0.0272532015,5.26258842,1714.97263
0.208716227,0.117715008,0.011447116,-0.0112793746,0.102407903,6.23666995,1705.88056
0.208899159,0.0322849924,-0.00440487678,-0.00557206462,-0.0305206835,5.26117369,1715.55169
0.208915159,0.075,-0.00855579279,-0.0149817198,0.0260055327,5.43480952,1706.89313
0.209039698,0.115035914,0.00994861294,-0.0121555806,0.0964289605,6.21440988,1706.20486
0.209196589,0.0297856156,-0.00366897119,-0.0049294611,-0.0335199257,5.2603696,1716.10466
0.209386427,0.112164181,0.0082636116,-0.013004371,0.0901912236,6.18055033,1706.43994
0.209474066,0.0274539002,-0.00299601473,-0.0043418924,-0.0362781399,5.26001766,1716.66264
0.209563265,0.0696352464,-0.00923590201,-0.0142758487,0.0174459843,5.43923494,1707.49244
0.20973293,0.0252785992,-0.0023887248,-0.00380767098,-0.0388190655,5.25977352,1717.24835
0.209758087,0.109085956,0.00641710711,-0.0138057819,0.083688101,6.13738504,1706.58756
0.209781818,0.15,0,0,0.17495836,4.39567852,1699.9015
0.209824341,0.14964235,0.000631199336,-5.99442555e-06,0.173937284,4.42333754,1699.78217
0.20986992,0.149258983,0.00128699759,-1.94022036e-05,0.172847038,4.48995631,1699.65459
0.209918778,0.14884805,0.00196616802,-4.32577447e-05,0.171683431,4.56880539,1699.51971
0.209971148,0.148407569,0.00266736052,-7.95152209e-05,0.170441788,4.65196885,1699.37909
0.209974429,0.0232492201,-0.00184749848,-0.00332452734,-0.0411634573,5.25924203,1717.87465
0.210027284,0.147935415,0.00338878585,-0.000130037718,0.169117168,4.73908543,1699.23483
0.210087457,0.147429312,0.00412815448,-0.000196989813,0.167704349,4.83005968,1699.08972
0.210151956,0.146886817,0.00488261338,-0.000282712455,0.166197822,4.92475758,1698.94725
0.210156472,0.105786393,0.00444359701,-0.0145370915,0.076912329,6.08694414,1706.65113
0.210167896,0.0646303672,-0.00939153594,-0.0134175435,0.00977488473,5.43969368,1708.43875
0.210199728,0.0213559743,-0.00137091618,-0.00288982063,-0.0433295176,5.25808967,1718.54512
0.210221093,0.146305314,0.00564867873,-0.000389734211,0.164591779,5.02303929,1698.81169
0.210295201,0.145681998,0.00642216638,-0.0005207672,0.162880109,5.1247344,1698.68811
0.210374638,0.145013864,0.00719812123,-0.0006786957,0.161056392,5.22960333,1698.58241
0.210409913,0.0195897299,-0.000956214964,-0.00250045077,-0.0453332802,5.25602495,1719.25607
0.210459787,0.144297686,0.00797074804,-0.000866552176,0.1591139,5.33732302,1698.50118
0.210551058,0.143530013,0.00873334589,-0.00108748394,0.157045597,5.44747363,1698.45165
0.210583502,0.102249575,0.00238773665,-0.0151736026,0.0698566821,6.0313365,1706.63533
0.210606,0.0179419674,-0.000599902932,-0.00215321716,-0.0471889295,5.25278761,1719.99896
0.210648893,0.14270714,0.00947824965,-0.00134470776,0.154844152,5.55952502,1698.44141
0.210731967,0.0599612217,-0.00915375899,-0.0124665335,0.00288768603,5.43351504,1709.61746
0.210753762,0.141825099,0.0101967832,-0.00164145077,0.152501947,5.67282304,1698.47815
0.210788932,0.0164047389,-0.000298035627,-0.00184493123,-0.0489090613,5.24821411,1720.76278
0.210866171,0.140879634,0.0108792296,-0.0019808758,0.150011108,5.78657657,1698.56926
0.210959593,0.0149706296,-4.63637121e-05,-0.00157242658,-0.0505049086,5.24228992,1721.53595
0.210986664,0.139866187,0.0115148251,-0.00236598967,0.147363527,5.89984782,1698.72105
0.211041239,0.0984584434,0.000304362241,-0.0156803522,0.0625148561,5.97073265,1706.55138
0.21111582,0.138779867,0.0120917839,-0.00279953347,0.144550909,6.01154816,1698.938
0.211118806,0.0136327222,0.000159581931,-0.00133262808,-0.0519865335,5.23514707,1722.30762
0.211254264,0.137615437,0.012597363,-0.00328385322,0.141564811,6.12043894,1699.22303
0.211258199,0.0556052884,-0.00863896952,-0.0114722525,-0.00330857142,5.42164295,1710.87843
0.211267338,0.0123845633,0.000324329903,-0.00112251241,-0.053362985,5.2269831,1723.06837
0.211402662,0.136367278,0.0130179774,-0.00382075339,0.138396707,6.22514318,1699.57512
0.211405907,0.0112201325,0.000452247006,-0.000939255965,-0.0546424333,5.21799519,1723.81058
0.211531888,0.0943947116,-0.00173552727,-0.0160371737,0.0548824937,5.92100998,1706.42832
0.211535181,0.0101338132,0.000547451584,-0.000780192557,-0.0558322818,5.20835516,1724.52845
0.21156173,0.13502937,0.0133393754,-0.00441132986,0.135038044,6.3241653,1699.99182
0.211655782,0.00912036556,0.000613814563,-0.000642823554,-0.0569392614,5.19821712,1725.21781
0.211732237,0.133595261,0.0135468862,-0.00505578775,0.131480307,6.41591625,1700.46828
0.211749131,0.0515415566,-0.00794146688,-0.0104728715,-0.0088962761,5.4054363,1712.09782
0.211768294,0.00817490128,0.000654974419,-0.000524851096,-0.0579695105,5.18772958,1725.87593
0.211873258,0.00729285993,0.00067430632,-0.000424136154,-0.0589286426,5.17703093,1726.50124
0.211915004,0.132058033,0.0136257488,-0.00575324774,0.127715087,6.49876271,1700.99342
0.211971181,0.00646998704,0.000674909794,-0.000338707693,-0.0598218038,5.16624293,1727.09311
0.212057817,0.0900387783,-0.00364612218,-0.0162075779,0.0469590296,5.86120787,1706.32852
0.212062535,0.0057023135,0.000659609921,-0.000266773311,-0.0606537225,5.15546841,1727.65161
0.212110912,0.13041027,0.0135615311,-0.00650153838,0.123734137,6.57109016,1701.55342
0.212147762,0.00498613648,0.000630957254,-0.000206710135,-0.0614287514,5.14479726,1728.1773
0.212207131,0.0477504251,-0.00713528479,-0.00949582417,-0.0139480804,5.38658131,1713.19584
0.212227271,0.00431800152,0.000591227567,-0.000157047371,-0.0621509044,5.13430973,1728.67114
0.212301446,0.00369468589,0.000542442217,-0.00011646174,-0.0628238886,5.12407387,1729.13433
0.212320907,0.128644026,0.0133406494,-0.00729698335,0.119529417,6.63137043,1702.13213
0.212370646,0.00311318307,0.000486392505,-8.37668452e-05,-0.0634511322,5.11414183,1729.56823
0.212435203,0.0025706882,0.00042465513,-5.79086471e-05,-0.0640358091,5.10456105,1729.97428
0.21249543,0.00206458457,0.00035860642,-3.79501577e-05,-0.0645808608,5.09536004,1730.35397
0.212546002,0.12675078,0.0129509855,-0.00813418734,0.115093126,6.67824015,1702.71164
0.212551617,0.00159243101,0.000289436005,-2.30615592e-05,-0.0650890154,5.08661731,1730.70879
0.212604035,0.00115195011,0.000218168334,-1.24764106e-05,-0.0655628055,5.07833453,1731.0402
0.212621563,0.0853696328,-0.00534652512,-0.0161305968,0.038749568,5.8009364,1706.3465
0.212634407,0.0442136074,-0.00627685374,-0.00855950484,-0.0185276304,5.36693991,1714.13557
0.212652937,0.000741017226,0.000145682815,-5.71837957e-06,-0.0660045834,5.07077465,1731.34964
0.212698558,0.000357650242,7.27286658e-05,-1.69946893e-06,-0.0664165349,5.05910554,1731.63847
0.212741119,0,0,0,-0.0668007113,5.0513985,1731.90799
0.212787282,0.124721401,0.0123826023,-0.00900582424,0.110417706,6.71057835,1703.27361
0.213033021,0.040914044,-0.00540791372,-0.00767553387,-0.0226903424,5.34809612,1714.91515
0.213045912,0.1225461,0.0116285606,-0.00990242557,0.105495825,6.72758839,1703.80113
0.213225846,0.0803647536,-0.00674047429,-0.0157928712,0.030266722,5.76666559,1706.61243
0.213323138,0.120214384,0.0106858358,-0.0108121845,0.100320326,6.7288997,1704.27895
0.213404896,0.0378358195,-0.00455846894,-0.00685048217,-0.0264842444,5.33116173,1715.55759
0.213620298,0.117715008,0.00955628286,-0.0117208129,0.0948841659,6.71463952,1704.69423
0.213751825,0.0349640862,-0.00374944075,-0.00608739836,-0.0299508417,5.31670759,1716.10028
0.213873579,0.075,-0.00772356211,-0.0151760229,0.0215320172,5.72792378,1707.27339
0.213938825,0.115035914,0.00824764646,-0.0126114062,0.0891804936,6.6853899,1705.03793
0.214075481,0.0322849924,-0.00299471996,-0.00538682256,-0.0331259561,5.3048209,1716.5859
0.214280255,0.112164181,0.00677470437,-0.0134642004,0.0832025945,6.64199681,1705.30524
0.214377427,0.0297856156,-0.00230286053,-0.00474755875,-0.0360405229,5.29518295,1717.05506
0.214521312,0.0696352464,-0.00819258527,-0.0143140782,0.0131643961,5.68819286,1708.35387
0.214646237,0.109085956,0.00516020012,-0.0142566066,0.0769439326,6.58606514,1705.49613
0.214659117,0.0274539002,-0.00167847356,-0.00416738527,-0.038721307,5.28720176,1717.54103
0.214745454,0.15,0,0,0.16014816,4.87974063,1702.38301
0.214786716,0.14964235,0.000507371941,-5.9838096e-06,0.159224432,4.90550273,1702.22297
0.214830945,0.149258983,0.00103496752,-1.9410737e-05,0.158237987,4.96835704,1702.05177
0.214878353,0.14884805,0.0015818364,-4.32599601e-05,0.157184962,5.04351426,1701.86985
0.214921911,0.0252785992,-0.00112325563,-0.00364337231,-0.0411915121,5.28016426,1718.0668
0.214929171,0.148407569,0.00214696929,-7.95571839e-05,0.156061079,5.12281638,1701.67812
0.214983643,0.147935415,0.00272900858,-0.000130170674,0.154861803,5.20595441,1701.47793
0.215038534,0.105786393,0.00343571318,-0.0149626739,0.0703985777,6.51940897,1705.61656
0.215042031,0.147429312,0.00332619781,-0.000197296366,0.153582333,5.29284907,1701.27114
0.215104618,0.146886817,0.00393632864,-0.000283310994,0.152217587,5.38338932,1701.06024
0.215125594,0.0646303672,-0.00819167272,-0.0133223208,0.00568573522,5.64727459,1709.69797
0.215167077,0.0232492201,-0.000636764053,-0.00317221902,-0.0434713267,5.27339535,1718.64446
0.215171705,0.146305314,0.00455668388,-0.000390789119,0.150762188,5.47745206,1700.84837
0.215243616,0.145681998,0.00518397744,-0.000522497918,0.149210453,5.57488854,1700.63936
0.215320698,0.145013864,0.00581429239,-0.000681386982,0.147556377,5.67548557,1700.43784
0.215395796,0.0213559743,-0.000216881664,-0.00275042645,-0.0455784027,5.26637887,1719.27642
0.215403322,0.144297686,0.00644301828,-0.00087056468,0.145793626,5.77895198,1700.24912
0.215459039,0.102249575,0.00164341873,-0.0155546411,0.0635618623,6.44491138,1705.68099
0.215491888,0.143530013,0.00706478983,-0.00109326463,0.143915525,5.88490542,1700.07923
0.215586822,0.14270714,0.00767342941,-0.00135279913,0.141915052,5.99285864,1699.93476
0.215609173,0.0195897299,0.00013973223,-0.00237427029,-0.0475282462,5.25873426,1719.95766
0.215688582,0.141825099,0.00826189688,-0.00165249763,0.139784835,6.10220525,1699.82271
0.21568934,0.0599612217,-0.00784632485,-0.0122655425,-0.00101161052,5.60410297,1711.14077
0.215797658,0.140879634,0.00882225109,-0.00199562799,0.137517152,6.21220618,1699.75023
0.215808236,0.0179419674,0.000437102222,-0.00204016312,-0.0493345413,5.25018563,1720.67841
0.21590978,0.0984584434,-0.000163335258,-0.0159964596,0.0564311624,6.3642455,1705.71869
0.215914578,0.139866187,0.00934562864,-0.00238529867,0.13510394,6.32197759,1699.72425
0.215993946,0.0164047389,0.000679662818,-0.00174462613,-0.0510094237,5.24058456,1721.42657
0.216039906,0.138779867,0.00982224676,-0.00282433988,0.132536806,6.43048134,1699.7513
0.216167198,0.0149706296,0.000872141445,-0.00148420488,-0.0525637109,5.22989533,1722.18959
0.216174244,0.137615437,0.0102414384,-0.00331516309,0.129807049,6.53652165,1699.83623
0.21621527,0.0556052884,-0.00726397784,-0.0111930252,-0.00702374985,5.56009579,1712.53318
0.216318243,0.136367278,0.0105917288,-0.00385959843,0.12690569,6.63875144,1699.98126
0.216328828,0.0136327222,0.00101929612,-0.00125565802,-0.0540070911,5.21816371,1722.95572
0.216392932,0.0943947116,-0.00191947311,-0.0162682695,0.0490070778,6.29316685,1705.78309
0.216472595,0.13502937,0.0108609641,-0.00445870821,0.123823508,6.73568226,1700.18823
0.216479616,0.0123845633,0.00112577722,-0.0010559221,-0.0553482809,5.20551086,1723.71478
0.216620289,0.0112201325,0.00119613845,-0.000882168971,-0.0565951555,5.19212387,1724.45845
0.216638046,0.133595261,0.0110365015,-0.00511258153,0.120551092,6.82570611,1700.45553
0.216705919,0.0515415566,-0.00653083323,-0.010140478,-0.0124355856,5.51626836,1713.77514
0.216751525,0.0101338132,0.00123474081,-0.000731715381,-0.0577548577,5.17820071,1725.1803
0.216815394,0.132058033,0.0111054765,-0.00582011503,0.117078887,6.90714885,1700.77411
0.216873958,0.00912036556,0.00124568566,-0.000602048792,-0.058833889,5.16390773,1725.87561
0.216910824,0.0900387783,-0.0035536806,-0.0163323735,0.0412949641,6.20537249,1705.96369
0.216988178,0.00817490128,0.001232792,-0.000490903213,-0.0598381856,5.14938592,1726.54116
0.217005494,0.13041027,0.0110551551,-0.00657877049,0.113397262,6.97831772,1701.13834
0.217094735,0.00729285993,0.00119957683,-0.000396185243,-0.0607731833,5.13476925,1727.17498
0.217163655,0.0477504251,-0.00571381667,-0.00913139083,-0.0173214941,5.47425668,1714.81811
0.217194145,0.00646998704,0.00114924753,-0.000315983869,-0.0616438712,5.12018697,1727.77607
0.217209263,0.128644026,0.0108733809,-0.0073843332,0.109496573,7.03753939,1701.54262
0.217286886,0.0057023135,0.0010847017,-0.000248565227,-0.0624548391,5.10575278,1728.34421
0.217373407,0.00498613648,0.00100853647,-0.000192363172,-0.0632103168,5.09156114,1728.87973
0.217427685,0.12675078,0.0105491223,-0.0082306765,0.105367229,7.08324941,1701.97235
0.217454123,0.00431800152,0.000923064975,-0.000145967486,-0.063914209,5.07768874,1729.38339
0.217465956,0.0853696328,-0.00498334015,-0.0161305043,0.0333064643,6.11871476,1706.36513
0.217529424,0.00369468589,0.00083033431,-0.000108114659,-0.0645701252,5.06420616,1729.85624
0.217590685,0.0442136074,-0.00486327941,-0.00818012155,-0.0217461102,5.4355397,1715.65594
0.217599675,0.00311318307,0.000732142968,-7.76749584e-05,-0.0651814059,5.05116693,1730.29953
0.217661811,0.124721401,0.0100731214,-0.0091095264,0.100999762,7.11409778,1702.41164
0.217665213,0.0025706882,0.000630059109,-5.36443816e-05,-0.0657511462,5.03857337,1730.71461
0.217726354,0.00206458457,0.000525444462,-3.51209872e-05,-0.066282216,5.02641613,1731.10293
0.217783394,0.00159243101,0.000419476389,-2.13191785e-05,-0.0667772787,5.01480664,1731.46593
0.217836608,0.00115195011,0.000313160935,-1.15188134e-05,-0.0672388072,5.00378042,1731.80506
0.217886252,0.000741017226,0.000207347468,-5.2968243e-06,-0.0676690995,4.99365004,1732.12173
0.217912773,0.1225461,0.00943865152,-0.010010244,0.0963849002,7.12901268,1702.8458
0.217932566,0.000357650242,0.00010274544,-1.58025553e-06,-0.0680702912,4.9797273,1732.41732
0.217975773,0,0,0,-0.0684443926,4.97102806,1732.69314
0.21798907,0.040914044,-0.00401609064,-0.00729444437,-0.0257652388,5.40109838,1716.31238
0.218061004,0.0803647536,-0.00611336861,-0.0156583015,0.0250608122,6.05060514,1707.10748
0.21818178,0.120214384,0.00864237295,-0.0109195995,0.0915136394,7.12726911,1703.26094
0.218360731,0.0378358195,-0.00319855576,-0.00647764763,-0.029426841,5.3713622,1716.82866
0.218470129,0.117715008,0.00768525644,-0.0118216501,0.0863773458,7.10865151,1703.64472
0.218698839,0.075,-0.00685829273,-0.0148989883,0.0165854716,5.96689079,1708.29965
0.21870746,0.0349640862,-0.0024287867,-0.0057299664,-0.0327720414,5.34627462,1717.25359
0.218779212,0.115035914,0.00657357439,-0.0126975172,0.0809678919,7.07339537,1703.98809
0.21903093,0.0322849924,-0.00171860295,-0.00504966438,-0.0358360832,5.32538084,1717.63579
0.21911052,0.112164181,0.00532015094,-0.0135255131,0.0752778437,7.0223617,1704.28711
0.219332701,0.0297856156,-0.00107506743,-0.00443375057,-0.0386492049,5.30792093,1718.01791
0.219336674,0.0696352464,-0.00713865264,-0.013907646,0.00848452286,5.88776897,1709.84533
0.219465651,0.109085956,0.00394565046,-0.0142810303,0.0693007527,6.95686696,1704.54549
0.219614229,0.0274539002,-0.000501704434,-0.00387861841,-0.0412374015,5.29296851,1718.43278
0.219709091,0.15,0,0,0.145338809,5.36014455,1704.86437
0.219748523,0.14964235,0.000387641462,-5.86088061e-06,0.144493185,5.38382062,1704.68359
0.219790791,0.149258983,0.000791206243,-1.90424872e-05,0.143590021,5.44229288,1704.4902
0.219836098,0.14884805,0.00121000623,-4.24134472e-05,0.14262573,5.51282896,1704.28426
0.219846317,0.105786393,0.0024789401,-0.0149357489,0.0630316754,6.878916,1704.77678
0.219876872,0.0252785992,6.50360611e-07,-0.00338031038,-0.0436230971,5.27958921,1718.90165
0.219884663,0.148407569,0.00164334799,-7.80084473e-05,0.141596367,5.58720267,1704.06614
0.219931722,0.0646303672,-0.00700852734,-0.012820354,0.0012610321,5.80971729,1711.49369
0.219936719,0.147935415,0.00209027702,-0.0001276477,0.14049775,5.665153,1703.83652
0.219992519,0.147429312,0.00254953726,-0.000193491958,0.139325449,5.74659743,1703.59648
0.220052332,0.146886817,0.00301952842,-0.000277877963,0.138074765,5.8314318,1703.34756
0.220116445,0.146305314,0.00349825959,-0.000383339847,0.136740723,5.91953501,1703.09181
0.220121897,0.0232492201,0.000433229401,-0.00293468161,-0.0458257398,5.266946,1719.4344
0.220185168,0.145681998,0.00398329941,-0.000512602811,0.135318052,6.01076559,1702.83188
0.220254354,0.102249575,0.000957872398,-0.0154610833,0.0564677841,6.79286383,1705.00841
0.220258832,0.145013864,0.00447172345,-0.000668573867,0.133801172,6.10492301,1702.57104
0.220337793,0.144297686,0.00496005966,-0.00085431872,0.132184176,6.20173503,1702.3132
0.220350485,0.0213559743,0.000798653428,-0.0025375947,-0.0478622804,5.25435495,1720.03126
0.220422432,0.143530013,0.00544423299,-0.0010730287,0.130460816,6.30084585,1702.06297
0.220486854,0.0599612217,-0.00658248733,-0.0116987067,-0.00519407737,5.73381321,1713.07803
0.220513157,0.14270714,0.00591951114,-0.0013279745,0.128624488,6.4018036,1701.82555
0.220563738,0.0195897299,0.00110045915,-0.00218502444,-0.0497475689,5.24131812,1720.68537
0.220610406,0.141825099,0.00638045388,-0.0016224445,0.126668216,6.50404704,1701.60672
0.220691732,0.0984584434,-0.00056815049,-0.0158266964,0.0496092398,6.69930758,1705.28575
0.220714647,0.140879634,0.0068208691,-0.00195966524,0.124584642,6.60689235,1701.41263
0.220762687,0.0179419674,0.00134294295,-0.00187313,-0.0514946893,5.22753639,1721.38547
0.220826384,0.139866187,0.00723378017,-0.00234270167,0.122366019,6.70952102,1701.24971
0.220946155,0.138779867,0.0076114099,-0.00277433543,0.1200042,6.8109702,1701.12432
0.22094829,0.0164047389,0.00153086624,-0.00159821831,-0.0531152365,5.21287285,1722.11828
0.221004746,0.0556052884,-0.00595743825,-0.0105891782,-0.0109783671,5.66169167,1714.47866
0.221074538,0.137615437,0.00794518862,-0.00325691935,0.117490646,6.91012543,1701.04256
0.221121442,0.0149706296,0.00166917354,-0.00135678994,-0.0546195432,5.19728957,1722.87034
0.221160559,0.0943947116,-0.00204252265,-0.016002727,0.0424604063,6.59914939,1705.67509
0.221212152,0.136367278,0.00822579451,-0.00379220646,0.114816428,7.00571748,1701.01029
0.221282979,0.0136327222,0.00176283932,-0.00114559914,-0.0560168655,5.18081831,1723.62916
0.221359662,0.13502937,0.00844323556,-0.00438115518,0.111972245,7.09633016,1701.03119
0.22143368,0.0123845633,0.00181674927,-0.000961601488,-0.0573155365,5.16355123,1724.38395
0.221487898,0.0515415566,-0.00521055998,-0.00952268595,-0.0161776985,5.59446415,1715.63596
0.221517778,0.133595261,0.008586985,-0.00502371107,0.108948449,7.18042065,1701.10597
0.221574272,0.0112201325,0.00183562248,-0.00080196699,-0.0585230925,5.14563089,1725.12587
0.221663097,0.0900387783,-0.00340386327,-0.0159519184,0.0350310027,6.48892345,1706.26456
0.221687263,0.132058033,0.00864618381,-0.00571856649,0.105735083,7.25634783,1701.23281
0.221705433,0.0101338132,0.00182396825,-0.000664081664,-0.0596463769,5.12723275,1725.84801
0.221827795,0.00912036556,0.00178602598,-0.00054554715,-0.0606916267,5.10853277,1726.54525
0.221868936,0.13041027,0.00860991526,-0.00646289883,0.102321932,7.32241042,1701.41176
0.22193864,0.0477504251,-0.00440111415,-0.00851780656,-0.0208668253,5.53335203,1716.54077
0.221941949,0.00817490128,0.00172571158,-0.000444173077,-0.0616645449,5.08969437,1727.21401
0.222048446,0.00729285993,0.00164661405,-0.000357965439,-0.0625703601,5.07087017,1727.85202
0.222063671,0.128644026,0.00846756467,-0.00725210874,0.0986985888,7.37689721,1701.64185
0.222147798,0.00646998704,0.00155199659,-0.000285117596,-0.0634138785,5.05219719,1728.45799
0.22220177,0.0853696328,-0.00456788201,-0.0156359065,0.0273374636,6.37957995,1707.14939
0.222240486,0.0057023135,0.0014448027,-0.000223998641,-0.0641995267,5.03379622,1729.03147
0.222272409,0.12675078,0.00820928575,-0.00807956778,0.0948545328,7.41816204,1701.91453
0.222326956,0.00498613648,0.0013276624,-0.0001731439,-0.064931389,5.01578116,1729.57262
0.222359145,0.0442136074,-0.00357332558,-0.00758429603,-0.0251102464,5.47919573,1717.21881
0.222407626,0.00431800152,0.00120290609,-0.000131240446,-0.0656132397,4.99823205,1730.08203
0.222482884,0.00369468589,0.00107258478,-9.71160262e-05,-0.0662485712,4.98116688,1730.56064
0.222496156,0.124721401,0.00782656801,-0.00893634911,0.0907792353,7.44470903,1702.21774
0.222553094,0.00311318307,0.000938492257,-6.97165943e-05,-0.0668406181,4.96460699,1731.00958
0.222618594,0.0025706882,0.000802183969,-4.81086096e-05,-0.0673923795,4.94863067,1731.43016
0.2226797,0.00206458457,0.000664996963,-3.14702398e-05,-0.067906638,4.93328104,1731.82374
0.222735991,0.1225461,0.00731294665,-0.00981100085,0.0864622822,7.45531383,1702.53905
0.222736708,0.00159243101,0.000528072356,-1.90886915e-05,-0.068385977,4.91864588,1732.19175
0.222751442,0.040914044,-0.00275943823,-0.00672602031,-0.0289632386,5.43228206,1717.71583
0.222779176,0.0803647536,-0.00545093352,-0.0150453275,0.0194038372,6.27179817,1708.41359
0.222789891,0.00115195011,0.000392372512,-1.03064995e-05,-0.0688327965,4.9047478,1732.53561
0.222839506,0.000741017226,0.000258699605,-4.75937414e-06,-0.0692493269,4.89190405,1732.85672
0.222885793,0.000357650242,0.000127713544,-1.41774385e-06,-0.0696376418,4.87556519,1733.15645
0.222928975,0,0,0,-0.0699996983,4.86579787,1733.43612
0.222993072,0.120214384,0.00666486294,-0.0106893568,0.0818935287,7.44910904,1702.87158
0.223117423,0.0378358195,-0.00198236129,-0.00594309775,-0.0324729754,5.39234935,1718.08638
0.223268638,0.117715008,0.00588249276,-0.0115544713,0.0770632936,7.42561181,1703.21216
0.2233981,0.075,-0.00598507381,-0.0141719102,0.0112615854,6.15507572,1710.08544
0.223458853,0.0349640862,-0.00125774164,-0.00523319332,-0.0356796336,5.35872312,1718.38585
0.223564019,0.115035914,0.00497066115,-0.0123856527,0.0719626106,7.38444339,1703.55816
0.223777381,0.0322849924,-0.000595703923,-0.0045926135,-0.0386174217,5.3304438,1718.66473
0.223880639,0.112164181,0.00393967726,-0.0131606431,0.0665835524,7.32797373,1703.91121
0.224017024,0.0696352464,-0.00610684569,-0.0130965444,0.00349339307,6.04084462,1711.95942
0.224074541,0.0297856156,-2.17780287e-06,-0.00401695764,-0.0413155116,5.30637103,1718.96449
0.224220025,0.109085956,0.00280684198,-0.0138551211,0.0609196696,7.25586575,1704.28116
0.224351767,0.0274539002,0.000520141385,-0.00350153241,-0.0437988612,5.28532348,1719.31514
0.224583815,0.105786393,0.00159769056,-0.0144391076,0.0549665725,7.16836008,1704.68841
0.22459443,0.0646303672,-0.00587619504,-0.0119599233,-0.00342047462,5.93079678,1713.74421
0.224610396,0.0252785992,0.00097101378,-0.00304159045,-0.0460889279,5.26620251,1719.73451
0.224672727,0.15,0,0,0.130530261,5.85275566,1707.3456
0.224709792,0.14964235,0.000274409826,-5.58663295e-06,0.12974816,5.87402651,1707.16767
0.224749523,0.149258983,0.00056067351,-1.81705294e-05,0.128912742,5.92714665,1706.97742
0.22479211,0.14884805,0.000858356815,-4.04383478e-05,0.128020653,5.99171876,1706.77467
0.224837759,0.148407569,0.00116706147,-7.43622677e-05,0.127068239,6.05971587,1706.5594
0.224851676,0.0232492201,0.00135202367,-0.00263247301,-0.0482042558,5.24805969,1720.22921
0.224886691,0.147935415,0.00148620927,-0.000121659415,0.126051623,6.13089944,1706.33181
0.224939141,0.147429312,0.00181501107,-0.000184383796,0.124966703,6.20517211,1706.09233
0.224973763,0.102249575,0.000345513056,-0.0148839659,0.0487226678,7.07054942,1705.16427
0.224995362,0.146886817,0.00215243413,-0.000264752792,0.12380913,6.2824303,1705.84173
0.225055626,0.146305314,0.0024971658,-0.000365172263,0.1225743,6.36254762,1705.58116
0.225076771,0.0213559743,0.00166608932,-0.00226973812,-0.0501609591,5.23013611,1720.7967
0.225120224,0.145681998,0.00284757364,-0.000488228492,0.121257337,6.44538036,1705.31217
0.225133103,0.0599612217,-0.00539575996,-0.0108191218,-0.00958870638,5.82747413,1715.30822
0.225189466,0.145013864,0.00320166225,-0.000636679847,0.119853078,6.53073111,1705.03682
0.225263687,0.144297686,0.00355702704,-0.000813434608,0.118356055,6.61833828,1704.75767
0.225286766,0.0195897299,0.00191706709,-0.00194916444,-0.0519731305,5.21188009,1721.42797
0.225343245,0.143530013,0.00391080564,-0.00102151951,0.116760481,6.7078659,1704.47786
0.22539175,0.0984584434,-0.00090828647,-0.0151610154,0.0421900492,6.96073849,1705.76161
0.225428523,0.14270714,0.00425962829,-0.00126403539,0.11506023,6.79889182,1704.20108
0.225482675,0.0179419674,0.00210944636,-0.00166676068,-0.0536531742,5.19293956,1722.1102
0.225519934,0.141825099,0.00459956825,-0.00154409749,0.113248819,6.89089553,1703.93163
0.225617917,0.140879634,0.00492609483,-0.00186475828,0.111319387,6.98324647,1703.67431
0.225635641,0.0556052884,-0.00475094406,-0.00971533571,-0.0151085263,5.73256448,1716.58262
0.225665441,0.0164047389,0.00224812366,-0.0014188146,-0.0552120777,5.17313713,1722.82903
0.225722946,0.139866187,0.00523403274,-0.00222891008,0.109264685,7.07519233,1703.43436
0.225835526,0.138779867,0.00551752957,-0.00263916493,0.10707705,7.16584941,1703.21738
0.225835948,0.0149706296,0.00233818455,-0.00120187078,-0.0566596332,5.15241902,1723.57022
0.225839793,0.0943947116,-0.00211113272,-0.0152366224,0.0353754959,6.83939768,1706.54962
0.225956202,0.137615437,0.00577004077,-0.00309771019,0.104748404,7.25419499,1703.02911
0.225995017,0.0136327222,0.00238472897,-0.00101273318,-0.0580046185,5.13084674,1724.32076
0.226085555,0.136367278,0.00598433995,-0.00360613854,0.102270233,7.3390642,1702.87527
0.226104468,0.0515415566,-0.00400922856,-0.00867347415,-0.0200651688,5.64695266,1717.55644
0.226143415,0.0123845633,0.00239276192,-0.000848462588,-0.0592549434,5.10855058,1725.06945
0.226224209,0.13502937,0.00615255766,-0.00416525132,0.0996335974,7.41915363,1702.7612
0.226281858,0.0112201325,0.00236710361,-0.000706358287,-0.0604177702,5.08568343,1725.8071
0.226320051,0.0900387783,-0.00320182174,-0.015079999,0.0282916207,6.71211891,1707.59243
0.226372833,0.133595261,0.00626626187,-0.00477483441,0.0968291291,7.49303005,1702.69199
0.226411014,0.0101338132,0.0023123236,-0.00058394708,-0.0614996119,5.06242411,1726.52652
0.226531507,0.00912036556,0.00223270093,-0.000478979225,-0.0625064133,5.03895978,1727.22233
0.226532144,0.132058033,0.00631660651,-0.0054334144,0.0938470569,7.55915481,1702.67312
0.226541845,0.0477504251,-0.00322219489,-0.00770671839,-0.0245324259,5.57120747,1718.25844
0.226643916,0.00817490128,0.0021321988,-0.00038941408,-0.0634436181,5.01547235,1727.89072
0.22670291,0.13041027,0.0062945405,-0.0061380098,0.0906772386,7.61592613,1702.70703
0.226748786,0.00729285993,0.00201444219,-0.000313414233,-0.0643162252,4.99215697,1728.52918
0.226834843,0.0853696328,-0.00411404751,-0.0146686918,0.020957937,6.58049771,1708.94207
0.22684662,0.00646998704,0.00188271153,-0.000249325842,-0.0651288356,4.96918514,1729.13627
0.226885955,0.128644026,0.00619106134,-0.00688384423,0.0873092148,7.661698,1702.79321
0.226937891,0.0057023135,0.00173994829,-0.000195669824,-0.0658856929,4.94659742,1729.71136
0.226949883,0.0442136074,-0.00242835276,-0.00682036977,-0.0285735817,5.50540306,1718.73959
0.22702304,0.00498613648,0.00158877489,-0.000151109164,-0.0665907171,4.92445939,1730.25446
0.227082162,0.12675078,0.00599758947,-0.0076640741,0.083732288,7.69485161,1702.93095
0.227102477,0.00431800152,0.00143151368,-0.000114439898,-0.0672475348,4.9028879,1730.76604
0.227176586,0.00369468589,0.00127019769,-8.46076621e-05,-0.0678595047,4.88198002,1731.24696
0.227245722,0.00311318307,0.00110659484,-6.06817677e-05,-0.0684297406,4.86181408,1731.69826
0.227292477,0.124721401,0.00570649474,-0.00846941317,0.0799356305,7.71380285,1703.11721
0.227310222,0.0025706882,0.000942232235,-4.18369742e-05,-0.0689611312,4.84243779,1732.12118
0.227330549,0.040914044,-0.00165582304,-0.00601475884,-0.032242539,5.44910998,1719.06025
0.227370394,0.00206458457,0.000778412515,-2.7343819e-05,-0.0694563586,4.82386268,1732.51706
0.227386651,0.0803647536,-0.00478029972,-0.0139931194,0.0134013037,6.44245865,1710.62069
0.22742653,0.00159243101,0.000616234425,-1.65749524e-05,-0.0699179141,4.80615135,1732.88728
0.227478901,0.00115195011,0.000456615302,-8.94522906e-06,-0.0703481127,4.78931438,1733.23323
0.227517914,0.1225461,0.00531165721,-0.00928804433,0.0759084303,7.71756138,1703.34816
0.227527758,0.000741017226,0.000300309732,-4.15118794e-06,-0.0707491068,4.77368061,1733.5563
0.227573338,0.000357650242,0.000147928228,-1.22648645e-06,-0.071122898,4.75499054,1733.85785
0.22761586,0,0,0,-0.0714713801,4.74425198,1734.1392
0.22768568,0.0378358195,-0.000924566545,-0.0052872361,-0.0355850106,5.4014617,1719.28176
0.227759561,0.120214384,0.00480913052,-0.0101058983,0.071640083,7.7054315,1703.62412
0.227978136,0.075,-0.00513387585,-0.0130527453,0.00565520609,6.29711826,1712.58172
0.228016987,0.0349640862,-0.000248237759,-0.00463346519,-0.0386396921,5.36124673,1719.46093
0.228018585,0.117715008,0.00419812081,-0.0109058345,0.0671204435,7.67602798,1703.94853
0.228296233,0.115035914,0.00348192606,-0.0116665828,0.0623401473,7.62875149,1704.32593
0.228326071,0.0322849924,0.000364370124,-0.00404827708,-0.0414393523,5.32706362,1719.64624
0.228569621,0.0696352464,-0.00512777677,-0.0119447363,-0.00172467171,6.15245998,1714.55756
0.228593845,0.112164181,0.00266854294,-0.0123658674,0.0572910185,7.56585461,1704.76528
0.22861442,0.0297856156,0.000908198906,-0.00352622626,-0.0440118118,5.2974756,1719.87525
0.228883427,0.0274539002,0.00138111374,-0.00306190435,-0.0463807839,5.27110716,1720.17334
0.228912857,0.109085956,0.00177149462,-0.0129797195,0.0519665899,7.48622824,1705.28274
0.229121429,0.0646303672,-0.0048246534,-0.0108078521,-0.00828398984,6.01671665,1716.27292
0.229134389,0.0252785992,0.00178324621,-0.00265009453,-0.0485665832,5.24672847,1720.55383
0.229254807,0.105786393,0.000811602573,-0.0134790855,0.0463627718,7.38961667,1705.90148
0.229368515,0.0232492201,0.00211642013,-0.00228586454,-0.0505867097,5.22332179,1721.01944
0.229586936,0.0213559743,0.00238369785,-0.0019646141,-0.0524563419,5.20010845,1721.56462
0.229621346,0.102249575,-0.000182146224,-0.0138351218,0.0404786186,7.27941577,1706.64938
0.22963622,0.0599612217,-0.00431360907,-0.00969325624,-0.0141291952,5.89227516,1717.65472
0.229636364,0.15,0,0,0.115722473,6.37343541,1709.8267
0.229670553,0.14964235,0.00017039075,-5.12425986e-06,0.114993383,6.39185741,1709.67801
0.2297072,0.149258983,0.000348944664,-1.66813248e-05,0.114214522,6.43838094,1709.51919
0.229746482,0.14884805,0.000535471249,-3.70953716e-05,0.113382748,6.49534463,1709.35001
0.229788589,0.148407569,0.000729843283,-6.82002096e-05,0.11249466,6.55519805,1709.17025
0.229790705,0.0195897299,0.00258903717,-0.00168207676,-0.0541887368,5.17653915,1722.17822
0.229833723,0.147935415,0.000931826093,-0.000111552102,0.111546657,6.61771801,1708.97982
0.229882103,0.147429312,0.00114105571,-0.000169025297,0.110534933,6.68280113,1708.77879
0.229933962,0.146886817,0.00135701499,-0.000242640567,0.109455464,6.75033792,1708.5674
0.229980806,0.0179419674,0.00273701315,-0.00143431185,-0.0557955559,5.15226803,1722.846
0.229989549,0.146305314,0.00157900639,-0.000334590675,0.108303992,6.82019105,1708.34614
0.23001424,0.0984584434,-0.0011735182,-0.0140199841,0.0343171963,7.15639716,1707.56866
0.230049134,0.145681998,0.00180612141,-0.000447231585,0.107076019,6.89220838,1708.11576
0.230113003,0.145013864,0.00203720599,-0.000583075131,0.105766794,6.96618868,1707.87734
0.230116479,0.0556052884,-0.0036681851,-0.00863515136,-0.0193554106,5.78042405,1718.69086
0.230158153,0.0164047389,0.00283257841,-0.00121769811,-0.0572871289,5.12713355,1723.55271
0.230181464,0.144297686,0.00227082223,-0.000744768523,0.10437129,7.04187339,1707.63232
0.230254848,0.143530013,0.00250520603,-0.000935065042,0.102884198,7.11893711,1707.38257
0.230323605,0.0149706296,0.00288086777,-0.00102891681,-0.0586726665,5.10112498,1724.28359
0.230333509,0.14270714,0.00273822328,-0.00115678286,0.101299905,7.1969785,1707.13041
0.230417826,0.141825099,0.00296732486,-0.00141275016,0.099612477,7.27551264,1706.87865
0.230435385,0.0943947116,-0.00211870997,-0.0140055836,0.0278865913,7.02308681,1708.70685
0.230477957,0.0136327222,0.00288703185,-0.000864941373,-0.0599604331,5.07434034,1725.02533
0.230508206,0.140879634,0.00318949806,-0.00170573292,0.0978156388,7.35396166,1706.63062
0.230564521,0.0515415566,-0.00294633448,-0.00765215602,-0.0240457337,5.6815824,1719.41307
0.230605084,0.139866187,0.0034012214,-0.00203835156,0.0959027546,7.43165091,1706.39017
0.230621956,0.0123845633,0.00285610957,-0.000723022524,-0.0611578852,5.04692132,1725.76652
0.230708928,0.138779867,0.00359842336,-0.00241295384,0.0938668076,7.50775237,1706.16166
0.230756294,0.0112201325,0.00279295027,-0.000600653817,-0.0622717848,5.0190291,1726.49786
0.23082024,0.137615437,0.00377644655,-0.0028314725,0.0917003796,7.58135991,1705.94989
0.230881621,0.0101338132,0.00270215962,-0.000495565997,-0.0633082906,4.99089219,1727.21202
0.230886812,0.0900387783,-0.00296514707,-0.0137690414,0.0212009157,6.88146057,1710.09381
0.230939555,0.136367278,0.00393003095,-0.00329530139,0.0893956332,7.65148008,1705.76009
0.230982508,0.0477504251,-0.00219249132,-0.00675241706,-0.0282717774,5.59558291,1719.87758
0.230998541,0.00912036556,0.00258803129,-0.000405718761,-0.0642730336,4.96275994,1727.90351
0.231067449,0.13502937,0.00405332146,-0.00380509088,0.0869442982,7.7169177,1705.5978
0.231107618,0.00817490128,0.00245450637,-0.000329287271,-0.0651711785,4.93473345,1728.5684
0.23120454,0.133595261,0.00413990185,-0.00436047189,0.0843376633,7.77636687,1705.46887
0.231209378,0.00729285993,0.00230518442,-0.000264619033,-0.0660074758,4.9069025,1729.20408
0.231304312,0.00646998704,0.0021433298,-0.000210203237,-0.0667863046,4.8794141,1729.80898
0.231351488,0.132058033,0.00418285512,-0.00495992779,0.0815665787,7.82862053,1705.37926
0.231370699,0.0853696328,-0.00365501426,-0.0132948669,0.0142810248,6.73001543,1711.73326
0.231372457,0.0442136074,-0.0014400584,-0.00593737304,-0.0320946323,5.52169934,1720.1504
0.231392877,0.0057023135,0.00197186319,-0.000164720794,-0.0675117091,4.85248377,1730.38237
0.231475502,0.00498613648,0.00179338058,-0.00012701655,-0.0681874303,4.82628321,1730.92417
0.231509002,0.13041027,0.0041748952,-0.0056006154,0.0786214724,7.87224341,1705.33452
0.231552584,0.00431800152,0.00161017539,-9.60554123e-05,-0.0688169328,4.80085497,1731.43477
0.231624495,0.00369468589,0.00142425145,-7.09167115e-05,-0.0694034286,4.77628146,1731.91493
0.231677843,0.128644026,0.00410860526,-0.00627782294,0.0754923867,7.90547487,1705.33976
0.231691582,0.00311318307,0.0012373398,-5.07946748e-05,-0.0699498981,4.7526355,1732.36566
0.231736246,0.040914044,-0.000713576828,-0.00520447735,-0.0355660516,5.45880916,1720.29814
0.231754169,0.0025706882,0.00105092141,-3.49812726e-05,-0.0704591084,4.72991435,1732.78815
0.231812557,0.00206458457,0.000866252148,-2.28411971e-05,-0.07093363,4.70809704,1733.18367
0.231858823,0.12675078,0.00397672368,-0.00698473139,0.0721690405,7.92688385,1705.40008
0.231867029,0.00159243101,0.00068438323,-1.38342021e-05,-0.0713758521,4.68728338,1733.55359
0.23188938,0.0803647536,-0.00412975112,-0.0125765707,0.00715472662,6.56865286,1713.58757
0.231917846,0.00115195011,0.000506183644,-7.46211786e-06,-0.0717879955,4.66750595,1733.89928
0.231965255,0.000741017226,0.000332359792,-3.47755867e-06,-0.072172126,4.64902832,1734.22211
0.232009484,0.000357650242,0.000163473888,-9.97159554e-07,-0.0725301649,4.62812526,1734.52342
0.232050745,0,0,0,-0.072863934,4.61659493,1734.80453
0.232052818,0.124721401,0.00377250463,-0.00771231005,0.0686409268,7.93509126,1705.52118
0.232075633,0.0378358195,-3.06070217e-05,-0.00454900946,-0.0387296931,5.40552195,1720.38262
0.232260761,0.1225461,0.00349019155,-0.00844913933,0.064897454,7.92903771,1705.70915
0.232392253,0.0349640862,0.000596747276,-0.00396520563,-0.0416223439,5.36019914,1720.45761
0.232445357,0.075,-0.00433153441,-0.0116210212,-0.000144267802,6.39854195,1715.56378
0.232483656,0.120214384,0.00312557404,-0.00918158279,0.0609281432,7.90783566,1705.96958
0.232687633,0.0322849924,0.00116068115,-0.00344690254,-0.044275029,5.3210911,1720.56659
0.232722579,0.117715008,0.00267678483,-0.00989294701,0.0567228961,7.86996403,1706.3088
0.232963199,0.0297856156,0.00165678857,-0.00298803278,-0.0467139883,5.28663114,1720.74132
0.232978681,0.115035914,0.00214521629,-0.0105632534,0.052272345,7.81503291,1706.7361
0.233001333,0.0696352464,-0.00422753028,-0.0105319631,-0.00709176339,6.23016107,1717.39232
0.23322028,0.0274539002,0.00208331227,-0.00258282952,-0.0489615044,5.25539091,1721.00145
0.233253198,0.112164181,0.00153655608,-0.0111706363,0.0475683005,7.74345189,1707.26477
0.233460116,0.0252785992,0.00244056437,-0.00222587121,-0.0510366067,5.2260192,1721.35527
0.233520015,0.0646303672,-0.00387704032,-0.00944136119,-0.013261589,6.07562298,1718.85434
0.233547455,0.109085956,0.000861260182,-0.0116913618,0.0426043188,7.65532812,1707.9116
0.233683863,0.0232492201,0.00273043078,-0.00191215582,-0.0529556552,5.19744787,1721.8015
0.233862869,0.105786393,0.000135285054,-0.0120996238,0.037376387,7.55133031,1708.69527
0.2338926,0.0213559743,0.00295600352,-0.0016371004,-0.0547328184,5.16892933,1722.3317
0.234003902,0.0599612217,-0.00335508666,-0.00839304163,-0.0187561983,5.93648978,1719.93475
0.234087336,0.0195897299,0.00312128382,-0.00139652979,-0.0563804612,5.13997858,1722.93281
0.234200964,0.102249575,-0.000618475766,-0.0123691264,0.0318837003,7.43252969,1709.63596
0.234269008,0.0179419674,0.0032308668,-0.00118667368,-0.0579094586,5.11033655,1723.58947
0.234438494,0.0164047389,0.00328969115,-0.00100413378,-0.0593294472,5.07989523,1724.28587
0.234455329,0.0556052884,-0.0027236609,-0.00741403084,-0.0236670256,5.81337266,1720.66627
0.234563369,0.0984584434,-0.00136981584,-0.0124747307,0.0261295568,7.30037063,1710.75403
0.23459661,0.0149706296,0.00330284314,-0.00084582976,-0.0606490276,5.04863261,1725.00699
0.2346,0.15,0,0,0.100915404,6.92661714,1712.30768
0.234630831,0.14964235,7.89821419e-05,-4.45687817e-06,0.100232478,6.94164509,1712.21322
0.234663879,0.149258983,0.000162896244,-1.45256471e-05,0.0995029001,6.98010751,1712.11255
0.234699303,0.14884805,0.000251773576,-3.22833813e-05,0.0987237254,7.02758351,1712.00555
0.234737274,0.148407569,0.000345723608,-5.9355153e-05,0.0978917873,7.07732281,1711.89203
0.234744119,0.0136327222,0.0032754391,-0.000708957271,-0.0618759263,5.01661415,1725.73947
0.234777975,0.147935415,0.000444811152,-9.70846784e-05,0.0970037419,7.12914435,1711.77187
0.234821603,0.147429312,0.000549041931,-0.000147104507,0.0960560608,7.18293634,1711.645
0.234868369,0.146886817,0.000658346305,-0.000211173007,0.0950450232,7.23858057,1711.51145
0.234876474,0.0515415566,-0.00203200461,-0.00651722202,-0.0280736916,5.70593405,1721.10884
0.234881734,0.0123845633,0.00321253612,-0.000591001085,-0.0630171255,4.98407184,1726.47194
0.234918496,0.146305314,0.000772559931,-0.000291198921,0.0939667073,7.29592711,1711.37135
0.234951833,0.0943947116,-0.0020812294,-0.0123936731,0.020122312,7.15602208,1712.06345
0.234972228,0.145681998,0.00089140183,-0.000389232581,0.0928169814,7.35481406,1711.22499
0.235010117,0.0112201325,0.00311897798,-0.000489706675,-0.0640789678,4.95129458,1727.19512
0.235029824,0.145013864,0.00101444934,-0.00050746159,0.0915914939,7.41504187,1711.07282
0.235091562,0.144297686,0.00114110704,-0.000648195644,0.0902856624,7.47635114,1710.9155
0.235129888,0.0101338132,0.00299928815,-0.000403082861,-0.0650672406,4.91830358,1727.90175
0.235157738,0.143530013,0.00127057205,-0.000813822565,0.0888946618,7.53838452,1710.75396
0.235228673,0.14270714,0.00140179436,-0.00100678509,0.0874134104,7.60081519,1710.58941
0.235241624,0.00912036556,0.00285768804,-0.000329295,-0.0659872452,4.88516686,1728.58634
0.235269368,0.0477504251,-0.00131823265,-0.00570656625,-0.0320445422,5.61326266,1721.33314
0.235304708,0.141825099,0.00153343241,-0.0012295607,0.085836555,7.66322332,1710.42338
0.235345866,0.00817490128,0.00269807935,-0.000266692915,-0.0668438526,4.85224152,1729.24495
0.235368229,0.0900387783,-0.00270876225,-0.0121078562,0.0138762306,7.00000279,1713.56145
0.235386211,0.140879634,0.00166380719,-0.00148455929,0.0841584534,7.72503704,1710.25784
0.235443114,0.00729285993,0.00252401985,-0.00021386347,-0.0676415509,4.81979755,1729.87494
0.235473574,0.139866187,0.00179085185,-0.00177406974,0.0823731557,7.78570286,1710.09516
0.235533839,0.00646998704,0.00233873295,-0.00016954239,-0.0683844838,4.78795673,1730.4747
0.235567219,0.138779867,0.00191206512,-0.00210014864,0.0804743837,7.84442659,1709.93821
0.235618478,0.0057023135,0.00214511162,-0.000132603218,-0.0690764841,4.7569034,1731.04344
0.235635907,0.0442136074,-0.000611303704,-0.0049805528,-0.0356376262,5.53411297,1721.41009
0.235667598,0.137615437,0.0020244674,-0.00246444864,0.0784555085,7.90037363,1709.79039
0.235697439,0.00498613648,0.0019457169,-0.000102061388,-0.0697211016,4.72676563,1731.58102
0.235771104,0.00431800152,0.0017427877,-7.70552755e-05,-0.0703216281,4.69758172,1732.08781
0.235775194,0.136367278,0.00212455444,-0.00286815773,0.0763095282,7.95270986,1709.65566
0.235814566,0.0853696328,-0.00320477979,-0.0116070395,0.00741205722,6.83265023,1715.21827
0.235839827,0.00369468589,0.00153827239,-5.68066537e-05,-0.0708811186,4.66939251,1732.56449
0.235890527,0.13502937,0.00220826997,-0.00331181076,0.0740290464,8.00034556,1709.53857
0.23590394,0.00311318307,0.00133384962,-4.06349639e-05,-0.07140241,4.642232,1733.01203
0.235963752,0.0025706882,0.00113094887,-2.79493692e-05,-0.0718881388,4.61614672,1733.43159
0.235977857,0.040914044,6.72292919e-05,-0.00433461666,-0.0389019228,5.46682297,1721.40532
0.236014152,0.133595261,0.00227100518,-0.00379500658,0.0716062539,8.04210824,1709.4443
0.236019552,0.00206458457,0.000930774951,-1.82273839e-05,-0.0723407554,4.5911551,1733.8244
0.236071609,0.00159243101,0.000734330594,-1.10277765e-05,-0.0727625388,4.56734028,1734.1918
0.236120174,0.00115195011,0.000542437508,-5.94519382e-06,-0.0731556086,4.54471474,1734.53513
0.236146667,0.132058033,0.00230761824,-0.00431630671,0.0690329166,8.07693576,1709.37861
0.236165481,0.000741017226,0.000355755668,-2.78310895e-06,-0.0735219366,4.52344869,1734.85575
0.236207748,0.000357650242,0.000174802325,-7.51677378e-07,-0.0738633576,4.50049593,1735.15498
0.236247181,0,0,0,-0.0741816147,4.48831477,1735.43413
0.236288711,0.13041027,0.00231250352,-0.00487305865,0.0663003745,8.10355035,1709.34787
0.236292997,0.0803647536,-0.00351896391,-0.0108899802,0.000757027203,6.65491968,1716.96767
0.236296869,0.0378358195,0.000701746775,-0.00376266186,-0.04187859,5.40951699,1721.37628
0.236440968,0.128644026,0.00227974745,-0.00546089204,0.0633995581,8.12041667,1709.35904
0.236594481,0.0349640862,0.0012813456,-0.00325802962,-0.0446021781,5.36030713,1721.3706
0.236604173,0.12675078,0.00220332454,-0.00607351948,0.0603210282,8.12634939,1709.41979
0.236779114,0.124721401,0.00207733296,-0.00670275634,0.0570550507,8.12022833,1709.53854
0.236805829,0.075,-0.00360046246,-0.00996850701,-0.00605641715,6.46725288,1718.70394
0.236872129,0.0322849924,0.00179891965,-0.00281407845,-0.047101719,5.3173266,1721.42485
0.236966633,0.1225461,0.00189641328,-0.00733819805,0.0535917161,8.10083504,1709.72452
0.237131152,0.0297856156,0.00225046648,-0.0024244915,-0.0494016779,5.27872131,1721.56398
0.237167636,0.120214384,0.00165630317,-0.00796698361,0.0499211185,8.06711117,1709.98761
0.237318661,0.0696352464,-0.00342551805,-0.00894454135,-0.0125389625,6.28301114,1720.19301
0.2373728,0.0274539002,0.00263443217,-0.00208336543,-0.0515227732,5.24292416,1721.80152
0.237383092,0.117715008,0.00135432773,-0.00857373998,0.0460336092,8.01823827,1710.33819
0.237598237,0.0252785992,0.00295119548,-0.00178523671,-0.0534826585,5.20862437,1722.14078
0.23761404,0.115035914,0.000990122466,-0.00914063496,0.0419201395,7.95368838,1710.78739
0.237797092,0.0646303672,-0.00304802928,-0.00793890861,-0.018294079,6.11646821,1721.28447
0.237808552,0.0232492201,0.0032027157,-0.00152524926,-0.055296486,5.17493747,1722.57678
0.237861595,0.112164181,0.000566560342,-0.00964771601,0.0375727077,7.87319469,1711.34704
0.238004759,0.0213559743,0.00339213179,-0.00129903951,-0.0569773647,5.14127198,1723.0986
0.23812695,0.109085956,9.065816e-05,-0.0100733364,0.0329849245,7.77697203,1712.02871
0.238187804,0.0195897299,0.00352330335,-0.00110263392,-0.0585367312,5.10706356,1723.69169
0.238243429,0.0599612217,-0.00252993907,-0.00698804308,-0.0234186793,5.96845395,1722.00554
0.23835857,0.0179419674,0.00360060211,-0.000932509828,-0.0599846459,5.07202476,1724.33996
0.238411385,0.105786393,-0.000425722129,-0.010394654,0.0281526854,7.66536759,1712.84335
0.238517881,0.0164047389,0.00362884837,-0.000785505881,-0.0613300311,5.03609137,1725.02736
0.238659825,0.0556052884,-0.00192271219,-0.00611268455,-0.0279991273,5.8388105,1722.4158
0.238666504,0.0149706296,0.00361321979,-0.00065881939,-0.0625808588,4.99944799,1725.73894
0.238716272,0.102249575,-0.000964983593,-0.0105886796,0.0230749532,7.53879288,1713.80027
0.238805159,0.0136327222,0.00355889544,-0.000549943296,-0.0637443026,4.96242111,1726.46151
0.238934512,0.0123845633,0.00347074958,-0.000456717429,-0.0648268565,4.92487095,1727.18394
0.239043083,0.0984584434,-0.00150316898,-0.0106337057,0.0177546473,7.39815367,1714.90339
0.239048289,0.0515415566,-0.00126785088,-0.00532113332,-0.0321104352,5.72663238,1722.58796
0.239055187,0.0112201325,0.0033534481,-0.000377115199,-0.0658344316,4.88670709,1727.89716
0.239167768,0.0101338132,0.00321142704,-0.000309312078,-0.0667724323,4.84842989,1728.59408
0.239272797,0.00912036556,0.00304883802,-0.000251813799,-0.067645819,4.81045383,1729.26934
0.23937078,0.00817490128,0.00286954955,-0.000203264965,-0.0684591585,4.77299602,1729.91908
0.239393392,0.0943947116,-0.00201028878,-0.0105111198,0.012199535,7.24440331,1716.14638
0.239410694,0.0477504251,-0.00059793728,-0.00461428696,-0.0358168147,5.63042834,1722.59559
0.239462191,0.00729285993,0.00267708331,-0.000162476233,-0.069216666,4.73623222,1730.54071
0.239547469,0.00646998704,0.00247459536,-0.0001284197,-0.0699222405,4.70032234,1731.13261
0.239563636,0.15,0,0,0.0861090152,7.50478669,1714.78855
0.239590654,0.14964235,3.15935964e-06,-3.62907124e-06,0.0854686504,7.51594062,1714.76507
0.239619613,0.149258983,8.52207029e-06,-1.18498282e-05,0.0847845466,7.54511627,1714.7404
0.239627027,0.0057023135,0.00226490098,-0.000100174651,-0.0705794935,4.66534109,1731.69401
0.239650655,0.14884805,1.63014186e-05,-2.63292632e-05,0.0840539551,7.5816029,1714.71463
0.23968393,0.148407569,2.67938759e-05,-4.84295737e-05,0.0832739342,7.61964813,1714.68774
0.239701248,0.00498613648,0.00205048826,-7.69206481e-05,-0.0711917753,4.63132309,1732.22474
0.239719596,0.147935415,4.03033099e-05,-7.92441639e-05,0.0824413859,7.65910891,1714.65975
0.239748789,0.0442136074,6.19126746e-05,-0.00398864191,-0.0391726444,5.54834461,1722.50669
0.239757827,0.147429312,5.71337246e-05,-0.000120114972,0.0815530508,7.69989223,1714.63067
0.239768891,0.0900387783,-0.00245062629,-0.0102071277,0.00642299672,7.07811934,1717.5065
0.23977049,0.00431800152,0.00183353209,-5.79452619e-05,-0.0717621963,4.59837681,1732.72514
0.239798808,0.146886817,7.75825488e-05,-0.000172495763,0.0806055037,7.74188997,1714.60055
0.239835088,0.00369468589,0.00161591844,-4.26256899e-05,-0.0722936461,4.56660073,1733.19586
0.239842735,0.146305314,0.000101927028,-0.000237957103,0.0795951479,7.78488751,1714.56942
0.23988982,0.145681998,0.000130404052,-0.00031817961,0.0785182101,7.82875255,1714.5374
0.239895352,0.00311318307,0.00139926705,-3.04279907e-05,-0.0727888114,4.53605938,1733.63785
0.239940292,0.145013864,0.000163190768,-0.000414985256,0.0773707347,7.87334445,1714.50461
0.239951573,0.0025706882,0.00118495439,-2.08892353e-05,-0.0732501904,4.50677201,1734.05221
0.239994392,0.144297686,0.000200383054,-0.000530299519,0.0761485771,7.91834527,1714.47125
0.240004023,0.00206458457,0.000974134714,-1.35988688e-05,-0.0736801072,4.4787356,1734.44018
0.240052383,0.143530013,0.000241967895,-0.000666099505,0.0748473965,7.96341015,1714.4376
0.240052955,0.00159243101,0.00076776209,-8.21406462e-06,-0.0740807244,4.45203843,1734.80305
0.240064204,0.040914044,0.0006926294,-0.00343835612,-0.0422236614,5.47830427,1722.38093
0.240098604,0.00115195011,0.000566612101,-4.42522827e-06,-0.0744540544,4.42668704,1735.14214
0.240114543,0.14270714,0.000287787349,-0.000824417636,0.0734626466,8.00822776,1714.40405
0.240141191,0.000741017226,0.00037130115,-2.08844907e-06,-0.0748019702,4.40274768,1735.45878
0.240171389,0.0853696328,-0.00278398827,-0.00971540447,0.000444496061,6.90013947,1718.93813
0.240180922,0.000357650242,0.000182305347,-5.0803055e-07,-0.0751262151,4.37784995,1735.75428
0.240181173,0.141825099,0.000337496912,-0.00100732144,0.0719895655,8.05238688,1714.37111
0.240217987,0,0,0,-0.0754284478,4.36506584,1736.02993
0.240252594,0.140879634,0.000390524539,-0.00121681905,0.0704231627,8.09533904,1714.33951
0.24032915,0.139866187,0.00044602245,-0.00145481324,0.0687582038,8.13657207,1714.31018
0.24035846,0.0378358195,0.00128013119,-0.00295657924,-0.0450081788,5.41812666,1722.26838
0.240411211,0.138779867,0.000502812339,-0.00172302279,0.0669891927,8.17540076,1714.28437
0.240499173,0.137615437,0.000559335739,-0.00202283739,0.0651103502,8.21109125,1714.2637
0.240593459,0.136367278,0.000613604986,-0.00235524498,0.0631155916,8.24291478,1714.25021
0.240602829,0.0803647536,-0.00296712579,-0.0090382791,-0.0057105184,6.71164111,1720.368
0.240632977,0.0349640862,0.00181446454,-0.0025362573,-0.0475582488,5.36570441,1722.20874
0.240694526,0.13502937,0.000663158903,-0.00272069037,0.0609985004,8.27001797,1714.24651
0.240802859,0.133595261,0.000705027537,-0.00311888644,0.058752304,8.29150681,1714.25582
0.240889079,0.0322849924,0.00228903538,-0.00217061256,-0.0499007237,5.31909384,1722.23084
0.240918982,0.132058033,0.000735709975,-0.00354863851,0.0563698503,8.30640736,1714.2821
0.241043455,0.13041027,0.000751155387,-0.00400761986,0.0538435915,8.31362872,1714.33011
0.241065292,0.075,-0.00295561696,-0.00819006578,-0.012012004,6.51321055,1721.69714
0.241128002,0.0297856156,0.00269999641,-0.0018532768,-0.0520581731,5.27644991,1722.3526
0.241176878,0.128644026,0.000746771428,-0.00449213245,0.0511655793,8.31200661,1714.40552
0.241319895,0.12675078,0.000717564639,-0.00499689189,0.0483274807,8.30038315,1714.51497
0.241350897,0.0274539002,0.00304582748,-0.00157843308,-0.054049666,5.23627141,1722.58172
0.241473195,0.124721401,0.000658405613,-0.00551483254,0.045320623,8.27765152,1714.66606
0.241527755,0.0696352464,-0.00273180091,-0.00726569969,-0.0180078403,6.32012926,1722.745
0.241558841,0.0252785992,0.00332688482,-0.00134089262,-0.0558914217,5.19747521,1722.91702
0.241637519,0.1225461,0.000564331829,-0.00603691437,0.0421360822,8.24279855,1714.86735
0.241752835,0.0232492201,0.00354502396,-0.00113612027,-0.0575973443,5.15895435,1723.3504
0.241813658,0.120214384,0.000430928043,-0.00655199191,0.0387648279,8.19495734,1715.1282
0.241933816,0.0213559743,0.00370328449,-0.000959847283,-0.0591794557,5.11958462,1723.869
0.241959195,0.0646303672,-0.00234308611,-0.00637234168,-0.0233319036,6.14754848,1723.42476
0.242002462,0.117715008,0.000254823754,-0.00704677222,0.0351979402,8.1334138,1715.45846
0.242102656,0.0195897299,0.0038055691,-0.000808259368,-0.0606482445,5.07915351,1724.45731
0.242204842,0.115035914,3.42831728e-05,-0.00750586514,0.0314269181,8.05758401,1715.86805
0.242260171,0.0179419674,0.0038563389,-0.000678246772,-0.0620129427,5.03840182,1725.09892
0.242361693,0.0599612217,-0.00183946396,-0.00553956146,-0.0280742991,5.99553447,1723.78645
0.242407119,0.0164047389,0.00386041841,-0.000567012292,-0.0632817466,4.99801927,1725.77788
0.242421774,0.112164181,-0.000230046118,-0.00791198483,0.027444094,7.96708817,1716.36614
0.242544209,0.0149706296,0.00382264101,-0.000472269377,-0.0644619912,4.95696903,1726.47955
0.242654305,0.109085956,-0.000534258533,-0.00824627306,0.0232431609,7.86186538,1716.96098
0.242672104,0.0136327222,0.00374777451,-0.000391718843,-0.0655602889,4.91433019,1727.19116
0.242737192,0.0556052884,-0.00126306109,-0.00478301512,-0.0323152481,5.86334866,1723.89972
0.242791419,0.0123845633,0.00364054882,-0.00032321247,-0.0665826389,4.87097985,1727.90198
0.24290273,0.0112201325,0.00350555048,-0.000265165248,-0.0675345132,4.82765083,1728.6033
0.242903556,0.105786393,-0.000870532376,-0.00848905261,0.0188198242,7.74223097,1717.65916
0.243006574,0.0101338132,0.00334721995,-0.000216142857,-0.0684209262,4.78466963,1729.2883
0.243087501,0.0515415566,-0.000648477623,-0.00410772764,-0.0361243284,5.74959496,1723.83778
0.243103453,0.00912036556,0.00316968221,-0.000174922715,-0.06924649,4.74227786,1729.95185
0.243170729,0.102249575,-0.00122630351,-0.00862087532,0.0141725668,7.60848261,1718.46312
0.243193832,0.00817490128,0.00297669047,-0.00014043391,-0.07001546,4.70053825,1730.59022
0.243278149,0.00729285993,0.00277165248,-0.000111696966,-0.0707317721,4.65952655,1731.20093
0.24335681,0.00646998704,0.00255762977,-8.78713894e-05,-0.0713990732,4.61941951,1731.78243
0.243414311,0.0477504251,-2.35607771e-05,-0.00351257397,-0.0395609901,5.65221421,1723.6691
0.243430194,0.0057023135,0.0023373472,-6.82344142e-05,-0.0720207475,4.58039632,1732.33397
0.243457113,0.0984584434,-0.0015836383,-0.00862358947,0.00930348973,7.46106256,1719.36853
0.243498656,0.00498613648,0.00211320987,-5.21669252e-05,-0.0725999388,4.54257721,1732.8554
0.243562524,0.00431800152,0.00188732373,-3.91344746e-05,-0.0731395699,4.5060484,1733.34702
0.243622109,0.00369468589,0.00166151201,-2.86763007e-05,-0.0736423596,4.47087343,1733.80951
0.243677697,0.00311318307,0.00143733507,-2.03964466e-05,-0.0741108382,4.43709627,1734.24377
0.243719199,0.0442136074,0.000589651213,-0.00299281718,-0.0426754748,5.56885365,1723.45403
0.243729555,0.0025706882,0.00121611279,-1.39550131e-05,-0.0745473609,4.4047375,1734.65088
0.24376409,0.0943947116,-0.00191908582,-0.00848197296,0.00421915845,7.30071222,1720.36067
0.243777935,0.00206458457,0.000998947384,-9.05517367e-06,-0.0749541203,4.37379816,1735.03205
0.24382307,0.00159243101,0.000786745334,-5.45300911e-06,-0.0753331583,4.34435423,1735.38855
0.243865177,0.00115195011,0.000580238485,-2.93568665e-06,-0.0756863759,4.31642807,1735.72167
0.243904459,0.000741017226,0.000380003191,-1.41303324e-06,-0.0760155432,4.28994717,1736.03273
0.243941106,0.000357650242,0.000186478983,-2.75449672e-07,-0.0763223088,4.2631857,1736.32299
0.243975295,0,0,0,-0.0766082425,4.24983378,1736.59374
0.244003634,0.040914044,0.00117410312,-0.00254197239,-0.0455099247,5.49714992,1723.24358
0.244093139,0.0900387783,-0.00220380392,-0.00818547897,-0.00106868086,7.12792472,1721.41042
0.244268989,0.0378358195,0.00171695687,-0.00215292513,-0.0480995547,5.43478471,1723.07895
0.244445849,0.0853696328,-0.00240433744,-0.00773033293,-0.00654268758,6.94377977,1722.47029
0.244516544,0.0349640862,0.00220896867,-0.00181858661,-0.0504737558,5.37951327,1722.99134
0.244527273,0.15,0,0,0.071303233,8.09066437,1717.26931
0.244550045,0.14964235,-5.53297797e-05,-2.72433419e-06,0.0707047095,8.09764837,1717.31984
0.244574454,0.149258983,-0.000110657633,-8.91427919e-06,0.0700653355,8.11665534,1717.37428
0.244600619,0.14884805,-0.000165634609,-1.97787632e-05,0.0693825605,8.14101332,1717.43294
0.244628665,0.148407569,-0.000219828473,-3.63903576e-05,0.0686536673,8.16630626,1717.49603
0.244658728,0.147935415,-0.00027275976,-5.9592042e-05,0.0678758021,8.19248829,1717.56377
0.244690952,0.147429312,-0.000323905422,-9.04363287e-05,0.067045973,8.21947888,1717.63632
0.244725493,0.146886817,-0.000372703542,-0.000130042096,0.0661610473,8.2470202,1717.71384
0.244747492,0.0322849924,0.00264394032,-0.00153223524,-0.0526570902,5.32932946,1723.00189
0.244762518,0.146305314,-0.000418557104,-0.000179616449,0.0652177501,8.27477609,1717.7964
0.244802206,0.145681998,-0.000460843874,-0.000240451696,0.0642126621,8.30264168,1717.88406
0.24482392,0.0803647536,-0.00248374755,-0.00712069406,-0.0121800675,6.74962692,1723.47249
0.244844747,0.145013864,-0.000498932961,-0.000313955397,0.0631422183,8.33052992,1717.97679
0.244890346,0.144297686,-0.000532202392,-0.000401625992,0.0620027057,8.35813399,1718.0745
0.244939225,0.143530013,-0.000560056634,-0.000505013501,0.0607902607,8.38517818,1718.17701
0.244962948,0.0297856156,0.00301823307,-0.001287669,-0.0546701576,5.28259809,1723.12204
0.244991619,0.14270714,-0.000581941959,-0.000625724404,0.0595008659,8.41135171,1718.28409
0.245047779,0.141825099,-0.000597373347,-0.000765384629,0.0581303439,8.43628117,1718.39542
0.245107978,0.140879634,-0.000606006519,-0.000925595777,0.0566743505,8.45953576,1718.51063
0.245163951,0.0274539002,0.00333037726,-0.00107932758,-0.0565303308,5.2379049,1723.35429
0.245172506,0.139866187,-0.000607704427,-0.00110788651,0.055128364,8.48063511,1718.62934
0.245229176,0.075,-0.00240283994,-0.00637162583,-0.0179539631,6.5463523,1724.33272
0.245241673,0.138779867,-0.000602576346,-0.00131365276,0.0534876716,8.49904511,1718.7512
0.245315814,0.137615437,-0.000591037248,-0.00154408258,0.0517473514,8.51416982,1718.87593
0.24535147,0.0252785992,0.00358065984,-0.000902309301,-0.0582523658,5.19417582,1723.69376
0.245395286,0.136367278,-0.000573874158,-0.0018000628,0.0499022512,8.52531687,1719.00342
0.245480472,0.13502937,-0.000552317499,-0.00208204938,0.0479469621,8.53163764,1719.13384
0.245526411,0.0232492201,0.00377069767,-0.000752242071,-0.0598489011,5.1507072,1724.12992
0.245571784,0.133595261,-0.000528097994,-0.00238988349,0.0458757896,8.53212052,1719.26774
0.245634433,0.0696352464,-0.00214796173,-0.00556805472,-0.0234507686,6.3501992,1724.92587
0.245669661,0.132058033,-0.000503459932,-0.00272258689,0.0436827221,8.52573266,1719.4062
0.245689616,0.0213559743,0.0039032745,-0.000625294055,-0.0613308612,5.10715692,1724.6486
0.245774577,0.13041027,-0.000481178522,-0.00307821945,0.0413614008,8.51161276,1719.551
0.245841873,0.0195897299,0.00398230869,-0.000518294171,-0.0627077803,5.06282203,1725.23381
0.245887036,0.128644026,-0.000464596192,-0.00345380003,0.0389050967,8.4890841,1719.70477
0.245983917,0.0179419674,0.00401220744,-0.000428662524,-0.0639880584,5.01740722,1725.86923
0.246007581,0.12675078,-0.000457584883,-0.00384517122,0.0363067032,8.457489,1719.8711
0.246012504,0.0646303672,-0.00175985038,-0.00480220856,-0.0283350025,6.17631441,1725.21602
0.246116432,0.0164047389,0.00399758576,-0.000353334771,-0.0651791646,4.97039257,1726.53932
0.246136794,0.124721401,-0.000464410211,-0.00424676844,0.0335587517,8.41607357,1720.05465
0.246240057,0.0149706296,0.00394296905,-0.000289872305,-0.0662877956,4.92200225,1727.23001
0.246275299,0.1225461,-0.000489533012,-0.00465138397,0.0306534638,8.36401985,1720.26107
0.24635539,0.0136327222,0.00385280817,-0.000236770931,-0.0673200003,4.87347928,1727.92911
0.246365214,0.0599612217,-0.00127789817,-0.00409780278,-0.0326890793,6.0241635,1725.26037
0.246423762,0.120214384,-0.000537324195,-0.00505000418,0.0275828519,8.30054038,1720.49691
0.246462986,0.0123845633,0.00373185009,-0.000192417486,-0.0682812798,4.82525827,1728.62641
0.246563365,0.0112201325,0.00358471264,-0.000155555119,-0.0691766638,4.77749617,1729.31365
0.246582901,0.117715008,-0.000611671251,-0.00543174533,0.0243388881,8.22496194,1720.76961
0.24665701,0.0101338132,0.00341566419,-0.000125064492,-0.0700107729,4.73012748,1729.9844
0.246694263,0.0556052884,-0.00073599355,-0.00346671272,-0.0365863378,5.89251555,1725.12687
0.246744373,0.00912036556,0.00322865275,-9.98930501e-05,-0.0707878677,4.68318669,1730.63379
0.246753482,0.115035914,-0.000715456617,-0.00578393183,0.0209137603,8.13678393,1721.08717
0.246825876,0.00817490128,0.0030272864,-7.91767448e-05,-0.0715118881,4.63696318,1731.25832
0.246901911,0.00729285993,0.0028148467,-6.21941223e-05,-0.0721864859,4.59171714,1731.85562
0.246936329,0.112164181,-0.000849838798,-0.00609223737,0.0173002349,8.03568495,1721.45738
0.246972846,0.00646998704,0.00259429149,-4.83425608e-05,-0.0728150517,4.54761706,1732.42426
0.24700124,0.0515415566,-0.000162945549,-0.00291164763,-0.0400903486,5.77929932,1724.88174
0.247039022,0.0057023135,0.00236825684,-3.71073883e-05,-0.0734007378,4.5047984,1732.96354
0.24710076,0.00498613648,0.00213906671,-2.80565199e-05,-0.0739464771,4.46336734,1733.47333
0.247132324,0.109085956,-0.00101352644,-0.00634099037,0.0134921358,7.92149388,1721.88693
0.247158355,0.00431800152,0.00190874954,-2.08250589e-05,-0.0744550007,4.42340517,1733.95396
0.247212088,0.00369468589,0.00167905783,-1.5105812e-05,-0.0749288523,4.38497089,1734.40607
0.247262215,0.00311318307,0.00145148873,-1.06405822e-05,-0.075370402,4.3481028,1734.83057
0.247287624,0.0477504251,0.000417316798,-0.00243018361,-0.0432553524,5.682053,1724.58427
0.247308981,0.0025706882,0.00122730582,-7.21279246e-06,-0.0757818582,4.31282,1735.22852
0.247342411,0.105786393,-0.00120237135,-0.00651400291,0.00948494407,7.79439331,1722.38032
0.247352609,0.00206458457,0.00100756091,-4.63848115e-06,-0.0761652789,4.27912597,1735.60109
0.24739331,0.00159243101,0.000793115093,-2.77077696e-06,-0.0765225817,4.24707524,1735.94952
0.247431281,0.00115195011,0.000584659618,-1.48897343e-06,-0.0768555536,4.21671018,1736.27509
0.247466705,0.000741017226,0.000382734672,-7.63143693e-07,-0.0771658593,4.18785777,1736.57907
0.247499753,0.000357650242,0.000187748254,-6.2735785e-08,-0.0774550499,4.15928342,1736.86272
0.247530584,0,0,0,-0.0777246034,4.14532206,1737.12729
0.247554797,0.0442136074,0.000985349354,-0.00201697154,-0.0461271215,5.59828287,1724.285
0.247567605,0.102249575,-0.00140835248,-0.00659504409,0.00527651724,7.65431492,1722.938
0.247804048,0.040914044,0.00152577203,-0.00166535171,-0.0487439942,5.5254754,1724.02525
0.247808991,0.0984584434,-0.00161851433,-0.00656909179,0.000867877693,7.50151683,1723.5541
0.248036578,0.0378358195,0.0020267823,-0.00136825568,-0.0511379467,5.46123426,1723.83719
0.248067734,0.0943947116,-0.00181489698,-0.00642386691,-0.0037359856,7.33685302,1724.2136
0.248253511,0.0349640862,0.00247971304,-0.00111876427,-0.0533356136,5.40335299,1723.7439
0.248345083,0.0900387783,-0.00197473627,-0.00615115844,-0.0085254274,7.16078712,1724.8892
0.248455891,0.0322849924,0.00287866381,-0.000910398447,-0.0553592101,5.34989661,1723.7596
0.248642373,0.0853696328,-0.00207052206,-0.00574882547,-0.0134857605,6.97435181,1725.53882
0.248644695,0.0297856156,0.00322014938,-0.000737278295,-0.0572273338,5.29923701,1723.89005
0.248820834,0.0274539002,0.00350271041,-0.000594145457,-0.0589556453,5.24998727,1724.13352
0.24896104,0.0803647536,-0.00207070391,-0.00522161742,-0.0185973874,6.77884859,1726.10518
0.248985157,0.0252785992,0.00372659588,-0.000476342835,-0.0605574313,5.2011203,1724.48224
0.249138458,0.0232492201,0.0038934808,-0.000379778743,-0.0620440653,5.15234615,1724.92401
0.249281475,0.0213559743,0.0040060505,-0.000301177316,-0.0634253785,5.10366184,1725.44397
0.249302621,0.075,-0.0019403882,-0.00458413166,-0.0238370884,6.57543719,1726.52008
0.249414898,0.0195897299,0.00406744654,-0.000237699327,-0.0647099557,5.05370744,1726.02611
0.249424743,0.15,0,0,0.0566953027,8.65426558,1719.71692
0.24944302,0.14964235,-9.57765184e-05,-1.8527566e-06,0.0561392266,8.65719124,1719.83028
0.249462611,0.149258983,-0.000193226512,-6.09170692e-06,0.0555452543,8.66641321,1719.95177
0.249483611,0.14884805,-0.000291922156,-1.3498826e-05,0.054911038,8.67912992,1720.08189
0.24950612,0.148407569,-0.000391349068,-2.48718308e-05,0.0542340857,8.69199762,1720.22102
0.249530248,0.147935415,-0.000490915907,-4.07657945e-05,0.0535117882,8.70487317,1720.36953
0.249539371,0.0179419674,0.004081454,-0.000186627306,-0.0659053699,5.00218918,1726.65452
0.249556111,0.147429312,-0.000589955249,-6.18952153e-05,0.0527414188,8.71759794,1720.52771
0.249583834,0.146886817,-0.00068772842,-8.90226961e-05,0.0519201337,8.73024528,1720.6958
0.24961355,0.146305314,-0.000783424208,-0.000123029679,0.0510449733,8.74275405,1720.87391
0.249644202,0.0696352464,-0.00166872112,-0.00390987799,-0.0288303138,6.38048596,1726.7077
0.249645403,0.145681998,-0.000876154529,-0.000164871392,0.0501128635,8.75479393,1721.06205
0.249655494,0.0164047389,0.00405242588,-0.000145566171,-0.067018366,4.94954851,1727.31432
0.249679546,0.145013864,-0.000964962701,-0.000215548115,0.0491206172,8.76618438,1721.26008
0.249716144,0.144297686,-0.00104884246,-0.000276150363,0.048064937,8.77682494,1721.46766
0.249755374,0.143530013,-0.00112676441,-0.000347866661,0.0469424169,8.78663183,1721.68429
0.249763827,0.0149706296,0.00398511081,-0.000112582829,-0.0680550051,4.8961477,1727.99219
0.249797425,0.14270714,-0.00119771038,-0.000431954276,0.0457495435,8.79521376,1721.9092
0.249842499,0.141825099,-0.00126069879,-0.000529601726,0.0444826959,8.80163942,1722.14139
0.249864893,0.0136327222,0.00388438295,-8.63572588e-05,-0.0690207756,4.84311595,1728.67662
0.249890814,0.140879634,-0.00131480011,-0.000641917169,0.0431381424,8.80524608,1722.37961
0.249942603,0.139866187,-0.00135918814,-0.000770000631,0.0417120346,8.80589133,1722.62237
0.24995918,0.0123845633,0.00375477636,-6.57413814e-05,-0.0699206811,4.79045634,1729.35806
0.249962869,0.0646303672,-0.00129000283,-0.00327606281,-0.0332721397,6.20885126,1726.66974
0.249998117,0.138779867,-0.00139321832,-0.000914893415,0.0402003995,8.80319417,1722.86796
0.250047142,0.0112201325,0.00360055407,-4.96298423e-05,-0.07075931,4.73785965,1730.02878
0.250057622,0.137615437,-0.00141650672,-0.00107749038,0.0385991255,8.79658684,1723.11446
0.250121405,0.136367278,-0.00142898675,-0.00125845128,0.0369039438,8.78554605,1723.35984
0.250129203,0.0101338132,0.00342571979,-3.7110371e-05,-0.0715408884,4.68564676,1730.68276
0.250189775,0.13502937,-0.00143084076,-0.00145816005,0.0351104037,8.76964471,1723.60204
0.250205759,0.00912036556,0.00323402105,-2.74398808e-05,-0.0722693238,4.63418421,1731.31545
0.25026016,0.0599612217,-0.000834389728,-0.00270166789,-0.0372367382,6.05935036,1726.46113
0.250263061,0.133595261,-0.00142234005,-0.00167662996,0.0332138429,8.74843884,1723.8391
0.25027718,0.00817490128,0.00302893017,-2.00362684e-05,-0.0729482386,4.58370535,1731.92361
0.250341617,0.132058033,-0.00140410205,-0.00191335196,0.03120935,8.7213305,1724.0693
0.25034381,0.00729285993,0.0028136116,-1.44244862e-05,-0.0735809986,4.53440414,1732.50504
0.25040597,0.00646998704,0.00259091103,-1.02158789e-05,-0.0741707354,4.48644292,1733.05842
0.250425821,0.13041027,-0.00137785666,-0.00216714096,0.0290917236,8.68759745,1724.2914
0.250463961,0.0057023135,0.00236336144,-7.09597473e-06,-0.0747203666,4.43995318,1733.58311
0.25051608,0.128644026,-0.0013465215,-0.0024359922,0.0268554341,8.6464196,1724.50486
0.250518061,0.00498613648,0.00213319543,-4.81878384e-06,-0.0752326117,4.39503794,1734.07904
0.250537508,0.0556052884,-0.000328869338,-0.0021956116,-0.0407900742,5.93004198,1726.14193
0.250568532,0.00431800152,0.00190235981,-3.18513037e-06,-0.075710007,4.35177539,1734.54654
0.250612829,0.12675078,-0.00131350612,-0.00271690497,0.0244945963,8.59690398,1724.71001
0.250615618,0.00369468589,0.00167253398,-2.03591121e-06,-0.0761549188,4.3102192,1734.98627
0.250659545,0.00311318307,0.00144515032,-1.24804129e-06,-0.0765695543,4.27040033,1735.3991
0.250700525,0.0025706882,0.00122141583,-7.25282407e-07,-0.0769559729,4.23233058,1735.78609
0.250716535,0.124721401,-0.00128241662,-0.00300568515,0.0220029582,8.53823607,1724.90823
0.250738756,0.00206458457,0.0010023334,-3.9099836e-07,-0.0773160956,4.19600786,1736.14837
0.250774423,0.00159243101,0.000788721798,-1.9325331e-07,-0.077651714,4.16148,1736.48717
0.250796251,0.0515415566,0.000202503918,-0.00175892798,-0.0439893301,5.81858592,1725.76817
0.250807697,0.00115195011,0.000581235839,-9.6993168e-08,-0.077964499,4.12878369,1736.80371
0.250827698,0.1225461,-0.00125711832,-0.00329680559,0.0193739161,8.46977182,1725.10208
0.25083874,0.000741017226,0.000380384385,-1.36927436e-07,-0.0782560085,4.09772691,1737.09925
0.250867699,0.000357650242,0.000186548264,1.3629348e-07,-0.0785276946,4.06743361,1737.375
0.250894716,0,0,0,-0.0787809409,4.05283793,1737.63219
0.250946853,0.120214384,-0.00124167823,-0.00358331955,0.0166005726,8.39101694,1725.29536
0.251037638,0.0477504251,0.000739132221,-0.00138849491,-0.046883288,5.72234372,1725.38855
0.251074577,0.117715008,-0.00124012014,-0.00385679336,0.0136758541,8.3015989,1725.49304
0.251211484,0.115035914,-0.00125600817,-0.00410735994,0.0105927109,8.20127945,1725.70106
0.251262831,0.0442136074,0.00126383856,-0.00107876544,-0.0495130876,5.63866912,1725.04342
0.251358236,0.112164181,-0.00129192042,-0.00432377401,0.00734441703,8.08971418,1725.92573
0.251472919,0.040914044,0.00176267941,-0.000823145735,-0.0519131521,5.56498665,1724.76474
0.25151554,0.109085956,-0.00134886702,-0.00449362534,0.00392498726,7.96627388,1726.17296
0.251668913,0.0378358195,0.00222472358,-0.000614774351,-0.0541121526,5.4989136,1724.57638
0.251684155,0.105786393,-0.00142516352,-0.00460381532,0.000329705108,7.83159003,1726.44711
0.251851761,0.0349640862,0.00264180333,-0.000447006952,-0.0561339332,5.43832045,1724.4943
0.251864894,0.102249575,-0.00151599272,-0.00464124835,-0.00344421443,7.68642543,1726.74931
0.252022342,0.0322849924,0.00300825266,-0.000313672416,-0.0579983491,5.38138054,1724.52679
0.252058629,0.0984584434,-0.00161268604,-0.00459409261,-0.0073968913,7.53042213,1727.07531
0.25218148,0.0297856156,0.00332062389,-0.000209205054,-0.0597219962,5.32659729,1724.675
0.252266295,0.0943947116,-0.00170206248,-0.00445240282,-0.0115250326,7.36369502,1727.41307
0.252329944,0.0274539002,0.00357739031,-0.000128680608,-0.0613188307,5.27280986,1724.93395
0.252468448,0.0252785992,0.00377867656,-6.78489074e-05,-0.0628006818,5.21918788,1725.29382
0.252488892,0.0900387783,-0.00176653438,-0.004209549,-0.0158212658,7.18684873,1727.74015
0.252597661,0.0232492201,0.00392597603,-2.30421677e-05,-0.0641776714,5.16487623,1725.74143
0.252718207,0.0213559743,0.00402167668,9.01426537e-06,-0.0654585514,5.10884423,1726.26176
0.252727496,0.0853696328,-0.00178360554,-0.00386446775,-0.0202737558,7.00105104,1728.0221
0.252830666,0.0195897299,0.00406871091,3.11138789e-05,-0.0666509697,5.05207354,1726.83917
0.252935581,0.0179419674,0.00407096446,4.57583054e-05,-0.0677616824,4.99527002,1727.45845
0.252983256,0.0803647536,-0.00172639304,-0.00342197585,-0.024866295,6.80747415,1728.2128
0.253033458,0.0164047389,0.00403274307,5.42018236e-05,-0.0687967192,4.93854945,1728.10555
0.25312477,0.0149706296,0.00395834518,5.76941065e-05,-0.0697615117,4.88188138,1728.76798
0.253209956,0.0136327222,0.00385225175,5.78343202e-05,-0.0706609934,4.82437338,1729.43505
0.253257407,0.075,-0.00156370165,-0.00289549673,-0.0295794388,6.60718972,1728.25899
0.253289428,0.0123845633,0.00371875391,5.56288462e-05,-0.0714996753,4.76646797,1730.09788
0.253363569,0.0112201325,0.00356190288,5.19126319e-05,-0.0722817067,4.70897627,1730.74934
0.253432737,0.0101338132,0.00338556339,4.72350998e-05,-0.073010921,4.65221929,1731.38384
0.253497264,0.00912036556,0.00319335443,4.2042981e-05,-0.0736908729,4.5964326,1731.9972
0.253531557,0.0696352464,-0.00128669167,-0.00234708423,-0.0340771476,6.41639885,1728.1249
0.253557463,0.00817490128,0.00298860601,3.66764114e-05,-0.0743248673,4.54183278,1732.58642
0.253613624,0.00729285993,0.00277434563,3.1385384e-05,-0.0749159831,4.48861193,1733.14951
0.253666017,0.00646998704,0.00255329697,2.63483634e-05,-0.0754670921,4.43692917,1733.68524
0.253714896,0.0057023135,0.00232788528,2.16851428e-05,-0.0759808757,4.38691117,1734.19309
0.253760496,0.00498613648,0.00210024755,1.74665042e-05,-0.0764598387,4.33865653,1734.67301
0.253787317,0.0646303672,-0.000923633849,-0.00183994898,-0.0380843373,6.24935959,1727.83856
0.253803037,0.00431800152,0.00187224668,1.37331676e-05,-0.0769063216,4.29223694,1735.12535
0.253842724,0.00369468589,0.00164548932,1.05020607e-05,-0.0773225114,4.24769686,1735.55078
0.253879749,0.00311318307,0.00142134585,7.76404172e-06,-0.0777104513,4.20505915,1735.95015
0.253914291,0.0025706882,0.00120096942,5.49968162e-06,-0.0780720505,4.16433049,1736.32449
0.253946515,0.00206458457,0.000985316053,3.68503839e-06,-0.0784090916,4.12550475,1736.67491
0.253976578,0.00159243101,0.00077516448,2.28056647e-06,-0.0787232394,4.08861983,1737.0026
0.254004624,0.00115195011,0.000571135507,1.23873439e-06,-0.0790160478,4.05369901,1737.30876
0.254025921,0.0599612217,-0.000497121021,-0.00138905886,-0.0416667724,6.10406839,1727.44852
0.254030788,0.000741017226,0.000373710965,4.7069036e-07,-0.0792889668,4.02050755,1737.59458
0.254055198,0.000357650242,0.000183248086,3.40442965e-07,-0.0795433491,3.988648,1737.86127
0.25407797,0,0,0,-0.0797804825,3.9735415,1738.11
0.254245021,0.15,0,0,0.0423179492,9.17757173,1722.1259
0.254248519,0.0556052884,-2.86441733e-05,-0.00100088383,-0.0448829398,5.97815888,1727.00494
0.2542586,0.14964235,-0.000120235258,-1.05716049e-06,0.0418064718,9.17664023,1722.28341
0.254273156,0.149258983,-0.000243277399,-3.52978982e-06,0.0412601893,9.17666585,1722.45199
0.254288758,0.14884805,-0.000368674026,-7.79530564e-06,0.0406769624,9.17857756,1722.6322
0.254305483,0.148407569,-0.00049589012,-1.44137298e-05,0.0400545294,9.17999592,1722.82453
0.254323409,0.147935415,-0.000624296361,-2.36920961e-05,0.0393905289,9.18080493,1723.02944
0.254342625,0.147429312,-0.000753162299,-3.60621234e-05,0.0386825015,9.18085323,1723.24727
0.254363222,0.146886817,-0.000881650676,-5.20082689e-05,0.0379278916,9.18013005,1723.47828
0.254385301,0.146305314,-0.00100882163,-7.20822935e-05,0.0371240515,9.17862664,1723.72258
0.254408967,0.145681998,-0.001133636,-9.68901771e-05,0.0362682452,9.17607883,1723.98011
0.254434335,0.145013864,-0.00125495435,-0.000127083834,0.0353576531,9.17215375,1724.25059
0.254456184,0.0515415566,0.00046182105,-0.000675345795,-0.0477835822,5.86915124,1726.55331
0.254461526,0.144297686,-0.001371544,-0.000163340982,0.034389377,9.16642831,1724.5335
0.254490674,0.143530013,-0.0014821009,-0.000206336428,0.033360446,9.15847411,1724.82802
0.254521916,0.14270714,-0.00158529226,-0.000256755457,0.0322678213,9.14822813,1725.13299
0.254555406,0.141825099,-0.00167979811,-0.000315374795,0.0311084006,9.1359788,1725.44689
0.254591303,0.140879634,-0.00176429005,-0.000383097988,0.029879019,9.12142456,1725.76779
0.254629782,0.139866187,-0.00183742551,-0.000460782334,0.0285764477,9.10379445,1726.09337
0.254649919,0.0477504251,0.000956517139,-0.000408915676,-0.0504120091,5.77425881,1726.13215
0.254671027,0.138779867,-0.00189791907,-0.000549122566,0.0271973902,9.08261988,1726.42089
0.254715238,0.137615437,-0.00194461334,-0.000648758296,0.0257384718,9.05782799,1726.74722
0.254762628,0.136367278,-0.00197659592,-0.00076041653,0.0241962238,9.02992325,1727.06892
0.254813426,0.13502937,-0.00199344522,-0.000884821509,0.022567064,8.99862434,1727.38229
0.254830658,0.0442136074,0.00144016248,-0.000196011186,-0.0528047438,5.69078917,1725.77248
0.254867876,0.133595261,-0.00199544274,-0.00102209529,0.0208472682,8.96095874,1727.68345
0.254926241,0.132058033,-0.00198342153,-0.00117172407,0.0190329267,8.91376557,1727.96859
0.254988804,0.13041027,-0.00195850969,-0.00133257501,0.01711989,8.85754119,1728.23421
0.254999273,0.040914044,0.0019000444,-3.01999488e-05,-0.0549923282,5.6161946,1725.49812
0.255055864,0.128644026,-0.00192196944,-0.00150297426,0.0151037254,8.79440533,1728.47736
0.255127747,0.12675078,-0.00187544083,-0.00168117708,0.01297968,8.72489076,1728.69584
0.255156577,0.0378358195,0.00232599135,9.5133028e-05,-0.0570001755,5.54817444,1725.3259
0.255204798,0.124721401,-0.00182148106,-0.00186475972,0.0107426442,8.64827901,1728.88847
0.25528739,0.1225461,-0.00176354917,-0.0020500509,0.00838713293,8.56368853,1729.0553
0.255303329,0.0349640862,0.00271026653,0.000186351156,-0.0588493934,5.48471885,1725.26587
0.255375921,0.120214384,-0.0017056528,-0.00223217031,0.00590730233,8.47042417,1729.19783
0.255440236,0.0322849924,0.00304740231,0.000249334817,-0.0605575324,5.42414202,1725.32156
0.255470817,0.117715008,-0.00165199707,-0.0024050251,0.00329702047,8.36804383,1729.31905
0.25556796,0.0297856156,0.00333398971,0.000289359663,-0.0621392408,5.36509478,1725.49061
0.255572537,0.115035914,-0.00160662247,-0.00256130747,0.00055001022,8.25628906,1729.42329
0.255681571,0.112164181,-0.00157306629,-0.00269249752,-0.00233991429,8.13504119,1729.51582
0.255687116,0.0274539002,0.00356842873,0.000311057263,-0.0636068207,5.30654649,1725.76571
0.255798278,0.0252785992,0.00375063572,0.000318403416,-0.0649706903,5.24771057,1726.13577
0.255798445,0.109085956,-0.00155383312,-0.00278938195,-0.00537849847,8.00479561,1729.60211
0.255901984,0.0232492201,0.00388172881,0.00031487492,-0.0662397607,5.18789413,1726.58723
0.255923723,0.105786393,-0.00154895098,-0.0028420709,-0.00857059061,7.86529127,1729.6868
0.255998733,0.0213559743,0.00396385533,0.00030341306,-0.0674217387,5.12703257,1727.1053
0.256058008,0.102249575,-0.00155588275,-0.00284034529,-0.0119195573,7.71623443,1729.77212
0.256088992,0.0195897299,0.00400037925,0.000286385836,-0.0685233661,5.06618161,1727.67502
0.256173196,0.0179419674,0.00399510714,0.0002656894,-0.0695506093,5.00471237,1728.28205
0.25620195,0.0984584434,-0.00156955135,-0.00277480399,-0.0154266091,7.55781058,1729.85588
0.256251752,0.0164047389,0.00395180672,0.000242628502,-0.0705088054,4.94182853,1728.9133
0.256325038,0.0149706296,0.0038744033,0.000218508481,-0.0714027757,4.87879786,1729.5572
0.256356242,0.0943947116,-0.00158096464,-0.00263752001,-0.0190901052,7.39022109,1729.92933
0.256393408,0.0136327222,0.00376684911,0.000194369872,-0.0722369126,4.81607119,1730.20389
0.256457192,0.0123845633,0.00363318401,0.000170806124,-0.0730152466,4.75351471,1730.8452
0.256516696,0.0112201325,0.0034773772,0.000148370441,-0.0737414975,4.69148278,1731.47456
0.256521628,0.0900387783,-0.00157654098,-0.00242347766,-0.022904923,7.21437554,1729.97506
0.25657221,0.0101338132,0.00330315107,0.000127410759,-0.0744191137,4.63034126,1732.08687
0.256623999,0.00912036556,0.00311395943,0.000108134369,-0.0750513036,4.57037407,1732.6783
0.256672314,0.00817490128,0.00291297642,9.06550468e-05,-0.0756410597,4.51180052,1733.24611
0.256698906,0.0853696328,-0.00153787924,-0.00213230277,-0.0268620618,7.03113778,1729.96592
0.256717389,0.00729285993,0.00270308878,7.50110846e-05,-0.0761911777,4.45480397,1733.78849
0.256759439,0.00646998704,0.00248689346,6.11845588e-05,-0.0767042729,4.39953859,1734.30436
0.256798669,0.0057023135,0.00226670195,4.91151004e-05,-0.0771827933,4.34612674,1734.79325
0.256835267,0.00498613648,0.00204455055,3.8712341e-05,-0.0776290307,4.29466105,1735.25517
0.25686941,0.00431800152,0.00182221547,2.98673357e-05,-0.0780451313,4.24520528,1735.6905
0.256888931,0.0803647536,-0.00144207365,-0.00176860012,-0.030948682,6.84154324,1729.86594
0.256901263,0.00369468589,0.0016012297,2.24600231e-05,-0.0784331043,4.19779777,1736.09987
0.256930979,0.00311318307,0.00138290069,1.63598615e-05,-0.0787948302,4.15245599,1736.48415
0.256958702,0.0025706882,0.00116832837,1.14389096e-05,-0.0791320685,4.10917862,1736.84433
0.256984565,0.00206458457,0.000958424254,7.57767738e-06,-0.0794464649,4.06796232,1737.18148
0.257008693,0.00159243101,0.000753931799,4.64448562e-06,-0.0797395577,4.02882424,1737.49675
0.257031202,0.00115195011,0.000555443106,2.51682379e-06,-0.0800127846,3.99174319,1737.7913
0.257052202,0.000741017226,0.000363416099,1.06341033e-06,-0.0802674887,3.95649184,1738.06629
0.257071793,0.000357650242,0.00017819022,5.5082688e-07,-0.0805049238,3.92322539,1738.32286
0.25709007,0,0,0,-0.0807262818,3.90770768,1738.56215
0.25709262,0.075,-0.00126138552,-0.00134437352,-0.0351490654,6.64645998,1729.6349
0.257296309,0.0696352464,-0.000988222827,-0.000911191385,-0.0391646341,6.46165035,1729.26785
0.257486334,0.0646303672,-0.000645570591,-0.000519594465,-0.0427491849,6.30038982,1728.81036
0.257663612,0.0599612217,-0.000250142316,-0.000180958623,-0.0459601442,6.16002252,1728.30346
0.257828998,0.0556052884,0.000181133868,0.000100168765,-0.0488486163,6.03797596,1727.78777
0.257983289,0.0515415566,0.000631662878,0.000324727154,-0.0514590073,5.93159213,1727.29914
0.258127231,0.0477504251,0.00108607021,0.000496549265,-0.0538292601,5.83803902,1726.86719
0.258261517,0.0442136074,0.00153070928,0.000621206464,-0.055991385,5.75464968,1726.51516
0.258386795,0.040914044,0.00195395279,0.000704978817,-0.0579721454,5.67895631,1726.26019
0.258503669,0.0378358195,0.00234630771,0.000754271621,-0.0597937942,5.60878013,1726.11342
0.258612702,0.0349640862,0.00270042386,0.000775218658,-0.0614747924,5.54225779,1726.0802
0.258714422,0.0322849924,0.00301101309,0.000773469721,-0.063030468,5.47786267,1726.16048
0.258809318,0.0297856156,0.00327468933,0.000754072925,-0.0644735948,5.41439063,1726.34937
0.25882874,0.15,0,0,0.0286463725,9.63451156,1724.41663
0.258837821,0.14964235,-0.000130763156,-3.74996104e-07,0.0281799645,9.6302983,1724.59788
0.258847554,0.149258983,-0.000264987636,-1.38994392e-06,0.0276818973,9.62219287,1724.79175
0.258857987,0.14884805,-0.000402226983,-3.01845729e-06,0.0271502381,9.61437568,1724.99882
0.258869171,0.148407569,-0.000541956639,-5.60890639e-06,0.0265829522,9.6056891,1725.21963
0.258881158,0.147935415,-0.000683552514,-9.29891012e-06,0.0259779205,9.59607781,1725.45464
0.258894008,0.147429312,-0.000826285229,-1.4309418e-05,0.0253329425,9.58544655,1725.70421
0.258897849,0.0274539002,0.00348975193,0.000721437734,-0.065814886,5.35092343,1726.63804
0.258907781,0.146886817,-0.000969313193,-2.088727e-05,0.0246457397,9.5734611,1725.96857
0.258922545,0.146305314,-0.00111167948,-2.92817433e-05,0.0239139608,9.55990396,1726.2478
0.258938371,0.145681998,-0.00125231545,-3.97723136e-05,0.0231351875,9.54469788,1726.54176
0.258955334,0.145013864,-0.00139004322,-5.26911644e-05,0.0223069414,9.52762191,1726.85006
0.258973517,0.144297686,-0.0015235755,-6.83855918e-05,0.021426691,9.5083116,1727.17202
0.258980441,0.0252785992,0.00365596387,0.000679358036,-0.0670634053,5.28686389,1727.01479
0.258993008,0.143530013,-0.00165151107,-8.71953157e-05,0.0204918602,9.48632279,1727.5066
0.2590139,0.14270714,-0.00177232825,-0.000109467391,0.0194998345,9.46145147,1727.85238
0.259036294,0.141825099,-0.00188441054,-0.000135674571,0.0184479687,9.43396703,1728.20751
0.259057492,0.0232492201,0.00377434771,0.000631062995,-0.0682269022,5.22201233,1727.46611
0.259060299,0.140879634,-0.00198613557,-0.000166396305,0.0173335929,9.40380512,1728.56963
0.25908603,0.139866187,-0.00207592387,-0.000202207085,0.0161540156,9.37029625,1728.93589
0.259113611,0.138779867,-0.00215224142,-0.000243670748,0.0149065217,9.3327669,1729.30292
0.259129375,0.0213559743,0.00384704035,0.000579071579,-0.0693120806,5.15669281,1727.9778
0.259143175,0.137615437,-0.00221362945,-0.000291287052,0.0135883653,9.2901404,1729.66684
0.259174864,0.136367278,-0.0022587647,-0.000345218156,0.012196757,9.24080039,1730.02334
0.259196436,0.0195897299,0.0038769842,0.000525471813,-0.070324813,5.09046577,1728.53572
0.259208833,0.13502937,-0.00228667698,-0.000404780037,0.0107288435,9.18410711,1730.3677
0.259245244,0.133595261,-0.00229704516,-0.000469275397,0.00918168016,9.12237285,1730.69496
0.259258998,0.0179419674,0.00386735539,0.000471944967,-0.0712703061,5.02297033,1729.12655
0.259284273,0.132058033,-0.00229052385,-0.000539981836,0.00755219147,9.05871383,1731.00005
0.259317363,0.0164047389,0.00382162458,0.000419758877,-0.0721532297,4.9548963,1729.73819
0.259326108,0.13041027,-0.00226797523,-0.000618460655,0.00583712132,8.99301817,1731.27805
0.259370952,0.128644026,-0.00222979729,-0.00070397234,0.00403298456,8.92150791,1731.52446
0.259371814,0.0149706296,0.00374367893,0.000369876763,-0.0729778156,4.8867764,1730.36001
0.25941902,0.12675078,-0.00217686477,-0.000794544313,0.00213600583,8.84088338,1731.73544
0.259422611,0.0136327222,0.00363740895,0.000322925718,-0.0737479331,4.81900488,1730.98298
0.259470001,0.0123845633,0.00350657579,0.00027933167,-0.0744671461,4.75183454,1731.59962
0.259470544,0.124721401,-0.00211109623,-0.000887963945,0.000142058924,8.75108753,1731.90821
0.259514212,0.0112201325,0.0033548455,0.000239348703,-0.0751387571,4.6854531,1732.20396
0.259525773,0.1225461,-0.00203538616,-0.000981695733,-0.00195336584,8.65299784,1732.04129
0.259555458,0.0101338132,0.00318571824,0.000203096927,-0.0757658395,4.62013773,1732.79132
0.259584974,0.120214384,-0.00195337544,-0.00107266882,-0.00415517189,8.54703575,1732.13468
0.259593936,0.00912036556,0.0030024615,0.000170575225,-0.0763512635,4.5561596,1733.35824
0.259629834,0.00817490128,0.00280808125,0.000141692825,-0.0768977157,4.49376463,1733.90222
0.259648431,0.117715008,-0.00186910472,-0.00115701673,-0.00646862702,8.43328258,1732.19004
0.259663323,0.00729285993,0.00260531247,0.000116293238,-0.0774077147,4.43314094,1734.42162
0.259694566,0.00646998704,0.00239661844,9.41768363e-05,-0.0778836238,4.37443806,1734.9155
0.259716451,0.115035914,-0.00178666593,-0.00122984437,-0.00889927055,8.31165652,1732.21061
0.259723713,0.0057023135,0.00218419416,7.51161752e-05,-0.0783276614,4.31777298,1735.38346
0.259750905,0.00498613648,0.00196997487,5.88686853e-05,-0.0787419098,4.26322863,1735.82554
0.259776272,0.00431800152,0.00175564933,4.51872853e-05,-0.0791283239,4.21086163,1736.24213
0.259789362,0.112164181,-0.00170978918,-0.001285287,-0.0114527368,8.18228077,1732.20084
0.259799938,0.00369468589,0.00154267515,3.38226726e-05,-0.0794887376,4.16071793,1736.63386
0.259822017,0.00311318307,0.00133229559,2.45319392e-05,-0.0798248708,4.11279526,1737.00157
0.259842614,0.0025706882,0.0011255584,1.70879696e-05,-0.0801383355,4.06707777,1737.34621
0.25986183,0.00206458457,0.000923333198,1.12796803e-05,-0.0804306419,4.02356036,1737.66882
0.259867516,0.109085956,-0.0016412105,-0.00131669159,-0.0141344777,8.04573304,1732.16582
0.259879757,0.00159243101,0.000726329217,6.8901514e-06,-0.0807032039,3.98225498,1737.97049
0.259896481,0.00115195011,0.000535111694,3.74753052e-06,-0.0809573446,3.94306879,1738.25234
0.259912083,0.000741017226,0.000350118058,1.6170178e-06,-0.0811943011,3.90617405,1738.51549
0.259926639,0.000357650242,0.000171674109,6.87525673e-07,-0.0814152301,3.8712948,1738.76102
0.259940218,0,0,0,-0.0816212285,3.8548182,1738.99002
0.259951289,0.105786393,-0.00158279087,-0.00131693635,-0.016949365,7.90147555,1732.11019
0.260041086,0.102249575,-0.00153461132,-0.00127859186,-0.0199011887,7.74904737,1732.03678
0.26013734,0.0984584434,-0.00149379911,-0.00119424798,-0.0229920572,7.58905366,1731.94479
0.260240515,0.0943947116,-0.00145392181,-0.00105795955,-0.0262217518,7.42194748,1731.82791
0.260351109,0.0900387783,-0.00140429789,-0.000866170312,-0.0295871388,7.2482856,1731.67273
0.260469655,0.0853696328,-0.00133009127,-0.000618972781,-0.0330817639,7.0687673,1731.45809
0.260596725,0.0803647536,-0.0012117913,-0.000320716429,-0.036695844,6.88423599,1731.15639
0.260732932,0.075,-0.00102475541,1.77300472e-05,-0.0404170545,6.69544495,1730.73818
0.260869138,0.0696352464,-0.000762355679,0.000353608998,-0.0439817525,6.51728107,1730.22059
0.260996208,0.0646303672,-0.000443277457,0.000647276549,-0.0471707209,6.36205389,1729.65971
0.261114754,0.0599612217,-7.96617908e-05,0.000890348567,-0.0500336133,6.22678086,1729.08959
0.261225348,0.0556052884,0.000315183735,0.00107986949,-0.0526146663,6.10857326,1728.54276
0.261328523,0.0515415566,0.000727370239,0.0012175748,-0.0549523957,6.00469365,1728.04719
0.261424777,0.0477504251,0.00114352792,0.00130757562,-0.0570797585,5.91230082,1727.62545
0.261514574,0.0442136074,0.00155142242,0.0013554888,-0.0590245795,5.8287961,1727.29474
0.261598347,0.040914044,0.00194039139,0.00136752095,-0.0608101233,5.75182002,1727.06697
0.261676501,0.0378358195,0.00230156235,0.00134996465,-0.0624557222,5.67933768,1726.94894
0.261749412,0.0349640862,0.00262795187,0.00130882599,-0.0639773962,5.60964321,1726.94254
0.261817432,0.0322849924,0.00291444143,0.00124962096,-0.0653884261,5.54136341,1727.0451
0.261880889,0.0297856156,0.00315766464,0.00117726666,-0.0666998616,5.47344235,1727.25008
0.26194009,0.0274539002,0.00335586121,0.00109603629,-0.0679209556,5.40518921,1727.54779
0.261995319,0.0252785992,0.00350871248,0.00100955291,-0.0690595273,5.33623096,1727.9264
0.262046844,0.0232492201,0.00361711771,0.000920791853,-0.0701222584,5.26641047,1728.3728
0.262094912,0.0213559743,0.00368292111,0.000832140474,-0.0711149313,5.19561757,1728.87351
0.262139755,0.0195897299,0.00370851927,0.000745471777,-0.0720426166,5.12386222,1729.41538
0.262181591,0.0179419674,0.00369684277,0.000662231164,-0.0729098196,5.05140841,1729.98609
0.262220619,0.0164047389,0.00365130853,0.000583488076,-0.0737205923,4.97860908,1730.57453
0.26225703,0.0149706296,0.00357549239,0.00050995755,-0.0744786194,4.90580317,1731.171
0.262290999,0.0136327222,0.00347301056,0.000442068972,-0.0751872833,4.83333229,1731.76726
0.262322689,0.0123845633,0.00334741947,0.000380041003,-0.0758497126,4.76158176,1732.35651
0.262352253,0.0112201325,0.00320214717,0.00032390596,-0.0764688185,4.69089296,1732.9333
0.262379833,0.0101338132,0.00304046054,0.000273557285,-0.0770473222,4.62152314,1733.49341
0.262405564,0.00912036556,0.00286542328,0.000228798418,-0.0775877752,4.55369554,1734.03366
0.262429569,0.00817490128,0.00267986677,0.000189355518,-0.078092575,4.48762941,1734.55182
0.262451963,0.00729285993,0.00248637093,0.000154903609,-0.0785639775,4.42351965,1735.0464
0.262472855,0.00646998704,0.00228726106,0.000125079579,-0.0790041064,4.36152392,1735.51658
0.262492346,0.0057023135,0.00208461154,9.9503734e-05,-0.0794149617,4.30174411,1735.96202
0.262510529,0.00498613648,0.00188025442,7.77989204e-05,-0.079798426,4.24424693,1736.38279
0.262527492,0.00431800152,0.00167579021,5.95938212e-05,-0.0801562709,4.18909304,1736.77927
0.262543318,0.00369468589,0.00147260162,4.45235322e-05,-0.0804901628,4.13631992,1737.1521
0.262558082,0.00311318307,0.00127186975,3.22418489e-05,-0.0808016674,4.08591736,1737.50206
0.262571855,0.0025706882,0.00107459084,2.24272158e-05,-0.0810922553,4.03786635,1737.83008
0.262584705,0.00206458457,0.000881592758,1.47833905e-05,-0.0813633066,3.99214228,1738.13714
0.262596692,0.00159243101,0.000693550773,9.02035154e-06,-0.0816161152,3.9487663,1738.4243
0.262607876,0.00115195011,0.000511003606,4.91590289e-06,-0.0818518939,3.90761794,1738.6926
0.262618309,0.000741017226,0.000334371868,2.12471405e-06,-0.0820717782,3.86918843,1738.94311
0.262628042,0.000357650242,0.000163966939,7.92876056e-07,-0.0822768308,3.83260261,1739.17686
0.262637123,0,0,0,-0.0824680566,3.81505786,1739.39489
0.263309907,0.15,0,0,0.0152807604,10.0399994,1726.65609
0.263314388,0.14964235,-0.000131166201,1.7927681e-07,0.0148621441,10.0329709,1726.84455
0.26331919,0.149258983,-0.000266039759,3.19926791e-07,0.014415186,10.0179739,1727.04606
0.263324338,0.14884805,-0.000404205847,7.86794087e-07,0.0139381657,10.0019022,1727.2612
0.263329856,0.148407569,-0.000545170258,1.41167164e-06,0.0134292819,9.98446489,1727.49051
0.263335771,0.147935415,-0.000688339957,2.22730931e-06,0.012886663,9.965469,1727.73442
0.263342111,0.147429312,-0.000833019103,3.23931941e-06,0.0123083705,9.94480127,1727.99329
0.263348908,0.146886817,-0.000978403919,4.44461955e-06,0.0116924041,9.92233786,1728.2673
0.263356192,0.146305314,-0.0011235745,5.82816839e-06,0.0110367071,9.89791225,1728.55649
0.263364001,0.145681998,-0.00126749067,7.36525329e-06,0.0103391734,9.87135183,1728.86066
0.263372371,0.145013864,-0.00140899433,9.01451272e-06,0.00959765526,9.84252105,1729.17934
0.263381343,0.144297686,-0.00154681357,1.07048095e-05,0.00880997212,9.81133803,1729.51174
0.26339096,0.143530013,-0.00167956848,1.23060874e-05,0.00797391968,9.77768337,1729.85673
0.263401268,0.14270714,-0.00180577266,1.36515073e-05,0.00708727865,9.74116555,1730.21271
0.263412318,0.141825099,-0.00192384798,1.45913971e-05,0.00614782339,9.70103451,1730.57767
0.263424162,0.140879634,-0.00203218015,1.50443525e-05,0.00515333048,9.65694286,1730.94902
0.263436858,0.139866187,-0.00212918599,1.49004753e-05,0.00410158423,9.60893067,1731.32366
0.263450467,0.138779867,-0.00221336784,1.39214272e-05,0.00299037751,9.55688582,1731.69788
0.263465054,0.137615437,-0.00228336276,1.18219779e-05,0.00181750865,9.50065318,1732.06743
0.26348069,0.136367278,-0.00233788239,8.37166345e-06,0.000580770545,9.43969051,1732.42751
0.263497451,0.13502937,-0.00237546271,3.8382294e-06,-0.000722071976,9.37329521,1732.77291
0.263515417,0.133595261,-0.00239463861,-2.17691134e-06,-0.00209331606,9.30119051,1733.09812
0.263534674,0.132058033,-0.00239418371,-1.10224051e-05,-0.00353535118,9.22303077,1733.39751
0.263555317,0.13041027,-0.00237344186,-2.20783687e-05,-0.00505069085,9.13803834,1733.66542
0.263577443,0.128644026,-0.0023334499,-3.40578e-05,-0.00664202778,9.04710189,1733.89649
0.26360116,0.12675078,-0.00227657388,-4.71403485e-05,-0.00831231547,8.95101779,1734.08595
0.263626583,0.124721401,-0.00220516775,-6.11437091e-05,-0.0100648437,8.84849628,1734.23013
0.263653834,0.1225461,-0.00212158857,-7.48227904e-05,-0.0119032865,8.73894492,1734.32666
0.263683045,0.120214384,-0.00202861121,-8.63234127e-05,-0.0138317326,8.62260551,1734.3747
0.263714356,0.117715008,-0.00192953681,-9.33628999e-05,-0.0158546864,8.49970854,1734.3751
0.263747918,0.115035914,-0.00182806145,-9.30225521e-05,-0.017977017,8.37036691,1734.33032
0.263783893,0.112164181,-0.00172787778,-8.17188712e-05,-0.0202038345,8.23464349,1734.2442
0.263822456,0.109085956,-0.00163217566,-5.49597359e-05,-0.0225402794,8.09218595,1734.12134
0.263863791,0.105786393,-0.00154354896,-7.72014566e-06,-0.0249911907,7.94331039,1733.96614
0.263908098,0.102249575,-0.00146313304,6.50291005e-05,-0.0275606774,7.78880545,1733.78152
0.263955591,0.0984584434,-0.00138957739,0.000168428079,-0.0302515965,7.62881854,1733.56742
0.264006499,0.0943947116,-0.00131851485,0.000306646364,-0.0330649731,7.46336663,1733.31922
0.264061068,0.0900387783,-0.00124193988,0.000482182236,-0.0359994529,7.2925814,1733.02653
0.264119561,0.0853696328,-0.00114789254,0.000694468606,-0.0390509021,7.11737241,1732.67303
0.264182259,0.0803647536,-0.00101980225,0.000939345017,-0.0422123541,6.93842095,1732.238
0.264249466,0.075,-0.000835767095,0.00120673054,-0.0454746376,6.75618439,1731.70073
0.264316672,0.0696352464,-0.000589997848,0.00146136534,-0.0486074696,6.58475816,1731.09353
0.26437937,0.0646303672,-0.000297527712,0.0016728034,-0.0514174055,6.43552763,1730.47781
0.264437863,0.0599612217,3.32085494e-05,0.00183507432,-0.0539466287,6.30512969,1729.88143
0.264492432,0.0556052884,0.000391699091,0.0019467165,-0.0562328004,6.19047592,1729.33023
0.26454334,0.0515415566,0.000766297582,0.0020101445,-0.0583088041,6.08878004,1728.84598
0.264590833,0.0477504251,0.00114535856,0.00202975801,-0.0602028349,5.99722448,1728.44579
0.26463514,0.0442136074,0.00151789365,0.00201126864,-0.0619387256,5.91330635,1728.14216
0.264676475,0.040914044,0.0018741192,0.00196087697,-0.0635364085,5.83479006,1727.94302
0.264715038,0.0378358195,0.00220574043,0.00188484414,-0.0650124383,5.75979732,1727.85193
0.264751013,0.0349640862,0.00250611906,0.00178913254,-0.0663805164,5.68677578,1727.86823
0.264784575,0.0322849924,0.00277029333,0.00167920633,-0.0676519818,5.61450978,1727.98754
0.264815886,0.0297856156,0.00299493241,0.00155991306,-0.06883625,5.54217389,1728.20231
0.264845096,0.0274539002,0.00317824022,0.00143543833,-0.0699411907,5.46923831,1728.50253
0.264872347,0.0252785992,0.00331975219,0.00130928046,-0.0709734443,5.39534987,1728.87657
0.26489777,0.0232492201,0.00342009657,0.00118428427,-0.071938681,5.32037453,1729.31197
0.264921488,0.0213559743,0.00348076808,0.00106269715,-0.0728418087,5.24437333,1729.79609
0.264943614,0.0195897299,0.00350395779,0.000946246212,-0.0736871366,5.16753104,1730.31679
0.264964257,0.0179419674,0.00349240115,0.000836208091,-0.0744785024,5.09013512,1730.86277
0.264983514,0.0164047389,0.00344917995,0.000733451983,-0.0752193693,5.01254098,1731.42389
0.26500148,0.0149706296,0.00337756414,0.000638497949,-0.0759128995,4.93511975,1731.99131
0.265018241,0.0136327222,0.00328089441,0.000551594106,-0.0765620094,4.85822327,1732.55754
0.265033877,0.0123845633,0.00316248776,0.000472769718,-0.0771694098,4.78221297,1733.1164
0.265048464,0.0112201325,0.00302555624,0.000401872746,-0.0777376361,4.70740939,1733.66296
0.265062073,0.0101338132,0.00287315117,0.000338621419,-0.0782690697,4.63412251,1734.19335
0.265074769,0.00912036556,0.00270813334,0.000282640805,-0.0787659545,4.56259859,1734.70472
0.265086613,0.00817490128,0.00253315193,0.000233495099,-0.0792304086,4.49302532,1735.19504
0.265097663,0.00729285993,0.00235062829,0.000190706924,-0.0796644334,4.42559121,1735.66297
0.265107971,0.00646998704,0.00216274784,0.000153769811,-0.0800699205,4.36044443,1736.10777
0.265117588,0.0057023135,0.00197146272,0.00012217234,-0.0804486576,4.29768071,1736.52915
0.26512656,0.00498613648,0.00177849917,9.54148689e-05,-0.0808023331,4.23736358,1736.9272
0.26513493,0.00431800152,0.00158536757,7.30120886e-05,-0.0811325408,4.1795477,1737.3023
0.265142739,0.00369468589,0.00139337504,5.44978633e-05,-0.0814407835,4.12425225,1737.65505
0.265150023,0.00311318307,0.00120363965,3.94343184e-05,-0.0817284773,4.07147295,1737.98619
0.265156819,0.0025706882,0.00101710549,2.74122691e-05,-0.0819969547,4.02119147,1738.2966
0.26516316,0.00206458457,0.000834558442,1.80588885e-05,-0.082247469,3.97336461,1738.58722
0.265169075,0.00159243101,0.000656641805,1.10143297e-05,-0.0824811976,3.92802297,1738.85902
0.265174593,0.00115195011,0.000483870841,5.99989242e-06,-0.0826992455,3.88503182,1739.11301
0.265179741,0.000741017226,0.000316651336,2.59285342e-06,-0.0829026492,3.84497528,1739.35019
0.265184543,0.000357650242,0.000155285421,9.54569788e-07,-0.0830923801,3.80681429,1739.57153
0.265189024,0,0,0,-0.0832693534,3.78846328,1739.77801
0.267412063,0.15,0,0,0.00304551994,10.3747402,1728.70615
0.26741252,0.14964235,-0.000124617144,5.82714303e-07,0.00267297494,10.3650534,1728.88974
0.26741301,0.149258983,-0.000252864266,1.64338453e-06,0.00227527959,10.344128,1729.08604
0.267413535,0.14884805,-0.000384371313,3.75118276e-06,0.00185091369,10.321377,1729.29558
0.267414098,0.148407569,-0.000518691709,6.85741895e-06,0.00139829524,10.2967831,1729.51887
0.267414701,0.147935415,-0.000655286918,1.11415787e-05,0.000915783986,10.2702928,1729.75632
0.267415348,0.147429312,-0.000793519688,1.67552135e-05,0.000401685292,10.2417602,1730.00826
0.267416041,0.146886817,-0.000932647105,2.38680907e-05,-0.000145744921,10.2110592,1730.27485
0.267416784,0.146305314,-0.00107181444,3.26461713e-05,-0.000728294103,10.1780499,1730.55608
0.26741758,0.145681998,-0.00121004987,4.3253439e-05,-0.00134778589,10.1425465,1730.85173
0.267418434,0.145013864,-0.00134626232,5.58605849e-05,-0.00200607192,10.1043379,1731.16131
0.267419349,0.144297686,-0.0014792446,7.0635939e-05,-0.0027050227,10.0632459,1731.484
0.26742033,0.143530013,-0.00160768221,8.77213745e-05,-0.003446518,10.0191064,1731.81863
0.267421381,0.14270714,-0.00173016944,0.000107251257,-0.00423243704,9.97164035,1732.16359
0.267422508,0.141825099,-0.00184522866,0.000129362035,-0.00506464904,9.9205058,1732.5168
0.267423716,0.140879634,-0.00195130434,0.000154171505,-0.00594500465,9.86547087,1732.87568
0.267425011,0.139866187,-0.00204677556,0.000181777887,-0.00687532985,9.80632488,1733.23706
0.267426399,0.138779867,-0.00213000046,0.000212250181,-0.00785742305,9.7430358,1733.59719
0.267427887,0.137615437,-0.00219936954,0.000245547799,-0.00889305676,9.67614537,1733.95174
0.267429482,0.136367278,-0.00225342193,0.000281303619,-0.00998398587,9.60651779,1734.29583
0.267431191,0.13502937,-0.00229106099,0.000318857429,-0.011131966,9.53355718,1734.6241
0.267433023,0.133595261,-0.00231177887,0.000357203465,-0.0123387821,9.45378446,1734.93087
0.267434987,0.132058033,-0.00231514311,0.000396247862,-0.0136062818,9.36405966,1735.21026
0.267437093,0.13041027,-0.00230052598,0.000438028467,-0.0149364148,9.26498176,1735.45638
0.267439349,0.128644026,-0.00226754279,0.000483416492,-0.0163312932,9.15981968,1735.66362
0.267441769,0.12675078,-0.00221659501,0.000531014174,-0.017793257,9.05085225,1735.82696
0.267444361,0.124721401,-0.00214923975,0.000579943238,-0.0193249409,8.93760178,1735.94231
0.267447141,0.1225461,-0.00206771923,0.000630272478,-0.0209293476,8.81907128,1736.00682
0.26745012,0.120214384,-0.00197467448,0.000682632793,-0.0226098997,8.69486312,1736.01921
0.267453313,0.117715008,-0.00187317892,0.000738091354,-0.0243704616,8.5649396,1735.9798
0.267456737,0.115035914,-0.00176668228,0.000798150081,-0.026215318,8.42951373,1735.89056
0.267460406,0.112164181,-0.00165880782,0.000864787765,-0.0281490921,8.28889878,1735.75475
0.267464339,0.109085956,-0.00155306844,0.000940535848,-0.0301765834,8.14321712,1735.57644
0.267468555,0.105786393,-0.00145210587,0.00102849841,-0.0323025039,7.99258316,1735.3596
0.267473073,0.102249575,-0.00135725017,0.00113204767,-0.034531115,7.8372793,1735.10694
0.267477917,0.0984584434,-0.00126820532,0.00125455021,-0.0368657749,7.67762799,1734.81866
0.267483109,0.0943947116,-0.0011822536,0.00139869786,-0.0393084264,7.51384531,1734.49115
0.267488675,0.0900387783,-0.00109346202,0.00156597936,-0.041859095,7.34611916,1734.1162
0.267494641,0.0853696328,-0.00099202199,0.00175525711,-0.0445155078,7.17524524,1733.68111
0.267501035,0.0803647536,-0.000863770633,0.00196238007,-0.0472730088,7.00178283,1733.17042
0.26750789,0.075,-0.000689402238,0.00217777985,-0.0501250467,6.82576582,1732.56998
0.267514744,0.0696352464,-0.000463679819,0.00237179893,-0.052871043,6.66062527,1731.92118
0.267521139,0.0646303672,-0.000198677103,0.00252092218,-0.0553407026,6.51698604,1731.28707
0.267527105,0.0599612217,9.97902068e-05,0.00262114201,-0.0575696681,6.39101163,1730.69068
0.26753267,0.0556052884,0.000423374372,0.00267229249,-0.0595898398,6.27953477,1730.15283
0.267537863,0.0515415566,0.000762226148,0.00267737484,-0.0614291601,6.1797315,1729.69069
0.267542706,0.0477504251,0.00110617691,0.00264109417,-0.0631116421,6.08880533,1729.31738
0.267547225,0.0442136074,0.0014453284,0.00256932046,-0.0646576117,6.00435864,1729.04198
0.267551441,0.040914044,0.00177070727,0.00246833118,-0.066084075,5.92426912,1728.86955
0.267555374,0.0378358195,0.00207457711,0.00234445085,-0.0674051484,5.8468101,1728.80134
0.267559043,0.0349640862,0.00235064697,0.0022036946,-0.0686324996,5.77058474,1728.835
0.267562466,0.0322849924,0.0025941267,0.00205155647,-0.0697757662,5.69456399,1728.96508
0.26756566,0.0297856156,0.00280175899,0.00189289617,-0.0708429329,5.61806137,1729.18353
0.267568639,0.0274539002,0.00297167351,0.00173189785,-0.0718406587,5.54060697,1729.4804
0.267571418,0.0252785992,0.00310320849,0.00157202683,-0.0727745524,5.46196957,1729.84447
0.267574011,0.0232492201,0.00319676966,0.00141606403,-0.0736493982,5.38217346,1730.26402
0.26757643,0.0213559743,0.003253635,0.00126618688,-0.074469337,5.30133672,1730.72732
0.267578687,0.0195897299,0.00327575425,0.00112404119,-0.0752380089,5.21972783,1731.22319
0.267580792,0.0179419674,0.0032655764,0.000990768519,-0.0759586635,5.13770537,1731.74129
0.267582756,0.0164047389,0.00322589384,0.000867089233,-0.0766342437,5.05562886,1732.27238
0.267584589,0.0149706296,0.00315969858,0.000753385239,-0.0772674486,4.97387165,1732.80842
0.267586298,0.0136327222,0.00307006481,0.000649767691,-0.0778607796,4.89279335,1733.34261
0.267587893,0.0123845633,0.00296005328,0.000556120837,-0.0784165746,4.81277659,1733.86933
0.267589381,0.0112201325,0.00283263914,0.000472144875,-0.0789370316,4.73415158,1734.3841
0.267590769,0.0101338132,0.00269066335,0.000397413686,-0.0794242263,4.65720546,1734.88342
0.267592064,0.00912036556,0.00253679354,0.000331413684,-0.0798801247,4.58218845,1735.3647
0.267593272,0.00817490128,0.00237349908,0.000273575466,-0.0803065911,4.50930708,1735.82608
0.267594399,0.00729285993,0.00220304008,0.000223291054,-0.0807053953,4.43873939,1736.26636
0.26759545,0.00646998704,0.00202746112,0.000179935868,-0.0810782168,4.37061292,1736.68488
0.267596431,0.0057023135,0.00184859142,0.000142889225,-0.0814266486,4.30502458,1737.08137
0.267597346,0.00498613648,0.00166804984,0.000111544386,-0.0817522007,4.24204108,1737.45595
0.2675982,0.00431800152,0.00148725468,8.53179778e-05,-0.0820563027,4.18170004,1737.80897
0.267598996,0.00369468589,0.0013074355,6.3656355e-05,-0.0823403065,4.12401395,1738.141
0.267599739,0.00311318307,0.00112964587,4.60409724e-05,-0.0826054891,4.06897224,1738.45274
0.267600432,0.0025706882,0.00095477714,3.19882539e-05,-0.0828530551,4.01655187,1738.745
0.267601079,0.00206458457,0.000783572681,2.10612489e-05,-0.0830841397,3.96669758,1739.01867
0.267601682,0.00159243101,0.000616642055,1.28308514e-05,-0.0832998115,3.9194674,1739.27466
0.267602245,0.00115195011,0.000454475602,6.99757722e-06,-0.083501075,3.87459864,1739.51392
0.26760277,0.000741017226,0.000297459777,3.02604458e-06,-0.0836888741,3.83311573,1739.73737
0.26760326,0.000357650242,0.000145886316,1.25357546e-06,-0.0838640944,3.79348458,1739.94594
0.267603717,0,0,0,-0.084027567,3.77418605,1740.14052
0.269888579,0,0,0,-0.0847450138,3.7719093,1740.48353
0.269891914,0.000357650242,0.00013602135,1.42858873e-06,-0.084594394,3.79204965,1740.30108
0.269895488,0.000741017226,0.000277235705,3.4172032e-06,-0.0844329883,3.83314587,1740.10555
0.269899319,0.00115195011,0.000423456748,7.91137665e-06,-0.0842600454,3.87605389,1739.89611
0.269903426,0.00159243101,0.00057440901,1.45046194e-05,-0.0840747609,3.92263367,1739.6719
0.269907829,0.00206458457,0.000729729688,2.38123141e-05,-0.0838762792,3.97165049,1739.43206
0.269912547,0.0025706882,0.00088895413,3.61679506e-05,-0.0836636909,4.02341197,1739.17572
0.269917605,0.00311318307,0.00105150573,5.20574244e-05,-0.0834360307,4.07784684,1738.90202
0.269923027,0.00369468589,0.00121668344,7.19744469e-05,-0.0831922751,4.13501837,1738.61015
0.269928839,0.00431800152,0.00138364888,9.64664196e-05,-0.0829313407,4.19495427,1738.29935
0.269935068,0.00498613648,0.00155141334,0.00012612111,-0.0826520817,4.25767131,1737.96897
0.269941745,0.0057023135,0.00171882505,0.000161567352,-0.0823532887,4.32316278,1737.61849
0.269948903,0.00646998704,0.0018845574,0.000203469773,-0.0820336868,4.39139761,1737.24758
0.269956575,0.00729285993,0.0020470984,0.000252522578,-0.081691934,4.46231725,1736.85614
0.269964799,0.00817490128,0.00220474285,0.00030943995,-0.0813266199,4.53583113,1736.44439
0.269973614,0.00912036556,0.00235558766,0.000374943597,-0.0809362637,4.61181276,1736.01295
0.269983063,0.0101338132,0.00249753209,0.000449745633,-0.0805193125,4.69009546,1735.56292
0.269993192,0.0112201325,0.00262828285,0.000534527424,-0.0800741384,4.77047134,1735.09597
0.270004048,0.0123845633,0.00274536737,0.000629913997,-0.0795990343,4.852692,1734.61449
0.270015686,0.0136327222,0.00284615898,0.000736441536,-0.0790922084,4.93646804,1734.12164
0.27002816,0.0149706296,0.00292791337,0.000854521027,-0.0785517748,5.02147183,1733.62152
0.270041531,0.0164047389,0.00298782088,0.000984385373,-0.0779757402,5.10732755,1733.11923
0.270055864,0.0179419674,0.00302307588,0.00112603485,-0.0773619853,5.19364673,1732.62094
0.270071227,0.0195897299,0.00303096635,0.0012791856,-0.0767082365,5.28003703,1732.13398
0.270087695,0.0213559743,0.00300898612,0.00144321042,-0.0760120276,5.36611426,1731.66675
0.270105347,0.0232492201,0.00295496047,0.00161705089,-0.0752706466,5.45148272,1731.22868
0.270124268,0.0252785992,0.00286719658,0.00179911043,-0.0744810642,5.53580475,1730.83003
0.27014455,0.0274539002,0.00274465825,0.0019872354,-0.0736398386,5.61892362,1730.48161
0.27016629,0.0297856156,0.00258714348,0.00217867209,-0.0727429924,5.70075447,1730.19435
0.270189594,0.0322849924,0.0023954657,0.00236992533,-0.071785856,5.78129717,1729.97888
0.270214573,0.0349640862,0.00217157497,0.00255674051,-0.0707628723,5.86092061,1729.84485
0.270241348,0.0378358195,0.00191867125,0.00273420975,-0.0696673597,5.94027777,1729.80043
0.270270048,0.040914044,0.00164135806,0.002896744,-0.0684912314,6.02017474,1729.85165
0.270300812,0.0442136074,0.00134558055,0.00303822141,-0.0672246749,6.10187208,1730.0019
0.270333788,0.0477504251,0.00103855189,0.00315221377,-0.0658557997,6.18697988,1730.25152
0.270369135,0.0515415566,0.000728472661,0.00323233542,-0.0643702739,6.27750834,1730.59751
0.270407024,0.0556052884,0.000424251909,0.0032725413,-0.062750977,6.37572344,1731.03331
0.270447638,0.0599612217,0.000134756401,0.00326786653,-0.0609777195,6.48442768,1731.54879
0.270491171,0.0646303672,-0.000131647714,0.00321480648,-0.0590270773,6.60647981,1732.13021
0.270537835,0.0696352464,-0.000368359792,0.00311247813,-0.0568724212,6.74513001,1732.76058
0.270587854,0.075,-0.000571418914,0.00296329109,-0.0544841036,6.90450014,1733.42073
0.270637873,0.0803647536,-0.000731292793,0.00278560179,-0.0520110238,7.0746936,1734.04825
0.270684537,0.0853696328,-0.000852894066,0.00260495302,-0.0496264357,7.24302531,1734.59682
0.270728071,0.0900387783,-0.000953014429,0.00243049228,-0.0473346264,7.40969702,1735.07578
0.270768684,0.0943947116,-0.00104378575,0.00226649839,-0.0451382796,7.57428901,1735.49662
0.270806573,0.0984584434,-0.00113318841,0.00211462991,-0.0430381106,7.73609323,1735.86922
0.27084192,0.102249575,-0.00122575307,0.00197426052,-0.0410329718,7.89491979,1736.20015
0.270874896,0.105786393,-0.00132323711,0.00184388395,-0.0391202082,8.05050966,1736.49231
0.27090566,0.109085956,-0.0014253943,0.00172155387,-0.0372961075,8.20255539,1736.74549
0.270934361,0.112164181,-0.00153047097,0.0016053945,-0.0355563472,8.35077171,1736.95732
0.270961136,0.115035914,-0.00163572229,0.00149381811,-0.033896381,8.49494361,1737.12436
0.270986115,0.117715008,-0.00173795856,0.00138573761,-0.0323117382,8.63479552,1737.24312
0.271009418,0.120214384,-0.00183397765,0.0012805338,-0.0307982302,8.76998215,1737.31083
0.271031158,0.1225461,-0.00192073607,0.00117794845,-0.0293520701,8.90022822,1737.326
0.27105144,0.124721401,-0.00199548847,0.00107805991,-0.0279699221,9.02533973,1737.28864
0.271070361,0.12675078,-0.00205595213,0.000981286983,-0.0266488975,9.14508783,1737.20033
0.271088013,0.128644026,-0.00210047044,0.000888033272,-0.0253865163,9.25854994,1737.06408
0.271104481,0.13041027,-0.00212826232,0.000798335286,-0.0241806425,9.36460204,1736.88408
0.271119844,0.132058033,-0.00213942247,0.000712483691,-0.0230294068,9.46522596,1736.66536
0.271134177,0.133595261,-0.00213416451,0.000631236265,-0.0219311456,9.56331586,1736.41346
0.271147548,0.13502937,-0.0021126121,0.000555267306,-0.020884345,9.6583916,1736.13425
0.271160022,0.136367278,-0.0020753249,0.000484989725,-0.0198875802,9.74818066,1735.83358
0.27117166,0.137615437,-0.00202313208,0.000420453965,-0.0189394663,9.83161994,1735.51703
0.271182517,0.138779867,-0.00195707842,0.000361480307,-0.0180386249,9.90924887,1735.18984
0.271192645,0.139866187,-0.00187854749,0.000307944299,-0.0171836621,9.98184776,1734.85674
0.271202094,0.140879634,-0.00178905345,0.000259746616,-0.0163731563,10.0498953,1734.5219
0.271210909,0.141825099,-0.00169012177,0.000216741503,-0.0156056502,10.1137283,1734.18894
0.271219133,0.14270714,-0.00158324636,0.00017873878,-0.0148796497,10.1735659,1733.8609
0.271226805,0.143530013,-0.00146985926,0.000145457172,-0.0141936272,10.2295254,1733.54029
0.271233963,0.144297686,-0.00135131278,0.000116577178,-0.0135460276,10.2818695,1733.22911
0.27124064,0.145013864,-0.00122888033,9.17893476e-05,-0.0129352768,10.3309121,1732.9289
0.27124687,0.145681998,-0.00110374816,7.0777329e-05,-0.0123597905,10.3768437,1732.64079
0.271252681,0.146305314,-0.000976998507,5.32098074e-05,-0.0118179841,10.4198035,1732.36558
0.271258103,0.146886817,-0.000849605802,3.87566278e-05,-0.0113082825,10.4600082,1732.10373
0.271263161,0.147429312,-0.000722437042,2.71093055e-05,-0.0108291282,10.4976351,1731.85548
0.27126788,0.147935415,-0.000596253062,1.79649128e-05,-0.01037899,10.5327994,1731.62085
0.271272282,0.148407569,-0.000471713321,1.10224641e-05,-0.00995636952,10.5656183,1731.39969
0.271276389,0.14884805,-0.000349382433,6.0201146e-06,-0.0095598076,10.5962508,1731.19172
0.27128022,0.149258983,-0.000229736435,2.65395674e-06,-0.00918788895,10.6245891,1730.99656
0.271283795,0.14964235,-0.000113168564,8.87196882e-07,-0.00883924616,10.6505871,1730.81374
0.271287129,0.15,0,0,-0.00851255501,10.6626279,1730.64275
0.272050591,0,0,0,-0.0854238857,3.7817206,1740.80807
0.272057144,0.000357650242,0.000125775109,1.37736141e-06,-0.0852853638,3.80199223,1740.63779
0.272064168,0.000741017226,0.000256291174,3.79554459e-06,-0.0851369581,3.84424768,1740.45534
0.272071697,0.00115195011,0.000391374843,8.73437064e-06,-0.0849779908,3.88886746,1740.25995
0.272079767,0.00159243101,0.000530767242,1.60411992e-05,-0.0848077331,3.93690304,1740.05084
0.272088418,0.00206458457,0.000674128518,2.63003629e-05,-0.0846254109,3.98758505,1739.8272
0.272097691,0.0025706882,0.000821021867,3.99231581e-05,-0.0844302027,4.04109105,1739.58823
0.27210763,0.00311318307,0.000970906408,5.74315437e-05,-0.0842212385,4.09738093,1739.33315
0.272118284,0.00369468589,0.00112312605,7.93707692e-05,-0.0839975977,4.15651482,1739.0612
0.272129705,0.00431800152,0.00127689773,0.000106340517,-0.0837583079,4.21852628,1738.7717
0.272141946,0.00498613648,0.00143129951,0.000138985719,-0.0835023437,4.28343582,1738.46405
0.272155068,0.0057023135,0.00158525895,0.000177996143,-0.0832286258,4.35124149,1738.13777
0.272169133,0.00646998704,0.00173754234,0.000224101529,-0.0829360202,4.4219176,1737.79255
0.272184209,0.00729285993,0.00188674536,0.000278064966,-0.0826233374,4.49541059,1737.42832
0.27220037,0.00817490128,0.00203128589,0.000340673254,-0.0822893322,4.57163379,1737.04528
0.272217692,0.00912036556,0.0021693999,0.000412723812,-0.0819327033,4.65046477,1736.644
0.27223626,0.0101338132,0.0022991421,0.000495007701,-0.0815520925,4.73174379,1736.22549
0.272256164,0.0112201325,0.0024183924,0.000588288195,-0.0811460837,4.81526917,1735.79129
0.272277498,0.0123845633,0.00252487047,0.000693273235,-0.0807132008,4.90079504,1735.34357
0.272300367,0.0136327222,0.00261615968,0.000810581715,-0.0802519041,4.98803107,1734.88523
0.272324879,0.0149706296,0.00268974343,0.000940703171,-0.0797605838,5.07664521,1734.41999
0.272351155,0.0164047389,0.00274305644,0.00108394934,-0.0792375507,5.16626718,1733.9525
0.272379319,0.0179419674,0.00277355189,0.00124039792,-0.0786810206,5.2564945,1733.48838
0.272409509,0.0195897299,0.00277878554,0.00140982918,-0.0780890922,5.34690409,1733.03429
0.27244187,0.0213559743,0.00275651904,0.00159165733,-0.0774597153,5.43707071,1732.59788
0.272476557,0.0232492201,0.00270484477,0.00178485127,-0.0767906453,5.52657949,1732.18775
0.272513739,0.0252785992,0.002622331,0.00198783685,-0.0760793827,5.61505172,1731.81329
0.272553594,0.0274539002,0.00250817914,0.00219844178,-0.0753230915,5.70223501,1731.48441
0.272596316,0.0297856156,0.00236237465,0.00241386708,-0.0745184927,5.78798709,1731.21128
0.272642108,0.0322849924,0.00218582671,0.00263053821,-0.0736617295,5.87221933,1731.00382
0.272691194,0.0349640862,0.00198054207,0.00284409689,-0.0727481992,5.95516151,1730.87126
0.272743809,0.0378358195,0.00174969923,0.00304955378,-0.0717723493,6.03739119,1730.82162
0.272800208,0.040914044,0.00149770583,0.00324116004,-0.0707274387,6.11952904,1730.86114
0.272860661,0.0442136074,0.00123008868,0.0034126695,-0.0696052662,6.20273048,1730.99382
0.272925462,0.0477504251,0.000953539285,0.00355754185,-0.0683958769,6.28844994,1731.22102
0.272994922,0.0515415566,0.000675548011,0.00366925319,-0.0670872648,6.3785951,1731.54116
0.273069377,0.0556052884,0.000404157534,0.00374159211,-0.0656650976,6.47537438,1731.94948
0.273149185,0.0599612217,0.000147060257,0.00376944424,-0.0641125103,6.58159581,1732.43802
0.273234732,0.0646303672,-8.8592427e-05,0.00374890429,-0.0624100022,6.70019505,1732.99555
0.27332643,0.0696352464,-0.000297557293,0.00367819441,-0.0605355185,6.83442715,1733.60794
0.273424722,0.075,-0.000477266335,0.00355867795,-0.0584646136,6.98856322,1734.25897
0.273523013,0.0803647536,-0.000620198865,0.00340519424,-0.0563271514,7.15348594,1734.8882
0.273614711,0.0853696328,-0.000731009939,0.00324052838,-0.0542722963,7.31719114,1735.44737
0.273700258,0.0900387783,-0.000824244465,0.00307357362,-0.0523025133,7.4799516,1735.94251
0.273780066,0.0943947116,-0.000910324847,0.00290875808,-0.0504189239,7.64152751,1736.38221
0.273854521,0.0984584434,-0.00099577983,0.00274821889,-0.0486210442,7.80122,1736.77425
0.273923981,0.102249575,-0.00108412833,0.00259204479,-0.0469069001,7.9588188,1737.124
0.273988782,0.105786393,-0.0011764857,0.00243962282,-0.0452733517,8.11396542,1737.43387
0.274049235,0.109085956,-0.00127230363,0.00229003055,-0.0437164924,8.26643601,1737.70374
0.274096359,0,0,0,-0.0860662567,3.80213239,1741.11513
0.274105364,0.000357650242,0.000115307013,1.39513878e-06,-0.085939025,3.82241205,1740.95689
0.274105634,0.112164181,-0.00136976214,0.00214256764,-0.0422320351,8.4159861,1737.93161
0.274115016,0.000741017226,0.000234962749,4.13804462e-06,-0.0858027451,3.86560531,1740.78736
0.274125362,0.00115195011,0.000358764395,9.44843264e-06,-0.0856568065,3.91184733,1740.60586
0.274136452,0.00159243101,0.000486466123,1.73719334e-05,-0.085500549,3.96129346,1740.41166
0.27414834,0.00206458457,0.000617749417,2.84591022e-05,-0.0853332723,4.01352417,1740.20401
0.274158249,0.115035914,-0.00146630853,0.00199678435,-0.0408156374,8.56226204,1738.11461
0.274161082,0.0025706882,0.000752207883,4.31789817e-05,-0.0851542348,4.06864332,1739.98219
0.27417474,0.00311318307,0.000889340058,6.20823555e-05,-0.0849626522,4.12663869,1739.74547
0.274189381,0.00369468589,0.00102853819,8.57546708e-05,-0.0847576963,4.18756855,1739.49318
0.274205074,0.00431800152,0.0011690775,0.000114835993,-0.0845384946,4.25147225,1739.22467
0.274207335,0.117715008,-0.00155914047,0.00185258256,-0.039463146,8.70489953,1738.24981
0.274221896,0.00498613648,0.00131010515,0.000150014963,-0.084304129,4.31837436,1738.93941
0.274239927,0.0057023135,0.00145062969,0.000192027465,-0.0840536361,4.38827731,1738.63696
0.274253128,0.120214384,-0.00164547165,0.00171024073,-0.0381707561,8.84362906,1738.33494
0.274259255,0.00646998704,0.00158951107,0.000241651729,-0.0837860064,4.4611603,1738.31705
0.274279973,0.00729285993,0.00172545211,0.000299701464,-0.0835001852,4.53697414,1737.97961
0.274295849,0.1225461,-0.00172272852,0.00157032511,-0.0369350965,8.97820839,1738.36891
0.27430218,0.00817490128,0.00185699216,0.000367016088,-0.0831950725,4.61563733,1737.62484
0.274325984,0.00912036556,0.00198250389,0.000444447347,-0.0828695236,4.69703384,1737.25327
0.274335704,0.124721401,-0.00178870779,0.00143361258,-0.0357532536,9.10837708,1738.35201
0.2743515,0.0101338132,0.00210019461,0.000532841802,-0.0825223497,4.78100783,1736.86582
0.274372886,0.12675078,-0.00184172149,0.00130102024,-0.0346227505,9.23390363,1738.28599
0.27437885,0.0112201325,0.00220811323,0.000633018445,-0.0821523181,4.86736117,1736.46391
0.274407573,0.128644026,-0.00188068045,0.00117341006,-0.0335414979,9.35443803,1738.17391
0.274408168,0.0123845633,0.00230416478,0.000745740538,-0.0817581511,4.95585125,1736.04953
0.274439593,0.0136327222,0.00238613459,0.000871680909,-0.0813385249,5.04618953,1735.62532
0.274439934,0.13041027,-0.0019048947,0.00105151298,-0.0325077281,9.46974209,1738.01988
0.274470124,0.132058033,-0.00191366104,0.000936047403,-0.0315199235,9.57972168,1737.82881
0.274473277,0.0149706296,0.00245172414,0.00101137976,-0.0808920649,5.13804211,1735.19468
0.274498289,0.133595261,-0.00190663281,0.000827600514,-0.0305767533,9.68434163,1737.60608
0.274509384,0.0164047389,0.00249860071,0.00116519466,-0.0804173389,5.23103309,1734.76185
0.274524564,0.13502937,-0.00188435252,0.000726498989,-0.0296770156,9.78363875,1737.3573
0.274548087,0.0179419674,0.00252446186,0.00133324217,-0.0799128454,5.32474898,1734.33195
0.274549077,0.136367278,-0.00184796283,0.000632991286,-0.0288195836,9.87765557,1737.08803
0.274571945,0.137615437,-0.00179870536,0.000547202937,-0.0280033634,9.96655544,1736.80357
0.274589573,0.0195897299,0.00252711688,0.00151533036,-0.0793769951,5.41874692,1733.91103
0.27459328,0.138779867,-0.00173772887,0.000469082559,-0.0272272625,10.0505935,1736.50885
0.274613183,0.139866187,-0.00166618854,0.000398510488,-0.0264901687,10.1300028,1736.20832
0.274631751,0.140879634,-0.0015853166,0.000335271986,-0.0257909383,10.2049488,1735.90591
0.274634042,0.0213559743,0.00250458607,0.00171088306,-0.0788080849,5.51256958,1733.50607
0.274649074,0.141825099,-0.00149639454,0.000279078263,-0.0251283895,10.2756611,1735.60497
0.274665234,0.14270714,-0.00140070668,0.000229599552,-0.0245013015,10.3423453,1735.30835
0.274680311,0.143530013,-0.00129949926,0.000186431415,-0.0239084178,10.4051288,1735.01836
0.274681709,0.0232492201,0.00245521776,0.00191885875,-0.0782042592,5.60576956,1733.12491
0.274694376,0.144297686,-0.00119395541,0.000149123745,-0.0233484516,10.4641227,1734.73686
0.274707497,0.145013864,-0.00108518304,0.00011721336,-0.0228200934,10.5195126,1734.46527
0.274719739,0.145681998,-0.000974207238,9.02351759e-05,-0.0223220196,10.5715381,1734.20462
0.274731159,0.146305314,-0.000861962041,6.77350781e-05,-0.0218529009,10.6203727,1733.95565
0.274732803,0.0252785992,0.00237782057,0.00213766592,-0.0775634586,5.69793225,1732.77611
0.274741813,0.146886817,-0.000749286126,4.92683131e-05,-0.0214114113,10.6662086,1733.7188
0.274751752,0.147429312,-0.000636924043,3.44133902e-05,-0.0209962361,10.7092252,1733.49426
0.274761025,0.147935415,-0.000525528859,2.276952e-05,-0.0206060788,10.7495605,1733.28207
0.274769676,0.148407569,-0.000415665004,1.39479488e-05,-0.0202396682,10.7873097,1733.08209
0.274777746,0.14884805,-0.000307812718,7.60433296e-06,-0.0198957632,10.8226243,1732.89405
0.274785275,0.149258983,-0.000202374932,3.3545017e-06,-0.0195731579,10.8553633,1732.71762
0.274787571,0.0274539002,0.00227180143,0.00236508499,-0.0768833486,5.7887066,1732.46879
0.274792299,0.14964235,-9.96824653e-05,1.10634718e-06,-0.0192706851,10.8852926,1732.55236
0.274798852,0.15,0,0,-0.0189872034,10.89909,1732.39781
0.274846277,0.0297856156,0.00213730113,0.00259821083,-0.0761612293,5.87785595,1732.21231
0.274909204,0.0322849924,0.00197532657,0.00283337124,-0.0753939173,5.96527678,1732.0159
0.274976656,0.0349640862,0.00178790136,0.00306609017,-0.0745776017,6.05105502,1731.8883
0.275048958,0.0378358195,0.00157812607,0.00329124945,-0.0737076685,6.13564895,1731.83719
0.275126459,0.040914044,0.00135015692,0.00350289879,-0.0727784969,6.21954379,1731.86881
0.275209533,0.0442136074,0.00110916281,0.00369469443,-0.0717832297,6.30403622,1731.98746
0.27529858,0.0477504251,0.000861374222,0.00386002523,-0.0707135278,6.39026194,1732.19513
0.27539403,0.0515415566,0.000613446984,0.00399224857,-0.069559329,6.47995089,1732.4912
0.275496344,0.0556052884,0.000372592688,0.00408501534,-0.0683086297,6.57528602,1732.87219
0.275606014,0.0599612217,0.000145531168,0.00413323408,-0.0669473384,6.67908537,1733.33171
0.27572357,0.0646303672,-6.12895291e-05,0.00413268638,-0.0654592202,6.79459607,1733.86039
0.275849578,0.0696352464,-0.000244028474,0.00408072555,-0.063826021,6.92482368,1734.44622
0.275984648,0.075,-0.000401371611,0.00397836668,-0.062027608,7.07418315,1735.07519
0.276032132,0,0,0,-0.0866740895,3.83185189,1741.40565
0.276043387,0.000357650242,0.000104835468,1.47490088e-06,-0.0865575327,3.85256365,1741.25927
0.276055451,0.000741017226,0.000213599068,4.40651087e-06,-0.0864327179,3.89681065,1741.10249
0.276068383,0.00115195011,0.000326103228,1.00483726e-05,-0.086299097,3.94431142,1740.93467
0.276082245,0.00159243101,0.000442117645,1.84756322e-05,-0.0861560741,3.99508583,1740.75516
0.276097103,0.00206458457,0.000561345807,3.02586967e-05,-0.0860030186,4.04871939,1740.56327
0.27611303,0.0025706882,0.000683412574,4.58927703e-05,-0.0858392635,4.10531299,1740.35835
0.276119717,0.0803647536,-0.00052692155,0.00383829707,-0.0601774213,7.23444667,1735.6896
0.276130102,0.00311318307,0.00080785587,6.59547955e-05,-0.0856641052,4.16485855,1740.13974
0.276148401,0.00369468589,0.000934116248,9.10585585e-05,-0.0854768023,4.22741797,1739.90682
0.276168016,0.00431800152,0.00106152691,0.00012187398,-0.0852765753,4.29303544,1739.65902
0.276189042,0.00498613648,0.00118930357,0.000159121066,-0.0850626067,4.36174022,1739.39585
0.27621158,0.0057023135,0.00131653436,0.000203568592,-0.084834041,4.43353934,1739.11693
0.276235738,0.00646998704,0.00144217073,0.0002560288,-0.0845899852,4.50841689,1738.82201
0.276245726,0.0853696328,-0.000625151603,0.00368150992,-0.0584041056,7.39410168,1736.24118
0.276261633,0.00729285993,0.00156501991,0.000317350401,-0.0843295099,4.5863296,1738.51106
0.27628939,0.00817490128,0.00168373917,0.00038840884,-0.0840516497,4.66720201,1738.18426
0.276319143,0.00912036556,0.00179683334,0.0004700923,-0.0837554056,4.75092305,1737.84211
0.276351035,0.0101338132,0.00190265665,0.000563283977,-0.0834397456,4.83734218,1737.48548
0.276363282,0.0900387783,-0.00070871476,0.00351678574,-0.0567087522,7.55333995,1736.73374
0.276385221,0.0112201325,0.00199942033,0.000668839066,-0.083103606,4.92626596,1737.11567
0.276421865,0.0123845633,0.00208520775,0.000787555846,-0.0827458925,5.01745498,1736.73451
0.276461143,0.0136327222,0.00215799878,0.000920139826,-0.0823654798,5.11062188,1736.34443
0.276472952,0.0943947116,-0.000786622356,0.00334865209,-0.0550913297,7.7121136,1737.17382
0.276503246,0.0149706296,0.0022157052,0.00106716005,-0.0819612091,5.20543071,1735.94853
0.276548377,0.0164047389,0.0022562192,0.00122899684,-0.0815318838,5.30149848,1735.55068
0.276575265,0.0984584434,-0.000864238456,0.00317965982,-0.0535505027,7.86970322,1737.56766
0.276596752,0.0179419674,0.0022774759,0.00140578052,-0.0810762603,5.39839943,1735.15555
0.276648606,0.0195897299,0.00227753113,0.00159732085,-0.0805930342,5.49567323,1734.76865
0.276670715,0.102249575,-0.000944362666,0.00301043196,-0.0520837497,8.02592433,1737.91972
0.276704188,0.0213559743,0.00225465506,0.00180302835,-0.0800808183,5.59283803,1734.39633
0.276759762,0.105786393,-0.00102767586,0.00284097945,-0.0506876551,8.18029601,1738.23212
0.276763767,0.0232492201,0.00220744098,0.00202183027,-0.0795381108,5.68941034,1734.04572
0.27682763,0.0252785992,0.00213492482,0.00225208546,-0.0789632515,5.78492849,1733.72465
0.276842836,0.109085956,-0.00111348848,0.00267109629,-0.0493582604,8.33277349,1738.5048
0.276896085,0.0274539002,0.00203670929,0.00249150302,-0.0783543618,5.87897952,1733.44143
0.276920337,0.112164181,-0.00120014769,0.00250098157,-0.0480913958,8.48308555,1738.73616
0.276969462,0.0297856156,0.00191309107,0.00273706796,-0.077709267,5.97124148,1733.20466
0.276992639,0.115035914,-0.001285415,0.0023309538,-0.0468829529,8.6306827,1738.92385
0.277048116,0.0322849924,0.00176517606,0.00298500024,-0.0770253956,6.06155176,1733.02287
0.277060091,0.117715008,-0.00136682343,0.00216156699,-0.0457290834,8.77519864,1739.06545
0.277123018,0.120214384,-0.00144193835,0.00199370816,-0.0446263215,8.91624305,1739.15918
0.277132425,0.0349640862,0.00159497402,0.00323070346,-0.0762996563,6.14989513,1732.90417
0.277181725,0.1225461,-0.00150856899,0.00182847127,-0.0435716423,9.05347863,1739.20431
0.277222796,0.0378358195,0.0014054637,0.00346890771,-0.0755282894,6.23656822,1732.85586
0.277236492,0.124721401,-0.00156489792,0.00166708049,-0.0425624678,9.18655595,1739.20137
0.277287587,0.12675078,-0.00160953272,0.00151074572,-0.0415966363,9.31510589,1739.15221
0.277319665,0.040914044,0.00120056673,0.00369351133,-0.0747066947,6.32198459,1732.88396
0.277335253,0.128644026,-0.00164152421,0.00136050085,-0.0406723491,9.4388034,1739.05986
0.277379722,0.13041027,-0.0016603334,0.00121723854,-0.0397881054,9.55763524,1738.92831
0.277421208,0.132058033,-0.00166579023,0.0010817933,-0.0389426368,9.67164859,1738.76225
0.2774235,0.0442136074,0.000985141997,0.00389809478,-0.0738292402,6.40744672,1732.99285
0.277459911,0.133595261,-0.00165803049,0.000954824017,-0.0381348448,9.78081961,1738.56677
0.277496018,0.13502937,-0.0016374612,0.000836795095,-0.0373637464,9.8851767,1738.34713
0.277529703,0.136367278,-0.00160478487,0.0007279967,-0.0366284259,9.98467063,1738.10851
0.277534801,0.0477504251,0.000764829797,0.00407587882,-0.0728890624,6.49388197,1733.18484
0.277561128,0.137615437,-0.0015609158,0.000628505796,-0.0359279973,10.0792476,1737.85584
0.277590445,0.138779867,-0.00150687075,0.00053820543,-0.0352615754,10.1689246,1737.59368
0.277617795,0.139866187,-0.00144373545,0.000456857055,-0.0346282574,10.2538171,1737.32611
0.277643311,0.140879634,-0.00137263777,0.000384134956,-0.0340271106,10.334094,1737.05672
0.277654105,0.0515415566,0.000545585429,0.00422026748,-0.0718778739,6.58340404,1733.45994
0.277667115,0.141825099,-0.00129471606,0.000319635798,-0.0334571669,10.4099555,1736.7886
0.277689323,0.14270714,-0.00121109018,0.000262904256,-0.0329174217,10.4815951,1736.52431
0.27771004,0.143530013,-0.00112284561,0.00021343963,-0.0324068364,10.5491968,1736.26595
0.277729368,0.144297686,-0.00103101533,0.000170712973,-0.0319243428,10.612951,1736.01519
0.277747399,0.145013864,-0.000936556451,0.000134184728,-0.0314688499,10.673047,1735.77331
0.277764221,0.145681998,-0.000840342018,0.000103315622,-0.0310392507,10.7296708,1735.54123
0.277779915,0.146305314,-0.000743163868,7.75766499e-05,-0.0306344303,10.782992,1735.31961
0.277781987,0.0556052884,0.000333988993,0.00432485204,-0.0707857993,6.67773887,1733.81561
0.277794555,0.146886817,-0.000645731972,5.6454463e-05,-0.0302532732,10.8331746,1735.10882
0.277808214,0.147429312,-0.000548674748,3.94575993e-05,-0.0298946703,10.8803834,1734.90905
0.277820956,0.147935415,-0.000452542222,2.61247638e-05,-0.0295575252,10.9247885,1734.72031
0.277832843,0.148407569,-0.000357809359,1.60159359e-05,-0.0292407606,10.966489,1734.54246
0.277843933,0.14884805,-0.00026488014,8.73976536e-06,-0.0289433225,11.0056226,1734.37528
0.27785428,0.149258983,-0.000174093564,3.86288009e-06,-0.028664185,11.0420143,1734.21844
0.277863825,0,0,0,-0.087249241,3.87055235,1741.68051
0.277863932,0.14964235,-8.57279788e-05,1.27163854e-06,-0.0284023534,11.0753257,1734.07157
0.277872936,0.15,0,0,-0.0281568447,11.090674,1733.93422
0.277876342,0.000357650242,9.44799797e-05,1.54331604e-06,-0.0871425101,3.89166455,1741.54559
0.27788976,0.000741017226,0.000192495147,4.62904001e-06,-0.0870282393,3.93684542,1741.4011
0.277904142,0.00115195011,0.000293872549,1.05402605e-05,-0.0869059355,3.98542376,1741.24647
0.277919065,0.0599612217,0.000135499538,0.00438491913,-0.0696012823,6.7796316,1734.24661
0.277919559,0.00159243101,0.00039840513,1.93705846e-05,-0.0867750597,4.03734264,1741.0811
0.277936084,0.00206458457,0.000505823162,3.17060052e-05,-0.0866350422,4.09218339,1740.90438
0.277953797,0.0025706882,0.000615785936,4.80595869e-05,-0.0864852813,4.15004718,1740.71569
0.277972785,0.00311318307,0.000727873274,6.90262286e-05,-0.0863251433,4.21092711,1740.51445
0.277993137,0.00369468589,0.000841576204,9.52382117e-05,-0.0861539618,4.27488848,1740.3001
0.278014952,0.00431800152,0.00095628756,0.0001273843,-0.0859710374,4.34197883,1740.07211
0.278038337,0.00498613648,0.00107129216,0.000166203663,-0.0857756386,4.41222851,1739.83005
0.278063403,0.0057023135,0.00118575746,0.00021248416,-0.0855670014,4.48565007,1739.57358
0.278065999,0.0646303672,-4.39264282e-05,0.00439588792,-0.0683110738,6.89166874,1734.74499
0.278090271,0.00646998704,0.00129872538,0.000267057384,-0.0853443311,4.56223485,1739.30248
0.278119071,0.00729285993,0.00140910517,0.000330791661,-0.0851068029,4.64194305,1739.01672
0.278149942,0.00817490128,0.00151566819,0.000404581464,-0.0848535637,4.72470408,1738.71649
0.278183032,0.00912036556,0.00161704604,0.000489333699,-0.0845837342,4.81041212,1738.40225
0.278218503,0.0101338132,0.00171173308,0.000585949542,-0.0842964105,4.89892143,1738.0748
0.278223499,0.0696352464,-0.000201627425,0.00435389698,-0.0669003978,7.01766628,1735.30039
0.278256523,0.0112201325,0.0017980946,0.000695300908,-0.083990666,4.99004239,1737.73534
0.278297278,0.0123845633,0.00187438238,0.00081820072,-0.0836655536,5.08353784,1737.38554
0.278340963,0.0136327222,0.00193875911,0.000955365879,-0.0833201056,5.17912025,1737.02763
0.278387789,0.0149706296,0.00198933355,0.00110737197,-0.0829533333,5.27645016,1736.66444
0.278392324,0.075,-0.000337080532,0.00426065827,-0.0653530793,7.1632907,1735.90058
0.278437982,0.0164047389,0.00202420755,0.00127459885,-0.0825642239,5.3751365,1736.2995
0.278491784,0.0179419674,0.00204153639,0.00145716678,-0.0821517336,5.47473987,1735.93705
0.278549455,0.0195897299,0.00203960266,0.00165486325,-0.0817147765,5.57477956,1735.58212
0.278561148,0.0803647536,-0.000444670354,0.00412762445,-0.0637674455,7.31967169,1736.49096
0.278611272,0.0213559743,0.0020169036,0.00186706174,-0.0812522064,5.6747453,1735.24049
0.278677535,0.0232492201,0.00197225041,0.00209263563,-0.0807627899,5.77411501,1734.91864
0.278718648,0.0853696328,-0.000529191321,0.00397422326,-0.0622533179,7.47569805,1737.02447
0.278748562,0.0252785992,0.00190487593,0.00232987082,-0.0802451686,5.87237822,1734.6237
0.278824696,0.0274539002,0.00181454512,0.00257638512,-0.0796978083,5.96906954,1734.36328
0.278865582,0.0900387783,-0.000601409173,0.00380924053,-0.060810616,7.63156135,1737.50345
0.278906305,0.0297856156,0.00170166547,0.00282905429,-0.0791189305,6.06380386,1734.14525
0.278993782,0.0322849924,0.00156738715,0.00308398149,-0.078506427,6.15634526,1733.97747
0.27900266,0.0943947116,-0.00066902605,0.00363724996,-0.0594383382,7.78767675,1737.93291
0.279087549,0.0349640862,0.00141367372,0.00333645932,-0.0778577526,6.2466055,1733.86748
0.279130543,0.0984584434,-0.000736459599,0.00346113696,-0.0581344503,7.94316036,1738.31799
0.279188058,0.0378358195,0.00124335122,0.00358108047,-0.0771697982,6.33477577,1733.82212
0.279249846,0.102249575,-0.000805940648,0.00328185044,-0.0568959996,8.09788187,1738.66245
0.279295794,0.040914044,0.00106010142,0.00381168098,-0.0764387435,6.42124493,1733.84717
0.279361147,0.105786393,-0.000877890449,0.00309990159,-0.0557193748,8.25135082,1738.96818
0.279411277,0.0442136074,0.000868391371,0.00402179431,-0.0756598967,6.50704328,1733.94693
0.279464982,0.109085956,-0.000951564509,0.00291563413,-0.0546006103,8.40347817,1739.23527
0.279535063,0.0477504251,0.000673258492,0.00420447052,-0.0748275277,6.59305118,1734.12392
0.279561851,0.112164181,-0.00102549086,0.00272978393,-0.053535668,8.55384414,1739.46249
0.279597033,0,0,0,-0.0877934684,3.91732912,1741.94057
0.279610693,0.000357650242,8.43507163e-05,1.59637969e-06,-0.0876960099,3.93880828,1741.81674
0.279625335,0.000741017226,0.000171869151,4.7986676e-06,-0.0875916892,3.98481375,1741.68415
0.27964103,0.00115195011,0.000262398261,1.09136224e-05,-0.087480064,4.03432365,1741.54229
0.279652222,0.115035914,-0.00109780008,0.00254313928,-0.0525206622,8.70188793,1739.64798
0.279657854,0.00159243101,0.000355753469,2.00439546e-05,-0.0873606489,4.08723321,1741.39061
0.279667751,0.0515415566,0.000480125944,0.0043532682,-0.0739347135,6.68175445,1734.37857
0.279675888,0.00206458457,0.000451693649,3.27860669e-05,-0.0872329311,4.14311624,1741.22856
0.279695218,0.0025706882,0.000549913393,4.96635347e-05,-0.0870963704,4.20207598,1741.05559
0.279715938,0.00311318307,0.000650034642,7.12810424e-05,-0.0869503985,4.26410788,1740.87116
0.279736531,0.117715008,-0.00116642499,0.00235670335,-0.0515520174,8.84729388,1739.78987
0.279738148,0.00369468589,0.000751598151,9.82804315e-05,-0.0867944191,4.32928038,1740.67477
0.279761955,0.00431800152,0.000854054617,0.000131359541,-0.0866278079,4.39764059,1740.46596
0.279787473,0.00498613648,0.00095675531,0.000171266178,-0.0864499135,4.46922519,1740.24433
0.279809979,0.0556052884,0.000294569484,0.00446159303,-0.072973214,6.77433416,1734.70898
0.279814827,0.0057023135,0.00105894384,0.000218796364,-0.0862600576,4.5440552,1740.00959
0.279815185,0.120214384,-0.00122936916,0.00217176568,-0.0506265595,8.98969458,1739.88685
0.279844148,0.00646998704,0.00115974836,0.000274789461,-0.0860575368,4.62212407,1739.76155
0.279875577,0.00729285993,0.00125817446,0.00034012095,-0.085841624,4.70339745,1739.50019
0.279888562,0.1225461,-0.00128485635,0.00198974858,-0.049741552,9.12875416,1739.93854
0.279909265,0.00817490128,0.001353101,0.00041569172,-0.0856115703,4.78781115,1739.22571
0.279945376,0.00912036556,0.00144327904,0.000502414516,-0.0853666077,4.87526504,1738.93852
0.279957017,0.124721401,-0.00133142971,0.00181212645,-0.0488946881,9.26412684,1739.9457
0.279962434,0.0599612217,0.000121384961,0.00452550806,-0.0719334137,6.87508923,1735.11083
0.279984084,0.0101338132,0.00152733506,0.000601195322,-0.0851059509,4.96561861,1738.63939
0.28002088,0.12675078,-0.00136798667,0.00164029155,-0.0480840539,9.39546747,1739.91027
0.280025575,0.0112201325,0.00160377997,0.000712909387,-0.0848288004,5.05868634,1738.32941
0.280070049,0.0123845633,0.00167102528,0.000838370657,-0.0845343448,5.15423335,1738.01013
0.280080459,0.128644026,-0.00139376743,0.00147547199,-0.0473080734,9.52249175,1739.83521
0.280117721,0.0136327222,0.00172740793,0.000978293519,-0.0842217619,5.25197162,1737.68359
0.280125852,0.0646303672,-3.36146648e-05,0.00454024432,-0.0708043441,6.98324403,1735.57722
0.280136041,0.13041027,-0.00140830821,0.00131871637,-0.0465654471,9.64497373,1739.72433
0.280168821,0.0149706296,0.00177122509,0.00113324583,-0.0838902195,5.35155748,1737.35236
0.280187895,0.132058033,-0.00141143631,0.00117088263,-0.0458550897,9.76272461,1739.58204
0.280223596,0.0164047389,0.00180078008,0.00130359243,-0.0835388736,5.45259094,1737.01968
0.280236271,0.133595261,-0.00140330467,0.00103261035,-0.045176073,9.87561006,1739.41308
0.280281401,0.13502937,-0.00138435865,0.00090431849,-0.0445275751,9.9835821,1739.22228
0.280282309,0.0179419674,0.00181443999,0.00148942894,-0.0831668638,5.55461785,1736.68941
0.28030102,0.0696352464,-0.000169081383,0.00450053674,-0.0695738619,7.10527244,1736.09903
0.280323504,0.136367278,-0.00135525959,0.000786223317,-0.0439088379,10.0866626,1739.01438
0.280345243,0.0195897299,0.00181070525,0.0016905062,-0.0827733041,5.65713593,1736.36612
0.280362783,0.137615437,-0.00131681603,0.000678348612,-0.0433191333,10.1849156,1738.79387
0.280399426,0.138779867,-0.00126992589,0.000580544371,-0.0427577384,10.2784208,1738.56486
0.280412703,0.0213559743,0.00178829018,0.00190614719,-0.0823572687,5.7596055,1736.05506
0.280433612,0.139866187,-0.00121553479,0.000492533335,-0.0422239182,10.3672755,1738.33103
0.280465504,0.140879634,-0.00115460953,0.000413937232,-0.0417169143,10.4516031,1738.0956
0.280485014,0.0232492201,0.00174621281,0.00213515962,-0.0819177694,5.86146663,1735.76213
0.280488783,0.075,-0.00028530381,0.0044096308,-0.0682287663,7.24878826,1736.66538
0.280495257,0.141825099,-0.00108811591,0.00034429307,-0.0412359396,10.5315475,1737.8613
0.280523014,0.14270714,-0.00101699904,0.000283081202,-0.0407801765,10.6072639,1737.63042
0.28054891,0.143530013,-0.000942166932,0.000229742517,-0.0403487788,10.6789111,1737.4048
0.280562524,0.0252785992,0.00168389086,0.00237574823,-0.0814537238,5.96216239,1735.49381
0.280573068,0.144297686,-0.000864476204,0.000183694118,-0.0399408746,10.7466486,1737.18592
0.280595605,0.145013864,-0.000784722239,0.000144343533,-0.0395555721,10.8106382,1736.97488
0.280616631,0.145681998,-0.000703633261,0.000111101568,-0.0391919648,10.8710433,1736.77248
0.280636246,0.146305314,-0.000621867349,8.33921126e-05,-0.0388491384,10.9280268,1736.57929
0.280645607,0.0274539002,0.00160123897,0.0026254363,-0.0809639117,6.06117372,1735.25702
0.280654546,0.146886817,-0.00054001179,6.06601254e-05,-0.0385261764,10.9817498,1736.39563
0.280671618,0.147429312,-0.000458583814,4.23745801e-05,-0.0382221664,11.0323627,1736.22164
0.280676547,0.0803647536,-0.000377112219,0.00427822664,-0.0668550818,7.40083199,1737.225
0.280687544,0.147935415,-0.000378033294,2.80391118e-05,-0.0379362051,11.0800219,1736.05731
0.280702403,0.148407569,-0.000298747181,1.71783603e-05,-0.0376674039,11.1248115,1735.90252
0.280716264,0.14884805,-0.0002210534,9.36731595e-06,-0.0374148921,11.1668604,1735.75706
0.280729196,0.149258983,-0.000145225313,4.13633729e-06,-0.0371778214,11.205961,1735.62063
0.280734665,0.0297856156,0.00149876268,0.00288099681,-0.0804469174,6.15805352,1735.05894
0.28074126,0.14964235,-7.14856291e-05,1.36039271e-06,-0.036955368,11.2417671,1735.49291
0.280752515,0.15,0,0,-0.0367467068,11.2582785,1735.37348
0.280830126,0.0322849924,0.00137764029,0.00313842537,-0.0799010562,6.25249163,1734.90678
0.280851715,0.0853696328,-0.000449126872,0.00412440823,-0.0655476308,7.5533428,1737.73278
0.280932451,0.0349640862,0.00123977732,0.0033929208,-0.0793242834,6.34433802,1734.80748
0.281015132,0.0900387783,-0.000510792394,0.00395735334,-0.0643055842,7.70609306,1738.19007
0.281042134,0.0378358195,0.001087829,0.00363898218,-0.0787140864,6.43372319,1734.7674
0.281159704,0.040914044,0.000925198,0.00387041561,-0.0780673616,6.52097445,1734.79196
0.281167587,0.0943947116,-0.000568595831,0.00378155294,-0.0631273445,7.85969744,1738.60085
0.281237052,0,0,0,-0.0883084343,3.97130548,1742.18662
0.281251278,0.000357650242,7.45573559e-05,1.63203276e-06,-0.08821957,3.99309736,1742.07337
0.281266528,0.000741017226,0.000151949343,4.91093973e-06,-0.0881244661,4.03978521,1741.95213
0.281282873,0.00115195011,0.000232037732,1.11595318e-05,-0.0880227258,4.09004769,1741.82244
0.281285728,0.0442136074,0.000755951676,0.00408075106,-0.0773802806,6.60700015,1734.88532
0.281300394,0.00159243101,0.000314661922,2.04817461e-05,-0.0879139117,4.14376158,1741.6838
0.281309816,0.0984584434,-0.000626238176,0.0036000703,-0.0620104883,8.0131001,1738.96942
0.281319176,0.00206458457,0.000399610662,3.3479151e-05,-0.087797562,4.20048797,1741.53571
0.281339307,0.0025706882,0.000486614536,5.06776604e-05,-0.0876731912,4.26033378,1741.37768
0.281360886,0.00311318307,0.000575338078,7.2684177e-05,-0.0875402891,4.32329663,1741.20922
0.281384017,0.00369468589,0.000665371657,0.000100141447,-0.0873983215,4.38944704,1741.02988
0.28140881,0.00431800152,0.000756222291,0.000133747486,-0.0872467301,4.45883663,1740.83924
0.281420813,0.0477504251,0.000584638444,0.00426305742,-0.0766481563,6.6926422,1735.05003
0.281435387,0.00498613648,0.000847305559,0.000174249243,-0.0870849336,4.53151066,1740.63696
0.281442503,0.102249575,-0.000685529165,0.0034140279,-0.0609518724,8.16620443,1739.29904
0.281463874,0.0057023135,0.00093793804,0.000222440894,-0.0869123286,4.60749293,1740.42277
0.28149441,0.00646998704,0.00102732909,0.000279159237,-0.0867282908,4.68677988,1740.19651
0.281527142,0.00729285993,0.00111457497,0.000345275884,-0.0865321773,4.76934476,1739.95818
0.281562227,0.00817490128,0.00119865539,0.000421687452,-0.0863233287,4.85512972,1739.70795
0.281565611,0.0515415566,0.000416122819,0.0044110261,-0.0758653209,6.78014893,1735.28676
0.28156629,0.105786393,-0.000746760393,0.00322428955,-0.0599478639,8.31851866,1739.59143
0.281599835,0.00912036556,0.0012784332,0.000509301516,-0.0861010711,4.94404036,1739.44624
0.281640147,0.0101338132,0.00135265854,0.000609017768,-0.08586472,5.03594105,1739.17373
0.281681773,0.109085956,-0.000809234748,0.00303151647,-0.0589946053,8.46976558,1739.84678
0.281683358,0.0112201325,0.00141997877,0.000721703514,-0.0856135822,5.13064966,1738.89144
0.281720821,0.0556052884,0.000255176022,0.00451793251,-0.0750250394,6.87059671,1735.59408
0.281729676,0.0123845633,0.00147895536,0.0008481622,-0.085346959,5.22793238,1738.60079
0.281779324,0.0136327222,0.00152808906,0.00098909386,-0.0850641483,5.32749905,1738.30362
0.281789509,0.112164181,-0.000871628349,0.0028366463,-0.0580882551,8.61951347,1740.06419
0.281832543,0.0149706296,0.00156585421,0.00114504646,-0.0847644458,5.42899967,1738.00232
0.281887192,0.0599612217,0.000106239247,0.00458038721,-0.0741194817,6.97025021,1735.96833
0.281889588,0.0164047389,0.00159074311,0.00131635751,-0.0844471445,5.53202283,1737.69981
0.281890018,0.115035914,-0.000932366113,0.00264074385,-0.0572251754,8.76739112,1740.2422
0.281950735,0.0179419674,0.00160132056,0.00150308581,-0.084111531,5.63609696,1737.3996
0.281983785,0.117715008,-0.000989748855,0.00244510916,-0.0564020589,8.91302634,1740.37938
0.282016278,0.0195897299,0.00159628836,0.00170493434,-0.0837568792,5.74069559,1737.10585
0.282065525,0.0646303672,-2.6970008e-05,0.00459400701,-0.0731397855,7.07577841,1736.4035
0.282071262,0.120214384,-0.00104214,0.00225123535,-0.0556159978,9.05601725,1740.47479
0.282086534,0.0213559743,0.00157455853,0.00192116603,-0.0833824382,5.84524752,1736.82332
0.282152871,0.1225461,-0.00108808132,0.00206069834,-0.0548645046,9.19595937,1740.52836
0.282161843,0.0232492201,0.00153533341,0.00215051665,-0.0829874132,5.94915411,1736.55737
0.282229005,0.124721401,-0.00112637185,0.00187505921,-0.0541454964,9.33245794,1740.54101
0.282242566,0.0252785992,0.00147818976,0.00239110864,-0.0825709393,6.05181248,1736.31389
0.282256682,0.0696352464,-0.000142296357,0.004552846,-0.0720762289,7.19455275,1736.89146
0.282300032,0.12675078,-0.00115610381,0.00169576617,-0.0534572556,9.46515579,1740.51471
0.282329093,0.0274539002,0.00140316223,0.00264037648,-0.0821320436,6.15265156,1736.09915
0.282366295,0.128644026,-0.00117666353,0.00152409088,-0.0527983761,9.59375269,1740.45232
0.282421843,0.0297856156,0.00131082206,0.00289500433,-0.0816695961,6.25116666,1735.91971
0.282428112,0.13041027,-0.00118771938,0.00136109723,-0.0521677057,9.71801305,1740.35746
0.282461583,0.075,-0.000239620296,0.00446075623,-0.0709183611,7.3353498,1737.42236
0.282485783,0.132058033,-0.00118920601,0.00120763164,-0.0515642887,9.83777509,1740.23421
0.282521261,0.0322849924,0.0012023416,0.00315090539,-0.0811822464,6.34698415,1735.78215
0.282539585,0.133595261,-0.00118130189,0.00106431676,-0.0509873139,9.95292301,1740.08697
0.282589778,0.13502937,-0.00116439092,0.000931544873,-0.0504360688,10.0633697,1739.92016
0.282627828,0.0349640862,0.0010795397,0.00340321597,-0.0806683466,6.43988827,1735.69284
0.282636604,0.136367278,-0.00113901854,0.000809488899,-0.0499099018,10.1690736,1739.73807
0.282666484,0.0803647536,-0.000316535941,0.00432825755,-0.0697408435,7.48313864,1737.94839
0.282680289,0.137615437,-0.00110585129,0.00069812776,-0.049408193,10.2700388,1739.54477
0.282721043,0.138779867,-0.00106563906,0.0005972766,-0.0489303313,10.366304,1739.34396
0.282742058,0.0378358195,0.000944883274,0.00364639555,-0.0801258589,6.52995936,1735.65767
0.282759064,0.139866187,-0.00101918697,0.000506615081,-0.0484756996,10.457938,1739.13893
0.282788892,0,0,0,-0.0887957121,4.03152237,1742.41941
0.282794534,0.140879634,-0.000967325564,0.000425718792,-0.0480436644,10.5450408,1738.93254
0.28280333,0.000357650242,6.51906789e-05,1.65103149e-06,-0.0887148564,4.05357439,1742.31623
0.282818807,0.000741017226,0.000132917172,4.9666643e-06,-0.0886283378,4.10080626,1742.20578
0.282827625,0.141825099,-0.000910883704,0.000354083509,-0.0476335707,10.6277359,1738.72722
0.282835396,0.00115195011,0.000203062258,1.12780819e-05,-0.0885358009,4.1516467,1742.08765
0.282853177,0.00159243101,0.000275490462,2.06843404e-05,-0.0884368517,4.20598156,1741.96139
0.282857641,0.0853696328,-0.000376452516,0.00417273593,-0.0686246536,7.63245867,1738.42683
0.282858496,0.14270714,-0.000850669666,0.000291150261,-0.0472447399,10.7061619,1738.52499
0.282864501,0.040914044,0.000801481127,0.00387426427,-0.0795522518,6.61746443,1735.6817
0.282872238,0.00206458457,0.000350020593,3.37860121e-05,-0.088331075,4.26335834,1741.82654
0.282887296,0.143530013,-0.000787455824,0.00023632703,-0.0468764703,10.7804695,1738.32748
0.282892669,0.0025706882,0.000426418637,5.11042822e-05,-0.0882180347,4.32388954,1741.68267
0.282914164,0.144297686,-0.000721966564,0.000189001805,-0.0465280401,10.8508173,1738.13595
0.282914569,0.00311318307,0.000504390439,7.32411302e-05,-0.0880972732,4.38757393,1741.52934
0.282938044,0.00369468589,0.000583573557,0.000100832714,-0.087968312,4.45448119,1741.36614
0.28293923,0.145013864,-0.000654871129,0.000148558454,-0.0461987109,10.9173648,1737.95139
0.282962614,0.145681998,-0.000586779551,0.000114387743,-0.045887732,10.9802714,1737.77448
0.282963207,0.00431800152,0.000663528791,0.000134568937,-0.0878306524,4.52467333,1741.1927
0.28298443,0.146305314,-0.000518239373,8.58957647e-05,-0.0455943456,11.0396955,1737.60569
0.282990179,0.00498613648,0.000743732612,0.0001751876,-0.0876837757,4.598204,1741.0087
0.282995749,0.0442136074,0.000652992486,0.0040803943,-0.0789443889,6.70326881,1735.76889
0.283004782,0.146886817,-0.000449735692,6.2512206e-05,-0.0453177914,11.0957987,1737.44529
0.283019091,0.0057023135,0.000823569179,0.000223473149,-0.087527145,4.67509699,1740.81392
0.283023769,0.147429312,-0.00038169274,4.369339e-05,-0.0450573112,11.1487324,1737.29341
0.283035974,0.0900387783,-0.000427699817,0.00400354401,-0.0675683196,7.78251972,1738.8584
0.283041483,0.147935415,-0.000314476518,2.89311798e-05,-0.0448121535,11.1986348,1737.15001
0.283050081,0.00646998704,0.000902323075,0.000280251078,-0.0873602067,4.7553576,1740.60821
0.283058008,0.148407569,-0.000248398611,1.77372261e-05,-0.0445815773,11.2455918,1737.01499
0.283073424,0.14884805,-0.000183719851,9.67891525e-06,-0.0443648552,11.2897532,1736.88813
0.2830833,0.00729285993,0.000979174517,0.000346381155,-0.0871823921,4.83896604,1740.3916
0.283087807,0.149258983,-0.000120654578,4.27427528e-06,-0.044161277,11.3308776,1736.76918
0.283101224,0.14964235,-5.9374701e-05,1.40958901e-06,-0.0439701515,11.3686435,1736.65784
0.283113742,0.15,0,0,-0.0437907761,11.3860945,1736.55374
0.283118907,0.00817490128,0.00105319657,0.000422747538,-0.0869931201,4.92587063,1740.16423
0.283136434,0.0477504251,0.000503451918,0.00425799152,-0.0782984198,6.78825291,1735.92177
0.283157075,0.00912036556,0.00112335584,0.000510244503,-0.0867918,5.01598292,1739.9265
0.283197987,0.0101338132,0.00118851778,0.000609757386,-0.0865778342,5.10917197,1739.67904
0.283202345,0.0943947116,-0.000475671848,0.00382501416,-0.0665697415,7.93379727,1739.24636
0.283241841,0.0112201325,0.00124745766,0.000722137396,-0.0863506214,5.20525833,1739.42279
0.283287235,0.0515415566,0.000357207951,0.00440084492,-0.0776096849,6.87456702,1736.14114
0.283288849,0.0123845633,0.00129887821,0.000848169134,-0.0861095599,5.30400794,1739.15903
0.283339236,0.0136327222,0.00134143497,0.000988529664,-0.08585405,5.40512666,1738.88947
0.283357555,0.0984584434,-0.000523455419,0.00364022292,-0.0656261783,8.08521063,1739.59437
0.283393246,0.0149706296,0.00137376999,0.00114373824,-0.0855834955,5.50825586,1738.61625
0.283448879,0.0556052884,0.000218426094,0.00450268021,-0.0768726565,6.96379066,1736.42594
0.28345114,0.0164047389,0.00139455408,0.00131409621,-0.0852973042,5.61297007,1738.34205
0.283502353,0.102249575,-0.000572505043,0.00345040145,-0.0647343443,8.23667447,1739.90533
0.283513197,0.0179419674,0.00140253774,0.00149961737,-0.0849948859,5.71877754,1738.07006
0.283579716,0.0195897299,0.00139660998,0.00169994999,-0.0846756469,5.82512517,1737.80403
0.283622146,0.0599612217,9.12624466e-05,0.00455996725,-0.0760809336,7.06041757,1736.77297
0.283637439,0.105786393,-0.000623002867,0.00325659829,-0.0638906115,8.38763914,1740.18083
0.283651018,0.0213559743,0.00137586376,0.00191429281,-0.0843389804,5.93140849,1737.54829
0.283727447,0.0232492201,0.00133966615,0.00214130961,-0.0839842509,6.03698938,1737.30768
0.283763462,0.109085956,-0.000674362881,0.0030596323,-0.0630912373,8.53781789,1740.42122
0.283807872,0.0646303672,-2.27804625e-05,0.00456867545,-0.075227333,7.16352363,1737.177
0.283809372,0.0252785992,0.00128773069,0.00237904621,-0.0836107714,6.14121953,1737.08755
0.283881032,0.112164181,-0.000725487563,0.00286056933,-0.0623325676,8.68681742,1740.62587
0.283897187,0.0274539002,0.00122018743,0.00262486169,-0.083217772,6.24347818,1736.89359
0.283990715,0.115035914,-0.000775058955,0.00266063224,-0.0616111917,8.83430201,1740.79374
0.283991317,0.0297856156,0.00113764781,0.00287537275,-0.082804357,6.34320658,1736.73176
0.284006953,0.0696352464,-0.000120747383,0.0045237677,-0.0743040493,7.27963551,1737.63067
0.284092215,0.0322849924,0.00104125377,0.00312644333,-0.0823694513,6.43997742,1736.60805
0.28409304,0.117715008,-0.000821682251,0.0024612612,-0.0609240418,8.97984756,1740.92379
0.284188501,0.120214384,-0.000864040307,0.0022640215,-0.0602684429,9.12303248,1741.01547
0.284200368,0.0349640862,0.000932712767,0.00337318542,-0.0819117344,6.53351662,1736.52829
0.284220348,0.075,-0.00020168524,0.00442828719,-0.0733027986,7.41598483,1738.12501
0.284257295,0,0,0,-0.0892567906,4.09709573,1742.63967
0.284271791,0.000357650242,5.63253513e-05,1.65212418e-06,-0.0891834438,4.11935817,1742.54603
0.284277559,0.1225461,-0.000900973041,0.00207052642,-0.0596421216,9.26343847,1741.06896
0.284287329,0.000741017226,0.000114921191,4.96328361e-06,-0.0891049738,4.16699465,1742.44581
0.284303984,0.00115195011,0.000175692168,1.12649667e-05,-0.0890210628,4.21823934,1742.33863
0.284316298,0.0378358195,0.000814292327,0.00361007403,-0.0814295616,6.62386702,1736.49791
0.284321837,0.00159243101,0.000238527429,2.06448943e-05,-0.0889313572,4.2730156,1742.2241
0.284340974,0.00206458457,0.000303275025,3.36976632e-05,-0.0888354849,4.3308556,1742.1018
0.284360642,0.124721401,-0.000931533023,0.00188234114,-0.0590431834,9.40067577,1741.08533
0.284361486,0.0025706882,0.00036973493,5.09337572e-05,-0.0887330554,4.39187812,1741.97133
0.284383474,0.00311318307,0.000437651762,7.29432452e-05,-0.0886236596,4.45608247,1741.83232
0.284407043,0.00369468589,0.000506706304,0.000100349204,-0.0885068707,4.52354749,1741.68438
0.284432306,0.00431800152,0.000576508577,0.000133827258,-0.0883822443,4.59434254,1741.52719
0.284433743,0.0803647536,-0.000265705056,0.00429304929,-0.0722886526,7.56101278,1738.61563
0.284438152,0.12675078,-0.000955005056,0.00170090646,-0.0584700725,9.5343915,1741.06657
0.284440564,0.040914044,0.000688798133,0.00383099982,-0.0809208769,6.71125058,1736.5216
0.284459386,0.00498613648,0.00064659045,0.000174098956,-0.0882493197,4.66852205,1741.36048
0.284488413,0.0057023135,0.000716397208,0.000221932033,-0.0881076208,4.74611829,1741.18404
0.284510463,0.128644026,-0.000970908719,0.00152748167,-0.05792152,9.66427428,1741.01543
0.284519527,0.00646998704,0.000785281936,0.000278134233,-0.0879566584,4.82714563,1740.99776
0.284552879,0.00729285993,0.000852501225,0.000343547308,-0.0877959318,4.9115912,1740.80164
0.284573765,0.0442136074,0.000559494751,0.00402963527,-0.0803831204,6.796493,1736.6031
0.284577923,0.13041027,-0.000978989538,0.001363111,-0.0573964901,9.79005709,1740.93527
0.284588629,0.00817490128,0.000917213562,0.000419036706,-0.0876249313,4.99941037,1740.59586
0.284626949,0.00912036556,0.000978481337,0.000505477338,-0.0874431412,5.0905207,1740.38077
0.284632824,0.0853696328,-0.000315189765,0.00413566861,-0.0713311109,7.70743975,1739.06244
0.284640858,0.132058033,-0.000979206083,0.00120860684,-0.0568941273,9.91152147,1740.82987
0.284668025,0.0101338132,0.00103527744,0.00060373401,-0.0872500428,5.18479547,1740.15695
0.28469957,0.133595261,-0.000971714789,0.00106454405,-0.0564137102,10.0285008,1740.70323
0.284712054,0.0112201325,0.00108649736,0.000714635422,-0.0870451179,5.28205683,1739.92526
0.284716544,0.0477504251,0.000429947937,0.00419940046,-0.0798131399,6.88055849,1736.74483
0.284754345,0.13502937,-0.000956842954,0.000931264386,-0.0559546099,10.1408823,1740.55934
0.284759249,0.0123845633,0.00113097762,0.000838940524,-0.0868278515,5.38206884,1739.6869
0.284805445,0.136367278,-0.000935052104,0.000808894201,-0.0555162572,10.2486058,1740.40205
0.284809838,0.0136327222,0.00116752109,0.000977296171,-0.0865977355,5.48453114,1739.44339
0.28481855,0.0900387783,-0.000357392319,0.00396495125,-0.0704282886,7.85496386,1739.46578
0.284853117,0.137615437,-0.000906904047,0.000697370877,-0.0550981169,10.3516578,1740.23499
0.284864064,0.0149706296,0.00119492954,0.00113018536,-0.0863542701,5.58907381,1739.19671
0.284869589,0.0515415566,0.000303957994,0.00433427836,-0.0792071175,6.96554334,1736.9477
0.284897591,0.138779867,-0.000873030563,0.000596472507,-0.0546996676,10.4500636,1740.06142
0.284922189,0.0164047389,0.00121204351,0.00129786588,-0.0860969651,5.69525441,1738.94927
0.284939082,0.139866187,-0.000834106137,0.000505847397,-0.0543203886,10.5438807,1739.88425
0.28497779,0.140879634,-0.000790824107,0.000425044489,-0.0539597509,10.6331931,1739.706
0.284984494,0.0179419674,0.00121778894,0.00148029987,-0.0858253387,5.80255818,1738.70397
0.284991817,0.0943947116,-0.000396787027,0.00378516733,-0.0695777833,8.00399279,1739.82837
0.285013901,0.141825099,-0.000743877046,0.000353535565,-0.0536172119,10.7181061,1739.52876
0.285033639,0.0556052884,0.000184986129,0.00442858148,-0.0785605325,7.05315027,1737.21087
0.28504759,0.14270714,-0.000693939473,0.000290741726,-0.0532922131,10.7987413,1739.3543
0.285051279,0.0195897299,0.00121122982,0.00167707612,-0.085538914,5.91040294,1738.46421
0.285079018,0.143530013,-0.000641654523,0.000236057909,-0.0529841801,10.8752372,1739.18402
0.285108339,0.144297686,-0.000587626008,0.000188857551,-0.0526925241,10.9477413,1739.01902
0.285122866,0.0213559743,0.00119162557,0.00188732746,-0.0852372106,6.01814919,1738.23389
0.285135693,0.145013864,-0.00053240925,0.000148515667,-0.0524166442,11.0164037,1738.86011
0.285153461,0.0984584434,-0.000435977677,0.0035992983,-0.0687766965,8.15344162,1740.15341
0.285161211,0.145681998,-0.000476506225,0.000114422144,-0.0521559307,11.081378,1738.70789
0.285185018,0.146305314,-0.000420365705,8.59820935e-05,-0.0519097681,11.1428197,1738.56274
0.285199601,0.0232492201,0.00115849129,0.00210964863,-0.0849197324,6.12511872,1738.01741
0.285207228,0.146886817,-0.000364382993,6.26264952e-05,-0.0516775391,11.2008849,1738.42488
0.285209485,0.0599612217,7.6730348e-05,0.00447846792,-0.0778681745,7.1461407,1737.53156
0.285227948,0.147429312,-0.000308901636,4.38151781e-05,-0.0514586277,11.2557224,1738.2944
0.285247278,0.147935415,-0.000254215941,2.90427382e-05,-0.0512524228,11.3074758,1738.17126
0.285265312,0.148407569,-0.00020057351,1.78261253e-05,-0.0510583209,11.3562334,1738.05535
0.285281853,0.0252785992,0.00111165871,0.00234201794,-0.0845859486,6.23061834,1737.81958
0.285282135,0.14884805,-0.000148180039,9.74197437e-06,-0.0508757289,11.4021537,1737.9465
0.285297831,0.149258983,-9.72046194e-05,4.30573803e-06,-0.0507040669,11.4449594,1737.84445
0.285304262,0.102249575,-0.000476138505,0.0034086044,-0.0680217188,8.30320926,1740.44348
0.285312473,0.14964235,-4.77823681e-05,1.42977486e-06,-0.0505427696,11.4844247,1737.74895
0.285326133,0.15,0,0,-0.0503912517,11.5027321,1737.65968
0.285370019,0.0274539002,0.00105133366,0.00258173566,-0.0842352665,6.33398013,1737.64557
0.285397976,0.0646303672,-1.95736216e-05,0.00448022565,-0.0771242488,7.24711836,1737.90513
0.285444947,0.105786393,-0.000517397411,0.00321419127,-0.0673093077,8.45271371,1740.70012
0.285464525,0.0297856156,0.000978148371,0.00282537578,-0.0838669957,6.43459488,1737.50076
0.285565827,0.0322849924,0.000893197884,0.00306878708,-0.083480303,6.53198961,1737.3906
0.285576195,0.109085956,-0.00055925852,0.0030169357,-0.0666358845,8.6016869,1740.92375
0.285600019,0.0696352464,-0.000101676695,0.00443033118,-0.0763225357,7.36104741,1738.32491
0.285646746,0,0,0,-0.0896930782,4.16707395,1742.84807
0.285660874,0.000357650242,4.80281936e-05,1.63573421e-06,-0.0896266771,4.18948218,1742.76339
0.285674412,0.0349640862,0.000798065369,0.00330710009,-0.0830741552,6.62584305,1737.32041
0.285676018,0.000741017226,9.80986599e-05,4.90186582e-06,-0.0895556471,4.23736717,1742.67277
0.285692251,0.00115195011,0.000150138775,1.11221601e-05,-0.0894797042,4.28882441,1742.57587
0.285698638,0.112164181,-0.000600799012,0.00281794822,-0.0659980054,8.74970994,1741.11401
0.285709651,0.00159243101,0.000204061926,2.03670839e-05,-0.0893985308,4.34384361,1742.47232
0.285728302,0.00206458457,0.000259744249,3.32207692e-05,-0.0893117931,4.4019416,1742.36176
0.285748295,0.0025706882,0.000317017637,5.01770631e-05,-0.0892191412,4.46324479,1742.24384
0.285769725,0.00311318307,0.000375662306,7.180938e-05,-0.0891202088,4.52775002,1742.1182
0.285790805,0.0378358195,0.00069481214,0.00353485759,-0.0826472543,6.71615316,1737.29514
0.285792696,0.00369468589,0.000435399337,9.87215755e-05,-0.0890146143,4.59555011,1741.98451
0.285812868,0.115035914,-0.000640934658,0.00261848402,-0.0653924903,8.89643806,1741.27017
0.285816591,0.075,-0.000169038604,0.00433080541,-0.0754565356,7.49303748,1738.78268
0.285817318,0.00431800152,0.000495883693,0.000131569432,-0.088901961,4.66672446,1741.84248
0.285843711,0.00498613648,0.00055669647,0.000171054384,-0.0887818384,4.74132757,1741.69187
0.285872002,0.0057023135,0.00061733811,0.000217921914,-0.0886538233,4.81940227,1741.53248
0.285902327,0.00646998704,0.000677223562,0.000272957756,-0.0885174815,4.90097135,1741.36423
0.285915568,0.040914044,0.000585944124,0.00374607359,-0.0821979639,6.80312182,1737.31912
0.285919435,0.117715008,-0.000678540137,0.00241999763,-0.0648165016,9.04145023,1741.39153
0.285934833,0.00729285993,0.000735678933,0.00033698155,-0.0883723701,4.98602964,1741.18713
0.285969676,0.00817490128,0.000791941207,0.000410836153,-0.0882180398,5.07453947,1741.00134
0.286007024,0.00912036556,0.00084516167,0.00049537327,-0.0880540378,5.16642363,1740.80717
0.286018853,0.120214384,-0.000712563647,0.00222403509,-0.0642675798,9.18433875,1741.47783
0.286033162,0.0803647536,-0.000221884484,0.00419268062,-0.0745829787,7.63555235,1739.23739
0.286047058,0.0101338132,0.000894413859,0.000591433201,-0.0878799107,5.26155818,1740.60518
0.286049301,0.0442136074,0.000474345213,0.0039345905,-0.0817242333,6.88757722,1737.39582
0.28608997,0.0112201325,0.000938706699,0.000699817861,-0.0876952079,5.35976465,1740.39615
0.286111603,0.1225461,-0.000742080686,0.00203217104,-0.0637436431,9.32468771,1741.52945
0.286135968,0.0123845633,0.000977003353,0.000821255907,-0.0874994851,5.46080237,1740.18114
0.286185274,0.0136327222,0.00100824606,0.000956359104,-0.0872923067,5.56436139,1739.96156
0.286192651,0.0477504251,0.000363133693,0.00409411487,-0.0812235279,6.97048389,1737.52755
0.28619813,0.124721401,-0.000766337419,0.00184591626,-0.0632429624,9.46210501,1741.54757
0.286235205,0.0853696328,-0.000262303669,0.00403405755,-0.0737615281,7.77928781,1739.65174
0.286238124,0.0149706296,0.00103138702,0.00110556945,-0.087073249,5.6700568,1739.73919
0.286278853,0.12675078,-0.000784765747,0.00166665278,-0.0627641201,9.59622544,1741.53413
0.286294775,0.0164047389,0.00104542498,0.00126909719,-0.0868419008,5.77742547,1739.51621
0.286346308,0.0515415566,0.000255589754,0.00421891677,-0.0806927742,7.05374789,1737.71521
0.286354161,0.128644026,-0.000796988643,0.00149558032,-0.062305962,9.7267227,1741.49175
0.2863555,0.0179419674,0.00104944701,0.00144685069,-0.0865978632,5.88592625,1739.29524
0.286420591,0.0195897299,0.00104267457,0.00163836011,-0.0863407472,5.99494515,1739.07934
0.286423696,0.0900387783,-0.000296650375,0.00386298644,-0.0729900274,7.92444911,1740.02582
0.286424418,0.13041027,-0.000802814135,0.00133368481,-0.0618675469,9.85331406,1741.42355
0.286489961,0.132058033,-0.000802223744,0.00118172164,-0.0614480989,9.97576529,1741.333
0.286490362,0.0213559743,0.00102451267,0.00184269779,-0.0860701669,6.10380597,1738.87205
0.286511013,0.0556052884,0.00015468254,0.00430370053,-0.0801283418,7.1390041,1737.95814
0.286551108,0.133595261,-0.000795354704,0.00104021245,-0.0610469656,10.0938927,1741.22372
0.28656515,0.0232492201,0.000994600416,0.00205840073,-0.0857857292,6.21179016,1738.67732
0.286599542,0.0943947116,-0.000328604904,0.00368364778,-0.0722658953,8.07133908,1740.36196
0.286608153,0.13502937,-0.000782476839,0.000909453143,-0.0606635814,10.2075626,1741.09928
0.286645316,0.0252785992,0.000952861389,0.00228339822,-0.085487018,6.31816093,1738.4995
0.286661371,0.136367278,-0.000763967174,0.000789532416,-0.0602974387,10.3166888,1740.96314
0.286687562,0.0599612217,6.32806229e-05,0.00434461347,-0.0795260722,7.22939853,1738.25389
0.28671102,0.137615437,-0.000740285431,0.000680356902,-0.0599480646,10.4212283,1740.81851
0.286731246,0.0274539002,0.000899549912,0.00251495835,-0.0851735708,6.42220644,1738.34324
0.286757338,0.138779867,-0.000711950997,0.000581679621,-0.0596150043,10.5211782,1740.66827
0.286763592,0.0984584434,-0.00036035277,0.00349885179,-0.0715861707,8.21889349,1740.66299
0.286800548,0.139866187,-0.000679521565,0.000493129266,-0.059297809,10.6165711,1740.51498
0.286823355,0.0297856156,0.000835292432,0.0027496477,-0.0848448484,6.52327236,1738.21343
0.286840861,0.140879634,-0.000643573666,0.000414238665,-0.0589960281,10.7074705,1740.36083
0.286876806,0.0646303672,-1.73573368e-05,0.00433849243,-0.0788813923,7.32847719,1738.59826
0.286878469,0.141825099,-0.000604684707,0.000344470678,-0.0587092041,10.7939652,1740.20766
0.286913554,0.14270714,-0.000563418862,0.000283241954,-0.0584368712,10.8761646,1740.05699
0.286916637,0.102249575,-0.000392837568,0.00330982721,-0.0709475881,8.36697813,1740.93128
0.286922087,0.0322849924,0.000761114138,0.00298334304,-0.0845001961,6.62084648,1738.115
0.286946286,0.143530013,-0.000520315701,0.000229945079,-0.0581785538,10.9541961,1739.91002
0.286961491,0,0,0,-0.090105908,4.24057499,1743.04525
0.286975258,0.000357650242,4.03451732e-05,1.60164096e-06,-0.0900460492,4.26308366,1742.96902
0.286976821,0.144297686,-0.000475881488,0.000183957143,-0.0579337678,11.0281978,1739.7677
0.286990015,0.000741017226,8.25356595e-05,4.78223854e-06,-0.0899820273,4.31108419,1742.88744
0.287005309,0.145013864,-0.000430581741,0.000144659557,-0.057702022,11.0983118,1739.63073
0.287005833,0.00115195011,0.000126520663,1.08500893e-05,-0.0899135896,4.36258922,1742.80022
0.287022789,0.00159243101,0.000172235522,1.98530956e-05,-0.0898404525,4.41768465,1742.70702
0.287027918,0.0349640862,0.00067845667,0.00321124541,-0.084138795,6.7145676,1738.0528
0.287031886,0.145681998,-0.00038483634,0.000111450936,-0.05748282,11.1646863,1739.49959
0.287040964,0.00206458457,0.000219581497,3.23608182e-05,-0.0897623183,4.4758681,1742.60753
0.28705668,0.146305314,-0.000339018253,8.3748121e-05,-0.057275663,11.2274748,1739.37462
0.287059416,0.105786393,-0.000426151968,0.00311765909,-0.0703467334,8.51498978,1741.16826
0.287060445,0.0025706882,0.000268418625,4.88449485e-05,-0.0896788749,4.53727432,1742.50142
0.287079657,0.0696352464,-8.54025553e-05,0.00428288957,-0.078189481,7.43986821,1738.98518
0.28707981,0.146886817,-0.000293452877,6.09952566e-05,-0.0570800515,11.286831,1739.25598
0.287081328,0.00311318307,0.000318557729,6.98580441e-05,-0.0895897965,4.60191181,1742.38837
0.287101389,0.147429312,-0.000248419959,4.2666562e-05,-0.0568954885,11.3429069,1739.14374
0.287103712,0.00369468589,0.000369754504,9.59810077e-05,-0.0894947441,4.66988254,1742.26811
0.287121521,0.147935415,-0.000204156249,2.82726904e-05,-0.0567214812,11.3958556,1739.03786
0.287127705,0.00431800152,0.00042170269,0.000127844862,-0.0893933657,4.74126559,1742.14035
0.287140301,0.148407569,-0.000160858174,1.73453939e-05,-0.0565575437,11.4457386,1738.93823
0.287141358,0.0378358195,0.000589162294,0.00342802083,-0.0837596066,6.80440778,1738.03133
0.287153424,0.00498613648,0.000474025902,0.000166126699,-0.0892852981,4.81612839,1742.00489
0.287157823,0.14884805,-0.000118684763,9.47453737e-06,-0.0564031985,11.4926981,1738.84468
0.287174168,0.149258983,-7.77614327e-05,4.17760277e-06,-0.0562579785,11.5364271,1738.75701
0.287180992,0.0057023135,0.000526272641,0.000211546525,-0.0891701674,4.89452501,1741.86157
0.287189418,0.14964235,-3.81835362e-05,1.39268476e-06,-0.0561214287,11.5768408,1738.67497
0.287192617,0.109085956,-0.000459878709,0.0029232155,-0.0697802132,8.66266738,1741.37447
0.287203644,0.15,0,0,-0.0559930678,11.5956498,1738.59828
0.287210543,0.00646998704,0.000577912333,0.000264864702,-0.0890475916,4.97648605,1741.71031
0.287242218,0.00729285993,0.000628333514,0.000326875471,-0.0889171819,5.06201452,1741.55112
0.287262956,0.040914044,0.000495442277,0.00362786771,-0.083361311,6.89056336,1738.0546
0.287276171,0.00817490128,0.000676844989,0.000398395712,-0.0887785457,5.15107957,1741.38416
0.287297094,0.075,-0.000140826432,0.00417917804,-0.0774454114,7.56840657,1739.40717
0.287312565,0.00912036556,0.000722680815,0.000480250206,-0.0886312889,5.24360849,1741.20973
0.287316883,0.112164181,-0.00049325834,0.0027275845,-0.0692448003,8.80957757,1741.54973
0.287351576,0.0101338132,0.000765009583,0.000573250439,-0.0884750196,5.33947857,1741.02832
0.287393392,0.0112201325,0.000802948416,0.000678166478,-0.0883093507,5.43850854,1740.84064
0.287393298,0.0442136074,0.000399819258,0.00380486414,-0.0829422439,6.97382805,1738.12579
0.287432813,0.115035914,-0.000525415413,0.00253198152,-0.0687375399,8.95538021,1741.69359
0.287438215,0.0123845633,0.000835581903,0.000795690872,-0.0881339035,5.5404502,1740.64768
0.287486261,0.0136327222,0.000861985995,0.000926393943,-0.0879483108,5.64498084,1740.45071
0.287514531,0.0803647536,-0.000183732022,0.00403863516,-0.0766983726,7.70800622,1739.82635
0.287533011,0.0477504251,0.000304978367,0.00395304126,-0.0825003403,7.05513935,1738.2471
0.287537761,0.0149706296,0.000881256596,0.00107067029,-0.0877522196,5.75169719,1740.25133
0.287540966,0.117715008,-0.000555444089,0.00233780619,-0.0682558121,9.09965769,1741.80563
0.287592965,0.0164047389,0.000892542442,0.00122867701,-0.0875452925,5.86011225,1740.05151
0.287641864,0.120214384,-0.000582507121,0.00214652769,-0.0677973562,9.24201659,1741.8858
0.287652138,0.0179419674,0.000895081612,0.0014002648,-0.0873272081,5.9696557,1739.85362
0.287682771,0.0515415566,0.000213714081,0.00406697255,-0.0820330937,7.13634383,1738.41942
0.287715567,0.0195897299,0.000888240832,0.00158490443,-0.0870976592,6.0796798,1739.66042
0.287717382,0.0853696328,-0.000216224302,0.00387958653,-0.0759992015,7.84913562,1740.20827
0.287735994,0.1225461,-0.000605871648,0.00195963353,-0.0673602647,9.38204567,1741.93467
0.287783555,0.0213559743,0.00087155664,0.00178161117,-0.0868563481,6.18947069,1739.47507
0.287823809,0.124721401,-0.000624944037,0.00177854052,-0.0669429563,9.5193565,1741.95344
0.287843298,0.0556052884,0.000128487529,0.00414175451,-0.0815375498,7.21935263,1738.64223
0.287856433,0.0232492201,0.000844776785,0.0019888733,-0.0866029777,6.29826979,1739.30114
0.287905734,0.12675078,-0.00063927864,0.00160453936,-0.0665441357,9.65357984,1741.94401
0.287906625,0.0900387783,-0.000243689458,0.00370943392,-0.0753455416,7.9921115,1740.55292
0.287934551,0.0252785992,0.000807901049,0.00220458652,-0.0863372387,6.40529838,1739.14255
0.287982163,0.128644026,-0.000648581794,0.00143874424,-0.0661627486,9.78438127,1741.90883
0.288015369,0.0599612217,5.16854112e-05,0.00417377035,-0.0810103445,7.30740365,1738.91334
0.288018285,0.0274539002,0.000761217422,0.00242600928,-0.0860587902,6.50980384,1739.00348
0.288053465,0.13041027,-0.000652705961,0.00128206463,-0.0657979348,9.91146399,1741.8508
0.288083174,0.0943947116,-0.000269124427,0.00353217141,-0.074734694,8.13697409,1740.86235
0.288108041,0.0297856156,0.000705334256,0.00264973066,-0.0857672341,6.61109158,1738.88832
0.288119984,0.132058033,-0.00065164021,0.00113518926,-0.0654489861,10.0345752,1741.77306
0.288182041,0.133595261,-0.000645496136,0.00099858426,-0.0651153073,10.1535088,1741.67886
0.288199812,0.0646303672,-1.54497255e-05,0.00416032852,-0.0804478194,7.40382635,1739.22898
0.288204251,0.0322849924,0.000641198731,0.00287169171,-0.085462082,6.70861568,1738.80155
0.288205545,0,0,0,-0.0904965413,4.31671215,1743.23182
0.28821872,0.000357650242,3.3316529e-05,1.54983293e-06,-0.0904427671,4.33926226,1743.16349
0.288232841,0.000741017226,6.83134033e-05,4.60481078e-06,-0.0903852603,4.38722927,1743.09036
0.288239935,0.13502937,-0.00063449083,0.000872501789,-0.0647963847,10.2681063,1741.57142
0.288247978,0.00115195011,0.000104960482,1.04502015e-05,-0.0903237966,4.4386011,1743.01219
0.28824788,0.0984584434,-0.000294351404,0.00335037712,-0.0741636796,8.28270377,1741.1391
0.288264203,0.00159243101,0.000143212625,1.9106837e-05,-0.0902581231,4.49359318,1742.92866
0.288281595,0.00206458457,0.000182992926,3.11263786e-05,-0.0901879747,4.55168007,1742.83949
0.288293945,0.136367278,-0.000618928311,0.000756997805,-0.0644917599,10.378256,1741.4538
0.288300237,0.0025706882,0.000224185112,4.69551624e-05,-0.0901130738,4.61300472,1742.74439
0.288307378,0.0349640862,0.000570107769,0.00308720682,-0.085142715,6.80198405,1738.74752
0.28832022,0.00311318307,0.000266626589,6.71204774e-05,-0.0900331309,4.67759112,1742.64309
0.28834164,0.00369468589,0.00031010231,9.21771313e-05,-0.0899478449,4.74555417,1742.53532
0.288344333,0.137615437,-0.000599181035,0.000651955669,-0.0642010099,10.4838907,1741.32883
0.288364599,0.00431800152,0.000354337865,0.000122730213,-0.0898569043,4.81697401,1742.42085
0.28838921,0.00498613648,0.000398993398,0.00015942918,-0.0897599875,4.89193124,1742.29949
0.28839134,0.138779867,-0.000575672022,0.000557112966,-0.0639237323,10.5849843,1741.19906
0.288397518,0.0696352464,-7.16720293e-05,0.00409968053,-0.0798461895,7.51232549,1739.58363
0.288401537,0.102249575,-0.000320121773,0.00316520533,-0.0736293045,8.42912575,1741.38536
0.28841559,0.0057023135,0.000443659352,0.000202967118,-0.0896567649,4.97049043,1742.1711
0.288417921,0.0378358195,0.000493693222,0.00329111418,-0.0848083369,6.89115897,1738.73035
0.288435194,0.139866187,-0.000548857971,0.000472089353,-0.0636595349,10.681548,1741.06671
0.288443868,0.00646998704,0.000487853711,0.000254077313,-0.0895469,5.05269132,1742.03561
0.288474178,0.00729285993,0.000531021859,0.000313526888,-0.0894300517,5.13854464,1741.89304
0.288476106,0.140879634,-0.000519213725,0.000396413775,-0.0634080285,10.7736263,1740.93369
0.288506669,0.00817490128,0.000572539417,0.000382104807,-0.0893058766,5.22802521,1741.74353
0.288514274,0.141825099,-0.000487218208,0.000329549835,-0.0631688235,10.8612919,1740.80161
0.288536413,0.040914044,0.000413880751,0.0034778471,-0.084457923,6.97631563,1738.75367
0.288541495,0.00912036556,0.000611718695,0.00046060644,-0.0891740317,5.32106276,1741.58737
0.288544886,0.105786393,-0.000346505362,0.00297766842,-0.0731282959,8.57563254,1741.60251
0.288549881,0.14270714,-0.000453342159,0.000270918434,-0.062941527,10.9446411,1740.67176
0.288578825,0.0101338132,0.000647819067,0.000549811255,-0.0890341773,5.41753303,1741.425
0.2885831,0.143530013,-0.000418037504,0.000219917322,-0.0627257424,11.0237898,1740.54519
0.28860944,0.075,-0.000117209873,0.00399296876,-0.0792016734,7.63796458,1739.97044
0.28861409,0.144297686,-0.000381727746,0.000175936995,-0.0625210698,11.0988685,1740.4227
0.28861884,0.0112201325,0.000680061389,0.00065045355,-0.0888859803,5.51724853,1741.25706
0.288643002,0.145013864,-0.000344803413,0.000138373481,-0.0623271065,11.1700164,1740.30488
0.288661732,0.0123845633,0.000707646457,0.000763185324,-0.0887291172,5.61994967,1741.08446
0.288663424,0.0442136074,0.000332846485,0.003641761,-0.0840901694,7.05818867,1738.8204
0.288669974,0.145681998,-0.000307618146,0.000106639003,-0.0621434487,11.2373812,1740.19214
0.28867862,0.109085956,-0.000373158415,0.00278858091,-0.0726574471,8.72195749,1741.79116
0.288695137,0.146305314,-0.000270484925,8.01696351e-05,-0.0619696923,11.3011181,1740.08475
0.288707708,0.0136327222,0.000729777266,0.000888530979,-0.0885632775,5.72529685,1740.90832
0.288718612,0.146886817,-0.00023367609,5.84273329e-05,-0.0618054344,11.3613838,1739.98286
0.288740512,0.147429312,-0.000197423016,4.09061015e-05,-0.0616502749,11.4183282,1739.88649
0.28875699,0.0149706296,0.000745684696,0.00102683398,-0.0883881661,5.8328645,1740.73011
0.288760943,0.147935415,-0.000161917648,2.7137414e-05,-0.0615038178,11.4720968,1739.79562
0.288780004,0.148407569,-0.000127316873,1.66716372e-05,-0.0613656716,11.5227753,1739.71013
0.288797786,0.14884805,-9.37446201e-05,9.12361866e-06,-0.0612354516,11.5705508,1739.62988
0.288799568,0.0477504251,0.000252876924,0.00377723978,-0.0837034492,7.13778125,1738.93256
0.288803382,0.112164181,-0.000399464296,0.00259895881,-0.0722137401,8.86765728,1741.95133
0.288809815,0.0164047389,0.000754656142,0.00117819629,-0.0882035053,5.94213822,1740.55158
0.288814375,0.149258983,-6.12951916e-05,4.02551237e-06,-0.0611127796,11.6150757,1739.55468
0.288821361,0.0803647536,-0.000152038629,0.00385164079,-0.0785572061,7.77469439,1740.35467
0.288829851,0.14964235,-3.00381927e-05,1.3566371e-06,-0.0609972856,11.6564365,1739.48431
0.288844289,0.15,0,0,-0.0608885674,11.6757853,1739.41854
0.288866439,0.0179419674,0.000756066485,0.00134241193,-0.0880090354,6.05251572,1740.37486
0.288919775,0.115035914,-0.000424728143,0.00240993008,-0.0717944325,9.012412,1742.08279
0.288927134,0.0195897299,0.000749410744,0.00151889744,-0.0878045139,6.16331381,1740.20244
0.288945502,0.0515415566,0.000176312365,0.00387921686,-0.0832957846,7.21698142,1739.091
0.288992194,0.0213559743,0.000734337633,0.00170662153,-0.0875897115,6.27378039,1740.03715
0.289019067,0.0853696328,-0.000178166393,0.00369383901,-0.0779565085,7.91324548,1740.70467
0.289028361,0.117715008,-0.00044823295,0.00222279506,-0.0713971064,9.155809,1742.18536
0.289061932,0.0232492201,0.000710682689,0.00190404054,-0.0873644053,6.38311789,1739.88218
0.289101929,0.0556052884,0.000105212141,0.00394321081,-0.0828648516,7.29780976,1739.29526
0.289129662,0.120214384,-0.000469324031,0.00203890627,-0.0710196836,9.29747051,1742.25919
0.289136684,0.0252785992,0.000678500709,0.0021090402,-0.0871283681,6.49050805,1739.74105
0.28920351,0.0900387783,-0.000200134933,0.00352640757,-0.0773971693,8.05406654,1741.02037
0.289216812,0.0274539002,0.000638093364,0.00231889983,-0.086881352,6.59516116,1739.61751
0.289224168,0.1225461,-0.000487430459,0.00185962942,-0.0706604149,9.43699242,1742.30495
0.289269604,0.0599612217,4.15485824e-05,0.00396592973,-0.0824080271,7.38345578,1739.54339
0.2893027,0.0297856156,0.000590034002,0.0025302683,-0.086623067,6.6963481,1739.51552
0.289312334,0.124721401,-0.000502093608,0.00168625816,-0.0703178523,9.57399375,1742.32388
0.289375581,0.0943947116,-0.000220400351,0.00335310119,-0.0768764946,8.19693164,1741.30356
0.289382711,0,0,0,-0.0908661714,4.3946317,1743.40834
0.289394587,0.12675078,-0.000512970646,0.0015199675,-0.0699908102,9.70810472,1742.31781
0.289394765,0.0322849924,0.000535179679,0.00273919281,-0.0863531534,6.79349563,1739.43909
0.289395212,0.000357650242,2.69680275e-05,1.48095624e-06,-0.0908180938,4.41717439,1743.3474
0.28940861,0.000741017226,5.54789961e-05,4.37182414e-06,-0.0907666856,4.46497388,1743.28219
0.289422972,0.00115195011,8.55210371e-05,9.92772492e-06,-0.0907117483,4.51604937,1743.21247
0.289438368,0.00159243101,0.00011706502,1.81384399e-05,-0.0906530579,4.57077687,1743.13798
0.289449335,0.0646303672,-1.36359514e-05,0.00394512418,-0.0819225065,7.4772156,1739.83195
0.289454869,0.00206458457,0.000150051579,2.95349807e-05,-0.0905903791,4.62860287,1743.05846
0.289471321,0.128644026,-0.000519837811,0.0013617665,-0.0696783233,9.8389868,1742.28901
0.289472558,0.0025706882,0.000184382871,4.45356634e-05,-0.0905234662,4.68969432,1742.97366
0.289491518,0.00311318307,0.000219917154,6.36408918e-05,-0.0904520632,4.75408415,1742.88332
0.28949345,0.0349640862,0.000474676991,0.00294114958,-0.086071147,6.88619262,1739.39215
0.289511842,0.00369468589,0.000256462801,8.7376639e-05,-0.0903759043,4.82189141,1742.78722
0.289533627,0.00431800152,0.000293771217,0.000116320315,-0.0902947145,4.89321181,1742.68516
0.289536109,0.0984584434,-0.000240480044,0.00317624333,-0.0763915825,8.34085402,1741.55657
0.289542908,0.13041027,-0.00052258461,0.00121247385,-0.0693796039,9.9663335,1742.24013
0.289556979,0.00498613648,0.000331532948,0.000151092956,-0.0902082111,4.96813905,1742.57695
0.28958201,0.0057023135,0.000369374587,0.000192359848,-0.0901161045,5.04674682,1742.46249
0.28959923,0.0378358195,0.000409950427,0.00313119542,-0.0857764408,6.97437347,1739.37843
0.28960884,0.00646998704,0.000406857608,0.000240826062,-0.0900181,5.12908405,1742.34171
0.289609693,0.132058033,-0.000521206208,0.00107270298,-0.0690940032,10.0898785,1742.17401
0.2896376,0.00729285993,0.00044347988,0.000297230047,-0.0899138998,5.21516827,1742.21464
0.28964199,0.0696352464,-5.94546924e-05,0.00387959183,-0.0814054725,7.58296105,1740.15591
0.289668427,0.00817490128,0.000478680146,0.000362330646,-0.0898032051,5.30497813,1742.0814
0.289671998,0.133595261,-0.000515792131,0.000942861118,-0.0688209767,10.2093978,1742.09356
0.289685868,0.102249575,-0.000260973651,0.00299688404,-0.0759393803,8.48559749,1741.78137
0.289701472,0.00912036556,0.000511845756,0.000436890674,-0.0896857191,5.39844311,1741.94227
0.289712617,0.040914044,0.000342651939,0.00330404057,-0.0854682421,7.05820981,1739.40121
0.289730123,0.13502937,-0.00050651356,0.000823157398,-0.0685600559,10.3247118,1742.00163
0.289736892,0.0101338132,0.000542323723,0.000521653441,-0.089561149,5.49543409,1741.79764
0.289774859,0.0112201325,0.000569435032,0.000617312465,-0.08942921,5.59575349,1741.6481
0.289784349,0.136367278,-0.000493609819,0.000713619118,-0.0683108254,10.4356851,1741.90091
0.289815557,0.0123845633,0.00059249198,0.000724473731,-0.0892896278,5.69912624,1741.49445
0.289825582,0.105786393,-0.000281930947,0.00281593263,-0.0755168024,8.63056323,1741.97931
0.289834156,0.0442136074,0.00027462785,0.00345436021,-0.0851455316,7.13844346,1739.46316
0.289834938,0.137615437,-0.00047737503,0.000614113071,-0.0680729049,10.5422253,1741.7939
0.289848498,0.075,-9.62373125e-05,0.0037704431,-0.08085422,7.7058593,1740.509
0.28985918,0.0136327222,0.000610818196,0.000843610477,-0.0891421416,5.8051918,1741.33771
0.289882133,0.138779867,-0.000458145109,0.000524369986,-0.0678459366,10.644281,1741.68279
0.289905941,0.0149706296,0.000623770919,0.000975010932,-0.0889865073,5.91349867,1741.1792
0.289926163,0.139866187,-0.000436285323,0.000444010126,-0.067629576,10.741839,1741.56953
0.289955923,0.109085956,-0.000303068433,0.00263412526,-0.0751208563,8.77547748,1742.15103
0.289956063,0.0164047389,0.000630765115,0.00111872001,-0.0888224991,6.02350203,1741.02049
0.289964435,0.0477504251,0.000207809103,0.00357692208,-0.0848070289,7.21613272,1739.56612
0.289967238,0.140879634,-0.000412178492,0.00037256858,-0.0674234858,10.8349212,1741.45577
0.290005559,0.141825099,-0.000386213994,0.000309519075,-0.0672273327,10.9235803,1741.34289
0.29000979,0.0179419674,0.000631298923,0.00127447651,-0.0886499107,6.1345656,1740.86348
0.290041308,0.14270714,-0.000358777722,0.000254295562,-0.0670407849,11.0078959,1741.23198
0.290055006,0.0803647536,-0.000124012402,0.00362925925,-0.0803058336,7.83997449,1740.8595
0.29006738,0.0195897299,0.000624980033,0.00144164862,-0.0884685548,6.2459698,1740.71039
0.29007466,0.143530013,-0.000330243201,0.000206311098,-0.0668635119,11.0879712,1741.12395
0.290077521,0.112164181,-0.000323888021,0.00245238242,-0.074748746,8.919878,1742.29667
0.290104082,0.0515415566,0.000144145671,0.00366705267,-0.0844511752,7.29318004,1739.71089
0.290105774,0.144297686,-0.000300963951,0.00016497377,-0.0666951844,11.1639272,1741.01946
0.290129111,0.0213559743,0.000611552305,0.00161916964,-0.0882782603,6.35692457,1740.56375
0.290134801,0.145013864,-0.000271267495,0.000129699364,-0.0665354747,11.2358993,1740.91902
0.290161881,0.145681998,-0.000241450837,9.99216558e-05,-0.0663840572,11.304033,1740.82296
0.290187145,0.146305314,-0.000211777458,7.50997783e-05,-0.0662406095,11.3684817,1740.73151
0.290190962,0.115035914,-0.000343836032,0.00227172312,-0.074397945,9.06347304,1742.41615
0.290195281,0.0232492201,0.000590921651,0.001805481,-0.0880788673,6.46659513,1740.42643
0.290210713,0.146886817,-0.000182476228,5.47200936e-05,-0.0661048128,11.429401,1740.64477
0.290232701,0.147429312,-0.000153740982,3.83022556e-05,-0.0659763524,11.4869458,1740.56277
0.290247661,0.0853696328,-0.000144594041,0.00347379376,-0.0797973773,7.97619303,1741.17854
0.290253214,0.147935415,-0.000125730841,2.54028972e-05,-0.0658549189,11.5412682,1740.48547
0.29025377,0.0556052884,8.53382171e-05,0.00372069476,-0.0840761448,7.37166618,1739.89707
0.290266208,0.0252785992,0.000563181399,0.0019984815,-0.0878702175,6.57412652,1740.30154
0.29027235,0.148407569,-9.85715517e-05,1.55991352e-05,-0.0657402081,11.5924448,1740.41276
0.290290203,0.14884805,-7.23599541e-05,8.53516995e-06,-0.0656319222,11.6406629,1740.34453
0.290296793,0.117715008,-0.000362340831,0.00209333105,-0.0740662341,9.20585636,1742.50948
0.290306859,0.149258983,-4.71680991e-05,3.75538181e-06,-0.0655297702,11.6855094,1740.28059
0.290322397,0.14964235,-2.30458367e-05,1.27610772e-06,-0.0654334686,11.7273053,1740.22077
0.290336893,0.15,0,0,-0.0653427009,11.7469575,1740.16485
0.290342236,0.0274539002,0.000528632344,0.00219550033,-0.0876521415,6.678696,1740.19246
0.290395525,0.120214384,-0.000378887103,0.0019184298,-0.0737517112,9.34666415,1742.57693
0.290414221,0.0599612217,3.29906851e-05,0.00373491522,-0.0836798972,7.45478451,1740.1229
0.29042373,0.0297856156,0.000487802485,0.00239328054,-0.0874244405,6.77954571,1740.10272
0.290427392,0.0900387783,-0.000161759679,0.00331033561,-0.0793263972,8.11499325,1741.46602
0.290487633,0.1225461,-0.000393026532,0.00174825493,-0.0734527778,9.4854999,1742.61922
0.290496585,0,0,0,-0.0912159276,4.47352162,1743.57537
0.290508356,0.000357650242,2.13145358e-05,1.39530679e-06,-0.0911731874,4.49601121,1743.52133
0.290511084,0.0322849924,0.000441453946,0.00258801366,-0.0871868628,6.87608185,1740.03592
0.290520973,0.000741017226,4.40581557e-05,4.0847005e-06,-0.0911274922,4.54351436,1743.46351
0.290534497,0.00115195011,6.82339617e-05,9.28665801e-06,-0.0910786677,4.59414003,1743.40169
0.290548994,0.00159243101,9.38244725e-05,1.69567786e-05,-0.0910265162,4.64845732,1743.33564
0.290564533,0.00206458457,0.000120782821,2.76047801e-05,-0.0909708306,4.70587745,1743.26513
0.290573563,0.124721401,-0.000404402104,0.0015839723,-0.0731681116,9.62199103,1742.63759
0.29058119,0.0025706882,0.00014902475,4.16177362e-05,-0.0909113944,4.76659921,1743.18993
0.290586209,0.0646303672,-1.20482728e-05,0.00370786768,-0.0832602935,7.54587334,1740.38525
0.290595067,0.0943947116,-0.000177516544,0.00314235224,-0.0788902142,8.25598542,1741.72359
0.290599044,0.00311318307,0.000178423292,5.94683547e-05,-0.0908479827,4.83066731,1743.10983
0.29060472,0.0349640862,0.000390584463,0.00277537961,-0.0869390759,6.96788032,1739.99558
0.290618182,0.00369468589,0.000208803498,8.16541542e-05,-0.0907803621,4.89820634,1743.02463
0.290638697,0.00431800152,0.000239937317,0.00010872346,-0.0907082918,4.96932706,1742.93413
0.290653729,0.12675078,-0.000412747426,0.00142663937,-0.0728966298,9.75576922,1742.63375
0.290660686,0.00498613648,0.000271540671,0.000141269,-0.0906315243,5.04413573,1742.83819
0.290684256,0.0057023135,0.000303271845,0.000179927654,-0.0905498072,5.12271636,1742.73672
0.290705088,0.0378358195,0.000336414755,0.00295068941,-0.0866806334,7.05484592,1739.98506
0.290709522,0.00646998704,0.000334732179,0.000225375454,-0.0904628839,5.20512603,1742.62965
0.290728517,0.128644026,-0.000417889618,0.00127716047,-0.0726374503,9.88649455,1742.60982
0.290736604,0.00729285993,0.000365469245,0.000278320472,-0.0903704963,5.29138725,1742.51703
0.290751494,0.0984584434,-0.000193102305,0.00297190399,-0.0784860061,8.39819962,1741.95338
0.290765633,0.00817490128,0.000394982704,0.000339488688,-0.0902723865,5.38147971,1742.39897
0.290770564,0.0696352464,-4.91418486e-05,0.00363877719,-0.0828152623,7.64889657,1740.67955
0.290796749,0.00912036556,0.000422732912,0.00040960644,-0.090168299,5.47532916,1742.27571
0.290798288,0.13041027,-0.00041974368,0.00113626611,-0.0723898526,10.0138532,1742.56819
0.290812673,0.040914044,0.000280347544,0.00310896805,-0.0864109405,7.13717077,1740.00729
0.290830103,0.0101338132,0.000448152121,0.000489375887,-0.090057984,5.57279755,1742.14761
0.290863379,0.132058033,-0.000418306454,0.00100449905,-0.0721532429,10.1375673,1742.51143
0.290865856,0.0112201325,0.00047065803,0.000579444058,-0.0899411999,5.67367293,1742.01521
0.290897428,0.102249575,-0.000208989623,0.00279991558,-0.0781108564,8.54134184,1742.15724
0.290904179,0.0123845633,0.000489669384,0.000680365131,-0.0898177162,5.7776604,1741.87921
0.290924104,0.133595261,-0.000413647734,0.000882213852,-0.071927123,10.2573973,1742.44214
0.290927994,0.0442136074,0.000223929965,0.0032452504,-0.0861292211,7.21562892,1740.06471
0.290945258,0.0136327222,0.000504623264,0.000792556147,-0.0896873168,5.88437456,1741.74055
0.290968175,0.075,-7.86587016e-05,0.00352880743,-0.0823429148,7.76906454,1741.00009
0.290980755,0.13502937,-0.000405900872,0.000769584041,-0.0717110649,10.3731445,1742.36285
0.29098929,0.0149706296,0.000514993655,0.000916246839,-0.0895498023,5.99333464,1741.60038
0.291033572,0.105786393,-0.00022521097,0.00262717325,-0.0777618574,8.68480519,1742.33644
0.291033606,0.136367278,-0.000395252882,0.000666616502,-0.0715046903,10.4846516,1742.27593
0.291036489,0.0164047389,0.00052031102,0.00105142464,-0.0894049925,6.10396301,1741.46012
0.291051607,0.0477504251,0.000168766858,0.00335470954,-0.0858344921,7.29129265,1740.15895
0.291082911,0.137615437,-0.000381934802,0.000573170393,-0.0713076551,10.5918034,1742.18358
0.291087081,0.0179419674,0.000520182482,0.00119777652,-0.0892527275,6.21558802,1741.32146
0.291128909,0.138779867,-0.000366212254,0.000488978951,-0.0711196377,10.6945249,1742.08773
0.291141311,0.0195897299,0.000514312564,0.00135463037,-0.0890928677,6.32745346,1741.18636
0.291160583,0.109085956,-0.000241539984,0.00245431259,-0.0774362167,8.82832428,1742.49167
0.291165786,0.0803647536,-0.000100676426,0.00338951908,-0.0818753215,7.90063174,1741.31805
0.291171821,0.139866187,-0.00034837636,0.000413672503,-0.0709403312,10.7927801,1741.99006
0.291184108,0.0515415566,0.000116465057,0.00343308354,-0.0855255535,7.36608657,1740.29076
0.291199441,0.0213559743,0.000502523685,0.00152089733,-0.088925292,6.43873225,1741.05709
0.291211855,0.140879634,-0.000328734978,0.000346801473,-0.0707694382,10.8865697,1741.89201
0.291249204,0.141825099,-0.000307604346,0.000287858352,-0.0706066675,10.9759273,1741.79477
0.291261751,0.0232492201,0.000484776009,0.00169502285,-0.088749894,6.54855462,1740.93619
0.291279075,0.112164181,-0.000257584429,0.0022821432,-0.077131345,8.97143514,1742.6232
0.291284047,0.14270714,-0.00028530116,0.000236297963,-0.0704517329,11.060917,1741.69929
0.291316552,0.143530013,-0.000262135282,0.000191555437,-0.0703043522,11.1416286,1741.60632
0.291326138,0.0556052884,6.84073994e-05,0.003476741,-0.0852010059,7.44216801,1740.45977
0.29132854,0.0252785992,0.00046118665,0.00187494255,-0.088566574,6.65603101,1740.82643
0.291346877,0.144297686,-0.000238403237,0.000153061579,-0.0701642478,11.2181736,1741.51646
0.291350141,0.0853696328,-0.000116795991,0.00323807012,-0.0814439757,8.03460384,1741.60723
0.291375168,0.145013864,-0.000214382642,0.000120255427,-0.0700311465,11.290681,1741.43011
0.291389618,0.115035914,-0.000272909534,0.00211155827,-0.0768449151,9.11385729,1742.7311
0.291400133,0.0274539002,0.000432043812,0.00205806458,-0.088375229,6.76031291,1740.73083
0.291401561,0.145681998,-0.00019032766,9.25940981e-05,-0.0699047803,11.3592936,1741.34757
0.291426184,0.146305314,-0.00016646527,6.95598618e-05,-0.0697848867,11.4241633,1741.26901
0.291449154,0.146886817,-0.00014299258,5.06650949e-05,-0.0696712093,11.4854487,1741.19451
0.291470585,0.147429312,-0.000120076719,3.54547654e-05,-0.0695634976,11.5433129,1741.12411
0.291476873,0.0297856156,0.00039782351,0.00224125957,-0.0881757372,6.86061923,1740.6525
0.291478379,0.0599612217,2.58824891e-05,0.00348312171,-0.0848593063,7.52275027,1740.66439
0.291490577,0.147935415,-9.78552142e-05,2.35119208e-05,-0.069461507,11.597925,1741.05775
0.291492745,0.117715008,-0.000287070223,0.00194360443,-0.0765748911,9.25519317,1742.8155
0.291509228,0.148407569,-7.64358599e-05,1.44382239e-05,-0.0693649991,11.6493395,1740.99535
0.291522129,0.0900387783,-0.000130137701,0.00308020316,-0.0810464595,8.17142987,1741.86757
0.291526628,0.14884805,-5.58987769e-05,7.90457374e-06,-0.0692737414,11.6977666,1740.93677
0.291542861,0.149258983,-3.62987111e-05,3.47065242e-06,-0.0691875071,11.7427641,1740.8819
0.291550569,0,0,0,-0.0915468786,4.55259837,1743.7334
0.291558005,0.14964235,-1.76689251e-05,1.19309692e-06,-0.0691060749,11.7848877,1740.83055
0.291559131,0.0322849924,0.000359190676,0.00242089911,-0.0879679392,6.95633782,1740.59467
0.29156146,0.000357650242,1.63634137e-05,1.29406195e-06,-0.0915091058,4.57498468,1743.6858
0.291572133,0.15,0,0,-0.0690291872,11.8048032,1740.78254
0.291573134,0.000741017226,3.40618838e-05,3.74716622e-06,-0.0914687257,4.62206231,1743.63485
0.291585647,0.00115195011,5.31096749e-05,8.53522542e-06,-0.0914255857,4.67208714,1743.58038
0.291588955,0.120214384,-0.00029967209,0.0017793601,-0.0763195323,9.39509969,1742.8768
0.29159906,0.00159243101,7.34962547e-05,1.55777729e-05,-0.0913795122,4.72585484,1743.52218
0.291613438,0.00206458457,9.51817516e-05,2.53638535e-05,-0.0913303234,4.78273869,1743.46004
0.29162885,0.0025706882,0.000118090091,3.824831e-05,-0.0912778296,4.84296839,1743.39377
0.291641567,0.0646303672,-1.04372732e-05,0.0034507515,-0.0844988813,7.61121932,1740.90177
0.291645369,0.00311318307,0.00014210413,5.46755873e-05,-0.0912218338,4.9065982,1743.32318
0.291647304,0.0349640862,0.000316998889,0.00259290101,-0.0877516141,7.04702954,1740.56048
0.291663077,0.00369468589,0.0001670606,7.5115549e-05,-0.0911621319,4.97376981,1743.24807
0.29167871,0.1225461,-0.000310372198,0.00161991574,-0.0760773787,9.53319034,1742.91575
0.291682057,0.00431800152,0.000192747443,0.00010008837,-0.0910985134,5.04460826,1743.16831
0.29168258,0.0943947116,-0.000142327101,0.00291906785,-0.0806801746,8.31059518,1742.10056
0.291702403,0.00498613648,0.000218902386,0.000130159157,-0.0910307628,5.11922999,1743.08375
0.291724211,0.0057023135,0.000245212922,0.000165936367,-0.0909586602,5.1977283,1742.99431
0.291741817,0.0378358195,0.000272276503,0.00275286436,-0.0875264528,7.13259808,1740.55291
0.291747588,0.00646998704,0.000271318561,0.000208066247,-0.0908819831,5.28016614,1742.89996
0.291762445,0.124721401,-0.00031890122,0.00146629567,-0.075847223,9.66910429,1742.93358
0.291772646,0.00729285993,0.000296815566,0.000257224644,-0.0908005078,5.36656792,1742.80071
0.291799505,0.00817490128,0.000321263712,0.000314101639,-0.0907140119,5.45691036,1742.69668
0.29181649,0.0696352464,-4.01034917e-05,0.00337920698,-0.0841182888,7.71160128,1741.16775
0.291828296,0.00912036556,0.000344195172,0.000379382959,-0.0906222761,5.55111097,1742.58808
0.291832268,0.0984584434,-0.000154365862,0.00275646825,-0.0803424273,8.45112349,1742.30814
0.291840563,0.12675078,-0.000325059147,0.00131942794,-0.0756280769,9.80247773,1742.93187
0.291843126,0.040914044,0.000226198651,0.00289616353,-0.0872920305,7.21326041,1740.57461
0.291859156,0.0101338132,0.000365125203,0.000453724734,-0.0905250867,5.64901794,1742.47524
0.291892236,0.0112201325,0.000383564269,0.0005377225,-0.0904222387,5.75040013,1742.35864
0.291913441,0.128644026,-0.00032871784,0.00118010188,-0.0754191347,9.93297143,1742.91257
0.291927695,0.0123845633,0.000399031333,0.00063187436,-0.090313538,5.85493854,1742.23891
0.291951719,0.0442136074,0.000180042154,0.00301821989,-0.0870477802,7.28980257,1740.62772
0.291965703,0.0136327222,0.000411068103,0.000736538589,-0.0901988048,5.96221911,1742.11687
0.291971915,0.102249575,-0.000166625943,0.00259319635,-0.0800304716,8.59268191,1742.49204
0.291981429,0.13041027,-0.000329815411,0.00104895151,-0.0752197385,10.0602671,1742.87784
0.29200399,0.075,-6.34870425e-05,0.00326973769,-0.0837163238,7.82914418,1741.45718
0.292006444,0.0149706296,0.000419253798,0.000851886632,-0.0900778759,6.07172898,1741.99356
0.292044857,0.132058033,-0.000328351601,0.000926442849,-0.0750293456,10.1840785,1742.82996
0.292050114,0.0164047389,0.000423220377,0.000977852294,-0.0899506066,6.182856,1741.87021
0.292068121,0.0477504251,0.000135117985,0.00311462633,-0.0867929746,7.36332762,1740.71372
0.292096925,0.0179419674,0.000422667923,0.00111407906,-0.0898168727,6.29489266,1741.74833
0.292102194,0.105786393,-0.000179129273,0.00242991397,-0.0797415976,8.73463958,1742.65346
0.292104031,0.133595261,-0.000324380825,0.000812874027,-0.0748475016,10.3041524,1742.77124
0.292147101,0.0195897299,0.000417380704,0.00125986791,-0.0896765704,6.40704678,1741.62966
0.292159234,0.13502937,-0.000318005203,0.00070838128,-0.0746738168,10.4202734,1742.70391
0.29219149,0.0803647536,-8.07019461e-05,0.00313375773,-0.0833205563,7.95828702,1741.744
0.292192893,0.0515415566,9.27344437e-05,0.00318154366,-0.0865267231,7.43579755,1740.83325
0.292200886,0.0213559743,0.000407242145,0.00141412645,-0.0895296153,6.51845617,1741.5162
0.292210735,0.136367278,-0.000309367438,0.000612951557,-0.0745079487,10.5322642,1742.63004
0.292223733,0.109085956,-0.000191696372,0.00226714865,-0.0794732235,8.87673639,1742.79312
0.292258537,0.0232492201,0.000392249949,0.00157532788,-0.0893759391,6.62821839,1741.41019
0.292258781,0.137615437,-0.000298644123,0.000526438922,-0.0743495875,10.639987,1742.55153
0.292303604,0.138779867,-0.000286039149,0.000448583479,-0.0741984461,10.7433433,1742.47005
0.292320335,0.0252785992,0.000372530618,0.00174147273,-0.0892154839,6.73541324,1741.3141
0.292326636,0.0556052884,5.3998359e-05,0.00321576218,-0.0862479933,7.50944,1740.98598
0.29233712,0.112164181,-0.000204017586,0.00210559759,-0.079222969,9.01852699,1742.91135
0.29234542,0.139866187,-0.000271777475,0.000379031482,-0.074054253,10.8422734,1742.38707
0.292366413,0.0853696328,-9.31381068e-05,0.00298767739,-0.0829575419,8.09013286,1742.00459
0.292384431,0.140879634,-0.000256099016,0.000317355609,-0.0739167475,10.9367544,1742.3038
0.292386575,0.0274539002,0.000348349283,0.00191008048,-0.0890481935,6.83917715,1741.23057
0.292420825,0.141825099,-0.000239252781,0.000263074556,-0.0737856773,11.0267984,1742.22126
0.2924429,0.115035914,-0.000215752281,0.00194603044,-0.0789887041,9.1597332,1743.00832
0.292454778,0.14270714,-0.00022149114,0.00021567139,-0.0736607968,11.1124494,1742.14026
0.292457579,0.0297856156,0.000320122041,0.00207818439,-0.0888740005,6.93870368,1741.16239
0.292469996,0.0599612217,1.9930037e-05,0.00321509184,-0.0859556691,7.58749311,1741.17045
0.292486453,0.143530013,-0.000203064334,0.000174610101,-0.0735418669,11.1937806,1742.06144
0.292516004,0.144297686,-0.000184215264,0.000139350076,-0.073428655,11.27089,1741.98529
0.292529601,0.0900387783,-0.000103345618,0.00283669167,-0.0826249311,8.22508156,1742.23893
0.292533688,0.0322849924,0.000288415412,0.00224237024,-0.0886928108,7.03336148,1741.11239
0.292541585,0.117715008,-0.000226555411,0.00178935732,-0.0787685708,9.29996549,1743.08428
0.292543572,0.145013864,-0.000165174629,0.000109358187,-0.0733209356,11.3438972,1741.91216
0.292547883,0,0,0,-0.0918600353,4.63111942,1743.88293
0.292557925,0.000357650242,1.21085187e-05,1.17853166e-06,-0.0918269368,4.65336941,1743.84133
0.292568688,0.000741017226,2.5471488e-05,3.36318798e-06,-0.091791558,4.69991646,1743.79681
0.292569291,0.145681998,-0.000146156599,8.41185734e-05,-0.0732184904,11.4129388,1741.84228
0.292580226,0.00115195011,4.01090893e-05,7.6821248e-06,-0.0917537668,4.74921908,1743.7492
0.292592593,0.00159243101,5.60121419e-05,1.40187726e-05,-0.0917134122,4.80233081,1743.69833
0.292593284,0.146305314,-0.000127355168,6.31398146e-05,-0.0731211088,11.4781648,1741.7758
0.29260585,0.00206458457,7.31423825e-05,2.2841899e-05,-0.0916703362,4.85858582,1743.64402
0.29261527,0.0349640862,0.000253945207,0.00239882589,-0.0885044843,7.12271446,1741.08337
0.292615668,0.146886817,-0.000108941298,4.59606859e-05,-0.0730285884,11.5397354,1741.71277
0.292620059,0.0025706882,9.14259822e-05,3.44745715e-05,-0.0916243744,4.91825182,1743.58609
0.292623664,0.0646303672,-8.95291216e-06,0.00317839868,-0.0856486604,7.67339008,1741.38409
0.292633649,0.120214384,-0.000236125549,0.00163651562,-0.0785609842,9.43890223,1743.13967
0.292635291,0.00311318307,0.000110750294,4.93346014e-05,-0.0915753559,4.98138597,1743.52438
0.292636551,0.147429312,-9.10610661e-05,3.215135e-05,-0.072940734,11.5978119,1741.65322
0.292651617,0.00369468589,0.00013095991,6.78640595e-05,-0.0915231041,5.04815029,1743.45873
0.292656032,0.147935415,-7.38351909e-05,2.13218058e-05,-0.072857358,11.6525704,1741.5971
0.292669118,0.00431800152,0.00015185573,9.0556203e-05,-0.0914674374,5.1186836,1743.389
0.292674207,0.148407569,-5.73592978e-05,1.30966461e-05,-0.0727782795,11.7040859,1741.54433
0.292681843,0.0943947116,-0.00011262175,0.00268361767,-0.0823202322,8.36250853,1742.44839
0.292687877,0.00498613648,0.000173195111,0.000117948292,-0.0914081698,5.19311262,1743.31508
0.292691163,0.14884805,-4.1702597e-05,7.18013509e-06,-0.0727033234,11.7526071,1741.4948
0.292702718,0.0378358195,0.00021756173,0.00254347229,-0.0883088124,7.20667986,1741.07797
0.292706981,0.149258983,-2.69110147e-05,3.14920622e-06,-0.0726323198,11.7976162,1741.44839
0.292707985,0.0057023135,0.000194693583,0.000150619301,-0.0913451123,5.27153738,1743.2369
0.292719538,0.1225461,-0.000244200937,0.00148845607,-0.078364616,9.5761635,1743.17528
0.292721738,0.14964235,-1.30142359e-05,1.10183295e-06,-0.0725651033,11.8399698,1741.40495
0.292729538,0.00646998704,0.00021602849,0.000189183527,-0.0912780742,5.35402365,1743.15442
0.292735505,0.15,0,0,-0.0725014714,11.8601347,1741.36433
0.292752642,0.00729285993,0.000236844746,0.000234280626,-0.0912068644,5.44059399,1743.06768
0.292777407,0.00817490128,0.000256761961,0.00028655953,-0.0911312937,5.53121769,1742.97678
0.292788382,0.0696352464,-3.23448658e-05,0.0031055513,-0.0853260582,7.77121013,1741.62314
0.292796454,0.040914044,0.000180232349,0.00267205776,-0.0881054955,7.28548735,1741.09854
0.292799666,0.124721401,-0.000250579386,0.00134606771,-0.0781783687,9.71140223,1743.19224
0.292803952,0.00912036556,0.000275382979,0.000346658962,-0.0910511763,5.62579928,1742.88192
0.292823872,0.0984584434,-0.000121767538,0.00253001154,-0.082040897,8.50141917,1742.63478
0.292832406,0.0101338132,0.000292303426,0.000415182056,-0.0909663329,5.72416832,1742.78337
0.292862907,0.0112201325,0.000307121872,0.000492666085,-0.0908765922,5.82607012,1742.68158
0.292874418,0.12675078,-0.000255110506,0.00121015598,-0.078001344,9.844261,1743.19206
0.2928956,0.0123845633,0.000319450491,0.000579547401,-0.0907817947,5.93115802,1742.57709
0.29289693,0.0442136074,0.000142991615,0.00278040631,-0.0878941228,7.35994807,1741.14698
0.292930644,0.0136327222,0.000328926235,0.000676121801,-0.0906817941,6.0389863,1742.47064
0.292944156,0.128644026,-0.0002576997,0.00108140192,-0.0778328091,9.97440179,1743.17649
0.292956373,0.102249575,-0.000131071899,0.00237652949,-0.0817843584,8.6414428,1742.79966
0.292964944,0.075,-5.05924968e-05,0.0029978856,-0.0849872339,7.88622521,1741.88292
0.292968208,0.0149706296,0.000335222067,0.000782501753,-0.0905764608,6.14900806,1742.36312
0.29300463,0.0477504251,0.00010689393,0.00286453754,-0.0876741594,7.43120781,1741.2246
0.293008473,0.0164047389,0.000338058503,0.00089857018,-0.0904656835,6.26057633,1742.25565
0.293009216,0.13041027,-0.000258302155,0.000960349491,-0.0776721653,10.1015041,1743.14747
0.293051633,0.0179419674,0.000337214374,0.00102393393,-0.090349371,6.37294835,1742.14954
0.293069911,0.132058033,-0.000256919318,0.000847394027,-0.0775189192,10.2252742,1743.10703
0.293079986,0.105786393,-0.000140550727,0.00222371136,-0.0815481062,8.78193767,1742.94419
0.293097897,0.0195897299,0.00033253919,0.00115787826,-0.0902274526,6.48529575,1742.04632
0.293120075,0.0515415566,7.29910859e-05,0.00292103065,-0.0874449468,7.50125322,1741.33197
0.293126535,0.133595261,-0.0002535932,0.000742782804,-0.0773726577,10.3454483,1743.05721
0.293141506,0.0803647536,-6.38371532e-05,0.00286654678,-0.0846556968,8.01304036,1742.14003
0.293147487,0.0213559743,0.000323963834,0.00129932259,-0.0900998778,6.5967249,1741.94775
0.29317936,0.13502937,-0.000248401326,0.000646619906,-0.0772330278,10.4617965,1742.99996
0.293195307,0.109085956,-0.000150061482,0.00207197752,-0.0813297656,8.92264197,1743.06909
0.293200643,0.0232492201,0.000311512039,0.00144678714,-0.0899666137,6.70630436,1741.85579
0.293228642,0.136367278,-0.00024145171,0.000558877179,-0.07709972,10.5741238,1742.93709
0.293243821,0.0556052884,4.21560606e-05,0.00294708007,-0.0872057279,7.57238434,1741.46878
0.293257621,0.0252785992,0.00029531084,0.00159836099,-0.0898276407,6.81309113,1741.77261
0.293274618,0.137615437,-0.000232878105,0.000479408497,-0.0769724561,10.6822723,1742.87025
0.293302892,0.112164181,-0.000159361858,0.001921912,-0.0811271589,9.06312134,1743.17474
0.293306224,0.0853696328,-7.32661388e-05,0.00272706996,-0.0843535984,8.14285648,1742.37335
0.29331751,0.138779867,-0.000222835407,0.000407965897,-0.0768509798,10.7861216,1742.80089
0.293318696,0.0274539002,0.000275597715,0.0017517002,-0.0896829453,6.91620013,1741.70053
0.293357525,0.139866187,-0.000211495526,0.00034421688,-0.0767350504,10.8855894,1742.73027
0.293376465,0.0599612217,1.51862069e-05,0.00294084118,-0.0869557034,7.64787032,1741.6337
0.293384162,0.0297856156,0.0002527278,0.00190402578,-0.0895325101,7.01480454,1741.64201
0.293394855,0.140879634,-0.000199043215,0.000287761967,-0.0766244386,10.9806303,1742.65944
0.293403261,0.115035914,-0.000168191234,0.00177416235,-0.0809383445,9.20311058,1743.26141
0.293429681,0.141825099,-0.000185672198,0.00023815175,-0.0765189238,11.0712346,1742.58926
0.293454337,0.0322849924,0.000227173297,0.00205216517,-0.0893763012,7.10827179,1741.59952
0.293459892,0.0900387783,-8.09313325e-05,0.00258410119,-0.0840786805,8.27601214,1742.58291
0.293462171,0.14270714,-0.000171581211,0.000194903126,-0.0764182933,11.1574264,1742.52043
0.293491575,0,0,0,-0.0921563546,4.70841024,1744.02441
0.293492482,0.143530013,-0.000156970127,0.000157514138,-0.0763223416,11.2392609,1742.45349
0.293496896,0.117715008,-0.000176285587,0.00162950516,-0.0807616339,9.34223101,1743.3294
0.293500614,0.000357650242,8.53994187e-06,1.05166061e-06,-0.0921275964,4.73047615,1743.9884
0.293510302,0.000741017226,1.82621485e-05,2.93942221e-06,-0.0920968595,4.77637556,1743.94984
0.293518646,0.0646303672,-7.52840113e-06,0.00290147421,-0.0866941356,7.73119192,1741.82443
0.293520688,0.00115195011,2.91872014e-05,6.73998532e-06,-0.0920640301,4.8248348,1743.90861
0.293520759,0.144297686,-0.000142036039,0.000125477274,-0.0762308707,11.3168216,1742.38883
0.293529557,0.0349640862,0.000199523768,0.0021926026,-0.0892142521,7.19617218,1741.57553
0.29353182,0.00159243101,4.13009629e-05,1.23044965e-05,-0.0920289776,4.87719509,1743.86454
0.293543752,0.00206458457,5.45628902e-05,2.00830965e-05,-0.0919915657,4.93273448,1743.81749
0.29354714,0.145013864,-0.000126969404,9.82908808e-05,-0.0761436904,11.3902169,1742.32677
0.293556543,0.0025706882,6.88976376e-05,3.03672945e-05,-0.0919516522,4.99176759,1743.76729
0.293570253,0.00311318307,8.41934212e-05,4.35514522e-05,-0.09190909,5.05435911,1743.71381
0.293571751,0.145681998,-0.000111950311,7.54687616e-05,-0.0760606195,11.459576,1742.26748
0.29358425,0.120214384,-0.000183417575,0.00148873959,-0.0805955893,9.48017813,1743.37921
0.293584949,0.00369468589,0.000100300554,6.00510131e-05,-0.0918637269,5.12069075,1743.65691
0.293594711,0.146305314,-9.7145027e-05,5.65473913e-05,-0.0759814856,11.5250444,1742.21109
0.293600701,0.00431800152,0.000117032125,8.03337545e-05,-0.0918154066,5.19091102,1743.59647
0.293603252,0.0943947116,-8.78525119e-05,0.00244012337,-0.0838285767,8.41177307,1742.76998
0.293610185,0.0378358195,0.000170469302,0.00232160552,-0.0890462463,7.27843689,1741.57235
0.29361613,0.146886817,-8.27029773e-05,4.10921702e-05,-0.0759061255,11.5867819,1742.15765
0.293617587,0.00498613648,0.0001341653,0.000104908667,-0.0917639694,5.26515484,1743.53239
0.293635686,0.0057023135,0.000151444596,0.000134323891,-0.0917092533,5.34352493,1743.46462
0.293636113,0.147429312,-6.87543315e-05,2.86983477e-05,-0.0758343856,11.6449496,1742.10716
0.293654755,0.147935415,-5.54083435e-05,1.90013394e-05,-0.0757661213,11.699736,1742.05957
0.293655087,0.00646998704,0.000168586668,0.000169159231,-0.0916510951,5.42608532,1743.39312
0.293665744,0.1225461,-0.000189391124,0.0013526796,-0.0804390071,9.61658145,1743.4116
0.293671051,0.0696352464,-2.57848488e-05,0.00282907292,-0.0864204944,7.82647111,1742.03759
0.293672147,0.148407569,-4.27522362e-05,1.16501211e-05,-0.0757011964,11.7512293,1742.01483
0.293675883,0.00729285993,0.00018528609,0.000210013874,-0.0915893315,5.51285163,1743.31794
0.293688372,0.14884805,-3.08513137e-05,6.38185656e-06,-0.0756394825,11.799699,1741.97282
0.293696611,0.040914044,0.000140789706,0.00243531174,-0.0888720992,7.3553029,1741.59204
0.293698174,0.00817490128,0.00020122232,0.000257490511,-0.0915238017,5.60378024,1743.23915
0.293703509,0.149258983,-1.97484651e-05,2.78532387e-06,-0.0755808585,11.8445071,1741.93345
0.29371763,0.14964235,-9.47031414e-06,9.90546788e-07,-0.0755252093,11.8868222,1741.8966
0.293722068,0.00912036556,0.000216067225,0.000312175338,-0.0914543482,5.69875719,1743.15693
0.293730804,0.15,0,0,-0.0754723858,11.9071005,1741.86212
0.293736995,0.0984584434,-9.46619492e-05,0.00229645615,-0.0836008958,8.54912225,1742.9362
0.293741772,0.124721401,-0.000194057068,0.00122208296,-0.0802908934,9.75110709,1743.42765
0.293747681,0.0101338132,0.000229493007,0.000374613407,-0.0913808195,5.79758815,1743.07155
0.293775134,0.0112201325,0.000241179948,0.00044528004,-0.0913030723,5.89999054,1742.98335
0.293789252,0.0442136074,0.000111311033,0.00252996233,-0.0886915435,7.42762326,1741.63627
0.293804562,0.0123845633,0.00025082465,0.000524548379,-0.0912209738,6.00558749,1742.89285
0.2938127,0.12675078,-0.000197304752,0.0010976355,-0.0801504343,9.88340083,1743.42874
0.293834415,0.075,-3.98899373e-05,0.00272502786,-0.0861345464,7.93898677,1742.26899
0.293836106,0.0136327222,0.000258147866,0.000612653204,-0.0911344042,6.11389948,1742.80066
0.293861767,0.102249575,-0.000101580542,0.00215362296,-0.0833932533,8.68765163,1743.08304
0.293869918,0.0149706296,0.00026290259,0.000709653881,-0.0910432587,6.22434482,1742.70759
0.293878869,0.128644026,-0.000199066749,0.000979912822,-0.0800169664,10.0131305,1743.41644
0.293888554,0.0477504251,8.286407e-05,0.00260200954,-0.0885042205,7.49659021,1741.70618
0.293906162,0.0164047389,0.000264883015,0.000815392237,-0.0909474499,6.33623959,1742.61459
0.2939406,0.13041027,-0.000199311467,0.000869371613,-0.0798899473,10.1399752,1743.39248
0.293945011,0.0179419674,0.000263930616,0.000929452348,-0.0908469092,6.44880806,1742.52281
0.293978169,0.105786393,-0.000108619945,0.00201204735,-0.0832033378,8.82671589,1743.21159
0.293986654,0.0195897299,0.000259944592,0.00105112274,-0.0907415878,6.56118825,1742.43358
0.293994996,0.0515415566,5.62735431e-05,0.00264844644,-0.0883096853,7.5642116,1741.80224
0.293997778,0.0803647536,-4.99942417e-05,0.002600045,-0.0858563386,8.06352597,1742.49778
0.29399819,0.132058033,-0.000198042236,0.00076633863,-0.0797689306,10.2636362,1743.35867
0.294031291,0.0213559743,0.000252889615,0.00117935732,-0.0906314559,6.67246004,1742.34842
0.294051917,0.133595261,-0.000195291858,0.000671012372,-0.079653543,10.3838404,1743.31678
0.294079138,0.0232492201,0.000242802027,0.00131274969,-0.0905165014,6.78166824,1742.26906
0.294086762,0.109085956,-0.000115669257,0.0018720482,-0.0830289767,8.96605283,1743.32256
0.29410204,0.13502937,-0.000191118569,0.000583466245,-0.0795434664,10.5003453,1743.26852
0.294109092,0.0556052884,3.22160312e-05,0.0026668622,-0.0881074333,7.63285805,1741.92415
0.294130425,0.0252785992,0.000229799567,0.00144950664,-0.0903967263,6.88784448,1742.19737
0.2941488,0.136367278,-0.000185603141,0.000503658332,-0.0794384236,10.6129406,1743.21545
0.294150183,0.0853696328,-5.70907067e-05,0.00246864464,-0.0856043881,8.19137408,1742.70518
0.2941854,0.0274539002,0.000214085777,0.00158744952,-0.090272141,6.99008406,1742.13539
0.294188071,0.112164181,-0.000122541387,0.00173410024,-0.0828681873,9.1052335,1743.41638
0.294192424,0.137615437,-0.000178845407,0.000431444149,-0.0793381662,10.7214502,1743.15901
0.294231392,0.0599612217,1.13011472e-05,0.00265574012,-0.0878969561,7.70583486,1742.07072
0.294233121,0.138779867,-0.000170960785,0.000366589842,-0.0792424673,10.8257343,1743.10045
0.294244328,0.0297856156,0.000195953725,0.00172401609,-0.0901427561,7.08755633,1742.08523
0.294271088,0.139866187,-0.000162077892,0.000308786924,-0.0791511151,10.9256892,1743.04082
0.294282584,0.115035914,-0.000129040082,0.00159873315,-0.0827192087,9.24400741,1743.49336
0.294292365,0.0900387783,-6.28098854e-05,0.00233493788,-0.0853765775,8.32277457,1742.89126
0.294306509,0.140879634,-0.000152335739,0.000257667197,-0.079063909,11.0212478,1742.98104
0.294307494,0.0322849924,0.000175785777,0.00185630513,-0.090008572,7.17963615,1742.04906
0.294339553,0.141825099,-0.00014188139,0.000212817212,-0.0789806577,11.1123788,1742.92184
0.294362485,0.0646303672,-6.18728418e-06,0.00261450583,-0.0876778391,7.78666845,1742.23987
0.29437038,0.14270714,-0.000130867418,0.000173792248,-0.0789011773,11.1990852,1742.8638
0.294370757,0.117715008,-0.000134966966,0.0014665956,-0.0825805134,9.38200851,1743.55386
0.294375201,0.0349640862,0.000154054517,0.00198112186,-0.0898695656,7.26589235,1742.02903
0.294384528,0,0,0,-0.0924367417,4.78379964,1744.15828
0.294392581,0.000357650242,5.63198144e-06,9.2014613e-07,-0.0924120615,4.80562727,1744.12748
0.29439914,0.143530013,-0.000119449445,0.000140129175,-0.0788252915,11.2814033,1742.80739
0.294401213,0.000741017226,1.23791018e-05,2.4832341e-06,-0.0923856858,4.85077387,1744.09449
0.294410466,0.00115195011,2.02499972e-05,5.722027e-06,-0.0923575176,4.89831209,1744.05921
0.294420384,0.00159243101,2.92221219e-05,1.0461609e-05,-0.0923274457,4.94988119,1744.02149
0.294425009,0.0943947116,-6.79440793e-05,0.00220108614,-0.0851707046,8.45690373,1743.05719
0.294425971,0.144297686,-0.000107783505,0.000111358259,-0.0787528314,11.3593995,1742.75292
0.294431015,0.00206458457,3.92479293e-05,1.71343887e-05,-0.0922953537,5.00468763,1743.98121
0.294442411,0.0025706882,5.0247601e-05,2.60016287e-05,-0.0922611207,5.063083,1743.93823
0.294447776,0.0378358195,0.000131306947,0.00209509864,-0.0897256769,7.34627576,1742.02716
0.294451001,0.145013864,-9.60233084e-05,8.70135112e-05,-0.0786836362,11.4331679,1742.70066
0.294453015,0.120214384,-0.000140154503,0.00133835405,-0.0824508028,9.51894745,1743.5984
0.294454626,0.00311318307,6.21089601e-05,3.74350084e-05,-0.0922246214,5.12515072,1743.89243
0.29446772,0.00369468589,7.46879373e-05,5.18249327e-05,-0.0921857266,5.19108971,1743.8437
0.294474353,0.145681998,-8.43173956e-05,6.66417502e-05,-0.0786175539,11.5028273,1742.65075
0.294481755,0.00431800152,8.78106135e-05,6.96130919e-05,-0.0921443036,5.26105511,1743.79194
0.294496138,0.146305314,-7.28062504e-05,4.98095972e-05,-0.0785544419,11.5685157,1742.6033
0.294496799,0.00498613648,0.000101275605,9.12781855e-05,-0.0921002172,5.33518599,1743.73706
0.294503006,0.0696352464,-2.01238143e-05,0.0025434381,-0.0874498991,7.87951856,1742.42858
0.294512925,0.0057023135,0.000114858313,0.000117334139,-0.0920533304,5.41358302,1743.67901
0.294516462,0.146886817,-6.1619495e-05,3.61101692e-05,-0.0784941675,11.6303903,1742.55833
0.29452557,0.040914044,0.000108155187,0.00219477291,-0.0895767936,7.42104549,1742.04523
0.294529755,0.1225461,-0.000144458904,0.00121469102,-0.0823289912,9.65446765,1743.62773
0.29453021,0.00646998704,0.000128316294,0.000148320818,-0.0920035055,5.49630327,1743.61777
0.294535422,0.147429312,-5.0873203e-05,2.51640099e-05,-0.0784366082,11.6886114,1742.51585
0.294548739,0.00729285993,0.000141394621,0.00018479057,-0.0919506055,5.58334979,1743.55339
0.294548755,0.0984584434,-7.29878844e-05,0.00206819306,-0.084984564,8.59271911,1743.20445
0.294553111,0.147935415,-4.06678348e-05,1.66312981e-05,-0.078381652,11.7433717,1742.47581
0.294568599,0.00817490128,0.000153831988,0.000227292551,-0.0918944953,5.67466114,1743.48592
0.294569613,0.148407569,-3.10862128e-05,1.0181307e-05,-0.0783291965,11.7947466,1742.43815
0.294585008,0.14884805,-2.21934738e-05,5.58034046e-06,-0.0782791479,11.8430807,1742.40279
0.294589888,0.00912036556,0.000165366506,0.000276353143,-0.0918350437,5.77010018,1743.41553
0.29459937,0.149258983,-1.403331e-05,2.42877375e-06,-0.0782314202,11.88764,1742.36964
0.294601348,0.124721401,-0.000147772732,0.00109623877,-0.0822141825,9.7882473,1743.64285
0.294608958,0.0442136074,8.5248346e-05,0.00227680644,-0.0894227407,7.49108812,1742.08469
0.294612708,0.0101338132,0.000175741586,0.000332452944,-0.0917721251,5.86944384,1743.34244
0.294612769,0.14964235,-6.63825541e-06,8.8881635e-07,-0.0781859326,11.9299127,1742.33859
0.294625269,0.15,0,0,-0.0781425686,11.9503242,1742.30952
0.294637168,0.0112201325,0.000184711618,0.000396001207,-0.0917056214,5.97237991,1743.26696
0.29465363,0.075,-3.07716858e-05,0.00244396304,-0.0872132663,7.98966143,1742.63314
0.294663387,0.0123845633,0.000192048031,0.000467305855,-0.0916354245,6.07849624,1743.18953
0.294664199,0.102249575,-7.81087619e-05,0.00193666126,-0.0848159741,8.72977962,1743.33439
0.294668137,0.12675078,-0.000150017179,0.000983568238,-0.0821056431,9.91993682,1743.645
0.294691491,0.0136327222,0.000197543269,0.000546541009,-0.0915614384,6.18727814,1743.1107
0.294698342,0.0477504251,6.32257629e-05,0.00233807498,-0.0892632748,7.55763972,1742.14654
0.294721617,0.0149706296,0.000201017421,0.000633718151,-0.0914835808,6.29811421,1743.03113
0.294730447,0.128644026,-0.000151146015,0.000877154175,-0.0820027751,10.0492098,1743.63559
0.294753908,0.0164047389,0.000202325393,0.000728646415,-0.0914017857,6.41027812,1742.95166
0.2947719,0.105786393,-8.33146832e-05,0.00180681172,-0.0846628332,8.86743581,1743.44802
0.294788521,0.0179419674,0.000201359101,0.000830897913,-0.0913160045,6.52296821,1742.87328
0.294788577,0.13041027,-0.000151138584,0.000777369185,-0.08190509,10.1757427,1743.61616
0.294794153,0.0515415566,4.27194474e-05,0.00237596503,-0.0890980908,7.62274886,1742.23118
0.294804254,0.0803647536,-3.8279251e-05,0.00232625734,-0.0869847583,8.1120503,1742.83508
0.294825624,0.0195897299,0.00019805459,0.000939780603,-0.0912262071,6.63529853,1742.79714
0.294842807,0.132058033,-0.000149999869,0.000684473741,-0.0818121861,10.2992387,1743.58829
0.294865394,0.0213559743,0.000192399477,0.00105430111,-0.0911323817,6.74631317,1742.72454
0.294872376,0.109085956,-8.85196526e-05,0.00167887489,-0.0845231756,9.0054249,1743.54603
0.294893399,0.133595261,-0.000147755483,0.000598619914,-0.0817237286,10.4194182,1743.5535
0.294896853,0.0556052884,2.42485933e-05,0.0023884296,-0.0889268484,7.68884813,1742.33833
0.294908023,0.0232492201,0.000184435796,0.00117314567,-0.0910345337,6.85503862,1742.65697
0.294940598,0.13502937,-0.000144448995,0.000519851623,-0.0816394331,10.5360246,1743.51329
0.294944774,0.0853696328,-4.3463372e-05,0.00220375079,-0.0867795082,8.23804809,1743.01788
0.294953718,0.0252785992,0.000174266789,0.00129466016,-0.090932683,6.96048641,1742.59604
0.294966112,0.112164181,-9.35802019e-05,0.0015532293,-0.0843952146,9.14332348,1743.62885
0.29498463,0.136367278,-0.000140140167,0.000448113677,-0.081559053,10.6488352,1743.46901
0.295002699,0.0274539002,0.000162060623,0.00141685314,-0.0908268595,7.06174285,1742.5435
0.295006938,0.0599612217,8.27096993e-06,0.00237423816,-0.0887492241,7.75927828,1742.46693
0.295025709,0.137615437,-0.000134902277,0.000383264077,-0.0814823692,10.7576598,1743.42188
0.29505356,0.115035914,-9.83490246e-05,0.00143030123,-0.0842773676,9.28089415,1743.69683
0.295055201,0.0297856156,0.000148052159,0.00153740131,-0.0907170969,7.15797779,1742.50118
0.295064032,0.138779867,-0.000128819397,0.00032508393,-0.0814091827,10.8623399,1743.37296
0.295075868,0.0900387783,-4.75955925e-05,0.00208002764,-0.0865955356,8.36779586,1743.18168
0.295099785,0.139866187,-0.000121985582,0.000273289906,-0.0813393093,10.9627522,1743.32316
0.295111479,0.0322849924,0.000132543359,0.00165369427,-0.0906034238,7.24856784,1742.47093
0.295124938,0.0646303672,-5.01068145e-06,0.00233302824,-0.0885650009,7.83760672,1742.61514
0.295133139,0.140879634,-0.000114502664,0.000227546888,-0.0812725756,11.0588087,1743.27325
0.295135142,0.117715008,-0.000102677369,0.00131062725,-0.0841682646,9.41778202,1743.75035
0.295164255,0.141825099,-0.000106479135,0.000187479827,-0.0812088174,11.1504568,1743.22384
0.295171803,0.0349640862,0.000115902278,0.00176287455,-0.0904858537,7.33309048,1742.45461
0.295193284,0.14270714,-9.80286146e-05,0.000152685564,-0.0811478775,11.2376783,1743.17543
0.295198167,0.0943947116,-5.12751844e-05,0.00195693661,-0.0864307977,8.50038281,1743.32755
0.295211251,0.120214384,-0.000106442093,0.00119475802,-0.0840667426,9.55371187,1743.78992
0.295220366,0.143530013,-8.92685499e-05,0.000122743519,-0.081089606,11.320489,1743.12839
0.295229469,0,0,0,-0.0927020532,4.85697468,1744.28495
0.29523653,0.000357650242,3.36544525e-06,8.08457515e-07,-0.0926811974,4.87822519,1744.259
0.295236465,0.0378358195,9.85510138e-05,0.0018619518,-0.0903643736,7.41151912,1742.45395
0.295244099,0.000741017226,7.76530352e-06,1.99741059e-06,-0.0926589109,4.92242605,1744.23121
0.295245632,0.144297686,-8.03186544e-05,9.72258162e-05,-0.0810338596,11.3989363,1743.08301
0.295251423,0.0696352464,-1.55212215e-05,0.00226519959,-0.0883741928,7.92802498,1742.78031
0.295252212,0.00115195011,1.31928808e-05,4.6374576e-06,-0.0926351127,4.96917977,1744.20147
0.295260908,0.00159243101,1.96191443e-05,8.52917823e-06,-0.0926097092,5.0199082,1744.16968
0.295269202,0.145013864,-7.12992548e-05,7.57062091e-05,-0.0809805026,11.4730974,1743.03948
0.29527023,0.00206458457,2.69854421e-05,1.40601357e-05,-0.0925826029,5.07398783,1744.13571
0.295280222,0.0025706882,3.52067784e-05,2.14766604e-05,-0.0925536925,5.13177544,1744.09947
0.295282255,0.1225461,-0.000109537659,0.00108326156,-0.0839718298,9.68833794,1743.81623
0.295290933,0.00311318307,4.41716924e-05,3.11258462e-05,-0.0925228729,5.1933776,1744.06084
0.295291191,0.145681998,-6.23294404e-05,5.77682621e-05,-0.0809294069,11.5430771,1742.99793
0.295302413,0.00369468589,5.37440191e-05,4.33743784e-05,-0.0924900361,5.25900138,1744.01973
0.295305777,0.040914044,8.09576659e-05,0.00194787053,-0.0902389332,7.48414334,1742.47047
0.295311706,0.146305314,-5.35249625e-05,4.30117643e-05,-0.0808804535,11.6090023,1742.95842
0.295312263,0.0984584434,-5.48806298e-05,0.00183537952,-0.0862832681,8.6347396,1743.45683
0.29531472,0.00431800152,6.37653466e-05,5.86350373e-05,-0.0924550714,5.32880598,1743.97606
0.295327911,0.00498613648,7.40585993e-05,7.73527585e-05,-0.0924178661,5.40292829,1743.92976
0.295330844,0.146886817,-4.49959894e-05,3.1059636e-05,-0.0808335329,11.6710238,1742.921
0.29534205,0.0057023135,8.44329147e-05,0.000100002229,-0.0923783063,5.48146191,1743.88079
0.295348495,0.124721401,-0.00011188714,0.000976661176,-0.0838827246,9.82134901,1743.83023
0.295348698,0.147429312,-3.68446064e-05,2.15584112e-05,-0.0807885459,11.7292962,1742.88564
0.295357206,0.00646998704,9.46883444e-05,0.000127076283,-0.0923362776,5.56445169,1743.82913
0.295365355,0.147935415,-2.91626297e-05,1.41927735e-05,-0.080745404,11.7840227,1742.85231
0.295373453,0.00729285993,0.000104620715,0.000159073472,-0.0922916668,5.65188268,1743.77482
0.295380072,0.0442136074,6.36187371e-05,0.00201771272,-0.0901094362,7.55187394,1742.50543
0.295380894,0.148407569,-2.20287091e-05,8.65234849e-06,-0.0807040297,11.8352838,1742.82096
0.295387003,0.075,-2.34794333e-05,0.00217216265,-0.0881771172,8.03579857,1742.95916
0.295390867,0.00817490128,0.000114026,0.000196481968,-0.0922443625,5.7436675,1743.71792
0.295395391,0.14884805,-1.55071163e-05,4.73390839e-06,-0.0806643562,11.8834697,1742.79151
0.295408915,0.149258983,-9.64348377e-06,2.05034649e-06,-0.0806263267,11.92768,1742.76388
0.295409533,0.00912036556,0.000122703641,0.000239761256,-0.0921942572,5.83964001,1743.65856
0.295410292,0.12675078,-0.000113434403,0.000875428756,-0.0837987708,9.95240281,1743.833
0.295418705,0.102249575,-5.85357899e-05,0.00171564724,-0.0861509587,8.77039537,1743.57075
0.295421532,0.14964235,-4.47428653e-06,7.81894631e-07,-0.0805898941,11.9697199,1742.73799
0.295429542,0.0101338132,0.000130461138,0.000289322745,-0.0921412485,5.93954805,1743.59694
0.295433303,0.15,0,0,-0.0805549833,11.9901584,1742.71373
0.295450989,0.0112201325,0.000137118016,0.000345508231,-0.0920852411,6.04304983,1743.53333
0.295459709,0.0477504251,4.70118448e-05,0.00206877105,-0.0899757383,7.61600382,1742.55967
0.295467944,0.128644026,-0.00011414777,0.000779952809,-0.0837194338,10.0811772,1743.82583
0.295473978,0.0123845633,0.0001425094,0.000408560784,-0.0920261486,6.14968794,1743.46809
0.295498621,0.0136327222,0.00014648836,0.000478597259,-0.0919638957,6.25891911,1743.40169
0.295518007,0.105786393,-6.22459604e-05,0.00159796707,-0.0860319669,8.90669708,1743.67027
0.295521729,0.13041027,-0.000114014124,0.000690534767,-0.0836442771,10.2073465,1743.81003
0.295522583,0.0803647536,-2.90191318e-05,0.00206339121,-0.0879879262,8.15603642,1743.13555
0.295525035,0.0149706296,0.000148929426,0.000555589044,-0.0918984198,6.37010786,1743.3347
0.295545073,0.0515415566,3.16095775e-05,0.00209881255,-0.0898376549,7.67862733,1742.63351
0.295553349,0.0164047389,0.000149733491,0.000639323953,-0.0918296728,6.48248567,1743.26784
0.295571905,0.132058033,-0.000113038656,0.000607379313,-0.0835729418,10.3306116,1743.787
0.295583699,0.0179419674,0.000148831614,0.000729376453,-0.0917576225,6.59522428,1743.20194
0.295610648,0.109085956,-6.59462764e-05,0.00148248846,-0.0859245231,9.04338224,1743.75602
0.295616231,0.0195897299,0.00014618706,0.000825089676,-0.0916822539,6.70741218,1743.13796
0.295618716,0.133595261,-0.000111241031,0.000530600131,-0.08350513,10.4506917,1743.75807
0.295636575,0.0556052884,1.78007936e-05,0.00210613122,-0.0896949869,7.74221738,1742.72669
0.295649069,0.0853696328,-3.27913496e-05,0.00195110954,-0.0878191006,8.28018294,1743.29508
0.295651102,0.0213559743,0.000141800389,0.000925541672,-0.0916035689,6.81806601,1743.07704
0.295662386,0.13502937,-0.000108653765,0.000460218252,-0.0834405891,10.5673184,1743.72451
0.29568848,0.0232492201,0.000135713573,0.0010295311,-0.0915215857,6.92619482,1743.02041
0.295697074,0.112164181,-6.95298893e-05,0.00136949965,-0.0858270249,9.18003467,1743.82848
0.295703127,0.136367278,-0.000105321244,0.000396169875,-0.0833791013,10.6802584,1743.6875
0.295728547,0.0252785992,0.000128012306,0.00113556338,-0.091436337,7.03080202,1742.96946
0.295734656,0.0599612217,5.91885349e-06,0.00208975614,-0.0895475688,7.81016194,1742.83829
0.295741135,0.137615437,-0.000101296984,0.000338318497,-0.0833204743,10.7893112,1743.64807
0.295767069,0.0900387783,-3.5773133e-05,0.00183840615,-0.0876688442,8.40827473,1743.43788
0.295771494,0.0274539002,0.00011882992,0.00124185516,-0.0913478664,7.13096552,1742.92565
0.295776594,0.138779867,-9.66418973e-05,0.00028646183,-0.0832645344,10.8942995,1743.60714
0.295777703,0.115035914,-7.28896109e-05,0.00125932912,-0.0857380577,9.31642989,1743.88799
0.295809673,0.139866187,-9.14243407e-05,0.000240342571,-0.0832111218,10.9950842,1743.56548
0.295817529,0.0297856156,0.000108348386,0.00134634085,-0.0912562235,7.22585548,1742.89055
0.29583979,0.0646303672,-3.89702951e-06,0.00204950269,-0.0893953502,7.88606579,1742.96669
0.295840534,0.140879634,-8.5718104e-05,0.000199659176,-0.0831600874,11.0915591,1743.52373
0.295852923,0.117715008,-7.59175483e-05,0.00115240632,-0.0856563996,9.45222489,1743.93494
0.295866874,0.0322849924,9.67976887e-05,0.00144671668,-0.091161457,7.31485526,1742.86572
0.295869325,0.141825099,-7.96024455e-05,0.000164075273,-0.08311129,11.1836526,1743.48243
0.295877154,0.0943947116,-3.84120983e-05,0.00172684382,-0.0875353129,8.53931752,1743.56493
0.295896184,0.14270714,-7.31609297e-05,0.000133229793,-0.0830645953,11.2713268,1743.44197
0.295919768,0.0349640862,8.44547428e-05,0.00154047535,-0.091063607,7.39755775,1742.85272
0.295921242,0.143530013,-6.64809276e-05,0.000106745573,-0.0830198752,11.3545782,1743.40267
0.295923097,0.120214384,-7.85266322e-05,0.00104917096,-0.0855810148,9.58715925,1743.96985
0.295944618,0.144297686,-5.96528193e-05,8.42378529e-05,-0.0829770074,11.4334357,1743.36478
0.295952483,0.0696352464,-1.16075388e-05,0.00198585451,-0.089238508,7.9741353,1743.10958
0.295966427,0.145013864,-5.27691741e-05,6.53216864e-05,-0.0829358756,11.5079594,1743.32844
0.295976465,0.0378358195,7.16348952e-05,0.00162501155,-0.0909626961,7.47396005,1742.85303
0.295979854,0.0984584434,-4.09948103e-05,0.00161714928,-0.0874166877,8.67221354,1743.67743
0.295986772,0.145681998,-4.59237775e-05,4.96190599e-05,-0.0828963701,11.5782386,1743.29376
0.295988563,0.1225461,-8.06424582e-05,0.000950080623,-0.0855110388,9.72089768,1743.99336
0.296005753,0.146305314,-3.92103169e-05,3.67644428e-05,-0.0828583887,11.6443878,1743.26081
0.296023461,0.146886817,-3.27208787e-05,2.64115073e-05,-0.082821837,11.7065492,1743.22959
0.29602898,0,0,0,-0.0929530998,4.92699689,1744.4048
0.296034986,0.000357650242,1.69109433e-06,6.98669709e-07,-0.0929358115,4.9474243,1744.38337
0.296037238,0.040914044,5.86848338e-05,0.00169767964,-0.0908587213,7.54438371,1742.86793
0.29603998,0.147429312,-2.65438934e-05,1.82334554e-05,-0.08278663,11.7648711,1743.20009
0.296041423,0.000741017226,4.31679917e-06,1.4747535e-06,-0.0929173385,4.9906617,1744.36042
0.296048323,0.00115195011,7.86198541e-06,3.50948396e-06,-0.092897614,5.0368394,1744.33584
0.296049638,0.124721401,-8.2212599e-05,0.000855553314,-0.0854457588,9.85314,1744.00631
0.296055392,0.147935415,-2.07621611e-05,1.19381901e-05,-0.0827526932,11.8195565,1743.17227
0.296055719,0.00159243101,1.22803832e-05,6.5601334e-06,-0.0928765609,5.08669418,1744.30956
0.296063647,0.00206458457,1.75059779e-05,1.0946062e-05,-0.0928540986,5.14010553,1744.28147
0.296069769,0.148407569,-1.54499479e-05,7.23662088e-06,-0.0827199628,11.8706819,1743.1461
0.296072145,0.0025706882,2.34504418e-05,1.69184327e-05,-0.0928301435,5.19737201,1744.25149
0.296073279,0.075,-1.73873403e-05,0.00190017605,-0.0890775101,8.07964224,1743.2641
0.296075665,0.102249575,-4.36119031e-05,0.00150952075,-0.0873111939,8.80646515,1743.77647
0.296081255,0.00311318307,3.00058053e-05,2.4797427e-05,-0.0928046093,5.25861991,1744.21953
0.296083183,0.14884805,-1.06725352e-05,3.9398183e-06,-0.0826883868,11.9186597,1743.1215
0.296091019,0.00369468589,3.70477445e-05,3.49244371e-05,-0.092777407,5.3240529,1744.18552
0.296095696,0.149258983,-6.48092288e-06,1.69679236e-06,-0.0826579247,11.9626937,1743.0984
0.296101485,0.00431800152,4.44380348e-05,4.76786485e-05,-0.0927484456,5.39383106,1744.14937
0.296102382,0.0442136074,4.59699116e-05,0.0017559753,-0.0907516479,7.60976792,1742.89847
0.296106617,0.12675078,-8.31993116e-05,0.000765964634,-0.0853845917,9.98355035,1744.0097
0.29610737,0.14964235,-2.91731521e-06,7.06859868e-07,-0.0826285463,12.0044026,1743.07674
0.296112704,0.00498613648,5.20275518e-05,6.3466312e-05,-0.0927176325,5.468083,1744.11105
0.296118261,0.15,0,0,-0.0826001945,12.0245869,1743.05641
0.29612473,0.0057023135,5.96611152e-05,8.27158472e-05,-0.0926848743,5.54688936,1744.07051
0.29613762,0.00646998704,6.71820903e-05,0.000105865803,-0.0926500775,5.63027626,1744.02776
0.296151437,0.00729285993,7.44354187e-05,0.000133353969,-0.0926131495,5.71820493,1743.9828
0.296159772,0.128644026,-8.35829113e-05,0.000681618799,-0.0853270624,10.1118135,1744.00462
0.296165049,0.105786393,-4.62666906e-05,0.00140411049,-0.0872171407,8.94141536,1743.86292
0.296166247,0.00817490128,8.12704667e-05,0.0001656009,-0.0925739996,5.81055005,1743.93571
0.29617221,0.0477504251,3.38384124e-05,0.00179759741,-0.0906414096,7.6714664,1742.94535
0.296182123,0.00912036556,8.75425501e-05,0.00020299396,-0.0925325406,5.90711807,1743.88658
0.296194076,0.0803647536,-2.13530165e-05,0.00180115301,-0.0889240651,8.19785841,1743.41631
0.29619914,0.0101338132,9.31146238e-05,0.000245874801,-0.0924886897,6.00763366,1743.8356
0.296209363,0.13041027,-8.33562748e-05,0.000602747703,-0.0852727837,10.2376069,1743.99224
0.296217381,0.0112201325,9.78605388e-05,0.000294518664,-0.0924423704,6.11171235,1743.78297
0.296236933,0.0123845633,0.000101666616,0.000349107942,-0.092393514,6.21886357,1743.729
0.296247058,0.0515415566,2.2632905e-05,0.00182067573,-0.0905279171,7.73161721,1743.00884
0.296248436,0.109085956,-4.89103163e-05,0.00130100479,-0.087132961,9.07680157,1743.93736
0.296255626,0.132058033,-8.25249562e-05,0.000529501387,-0.085221438,10.3606273,1743.97375
0.296257891,0.0136327222,0.000104434459,0.000409712371,-0.0923420614,6.32851465,1743.67409
0.296280357,0.0149706296,0.000106081967,0.00047627291,-0.0922879644,6.43999405,1743.6187
0.296298786,0.133595261,-8.11042333e-05,0.00046195446,-0.0851727621,10.4805893,1743.95029
0.296304437,0.0164047389,0.000106544029,0.000548569948,-0.0922311878,6.55250958,1743.56344
0.296306769,0.0853696328,-2.40106424e-05,0.0016997517,-0.0887882477,8.32026581,1743.55382
0.296326231,0.112164181,-5.14633542e-05,0.00120041986,-0.0870572399,9.21221437,1744.00025
0.296327289,0.0556052884,1.26316055e-05,0.00182381675,-0.0904110824,7.7927282,1743.08869
0.296330249,0.0179419674,0.000105778842,0.000626199039,-0.09217171,6.66520092,1743.50899
0.296339051,0.13502937,-7.9119056e-05,0.000400104011,-0.0851265345,10.5972171,1743.92295
0.296357917,0.0195897299,0.000103767897,0.000708555795,-0.0921095244,6.77712963,1743.45617
0.296376615,0.136367278,-7.66018886e-05,0.000343877181,-0.0850825653,10.7102728,1743.89271
0.296387575,0.0213559743,0.000100518032,0.000794809902,-0.0920446395,6.88730196,1743.4059
0.296398806,0.115035914,-5.38476587e-05,0.00110260628,-0.0869887306,9.34744012,1744.05192
0.296411659,0.137615437,-7.3589856e-05,0.000293141461,-0.0850406881,10.8195435,1743.86047
0.296411903,0.0900387783,-2.60899979e-05,0.00159858572,-0.0886684445,8.44678786,1743.67677
0.296413288,0.0599612217,4.071693e-06,0.00180627963,-0.0902908626,7.85823828,1743.18409
0.296419365,0.0232492201,9.60654897e-05,0.000883894376,-0.0919770784,6.99470952,1743.35922
0.296444353,0.138779867,-7.0126182e-05,0.000247709365,-0.0850007543,10.9248363,1743.82697
0.296453441,0.0252785992,9.04772909e-05,0.000974494388,-0.0919068773,7.09834852,1743.31727
0.296466513,0.117715008,-5.59847207e-05,0.0010079073,-0.0869263579,9.48214624,1744.09277
0.296474853,0.139866187,-6.62592469e-05,0.000207348832,-0.0849626283,11.0259992,1743.79288
0.296489967,0.0274539002,8.38536603e-05,0.00106505415,-0.0918340829,7.1972931,1743.28128
0.296503307,0.140879634,-6.20403887e-05,0.000171791119,-0.0849261845,11.1229066,1743.75873
0.296505472,0.0646303672,-2.95582101e-06,0.00176801994,-0.0901673327,7.93178354,1743.29365
0.296509984,0.0943947116,-2.79160975e-05,0.00149895047,-0.0885630078,8.57636477,1743.78605
0.296529119,0.0297856156,7.63286122e-05,0.00115378294,-0.0917587486,7.29071723,1743.25254
0.296529678,0.120214384,-5.78125362e-05,0.000916673961,-0.0868692112,9.61608464,1744.12324
0.296529853,0.141825099,-5.75251407e-05,0.000140738164,-0.0848913052,11.2154703,1743.72495
0.296554617,0.14270714,-5.27722811e-05,0.000113871676,-0.0848578787,11.3036331,1743.69188
0.296571087,0.0322849924,6.80693431e-05,0.00123869698,-0.0916809293,7.37801548,1743.23236
0.296577721,0.143530013,-4.78437909e-05,9.08593416e-05,-0.0848257988,11.3873724,1743.65978
0.296588606,0.1225461,-5.92781947e-05,0.00082927566,-0.086816531,9.74892897,1744.14395
0.296599274,0.144297686,-4.28045989e-05,7.13617886e-05,-0.0847949642,11.4666979,1743.62884
0.296601486,0.0984584434,-2.97000854e-05,0.00140141616,-0.0884703213,8.70786937,1743.88271
0.296604284,0.0696352464,-8.43741542e-06,0.00170956769,-0.0900407846,8.01758418,1743.41538
0.296616073,0.0349640862,5.92751901e-05,0.00131764821,-0.0916006746,7.45879927,1743.22203
0.296619382,0.145013864,-3.77223634e-05,5.50383429e-05,-0.0847652782,11.5416504,1743.5992
0.296638141,0.145681998,-3.26672838e-05,4.15529507e-05,-0.084736649,11.6123019,1743.57092
0.296643581,0.124721401,-6.03455303e-05,0.0007460472,-0.0867676913,9.88038841,1744.15564
0.296655642,0.146305314,-2.77114672e-05,3.057847e-05,-0.0847089899,11.6787502,1743.54405
0.296664293,0.0378358195,5.017184e-05,0.00138841931,-0.0915180229,7.53309149,1743.22276
0.296671968,0.146886817,-2.29283669e-05,2.18029419e-05,-0.0846822204,11.741125,1743.5186
0.29668685,0.102249575,-3.15063471e-05,0.00130610171,-0.088388817,8.8407806,1743.96772
0.2966872,0.147429312,-1.83913165e-05,1.49293525e-05,-0.0846562667,11.7995628,1743.49455
0.296694869,0.12675078,-6.09886572e-05,0.000667288863,-0.08672218,10.0101321,1744.15917
0.29670141,0.147935415,-1.41727253e-05,9.69045925e-06,-0.0846310635,11.8542597,1743.47188
0.2967102,0.075,-1.25026791e-05,0.00163220766,-0.0899117839,8.12090494,1743.54684
0.296714666,0.148407569,-1.0341029e-05,5.82037132e-06,-0.0846065554,11.9052891,1743.45053
0.29671598,0.040914044,4.10054811e-05,0.00144877104,-0.0914329948,7.60124791,1743.23564
0.296727033,0.14884805,-6.95919924e-06,3.13356804e-06,-0.0845826981,11.9530377,1743.43045
0.296738571,0.149258983,-4.0789937e-06,1.32497943e-06,-0.0845594597,11.9969841,1743.41158
0.296742715,0.128644026,-6.11949689e-05,0.000593239933,-0.0866795801,10.1378498,1744.15551
0.296749334,0.14964235,-1.75373552e-06,6.28644216e-07,-0.0845368209,12.0383705,1743.39386
0.296759376,0.15,0,0,-0.0845147407,12.0582037,1743.3772
0.296766487,0.105786393,-3.33368226e-05,0.00121309607,-0.0883170079,8.97443767,1744.04186
0.296771384,0.0442136074,3.20334421e-05,0.00149660076,-0.0913455887,7.66424679,1743.26152
0.296785504,0,0,0,-0.0931906484,4.99295299,1744.5182
0.296787353,0.13041027,-6.09605601e-05,0.00052407971,-0.0866395521,10.2632208,1744.14565
0.296790494,0.000357650242,5.79589912e-07,5.31821477e-07,-0.0931767182,5.01306497,1744.501
0.296795842,0.000741017226,1.95355825e-06,9.36220865e-07,-0.0931618348,5.05563913,1744.48256
0.296801575,0.00115195011,4.11153736e-06,2.40233762e-06,-0.0931459448,5.10102022,1744.46282
0.29680772,0.00159243101,6.99262527e-06,4.62583155e-06,-0.0931289862,5.15008354,1744.44169
0.296814307,0.00206458457,1.05279827e-05,7.90329124e-06,-0.0931108946,5.20292965,1744.4191
0.296816117,0.0803647536,-1.52457512e-05,0.00154374904,-0.0897898473,8.23717063,1743.67617
0.296821368,0.0025706882,1.46310995e-05,1.24791914e-05,-0.0930916033,5.25980497,1744.39498
0.296828936,0.00311318307,1.9205022e-05,1.8646479e-05,-0.0930710432,5.32085147,1744.36926
0.296828996,0.132058033,-6.02905656e-05,0.000459918613,-0.0866018177,10.3859419,1744.13063
0.296830772,0.0477504251,2.35023119e-05,0.00152999442,-0.091255782,7.72348621,1743.30098
0.296837048,0.00369468589,2.41422675e-05,2.67152759e-05,-0.0930491432,5.3862645,1744.34188
0.296840782,0.109085956,-3.51557669e-05,0.00112243275,-0.0882535208,9.10857861,1744.10568
0.296845744,0.00431800152,2.93271988e-05,3.70247843e-05,-0.0930258309,5.4561855,1744.31279
0.296855065,0.00498613648,3.46406094e-05,4.99342637e-05,-0.0930010325,5.53073029,1744.28194
0.296865057,0.0057023135,3.99648287e-05,6.58172599e-05,-0.0929746739,5.60996782,1744.24932
0.296867845,0.133595261,-5.91965388e-05,0.000400804121,-0.086566147,10.5057205,1744.11141
0.296875766,0.00646998704,4.51864308e-05,8.50499949e-05,-0.0929466809,5.69389788,1744.2149
0.296887246,0.00729285993,5.01963703e-05,0.000108000613,-0.0929169804,5.7824488,1744.17872
0.29689443,0.0515415566,1.56494376e-05,0.0015474178,-0.0911635395,7.78114586,1743.35422
0.296899551,0.00817490128,5.48905803e-05,0.000135016107,-0.0928855011,5.87546453,1744.14083
0.296904088,0.13502937,-5.76974581e-05,0.000346718671,-0.0865323472,10.6222775,1744.08892
0.296910094,0.112164181,-3.69059445e-05,0.00103426487,-0.0881971195,9.24280113,1744.15958
0.296912741,0.00912036556,5.91716878e-05,0.000166410027,-0.0928521744,5.97272005,1744.10131
0.296914929,0.0853696328,-1.70531764e-05,0.00145385364,-0.0896829371,8.3579066,1743.79286
0.29692688,0.0101338132,6.2949272e-05,0.000202453053,-0.092816936,6.07390418,1744.06029
0.2969379,0.136367278,-5.58160842e-05,0.000297587722,-0.0865002538,10.7353708,1744.064
0.296942035,0.0112201325,6.61408695e-05,0.000243354316,-0.0927797267,6.17859392,1744.01797
0.29695828,0.0123845633,6.86729331e-05,0.000289241607,-0.0927404943,6.28627673,1743.97458
0.296962665,0.0556052884,8.66458568e-06,0.0015477549,-0.091068835,7.83978245,1743.42105
0.296969444,0.137615437,-5.35787061e-05,0.00025328668,-0.0864697236,10.8447679,1744.0374
0.296974756,0.115035914,-3.85321684e-05,0.000948774086,-0.0881467171,9.37690189,1744.2039
0.296975692,0.0136327222,7.04833514e-05,0.000340146663,-0.0926991945,6.39634303,1743.93045
0.296994357,0.0149706296,7.15221022e-05,0.000395988769,-0.0926557926,6.5080827,1743.88596
0.296998872,0.138779867,-5.10165657e-05,0.000213644871,-0.0864406294,10.9502731,1744.00976
0.297007112,0.0900387783,-1.84520443e-05,0.00136468719,-0.0895896282,8.482918,1743.89708
0.297014365,0.0164047389,7.17502431e-05,0.000456552469,-0.0926102645,6.62069019,1743.84159
0.297026326,0.139866187,-4.8163232e-05,0.00017845653,-0.0864128562,11.0517253,1743.98162
0.29703508,0.117715008,-3.99792061e-05,0.000866225793,-0.0881013774,9.51055868,1744.239
0.29703581,0.0179419674,7.11442999e-05,0.00052146857,-0.0925625984,6.73327721,1743.79791
0.297035807,0.0599612217,2.71388537e-06,0.00153045554,-0.0909716893,7.90287657,1743.50077
0.297051938,0.140879634,-4.50545564e-05,0.000147484891,-0.0863862981,11.1489778,1743.95344
0.297058798,0.0195897299,6.96963031e-05,0.000590200036,-0.0925127949,6.84488563,1743.75556
0.297075833,0.141825099,-4.17295984e-05,0.000120468339,-0.0863608561,11.2419295,1743.92558
0.297083438,0.0213559743,6.74156112e-05,0.000662023479,-0.0924608678,6.95450867,1743.71529
0.297091358,0.120214384,-4.12044907e-05,0.000786890659,-0.0880603088,9.64353477,1744.26531
0.297093112,0.0943947116,-1.96693665e-05,0.00127730004,-0.0895084718,8.61108223,1743.98961
0.297098124,0.14270714,-3.82297512e-05,9.7129176e-05,-0.086336437,11.3305066,1743.89831
0.297109851,0.0232492201,6.43310189e-05,0.000736021255,-0.0924068439,7.06112564,1743.67796
0.297114208,0.0646303672,-2.1465551e-06,0.00149557033,-0.090872233,7.97409212,1743.5922
0.29711892,0.143530013,-3.45987294e-05,7.71775687e-05,-0.086312952,11.4146697,1743.87185
0.297138162,0.0252785992,6.04916749e-05,0.000811072656,-0.0923507615,7.16372762,1743.64448
0.297138321,0.144297686,-3.08828747e-05,6.03172879e-05,-0.0862903161,11.4944116,1743.84636
0.29714386,0.1225461,-4.21718391e-05,0.000711057578,-0.0880228512,9.77551261,1744.28337
0.29715642,0.145013864,-2.71312098e-05,4.62501088e-05,-0.0862684478,11.5697551,1743.82194
0.29716851,0.0274539002,5.59686086e-05,0.000885862257,-0.0922926691,7.26138925,1743.61585
0.297173342,0.0984584434,-2.08558569e-05,0.00119212598,-0.0894380548,8.74124294,1744.07137
0.297173305,0.145681998,-2.33957116e-05,3.4680781e-05,-0.0862472687,11.6407557,1743.79866
0.297189058,0.146305314,-1.97310274e-05,2.5319874e-05,-0.0862267038,11.7074943,1743.77655
0.297192841,0.124721401,-4.2857434e-05,0.00063898539,-0.0879884608,9.90621004,1744.29383
0.297198247,0.0696352464,-5.91819834e-06,0.0014436299,-0.090770791,8.05766341,1743.69368
0.297201039,0.0297856156,5.08550653e-05,0.000958885122,-0.0922326221,7.35329139,1743.59309
0.297203754,0.146886817,-1.6194828e-05,1.78897701e-05,-0.0862066812,11.7700882,1743.75561
0.297217464,0.147429312,-1.28465746e-05,1.21229407e-05,-0.0861871338,11.8286586,1743.73582
0.297230255,0.147935415,-9.74796237e-06,7.77734016e-06,-0.0861679994,11.8834001,1743.71715
0.297235908,0.0322849924,4.5266077e-05,0.00102848501,-0.0921706789,7.43884242,1743.57728
0.297238536,0.12675078,-4.32444747e-05,0.000570905481,-0.0879566933,10.0353016,1744.29744
0.297242187,0.148407569,-6.95915789e-06,4.60938821e-06,-0.0861492234,11.9343821,1743.69956
0.297248191,0.102249575,-2.20557242e-05,0.00110921977,-0.0893770132,8.87285799,1744.14321
0.297253319,0.14884805,-4.54051853e-06,2.44233223e-06,-0.0861307611,11.9819548,1743.683
0.297263704,0.149258983,-2.54205246e-06,9.90233353e-07,-0.0861125804,12.0257209,1743.66742
0.297273283,0.0349640862,3.93373637e-05,0.00109287741,-0.0921068965,7.51767488,1743.56945
0.297273393,0.14964235,-1.02627496e-06,5.2549127e-07,-0.0860946663,12.0670031,1743.65276
0.297281165,0.128644026,-4.33255874e-05,0.000506997884,-0.0879271867,10.1624813,1744.29503
0.297282432,0.15,0,0,-0.0860769941,12.0867887,1743.63896
0.297288328,0.075,-8.69086225e-06,0.00137579878,-0.09066793,8.15883666,1743.80318
0.297313346,0.0378358195,3.32218118e-05,0.00115023264,-0.0920413254,7.58983925,1743.57058
0.297318019,0.105786393,-2.32700493e-05,0.00102861981,-0.0893240589,9.00526324,1744.20581
0.297320935,0.13041027,-4.30991268e-05,0.000447393823,-0.0878996466,10.2874296,1744.28745
0.29735629,0.040914044,2.7084908e-05,0.00119871299,-0.0919740049,7.65572671,1743.58154
0.297358037,0.132058033,-4.25698378e-05,0.000392167541,-0.0878738325,10.4098429,1744.27555
0.297378409,0.0803647536,-1.053392e-05,0.00129890005,-0.0905713191,8.2731828,1743.9108
0.297383162,0.109085956,-2.44735075e-05,0.000950318533,-0.0892780071,9.13819753,1744.25967
0.297392651,0.133595261,-4.17466353e-05,0.000341341754,-0.0878495459,10.5294251,1744.26018
0.297402322,0.0442136074,2.1098393e-05,0.00123660775,-0.0919049614,7.71635604,1743.60301
0.297424942,0.13502937,-4.06433002e-05,0.000294886174,-0.0878266215,10.6458978,1744.24209
0.297443936,0.112164181,-2.56262732e-05,0.000874416534,-0.0892377937,9.27126599,1744.30515
0.297451663,0.0477504251,1.54253799e-05,0.00126237364,-0.0918342089,7.77315925,1743.63546
0.297455067,0.136367278,-3.92753421e-05,0.00025272495,-0.0878049188,10.7590086,1744.222
0.297462447,0.0853696328,-1.17318412e-05,0.00122123728,-0.0904872414,8.39227481,1744.00783
0.297483172,0.137615437,-3.76618892e-05,0.000214741139,-0.0877843167,10.8685141,1744.20052
0.297500633,0.115035914,-2.66906952e-05,0.000801037424,-0.0892024852,9.40427469,1744.34259
0.297501353,0,0,0,-0.0934154247,5.05399936,1744.6255
0.297504553,0.0515415566,1.02223536e-05,0.00127479287,-0.091761758,7.8283742,1743.67903
0.297505291,0.000357650242,-7.27436346e-08,3.40086619e-07,-0.0934046327,5.0741317,1744.61224
0.297509391,0.138779867,-3.58242276e-05,0.000180780647,-0.0877647084,10.9742124,1744.17819
0.297509511,0.000741017226,4.93257498e-07,4.29040435e-07,-0.0933931028,5.11625789,1744.59801
0.297514036,0.00115195011,1.67763226e-06,1.37303386e-06,-0.0933807937,5.16080617,1744.58276
0.297518886,0.00159243101,3.42109463e-06,2.81890354e-06,-0.0933676578,5.20928503,1744.56643
0.297524085,0.00206458457,5.65847127e-06,5.07036188e-06,-0.0933536453,5.26175828,1744.54897
0.297529657,0.0025706882,8.30939921e-06,8.34746708e-06,-0.0933387046,5.31847227,1744.53031
0.297533851,0.139866187,-3.37847454e-05,0.000150662146,-0.0877459984,11.0759303,1744.15545
0.29753563,0.00311318307,1.12897495e-05,1.29124401e-05,-0.0933227825,5.3795422,1744.51042
0.297540848,0.0900387783,-1.26521351e-05,0.00114456758,-0.0904144808,8.51579512,1744.09442
0.297542032,0.00369468589,1.45157081e-05,1.90345676e-05,-0.0933058243,5.44514584,1744.48923
0.297548895,0.00431800152,1.79025874e-05,2.7004481e-05,-0.0932877741,5.51542123,1744.46672
0.297553526,0.117715008,-2.76293138e-05,0.000730379169,-0.089171279,9.53691148,1744.37231
0.297556252,0.00498613648,2.13614231e-05,3.71263392e-05,-0.0932685754,5.59047572,1744.44284
0.297556671,0.140879634,-3.15681381e-05,0.000124179287,-0.0877280993,11.1735101,1744.13268
0.297561245,0.0556052884,5.61312668e-06,0.00127300408,-0.0916876344,7.88460777,1743.73354
0.297564137,0.0057023135,2.4808708e-05,4.97108824e-05,-0.093248171,5.67034673,1744.41759
0.29757259,0.00646998704,2.81705619e-05,6.50635026e-05,-0.0932265041,5.75499221,1744.39095
0.297577959,0.141825099,-2.92005461e-05,0.000101105584,-0.0877109305,11.2668378,1744.11017
0.29758165,0.00729285993,3.13777727e-05,8.34764423e-05,-0.0932035187,5.84430321,1744.36294
0.297591361,0.00817490128,3.43648746e-05,0.000105221179,-0.0931791602,5.93809917,1744.33361
0.29759782,0.14270714,-2.67101617e-05,8.12024381e-05,-0.087694416,11.3558259,1744.08816
0.297601771,0.00912036556,3.70716598e-05,0.000130539245,-0.0931533764,6.03611791,1744.30303
0.297602872,0.120214384,-2.84140137e-05,0.000662642828,-0.0891434969,9.66894992,1744.39469
0.29761293,0.0101338132,3.94438206e-05,0.00015963255,-0.0931261184,6.13800719,1744.27129
0.29761399,0.0943947116,-1.34474851e-05,0.00106972502,-0.0903518038,8.64256627,1744.17124
0.297616349,0.143530013,-2.41265008e-05,6.42214943e-05,-0.087678484,11.440418,1744.06681
0.297622014,0.0599612217,1.70611629e-06,0.00125662023,-0.0916119116,7.94536329,1743.79843
0.29762489,0.0112201325,4.14322781e-05,0.000192650412,-0.0930973416,6.24332088,1744.23854
0.297633634,0.144297686,-2.14811344e-05,4.99089351e-05,-0.0876630656,11.5205905,1744.04626
0.297637711,0.0123845633,4.29939269e-05,0.00022967596,-0.0930670068,6.35151846,1744.20497
0.297648907,0.1225461,-2.90210488e-05,0.000598046926,-0.0891185739,9.80008083,1744.41021
0.29764976,0.145013864,-1.8807843e-05,3.80089054e-05,-0.0876480944,11.5963491,1744.02658
0.297651454,0.0136327222,4.40928092e-05,0.000270713379,-0.0930350813,6.46195896,1744.17083
0.297664804,0.145681998,-1.61432378e-05,2.82677755e-05,-0.0876335057,11.6677336,1744.00782
0.297666185,0.0149706296,4.47003722e-05,0.000315674444,-0.0930015399,6.57390608,1744.13643
0.297678839,0.146305314,-1.35264948e-05,2.04350901e-05,-0.0876192363,11.734806,1743.99002
0.297681975,0.0164047389,4.47954493e-05,0.000364363144,-0.0929663662,6.68653455,1744.10212
0.297682226,0.0984584434,-1.4222109e-05,0.000997031296,-0.0902980112,8.77140243,1744.23907
0.297687153,0.0646303672,-1.46665312e-06,0.00122575856,-0.0915347634,8.01433728,1743.87274
0.297691854,0.124721401,-2.94354878e-05,0.000536784216,-0.0890960449,9.93002981,1744.41944
0.297691933,0.146886817,-1.10006715e-05,1.42697937e-05,-0.087605224,11.797672,1743.97316
0.2976989,0.0179419674,4.43661692e-05,0.000416461048,-0.0929295533,6.79893553,1744.06836
0.297704148,0.147429312,-8.61118408e-06,9.5357185e-06,-0.0875914078,11.8564314,1743.95723
0.297715544,0.147935415,-6.40845803e-06,6.01985395e-06,-0.0875777285,11.9112782,1743.9422
0.297717043,0.0195897299,4.34102183e-05,0.000471515679,-0.0928911044,6.91013519,1744.03564
0.297726175,0.148407569,-4.44253261e-06,3.49961135e-06,-0.08756413,11.9622339,1743.92803
0.29773192,0.12675078,-2.96470206e-05,0.000479026145,-0.0890755297,10.0584766,1744.42301
0.297736093,0.14884805,-2.76942022e-06,1.81598616e-06,-0.0875505616,12.009685,1743.91467
0.29773649,0.0213559743,4.19360925e-05,0.00052892729,-0.0928510336,7.01911439,1744.00455
0.297745346,0.149258983,-1.43201054e-06,6.8519318e-07,-0.0875369818,12.0531986,1743.90209
0.297745884,0.102249575,-1.50053775e-05,0.000926495106,-0.0902519495,8.90174312,1744.29863
0.297753978,0.14964235,-5.02591443e-07,4.15928161e-07,-0.0875233625,12.0945044,1743.89022
0.297756975,0.0696352464,-3.91464732e-06,0.0011809234,-0.0914565354,8.09577156,1743.95509
0.297757335,0.0232492201,3.99640209e-05,0.000587943501,-0.0928093651,7.12484533,1743.97575
0.297762031,0.15,0,0,-0.0875096634,12.1144796,1743.87901
0.297769299,0.128644026,-2.96518139e-05,0.000424901638,-0.0890567191,10.185119,1744.42161
0.297779679,0.0252785992,3.75266986e-05,0.000647652589,-0.0927661331,7.22631721,1743.94994
0.29780363,0.0274539002,3.46702601e-05,0.000706992002,-0.09272138,7.32260827,1743.92791
0.29780417,0.13041027,-2.94496911e-05,0.000374500703,-0.0890393619,10.3096387,1744.41597
0.297805271,0.105786393,-1.57978367e-05,0.000858120063,-0.0902125329,9.03292064,1744.3505
0.297829303,0.0297856156,3.14542701e-05,0.000764752367,-0.0926751544,7.41290934,1743.91045
0.297831818,0.075,-5.69582898e-06,0.00112313804,-0.091377784,8.19489469,1744.04383
0.297836702,0.132058033,-2.90447676e-05,0.000327867047,-0.0890232531,10.4317322,1744.40679
0.297856822,0.0322849924,2.79516554e-05,0.000819610561,-0.0926275082,7.496645,1743.8984
0.297860675,0.109085956,-1.65819305e-05,0.000791872374,-0.0901787644,9.16467468,1744.39511
0.297867052,0.133595261,-2.84437148e-05,0.000285003132,-0.0890082245,10.5511011,1744.39477
0.29788632,0.0349640862,2.42476126e-05,0.000870146959,-0.0925784934,7.57347128,1743.89255
0.297895365,0.13502937,-2.76563236e-05,0.00024586925,-0.0889941362,10.6674654,1744.38055
0.297906661,0.0803647536,-6.85792899e-06,0.00105819429,-0.0913044681,8.30741909,1744.13095
0.297912363,0.112164181,-1.73306046e-05,0.000727814584,-0.0901497507,9.2966171,1744.43279
0.297917939,0.0378358195,2.04378663e-05,0.000914915,-0.0925281582,7.64346801,1743.89366
0.29792178,0.136367278,-2.66933078e-05,0.000210389666,-0.0889808707,10.7805631,1744.36469
0.297946422,0.137615437,-2.5567895e-05,0.00017845618,-0.0889683271,10.8901521,1744.34771
0.297951831,0.040914044,1.66254013e-05,0.00095246839,-0.0924765437,7.70706274,1743.90241
0.297960583,0.115035914,-1.80186441e-05,0.000666027733,-0.0901247091,9.42856199,1744.46382
0.297969412,0.138779867,-2.42937921e-05,0.000149931807,-0.0889564178,10.9960174,1744.33003
0.297976483,0.0853696328,-7.60038805e-06,0.00099302271,-0.0912413281,8.42495273,1744.2094
0.297988161,0.0442136074,1.29164883e-05,0.00098147212,-0.092423683,7.76531546,1743.91931
0.297990859,0.139866187,-2.2885746e-05,0.000124658215,-0.0889450649,11.0979734,1744.31204
0.298005568,0.117715008,-1.86211112e-05,0.000606658105,-0.0901029673,9.56020605,1744.48849
0.298010868,0.140879634,-2.13603181e-05,0.000102458012,-0.0889341982,11.1958552,1744.29402
0.298027102,0.0477504251,9.41279257e-06,0.00100072981,-0.092369602,7.81968999,1743.94474
0.298029534,0.141825099,-1.97344364e-05,8.31380812e-05,-0.0889237534,11.2895346,1744.27621
0.298041622,0.0900387783,-8.16521774e-06,0.000929000999,-0.0911873484,8.54705379,1744.27935
0.298046948,0.14270714,-1.80264186e-05,6.6496697e-05,-0.0889136707,11.3789179,1744.25881
0.298047536,0.120214384,-1.91196677e-05,0.000549853685,-0.0900839575,9.69133123,1744.50714
0.298063194,0.143530013,-1.62551086e-05,5.23250598e-05,-0.0889038937,11.4639319,1744.24194
0.298068844,0.0515415566,6.2101081e-06,0.00100931165,-0.092314327,7.87247385,1743.97879
0.29807835,0.144297686,-1.44411105e-05,4.04098836e-05,-0.0888943684,11.544537,1744.22572
0.298086689,0.1225461,-1.94989018e-05,0.000495778962,-0.0900672071,9.82163545,1744.52016
0.29809249,0.145013864,-1.260662e-05,3.05362024e-05,-0.0888850426,11.6207233,1744.21019
0.298102391,0.0943947116,-8.64855115e-06,0.000866767219,-0.0911415023,8.67249686,1744.34135
0.298105681,0.145681998,-1.07761995e-05,2.2491349e-05,-0.0888758649,11.6925158,1744.1954
0.298113587,0.0556052884,3.38019613e-06,0.00100657882,-0.0922578996,7.92632955,1744.02133
0.298117987,0.146305314,-8.97617764e-06,1.60636073e-05,-0.0888667839,11.7599557,1744.18137
0.298123215,0.124721401,-1.97494894e-05,0.000444576768,-0.0900523271,9.95085039,1744.52803
0.298129468,0.146886817,-7.23708694e-06,1.10495218e-05,-0.0888577475,11.8231397,1744.16809
0.298140179,0.147429312,-5.59133789e-06,7.24492837e-06,-0.088848702,11.8821356,1744.15554
0.29815017,0.147935415,-4.07842084e-06,4.46884977e-06,-0.0888395917,11.9371557,1744.14371
0.298157291,0.12675078,-1.98650903e-05,0.000396373829,-0.0900389995,10.0786599,1744.53129
0.298159083,0.0984584434,-9.11834147e-06,0.00080654754,-0.0911027959,8.8000665,1744.39604
0.298159492,0.148407569,-2.73724642e-06,2.51868576e-06,-0.0888303589,11.9881644,1744.13254
0.298161548,0.0599612217,9.89706258e-07,0.000992270376,-0.0922004031,7.98478877,1744.07191
0.298168189,0.14884805,-1.61716479e-06,1.26446499e-06,-0.0888209452,12.035641,1744.122
0.298176302,0.149258983,-7.50100181e-07,4.18297668e-07,-0.0888112946,12.07885,1744.11205
0.298178712,0,0,0,-0.0936281155,5.11093773,1744.72703
0.298181654,0.000357650242,-3.13055496e-07,1.91145364e-07,-0.0936202836,5.13094351,1744.71745
0.298183871,0.14964235,-2.06996707e-07,3.11418358e-07,-0.0888013591,12.1201245,1744.10264
0.298184808,0.000741017226,-1.86340829e-07,7.1956634e-09,-0.0936119169,5.17262673,1744.70716
0.298188189,0.00115195011,3.85092659e-07,4.91562672e-07,-0.0936029858,5.21666899,1744.69612
0.298189081,0.128644026,-1.98437185e-05,0.000351262112,-0.090026966,10.2047646,1744.53051
0.298190932,0.15,0,0,-0.0887910831,12.1403758,1744.09372
0.298191813,0.00159243101,1.34393963e-06,1.27058607e-06,-0.0935934559,5.26486055,1744.68429
0.298195697,0.00206458457,2.62249675e-06,2.62849931e-06,-0.0935832912,5.31719363,1744.67163
0.298199861,0.0025706882,4.16444678e-06,4.75256002e-06,-0.0935724547,5.37395832,1744.6581
0.298204324,0.00311318307,5.92145151e-06,7.86344035e-06,-0.0935609081,5.43533556,1744.64367
0.298209108,0.00369468589,7.83341505e-06,1.21838914e-05,-0.093548612,5.50142569,1744.6283
0.298211973,0.102249575,-9.59287379e-06,0.000748317341,-0.0910702769,8.92918599,1744.44402
0.298212957,0.0646303672,-9.42122189e-07,0.000966531517,-0.0921420041,8.05156195,1744.12976
0.298214235,0.00431800152,9.81745557e-06,1.79448624e-05,-0.0935355265,5.57225877,1744.61197
0.298218738,0.13041027,-1.96857103e-05,0.000309302933,-0.0900160166,10.3288469,1744.52627
0.298219732,0.00498613648,1.18114753e-05,2.53832547e-05,-0.0935216108,5.64795233,1744.59464
0.298225624,0.0057023135,1.37823328e-05,3.47377064e-05,-0.0935068242,5.72856566,1744.57632
0.29823194,0.00646998704,1.56932265e-05,4.62365613e-05,-0.0934911262,5.81401944,1744.557
0.298238709,0.00729285993,1.75056611e-05,6.00934276e-05,-0.0934744769,5.90416938,1744.53669
0.298245966,0.00817490128,1.91835036e-05,7.6504005e-05,-0.0934568377,5.99880064,1744.51542
0.298246406,0.132058033,-1.93942487e-05,0.000270520318,-0.0900059806,10.4506031,1744.51918
0.298253744,0.00912036556,2.06940025e-05,9.56389886e-05,-0.0934381719,6.09761603,1744.49325
0.298261314,0.105786393,-1.00724405e-05,0.000692055112,-0.0910430519,9.05918461,1744.48579
0.298262081,0.0101338132,2.2007954e-05,0.000117636477,-0.0934184451,6.20023119,1744.47024
0.298268062,0.0696352464,-2.43026746e-06,0.000929803737,-0.0920830092,8.13090058,1744.19384
0.298271018,0.0112201325,2.30996473e-05,0.000142593374,-0.0933976266,6.30617214,1744.44651
0.298272218,0.133595261,-1.8974032e-05,0.000234905647,-0.0899967179,10.5697325,1744.50978
0.298280598,0.0123845633,2.39469117e-05,0.00017055601,-0.0933756895,6.41486978,1744.4222
0.298290866,0.0136327222,2.45313461e-05,0.000201510393,-0.0933526122,6.5256581,1744.39748
0.298296299,0.13502937,-1.84317097e-05,0.000202416907,-0.0899881126,10.6859521,1744.4986
0.298301873,0.0149706296,2.48387533e-05,0.000235372323,-0.0933283786,6.63777819,1744.37258
0.298307346,0.109085956,-1.05455824e-05,0.000637709648,-0.0910203029,9.18980329,1744.52169
0.298313671,0.0164047389,2.48591967e-05,0.000271976856,-0.0933029794,6.75038412,1744.34777
0.298318764,0.136367278,-1.77744724e-05,0.000172983711,-0.0899800678,10.7989939,1744.48611
0.298326318,0.0179419674,2.45876304e-05,0.000311067781,-0.0932764126,6.86255064,1744.32336
0.29832713,0.075,-3.50698755e-06,0.000882937533,-0.0920238944,8.22801819,1744.26283
0.298339722,0.137615437,-1.70111033e-05,0.000146510195,-0.0899725009,10.9086131,1744.47271
0.298339874,0.0195897299,2.40242332e-05,0.000352289142,-0.0932486841,6.97329135,1744.29974
0.29835029,0.112164181,-1.09951271e-05,0.000585312526,-0.0910012986,9.32066099,1744.55202
0.298354405,0.0213559743,2.31751329e-05,0.000395176046,-0.0932198079,7.08157791,1744.27732
0.298359275,0.138779867,-1.61506102e-05,0.000122878323,-0.0899653405,11.0145871,1744.45875
0.29836998,0.0232492201,2.20528709e-05,0.000439151481,-0.0931898063,7.18637814,1744.25658
0.298377515,0.139866187,-1.52024476e-05,0.000101953341,-0.0899585238,11.1167215,1744.44454
0.298386198,0.0803647536,-4.19637319e-06,0.000830617058,-0.0919691735,8.33876163,1744.33052
0.298386675,0.0252785992,2.0676723e-05,0.000483521499,-0.0931587092,7.28668213,1744.23804
0.298390353,0.115035914,-1.1405269e-05,0.000534909411,-0.0909853994,9.45157945,1744.57702
0.298394532,0.140879634,-1.41773951e-05,8.35860442e-05,-0.0899519947,11.2148442,1744.43031
0.298404571,0.0274539002,1.90733678e-05,0.000527483058,-0.0931265536,7.38157416,1744.22227
0.298410408,0.141825099,-1.30863309e-05,6.76150755e-05,-0.0899457022,11.3088145,1744.41626
0.298423754,0.0297856156,1.72766554e-05,0.000570126784,-0.0930933816,7.47025757,1744.20984
0.298425219,0.14270714,-1.19406321e-05,5.38728634e-05,-0.0899395993,11.39853,1744.40252
0.298427729,0.117715008,-1.17605649e-05,0.000486601147,-0.0909720564,9.58226431,1744.59694
0.298439036,0.143530013,-1.07523977e-05,4.21867206e-05,-0.0899336417,11.4839046,1744.38922
0.298441303,0.0853696328,-4.6310666e-06,0.000778373306,-0.0919223723,8.45477044,1744.39144
0.298444316,0.0322849924,1.53278314e-05,0.000610463798,-0.0930592391,7.55217522,1744.20136
0.298451926,0.144297686,-9.53490948e-06,3.23805957e-05,-0.0899277871,11.5648889,1744.37643
0.298462597,0.120214384,-1.20499116e-05,0.000440488983,-0.0909608068,9.71250537,1744.61206
0.298463952,0.145013864,-8.30217519e-06,2.42769087e-05,-0.0899219945,11.6414592,1744.36419
0.298466357,0.0349640862,1.32745588e-05,0.000647437606,-0.0930241731,7.62700877,1744.19742
0.29847517,0.145681998,-7.07046966e-06,1.77007512e-05,-0.0899162231,11.7136286,1744.35255
0.298485637,0.146305314,-5.85685177e-06,1.24763285e-05,-0.0899104313,11.7814169,1744.34151
0.298489982,0.0378358195,1.11703759e-05,0.000679978772,-0.0929882295,7.69486957,1744.19855
0.298492712,0.0900387783,-4.96067397e-06,0.000727245331,-0.091882689,8.57547743,1744.44572
0.298495126,0.1225461,-1.22640944e-05,0.000396688958,-0.0909512653,9.84200762,1744.62271
0.298495401,0.146886817,-4.68245379e-06,8.43572124e-06,-0.0899045756,11.8449152,1744.33106
0.29850451,0.147429312,-3.56924555e-06,5.40535168e-06,-0.0898986092,11.9041565,1744.32119
0.298513008,0.147935415,-2.5469816e-06,3.23620625e-06,-0.0898924803,11.9593752,1744.31187
0.298515306,0.040914044,9.07263011e-06,0.000707023059,-0.0929514513,7.75622411,1744.20525
0.298520936,0.148407569,-1.64383291e-06,1.74583142e-06,-0.0898861308,12.0104511,1744.30308
0.298525474,0.124721401,-1.23978222e-05,0.000355299336,-0.0909431149,9.97050842,1744.62929
0.298528332,0.14884805,-9.01849165e-07,8.33446575e-07,-0.0898794952,12.0580017,1744.29478
0.298535233,0.149258983,-3.45672642e-07,2.14222128e-07,-0.089872502,12.1010027,1744.28691
0.298540673,0.0943947116,-5.2409884e-06,0.000677702895,-0.0918493128,8.69961737,1744.49381
0.29854167,0.14964235,-4.04247289e-08,2.29650787e-07,-0.089865079,12.1422846,1744.27945
0.298542451,0.0442136074,7.03983848e-06,0.000727598006,-0.0929138776,7.81217784,1744.21789
0.298547675,0.15,0,0,-0.0898571434,12.1628045,1744.27234
0.298553785,0.12675078,-1.24476329e-05,0.000316406698,-0.0909360968,10.0976957,1744.63223
0.298571548,0.0477504251,5.10062725e-06,0.000740837843,-0.0928755456,7.8641598,1744.23672
0.298580198,0.128644026,-1.24127718e-05,0.000280070105,-0.0909300007,10.2232728,1744.63198
0.298585416,0.0984584434,-5.51353886e-06,0.000629898036,-0.091821461,8.82594547,1744.5362
0.298602737,0.0515415566,3.32891216e-06,0.000746080104,-0.0928364961,7.91450489,1744.26183
0.298604838,0.13041027,-1.2293861e-05,0.000246325403,-0.0909246561,10.3469232,1744.62902
0.298627158,0.102249575,-5.78896516e-06,0.000583788896,-0.091798385,8.95387077,1744.57338
0.298627826,0.132058033,-1.20932709e-05,0.000215179473,-0.0909199244,10.4683433,1744.62383
0.298636169,0.0556052884,1.7921386e-06,0.000742887749,-0.0927967857,7.96603703,1744.2931
0.298649272,0.133595261,-1.18141952e-05,0.000186614442,-0.0909156925,10.5872305,1744.61683
0.2986661,0.105786393,-6.06745484e-06,0.000539342123,-0.0917793841,9.08271944,1744.60573
0.298669279,0.13502937,-1.14609843e-05,0.000160587019,-0.090911867,10.7032992,1744.60844
0.298672005,0.0599612217,4.99928482e-07,0.000731104346,-0.0927565066,8.02229935,1744.33019
0.298687944,0.136367278,-1.10382512e-05,0.000137032611,-0.0909083706,10.8162777,1744.59903
0.298702429,0.109085956,-6.34188536e-06,0.000496501618,-0.0917638176,9.21223372,1744.63353
0.298705357,0.137615437,-1.05514262e-05,0.000115867559,-0.0909051377,10.9259161,1744.58892
0.298710417,0.0646303672,-5.44360049e-07,0.000710879783,-0.0927158187,8.08695052,1744.37253
0.298721601,0.138779867,-1.00060636e-05,9.69919608e-05,-0.0909021125,11.0319859,1744.57837
0.298736321,0.112164181,-6.60195423e-06,0.000455280014,-0.0917511135,9.34203909,1744.65702
0.298736756,0.139866187,-9.40796385e-06,8.02935162e-05,-0.0908992463,11.134285,1744.56763
0.298750895,0.140879634,-8.76373625e-06,6.56496423e-05,-0.0908964963,11.2326374,1744.55688
0.298751592,0.0696352464,-1.3423809e-06,0.000682575057,-0.0926749917,8.16431662,1744.41936
0.298764085,0.141825099,-8.07977171e-06,5.29292918e-05,-0.0908938239,11.3268946,1744.54627
0.29876794,0.115035914,-6.83820008e-06,0.000415700435,-0.0917407719,9.47196379,1744.67639
0.29877639,0.14270714,-7.36259173e-06,4.19971359e-05,-0.0908911942,11.4169394,1744.5359
0.29878787,0.143530013,-6.61953354e-06,3.27144558e-05,-0.0908885744,11.5026785,1744.52586
0.298795727,0.075,-1.90644307e-06,0.000646854809,-0.0926344267,8.25959483,1744.46972
0.298797438,0.117715008,-7.04150726e-06,0.000377831278,-0.0917323643,9.60172127,1744.69184
0.298798579,0.144297686,-5.85848005e-06,2.49408202e-05,-0.0908859337,11.5840512,1744.51622
0.298808571,0.145013864,-5.08758333e-06,1.85342136e-05,-0.0908832419,11.6610181,1744.50701
0.298817892,0.145681998,-4.31681234e-06,1.33561528e-05,-0.0908804691,11.7335891,1744.49825
0.298819652,0,0,0,-0.0938293706,5.16169382,1744.82309
0.298821628,0.000357650242,-4.27225081e-07,1.15638973e-07,-0.0938243242,5.18163815,1744.81696
0.298823747,0.000741017226,-5.10506038e-07,-2.86682376e-07,-0.093818934,5.22326357,1744.81035
0.298824957,0.120214384,-7.20538573e-06,0.000341740701,-0.0917255294,9.7311077,1744.7036
0.298826018,0.00115195011,-2.99995174e-07,-1.26099806e-07,-0.0938131811,5.26697506,1744.80324
0.298826588,0.146305314,-3.55588781e-06,9.26604863e-06,-0.0908775839,11.8017594,1744.48995
0.298828453,0.00159243101,1.3355086e-07,1.4927605e-07,-0.0938070435,5.31485137,1744.79562
0.298831062,0.00206458457,7.46285829e-07,7.86387476e-07,-0.0938004984,5.36743671,1744.78746
0.298833859,0.0025706882,1.5141926e-06,1.9507393e-06,-0.0937935222,5.42468971,1744.77874
0.2988347,0.146886817,-2.81837271e-06,6.1312346e-06,-0.0908745529,11.8656168,1744.48209
0.298836857,0.00311318307,2.39570812e-06,3.80391876e-06,-0.0937860905,5.48651499,1744.76943
0.298839862,0.0803647536,-2.25945862e-06,0.000607278409,-0.0925972741,8.36868543,1744.51906
0.298840071,0.00369468589,3.3341376e-06,6.49749252e-06,-0.0937781784,5.55295537,1744.75953
0.298842268,0.147429312,-2.11769728e-06,3.80957525e-06,-0.0908713383,11.9251548,1744.47468
0.298843516,0.00431800152,4.27831697e-06,1.01897713e-05,-0.0937697605,5.62446911,1744.74899
0.298847209,0.00498613648,5.21276181e-06,1.50537591e-05,-0.0937608111,5.70121227,1744.73783
0.298849329,0.147935415,-1.47480062e-06,2.18509551e-06,-0.0908678956,11.9806354,1744.46769
0.29885063,0.1225461,-7.32451265e-06,0.00030750972,-0.0917199666,9.85983399,1744.71194
0.298851167,0.0057023135,6.13380205e-06,2.12486112e-05,-0.0937513047,5.78292809,1744.72602
0.29885541,0.00646998704,7.02441183e-06,2.89173297e-05,-0.0937412158,5.86947467,1744.71357
0.298855916,0.148407569,-9.08521004e-07,1.09919904e-06,-0.0908641708,12.0318469,1744.46108
0.298859958,0.00729285993,7.86553958e-06,3.81956678e-05,-0.0937305196,5.96069047,1744.70049
0.298862061,0.14884805,-4.49971256e-07,4.77026982e-07,-0.0908600964,12.0795167,1744.45484
0.298864833,0.00817490128,8.64002478e-06,4.92071503e-05,-0.093719192,6.05633381,1744.68679
0.298867794,0.149258983,-1.17358769e-07,4.96162257e-08,-0.0908555881,12.1224204,1744.44891
0.298870058,0.00912036556,9.33291797e-06,6.20568616e-05,-0.0937072107,6.156081,1744.67252
0.298873142,0.14964235,3.63423032e-08,1.71224084e-07,-0.090850546,12.1637275,1744.44326
0.298874581,0.124721401,-7.3959289e-06,0.000275205348,-0.0917154284,9.98764178,1744.71714
0.298875659,0.0101338132,9.93131254e-06,7.68267531e-05,-0.0936945547,6.2595221,1744.65772
0.298878132,0.15,0,0,-0.0908448493,12.1844519,1744.43783
0.298881036,0.0853696328,-2.4773375e-06,0.000567983741,-0.0925659116,8.48327432,1744.56342
0.298881663,0.0112201325,1.04241635e-05,9.35703532e-05,-0.0936812057,6.3661577,1744.64246
0.298888098,0.0123845633,1.08020336e-05,0.000112306922,-0.0936671481,6.47539561,1744.62683
0.298894997,0.0136327222,1.10571878e-05,0.000133015104,-0.0936523699,6.58654985,1744.61096
0.298896925,0.12675078,-7.41770868e-06,0.000244886522,-0.0917117132,10.1142226,1744.71956
0.298902391,0.0149706296,1.11838458e-05,0.000155626479,-0.0936368629,6.69884347,1744.59498
0.298910317,0.0164047389,1.11782055e-05,0.000180018986,-0.0936206239,6.81141464,1744.57908
0.29891777,0.128644026,-7.38956623e-06,0.000216591059,-0.091708657,10.2392813,1744.71955
0.298918813,0.0179419674,1.10386841e-05,0.000206010185,-0.0936036544,6.92332562,1744.56345
0.298919449,0.0900387783,-2.64202178e-06,0.00052969976,-0.0925397381,8.60267606,1744.60291
0.29892792,0.0195897299,1.07660832e-05,0.000233351911,-0.0935859616,7.03358084,1744.54835
0.298937217,0.13041027,-7.31205894e-06,0.0001903397,-0.0917061269,10.3625017,1744.71747
0.298937682,0.0213559743,1.03639109e-05,0.000261724486,-0.0935675586,7.14114644,1744.53405
0.298948145,0.0232492201,9.83861943e-06,0.000290735246,-0.093548464,7.2449888,1744.52085
0.298955284,0.0943947116,-2.78052263e-06,0.000492746013,-0.092518147,8.72559498,1744.63785
0.29895536,0.132058033,-7.18672028e-06,0.00016613124,-0.0917040149,10.4835793,1744.71368
0.298959361,0.0252785992,9.19966493e-06,0.000319915425,-0.0935287023,7.3441015,1744.5091
0.298971384,0.0274539002,8.45992606e-06,0.000348726449,-0.0935083032,7.43757698,1744.49916
0.298972285,0.133595261,-7.01551719e-06,0.000143946156,-0.0917022333,10.6022101,1744.70853
0.29898427,0.0297856156,7.63540251e-06,0.000376561541,-0.0934873007,7.52463259,1744.4914
0.298988075,0.13502937,-6.80108265e-06,0.000123745951,-0.0917007098,10.7181057,1744.70231
0.298988716,0.0984584434,-2.91512193e-06,0.000457213806,-0.0925005546,8.85075714,1744.66864
0.298998084,0.0322849924,6.74550474e-06,0.000402765093,-0.0934657322,7.60472987,1744.48622
0.299002806,0.136367278,-6.54616167e-06,0.000105476434,-0.0916993846,10.8309907,1744.69533
0.299012891,0.0349640862,5.8123381e-06,0.000426639778,-0.093443637,7.67757529,1744.48398
0.299016549,0.137615437,-6.25395019e-06,8.90693704e-05,-0.0916982074,10.9406111,1744.68781
0.299019905,0.102249575,-3.05109605e-06,0.000423054421,-0.0924864047,8.9775593,1744.69561
0.299028762,0.0378358195,4.86112018e-06,0.000447484834,-0.0934210555,7.7433105,1744.48505
0.29902937,0.138779867,-5.92769258e-06,7.44447519e-05,-0.0916971358,11.0467334,1744.67996
0.29904133,0.139866187,-5.57074028e-06,6.1513503e-05,-0.0916961328,11.1491494,1744.67197
0.299045775,0.040914044,3.9195874e-06,0.000464606695,-0.0933980278,7.80243929,1744.48972
0.299049002,0.105786393,-3.18857389e-06,0.000390229905,-0.0924751784,9.10532481,1744.71907
0.299052489,0.140879634,-5.18685935e-06,5.01792398e-05,-0.0916951663,11.247678,1744.66397
0.299062899,0.141825099,-4.77971503e-06,4.03397315e-05,-0.0916942076,11.3421648,1744.65607
0.299064011,0.0442136074,3.01839684e-06,0.00047737777,-0.093374594,7.85612148,1744.49824
0.29907261,0.14270714,-4.35304367e-06,3.18898095e-05,-0.091693231,11.432483,1744.64836
0.299076147,0.109085956,-3.32366896e-06,0.000358685832,-0.0924664025,9.23379791,1744.73922
0.299081671,0.143530013,-3.91094005e-06,2.47219807e-05,-0.0916922125,11.5185327,1744.6409
0.299083558,0.0477504251,2.16970791e-06,0.000485245615,-0.0933507958,7.90615548,1744.51077
0.299090123,0.144297686,-3.45794702e-06,1.87281578e-05,-0.0916911296,11.600244,1744.63374
0.299098008,0.145013864,-2.99867015e-06,1.37985473e-05,-0.0916899601,11.6775634,1744.6269
0.299101472,0.112164181,-3.45102893e-06,0.000328420674,-0.0924596552,9.36261067,1744.75625
0.299104511,0.0515415566,1.36351301e-06,0.000487793334,-0.0933266806,7.95448427,1744.52734
0.299105365,0.145681998,-2.53868585e-06,9.82726309e-06,-0.0916886823,11.7504963,1744.6204
0.299112228,0.146305314,-2.08348651e-06,6.70539276e-06,-0.0916872727,11.8190147,1744.61424
0.29911863,0.146886817,-1.6414647e-06,4.33199384e-06,-0.0916857059,11.8832082,1744.60842
0.299124603,0.147429312,-1.21999243e-06,2.59452971e-06,-0.0916839522,11.9430382,1744.60292
0.299125097,0.115035914,-3.56571046e-06,0.000299439873,-0.0924545687,9.49159764,1744.77031
0.29912697,0.0556052884,6.54472119e-07,0.00048475988,-0.0933023105,8.00369833,1744.54788
0.299130176,0.147935415,-8.31793509e-07,1.40670617e-06,-0.0916819749,11.9987844,1744.59774
0.299135374,0.148407569,-4.89125537e-07,6.36756513e-07,-0.0916797265,12.0501881,1744.59284
0.299140224,0.14884805,-2.15458432e-07,2.29739167e-07,-0.0916771424,12.0979598,1744.5882
0.299144749,0.149258983,-2.30902592e-08,-6.19172672e-08,-0.0916741319,12.140913,1744.58379
0.299147137,0.117715008,-3.66308225e-06,0.000271783186,-0.0924508279,9.6204799,1744.78155
0.29914897,0.14964235,4.75658539e-08,1.38490559e-07,-0.091670571,12.182241,1744.57956
0.299151045,0.0599612217,8.43709353e-08,0.000476071139,-0.093277776,8.05784519,1744.57216
0.299152907,0.15,0,0,-0.0916662981,12.2029791,1744.57547
0.299167699,0.120214384,-3.73987521e-06,0.000245489546,-0.0924481675,9.7490595,1744.79014
0.29917685,0.0646303672,-3.80441724e-07,0.000461855839,-0.0932532178,8.12054181,1744.5998
0.299186882,0.1225461,-3.79348354e-06,0.000220608047,-0.0924463666,9.87705304,1744.79629
0.299204511,0.0696352464,-7.29190627e-07,0.000442376801,-0.0932288556,8.19599981,1744.63029
0.299204778,0.124721401,-3.82253241e-06,0.000197177391,-0.0924452441,10.004206,1744.8002
0.299221474,0.12675078,-3.82624714e-06,0.000175231139,-0.0924446517,10.1302139,1744.80214
0.299234161,0.075,-9.65494621e-07,0.000418097329,-0.0932050024,8.28936825,1744.66301
0.299237049,0.128644026,-3.80460495e-06,0.000154787813,-0.0924444694,10.254783,1744.80235
0.29925158,0.13041027,-3.75796348e-06,0.000135854385,-0.0924445999,10.3775964,1744.8011
0.299263811,0.0803647536,-1.10637759e-06,0.000391428454,-0.0931835657,8.39682167,1744.69502
0.299265136,0.132058033,-3.68722268e-06,0.000118422484,-0.0924449645,10.4983491,1744.79865
0.299277782,0.133595261,-3.59348347e-06,0.000102471367,-0.0924454991,10.6167354,1744.79523
0.29928958,0.13502937,-3.47817103e-06,8.79673468e-05,-0.0924461516,10.7324646,1744.79107
0.299291472,0.0853696328,-1.18803584e-06,0.000365122352,-0.0931659006,8.51002147,1744.72374
0.299300587,0.136367278,-3.34273791e-06,7.48662645e-05,-0.0924468789,10.8452585,1744.78637
0.299310856,0.137615437,-3.18884749e-06,6.31146242e-05,-0.0924476453,10.954859,1744.7813
0.299317277,0.0900387783,-1.24932585e-06,0.000339628958,-0.0931516011,8.6281535,1744.74926
0.299320435,0.138779867,-3.01816115e-06,5.26512704e-05,-0.0924484207,11.0610285,1744.776
0.299329372,0.139866187,-2.8323911e-06,4.34091988e-05,-0.0924491798,11.1635541,1744.7706
0.29933771,0.140879634,-2.63346181e-06,3.53168693e-05,-0.0924499006,11.2622495,1744.7652
0.299341351,0.0943947116,-1.29938539e-06,0.000315137703,-0.0931402584,8.74988533,1744.77182
0.299345488,0.141825099,-2.42317467e-06,2.82992327e-05,-0.0924505639,11.3569545,1744.75986
0.299352744,0.14270714,-2.20334337e-06,2.22797102e-05,-0.0924511526,11.4475352,1744.75466
0.299359514,0.143530013,-1.97594184e-06,1.71803921e-05,-0.0924516515,11.5338837,1744.74963
0.299363811,0.0984584434,-1.3480121e-06,0.000291693052,-0.0931314815,8.87391387,1744.79166
0.29936583,0.144297686,-1.74327072e-06,1.2923683e-05,-0.0924520461,11.6159253,1744.74481
0.299371722,0.145013864,-1.50747036e-06,9.43081735e-06,-0.0924523225,11.6935978,1744.74021
0.299377218,0.145681998,-1.27108656e-06,6.62674604e-06,-0.0924524669,11.7668933,1744.73584
0.299382346,0.146305314,-1.03703338e-06,4.433203e-06,-0.0924524645,11.835772,1744.73171
0.299384763,0.102249575,-1.39772912e-06,0.000269250448,-0.0931248994,8.9996204,1744.80903
0.29938713,0.146886817,-8.09494956e-07,2.77984825e-06,-0.0924522985,11.9003182,1744.7278
0.299391593,0.147429312,-5.9192857e-07,1.58415961e-06,-0.0924519489,11.9604654,1744.72412
0.299395757,0.147935415,-3.91654806e-07,7.88722591e-07,-0.0924513895,12.0164648,1744.72065
0.299399641,0.148407569,-2.1247963e-07,2.91565723e-07,-0.0924505845,12.0680459,1744.71738
0.299403265,0.14884805,-7.22746884e-08,5.91135273e-08,-0.0924494803,12.1159392,1744.71427
0.299404311,0.105786393,-1.4487442e-06,0.000247775068,-0.0931201676,9.12632524,1744.82412
0.299406646,0.149258983,2.61798812e-08,-1.31764732e-07,-0.0924479917,12.158972,1744.71131
0.2994098,0.14964235,4.27646291e-08,1.19312505e-07,-0.0924459763,12.2003707,1744.70845
0.299412742,0.15,0,0,-0.0924431841,12.221151,1744.70564
0.299422547,0.109085956,-1.49892624e-06,0.000227221576,-0.0931169731,9.25377667,1744.83709
0.29942613,0,0,0,-0.0940198048,5.20993846,1744.91399
0.299427106,0.000357650242,7.4005021e-08,1.163531e-07,-0.0940173596,5.2298991,1744.91105
0.299428151,0.000741017226,7.54371804e-08,-3.35905104e-07,-0.0940147479,5.27153254,1744.90786
0.299429272,0.00115195011,1.14053275e-07,-3.22037524e-07,-0.0940119606,5.31520208,1744.90442
0.299430474,0.00159243101,2.42297806e-07,-3.25029813e-07,-0.0940089872,5.36311314,1744.90073
0.299431762,0.00206458457,4.64621021e-07,-1.54300427e-07,-0.0940058167,5.41579047,1744.89678
0.299433142,0.0025706882,7.51328566e-07,2.81904229e-07,-0.0940024375,5.47319421,1744.89255
0.299434622,0.00311318307,1.03153703e-06,1.08094307e-06,-0.0939988381,5.53549283,1744.88804
0.299436208,0.00369468589,1.27200057e-06,2.33355416e-06,-0.0939950064,5.60275593,1744.88324
0.299437909,0.00431800152,1.52487821e-06,4.11696423e-06,-0.0939909302,5.67519127,1744.87813
0.299439559,0.112164181,-1.54586916e-06,0.000207580239,-0.0931150378,9.38161466,1744.84804
0.299439731,0.00498613648,1.81524964e-06,6.51583967e-06,-0.0939865972,5.75279433,1744.87272
0.299441685,0.0057023135,2.11090414e-06,9.60501494e-06,-0.0939819951,5.83534982,1744.867
0.299443778,0.00646998704,2.39591512e-06,1.34518117e-05,-0.0939771117,5.9227197,1744.86096
0.299446023,0.00729285993,2.66285335e-06,1.81211756e-05,-0.0939719351,6.01472444,1744.85462
0.299448429,0.00817490128,2.90630083e-06,2.36712868e-05,-0.093966454,6.11110236,1744.84799
0.299451008,0.00912036556,3.12207825e-06,3.0150388e-05,-0.0939606576,6.21150851,1744.84107
0.299453772,0.0101338132,3.30670583e-06,3.75946224e-05,-0.0939545361,6.31551298,1744.8339
0.299455431,0.115035914,-1.58738074e-06,0.000188845249,-0.0931141198,9.50968002,1744.8571
0.299456736,0.0112201325,3.45716736e-06,4.6025676e-05,-0.0939480809,6.42259789,1744.82651
0.299459912,0.0123845633,3.5708658e-06,5.54480294e-05,-0.0939412848,6.53215437,1744.81894
0.299463317,0.0136327222,3.64567954e-06,6.58458616e-05,-0.0939341423,6.64348171,1744.81126
0.299466966,0.0149706296,3.68006745e-06,7.71798948e-05,-0.0939266501,6.75578985,1744.80353
0.299470238,0.117715008,-1.62152668e-06,0.000171033434,-0.0931140121,9.63770177,1744.86437
0.299470878,0.0164047389,3.67308478e-06,8.93842745e-05,-0.093918807,6.86820567,1744.79584
0.299475071,0.0179419674,3.62445468e-06,0.000102363302,-0.0939106144,6.97978236,1744.78828
0.299479566,0.0195897299,3.5346313e-06,0.000115988927,-0.0939020764,7.08951766,1744.78099
0.299484051,0.120214384,-1.64694471e-06,0.00015416055,-0.0931145407,9.76548753,1744.86996
0.299484384,0.0213559743,3.40488649e-06,0.000130097932,-0.0938932002,7.19637374,1744.77408
0.299489548,0.0232492201,3.2374097e-06,0.000144491522,-0.0938839958,7.29931596,1744.76772
0.299495084,0.0252785992,3.03526453e-06,0.000158933706,-0.0938744761,7.39734057,1744.76206
0.299496938,0.1225461,-1.66260986e-06,0.00013824922,-0.093115561,9.8927596,1744.87402
0.299501017,0.0274539002,2.80258761e-06,0.000173154962,-0.0938646566,7.48954616,1744.75729
0.299507378,0.0297856156,2.54435556e-06,0.000186852781,-0.0938545553,7.5751608,1744.75358
0.29950896,0.124721401,-1.66801632e-06,0.000123315222,-0.0931169542,10.0192671,1744.87667
0.299514195,0.0322849924,2.26654318e-06,0.000199702068,-0.0938441919,7.65366092,1744.75112
0.299520176,0.12675078,-1.66198885e-06,0.000109371439,-0.0931186235,10.1447176,1744.8781
0.299521503,0.0349640862,1.97574406e-06,0.000211358139,-0.0938335874,7.72477272,1744.7501
0.299529337,0.0378358195,1.68004636e-06,0.000221476777,-0.0938227635,7.7886592,1744.75068
0.29953064,0.128644026,-1.64478773e-06,9.64214187e-05,-0.0931204904,10.2688171,1744.87845
0.299537733,0.040914044,1.38948786e-06,0.000229718567,-0.0938117424,7.84584202,1744.75302
0.299540402,0.13041027,-1.61774898e-06,8.44619377e-05,-0.0931224916,10.3912391,1744.8779
0.299546733,0.0442136074,1.11982936e-06,0.000235779878,-0.0938005465,7.89748136,1744.75723
0.299549508,0.132058033,-1.58140875e-06,7.34804509e-05,-0.0931245757,10.5116769,1744.87661
0.299556381,0.0477504251,9.32046404e-07,0.000239393347,-0.0937891997,7.94525503,1744.76338
0.299558004,0.133595261,-1.53626698e-06,6.34572851e-05,-0.0931267015,10.6298235,1744.87472
0.29956593,0.13502937,-1.48294428e-06,5.43652072e-05,-0.0931288354,10.745386,1744.87239
0.299566722,0.0515415566,7.07844339e-07,0.000240357999,-0.0937777295,7.99159232,1744.77149
0.299573325,0.136367278,-1.4220571e-06,4.61710913e-05,-0.0931309502,10.8580834,1744.86972
0.299577807,0.0556052884,4.37567406e-07,0.000238559917,-0.0937661713,8.03909074,1744.78152
0.299580223,0.137615437,-1.35429728e-06,3.88366159e-05,-0.0931330236,10.9676544,1744.86683
0.299586658,0.138779867,-1.28033795e-06,3.23193496e-05,-0.0931350373,11.0738575,1744.8638
0.299589689,0.0599612217,2.4946987e-07,0.000233973401,-0.0937545755,8.09138745,1744.79337
0.299592662,0.139866187,-1.20086059e-06,2.65738224e-05,-0.0931369759,11.1764758,1744.86071
0.299598264,0.140879634,-1.11592805e-06,2.15523597e-05,-0.0931388269,11.2753264,1744.85762
0.299602425,0.0646303672,9.35072314e-08,0.000226670012,-0.0937430183,8.15233913,1744.80684
0.299603489,0.141825099,-1.02607351e-06,1.72057101e-05,-0.0931405795,11.3702458,1744.85457
0.299608364,0.14270714,-9.32601156e-07,1.34842451e-05,-0.0931422247,11.4610885,1744.8516
0.299612912,0.143530013,-8.36395089e-07,1.0337888e-05,-0.0931437543,11.547738,1744.84874
0.299616077,0.0696352464,-3.47209789e-08,0.000216789445,-0.0937316157,8.22611466,1744.82168
0.299617154,0.144297686,-7.38364849e-07,7.71738358e-06,-0.0931451613,11.6301137,1744.846
0.299621113,0.145013864,-6.39350887e-07,5.57297198e-06,-0.0931464389,11.7081465,1744.84339
0.299624805,0.145681998,-5.40332247e-07,3.85793187e-06,-0.0931475805,11.7818173,1744.84091
0.29962825,0.146305314,-4.42446078e-07,2.52300681e-06,-0.0931485789,11.8510819,1744.83858
0.299630711,0.075,-1.38189472e-07,0.000204568963,-0.0937205294,8.31785575,1744.8376
0.299631464,0.146886817,-3.47235571e-07,1.525903e-06,-0.0931494258,11.9160086,1744.83638
0.299634462,0.147429312,-2.56178483e-07,8.13231919e-07,-0.0931501105,11.9765147,1744.83431
0.299637259,0.147935415,-1.74784539e-07,3.5405119e-07,-0.0931506185,12.0328763,1744.83236
0.299639869,0.148407569,-1.01792953e-07,7.7628313e-08,-0.0931509282,12.0846948,1744.83052
0.299642303,0.14884805,-4.66071761e-08,-2.52207544e-08,-0.0931510043,12.1327841,1744.82878
0.299644574,0.149258983,-1.98795357e-09,-1.49681346e-07,-0.0931507835,12.1757746,1744.82711
0.299645345,0.0803647536,-2.00133076e-07,0.000191218483,-0.0937106563,8.42382133,1744.85316
0.299646693,0.14964235,-2.56022488e-09,1.06238092e-07,-0.093150135,12.2173981,1744.8255
0.29964867,0.15,0,0,-0.0931487371,12.2385387,1744.82386
0.299658997,0.0853696328,-2.38679332e-07,0.000178103827,-0.0937026185,8.53571546,1744.86711
0.299671733,0.0900387783,-2.70512229e-07,0.000165435988,-0.0936962168,8.65265328,1744.87951
0.299683615,0.0943947116,-2.97186054e-07,0.0001533006,-0.0936912497,8.77326825,1744.89045
0.2996947,0.0984584434,-3.22040427e-07,0.000141713649,-0.0936875244,8.89623571,1744.90007
0.299705041,0.102249575,-3.46759933e-07,0.000130648323,-0.0936848586,9.02093346,1744.90849
0.299714688,0.105786393,-3.71784766e-07,0.000120083962,-0.0936830831,9.14668172,1744.9158
0.299723689,0.109085956,-3.9591736e-07,0.000109994814,-0.0936820445,9.27322504,1744.92208
0.299732085,0.112164181,-4.18277483e-07,0.000100373388,-0.0936816067,9.40020556,1744.92739
0.299739919,0.115035914,-4.38142294e-07,9.12139536e-05,-0.0936816513,9.5274658,1744.93178
0.299747227,0.117715008,-4.54935672e-07,8.25222614e-05,-0.0936820772,9.65473819,1744.93531
0.299754044,0.120214384,-4.68252361e-07,7.43033892e-05,-0.0936827994,9.78183202,1744.93803
0.299760405,0.1225461,-4.77816772e-07,6.6566028e-05,-0.0936837473,9.90847166,1744.94002
0.299766338,0.124721401,-4.8350617e-07,5.93155304e-05,-0.0936848627,10.034407,1744.94134
0.299771874,0.12675078,-4.83418061e-07,5.25559962e-05,-0.0936860986,10.1593314,1744.94206
0.299777038,0.128644026,-4.78014932e-07,4.62870089e-05,-0.0936874166,10.2829528,1744.94228
0.299781856,0.13041027,-4.69603502e-07,4.05051708e-05,-0.0936887857,10.4049603,1744.94207
0.299786351,0.132058033,-4.58535319e-07,3.52026943e-05,-0.0936901811,10.5250475,1744.9415
0.299790544,0.133595261,-4.44967147e-07,3.03685269e-05,-0.0936915827,10.6429054,1744.94065
0.299794456,0.13502937,-4.29087324e-07,2.59881218e-05,-0.0936929742,10.7582388,1744.93959
0.299798105,0.136367278,-4.11079926e-07,2.2044281e-05,-0.0936943424,10.8707643,1744.93837
0.29980151,0.137615437,-3.91149135e-07,1.85174756e-05,-0.0936956768,10.9802175,1744.93705
0.299804686,0.138779867,-3.69489628e-07,1.53863692e-05,-0.0936969687,11.0863537,1744.93566
0.299807649,0.139866187,-3.46286338e-07,1.26283653e-05,-0.0936982108,11.1889531,1744.93425
0.299810414,0.140879634,-3.20373227e-07,1.02199364e-05,-0.0936993973,11.2878155,1744.93283
0.299812993,0.141825099,-2.91628866e-07,8.1368488e-06,-0.0937005234,11.3827703,1744.93143
0.299815399,0.14270714,-2.61442573e-07,6.35490221e-06,-0.0937015851,11.473679,1744.93007
0.299817643,0.143530013,-2.30328377e-07,4.84980313e-06,-0.0937025787,11.5604234,1744.92876
0.299819737,0.144297686,-1.98577882e-07,3.5978141e-06,-0.0937035014,11.6429185,1744.92751
0.299821691,0.145013864,-1.66458326e-07,2.57492795e-06,-0.0937043503,11.7210908,1744.92632
0.299823513,0.145681998,-1.3428469e-07,1.75891625e-06,-0.0937051227,11.7949156,1744.92519
0.299825214,0.146305314,-1.0244367e-07,1.1259296e-06,-0.0937058155,11.8643443,1744.92413
0.2998268,0.146886817,-7.14307138e-08,6.56560701e-07,-0.0937064253,11.929437,1744.92313
0.29982828,0.147429312,-4.17121149e-08,3.23854916e-07,-0.0937069474,11.9901036,1744.92218
0.29982966,0.147935415,-1.57190238e-08,1.15931188e-07,-0.0937073752,12.0466442,1744.9213
0.299830948,0.148407569,5.64048586e-09,-6.09735037e-09,-0.0937076984,12.0986343,1744.92047
0.29983215,0.14884805,2.28697343e-08,-3.45683359e-08,-0.0937078999,12.1469021,1744.91968
0.299833271,0.149258983,3.5922311e-08,-1.16375025e-07,-0.0937079459,12.1896614,1744.91892
0.299834316,0.14964235,5.10070136e-08,1.0351027e-07,-0.0937077567,12.2311345,1744.91818
0.299835292,0.15,0,0,-0.0937070711,12.2524165,1744.91741
0.3,0,0,0,-0.0941654077,5.23438379,1744.98349
0.3,0.000357650242,0,0,-0.0942,5.25433084,1745
0.3,0.000741017226,0,0,-0.0942,5.29581484,1745
0.3,0.00115195011,0,0,-0.0942,5.3395642,1745
0.3,0.00159243101,0,0,-0.0942,5.3877291,1745
0.3,0.00206458457,0,0,-0.0942,5.44023676,1745
0.3,0.0025706882,0,0,-0.0942,5.49738087,1745
0.3,0.00311318307,0,0,-0.0942,5.55991006,1745
0.3,0.00369468589,0,0,-0.0942,5.62791504,1745
0.3,0.00431800152,0,0,-0.0942,5.70088109,1745
0.3,0.00498613648,0,0,-0.0942,5.77862707,1745
0.3,0.0057023135,0,0,-0.0942,5.86130011,1745
0.3,0.00646998704,0,0,-0.0942,5.94881191,1745
0.3,0.00729285993,0,0,-0.0942,6.04096637,1745
0.3,0.00817490128,0,0,-0.0942,6.13749018,1745
0.3,0.00912036556,0,0,-0.0942,6.23802657,1745
0.3,0.0101338132,0,0,-0.0942,6.3421352,1745
0.3,0.0112201325,0,0,-0.0942,6.44928952,1745
0.3,0.0123845633,0,0,-0.0942,6.55887316,1745
0.3,0.0136327222,0,0,-0.0942,6.67017887,1745
0.3,0.0149706296,0,0,-0.0942,6.78241088,1745
0.3,0.0164047389,0,0,-0.0942,6.89469116,1745
0.3,0.0179419674,0,0,-0.0942,7.00606888,1745
0.3,0.0195897299,0,0,-0.0942,7.11553863,1745
0.3,0.0213559743,0,0,-0.0942,7.2220605,1745
0.3,0.0232492201,0,0,-0.0942,7.32459881,1745
0.3,0.0252785992,0,0,-0.0942,7.42215016,1745
0.3,0.0274539002,0,0,-0.0942,7.51381481,1745
0.3,0.0297856156,0,0,-0.0942,7.59882439,1745
0.3,0.0322849924,0,0,-0.0942,7.67666075,1745
0.3,0.0349640862,0,0,-0.0942,7.74705822,1745
0.3,0.0378358195,0,0,-0.0942,7.81018614,1745
0.3,0.040914044,0,0,-0.0942,7.86656757,1745
0.3,0.0442136074,0,0,-0.0942,7.91733334,1745
0.3,0.0477504251,0,0,-0.0942,7.96368546,1745
0.3,0.0515415566,0,0,-0.0942,8.00887082,1745
0.3,0.0556052884,0,0,-0.0942,8.0558091,1745
0.3,0.0599612217,0,0,-0.0942,8.10729016,1745
0.3,0.0646303672,0,0,-0.0942,8.16740014,1745
0.3,0.0696352464,0,0,-0.0942,8.24040261,1745
0.3,0.075,0,0,-0.0942,8.33148462,1745
0.3,0.0803647536,0,0,-0.0942,8.43678146,1745
0.3,0.0853696328,0,0,-0.0942,8.54809072,1745
0.3,0.0900387783,0,0,-0.0942,8.66448458,1745
0.3,0.0943947116,0,0,-0.0942,8.78460176,1745
0.3,0.0984584434,0,0,-0.0942,8.90709461,1745
0.3,0.102249575,0,0,-0.0942,9.03135559,1745
0.3,0.105786393,0,0,-0.0942,9.15669765,1745
0.3,0.109085956,0,0,-0.0942,9.2828647,1745
0.3,0.112164181,0,0,-0.0942,9.40949278,1745
0.3,0.115035914,0,0,-0.0942,9.53642611,1745
0.3,0.117715008,0,0,-0.0942,9.66339494,1745
0.3,0.120214384,0,0,-0.0942,9.79020922,1745
0.3,0.1225461,0,0,-0.0942,9.91659211,1745
0.3,0.124721401,0,0,-0.0942,10.0422934,1745
0.3,0.12675078,0,0,-0.0942,10.1669858,1745
0.3,0.128644026,0,0,-0.0942,10.2903798,1745
0.3,0.13041027,0,0,-0.0942,10.4121861,1745
0.3,0.132058033,0,0,-0.0942,10.5320992,1745
0.3,0.133595261,0,0,-0.0942,10.6498095,1745
0.3,0.13502937,0,0,-0.0942,10.7650204,1745
0.3,0.136367278,0,0,-0.0942,10.8774472,1745
0.3,0.137615437,0,0,-0.0942,10.9868243,1745
0.3,0.138779867,0,0,-0.0942,11.0929054,1745
0.3,0.139866187,0,0,-0.0942,11.1954695,1745
0.3,0.140879634,0,0,-0.0942,11.2942974,1745
0.3,0.141825099,0,0,-0.0942,11.389212,1745
0.3,0.14270714,0,0,-0.0942,11.4800882,1745
0.3,0.143530013,0,0,-0.0942,11.5668096,1745
0.3,0.144297686,0,0,-0.0942,11.6492897,1745
0.3,0.145013864,0,0,-0.0942,11.7274539,1745
0.3,0.145681998,0,0,-0.0942,11.8012762,1745
0.3,0.146305314,0,0,-0.0942,11.8707064,1745
0.3,0.146886817,0,0,-0.0942,11.9358037,1745
0.3,0.147429312,0,0,-0.0942,11.9964732,1745
0.3,0.147935415,0,0,-0.0942,12.0529985,1745
0.3,0.148407569,0,0,-0.0942,12.1050281,1745
0.3,0.14884805,0,0,-0.0942,12.1533764,1745
0.3,0.149258983,0,0,-0.0942,12.1959659,1745
0.3,0.14964235,0,0,-0.0942,12.2371725,1745
0.3,0.15,0,0,-0.0940312373,12.2584055,1744.97172
