r,z,u_r,u_z,u_swirl,p,T
0,0,0,0,-9.00975817e-05,0,1700.13591
0,0.000357650242,-1.05028671e-07,-4.90023117e-08,-8.93769231e-05,-0.0121434804,1700.32072
0,0.000741017226,-2.33099513e-07,8.22661211e-07,-8.86070526e-05,-0.0354523845,1700.57601
0,0.00115195011,-3.86072329e-07,1.56120374e-06,-8.77843947e-05,-0.0577908391,1700.81886
0,0.00159243101,-5.66599217e-07,3.00393702e-06,-8.69052883e-05,-0.08155673,1701.05493
0,0.00206458457,-7.76163919e-07,5.18507598e-06,-8.59659712e-05,-0.106378857,1701.28756
0,0.0025706882,-1.01698246e-06,8.33012415e-06,-8.49624954e-05,-0.132462014,1701.51878
0,0.00311318307,-1.29139645e-06,1.26669643e-05,-8.3890697e-05,-0.159688445,1701.74985
0,0.00369468589,-1.60198325e-06,1.85026134e-05,-8.27461803e-05,-0.188128982,1701.98162
0,0.00431800152,-1.95138794e-06,2.61950806e-05,-8.15243047e-05,-0.217809934,1702.21462
0,0.00498613648,-2.34232416e-06,3.61765633e-05,-8.02201739e-05,-0.248775104,1702.44913
0,0.0057023135,-2.77750305e-06,4.89607204e-05,-7.88286246e-05,-0.281062486,1702.68531
0,0.00646998704,-3.25957971e-06,6.51578179e-05,-7.73442166e-05,-0.31471372,1702.92315
0,0.00729285993,-3.79107513e-06,8.54891682e-05,-7.57612223e-05,-0.349771848,1703.16254
0,0.00817490128,-4.37429078e-06,0.000110804192,-7.40736164e-05,-0.38628404,1703.40324
0,0.00912036556,-5.0112013e-06,0.000142098771,-7.22750669e-05,-0.424303075,1703.64492
0,0.0101338132,-5.70332796e-06,0.000180535407,-7.03589263e-05,-0.463889747,1703.88713
0,0.0112201325,-6.4515935e-06,0.0002274645,-6.83182263e-05,-0.505116473,1704.12937
0,0.0123845633,-7.25613962e-06,0.000284447034,-6.6145674e-05,-0.548069925,1704.37101
0,0.0136327222,-8.11613877e-06,0.000353276713,-6.38336536e-05,-0.592858664,1704.61137
0,0.0149706296,-9.02952243e-06,0.000436003416,-6.13742329e-05,-0.639613262,1704.84968
0,0.0164047389,-9.99279054e-06,0.000534950844,-5.87591793e-05,-0.688505507,1705.08513
0,0.0179419674,-1.1000556e-05,0.000652738075,-5.59799894e-05,-0.739734371,1705.31687
0,0.0195897299,-1.20454725e-05,0.000792280137,-5.30279365e-05,-0.793579234,1705.544
0,0.0213559743,-1.31173578e-05,0.000956805644,-4.98941427e-05,-0.850335664,1705.76565
0,0.0232492201,-1.42036309e-05,0.00114981167,-4.65696862e-05,-0.910465007,1705.98093
0,0.0252785992,-1.5287401e-05,0.00137508235,-4.30457517e-05,-0.974381812,1706.18902
0,0.0274539002,-1.63493742e-05,0.00163653491,-3.93138409e-05,-1.04285522,1706.38911
0,0.0297856156,-1.73635172e-05,0.00193826757,-3.53660552e-05,-1.11640994,1706.5805
0,0.0322849924,-1.83025761e-05,0.00228416062,-3.11954727e-05,-1.19633832,1706.76256
0,0.0349640862,-1.91283503e-05,0.00267804603,-2.67966301e-05,-1.28317778,1706.93474
0,0.0378358195,-1.9805331e-05,0.00312277516,-2.21661393e-05,-1.37911494,1707.09661
0,0.040914044,-2.0279529e-05,0.00362076362,-1.73034314e-05,-1.48438995,1707.24783
0,0.0442136074,-2.0509409e-05,0.00417191881,-1.22116506e-05,-1.60273131,1707.38816
0,0.0477504251,-2.04208934e-05,0.00477520513,-6.89864211e-06,-1.73329812,1707.51742
0,0.0515415566,-1.99746557e-05,0.00542414359,-1.37800337e-06,-1.88252566,1707.63554
0,0.0556052884,-1.90707023e-05,0.00611100011,4.32993766e-06,-2.04667176,1707.74251
0,0.0599612217,-1.76942844e-05,0.00681703956,1.01975231e-05,-2.23709768,1707.83836
0,0.0646303672,-1.57069286e-05,0.00752337529,1.61895893e-05,-2.44289755,1707.92321
0,0.0696352464,-1.31750735e-05,0.00818976966,2.22651443e-05,-2.68413306,1707.99724
0,0.075,-9.88438899e-06,0.00878428261,2.83847265e-05,-2.93390806,1708.06081
0,0.0803647536,-6.33905154e-06,0.00921142495,3.41170017e-05,-3.21482164,1708.11104
0,0.0853696328,-2.70405265e-06,0.0094493691,3.91340099e-05,-3.44612286,1708.14781
0,0.0900387783,6.15736559e-07,0.00951929783,4.35528493e-05,-3.70336079,1708.1747
0,0.0943947116,3.69515038e-06,0.00940197688,4.74787137e-05,-3.93508923,1708.1942
0,0.0984584434,6.61896563e-06,0.00916974724,5.0999759e-05,-4.12618532,1708.20778
0,0.102249575,9.14167125e-06,0.00883141883,5.41890151e-05,-4.32360212,1708.21541
0,0.105786393,1.13770568e-05,0.00840321328,5.71039384e-05,-4.48712346,1708.21526
0,0.109085956,1.31883284e-05,0.00791621008,5.97897879e-05,-4.64986171,1708.20321
0,0.112164181,1.46970405e-05,0.0073845341,6.22804917e-05,-4.78723547,1708.16997
0,0.115035914,1.58405934e-05,0.00683054479,6.46016239e-05,-4.91861329,1708.10013
0,0.117715008,1.67037754e-05,0.0062659813,6.67717511e-05,-5.03216185,1707.97328
0,0.120214384,1.72702398e-05,0.00570533861,6.88045957e-05,-5.13842833,1707.7653
0,0.1225461,1.75983262e-05,0.00515705315,7.07101583e-05,-5.23260799,1707.45188
0,0.124721401,1.76954891e-05,0.00462973508,7.24960359e-05,-5.32053138,1707.01295
0,0.12675078,1.76037596e-05,0.00412848426,7.41681703e-05,-5.4007411,1706.43658
0,0.128644026,1.73403212e-05,0.00365770512,7.5731565e-05,-5.47650431,1705.72113
0,0.13041027,1.6936721e-05,0.00321972184,7.71906925e-05,-5.54763405,1704.87531
0,0.132058033,1.64122044e-05,0.00281606475,7.85498223e-05,-5.61586258,1703.91637
0,0.133595261,1.5790917e-05,0.00244703455,7.98131893e-05,-5.68126982,1702.86723
0,0.13502937,1.50905147e-05,0.00211231528,8.09851017e-05,-5.74464358,1701.75337
0,0.136367278,1.43294656e-05,0.00181089518,8.20699727e-05,-5.80599608,1700.60012
0,0.137615437,1.35224354e-05,0.00154137658,8.30723204e-05,-5.865586,1699.43072
0,0.138779867,1.26833285e-05,0.00130200941,8.3996739e-05,-5.92333572,1698.26512
0,0.139866187,1.18235707e-05,0.00109085697,8.48478577e-05,-5.97926112,1697.1195
0,0.140879634,1.09533633e-05,0.000905849094,8.56302942e-05,-6.03325764,1696.00628
0,0.141825099,1.00811654e-05,0.00074487407,8.63486083e-05,-6.08526598,1694.93444
0,0.14270714,9.21418197e-06,0.000605820604,8.70072587e-05,-6.13520895,1693.91001
0,0.143530013,8.3583981e-06,0.000486629987,8.76105677e-05,-6.18302655,1692.9366
0,0.144297686,7.51860981e-06,0.000385318033,8.81626898e-05,-6.22870306,1692.01592
0,0.145013864,6.69892105e-06,0.000300009526,8.86675893e-05,-6.27218102,1691.14825
0,0.145681998,5.90210108e-06,0.000228932779,8.91290238e-05,-6.313554,1690.3328
0,0.146305314,5.1311174e-06,0.000170464151,8.95505331e-05,-6.35267712,1689.56805
0,0.146886817,4.3867222e-06,0.000123065045,8.99354349e-05,-6.3899229,1688.85201
0,0.147429312,3.67200542e-06,8.54075565e-05,9.02868222e-05,-6.42469653,1688.18237
0,0.147935415,2.98499301e-06,5.61339549e-05,9.06075671e-05,-6.4582957,1687.55667
0,0.148407569,2.33163826e-06,3.43026632e-05,9.09003239e-05,-6.48822262,1686.97237
0,0.14884805,1.70332578e-06,1.85463579e-05,9.11675364e-05,-6.51885257,1686.42697
0,0.149258983,1.10894684e-06,8.55837604e-06,9.14114369e-05,-6.5417136,1685.91802
0,0.14964235,5.37876184e-07,2.55210988e-06,9.16340214e-05,-6.57648031,1685.44315
0,0.15,0,0,9.1837247e-05,-6.60369595,1685.08422
0.000219181974,0.15,0,0,0.000183674494,-6.6036757,1685
0.000220027669,0.14964235,1.07081841e-06,2.54085629e-06,0.000183267616,-6.57702679,1685.443
0.000220934173,0.149258983,2.20450069e-06,8.54449812e-06,0.000182822431,-6.54304256,1685.91784
0.00022190586,0.14884805,3.38281604e-06,1.85299739e-05,0.000182334653,-6.52082916,1686.42677
0.000222947415,0.148407569,4.62868071e-06,3.42826584e-05,0.000181800259,-6.49092817,1686.97214
0.000224063863,0.147935415,5.9257547e-06,5.61113066e-05,0.000181214783,-6.46171044,1687.5564
0.000225260588,0.147429312,7.28940898e-06,8.538035e-05,0.000180573337,-6.42889507,1688.18207
0.000226543365,0.146886817,8.70823453e-06,0.000123033261,0.000179870615,-6.39490578,1688.85167
0.000227918378,0.146305314,1.01859347e-05,0.000170425777,0.000179100872,-6.35847977,1689.56767
0.000229392262,0.145681998,1.17164952e-05,0.000228886578,0.000178257925,-6.32018774,1690.33236
0.000230972125,0.145013864,1.32983664e-05,0.000299953391,0.000177335139,-6.27966486,1691.14775
0.000232665587,0.144297686,1.49257032e-05,0.000385249853,0.000176325436,-6.23704566,1692.01536
0.000234480818,0.143530013,1.65929995e-05,0.000486547104,0.000175221302,-6.19223429,1692.93596
0.000236426572,0.14270714,1.829213e-05,0.000605720038,0.000174014812,-6.1452805,1693.90929
0.000238512235,0.141825099,2.00135802e-05,0.000744752332,0.000172697658,-6.09619349,1694.93364
0.000240747867,0.140879634,2.17454811e-05,0.000905702249,0.000171261198,-6.0450248,1696.00539
0.000243144252,0.139866187,2.34735419e-05,0.00109068055,0.000169696517,-5.99184214,1697.11853
0.000245712948,0.138779867,2.51809753e-05,0.00130179848,0.000167994499,-5.93669471,1698.26407
0.000248466345,0.137615437,2.68475467e-05,0.00154112566,0.000166145911,-5.87967465,1699.42959
0.000251417725,0.136367278,2.84505665e-05,0.00181059849,0.000164141496,-5.82075448,1700.59893
0.000254581322,0.13502937,2.99624598e-05,0.00211196654,0.00016197207,-5.75999591,1701.75214
0.000257972398,0.133595261,3.1354075e-05,0.00244662763,0.0001596286,-5.69712852,1702.86599
0.000261607308,0.132058033,3.25888121e-05,0.00281559311,0.000157102261,-5.63211938,1703.91515
0.000265503585,0.13041027,3.36315061e-05,0.00321918019,0.000154384441,-5.56417211,1704.87415
0.000269680022,0.128644026,3.44343924e-05,0.00365708758,0.000151466673,-5.49317789,1705.72007
0.000274156766,0.12675078,3.4958952e-05,0.00412778876,0.000148340421,-5.41740676,1706.43566
0.000278955408,0.124721401,3.51430098e-05,0.00462895765,0.000144996745,-5.33699985,1707.0122
0.000284099095,0.1225461,3.49516983e-05,0.00515619934,0.000141425645,-5.24872038,1707.4513
0.000289612638,0.120214384,3.43026427e-05,0.00570440706,0.000137615243,-5.15394114,1707.76488
0.000295522631,0.117715008,3.3179443e-05,0.00626499338,0.000133550358,-5.04692904,1707.973
0.00030185758,0.115035914,3.14685608e-05,0.00682949957,0.000129211003,-4.93231331,1708.09996
0.000308648042,0.112164181,2.91993448e-05,0.00738348433,0.00012456976,-4.79979636,1708.16988
0.00031592677,0.109085956,2.6207923e-05,0.0079151447,0.000119589523,-4.66082868,1708.20318
0.000323728873,0.105786393,2.26131826e-05,0.00840224613,0.000114219196,-4.49662075,1708.21526
0.000332091984,0.102249575,1.81804294e-05,0.00883050043,0.000108390971,-4.33092216,1708.21544
0.000341056442,0.0984584434,1.31695512e-05,0.00916910363,0.000102014427,-4.13187956,1708.20783
0.000350665488,0.0943947116,7.37332366e-06,0.0094014758,9.49747199e-05,-3.93752767,1708.19428
0.000360965469,0.0900387783,1.2394065e-06,0.00951916139,8.71259479e-05,-3.70444429,1708.17481
0.000372006067,0.0853696328,-5.36867084e-06,0.00944978316,7.82918826e-05,-3.44474256,1708.14797
0.000383840537,0.0803647536,-1.25911845e-05,0.0092121605,6.8262346e-05,-3.21141932,1708.11125
0.000396525961,0.075,-1.96283549e-05,0.00878566873,5.68009289e-05,-2.92792828,1708.0611
0.000409211385,0.0696352464,-2.61765156e-05,0.00819126064,4.45606417e-05,-2.67652933,1707.99759
0.000421045854,0.0646303672,-3.12088158e-05,0.00752491767,3.24063129e-05,-2.43368512,1707.9236
0.000432086453,0.0599612217,-3.51630401e-05,0.00681843805,2.04191736e-05,-2.22698682,1707.8388
0.000442386434,0.0556052884,-3.79007233e-05,0.0061122797,8.68121362e-06,-2.03586166,1707.74299
0.000445081285,0.15,0,0,0.000372978117,-6.60345385,1685
0.000446834408,0.14964235,2.14546474e-06,2.526015e-06,0.000372180921,-6.57753422,1685.443
0.000448713589,0.149258983,4.4051575e-06,8.53416101e-06,0.000371308362,-6.544283,1685.91784
0.000450727892,0.14884805,6.75621533e-06,1.85114045e-05,0.000370351208,-6.52253876,1686.42677
0.000451995479,0.0515415566,-3.9700138e-05,0.0054252507,-2.73722932e-06,-1.87142784,1707.63607
0.000452887032,0.148407569,9.24150782e-06,3.42592662e-05,0.000369301283,-6.49335166,1686.97214
0.000455201426,0.147935415,1.18325019e-05,5.60909889e-05,0.000368149562,-6.46471872,1687.5564
0.000457682234,0.147429312,1.45553224e-05,8.53586006e-05,0.000366886165,-6.43265056,1688.18207
0.000460341425,0.146886817,1.7389511e-05,0.000123013561,0.000365500354,-6.3993598,1688.85167
0.000460959937,0.0477504251,-4.05889603e-05,0.00477616462,-1.37808356e-05,-1.72210021,1707.51798
0.000463191825,0.146305314,2.03414188e-05,0.000170405813,0.000363980498,-6.36369397,1689.56766
0.000466247181,0.145681998,2.33998791e-05,0.000228867455,0.000362314054,-6.32615941,1690.33235
0.000469323049,0.0442136074,-4.07666689e-05,0.00417272786,-2.44089529e-05,-1.59166965,1707.38876
0.000469522232,0.145013864,2.65615278e-05,0.000299934317,0.000360487553,-6.28642063,1691.14774
0.000473032774,0.144297686,2.98150541e-05,0.000385231128,0.000358486607,-6.24459075,1692.01534
0.000476795741,0.143530013,3.31494826e-05,0.00048652845,0.000356295921,-6.20057751,1692.93595
0.000477125152,0.040914044,-4.03111582e-05,0.00362144536,-3.45943956e-05,-1.4735985,1707.24847
0.000480829284,0.14270714,3.65487903e-05,0.000605701481,0.000353899337,-6.1544203,1693.90927
0.00048440388,0.0378358195,-3.93697443e-05,0.00312334165,-4.43214868e-05,-1.36872338,1707.09728
0.000485152857,0.141825099,3.99940798e-05,0.000744733711,0.000351279897,-6.10612353,1694.93362
0.000489787315,0.140879634,4.34617826e-05,0.000905683487,0.000348419933,-6.05573013,1696.00537
0.000491194342,0.0349640862,-3.80250769e-05,0.00267851631,-5.35839542e-05,-1.27326594,1706.93543
0.000494755013,0.139866187,4.69234645e-05,0.00109066146,0.000345301186,-6.00329905,1697.1185
0.000497529291,0.0322849924,-3.63843935e-05,0.00228454843,-6.23829531e-05,-1.18696915,1706.76327
0.000500079912,0.138779867,5.03456706e-05,0.00130177892,0.000341904949,-5.94887012,1698.26404
0.000503439283,0.0297856156,-3.45184155e-05,0.00193858728,-7.07252769e-05,-1.1076205,1706.58125
0.000505787696,0.137615437,5.36880548e-05,0.00154110534,0.00033821224,-5.89252352,1699.42956
0.000508952826,0.0274539002,-3.25030008e-05,0.00163679786,-7.86218694e-05,-1.03466667,1706.38988
0.000511905897,0.136367278,5.69052725e-05,0.0018105772,0.000334203983,-5.83422144,1700.5989
0.000514096513,0.0252785992,-3.03924285e-05,0.00137529876,-8.60865895e-05,-0.966801091,1706.18982
0.000518464025,0.13502937,5.99422408e-05,0.00211194382,0.000329861201,-5.77401011,1701.75211
0.000518895156,0.0232492201,-2.8238402e-05,0.00114998984,-9.31352493e-05,-0.903487577,1705.98176
0.000523371899,0.0213559743,-2.6079337e-05,0.000956952552,-9.97848581e-05,-0.843949007,1705.76651
0.000525493714,0.133595261,6.2740538e-05,0.0024466032,0.000325165173,-5.71160866,1702.86596
0.000527548337,0.0195897299,-2.39487886e-05,0.000792401473,-0.000106053058,-0.787763737,1705.5449
0.000531444614,0.0179419674,-2.18717997e-05,0.000652838484,-0.000111957703,-0.734466123,1705.3178
0.000533028871,0.132058033,6.52269522e-05,0.00281556623,0.000320097554,-5.64696432,1703.91512
0.000535079524,0.0164047389,-1.98686041e-05,0.000535034102,-0.000117516558,-0.683756847,1705.08612
0.000538470599,0.0149706296,-1.79538217e-05,0.000436072564,-0.000122747085,-0.635354566,1704.85072
0.000541105841,0.13041027,6.73307662e-05,0.00321915056,0.000314640372,-5.57927233,1704.87412
0.000541634197,0.0136327222,-1.61381608e-05,0.000353334217,-0.000127666296,-0.58905885,1704.61247
0.000544585576,0.0123845633,-1.44285862e-05,0.000284494875,-0.000132290663,-0.544697477,1704.37218
0.000547338974,0.0112201325,-1.28292105e-05,0.000227504286,-0.000136636055,-0.50213986,1704.13063
0.000549763583,0.128644026,6.89563741e-05,0.00365705403,0.000308775896,-5.50839817,1705.72004
0.00054990767,0.0101338132,-1.13416818e-05,0.000180568441,-0.00014071771,-0.461277983,1703.88849
0.000552304054,0.00912036556,-9.96571928e-06,0.000142126116,-0.000144550216,-0.42202602,1703.64639
0.000554539686,0.00817490128,-8.69948988e-06,0.000110826718,-0.000148147514,-0.384312699,1703.40485
0.000556625349,0.00729285993,-7.53997007e-06,8.55075963e-05,-0.000151522902,-0.348078543,1703.16432
0.000558571104,0.00646998704,-6.48323552e-06,6.51727475e-05,-0.000154689046,-0.313272234,1702.92513
0.000559043858,0.12675078,7.00258889e-05,0.00412775107,0.000302486196,-5.43260955,1706.43563
0.000560386334,0.0057023135,-5.52471218e-06,4.89726556e-05,-0.000157657999,-0.279848157,1702.68753
0.000562079797,0.00498613648,-4.65939005e-06,3.61859286e-05,-0.000160441219,-0.247764855,1702.45165
0.000563659659,0.00431800152,-3.88199365e-06,2.62022416e-05,-0.000163049588,-0.216982359,1702.21751
0.000565133543,0.00369468589,-3.18713928e-06,1.85078674e-05,-0.000165493433,-0.187464228,1701.985
0.000566508557,0.00311318307,-2.56943647e-06,1.26705893e-05,-0.000167782549,-0.159168561,1701.75385
0.000567791333,0.0025706882,-2.02363878e-06,8.33226673e-06,-0.000169926217,-0.132070117,1701.52361
0.000568988059,0.00206458457,-1.5446282e-06,5.18597451e-06,-0.000171933228,-0.10610143,1701.29359
0.000568991429,0.124721401,7.04149086e-05,0.00462891396,0.000295752458,-5.35201328,1707.01217
0.000570104507,0.00159243101,-1.12778264e-06,3.00340437e-06,-0.000173811909,-0.0813789472,1701.06276
0.000571146062,0.00115195011,-7.68717707e-07,1.55969608e-06,-0.000175570146,-0.0577086375,1700.82957
0.000572117748,0.000741017226,-4.64551536e-07,8.1995512e-07,-0.000177215425,-0.0354487963,1700.59173
0.000573024252,0.000357650242,-2.09675396e-07,-4.48702097e-08,-0.0001787549,-0.0122216543,1700.34572
0.000573869947,0,0,0,-0.000180195163,-0.000124332825,1700.08602
0.000579654277,0.1225461,7.00521174e-05,0.00515614968,0.000288553643,-5.26338339,1707.45127
0.000591083834,0.120214384,6.87729043e-05,0.00570434854,0.000280864818,-5.16804473,1707.76486
0.000603335231,0.117715008,6.65419321e-05,0.00626492658,0.000272654237,-5.06029959,1707.97299
0.000616467561,0.115035914,6.31326275e-05,0.00682942019,0.000263880266,-4.94470712,1708.09995
0.000630544167,0.112164181,5.8600267e-05,0.00738339382,0.000254486001,-4.81104631,1708.16988
0.000645632948,0.109085956,5.26178585e-05,0.00791503777,0.000244394633,-4.6706629,1708.20319
0.000661806683,0.105786393,4.54199955e-05,0.00840212553,0.00023350063,-4.50490481,1708.21529
0.000679143387,0.102249575,3.65356641e-05,0.00883036398,0.000221664099,-4.3373719,1708.21548
0.000686430473,0.15,0,0,0.000575228736,-6.60297159,1685
0.000689136354,0.14964235,3.28451836e-06,2.51773154e-06,0.000574000294,-6.57754442,1685.443
0.0006920368,0.149258983,6.73798057e-06,8.54639839e-06,0.000572656235,-6.54425736,1685.91784
0.000695145802,0.14884805,1.03384089e-05,1.85038814e-05,0.00057118196,-6.52218295,1686.42676
0.000697726681,0.0984584434,2.64803106e-05,0.0091689592,0.000208698681,-4.13639386,1708.20791
0.000698478356,0.148407569,1.41396037e-05,3.4243527e-05,0.000569564769,-6.49301483,1686.97213
0.000702050537,0.147935415,1.81058001e-05,5.60801263e-05,0.000567790712,-6.46416038,1687.55639
0.000705879574,0.147429312,2.22692824e-05,8.53451292e-05,0.000565844553,-6.43205765,1688.18206
0.000709983937,0.146886817,2.66046e-05,0.00012300272,0.000563709726,-6.39862145,1688.85165
0.000714383423,0.146305314,3.11185262e-05,0.000170393973,0.000561368293,-6.36286356,1689.56764
0.000717646202,0.0943947116,1.48804568e-05,0.00940132882,0.000194367752,-3.93947664,1708.19439
0.000719099253,0.145681998,3.5795878e-05,0.000228856228,0.00055880091,-6.32520365,1690.33233
0.000724154174,0.145013864,4.06305082e-05,0.000299922389,0.000555986807,-6.28535354,1691.14772
0.000729572566,0.144297686,4.56057146e-05,0.000385218861,0.000552903791,-6.2434027,1692.01532
0.000735380568,0.143530013,5.07044296e-05,0.00048651531,0.000549528272,-6.19927182,1692.93592
0.000738998031,0.0900387783,2.52076628e-06,0.00951898247,0.000178370748,-3.70450326,1708.17498
0.000741606192,0.14270714,5.59023378e-05,0.000605687411,0.000545835328,-6.1529948,1693.90924
0.000748279467,0.141825099,6.11704863e-05,0.000744718351,0.000541798801,-6.10457975,1694.93358
0.000755432583,0.140879634,6.64728875e-05,0.000905666607,0.000537391433,-6.05406945,1696.00533
0.000761885158,0.0853696328,-1.08412685e-05,0.00944961301,0.000160344547,-3.44320547,1708.1482
0.000763100042,0.139866187,7.17660781e-05,0.00109064265,0.000532585056,-6.00152401,1697.11846
0.000771318827,0.138779867,7.69988931e-05,0.00130175782,0.00052735081,-5.94698531,1698.26399
0.000780128581,0.137615437,8.21096993e-05,0.00154108136,0.000521659406,-5.89053357,1699.42951
0.000786417976,0.0803647536,-2.5352059e-05,0.00921196346,0.000139855932,-3.20736257,1708.11157
0.000789571799,0.136367278,8.70290921e-05,0.00181054986,0.00051548141,-5.83213501,1700.59885
0.000799694028,0.13502937,9.16729645e-05,0.00211191222,0.000508787532,-5.77183434,1701.75205
0.000810544094,0.133595261,9.59518176e-05,0.00244656675,0.000501548882,-5.70935762,1702.86589
0.000812714821,0.075,-3.95248672e-05,0.00878544375,0.000116417436,-2.92193185,1708.06153
0.000822174331,0.132058033,9.97539421e-05,0.00281552354,0.000493737141,-5.64464762,1703.91505
0.000834640837,0.13041027,0.000102970858,0.00321910099,0.000485324565,-5.57691133,1704.87405
0.000839011666,0.0696352464,-5.27284558e-05,0.00819105186,9.13622865e-05,-2.6687869,1707.99814
0.000848003743,0.128644026,0.00010545684,0.00365699544,0.000476283775,-5.50600406,1705.71997
0.000862327506,0.12675078,0.000107092113,0.0041276829,0.000466587087,-5.43021332,1706.43557
0.000863544484,0.0646303672,-6.28831955e-05,0.0075247228,6.64629076e-05,-2.42478033,1707.92429
0.000877681215,0.124721401,0.000107687343,0.00462883297,0.000456205444,-5.34962568,1707.01211
0.000886431611,0.0599612217,-7.08687676e-05,0.0068182672,4.18894963e-05,-2.21722053,1707.83962
0.000894138928,0.1225461,0.00010713221,0.00515605567,0.000445106355,-5.26104788,1707.45122
0.00090778344,0.0556052884,-7.64055993e-05,0.0061121346,1.78133497e-05,-2.02561106,1707.74394
0.000911780028,0.120214384,0.000105176644,0.00570423666,0.000433251321,-5.16576806,1707.76481
0.000927702961,0.0515415566,-8.00503692e-05,0.00542513586,-5.6185983e-06,-1.86092451,1707.63714
0.000930689607,0.117715008,0.000101764352,0.00626479722,0.000420591329,-5.05814056,1707.97295
0.000946286256,0.0477504251,-8.18596978e-05,0.00477607947,-2.82906056e-05,-1.71158959,1707.51917
0.000950958874,0.115035914,9.65517403e-05,0.00682926668,0.000407062101,-4.94266378,1708.09993
0.000956088417,0.15,0,0,0.000801202093,-6.60247866,1685
0.000959766394,0.14964235,4.57134654e-06,2.50329938e-06,0.00079941473,-6.57767838,1685.443
0.000963622959,0.0442136074,-8.22330594e-05,0.00417267307,-5.01173593e-05,-1.58130573,1707.39006
0.000963708835,0.149258983,9.37972416e-06,8.5633156e-06,0.000797462275,-6.54448368,1685.91783
0.000967934756,0.14884805,1.44011106e-05,1.84961229e-05,0.000795324038,-6.52216235,1686.42676
0.000972464541,0.148407569,1.96956208e-05,3.42261745e-05,0.000792982074,-6.49313727,1686.97212
0.000972685597,0.112164181,8.96195885e-05,0.00738321728,0.000392575809,-4.80919322,1708.16988
0.000977320039,0.147935415,2.52216067e-05,5.6068587e-05,0.000790416772,-6.4641512,1687.55638
0.000979796695,0.040914044,-8.13285501e-05,0.00362141861,-7.10414701e-05,-1.46353204,1707.24988
0.00098252467,0.147429312,3.10144433e-05,8.53304051e-05,0.000787606769,-6.43213427,1688.18204
0.000988103539,0.146886817,3.70478486e-05,0.000122991317,0.000784528881,-6.39865662,1688.85163
0.000994083555,0.146305314,4.3326211e-05,0.000170381408,0.000781158044,-6.36291718,1689.56762
0.000994885475,0.0378358195,-7.9441677e-05,0.00312334138,-9.102942e-05,-1.35904533,1707.0988
0.000995974575,0.109085956,8.04725227e-05,0.0079148313,0.000377013901,-4.66898554,1708.20322
0.00100049356,0.145681998,4.98308617e-05,0.000228844465,0.000777467269,-6.32523777,1690.3323
0.00100736448,0.145013864,5.65513933e-05,0.000299909691,0.000773427621,-6.28538437,1691.14768
0.00100896208,0.0349640862,-7.6740046e-05,0.00267853912,-0.000110067211,-1.26406019,1706.93706
0.00101472945,0.144297686,6.34651353e-05,0.000385205607,0.000769008228,-6.24341892,1692.01528
0.00102093814,0.105786393,6.9463766e-05,0.00840189049,0.000360213522,-4.5034846,1708.21534
0.00102209441,0.0322849924,-7.34391246e-05,0.00228459164,-0.00012815628,-1.17828049,1706.76501
0.00102262399,0.143530013,7.05475353e-05,0.000486500729,0.000764176329,-6.19927686,1692.93587
0.00103108619,0.14270714,7.77647093e-05,0.000605671339,0.00075889737,-6.15298503,1693.90919
0.00103434581,0.0297856156,-6.96822773e-05,0.00193864719,-0.000145309796,-1.09948697,1706.58308
0.00104015686,0.141825099,8.50759472e-05,0.00074470022,0.000753135143,-6.10455515,1694.93353
0.00104577536,0.0274539002,-6.56221631e-05,0.00163687148,-0.000161549585,-1.02710145,1706.39182
0.0010476967,0.102249575,5.58791511e-05,0.00883010284,0.000341958776,-4.33618649,1708.21557
0.00104987976,0.140879634,9.24309512e-05,0.000905646015,0.000746851993,-6.0540289,1696.00527
0.00105643821,0.0252785992,-6.13687895e-05,0.00137538266,-0.000176903576,-0.959812001,1706.19187
0.00106030178,0.139866187,9.9769014e-05,0.00109061893,0.00074000908,-6.00146648,1697.11839
0.00106638578,0.0232492201,-5.70263592e-05,0.00115008123,-0.000191403801,-0.89706732,1705.98393
0.00107147319,0.138779867,0.000107018725,0.00130173037,0.000732566698,-5.94691104,1698.26392
0.00107566606,0.0213559743,-5.2672722e-05,0.000957048593,-0.000205084836,-0.838086459,1705.7688
0.00107637933,0.0984584434,4.05051683e-05,0.00916867512,0.000321962094,-4.13543047,1708.20805
0.00108344788,0.137615437,0.000114094327,0.00154104922,0.00072448465,-5.89044083,1699.42943
0.0010843238,0.0195897299,-4.83755988e-05,0.000792499865,-0.00021798262,-0.782439211,1705.54733
0.00109240077,0.0179419674,-4.41857452e-05,0.000652937067,-0.00023013359,-0.729657516,1705.32039
0.0010962836,0.136367278,0.000120899124,0.00181051223,0.000715722652,-5.83202564,1700.59876
0.00109993593,0.0164047389,-4.01440539e-05,0.000535131169,-0.000241574042,-0.679437724,1705.08887
0.00110696562,0.0149706296,-3.6280172e-05,0.000436166633,-0.000252339692,-0.631497289,1704.85367
0.00110712438,0.0943947116,2.28038619e-05,0.00940104092,0.00029985834,-3.93891929,1708.19461
0.00111004227,0.13502937,0.00012731647,0.00211186765,0.000706240737,-5.77170541,1701.75195
0.00111352375,0.0136327222,-3.26157796e-05,0.000353424152,-0.000262465368,-0.585634078,1704.61564
0.00111964195,0.0123845633,-2.91650246e-05,0.000284579773,-0.000271984813,-0.541675665,1704.37562
0.00112479026,0.133595261,0.000133221856,0.00244651425,0.000695999624,-5.70921355,1702.86579
0.00112534973,0.0112201325,-2.59362627e-05,0.000227583508,-0.000280930556,-0.499491292,1704.13436
0.00113067463,0.0101338132,-2.2932879e-05,0.000180641551,-0.000289333844,-0.458973488,1703.89256
0.00113564233,0.00912036556,-2.01543501e-05,0.000142192869,-0.000297224613,-0.420037153,1703.65086
0.00114008014,0.0900387783,3.87776621e-06,0.0095186431,0.000275183712,-3.70435975,1708.17528
0.00114027679,0.00817490128,-1.75970136e-05,0.000110887022,-0.000304631476,-0.38261207,1703.40979
0.0011405987,0.132058033,0.000138460872,0.00281546091,0.000684960956,-5.64448315,1703.91495
0.00114460036,0.00729285993,-1.52547974e-05,8.5561487e-05,-0.000311581738,-0.34663999,1703.16981
0.0011486339,0.00646998704,-1.31198081e-05,6.52203639e-05,-0.000318101418,-0.312070984,1702.93128
0.00115239687,0.0057023135,-1.11828386e-05,4.90142172e-05,-0.000324215277,-0.278860964,1702.69447
0.00115590741,0.00498613648,-9.43380098e-06,3.62217065e-05,-0.000329946861,-0.246970054,1702.45955
0.00115754384,0.13041027,0.00014288275,0.00321902714,0.000673087315,-5.57673522,1704.87395
0.00115918246,0.00431800152,-7.8620759e-06,2.62325564e-05,-0.00033531854,-0.216360074,1702.2266
0.00116223782,0.00369468589,-6.4568253e-06,1.85330257e-05,-0.000340351545,-0.186996185,1701.99558
0.00116508822,0.00311318307,-5.20721752e-06,1.26909649e-05,-0.000345066013,-0.158838942,1701.76636
0.00116774741,0.0025706882,-4.10270801e-06,8.34802062e-06,-0.000349481031,-0.131863871,1701.53867
0.00117022822,0.00206458457,-3.13301767e-06,5.19757076e-06,-0.000353614676,-0.106009322,1701.31212
0.00117254261,0.00159243101,-2.28877544e-06,3.0102707e-06,-0.000357484062,-0.0813868381,1701.0862
0.00117470175,0.00115195011,-1.56121012e-06,1.56285314e-06,-0.000361105386,-0.0578270979,1700.8603
0.00117540558,0.0853696328,-1.66066314e-05,0.00944928224,0.000247377862,-3.44346157,1708.14864
0.00117570741,0.128644026,0.00014628678,0.00365690701,0.000660341936,-5.50580671,1705.71987
0.00117671605,0.000741017226,-9.43905161e-07,8.17822915e-07,-0.000364493976,-0.0356529967,1700.63375
0.00117859523,0.000357650242,-4.25997358e-07,-3.49022541e-08,-0.000367664342,-0.0125553605,1700.40599
0.00118034836,0,0,0,-0.000370629384,-0.000559524164,1700.17692
0.00119517703,0.12675078,0.000148506527,0.00412757895,0.000646687773,-5.43001077,1706.43547
0.00121327108,0.0803647536,-3.87732127e-05,0.00921158975,0.000215772242,-3.20789712,1708.11216
0.00121604661,0.124721401,0.000149282202,0.00462870838,0.00063208603,-5.34940053,1707.01202
0.00123841681,0.1225461,0.000148460225,0.00515591007,0.00061649331,-5.26082785,1707.45113
0.00124414705,0.15,0,0,0.00104259523,-6.60189623,1685
0.00124884502,0.14964235,5.94367392e-06,2.49326751e-06,0.00104019552,-6.57780813,1685.443
0.00125385929,0.075,-6.04498644e-05,0.00878501845,0.000179614566,-2.92286076,1708.06231
0.0012538808,0.149258983,1.2193753e-05,8.58796047e-06,0.00103757684,-6.54474167,1685.91783
0.00125927867,0.14884805,1.87303885e-05,1.84960269e-05,0.00103471213,-6.52213931,1686.42675
0.00126239553,0.120214384,0.00014569875,0.00570406239,0.000599858053,-5.16552302,1707.76475
0.00126506468,0.148407569,2.56157955e-05,3.4215695e-05,0.0010315778,-6.49329572,1686.97211
0.00127126672,0.147935415,3.28063215e-05,5.60641471e-05,0.00102814818,-6.46417482,1687.55636
0.00127791473,0.147429312,4.03352116e-05,8.53217559e-05,0.0010243953,-6.43223906,1688.18202
0.00128504075,0.146886817,4.8178417e-05,0.000122985632,0.00102028891,-6.39873634,1688.85161
0.00128809844,0.117715008,0.000140918228,0.00626459506,0.000582114327,-5.05791567,1707.97291
0.00129267918,0.146305314,5.63361624e-05,0.000170373944,0.00101579629,-6.36303202,1689.56758
0.0012944475,0.0696352464,-8.06387493e-05,0.00819066093,0.000140961335,-2.66991036,1707.99915
0.00130086684,0.145681998,6.47872403e-05,0.000228837245,0.00101088229,-6.32535228,1690.33226
0.00130964323,0.145013864,7.35159854e-05,0.000299900764,0.00100550924,-6.2855157,1691.14763
0.00131564951,0.115035914,0.000133650412,0.00682902587,0.000563175252,-4.94241022,1708.09991
0.00131905068,0.144297686,8.2493676e-05,0.000385195248,0.000999637027,-6.24355732,1692.01522
0.00132913458,0.143530013,9.16874694e-05,0.000486487979,0.0009932231,-6.19942653,1692.93581
0.001332313,0.0646303672,-9.61726893e-05,0.00752435736,0.000102547164,-2.42617288,1707.92553
0.00133994356,0.14270714,0.00010105333,0.000605655873,0.00098622265,-6.15314304,1693.90912
0.00134518163,0.112164181,0.000124003707,0.00738294015,0.000542921616,-4.80897823,1708.16988
0.00135152975,0.141825099,0.000110537878,0.000744681257,0.000978588784,-6.10472177,1694.93345
0.00136394904,0.140879634,0.000120075516,0.000905622936,0.0009702728,-6.05420312,1696.00518
0.00136763844,0.0599612217,-0.00010838607,0.00681794942,6.46348961e-05,-2.21873779,1707.84109
0.00137683725,0.109085956,0.000111304171,0.00791450637,0.000521191977,-4.66873767,1708.20325
0.00137726134,0.139866187,0.000129587112,0.00109059078,0.000961224544,-6.00164683,1697.11829
0.00139153086,0.138779867,0.000138979591,0.00130169627,0.000951392826,-5.94709736,1698.26381
0.0014005942,0.0556052884,-0.000116856681,0.00611186545,2.74890004e-05,-2.02724065,1707.74564
0.00140682642,0.137615437,0.000148141545,0.0015410078,0.000940725919,-5.89063001,1699.42931
0.00141076906,0.105786393,9.60345372e-05,0.008401521,0.000497764031,-4.50328996,1708.21542
0.00142322181,0.136367278,0.000156947065,0.00181046231,0.000929172093,-5.83221871,1700.59863
0.00143133925,0.0515415566,-0.000122431898,0.00542492482,-8.66368083e-06,-1.8625863,1707.63907
0.0014407961,0.13502937,0.000165245058,0.0021118072,0.00091668015,-5.77189684,1701.75182
0.00144714072,0.102249575,7.72240596e-05,0.00882968983,0.000472342585,-4.33594334,1708.21572
0.00145963407,0.133595261,0.000172873487,0.00244644183,0.0009031999,-5.70940679,1702.86565
0.00146002188,0.0477504251,-0.000125201628,0.00477592476,-4.36444422e-05,-1.71327222,1707.52133
0.00147982657,0.132058033,0.000179632984,0.00281537343,0.00088868249,-5.64466858,1703.9148
0.00148612768,0.0984584434,5.5960216e-05,0.0091682291,0.000444534085,-4.13518365,1708.20828
0.00148678044,0.0442136074,-0.000125774012,0.00417257622,-7.73215479e-05,-1.58295784,1707.39242
0.00150147102,0.13041027,0.000185327291,0.00321892302,0.000873080417,-5.57692104,1704.8738
0.00151174401,0.040914044,-0.000124393196,0.00362137509,-0.000109606359,-1.46514728,1707.25245
0.0015246718,0.128644026,0.000189698217,0.00365678157,0.000856347164,-5.50597635,1705.71972
0.00152791798,0.0943947116,3.14970377e-05,0.00940058692,0.000413838625,-3.93869945,1708.19494
0.00153503298,0.0378358195,-0.000121509154,0.00312334829,-0.00014044708,-1.36059255,1707.10156
0.00154954083,0.12675078,0.000192528718,0.00412743077,0.000838436,-5.43018102,1706.43533
0.00155675971,0.0349640862,-0.000117379838,0.00267859012,-0.000169822047,-1.26553782,1706.94001
0.00157271321,0.0900387783,5.35055096e-06,0.00951810862,0.000379621076,-3.70420629,1708.17576
0.00157619805,0.124721401,0.000193486036,0.00462853041,0.000819298061,-5.3495433,1707.01188
0.00157702897,0.0322849924,-0.000112333434,0.0022846817,-0.000197733414,-1.17967139,1706.76814
0.00159025102,0.15,0,0,0.00133263036,-6.60140111,1685
0.00159593855,0.0297856156,-0.000106590252,0.00193876942,-0.000224201454,-1.10079296,1706.5864
0.00159592757,0.14964235,7.59104355e-06,2.47903657e-06,0.00132928931,-6.57799807,1685.44299
0.00160201229,0.149258983,1.5569376e-05,8.61431104e-06,0.00132565239,-6.54500078,1685.91782
0.00160477206,0.1225461,0.000192368681,0.00515570164,0.000798878683,-5.26097439,1707.45102
0.00160853454,0.14884805,2.39227696e-05,1.84941536e-05,0.00132168463,-6.52209585,1686.42673
0.00161357965,0.0274539002,-0.000100382899,0.00163702026,-0.000249259801,-1.02831499,1706.39533
0.00161552576,0.148407569,3.27092966e-05,3.42028557e-05,0.00131735525,-6.49345876,1686.97209
0.00162072942,0.0853696328,-2.29159942e-05,0.00944876235,0.000341114265,-3.44348874,1708.1493
0.00162301968,0.147935415,4.18887919e-05,5.60576199e-05,0.00131263086,-6.46421029,1687.55633
0.00163003737,0.0252785992,-9.38802397e-05,0.0013755516,-0.000272951508,-0.960937025,1706.19557
0.00163105245,0.147429312,5.14858256e-05,8.53104097e-05,0.00130747525,-6.43235611,1688.18198
0.00163540067,0.120214384,0.000188740784,0.00570381301,0.00077711277,-5.16562728,1707.76465
0.00163966282,0.146886817,6.14792902e-05,0.000122977283,0.00130184934,-6.39883721,1688.85156
0.00164539108,0.0232492201,-8.72411243e-05,0.00115026509,-0.00029532597,-0.89810253,1705.98785
0.00164889231,0.146305314,7.18648765e-05,0.000170363228,0.00129571106,-6.36316805,1689.56753
0.00165878544,0.145681998,8.26180171e-05,0.000228826223,0.00128901528,-6.32548942,1690.33219
0.00165971484,0.0213559743,-8.05849404e-05,0.00095724201,-0.000316436508,-0.839037015,1705.77295
0.00166823163,0.117715008,0.000182494558,0.00626430552,0.000753916793,-5.05803095,1707.97283
0.00166938994,0.145013864,9.37153986e-05,0.000299887274,0.00128171387,-6.28567002,1691.14756
0.00167219823,0.0803647536,-5.34681917e-05,0.00921100175,0.000297403202,-3.20777357,1708.11307
0.00167307774,0.0195897299,-7.40149742e-05,0.000792698476,-0.000336338557,-0.783307623,1705.55173
0.00168075695,0.144297686,0.000105120563,0.00038517936,0.00127375567,-6.24371993,1692.01514
0.00168554425,0.0179419674,-6.76089914e-05,0.000653136786,-0.000355088314,-0.730449573,1705.32506
0.00169294131,0.143530013,0.000116789818,0.000486468481,0.00126508666,-6.19960138,1692.93571
0.00169717449,0.0164047389,-6.14293854e-05,0.000535328703,-0.000372741771,-0.680158012,1705.09386
0.00170342328,0.115035914,0.000173035276,0.00682868166,0.000729180269,-4.94246533,1708.09987
0.00170600177,0.14270714,0.000128666297,0.000605632178,0.00125565013,-6.15332758,1693.90901
0.00170802455,0.0149706296,-5.55215385e-05,0.000436359117,-0.000389354022,-0.632151824,1704.85901
0.00171814678,0.0136327222,-4.99185344e-05,0.000353609345,-0.000404978798,-0.586228371,1704.62138
0.00172000135,0.141825099,0.000140680708,0.000744652262,0.00124538696,-6.10491635,1694.93332
0.00172736789,0.075,-8.33177604e-05,0.00878435505,0.000247458985,-2.9228266,1708.06352
0.00172759,0.0123845633,-4.46420084e-05,0.000284755866,-0.000419668154,-0.542215712,1704.38182
0.00173500756,0.140879634,0.000152748527,0.000905587687,0.00123423601,-6.05440704,1696.00504
0.00173639975,0.0112201325,-3.97046951e-05,0.000227749168,-0.000433472275,-0.499982834,1704.14109
0.00174114539,0.112164181,0.00016049483,0.00738254395,0.000702751099,-4.80905417,1708.16988
0.00174461854,0.0101338132,-3.51117553e-05,0.000180795817,-0.000446439371,-0.459422329,1703.8999
0.00175109279,0.139866187,0.000164768106,0.00109054788,0.0012221346,-6.00185864,1697.11814
0.001752286,0.00912036556,-3.08623677e-05,0.00014233513,-0.000458615625,-0.420448929,1703.65892
0.00175943911,0.00817490128,-2.69509186e-05,0.000111016943,-0.000470045186,-0.382992333,1703.41868
0.00176611239,0.00729285993,-2.33681115e-05,8.56789775e-05,-0.000480770181,-0.346994175,1703.17968
0.00176833462,0.138779867,0.000176620093,0.0013016444,0.00120901909,-5.94731735,1698.26364
0.00177233801,0.00646998704,-2.0101875e-05,6.53255198e-05,-0.000490830754,-0.312404454,1702.94231
0.00177814601,0.0057023135,-1.71381358e-05,4.91072875e-05,-0.000500265113,-0.279179078,1702.70689
0.00178157989,0.109085956,0.000144018717,0.00791404345,0.000674422766,-4.66873522,1708.20331
0.00178253755,0.0696352464,-0.000111086622,0.00819004823,0.000194127714,-2.66979187,1708.0007
0.00178356441,0.00498613648,-1.44614795e-05,3.63030453e-05,-0.000509109587,-0.24727818,1702.47365
0.00178681623,0.137615437,0.000188162457,0.00154094497,0.00119482551,-5.89085473,1699.42913
0.00178861933,0.00431800152,-1.20556956e-05,2.63026111e-05,-0.000517398688,-0.216663853,1702.24274
0.00179333516,0.00369468589,-9.90424756e-06,1.85922596e-05,-0.000525165173,-0.187301392,1702.01425
0.00179773464,0.00311318307,-7.99062786e-06,1.27399565e-05,-0.000532440112,-0.159152294,1701.78819
0.00180183901,0.0025706882,-6.2987044e-06,8.38715398e-06,-0.000539252946,-0.132191205,1701.56454
0.00180566804,0.00206458457,-4.81291236e-06,5.22763206e-06,-0.000545631555,-0.106361933,1701.34322
0.00180662674,0.136367278,0.000199234469,0.00181038678,0.00117949032,-5.83245005,1700.59844
0.00180924022,0.00159243101,-3.51885534e-06,3.03089668e-06,-0.000551602323,-0.0817695822,1701.12417
0.00181257278,0.00115195011,-2.4030129e-06,1.57586258e-06,-0.0005571902,-0.058268147,1700.9074
0.00181568178,0.000741017226,-1.4540388e-06,8.21192533e-07,-0.000562418765,-0.0361324523,1700.69301
0.00181858223,0.000357650242,-6.56642282e-07,-2.50255847e-08,-0.000567310282,-0.0131533809,1700.48134
0.00182128811,0,0,0,-0.000571884466,-0.00127182885,1700.27299
0.00182492182,0.105786393,0.000124217809,0.00840099381,0.000643910404,-4.50332648,1708.21554
0.00182786173,0.13502937,0.00020964482,0.00211171601,0.00116295106,-5.77212815,1701.75162
0.00183400636,0.0646303672,-0.0001324565,0.00752378621,0.000141177037,-2.42619813,1707.92743
0.00185062361,0.133595261,0.000219187433,0.00244633286,0.00114514706,-5.70964322,1702.86544
0.00187138024,0.102249575,9.98648123e-05,0.00882910219,0.00061083521,-4.33587614,1708.21591
0.00187502218,0.132058033,0.000227611679,0.00281524225,0.00112601978,-5.64489793,1703.91458
0.00188202257,0.0599612217,-0.000149228111,0.00681745181,8.89596358e-05,-2.21873616,1707.84336
0.00190117513,0.13041027,0.000234668668,0.00321876731,0.00110551295,-5.57715483,1704.87358
0.00192117924,0.0984584434,7.23508988e-05,0.00916759337,0.000574691858,-4.13506302,1708.20859
0.0019268178,0.0556052884,-0.000160846361,0.00611144382,3.78316965e-05,-2.02726974,1707.74826
0.00192920859,0.128644026,0.000240036329,0.00365659469,0.00108357204,-5.50619281,1705.71951
0.00195925779,0.12675078,0.00024343982,0.00412721068,0.00106014278,-5.43040329,1706.43512
0.00196286749,0.15,0,0,0.00164488295,-6.60101146,1685
0.0019686081,0.0515415566,-0.000168476256,0.00542459333,-1.19012572e-05,-1.86259088,1707.64204
0.0019695619,0.14964235,9.36198361e-06,2.46626056e-06,0.00164049894,-6.57818843,1685.44298
0.00197455903,0.0943947116,4.07188859e-05,0.00939994213,0.000534838244,-3.93854261,1708.19541
0.00197673767,0.149258983,1.9199337e-05,8.63678177e-06,0.00163573435,-6.54525038,1685.9178
0.00198442941,0.14884805,2.95069777e-05,1.84945475e-05,0.00163054583,-6.52208497,1686.42671
0.00199146767,0.124721401,0.000244467526,0.00462826714,0.00103516878,-5.34973356,1707.01169
0.00199267422,0.148407569,4.03370216e-05,3.41931083e-05,0.00162489482,-6.49364436,1686.97205
0.00200151188,0.147935415,5.16533452e-05,5.60541892e-05,0.00161873955,-6.46431509,1687.55629
0.00200759506,0.0477504251,-0.000172249598,0.0047756808,-5.9998956e-05,-1.71328601,1707.52463
0.002010985,0.147429312,6.3472053e-05,8.53026012e-05,0.00161203491,-6.43252704,1688.18193
0.00202113929,0.146886817,7.57747965e-05,0.000122970971,0.00160473228,-6.39898782,1688.8515
0.00202599359,0.1225461,0.000242863872,0.00515539434,0.00100858688,-5.26117543,1707.45085
0.00203177707,0.0900387783,6.91823678e-06,0.00951735069,0.000490458434,-3.70400329,1708.17644
0.00203202372,0.146305314,8.85525872e-05,0.000170353913,0.00159677944,-6.36334801,1689.56746
0.00204369079,0.145681998,0.0001017768,0.000228815498,0.00158812058,-6.32567589,1690.33211
0.00204396673,0.0442136074,-0.000173001048,0.00417242196,-0.000106284922,-1.5829474,1707.39604
0.00205619678,0.145013864,0.000115415849,0.000299873151,0.00157869622,-6.28587259,1691.14746
0.0020630021,0.120214384,0.000238094167,0.00570344691,0.000980321321,-5.16577611,1707.76451
0.00206960201,0.144297686,0.000129424873,0.000385161499,0.00156844339,-6.24393202,1692.01502
0.00207789853,0.040914044,-0.00017107137,0.00362130354,-0.000150641231,-1.46513433,1707.25637
0.00208397113,0.143530013,0.000143748392,0.000486445531,0.00155729573,-6.19982525,1692.93558
0.00209310937,0.0853696328,-2.96020344e-05,0.00944802157,0.000440567003,-3.44347958,1708.15024
0.00209937347,0.14270714,0.00015831563,0.00060560323,0.00154518379,-6.15356104,1693.90886
0.00210267168,0.117715008,0.000230019149,0.00626388212,0.000950273763,-5.05820062,1707.97273
0.00210955415,0.0378358195,-0.000167077322,0.00312335495,-0.000193000006,-1.36055698,1707.10578
0.00211588331,0.141825099,0.000173040073,0.000744615922,0.00153203538,-6.10515909,1694.93316
0.00213358028,0.140879634,0.000187816742,0.000905542626,0.00151777611,-6.0546582,1696.00486
0.00213908627,0.0349640862,-0.000161376461,0.00267866518,-0.000233334255,-1.26549433,1706.94451
0.0021451937,0.115035914,0.00021791396,0.00682818045,0.000918312575,-4.94255745,1708.09981
0.00215254974,0.139866187,0.000202519735,0.00109049228,0.00150232996,-6.00211635,1697.11794
0.00215885174,0.0803647536,-6.90177688e-05,0.00921017,0.000383988951,-3.20745796,1708.11434
0.00216663734,0.0322849924,-0.00015441814,0.00228481737,-0.000271649277,-1.17960845,1706.77292
0.00217288321,0.138779867,0.000217001342,0.00130157644,0.00148562007,-5.94758164,1698.26342
0.00219077325,0.112164181,0.000201937186,0.0073819697,0.000884254605,-4.80917985,1708.16988
0.00219234024,0.0297856156,-0.000146506747,0.00193895513,-0.000307974878,-1.10072068,1706.59147
0.00219467874,0.137615437,0.000231086708,0.00154086202,0.00146756955,-5.89112163,1699.42889
0.00221631897,0.0274539002,-0.000137960533,0.00163724731,-0.000342358892,-1.02822764,1706.40069
0.00221804147,0.136367278,0.000244577533,0.00181028649,0.0014481024,-5.83272139,1700.59818
0.0022293213,0.075,-0.000107505063,0.00878341909,0.000319403041,-2.92268688,1708.06521
0.00223868917,0.0252785992,-0.000129012269,0.00137581017,-0.000374861821,-0.960841605,1706.20123
0.00223963019,0.109085956,0.00018104956,0.0079133756,0.000847849194,-4.66875657,1708.20338
0.0022430841,0.13502937,0.00025723966,0.00211159452,0.00142714441,-5.77239633,1701.75134
0.00225955875,0.0232492201,-0.00011987919,0.00115054705,-0.000405552638,-0.89799715,1705.99382
0.00226992741,0.133595261,0.000268819401,0.00244618727,0.00140462396,-5.70991398,1702.86516
0.00227902837,0.0213559743,-0.000110725527,0.000957539159,-0.000434505508,-0.838926684,1705.77927
0.00229200017,0.105786393,0.000156001023,0.00840023677,0.000808748585,-4.50341294,1708.2157
0.00229719194,0.0195897299,-0.000101692471,0.000793004057,-0.000461797335,-0.783192854,1705.55842
0.00229870088,0.132058033,0.000279011953,0.00281506683,0.00138047255,-5.64515712,1703.91429
0.00229979086,0.0696352464,-0.000143278644,0.00818918631,0.000250494419,-2.66948884,1708.00287
0.00231413708,0.0179419674,-9.28867803e-05,0.000653444496,-0.00048750593,-0.730334248,1705.33218
0.0023295433,0.13041027,0.000287511237,0.00321855887,0.00135462492,-5.57741607,1704.87328
0.00232994552,0.0164047389,-8.43936892e-05,0.00053563343,-0.000511708701,-0.680044023,1705.10144
0.0023446935,0.0149706296,-7.62753509e-05,0.000436656415,-0.000534481727,-0.632042521,1704.86712
0.0023481358,0.102249575,0.00012531121,0.00882826073,0.000766488547,-4.33582392,1708.21619
0.00235845218,0.0136327222,-6.85768877e-05,0.000353895709,-0.000555899128,-0.586126374,1704.63011
0.00236260343,0.128644026,0.000293928454,0.00365634465,0.00132701847,-5.50643034,1705.71922
0.00236553324,0.0646303672,-0.000170820244,0.00752297964,0.000182126761,-2.42593153,1707.9301
0.0023712879,0.0123845633,-6.132782e-05,0.000285028456,-0.000576032654,-0.542124222,1704.39123
0.00238326259,0.0112201325,-5.45454112e-05,0.00022800586,-0.000594951433,-0.499904861,1704.1513
0.002394434,0.0101338132,-4.82365803e-05,0.000181035057,-0.000612721826,-0.459361117,1703.91104
0.00239804075,0.12675078,0.000297925212,0.00412691621,0.00129759144,-5.43064529,1706.43484
0.00240485602,0.00912036556,-4.24000461e-05,0.000142555888,-0.000629407377,-0.420407759,1703.67111
0.00240830785,0.0984584434,9.07078722e-05,0.00916668736,0.000720448407,-4.13492345,1708.20904
0.00241239922,0.15,0,0,0.00202159055,-6.60053026,1685
0.00241457892,0.00817490128,-3.70279746e-05,0.000111218619,-0.000645068793,-0.382974634,1703.43211
0.00242003642,0.14964235,1.14999451e-05,2.46539391e-06,0.00201571103,-6.57835082,1685.44297
0.00242364959,0.00729285993,-3.21074921e-05,8.58613364e-05,-0.000659763988,-0.347003511,1703.19456
0.00242686553,0.0599612217,-0.000192398724,0.00681675093,0.000114746574,-2.218397,1707.84653
0.00242822277,0.149258983,2.35784106e-05,8.67332498e-06,0.00200933467,-6.54552467,1685.91778
0.00243211179,0.00646998704,-2.76219405e-05,6.54886177e-05,-0.000673548122,-0.312444562,1702.9589
0.00243602617,0.124721401,0.00029900884,0.00462791537,0.00126627996,-5.3499344,1707.01144
0.00243699776,0.14884805,3.6237771e-05,1.85126485e-05,0.0020024077,-6.52206017,1686.42668
0.00244000633,0.0057023135,-2.35519271e-05,4.92514156e-05,-0.00068647368,-0.279253963,1702.72549
0.00244640371,0.148407569,4.95208586e-05,3.41995337e-05,0.00199488169,-6.49382105,1686.97201
0.0024473713,0.00498613648,-1.98762389e-05,3.64286649e-05,-0.000698590552,-0.247392132,1702.49465
0.00245424222,0.00431800152,-1.65725979e-05,2.64103449e-05,-0.000709946118,-0.216821695,1702.26662
0.00245648599,0.147935415,6.33986656e-05,5.60671691e-05,0.00198670437,-6.46440741,1687.55623
0.00246065222,0.00369468589,-1.36182252e-05,1.86827801e-05,-0.000720585335,-0.187508222,1702.04161
0.00246663224,0.00311318307,-1.09903863e-05,1.28141199e-05,-0.000730550833,-0.159414367,1701.81979
0.00246729324,0.147429312,7.78789792e-05,8.53100877e-05,0.00197781943,-6.43265265,1688.18186
0.00247221111,0.0025706882,-8.66695128e-06,8.44568018e-06,-0.000739882998,-0.132515547,1701.60132
0.00247280655,0.0943947116,5.10094277e-05,0.00939902278,0.000669838766,-3.9383325,1708.19607
0.00247674293,0.1225461,0.000296862568,0.00515498402,0.00123301246,-5.26138828,1707.45063
0.00247741574,0.00206458457,-6.62660968e-06,5.27181629e-06,-0.000748620062,-0.106759882,1701.38638
0.00247887757,0.146886817,9.29435999e-05,0.00012297752,0.00196816643,-6.39908443,1688.85141
0.00248227124,0.00159243101,-4.84928549e-06,3.06103847e-06,-0.000756798187,-0.08224464,1701.17516
0.00248408358,0.0556052884,-0.000207334876,0.0061108494,4.88055143e-05,-2.02695609,1707.75193
0.00248680102,0.00115195011,-3.31590088e-06,1.59444822e-06,-0.00076445156,-0.0588445617,1700.96796
0.00249102694,0.000741017226,-2.0093018e-06,8.2710637e-07,-0.000771612466,-0.0367905512,1700.76512
0.00249129488,0.146305314,0.000108574833,0.000170356277,0.00195768072,-6.36346101,1689.56735
0.00249496939,0.000357650242,-9.09372635e-07,-1.55604205e-08,-0.000778311377,-0.0139678542,1700.56713
0.00249864736,0,0,0,-0.000784575272,-0.00221482081,1700.37452
0.00250460505,0.145681998,0.00012473922,0.000228814172,0.00194629336,-6.32578884,1690.33198
0.00251887229,0.145013864,0.000141395147,0.000299866164,0.00193393126,-6.28599069,1691.14731
0.00252038741,0.120214384,0.000290852167,0.00570295895,0.00119770252,-5.1659235,1707.76433
0.0025341654,0.144297686,0.000158486498,0.000385147956,0.00192051727,-6.24405142,1692.01485
0.00253746336,0.0515415566,-0.000217124857,0.00542412611,-1.53089929e-05,-1.8622347,1707.64619
0.00254194301,0.0900387783,8.6627121e-06,0.00951627859,0.000613655981,-3.70374093,1708.17738
0.00255055817,0.143530013,0.000175942814,0.00048642375,0.00190597048,-6.19994773,1692.93539
0.00256717014,0.117715008,0.000280798473,0.00626331854,0.00116023678,-5.05837486,1707.9726
0.00256812965,0.14270714,0.000193675634,0.000605571778,0.00189020653,-6.15368537,1693.90865
0.0025869646,0.141825099,0.000211576922,0.00074457287,0.0018731382,-6.10528527,1694.93292
0.00258726236,0.0477504251,-0.000221950228,0.00477533635,-7.72926797e-05,-1.71294343,1707.52924
0.00260715387,0.140879634,0.00022951633,0.000905486005,0.00185467605,-6.05478606,1696.00459
0.00261605072,0.0853696328,-3.70125143e-05,0.00944697786,0.000550688589,-3.44345585,1708.15154
0.00261731677,0.115035914,0.000265848113,0.00682751454,0.00112046187,-4.94263517,1708.09973
0.00262879485,0.139866187,0.000247338244,0.00109041951,0.00183472924,-6.00224455,1697.11764
0.00263372079,0.0442136074,-0.000222881589,0.00417220356,-0.000136922705,-1.58257975,1707.4011
0.00265199192,0.138779867,0.000264860433,0.00130148489,0.00181320649,-5.9477111,1698.2631
0.00267106918,0.112164181,0.00024617769,0.00738120845,0.00107816245,-4.8093043,1708.16988
0.00267685697,0.137615437,0.000281868638,0.00154074802,0.0017900172,-5.8912489,1699.42855
0.00267706272,0.040914044,-0.000220365322,0.0036212011,-0.000194050995,-1.46477654,1707.26186
0.00269548711,0.0803647536,-8.61636067e-05,0.00920900017,0.000479493259,-3.20703544,1708.11611
0.00270350993,0.136367278,0.000298119521,0.00181014662,0.00176507258,-5.83284968,1700.59781
0.00271749722,0.0378358195,-0.000215191986,0.00312336218,-0.000248593346,-1.36018654,1707.11168
0.00272868664,0.109085956,0.000220566676,0.00791249153,0.00103304176,-4.66875004,1708.20348
0.00273207936,0.13502937,0.000313328592,0.00211142346,0.00173828683,-5.77251815,1701.75095
0.00275521932,0.0349640862,-0.000207826483,0.00267876823,-0.000300517733,-1.26513374,1706.95081
0.00276270308,0.133595261,0.000327185844,0.00244598087,0.00170957811,-5.71003761,1702.86475
0.00278063536,0.075,-0.000134097658,0.00878212139,0.000398449137,-2.92252185,1708.06756
0.00279041098,0.0322849924,-0.000198844529,0.00228500531,-0.000349833278,-1.17924501,1706.77961
0.00279044706,0.105786393,0.000189891644,0.00839923828,0.000984686179,-4.5034773,1708.21591
0.00279552878,0.132058033,0.000339324428,0.0028148173,0.00167886935,-5.64526719,1703.91387
0.00282324193,0.0297856156,-0.0001886405,0.00193921309,-0.000396580277,-1.10036884,1706.59855
0.00283071481,0.13041027,0.000349371322,0.00321826166,0.00164608827,-5.57753102,1704.87287
0.00285387055,0.0274539002,-0.000177622065,0.00163756309,-0.000440821936,-1.02788108,1706.40817
0.00285664836,0.102249575,0.000152439043,0.00882715051,0.000932541596,-4.3357131,1708.21656
0.00286578361,0.0696352464,-0.000178523852,0.00818799352,0.000312200232,-2.6690872,1708.00587
0.00286843087,0.128644026,0.000356863652,0.00365598826,0.00161116681,-5.50652025,1705.71881
0.00288244455,0.0252785992,-0.000166090064,0.00137617001,-0.000482637497,-0.960509496,1706.20913
0.0029088589,0.12675078,0.000361389122,0.00412649661,0.00157403893,-5.43074746,1706.43446
0.00290910178,0.0232492201,-0.000154322777,0.00115093955,-0.000522116877,-0.897677249,1706.00216
0.00292536756,0.15,0,0,0.00245145802,-6.60051444,1685
0.00292760984,0.0984584434,0.000110275749,0.00916549278,0.000875865952,-4.13473944,1708.20961
0.00293397081,0.0213559743,-0.000142532008,0.00095795284,-0.000559356487,-0.838624842,1705.78809
0.00293391077,0.14964235,1.39366974e-05,2.45004612e-06,0.00244373088,-6.57866137,1685.44296
0.00294306828,0.149258983,2.85680852e-05,8.69064648e-06,0.00243536576,-6.54577555,1685.91775
0.00294522001,0.0646303672,-0.000212660046,0.00752186244,0.000226814652,-2.42551261,1707.93377
0.0029521939,0.124721401,0.000362368521,0.00462741552,0.00153463698,-5.34999329,1707.01108
0.00295288425,0.14884805,4.39041264e-05,1.85093055e-05,0.00242629695,-6.52209252,1686.42663
0.00295717159,0.0195897299,-0.000130898637,0.000793429427,-0.000594456098,-0.782909266,1705.56777
0.00296340604,0.148407569,5.99768666e-05,3.41857885e-05,0.00241646447,-6.49400012,1686.97194
0.00297468439,0.147935415,7.6764372e-05,5.60580465e-05,0.00240580378,-6.46453251,1687.55615
0.00297881603,0.0179419674,-0.000119560071,0.000653872745,-0.000627516511,-0.730072885,1705.3421
0.00298677372,0.147429312,9.42660071e-05,8.52960209e-05,0.00239424559,-6.43281582,1688.18175
0.00299864489,0.1225461,0.00035941374,0.00515440211,0.00149288509,-5.26147375,1707.45032
0.00299900854,0.0164047389,-0.000108625479,0.00053605738,-0.000658637893,-0.679806392,1705.11202
0.00299973232,0.146886817,0.000112460737,0.00012296199,0.00238171579,-6.39924993,1688.85128
0.00300367378,0.0943947116,6.19800419e-05,0.00939780528,0.000813714689,-3.93806011,1708.19693
0.0030136227,0.146305314,0.000131322679,0.000170336513,0.00236813533,-6.36363955,1689.5672
0.0030178465,0.0149706296,-9.81746929e-05,0.000437069849,-0.000687918604,-0.631831665,1704.87844
0.00301932771,0.0599612217,-0.000239338332,0.00681578492,0.000142814984,-2.21786824,1707.85087
0.00302851187,0.145681998,0.000150812611,0.000228789372,0.00235342031,-6.32596936,1690.3318
0.00303542079,0.0136327222,-8.82654432e-05,0.000354293699,-0.000715454398,-0.585944427,1704.64226
0.00304447165,0.145013864,0.000170877013,0.000299834578,0.00233748204,-6.28617472,1691.1471
0.00304843592,0.120214384,0.000351788987,0.00570226988,0.00144869044,-5.16593828,1707.76407
0.00305181618,0.0123845633,-7.89355331e-05,0.000285407027,-0.000741337915,-0.541973888,1704.40434
0.003061579,0.144297686,0.00019144581,0.000385108198,0.00232022729,-6.24423631,1692.01462
0.00306711175,0.0112201325,-7.02069507e-05,0.000228362024,-0.000765658355,-0.499788597,1704.1655
0.00307991646,0.143530013,0.000212431125,0.000486373825,0.00230155869,-6.20013382,1692.93512
0.00308138126,0.0101338132,-6.20884334e-05,0.000181366626,-0.000788501315,-0.459281604,1703.92649
0.00308520709,0.0900387783,1.05281001e-05,0.00951486625,0.000744886362,-3.70342613,1708.1786
0.00308846418,0.0556052884,-0.000257751127,0.00611003175,6.07345051e-05,-2.02645374,1707.75694
0.00309469356,0.00912036556,-5.4578183e-05,0.000142861404,-0.000809948719,-0.420367711,1703.68801
0.00309957246,0.14270714,0.000233723749,0.000605509716,0.00228137522,-6.15387155,1693.90835
0.00310180717,0.117715008,0.0003392669,0.00626252519,0.00140192884,-5.05843986,1707.97241
0.00310711286,0.00817490128,-4.7665996e-05,0.000111497222,-0.000830078813,-0.382976948,1703.45069
0.00311869905,0.00729285993,-4.13351982e-05,8.61126798e-05,-0.000848966211,-0.347051271,1703.21508
0.00312064183,0.141825099,0.000255190708,0.000744496192,0.00225957291,-6.10547101,1694.93258
0.00312950802,0.00646998704,-3.55642774e-05,6.57127622e-05,-0.000866681967,-0.312541074,1702.98168
0.00313959192,0.0057023135,-3.03282213e-05,4.9448761e-05,-0.000883293668,-0.279402946,1702.75092
0.00314322618,0.140879634,0.000276672321,0.000905392038,0.00223604572,-6.05497093,1696.00422
0.00314899938,0.00498613648,-2.55996308e-05,3.65998606e-05,-0.000898865546,-0.247597646,1702.52318
0.00315296288,0.0515415566,-0.000269757914,0.00542348413,-1.89692671e-05,-1.86167084,1707.65184
0.00315777577,0.00431800152,-2.13497419e-05,2.65562927e-05,-0.000913458585,-0.217088114,1702.2988
0.00315901606,0.115035914,0.000320868189,0.00682658211,0.00135242904,-4.9425922,1708.09962
0.00316596343,0.00369468589,-1.75492684e-05,1.88044531e-05,-0.000927130643,-0.187841255,1702.07809
0.00316743445,0.139866187,0.000297978854,0.00109030487,0.00221068664,-6.00242698,1697.11724
0.00317260302,0.0853696328,-4.48987579e-05,0.00944560506,0.000667931319,-3.44342193,1708.15324
0.00317360185,0.00311318307,-1.41689563e-05,1.29127721e-05,-0.000939936568,-0.159822281,1701.86134
0.00318072788,0.0025706882,-1.11802214e-05,8.52262092e-06,-0.000951928309,-0.133005507,1701.64885
0.00318737588,0.00206458457,-8.55530849e-06,5.32900367e-06,-0.000963155035,-0.107341964,1701.44091
0.00319338341,0.138779867,0.000318888549,0.00130134597,0.00218338888,-5.9478916,1698.26266
0.00319357793,0.00159243101,-6.26776792e-06,3.09964191e-06,-0.000973663249,-0.0829227169,1701.23785
0.00319936393,0.00115195011,-4.29245512e-06,1.61756268e-06,-0.000983496895,-0.0596411416,1701.04003
0.00320476181,0.000741017226,-2.60594518e-06,8.3437466e-07,-0.000992697471,-0.0376920745,1700.84783
0.00320979758,0.000357650242,-1.18255531e-06,-4.50877823e-09,-0.00100130414,-0.0150449983,1700.66164
0.00321313493,0.0477504251,-0.000275609002,0.00477486287,-9.59386436e-05,-1.71239344,1707.53551
0.00321449555,0,0,0,-0.0010093516,-0.00342456785,1700.48182
0.00322033854,0.112164181,0.000296784607,0.00738014684,0.00129994661,-4.80934279,1708.16987
0.00322119823,0.137615437,0.000339142368,0.00154058001,0.00215404729,-5.89142392,1699.42807
0.00325101306,0.136367278,0.000358445799,0.00180994483,0.00212255982,-5.83302202,1700.5973
0.00326628313,0.0803647536,-0.000104383681,0.0092074624,0.000581123622,-3.20652549,1708.1184
0.00326927056,0.0442136074,-0.000276631211,0.00417190234,-0.000169914119,-1.58199584,1707.40797
0.00328297172,0.13502937,0.000376457854,0.00211118096,0.00208882899,-5.77268008,1701.75041
0.00328607039,0.109085956,0.000265621084,0.00791126429,0.00124414074,-4.66863391,1708.2036
0.00331722836,0.133595261,0.000392804872,0.00244569193,0.00205276315,-5.71019734,1702.86419
0.00332164054,0.040914044,-0.000273392549,0.00362105763,-0.000240726433,-1.46420515,1707.26929
0.00335394821,0.132058033,0.000407051489,0.00281447185,0.00201427741,-5.64540843,1703.91331
0.00335652868,0.105786393,0.000228394206,0.0083978633,0.00118453252,-4.50340594,1708.2162
0.00336669929,0.075,-0.000162356358,0.00878043207,0.000482526176,-2.92220345,1708.07059
0.00337049747,0.0378358195,-0.000266869979,0.00312336743,-0.000308283367,-1.35960059,1707.11964
0.0033933084,0.13041027,0.000418749164,0.00321785337,0.00197329381,-5.57767342,1704.8723
0.00341607702,0.0349640862,-0.000257647341,0.00267890296,-0.000372555516,-1.2645627,1706.9593
0.00343205325,0.102249575,0.000183155951,0.0088256297,0.00112047675,-4.33544298,1708.21704
0.00343549876,0.128644026,0.000427355117,0.00365550238,0.00192974061,-5.50663086,1705.71826
0.00345859904,0.0322849924,-0.000246434483,0.00228525441,-0.000433562838,-1.17867411,1706.78862
0.00346711545,0.0696352464,-0.000215942259,0.00818643775,0.000377806869,-2.66847588,1708.00975
0.00348072282,0.12675078,0.000432373255,0.00412592743,0.00188354969,-5.43086803,1706.43393
0.00349804094,0.15,0,0,0.00293135831,-6.6001959,1685
0.00349826863,0.0297856156,-0.000233723444,0.00193955628,-0.000491362519,-1.09981664,1706.60807
0.00350746878,0.14964235,1.66599986e-05,2.45612666e-06,0.00292146336,-6.57881644,1685.44294
0.00351300839,0.0984584434,0.000132346122,0.00916385339,0.00105110679,-4.13446516,1708.21039
0.00351757453,0.149258983,3.41420342e-05,8.70791441e-06,0.0029107665,-6.54608489,1685.91771
0.00352840693,0.14884805,5.24618261e-05,1.85242789e-05,0.00289918871,-6.52219779,1686.42656
0.0035291987,0.124721401,0.000433134182,0.00462674124,0.00183465227,-5.35006051,1707.01061
0.00353527713,0.0274539002,-0.000220016024,0.0016379837,-0.000546038939,-1.0273406,1706.41822
0.00354001823,0.148407569,7.16447088e-05,3.41918914e-05,0.00288665688,-6.49423571,1686.97185
0.00355246443,0.147935415,9.16720297e-05,5.60675619e-05,0.0028730926,-6.46473103,1687.55603
0.00356079556,0.0646303672,-0.00025705348,0.00752040296,0.000274315724,-2.42500479,1707.93852
0.00356580558,0.147429312,0.000112536222,8.53004419e-05,0.00285841193,-6.43303278,1688.18161
0.00356980305,0.0252785992,-0.000205685817,0.00137664946,-0.000597695312,-0.95999222,1706.21972
0.00358010602,0.146886817,0.000134212842,0.000122962617,0.00284252532,-6.39944828,1688.85111
0.00358116022,0.1225461,0.000429167193,0.00515362005,0.00178297099,-5.26156877,1707.4499
0.00359543473,0.146305314,0.000156668377,0.000170329518,0.00282533761,-6.3638253,1689.56699
0.00359978459,0.0943947116,7.43091585e-05,0.00939613866,0.000975318114,-3.93768818,1708.19807
0.00360201293,0.0232492201,-0.000191074889,0.0011514624,-0.000646447214,-0.897181021,1706.01334
0.00361186565,0.145681998,0.000179853751,0.000228773934,0.00280674806,-6.32615054,1690.33156
0.00362947802,0.145013864,0.000203701943,0.00029980883,0.0027866506,-6.28635524,1691.14683
0.00363206214,0.0213559743,-0.000176445221,0.000958503666,-0.000692417523,-0.838156812,1705.79989
0.00363685802,0.120214384,0.000419635602,0.00570134799,0.00172840958,-5.16594663,1707.76373
0.00364819149,0.0599612217,-0.000289118793,0.00681452495,0.000172652968,-2.21723326,1707.85649
0.00364835681,0.144297686,0.000228127061,0.000385070306,0.00276493413,-6.24441389,1692.0143
0.0036600956,0.0195897299,-0.000162018828,0.000793995448,-0.000735732658,-0.782470031,1705.58026
0.00366859307,0.143530013,0.000253021654,0.000486321277,0.00274148303,-6.20030889,1692.93476
0.00368624854,0.0179419674,-0.000147965003,0.000654442183,-0.000776519795,-0.729667205,1705.35536
0.00369028442,0.14270714,0.000278252885,0.000605439874,0.00271617788,-6.15404364,1693.90794
0.00369280041,0.0900387783,1.26199316e-05,0.00951294814,0.00089170472,-3.70301513,1708.18023
0.00369656075,0.117715008,0.000404251444,0.00626146744,0.00167083587,-5.05850652,1707.97215
0.00371064711,0.0164047389,-0.000134417452,0.000536620606,-0.000814904882,-0.679436273,1705.12613
0.00371353547,0.141825099,0.000303659605,0.000744405853,0.00268889636,-6.1056398,1694.93213
0.0037297248,0.0556052884,-0.000311201129,0.0061089646,7.34349219e-05,-2.02585343,1707.7634
0.00373340899,0.0149706296,-0.000121474067,0.000437618573,-0.000851011261,-0.631500729,1704.89351
0.00373845839,0.140879634,0.000329049059,0.000905277612,0.00265951434,-6.05513621,1696.00372
0.00375464398,0.0136327222,-0.000109205239,0.000354821334,-0.000884958743,-0.58565533,1704.65842
0.0037605564,0.115035914,0.000381916809,0.00682534355,0.00161006312,-4.94252483,1708.09948
0.00376517338,0.139866187,0.000354193192,0.00109016194,0.0026279073,-6.00258748,1697.11669
0.0037744545,0.0123845633,-9.76569423e-05,0.000285908278,-0.000916863019,-0.54172987,1704.42174
0.00379250451,0.0853696328,-5.36966321e-05,0.00944374628,0.000798571366,-3.44338314,1708.15549
0.0037929361,0.0112201325,-8.68556046e-05,0.000228832905,-0.00094683531,-0.499592675,1704.18431
0.00379380931,0.138779867,0.000378825995,0.0013011697,0.00259395181,-5.94804775,1698.26206
0.00380578874,0.0515415566,-0.000325536781,0.00542264525,-2.28095713e-05,-1.86099359,1707.65913
0.00381017793,0.0101338132,-7.68113926e-05,0.000181804225,-0.000974982194,-0.459137057,1703.94692
0.0038245043,0.137615437,0.000402638478,0.00154036419,0.00255752736,-5.89157263,1699.42743
0.00382626316,0.00912036556,-6.75215228e-05,0.000143263774,-0.00100140555,-0.420277895,1703.7103
0.00382915363,0.112164181,0.000352826222,0.00737874248,0.00154581956,-4.80937769,1708.16986
0.00384126937,0.00817490128,-5.89728991e-05,0.000111863213,-0.00102620257,-0.382945493,1703.4751
0.00385526895,0.00729285993,-5.11444957e-05,8.64418264e-05,-0.00104946586,-0.347082124,1703.24194
0.0038574064,0.136367278,0.000425279155,0.00180968315,0.00251851809,-5.8331658,1700.59662
0.00386832942,0.00646998704,-4.40093683e-05,6.60051555e-05,-0.00107128353,-0.312638367,1703.01136
0.00387675022,0.0477504251,-0.000332458654,0.00477424239,-0.000115668712,-1.71173288,1707.5436
0.00388051377,0.0057023135,-3.75362303e-05,4.97049693e-05,-0.00109173933,-0.279571061,1702.78385
0.00389188078,0.00498613648,-3.16909982e-05,3.68207655e-05,-0.00111091278,-0.247842171,1702.55985
0.00389267431,0.13502937,0.000446344554,0.0021108646,0.00247681463,-5.77281176,1701.7497
0.0038993778,0.0803647536,-0.000124588297,0.00920540253,0.000693902028,-3.20588117,1708.12143
0.00390248528,0.00431800152,-2.64379698e-05,2.67431173e-05,-0.00112887935,-0.217416336,1702.33979
0.00390268333,0.109085956,0.000315427404,0.00790964275,0.00147772094,-4.66847428,1708.20376
0.00391237842,0.00369468589,-2.17407637e-05,1.89587867e-05,-0.0011457106,-0.188260266,1702.12404
0.00392160791,0.00311318307,-1.75629955e-05,1.30364909e-05,-0.00116147432,-0.16033972,1701.91297
0.00393021827,0.0025706882,-1.38687866e-05,8.61779609e-06,-0.00117623469,-0.133628713,1701.70693
0.00393047816,0.133595261,0.000465390391,0.00244531315,0.00243231571,-5.71032486,1702.86346
0.00393825104,0.00206458457,-1.06232614e-05,5.39847961e-06,-0.00119005244,-0.108082622,1701.50628
0.00394295152,0.0442136074,-0.000333559991,0.00417150506,-0.000204846283,-1.58129234,1707.41681
0.00394574497,0.00159243101,-7.793098e-06,3.14576049e-06,-0.00120298497,-0.0837872905,1701.31136
0.00395273619,0.00115195011,-5.34640961e-06,1.64450849e-06,-0.00121508652,-0.060648908,1701.1225
0.00395925843,0.000741017226,-3.25278081e-06,8.42929788e-07,-0.00122640828,-0.0388302611,1700.94001
0.00396534315,0.000357650242,-1.48025137e-06,6.96283444e-09,-0.00123699856,-0.0163790887,1700.76418
0.0039710197,0,0,0,-0.00124690019,-0.00489650274,1700.59523
0.00397100028,0.132058033,0.00048190648,0.00281401802,0.00238492924,-5.64551569,1703.91256
0.00398150017,0.105786393,0.000270883023,0.00839606218,0.00140522236,-4.50333455,1708.21656
0.00400471194,0.040914044,-0.000329543167,0.00362086441,-0.000290152385,-1.46351557,1707.27886
0.00401393579,0.075,-0.000193552131,0.00877818797,0.000575437405,-2.92182036,1708.07459
0.00401443613,0.13041027,0.000495360457,0.00321731586,0.00233457266,-5.57778057,1704.87155
0.00406099523,0.128644026,0.000505124036,0.00365486292,0.00228117199,-5.50670359,1705.71753
0.0040623294,0.0378358195,-0.000321579238,0.00312336648,-0.000371487852,-1.35889181,1707.12991
0.0040659843,0.102249575,0.000217000114,0.00882363977,0.00132758484,-4.33510934,1708.21767
0.00411090215,0.12675078,0.000510607356,0.00412517804,0.00222465895,-5.43095124,1706.43325
0.00411608181,0.0349640862,-0.000310381058,0.00267906926,-0.000448827318,-1.26387031,1706.97024
0.00412849378,0.0696352464,-0.000257063174,0.00818437972,0.000450023513,-2.667727,1708.01483
0.00415654325,0.0984584434,0.000156601611,0.00916170777,0.00124381272,-4.13412151,1708.21138
0.0041643976,0.124721401,0.000511047768,0.0046258552,0.00216496577,-5.35008523,1707.00998
0.00416622844,0.0322849924,-0.000296798322,0.0022855683,-0.000522203309,-1.17798065,1706.80022
0.00417380227,0.15,0,0,0.00349764631,-6.60033367,1685
0.00418399681,0.14964235,1.98707349e-05,2.45049427e-06,0.00348496316,-6.57920983,1685.44291
0.00419492437,0.149258983,4.07121416e-05,8.71430641e-06,0.00347127105,-6.54646061,1685.91765
0.00420663768,0.14884805,6.2543352e-05,1.85167901e-05,0.00345647491,-6.52237781,1686.42647
0.00421301117,0.0297856156,-0.000281427989,0.00193999155,-0.000591691821,-1.09914421,1706.62033
0.00421919324,0.148407569,8.53828546e-05,3.41710531e-05,0.00344048572,-6.49449889,1686.97173
0.00422173964,0.1225461,0.000505879734,0.00515259306,0.00210201607,-5.26162565,1707.44935
0.00423265159,0.147935415,0.000109214473,5.60454255e-05,0.00342320824,-6.46495807,1687.55587
0.00423536707,0.0646303672,-0.000305683881,0.00751847743,0.000326427473,-2.42439163,1707.9447
0.00424707767,0.147429312,0.000134023859,8.52714818e-05,0.00340454087,-6.43326145,1688.18141
0.00425361381,0.0943947116,8.78377118e-05,0.00939394538,0.00115263513,-3.93719315,1708.19955
0.00425665565,0.0274539002,-0.00026487016,0.00163851872,-0.000657400383,-1.02668148,1706.43115
0.00426254105,0.146886817,0.000159781243,0.000122926802,0.00338437557,-6.39966844,1688.85086
0.00427911632,0.146305314,0.000186441791,0.000170284464,0.00336259788,-6.36404969,1689.5667
0.00428320484,0.120214384,0.000494167845,0.00570014098,0.00203571258,-5.16590632,1707.76328
0.00429688342,0.145681998,0.000213943056,0.00022871916,0.00333908712,-6.32637775,1690.33122
0.00429737241,0.0252785992,-0.000247576043,0.00137726026,-0.000719458231,-0.959359989,1706.23335
0.00431592807,0.145013864,0.0002422033,0.000299741214,0.00331371667,-6.28658081,1691.14644
0.00433507117,0.0599612217,-0.000343467117,0.00681286866,0.000205301012,-2.2164497,1707.86377
0.00433535783,0.0232492201,-0.000229954432,0.00115212898,-0.000778008617,-0.896573827,1706.02771
0.00433634212,0.144297686,0.000271117061,0.000384987333,0.00328635446,-6.24463409,1692.01386
0.00434908968,0.117715008,0.000475548375,0.00626008477,0.00196591749,-5.0585359,1707.97182
0.0043576642,0.0900387783,1.49122307e-05,0.00951044268,0.0010524329,-3.7025442,1708.18232
0.00435822404,0.143530013,0.000300552703,0.000486219681,0.00325686366,-6.20052436,1692.93426
0.00437079515,0.0213559743,-0.000212320527,0.000959206166,-0.000833202869,-0.837583173,1705.81506
0.00438167936,0.14270714,0.000330348635,0.000605316139,0.00322510363,-6.15425394,1693.90738
0.00440385528,0.0195897299,-0.000194939425,0.000794717327,-0.000885195968,-0.781931331,1705.5963
0.00440682124,0.141825099,0.000360309764,0.000744255718,0.00319093106,-6.10584435,1694.9315
0.00441971194,0.115035914,0.000448815455,0.00682373048,0.0018924304,-4.94239975,1708.09928
0.00442808699,0.0556052884,-0.000369386913,0.00610756338,8.73224584e-05,-2.02511368,1707.77177
0.00443377094,0.140879634,0.000390203717,0.00090509618,0.00315420144,-6.0553345,1696.00303
0.0044346977,0.0179419674,-0.000178014071,0.000655168275,-0.000934143297,-0.729169287,1705.37236
0.00446265844,0.139866187,0.000419756792,0.00108994328,0.00311477078,-6.00277814,1697.11593
0.00446347117,0.0164047389,-0.000161703865,0.000537338455,-0.000980198332,-0.678982115,1705.14421
0.00446919631,0.0853696328,-6.33066943e-05,0.00944133171,0.000941255287,-3.44329694,1708.15837
0.00449031448,0.0149706296,-0.000146125671,0.000438317493,-0.00102351105,-0.631094972,1704.91281
0.0044936231,0.138779867,0.000448650607,0.00130090719,0.00307249756,-5.94823068,1698.26124
0.00449541229,0.112164181,0.000414148105,0.0073769185,0.00181495338,-4.8093771,1708.16983
0.00451486319,0.0515415566,-0.00038609242,0.0054215449,-2.69259884e-05,-1.86015367,1707.66855
0.00451535711,0.0136327222,-0.000131363105,0.000355492794,-0.00106422688,-0.585301669,1704.67908
0.00452681426,0.137615437,0.000476517328,0.00154004955,0.00302724491,-5.89174485,1699.42655
0.00453871984,0.0123845633,-0.000117470662,0.000286545435,-0.00110248603,-0.541432577,1704.44395
0.00456051538,0.0112201325,-0.000104479357,0.000229430585,-0.00113842312,-0.499355846,1704.20829
0.00456239202,0.136367278,0.00050293882,0.00180930768,0.00297888287,-5.83332903,1700.59569
0.00457655584,0.109085956,0.000369857331,0.00790754385,0.00173305877,-4.66825556,1708.20396
0.00458084884,0.0101338132,-9.24007773e-05,0.000182358648,-0.00117216702,-0.458965075,1703.9729
0.0045887481,0.0803647536,-0.000146570807,0.00920273395,0.000816785546,-3.20510526,1708.1253
0.00459581833,0.0477504251,-0.000394029911,0.00477342696,-0.00013699435,-1.71091196,1707.55401
0.0045998183,0.00912036556,-8.12310324e-05,0.000143772399,-0.00120384078,-0.420175211,1703.73856
0.004600528,0.13502937,0.000527438943,0.00211041674,0.00292729059,-5.77295918,1701.74872
0.00461751528,0.00817490128,-7.09539281e-05,0.000112324552,-0.0012335617,-0.382916884,1703.50596
0.00463402511,0.00729285993,-6.15437323e-05,8.68552608e-05,-0.00126144144,-0.347132583,1703.27575
0.00464140612,0.133595261,0.000549491684,0.00244478213,0.00287235833,-5.71046346,1702.86244
0.00464942745,0.00646998704,-5.29676337e-05,6.63708407e-05,-0.00128758618,-0.312773037,1703.04852
0.004663534,0.105786393,0.000317237145,0.00839373833,0.0016461344,-4.50329858,1708.21701
0.00466379657,0.0057023135,-4.51878473e-05,5.00236531e-05,-0.00131209677,-0.2797968,1702.82482
0.0046713429,0.0442136074,-0.000395080783,0.00417097978,-0.000242564097,-1.58041547,1707.42817
0.0046772018,0.00498613648,-3.81633044e-05,3.70937682e-05,-0.00133506895,-0.248166233,1702.60514
0.00468522358,0.132058033,0.000568501297,0.00281338758,0.00281398887,-5.64562962,1703.91153
0.00468970779,0.00431800152,-3.18508398e-05,2.69722181e-05,-0.0013565935,-0.217845544,1702.38994
0.00470137486,0.00369468589,-2.62062033e-05,1.91462581e-05,-0.00137675647,-0.188801988,1702.17964
0.00471225929,0.00311318307,-2.1185129e-05,1.31851444e-05,-0.00139563934,-0.161002088,1701.97465
0.00471689623,0.075,-0.000227404911,0.00877531176,0.000676431232,-2.92134845,1708.07966
0.00472241357,0.0025706882,-1.67440443e-05,8.7307455e-06,-0.00141331923,-0.134421084,1701.77534
0.0047318867,0.00206458457,-1.28405196e-05,5.47976742e-06,-0.00142986908,-0.109017246,1701.58203
0.00473219172,0.13041027,0.000583839242,0.00321657387,0.00275209791,-5.5778896,1704.87054
0.00474072436,0.00159243101,-9.4337039e-06,3.19908815e-06,-0.00144535782,-0.0848688615,1701.39505
0.00474180119,0.040914044,-0.000390104436,0.00362060276,-0.000343437808,-1.46265365,1707.29112
0.00474896917,0.00115195011,-6.48419857e-06,1.67515754e-06,-0.00145985055,-0.0618927013,1701.21467
0.00475666091,0.000741017226,-3.95404845e-06,8.52682089e-07,-0.00147340872,-0.0402250307,1701.04111
0.00475676631,0.102249575,0.000253882911,0.00882107992,0.00155334413,-4.33476238,1708.21845
0.00476383668,0.000357650242,-1.80454165e-06,1.93696223e-08,-0.00148609031,-0.0179872002,1700.87455
0.00477053109,0,0,0,-0.00149794676,-0.00664751457,1700.71508
0.0047825371,0.128644026,0.000594781966,0.0036539862,0.00268661301,-5.50677229,1705.71655
0.00480753304,0.0378358195,-0.000380479627,0.00312335237,-0.000439521297,-1.35800476,1707.14303
0.00483650254,0.12675078,0.000600632344,0.00412415509,0.00261747028,-5.43102676,1706.43232
0.00484504436,0.0696352464,-0.000301560231,0.00818173902,0.000528347833,-2.66683191,1708.02126
0.00485670245,0.0984584434,0.000183002041,0.00915894598,0.00145355798,-4.13370606,1708.21262
0.00486885552,0.0349640862,-0.000367063423,0.00267926952,-0.000530804094,-1.26300154,1706.98419
0.00489110446,0.15,0,0,0.00409874554,-6.60080283,1685
0.00489434835,0.124721401,0.000600528328,0.00462465248,0.00254460829,-5.35009293,1707.00914
0.00490210175,0.14964235,2.32699351e-05,2.44160516e-06,0.00408309456,-6.57973695,1685.44287
0.0049138898,0.149258983,4.76740796e-05,8.72724251e-06,0.00406621416,-6.5468755,1685.91758
0.00492606441,0.0322849924,-0.000350853742,0.0022859571,-0.000617341099,-1.1771101,1706.81499
0.00492652547,0.14884805,7.32315321e-05,1.85130363e-05,0.00404799245,-6.52269395,1686.42636
0.0049400697,0.148407569,9.99532018e-05,3.41577017e-05,0.00402832349,-6.49489047,1686.97157
0.00495458783,0.147935415,0.00012782217,5.60298536e-05,0.00400709421,-6.46533489,1687.55566
0.00495635355,0.1225461,0.000593794796,0.00515120395,0.00246795744,-5.26166558,1707.44862
0.00496382448,0.0943947116,0.00010254706,0.0093911108,0.00134533155,-3.93657589,1708.20139
0.00496459616,0.0646303672,-0.000358204971,0.00751601515,0.000382843533,-2.42363284,1707.95251
0.00497014987,0.147429312,0.000156817652,8.52482901e-05,0.00398418424,-6.43364199,1688.18115
0.00497943566,0.0297856156,-0.000332561878,0.00194053485,-0.000699235926,-1.0982983,1706.63592
0.00498683091,0.146886817,0.000186902467,0.000122894936,0.00395946588,-6.40005127,1688.85055
0.00500471138,0.146305314,0.000218021461,0.000170241361,0.00393280424,-6.3644312,1689.56633
0.00502281722,0.120214384,0.000579399007,0.00569851665,0.00238742551,-5.16583254,1707.76267
0.00502387755,0.145681998,0.000250099711,0.000228662094,0.00390405746,-6.32674871,1690.3308
0.00502922669,0.0274539002,-0.000312891267,0.00163918848,-0.000776627163,-1.02585216,1706.44756
0.00504442186,0.145013864,0.000283039284,0.000299666713,0.00387307712,-6.28694894,1691.14595
0.0050664434,0.144297686,0.000316713489,0.000384892591,0.00383970891,-6.24499933,1692.0133
0.00507567768,0.0252785992,-0.000292376099,0.00137802575,-0.000849677116,-0.958563284,1706.25063
0.00507612827,0.0599612217,-0.000402039072,0.0068107503,0.000240604318,-2.21547557,1707.87296
0.00507864909,0.0900387783,1.74025866e-05,0.00950722396,0.00122682281,-3.70197489,1708.18493
0.00509004839,0.143530013,0.000350964788,0.00048610094,0.00380379351,-6.200886,1692.93363
0.00509405994,0.117715008,0.00055688533,0.00625823049,0.00230287513,-5.05854025,1707.97137
0.0051153507,0.14270714,0.000385600982,0.000605168976,0.00376516779,-6.15461096,1693.90667
0.00511901267,0.0232492201,-0.000271494754,0.00115296449,-0.000918562996,-0.895808573,1706.0459
0.00514247235,0.141825099,0.000420390901,0.000744074847,0.00372366621,-6.1061957,1694.93072
0.0051594407,0.0213559743,-0.000250618387,0.000960086426,-0.000983470151,-0.836859425,1705.83423
0.00517042535,0.115035914,0.00052495357,0.00682157782,0.00221409786,-4.94222005,1708.09901
0.00517154419,0.140879634,0.000455060092,0.000904875439,0.00367912268,-6.0556791,1696.00216
0.00518017866,0.0556052884,-0.000431985868,0.0061057717,0.000102356553,-2.02418557,1707.7823
0.00519715677,0.0195897299,-0.000230056595,0.000795621228,-0.00104458707,-0.781251525,1705.61655
0.00520173012,0.0853696328,-7.37248706e-05,0.0094382359,0.00109581412,-3.44316224,1708.16195
0.00520270642,0.139866187,0.000489286349,0.00108967532,0.00363137261,-6.00311427,1697.11498
0.0052323428,0.0179419674,-0.000210047104,0.000656076625,-0.00110210171,-0.728540438,1705.3938
0.00523610937,0.138779867,0.000522695737,0.00130058362,0.00358025534,-5.94855734,1698.26022
0.00525228179,0.112164181,0.000483750427,0.00737449468,0.00212077434,-4.80934281,1708.16979
0.0052651685,0.0164047389,-0.000190775479,0.000538235442,-0.00115619896,-0.678408315,1705.16697
0.00527191415,0.137615437,0.0005548579,0.0015396602,0.00352561676,-5.89205894,1699.42545
0.00527724922,0.0515415566,-0.000451132167,0.00542013556,-3.12761537e-05,-1.8591058,1707.68036
0.00529579221,0.0149706296,-0.000172377752,0.000439189636,-0.00120705888,-0.630581929,1704.93705
0.00531029346,0.136367278,0.000585284095,0.00180884154,0.00346731199,-5.83363065,1700.59452
0.00532436165,0.0136327222,-0.000154950632,0.000356329319,-0.00125485554,-0.584854173,1704.705
0.00533366127,0.0803647536,-0.000170312954,0.00919934102,0.000949675529,-3.20414213,1708.1301
0.0053400241,0.109085956,0.000431479064,0.00790476899,0.0020224368,-4.66793668,1708.2042
0.00535101461,0.0123845633,-0.000138556815,0.000287337739,-0.00129975639,-0.541055941,1704.47175
0.00535143243,0.13502937,0.000613420985,0.00210985978,0.00340520815,-5.77324191,1701.7475
0.00536780816,0.0477504251,-0.000460065797,0.00477237848,-0.000159816381,-1.70988468,1707.56705
0.00537587965,0.0112201325,-0.000123231428,0.000230172166,-0.00134192186,-0.49905525,1704.23821
0.00539552947,0.133595261,0.000638656027,0.0024441206,0.00333918667,-5.71073159,1702.86118
0.00539907672,0.0101338132,-0.000108986902,0.000183044784,-0.00138150523,-0.458746001,1704.00522
0.0054207177,0.00912036556,-9.58175605e-05,0.000144399945,-0.00141865265,-0.42004308,1703.77358
0.00543407549,0.105786393,0.00036954751,0.00839067715,0.00191840762,-4.50317107,1708.21758
0.00544090698,0.00817490128,-8.37033148e-05,0.000112891746,-0.00145350321,-0.382877139,1703.54403
0.00544279731,0.132058033,0.000660302748,0.00281260209,0.00326914497,-5.64586859,1703.91026
0.0054522923,0.0442136074,-0.00046097316,0.00417029743,-0.000282933216,-1.57932212,1707.44238
0.00545974193,0.00729285993,-7.26131238e-05,8.73613953e-05,-0.0014861892,-0.347191678,1703.31726
0.00547507889,0.075,-0.000263904002,0.00877168005,0.000785468189,-2.92075653,1708.08596
0.00547731341,0.00646998704,-6.25077525e-05,6.68162281e-05,-0.00151683621,-0.312939008,1703.09388
0.00549346393,0.13041027,0.000677630554,0.00321564861,0.00319499709,-5.57811518,1704.86927
0.00549370617,0.0057023135,-5.33421663e-05,5.04094949e-05,-0.00154556347,-0.280076958,1702.87448
0.00550899929,0.00498613648,-4.50672518e-05,3.74220306e-05,-0.00157248401,-0.248567018,1702.65959
0.00552326652,0.00431800152,-3.76313485e-05,2.72455509e-05,-0.00159770496,-0.218374019,1702.44968
0.00553110913,0.040914044,-0.000454892533,0.00362025207,-0.000400430976,-1.46157717,1707.30643
0.00553488962,0.102249575,0.000295395617,0.0088177155,0.00180775253,-4.33425534,1708.21943
0.00553657669,0.00369468589,-3.09817732e-05,1.93678627e-05,-0.00162132775,-0.189466967,1702.24519
0.00554777372,0.128644026,0.00068981558,0.00365289397,0.00311667241,-5.50695109,1705.71532
0.005548994,0.00311318307,-2.50657737e-05,1.33590191e-05,-0.00164344839,-0.161814158,1702.04651
0.00556057834,0.0025706882,-1.98313389e-05,8.86142504e-06,-0.00166415771,-0.135389488,1701.85401
0.00557138559,0.00206458457,-1.52276234e-05,5.57267474e-06,-0.00168354154,-0.110152226,1701.66797
0.00558146787,0.00159243101,-1.12054009e-05,3.25940534e-06,-0.00170168096,-0.0861742361,1701.48866
0.00559087382,0.00115195011,-7.71713797e-06,1.70937868e-06,-0.00171865252,-0.0633805829,1701.31626
0.00559964881,0.000741017226,-4.71687992e-06,8.63747778e-07,-0.00173452846,-0.0418851223,1701.15094
0.00560463883,0.0378358195,-0.00044342172,0.00312331225,-0.000512229108,-1.35689985,1707.1594
0.00560598863,0.12675078,0.000696045785,0.00412288037,0.00303411188,-5.43120138,1706.43117
0.00560783516,0.000357650242,-2.15876756e-06,3.25232834e-08,-0.00174937688,-0.0198774132,1700.99276
0.00561547236,0,0,0,-0.00176325832,-0.008685108,1700.84175
0.00561649651,0.0696352464,-0.000349420307,0.00817840851,0.000612782772,-2.66572193,1708.02922
0.00564295277,0.0984584434,0.000212636062,0.00915532834,0.00168920432,-4.1331828,1708.21419
0.00566838948,0.124721401,0.000695356639,0.00462315637,0.00294726098,-5.35019002,1707.00809
0.00567323607,0.0349640862,-0.000427576892,0.00267949776,-0.000618340104,-1.26191834,1707.00158
0.00573527724,0.1225461,0.000686952366,0.00514947622,0.00285605752,-5.26178313,1707.4477
0.00573723171,0.0322849924,-0.000408511748,0.00228642073,-0.000718848622,-1.17602696,1706.83337
0.00574349164,0.15,0,0,0.00481304599,-6.60071567,1685
0.00574842766,0.0646303672,-0.000414615714,0.00751291333,0.000443591685,-2.42267784,1707.96217
0.0057551124,0.14964235,2.73219678e-05,2.45771027e-06,0.00479359454,-6.58004761,1685.44283
0.00575878617,0.0943947116,0.000119014719,0.00938737919,0.00156114037,-3.93577154,1708.20371
0.00576756875,0.149258983,5.59579248e-05,8.73733073e-06,0.0047726355,-6.54739733,1685.91748
0.00578092078,0.14884805,8.59291614e-05,1.85310577e-05,0.00475003663,-6.52306654,1686.4262
0.00579523287,0.148407569,0.000117244813,3.41659801e-05,0.00472567134,-6.49532763,1686.97135
0.00579693445,0.0297856156,-0.000387061321,0.00194119105,-0.000813892745,-1.09724527,1706.65529
0.00580697455,0.120214384,0.000669705338,0.00569650098,0.00276041492,-5.16582035,1707.76192
0.00581057407,0.147935415,0.000149887335,5.60340019e-05,0.00469940483,-6.46575016,1687.55538
0.00582701838,0.147429312,0.000183828987,8.5240686e-05,0.00467109401,-6.43405319,1688.18079
0.00584464512,0.146886817,0.000219023151,0.000122873808,0.00464058747,-6.40044387,1688.85012
0.00585263225,0.0274539002,-0.000364037344,0.00164000185,-0.000903648375,-1.02482144,1706.46794
0.00586353929,0.146305314,0.000255402434,0.000170202485,0.00460772575,-6.36480319,1689.56582
0.0058715087,0.0599612217,-0.000464844204,0.00680808252,0.000278601184,-2.21427022,1707.88429
0.00588294853,0.0900387783,2.01738596e-05,0.00950301623,0.00142148863,-3.70128921,1708.18823
0.00588382723,0.117715008,0.000643050551,0.00625593102,0.0026601965,-5.05859773,1707.97079
0.00588379205,0.145681998,0.000292873874,0.000228601992,0.00457234166,-6.32710179,1690.3302
0.00590459377,0.0252785992,-0.000340062508,0.00137895791,-0.000988316503,-0.957572902,1706.27205
0.00590550108,0.145013864,0.000331316334,0.000299581955,0.00453426089,-6.28728971,1691.14526
0.00592877109,0.144297686,0.000370577546,0.000384778851,0.00449330287,-6.24532971,1692.01252
0.00595306965,0.0232492201,-0.00031568788,0.00115398317,-0.00106811343,-0.8948584,1706.06843
0.00595371432,0.143530013,0.000410468889,0.00048595308,0.00444928193,-6.20120593,1692.93275
0.00596620598,0.115035914,0.000605607151,0.00681891531,0.00255518555,-4.94206526,1708.09866
0.00598045109,0.14270714,0.000450760951,0.000604980881,0.00440200875,-6.15492032,1693.90569
0.0059863333,0.0556052884,-0.000499024794,0.0061035132,0.000118574351,-2.02304233,1707.79527
0.0059982937,0.0213559743,-0.000291343541,0.000961160217,-0.00114326313,-0.835960854,1705.85795
0.00600911036,0.141825099,0.000491178854,0.000743839294,0.00435129225,-6.10649399,1694.92963
0.00601603876,0.0853696328,-8.53240461e-05,0.00943420864,0.00126775686,-3.4429406,1708.16647
0.00603983037,0.140879634,0.000531397423,0.000904583967,0.00429694179,-6.0559656,1696.00096
0.00604048407,0.0195897299,-0.000267385333,0.000796723748,-0.00121399175,-0.780408218,1705.64156
0.00605450816,0.112164181,0.000557462777,0.0073715013,0.00244504034,-4.80933273,1708.1697
0.00607275929,0.139866187,0.000571036286,0.00108931793,0.00423876977,-6.00338761,1697.11368
0.00607984425,0.0179419674,-0.000244087162,0.000657184073,-0.00128052358,-0.727760529,1705.42025
0.00609345533,0.0515415566,-0.000520694959,0.00541835529,-3.58335083e-05,-1.85781807,1707.6949
0.00610805595,0.138779867,0.000609655307,0.00130014884,0.00417659458,-5.9488164,1698.2588
0.0061165641,0.0164047389,-0.000221661535,0.000539328138,-0.00134307826,-0.677697109,1705.19501
0.00614589061,0.137615437,0.000646749899,0.00153913442,0.00411024376,-5.89230102,1699.42393
0.00614915968,0.109085956,0.000496745288,0.00790135196,0.00232925083,-4.66759802,1708.20446
0.00615082074,0.0149706296,-0.000200264111,0.000440250893,-0.00140186893,-0.62994622,1704.96686
0.0061586988,0.0803647536,-0.000196593808,0.00919496288,0.00109699482,-3.20295407,1708.13614
0.0061827794,0.0136327222,-0.000180004815,0.000357345767,-0.00145710104,-0.584299934,1704.73679
0.00618644576,0.136367278,0.000681748169,0.0018082097,0.00403955736,-5.83385531,1700.59291
0.00619339147,0.0477504251,-0.000530618295,0.00477104707,-0.000184126336,-1.70862017,1707.58308
0.00621259423,0.0123845633,-0.000160954454,0.000288298743,-0.0015089717,-0.540589579,1704.50577
0.00622991703,0.13502937,0.000714006094,0.00210910352,0.00396439116,-5.77344357,1701.74582
0.00624040905,0.0112201325,-0.000143151999,0.000231069713,-0.00155766936,-0.498683076,1704.27473
0.00625061709,0.105786393,0.00042493602,0.00838691218,0.00220707026,-4.50304046,1708.21823
0.00626635801,0.0101338132,-0.000126610269,0.000183873064,-0.0016033737,-0.458474489,1704.04454
0.00627651407,0.133595261,0.000742810544,0.00244322112,0.00388461955,-5.71091337,1702.85946
0.00628662378,0.0442136074,-0.000531299226,0.00416942089,-0.000325969134,-1.57797938,1707.45982
0.00629056629,0.00912036556,-0.0001113212,0.00014515516,-0.00164625574,-0.41987871,1703.81603
0.00631161678,0.075,-0.000304146914,0.00876704155,0.000905912796,-2.91999768,1708.09384
0.00631315064,0.00817490128,-9.72603982e-05,0.000113571773,-0.00168647804,-0.382827838,1703.58998
0.00632646167,0.132058033,0.000767369858,0.00281153457,0.0038001376,-5.64601748,1703.90852
0.00633422,0.00729285993,-8.43910193e-05,8.79656355e-05,-0.00172419493,-0.34726526,1703.36708
0.00635387601,0.00646998704,-7.26666835e-05,6.73453038e-05,-0.00175955281,-0.31314252,1703.148
0.00635936977,0.102249575,0.000339364038,0.00881357612,0.00207746117,-4.33366432,1708.22058
0.00637221346,0.0057023135,-6.20340084e-05,5.0865177e-05,-0.00179269049,-0.280417244,1702.93333
0.00637360194,0.040914044,-0.000523978816,0.00361978615,-0.000461175845,-1.46025345,1707.32521
0.00638000074,0.13041027,0.000786836374,0.00321439132,0.00371086176,-5.57824525,1704.86755
0.00638932082,0.00498613648,-5.24350167e-05,3.78071157e-05,-0.00182373942,-0.249052215,1702.7236
0.00640528059,0.00431800152,-4.38090926e-05,2.75637515e-05,-0.00185282408,-0.219014151,1702.5193
0.00642016976,0.00369468589,-3.60944327e-05,1.96237742e-05,-0.00188006228,-0.190271293,1702.32084
0.00643406015,0.00311318307,-2.92290325e-05,1.35580361e-05,-0.0019055654,-0.162791506,1702.12861
0.00643738952,0.128644026,0.000800272292,0.00365141294,0.00361672852,-5.50703081,1705.71366
0.00644701875,0.0025706882,-2.31515284e-05,9.00960011e-06,-0.00192943874,-0.136548214,1701.9429
0.00645474549,0.0378358195,-0.00051048382,0.00312323016,-0.000589687046,-1.35554405,1707.17945
0.00645910807,0.00206458457,-1.78018681e-05,5.67697159e-06,-0.00195178178,-0.111501679,1701.76397
0.00646453475,0.0696352464,-0.000401956784,0.00817415988,0.000705739714,-2.66435267,1708.03916
0.00647038643,0.00159243101,-1.31218552e-05,3.32657363e-06,-0.00197268844,-0.0877171589,1701.59201
0.00647594228,0.0984584434,0.000244023504,0.00915087609,0.00193901178,-4.13259946,1708.21603
0.00648090822,0.00115195011,-9.05528146e-06,1.74717816e-06,-0.00199224733,-0.0651258284,1701.42716
0.00649072419,0.000741017226,-5.5477961e-06,8.7646764e-07,-0.00201054204,-0.0438235651,1701.26948
0.00649890482,0.12675078,0.000806735047,0.00412115379,0.00351769009,-5.43127235,1706.42961
0.0064998817,0.000357650242,-2.54608965e-06,4.67399951e-08,-0.00202765136,-0.0220593865,1701.11898
0.0065084249,0,0,0,-0.00204364542,-0.0110157602,1700.97562
0.00653044584,0.0349640862,-0.000492005303,0.00267974666,-0.000711545268,-1.2605879,1707.02286
0.00656484336,0.124721401,0.000805148413,0.00462113669,0.00341370618,-5.35017838,1707.00668
0.0066008969,0.0943947116,0.0001364674,0.00938275411,0.00178991049,-3.93480948,1708.20646
0.0066010681,0.0322849924,-0.000469859949,0.00228695934,-0.000826871552,-1.1746989,1706.85585
0.0066071948,0.0646303672,-0.000476342392,0.00750896881,0.000510285959,-2.42148891,1707.97418
0.0066355232,0.1225461,0.000794579268,0.0051471482,0.00330473012,-5.26179111,1707.44647
0.00666695294,0.0297856156,-0.000445016329,0.00194196642,-0.000935844652,-1.09595333,1706.67896
0.00667972464,0.15,0,0,0.00559760925,-6.60158367,1685
0.00669191987,0.14964235,3.17529128e-05,2.44248827e-06,0.00557389377,-6.58097376,1685.44276
0.006704992,0.149258983,6.50259955e-05,8.72370717e-06,0.00554835975,-6.54820565,1685.91735
0.00671128525,0.120214384,0.000773806463,0.00569379666,0.00319068944,-5.16568745,1707.7609
0.00671900407,0.14884805,9.98382481e-05,1.84997416e-05,0.0055208526,-6.52370766,1686.42599
0.00672841814,0.0274539002,-0.000418399512,0.00164096994,-0.00103868347,-1.02355851,1706.49282
0.00673402367,0.148407569,0.00013619329,3.41167379e-05,0.00549122288,-6.49596836,1686.97106
0.00673483635,0.0900387783,2.31046586e-05,0.00949781845,0.00162784261,-3.70048803,1708.19213
0.00674028502,0.0599612217,-0.000533347213,0.00680469216,0.0003202406,-2.21277948,1707.89835
0.00675012326,0.147935415,0.000174070843,5.59729508e-05,0.00545931182,-6.46635072,1687.55501
0.00676738048,0.147429312,0.000213433992,8.51637306e-05,0.00542495118,-6.43463285,1688.18034
0.00678576018,0.0252785992,-0.000390726408,0.00138007155,-0.00113563291,-0.956359038,1706.29818
0.00678587858,0.146886817,0.000254224561,0.0001227789,0.00538796345,-6.40101172,1688.84957
0.00679249495,0.117715008,0.000742135979,0.00625285408,0.00307145671,-5.05854322,1707.97001
0.00680570678,0.146305314,0.000296359807,0.000170086947,0.00534816209,-6.36538017,1689.56517
0.00682696072,0.145681998,0.000339728472,0.000228463348,0.00530535208,-6.32768763,1690.32944
0.00683925564,0.0232492201,-0.000362624062,0.00115520244,-0.00122695313,-0.893694861,1706.09588
0.00684974292,0.145013864,0.0003841866,0.00029941581,0.00525933066,-6.28787137,1691.14438
0.00686444739,0.0556052884,-0.000571950452,0.006100643,0.000136373064,-2.02161821,1707.8113
0.00687416327,0.144297686,0.000429552708,0.000384579633,0.00520988852,-6.24590313,1692.01152
0.00687840669,0.0853696328,-9.76227259e-05,0.00942923766,0.00145002577,-3.44262502,1708.17183
0.00687954401,0.115035914,0.000698127277,0.00681537046,0.00294681489,-4.94177239,1708.09815
0.00688916255,0.0213559743,-0.000334584594,0.000962446631,-0.00131291111,-0.834860422,1705.88682
0.00690033955,0.143530013,0.000475603243,0.000485714177,0.00515681113,-6.20176964,1692.93162
0.00692839803,0.14270714,0.00052206755,0.000604694517,0.00509988069,-6.15547233,1693.90443
0.00693572165,0.0195897299,-0.000307012006,0.000798044812,-0.00139377458,-0.779376043,1705.67197
0.00695847406,0.141825099,0.000568622465,0.000743496246,0.00503887833,-6.10703203,1694.92823
0.00697285231,0.112164181,0.000641784298,0.00736753074,0.00281640693,-4.80921409,1708.16954
0.0069791575,0.0179419674,-0.0002802179,0.000658510678,-0.00146980772,-0.726805973,1705.45234
0.00698028078,0.0515415566,-0.000596169216,0.00541608774,-4.06556367e-05,-1.85622504,1707.71282
0.00699071268,0.140879634,0.000614886897,0.000904173402,0.00497358686,-6.05648728,1695.99942
0.00701967962,0.0164047389,-0.000254442634,0.000540636127,-0.00154126818,-0.676826875,1705.22898
0.00702526942,0.139866187,0.000660416437,0.00108882715,0.00490379391,-6.00389019,1697.112
0.0070323004,0.0803647536,-0.000224397815,0.00918959478,0.00125317118,-3.20151522,1708.1433
0.00705748347,0.0149706296,-0.000229862044,0.000441519882,-0.00160840509,-0.629168319,1705.00291
0.00706231096,0.138779867,0.000704698261,0.00129956317,0.00482929545,-5.94929728,1698.25699
0.00707286991,0.109085956,0.000571205818,0.00789684349,0.00267968571,-4.66710432,1708.20474
0.00708834393,0.0477504251,-0.000606992874,0.00476934203,-0.000210353725,-1.70705367,1707.6028
0.00709275139,0.0136327222,-0.000206599494,0.000358559403,-0.00167145797,-0.583621648,1704.77516
0.00710201595,0.137615437,0.000747146291,0.00153843673,0.00474989965,-5.89275662,1699.42199
0.00712565349,0.0123845633,-0.000184733839,0.000289444072,-0.00173065598,-0.540018452,1704.54672
0.00714457592,0.136367278,0.000787097727,0.00180738077,0.00466543084,-5.83428336,1700.59087
0.00715634847,0.0112201325,-0.000164307589,0.000232137029,-0.00178621775,-0.498226309,1704.31856
0.00718007926,0.105786393,0.000487924159,0.00838196481,0.00253583805,-4.50280343,1708.21901
0.0071849844,0.0101338132,-0.000145333687,0.000184855354,-0.00183835136,-0.458139955,1704.09156
0.00718915806,0.0442136074,-0.000607266514,0.00416828312,-0.000372402685,-1.57632408,1707.48123
0.00719019615,0.13502937,0.000823809211,0.00210812058,0.0045757334,-5.77383844,1701.74369
0.00719725981,0.075,-0.000346713859,0.00876138723,0.0010336174,-2.91904424,1708.1032
0.00721169939,0.00912036556,-0.000127801396,0.000146047905,-0.00188725453,-0.419675545,1703.8666
0.00723662231,0.00817490128,-0.000111681502,0.000114372589,-0.0019331149,-0.382764496,1703.64445
0.0072390967,0.133595261,0.000856458254,0.00244205999,0.00448067516,-5.71127524,1702.85727
0.00725987336,0.00729285993,-9.69303157e-05,8.86740942e-05,-0.00197611038,-0.347349099,1703.42585
0.00728156471,0.00646998704,-8.34932628e-05,6.7962598e-05,-0.00201640955,-0.313380942,1703.21144
0.00728320946,0.040914044,-0.00059846621,0.0036191583,-0.000526644646,-1.45862076,1707.34822
0.00729151342,0.132058033,0.000884138234,0.00281016508,0.0043801499,-5.64633498,1703.90631
0.00729499747,0.102249575,0.000389233201,0.00880815092,0.00238372515,-4.33286366,1708.22197
0.00730180097,0.0057023135,-7.13081621e-05,5.13938713e-05,-0.00205417203,-0.280819403,1703.00184
0.00732067976,0.00498613648,-6.03077239e-05,3.82511398e-05,-0.0020895489,-0.24962806,1702.79757
0.00733829214,0.00431800152,-5.04215998e-05,2.79281859e-05,-0.00212268306,-0.219772517,1702.5991
0.00734769915,0.13041027,0.000905875045,0.00321278503,0.00427407821,-5.57852712,1704.86537
0.00735472305,0.00369468589,-4.15778643e-05,1.99147334e-05,-0.00215370963,-0.191220772,1702.40681
0.00736221921,0.0696352464,-0.000457474825,0.00816897186,0.000804327936,-2.66269347,1708.05095
0.00737005176,0.00311318307,-3.37043466e-05,1.37825741e-05,-0.00218275632,-0.163940715,1702.22104
0.00737095176,0.0378358195,-0.000582662709,0.00312307696,-0.000673058078,-1.35387803,1707.20398
0.0073843522,0.0025706882,-2.67296486e-05,9.17547182e-06,-0.00220994374,-0.137904766,1702.04205
0.00739769335,0.00206458457,-2.05838852e-05,5.79278461e-06,-0.00223538578,-0.113073418,1701.87004
0.00740792491,0.128644026,0.000920606881,0.00364952952,0.00416240606,-5.50724996,1705.71156
0.00741013955,0.00159243101,-1.51993086e-05,3.40068047e-06,-0.00225918991,-0.0895054726,1701.70513
0.00741817883,0.0984584434,0.000279507145,0.00914505565,0.00222178885,-4.13186141,1708.21828
0.00742175085,0.00115195011,-1.05105577e-05,1.78863294e-06,-0.0022814575,-0.067136705,1701.5474
0.00743258325,0.000741017226,-6.45456079e-06,8.90970438e-07,-0.00230228409,-0.0460491117,1701.39686
0.007442689,0.000357650242,-2.97026049e-06,6.21088869e-08,-0.00232175972,-0.0245417106,1701.25347
0.00745211684,0,0,0,-0.00233996469,-0.0136480581,1701.11711
0.0074528082,0.0349640862,-0.000561241848,0.00268000159,-0.000811730627,-1.2589529,1707.04884
0.00747248118,0.12675078,0.000927250841,0.00411896368,0.00404509979,-5.43146169,1706.42764
0.00751611293,0.0646303672,-0.000541581281,0.00750414972,0.000581061341,-2.42003347,1707.98843
0.00752917361,0.0322849924,-0.000535692992,0.00228757006,-0.000942833314,-1.17307147,1706.88324
0.00754167935,0.124721401,0.000924610855,0.00461858467,0.00392213676,-5.35027171,1707.00489
0.00755021752,0.0943947116,0.00015614275,0.00937668652,0.00204802267,-3.93357359,1708.20985
0.00760041633,0.0297856156,-0.000507129631,0.00194286729,-0.0010665976,-1.09437053,1706.70775
0.0076158532,0.1225461,0.000911605205,0.00514421153,0.00379348954,-5.26187939,1707.4449
0.00765968326,0.0599612217,-0.000605721738,0.00680054028,0.000364488313,-2.2109741,1707.91503
0.00766688,0.0274539002,-0.000476596136,0.00164210603,-0.00118329613,-1.0220145,1706.52304
0.00769175042,0.0900387783,2.63797852e-05,0.00949104146,0.00185986365,-3.69948791,1708.19694
0.0076953605,0.120214384,0.000886918042,0.00569039755,0.00365910356,-5.16561794,1707.75959
0.0077288852,0.0252785992,-0.000444909629,0.00138138496,-0.00129322728,-0.954875687,1706.32987
0.00772974842,0.15,0,0,0.00647752918,-6.60150187,1685
0.00774240629,0.14964235,3.67270431e-05,2.45412037e-06,0.00644888318,-6.58142361,1685.44268
0.00775597431,0.149258983,7.51955739e-05,8.70521775e-06,0.00641806107,-6.54904532,1685.91718
0.00777051794,0.14884805,0.000115428244,1.85089254e-05,0.00638488312,-6.52439893,1686.42573
0.00778058474,0.117715008,0.000849710097,0.0062489923,0.00351886432,-5.05852773,1707.969
0.00778610733,0.148407569,0.000157424813,3.4119213e-05,0.006349174,-6.4966937,1686.9707
0.00778673101,0.0232492201,-0.000412776473,0.00115664387,-0.00139670351,-0.892275142,1706.12911
0.00779362272,0.0556052884,-0.000648994077,0.00609711696,0.000155383756,-2.01988312,1707.83033
0.00780281766,0.147935415,0.000201159173,5.59696052e-05,0.00631074772,-6.46706512,1687.55453
0.00782072955,0.147429312,0.000246585455,8.51451952e-05,0.00626940768,-6.43534732,1688.17974
0.00783992939,0.146886817,0.000293632636,0.000122741009,0.00622494686,-6.40170902,1688.84885
0.00784069646,0.0213559743,-0.000380753604,0.000963969109,-0.00149404219,-0.833518439,1705.92171
0.0078434602,0.0853696328,-0.00011141765,0.00942278085,0.00165423285,-3.44218518,1708.17843
0.00786050979,0.146305314,0.000342201006,0.000170022866,0.00617714825,-6.36604172,1689.56432
0.00787193702,0.115035914,0.000798496445,0.00681093686,0.00337255749,-4.94149057,1708.09748
0.00788257001,0.145681998,0.00039215792,0.000228365763,0.00612578554,-6.32831114,1690.32845
0.00789104183,0.0195897299,-0.000349294715,0.00079960853,-0.00158555925,-0.778118596,1705.70865
0.00790621647,0.145013864,0.000443331782,0.000299278057,0.00607062412,-6.28847284,1691.14324
0.00791857734,0.0515415566,-0.00067588923,0.00541328748,-4.55864487e-05,-1.85429563,1707.7341
0.00793156322,0.144297686,0.00049550689,0.000384394668,0.00601142249,-6.24648459,1692.01022
0.00793800997,0.0179419674,-0.000318750052,0.00066008028,-0.00167156451,-0.725643669,1705.491
0.00795873252,0.143530013,0.000548419934,0.000485473377,0.00594793404,-6.20232992,1692.93016
0.00796985795,0.112164181,0.000733169757,0.00736257377,0.00321981284,-4.8090921,1708.16927
0.00798182743,0.0164047389,-0.000289388175,0.000542182217,-0.0017523587,-0.675767895,1705.2698
0.00798785543,0.14270714,0.000601753566,0.000604387463,0.00587990932,-6.15601115,1693.90279
0.00800607863,0.0803647536,-0.000255367465,0.00918270096,0.00142749764,-3.19971081,1708.15211
0.0080190724,0.141825099,0.00065512997,0.000743110782,0.00580709879,-6.10754865,1694.92641
0.00802270556,0.0149706296,-0.000261405047,0.00044301782,-0.00182823148,-0.62822192,1705.04612
0.00803514985,0.0477504251,-0.000687658869,0.00476721852,-0.000237935976,-1.70515253,1707.62621
0.00805253403,0.140879634,0.000708104923,0.000903695328,0.00572925614,-6.05698048,1695.99743
0.00806084153,0.0136327222,-0.000234937097,0.000359989432,-0.00189946031,-0.582796331,1704.82102
0.00807481986,0.109085956,0.000651845176,0.00789123202,0.00306004677,-4.66653666,1708.20499
0.0080884017,0.139866187,0.000760161892,0.00108823994,0.00564614201,-6.00435818,1697.10983
0.00809641929,0.0123845633,-0.000210070575,0.000290790662,-0.00196630994,-0.539323029,1704.59553
0.00812684844,0.138779867,0.000810706431,0.0012988478,0.00555752825,-5.94973796,1698.25464
0.00812961045,0.0112201325,-0.000186850841,0.000233388571,-0.00202903226,-0.49767021,1704.37061
0.00814390253,0.0442136074,-0.00068749289,0.00416684203,-0.000421364539,-1.57432368,1707.50665
0.00816057511,0.0101338132,-0.000165290193,0.000186003721,-0.00208786649,-0.457732441,1704.14719
0.00816805967,0.137615437,0.000859061102,0.00153757123,0.00546320251,-5.89316703,1699.41949
0.0081803901,0.075,-0.000393930333,0.00875419314,0.00117562408,-2.91784494,1708.11468
0.00818732903,0.105786393,0.000556061646,0.00837582203,0.00289237847,-4.50249434,1708.21985
0.00818946262,0.00912036556,-0.00014537432,0.000147087937,-0.00214303943,-0.419425259,1703.92614
0.00821223418,0.136367278,0.000904461623,0.00180634039,0.00536297293,-5.83466094,1700.58822
0.00821641231,0.00817490128,-0.000127067776,0.000115301823,-0.00219476598,-0.382679337,1703.70827
0.00824155419,0.00729285993,-0.000110318937,8.94924313e-05,-0.00224324954,-0.347438077,1703.4943
0.00824535994,0.040914044,-0.000677126876,0.00361833048,-0.000595744749,-1.45664551,1707.37553
0.00825958505,0.13502937,0.000946053729,0.00210687663,0.00525667275,-5.77417834,1701.74094
0.00826500952,0.00646998704,-9.5064313e-05,6.8672016e-05,-0.00228868257,-0.313654592,1703.2849
0.00828689143,0.0057023135,-8.12319789e-05,5.19981809e-05,-0.00233124705,-0.28128717,1703.08064
0.00830730548,0.00498613648,-6.8744195e-05,3.8755674e-05,-0.00237111505,-0.25029859,1702.88203
0.00830792815,0.102249575,0.000443151497,0.00880141183,0.00271556454,-4.33189287,1708.22353
0.00831034068,0.133595261,0.000982893776,0.00244058137,0.00514416437,-5.71157606,1702.85444
0.00832635013,0.00431800152,-5.75196547e-05,2.83396857e-05,-0.00240844911,-0.220654417,1702.68952
0.00834001146,0.0378358195,-0.000658882188,0.00312281959,-0.000761095705,-1.35186875,1707.23309
0.00834411724,0.00369468589,-4.74753775e-05,2.02411063e-05,-0.0024434028,-0.192322283,1702.50344
0.00835470156,0.0696352464,-0.000518745591,0.00816238523,0.000913571624,-2.66066082,1708.06539
0.00836069251,0.00311318307,-3.85281765e-05,1.4032738e-05,-0.00247612111,-0.165269489,1702.3241
0.00836474587,0.132058033,0.00101394726,0.00280841466,0.00502534224,-5.64658732,1703.90346
0.00837615589,0.0025706882,-3.05957978e-05,9.35902714e-06,-0.0025067409,-0.139467145,1702.15169
0.00839058196,0.00206458457,-2.35978052e-05,5.92006671e-06,-0.00253539127,-0.114875511,1701.98636
0.00840404032,0.00159243101,-1.74563098e-05,3.48168207e-06,-0.002562194,-0.0915471197,1701.8282
0.00841659587,0.00115195011,-1.2096325e-05,1.83373928e-06,-0.00258726385,-0.0694212169,1701.6772
0.00842306305,0.13041027,0.00103810144,0.00321072589,0.00490013407,-5.57873588,1704.86256
0.00842830918,0.000741017226,-7.44572551e-06,9.07333739e-07,-0.00261070895,-0.048569396,1701.53334
0.00842831363,0.0349640862,-0.000634355103,0.00268023497,-0.000917553225,-1.25697985,1707.07967
0.0084371989,0.0984584434,0.000317826052,0.00913783402,0.00252789443,-4.13100855,1708.22087
0.00843923675,0.000357650242,-3.43537665e-06,7.85293724e-08,-0.00263263115,-0.0273316219,1701.39654
0.00844943128,0,0,0,-0.00265312142,-0.0165890538,1701.26665
0.00848557352,0.128644026,0.00105415717,0.00364711342,0.00476849911,-5.50739276,1705.70886
0.00851069239,0.0322849924,-0.000605214172,0.00228823084,-0.00106534161,-1.17111191,1706.91575
0.00851731999,0.0646303672,-0.000613333141,0.00749804807,0.000659263885,-2.41823628,1708.00583
0.00855257878,0.12675078,0.00106087951,0.00411615134,0.00463042254,-5.43156383,1706.42511
0.00857576484,0.0943947116,0.000177386668,0.00936910537,0.00232715749,-3.93206972,1708.21378
0.00858754507,0.0297856156,-0.000572727492,0.0019438771,-0.00120474829,-1.09246422,1706.74192
0.00862440203,0.124721401,0.00105694111,0.00461531199,0.00448590476,-5.35027564,1707.00258
0.00865924238,0.0274539002,-0.000538064079,0.00164339852,-0.00133610302,-1.02015766,1706.55888
0.00866902977,0.0599612217,-0.000685030367,0.00679528512,0.000413300623,-2.20876575,1707.93533
0.00870138972,0.1225461,0.00104110027,0.0051404462,0.00433494355,-5.26186468,1707.44287
0.00872429432,0.0900387783,2.98847334e-05,0.00948260093,0.00211053128,-3.69832061,1708.20256
0.00872613014,0.0252785992,-0.000502147091,0.00138289101,-0.00145976104,-0.953091731,1706.36743
0.00878391319,0.120214384,0.00101194255,0.00568605144,0.00417750841,-5.16544195,1707.75788
0.00878853098,0.0232492201,-0.000465766072,0.00115830411,-0.00157609019,-0.890569213,1706.16849
0.00881056267,0.0556052884,-0.000733164573,0.00609265044,0.000176419295,-2.01775985,1707.85345
0.0088467459,0.0213559743,-0.000429546183,0.000965727445,-0.00168546135,-0.831905984,1705.96301
0.00887237048,0.117715008,0.000968469088,0.00624405968,0.0040135038,-5.05839296,1707.96765
0.00888350378,0.0853696328,-0.000126307283,0.00941475066,0.0018746267,-3.44156561,1708.18617
0.00890105569,0.0195897299,-0.000393993265,0.000801417096,-0.00178824146,-0.776608334,1705.75204
0.00894260136,0.0515415566,-0.000762725739,0.00540972818,-5.07461529e-05,-1.85194735,1707.75988
0.0089517223,0.0179419674,-0.000359498098,0.000661896805,-0.00188478878,-0.724247598,1705.53665
0.00895660089,0.15,0,0,0.00750563154,-6.60280145,1685
0.00896718827,0.115035914,0.00090916545,0.006805295,0.0038427236,-4.94107635,1708.09653
0.00896946832,0.14964235,4.25234247e-05,2.43996116e-06,0.00747095387,-6.58279244,1685.44257
0.00898326097,0.149258983,8.70504116e-05,8.67367266e-06,0.00743366625,-6.550307,1685.91695
0.00899804539,0.14884805,0.000133601716,1.84527553e-05,0.00739355931,-6.52544849,1686.42537
0.00899899014,0.0164047389,-0.000326358804,0.000543971427,-0.00197544966,-0.674495877,1705.31794
0.00901389287,0.148407569,0.000182170367,3.4029607e-05,0.00735042686,-6.49768273,1686.97021
0.00903087987,0.147935415,0.000232722731,5.58507412e-05,0.0073040507,-6.46798664,1687.55389
0.00904308719,0.0149706296,-0.000294792362,0.000444750255,-0.00206055666,-0.627084548,1705.09699
0.00904908831,0.147429312,0.000285201547,8.49943869e-05,0.00725420063,-6.43622738,1688.17894
0.00905416114,0.0803647536,-0.000288656764,0.0091741894,0.00161545252,-3.19754452,1708.16244
0.00906578273,0.0477504251,-0.000775299537,0.00476450031,-0.000267747137,-1.70283641,1707.65451
0.00906860602,0.146886817,0.000339519873,0.000122556794,0.00720063483,-6.40256345,1688.84788
0.00906882391,0.112164181,0.000833784797,0.00735627714,0.00366478876,-4.80884128,1708.16881
0.00908422616,0.0136327222,-0.000264948781,0.00036164147,-0.00214042747,-0.581803476,1704.8749
0.00908952714,0.146305314,0.000395556487,0.000169802222,0.00714310045,-6.36689718,1689.56317
0.0091119526,0.145681998,0.000453150544,0.000228106566,0.00708133449,-6.32918138,1690.32711
0.00912260547,0.0123845633,-0.000236922067,0.00029234385,-0.0022153645,-0.538485328,1704.65269
0.00913599055,0.145013864,0.000512097208,0.000298975195,0.00701506514,-6.28934839,1691.1417
0.00915841024,0.0112201325,-0.000210760645,0.0002348291,-0.00228565487,-0.49699828,1704.43138
0.00916175694,0.144297686,0.000572142484,0.000384038156,0.0069440135,-6.24735214,1692.00846
0.00917776764,0.109085956,0.000740516156,0.00788413,0.00347908183,-4.66581343,1708.20513
0.00918070093,0.0442136074,-0.000774444143,0.00416496705,-0.000474330395,-1.57189687,1707.53731
0.00918937606,0.143530013,0.000632975967,0.000485051172,0.00686789583,-6.20318324,1692.92818
0.00919181319,0.0101338132,-0.000186475694,0.000187322086,-0.00235157073,-0.457236137,1704.21191
0.00921898113,0.14270714,0.000694224578,0.000603885149,0.0067864263,-6.15684747,1693.90058
0.00922297543,0.00912036556,-0.00016404859,0.000148278358,-0.00241336974,-0.4191137,1703.99514
0.00923708958,0.075,-0.000444604304,0.00874537376,0.00132858727,-2.91634269,1708.12817
0.00925071494,0.141825099,0.000755445864,0.000742511732,0.00669932042,-6.10836421,1694.92397
0.00925204726,0.00817490128,-0.000143437377,0.000116361753,-0.00247129559,-0.382562807,1703.78188
0.00927916892,0.00729285993,-0.000124582279,9.04222443e-05,-0.00252557869,-0.347527265,1703.57286
0.00928473056,0.140879634,0.00081612129,0.000902980209,0.00660629896,-6.05777098,1695.99474
0.00928791028,0.040914044,-0.000762197434,0.0036172103,-0.000670424801,-1.45424794,1707.40842
0.00929454493,0.105786393,0.000630859865,0.0083680684,0.00328465542,-4.50206571,1708.2207
0.00930447122,0.00646998704,-0.000107410282,6.94745887e-05,-0.00257643676,-0.313958996,1703.36871
0.00932119206,0.139866187,0.000875649692,0.00108738646,0.00650709249,-6.00511892,1697.1069
0.00932807622,0.0057023135,-9.18387478e-05,5.26786086e-05,-0.00262407546,-0.281816042,1703.17
0.00935009776,0.00498613648,-7.77786123e-05,3.93209125e-05,-0.00266868903,-0.251060801,1702.97721
0.00936027532,0.138779867,0.000933341192,0.00129783044,0.00640144651,-5.95046399,1698.25149
0.00937064206,0.00431800152,-6.51369474e-05,2.87982803e-05,-0.00271046082,-0.221658172,1702.79073
0.00938792788,0.0378358195,-0.000741148541,0.00312239796,-0.000856113165,-1.34943785,1707.26807
0.00938980823,0.00369468589,-5.38190196e-05,2.06028754e-05,-0.0027495639,-0.193574943,1702.61088
0.00940216884,0.137615437,0.000988411875,0.00153636084,0.00628912684,-5.89385287,1699.41612
0.00940768871,0.00311318307,-4.37299504e-05,1.43085195e-05,-0.00278616157,-0.166777519,1702.43788
0.00941971906,0.102249575,0.000502277132,0.00879291293,0.00308015881,-4.33069026,1708.22526
0.00942001801,0.0696352464,-0.000584349642,0.00815429527,0.00103115916,-2.65822606,1708.08235
0.00942436974,0.0025706882,-3.47760384e-05,9.56029218e-06,-0.00282040785,-0.141235509,1702.27191
0.00943993179,0.00206458457,-2.68657934e-05,6.05887931e-06,-0.00285244794,-0.116908566,1702.11305
0.00944707472,0.136367278,0.00103997976,0.00180490408,0.0061699253,-5.83530123,1700.58467
0.00945444992,0.00159243101,-1.99107746e-05,3.5696464e-06,-0.00288241874,-0.0938431627,1701.96134
0.00946799415,0.00115195011,-1.38260484e-05,1.88257543e-06,-0.00291044919,-0.0719812284,1701.81674
0.00948062982,0.000741017226,-8.53022156e-06,9.25617866e-07,-0.00293666073,-0.0513865884,1701.67919
0.00948123619,0.0349640862,-0.000713128483,0.00268041279,-0.00103160011,-1.2545925,1707.11666
0.00949241787,0.000357650242,-3.9458553e-06,9.57520448e-08,-0.00296116768,-0.0304323961,1701.54856
0.00949520953,0.13502937,0.00108706225,0.00210517693,0.00604366511,-5.77476634,1701.73724
0.00950341516,0,0,0,-0.00298407236,-0.0198436129,1701.42469
0.00954680547,0.133595261,0.00112857666,0.00243857708,0.00591020575,-5.71210698,1702.85066
0.0095538938,0.0984584434,0.000359762112,0.00912874264,0.00286372431,-4.12999361,1708.22381
0.00956828525,0.0322849924,-0.000679996465,0.00228892838,-0.00119718154,-1.16874671,1706.95469
0.00959067538,0.0646303672,-0.000690084034,0.00749055606,0.000743421982,-2.4160498,1708.02627
0.0096021114,0.132058033,0.00116334159,0.00280605825,0.00576944643,-5.64705128,1703.89966
0.00964949494,0.0297856156,-0.000643188087,0.00194499836,-0.00135321703,-1.09016386,1706.78277
0.00966139408,0.13041027,0.00119008756,0.00320796819,0.00562132749,-5.5791325,1704.85882
0.00969771634,0.0943947116,0.000200614576,0.00935951699,0.00263292985,-3.93023796,1708.21829
0.00972493947,0.128644026,0.00120745886,0.00364389441,0.00546582857,-5.50770234,1705.70526
0.009725257,0.0274539002,-0.000604003978,0.00164486156,-0.00150010795,-1.01792094,1706.60166
0.00974988484,0.0599612217,-0.00076974249,0.00678881241,0.000465882612,-2.20610951,1707.9592
0.00979305408,0.12675078,0.00121405225,0.00411241758,0.00530296228,-5.43180227,1706.42173
0.00979593683,0.0252785992,-0.000563479607,0.00138461198,-0.001638279,-0.950943806,1706.4122
0.0098518804,0.0900387783,3.36747677e-05,0.00947196569,0.0023846831,-3.6969122,1708.20907
0.00986187537,0.0232492201,-0.000522491347,0.00116021057,-0.00176816441,-0.888517732,1706.21532
0.00986606645,0.124721401,0.0012083923,0.00461098676,0.00513276189,-5.35039355,1706.9995
0.00989841432,0.0556052884,-0.000822981163,0.00608713073,0.000199223046,-2.0151821,1707.8806
0.00992339068,0.0213559743,-0.000481735175,0.000967751811,-0.00189019832,-0.829967893,1706.01204
0.00994432875,0.1225461,0.00118906464,0.00513548275,0.00495526114,-5.26192604,1707.44015
0.00998077945,0.0195897299,-0.000441770467,0.000803501532,-0.00200480725,-0.774794433,1705.80344
0.0100171296,0.0853696328,-0.000142571496,0.00940463833,0.00211527298,-3.44073677,1708.19516
0.0100282185,0.120214384,0.00115454793,0.00568034799,0.00477046499,-5.16531771,1707.75556
0.0100343185,0.0179419674,-0.000403029124,0.000663990677,-0.00211240529,-0.722571389,1705.59061
0.0100369803,0.0515415566,-0.000855287434,0.00540530036,-5.59702771e-05,-1.84911988,1707.79018
0.0100842661,0.0164047389,-0.000365838831,0.000546032485,-0.00221339097,-0.672968928,1705.37468
0.0101181403,0.117715008,0.00110367307,0.00623760081,0.00457830823,-5.05826776,1707.96578
0.0101308632,0.0149706296,-0.000330437128,0.000446743432,-0.00230814543,-0.625718883,1705.15679
0.010166251,0.0477504251,-0.000868638833,0.00476108507,-0.000299300466,-1.70004023,1707.68775
0.0101743344,0.0136327222,-0.000296986791,0.000363538823,-0.00239703158,-0.580610817,1704.93802
0.010194261,0.0803647536,-0.000324816716,0.00916357566,0.00182033792,-3.19489591,1708.1745
0.0102145279,0.115035914,0.00103491007,0.0067979408,0.00437860367,-4.94063671,1708.09516
0.0102148896,0.0123845633,-0.000265588631,0.000294123728,-0.00248039387,-0.537477475,1704.71945
0.0102527242,0.0112201325,-0.000236292789,0.000236475572,-0.00255855849,-0.496185801,1704.50208
0.0102601588,0.15,0,0,0.0085980131,-6.60440065,1685
0.0102732311,0.14964235,4.86387518e-05,2.42737582e-06,0.00855691818,-6.58417614,1685.44244
0.0102868501,0.0442136074,-0.000866971705,0.00416256392,-0.000530574218,-1.56898282,1707.57333
0.0102872432,0.149258983,9.95796017e-05,8.69687768e-06,0.00851275171,-6.55145224,1685.91667
0.0102880209,0.0101338132,-0.000209107994,0.000188824305,-0.00263183393,-0.456629922,1704.28686
0.010302263,0.14884805,0.000152834877,1.8448536e-05,0.00846527311,-6.52662411,1686.42494
0.0103178462,0.112164181,0.000947860252,0.00734809073,0.00417097297,-4.80850923,1708.16802
0.0103183627,0.148407569,0.000208384465,3.40162504e-05,0.00841424345,-6.49891082,1686.9696
0.0103209498,0.00912036556,-0.000184010125,0.000149630087,-0.00270051162,-0.418725514,1704.07467
0.01033562,0.147935415,0.000266182311,5.58281142e-05,0.00835941026,-6.46922722,1687.55311
0.0103516698,0.00817490128,-0.000160949482,0.000117560745,-0.0027648667,-0.382403549,1703.8663
0.0103541183,0.147429312,0.000326154567,8.49572996e-05,0.00830050771,-6.43746901,1688.17797
0.0103739466,0.146886817,0.00038819431,0.00012249778,0.00823725701,-6.40380056,1688.8467
0.0103803291,0.00729285993,-0.000139856658,9.14696871e-05,-0.00282515888,-0.347606941,1703.66245
0.0103841289,0.075,-0.000499536411,0.0087344542,0.00149505868,-2.91447684,1708.14393
0.0103952007,0.146305314,0.000452156043,0.00016971211,0.00816936724,-6.36811921,1689.56176
0.0103993593,0.040914044,-0.000852660853,0.0036157134,-0.000749788746,-1.45136581,1707.44703
0.0104070659,0.00646998704,-0.000120647533,7.03747007e-05,-0.00288163319,-0.314287241,1703.46375
0.0104179831,0.145681998,0.000517851471,0.000227972728,0.00809653649,-6.33037067,1690.32547
0.0104285936,0.109085956,0.000840835973,0.00787493403,0.00395477218,-4.66492123,1708.20505
0.0104320091,0.0057023135,-0.000103227522,5.34381698e-05,-0.00293452079,-0.282401947,1703.27072
0.0104424037,0.145013864,0.000585043605,0.000298781926,0.00801845345,-6.29050186,1691.13981
0.0104552791,0.00498613648,-8.74950571e-05,3.99488428e-05,-0.0029840397,-0.251912601,1703.08381
0.0104685802,0.144297686,0.000653437393,0.000383769923,0.00793479955,-6.24847789,1692.00631
0.0104769881,0.00431800152,-7.33444281e-05,2.93052272e-05,-0.00303039551,-0.222783117,1702.90337
0.0104966389,0.143530013,0.000722672052,0.000484691755,0.00784525167,-6.20427998,1692.92575
0.0104972409,0.00369468589,-6.06681062e-05,2.10008086e-05,-0.00307378208,-0.194979127,1702.72967
0.0105043212,0.0378358195,-0.000828574444,0.00312173761,-0.000957101865,-1.34652638,1707.30914
0.0105161351,0.00311318307,-4.93586156e-05,1.46103787e-05,-0.00311438214,-0.168465861,1702.5629
0.0105267151,0.14270714,0.000792315148,0.000603415898,0.00774948544,-6.15791103,1693.89787
0.0105337618,0.0025706882,-3.93100315e-05,9.77954329e-06,-0.00315236788,-0.143211268,1702.40316
0.0105473043,0.105786393,0.000715262821,0.00835805869,0.00372899243,-4.50147306,1708.22148
0.0105502061,0.00206458457,-3.04191612e-05,6.20939446e-06,-0.00318790155,-0.119174115,1702.25053
0.010558954,0.141825099,0.000861855471,0.000741911238,0.00764717929,-6.10939056,1694.92096
0.0105655473,0.00159243101,-2.25864836e-05,3.6646846e-06,-0.00322113597,-0.0963951044,1702.10497
0.0105739969,0.0696352464,-0.000655232324,0.00814427449,0.00115895865,-2.65530494,1708.10219
0.0105798594,0.00115195011,-1.5716698e-05,1.93523164e-06,-0.003252215,-0.074818302,1701.96644
0.0105932114,0.000741017226,-9.71883646e-06,9.45953047e-07,-0.00328127404,-0.0545019571,1701.83483
0.010593511,0.140879634,0.000930695441,0.000902224094,0.00753801915,-6.05875605,1695.99144
0.0106022421,0.0349640862,-0.000796798085,0.00268047093,-0.00115279752,-1.25173231,1707.16007
0.0106056678,0.000357650242,-4.50685888e-06,1.13592362e-07,-0.00330844049,-0.0338446345,1701.70998
0.0106172886,0,0,0,-0.00333382861,-0.0234118194,1701.59172
0.0106305528,0.139866187,0.000998143904,0.00108644699,0.00742170377,-6.00605831,1697.10331
0.0106702582,0.138779867,0.00106340955,0.00129667613,0.00729795075,-5.95135296,1698.24762
0.0106745508,0.102249575,0.000568853805,0.00878195518,0.00349217678,-4.3291849,1708.22712
0.0106935944,0.0322849924,-0.000759391033,0.00228960816,-0.00133725285,-1.16592003,1707.00035
0.0107128184,0.137615437,0.00112559529,0.001534956,0.00716650292,-5.89468615,1699.41199
0.0107511283,0.0646303672,-0.00077287204,0.00748128236,0.000834824806,-2.41339003,1708.05021
0.0107584391,0.136367278,0.00118369421,0.00180320852,0.00702713489,-5.83607324,1700.58032
0.0107788187,0.0297856156,-0.000717967449,0.00194618577,-0.00151090865,-1.08741504,1706.83066
0.01080734,0.13502937,0.00123658738,0.00210314531,0.00687965942,-5.77547053,1701.73272
0.0108109469,0.0984584434,0.000406830137,0.00911705899,0.00324229905,-4.12874792,1708.2271
0.010858326,0.0274539002,-0.000673966265,0.00164645799,-0.00167424604,-1.01525241,1706.65177
0.0108597571,0.133595261,0.00128304479,0.00243615924,0.00672393308,-5.71273745,1702.84603
0.0109159433,0.132058033,0.00132172888,0.00280319754,0.00655986027,-5.64759918,1703.895
0.0109163775,0.0599612217,-0.00086092048,0.00678077961,0.000523034122,-2.20292435,1707.98714
0.0109324998,0.0252785992,-0.000628541257,0.00138651801,-0.00182776645,-0.948382018,1706.46459
0.0109571506,0.0943947116,0.000226630208,0.00934714772,0.00297672153,-3.92796326,1708.22345
0.0109761695,0.13041027,0.00135120487,0.00320460446,0.00638739498,-5.57959404,1704.85423
0.011001698,0.0232492201,-0.00058265978,0.00116233954,-0.00197197729,-0.886073238,1706.27008
0.0110407263,0.128644026,0.00136994987,0.00363995785,0.0062065387,-5.50806203,1705.70083
0.0110662542,0.0213559743,-0.00053709172,0.000970023667,-0.00210738208,-0.82765909,1706.0693
0.0110705415,0.0556052884,-0.000919498898,0.00608025986,0.000224182645,-2.01208403,1707.9124
0.011109925,0.12675078,0.00137638496,0.0041078415,0.00601733333,-5.4320669,1706.41757
0.011113867,0.0900387783,3.7836064e-05,0.00945830325,0.00269207581,-3.69520948,1708.2166
0.01112648,0.0195897299,-0.000492452167,0.000805847454,-0.00223447236,-0.772634387,1705.86336
0.0111826657,0.0179419674,-0.000449215549,0.000666350767,-0.00235372296,-0.720575293,1705.65341
0.0111840995,0.124721401,0.0013688747,0.00460568507,0.00581984723,-5.35052574,1706.99569
0.0112143641,0.0515415566,-0.000954588314,0.00539975244,-6.12169675e-05,-1.8457433,1707.82563
0.0112350825,0.0164047389,-0.000407740049,0.000548356661,-0.00246558901,-0.671150218,1705.44061
0.0112636074,0.1225461,0.00134582748,0.00512939357,0.00561415251,-5.26196897,1707.43676
0.0112818521,0.0853696328,-0.000160757356,0.00939165533,0.00238432183,-3.43957827,1708.20566
0.011283983,0.0149706296,-0.000368283868,0.000448990422,-0.00257050423,-0.624090788,1705.22609
0.0113296032,0.0136327222,-0.000331022548,0.000365675786,-0.00266888036,-0.579186502,1705.01098
0.0113485388,0.0477504251,-0.000968634607,0.00475676337,-0.000332842768,-1.69669303,1707.72666
0.0113488323,0.120214384,0.0013056035,0.00567336191,0.00540029194,-5.16516833,1707.75263
0.0113721632,0.0123845633,-0.00029606343,0.000296125345,-0.0027611071,-0.536269817,1704.79636
0.0114118682,0.0112201325,-0.000263457655,0.000238323505,-0.00284755265,-0.495207149,1704.58325
0.0114401853,0.117715008,0.00124686058,0.00622968822,0.00517823269,-5.05807176,1707.96335
0.0114489097,0.0101338132,-0.000233210956,0.000190506305,-0.00292856446,-0.455892503,1704.37258
0.0114619161,0.0803647536,-0.000364946888,0.0091500831,0.00204872376,-3.19163111,1708.18864
0.0114737129,0.0442136074,-0.000965965573,0.00415946238,-0.000590582463,-1.56550952,1707.61546
0.0114834665,0.00912036556,-0.000205293036,0.000151139324,-0.00300447014,-0.418240799,1704.16524
0.0115157051,0.00817490128,-0.000179645331,0.000118895191,-0.00307557848,-0.382182577,1703.96198
0.011538107,0.115035914,0.00116805132,0.00678895427,0.00494780778,-4.9401225,1708.09329
0.0115457811,0.00729285993,-0.000156187699,9.26314314e-05,-0.00314218044,-0.347660075,1703.7635
0.0115738396,0.00646998704,-0.000134823994,7.13693491e-05,-0.00320455019,-0.314623964,1703.57039
0.0115904902,0.040914044,-0.000949335004,0.0036137042,-0.000834520781,-1.44792641,1707.49219
0.0116000159,0.0057023135,-0.000115446704,5.42742542e-05,-0.00326294599,-0.283030758,1703.38313
0.0116244362,0.00498613648,-9.79408127e-05,4.06372724e-05,-0.00331761118,-0.252840854,1703.20213
0.0116430698,0.112164181,0.00106861547,0.00733808928,0.00470863988,-4.8080804,1708.16678
0.0116472184,0.00431800152,-8.21869681e-05,2.98587606e-05,-0.00336877495,-0.224016897,1703.0277
0.0116549275,0.075,-0.000560266952,0.00872069146,0.00168006712,-2.91209501,1708.16245
0.0116684724,0.00369468589,-6.80640749e-05,2.14335462e-05,-0.00341665321,-0.196523102,1702.86007
0.0116883006,0.00311318307,-5.54513912e-05,1.49373193e-05,-0.00346144929,-0.1703233,1702.69937
0.0116994339,0.0378358195,-0.000921904546,0.00312073308,-0.00106490801,-1.34306215,1707.35715
0.0117067987,0.0025706882,-4.42302051e-05,1.00160893e-05,-0.00350335463,-0.145383677,1702.5457
0.0117240559,0.00206458457,-3.42851573e-05,6.37115923e-06,-0.00354254949,-0.121661902,1702.39905
0.0117401555,0.00159243101,-2.5505275e-05,3.76652516e-06,-0.0035792035,-0.0991932919,1702.2594
0.0117551751,0.00115195011,-1.77845986e-05,1.99157881e-06,-0.0036134763,-0.077923612,1702.12664
0.0117555798,0.109085956,0.00094701771,0.00786372534,0.00446005705,-4.66393181,1708.20458
0.0117691872,0.000741017226,-1.10223736e-05,9.68403404e-07,-0.00364551803,-0.0579073596,1702.00064
0.0117822593,0.000357650242,-5.12374224e-06,1.31798237e-07,-0.00367546988,-0.0375601324,1701.88125
0.0117944545,0,0,0,-0.00370345872,-0.0272852733,1701.76826
0.0118010696,0.0349640862,-0.000886037093,0.00268032973,-0.00128212328,-1.24832756,1707.21079
0.0118479389,0.0696352464,-0.000733224517,0.00813164118,0.00130060871,-2.65174485,1708.12553
0.0118761799,0.105786393,0.000804560835,0.00834586825,0.00420098583,-4.50074833,1708.22198
0.0118958874,0.0322849924,-0.000844003283,0.0022902119,-0.00148663935,-1.16256166,1707.05368
0.0118963478,0.15,0,0,0.00996913948,-6.60464493,1685
0.01190902,0.14964235,5.63847552e-05,2.4593275e-06,0.00991945353,-6.58501565,1685.44224
0.0119226033,0.149258983,0.000115393921,8.68119567e-06,0.0098660851,-6.55283325,1685.91626
0.0119371634,0.14884805,0.000177042425,1.84776653e-05,0.00980875365,-6.52794402,1686.4243
0.0119527704,0.148407569,0.000241306218,3.40462079e-05,0.00974717808,-6.50027891,1686.96872
0.0119694996,0.147935415,0.000308129436,5.5851033e-05,0.00968106196,-6.47061012,1687.55197
0.0119843447,0.0297856156,-0.000797607773,0.00194739865,-0.00167899128,-1.08414919,1706.88654
0.0119874318,0.147429312,0.000377423562,8.49569217e-05,0.00961009381,-6.43886614,1688.17655
0.0120054517,0.102249575,0.000639309186,0.0087686066,0.00392985647,-4.32744069,1708.22883
0.0120066533,0.146886817,0.000449060887,0.000122461279,0.00953394778,-6.40519042,1688.84498
0.012027257,0.146305314,0.000522868091,0.000169622684,0.00945228469,-6.36947424,1689.55973
0.0120280029,0.0646303672,-0.000863679267,0.0074696124,0.0009359469,-2.41009811,1708.07837
0.0120493421,0.145681998,0.000598619403,0.000227811306,0.00936475349,-6.33167511,1690.3231
0.0120668681,0.0274539002,-0.00074843527,0.00164816104,-0.00185975131,-1.01208574,1706.7102
0.0120730153,0.145013864,0.000676029451,0.00029853004,0.00927099334,-6.29176451,1691.13708
0.0120983907,0.144297686,0.000754746474,0.000383407774,0.00917063623,-6.24970105,1692.0032
0.0121255907,0.143530013,0.000834344983,0.000484196221,0.00906331033,-6.20546025,1692.92225
0.0121438558,0.0252785992,-0.000697763917,0.00138859316,-0.00202950797,-0.945342607,1706.5256
0.0121440187,0.0984584434,0.000456592759,0.00910284673,0.00364447537,-4.12729138,1708.23039
0.0121547465,0.14270714,0.000914316866,0.000602760319,0.00894864408,-6.1590437,1693.89396
0.0121859987,0.141825099,0.000994063026,0.000741065066,0.00882627103,-6.11047096,1694.91663
0.012195988,0.0599612217,-0.000960586558,0.00677064551,0.000586258385,-2.19904039,1708.02001
0.0122156791,0.0232492201,-0.000646656248,0.0011646832,-0.0021888513,-0.883174874,1706.33377
0.0122194982,0.140879634,0.00107288522,0.000901152562,0.0086958356,-6.05977923,1695.98669
0.0122554064,0.139866187,0.00114997829,0.00108511066,0.00855699945,-6.00701895,1697.09814
0.0122826843,0.0213559743,-0.000595958868,0.000972540987,-0.00233836227,-0.824921887,1706.13581
0.0122925493,0.0943947116,0.000254144135,0.00933204476,0.00334197691,-3.92532922,1708.22881
0.0122938966,0.138779867,0.00122442313,0.00129503045,0.00840944872,-5.9522453,1698.24205
0.0123351544,0.137615437,0.00129518093,0.00153295078,0.00825290157,-5.89550394,1699.40606
0.0123451948,0.0195897299,-0.000546344461,0.000808456756,-0.00247860472,-0.770073996,1705.93286
0.0123527044,0.0556052884,-0.00102470459,0.0060715703,0.000251995175,-2.00827442,1707.9498
0.0123793788,0.136367278,0.00136108933,0.00180078753,0.00808711609,-5.83680974,1700.57407
0.012403512,0.0179419674,-0.000498330959,0.000668981307,-0.00261012074,-0.71820865,1705.72611
0.0124267832,0.13502937,0.00142086089,0.00210024571,0.0079118978,-5.77611823,1701.72623
0.01245176,0.0900387783,4.21493602e-05,0.00944164858,0.00301870109,-3.69325212,1708.22462
0.0124579172,0.0164047389,-0.000452307253,0.000550949432,-0.00273342777,-0.66899145,1705.51673
0.0124775962,0.133595261,0.00147308511,0.00243271163,0.00772710631,-5.71328886,1702.8394
0.0124989081,0.0515415566,-0.0010625278,0.00539268817,-6.64538047e-05,-1.8416338,1707.86732
0.0125086728,0.0149706296,-0.000408552108,0.000451497019,-0.00284901723,-0.62215522,1705.3059
0.0125320628,0.132058033,0.00151623424,0.00279912488,0.00753266022,-5.64804502,1703.88835
0.0125560237,0.0136327222,-0.000367253581,0.000368057789,-0.00295735417,-0.577489546,1705.09476
0.0125904459,0.13041027,0.00154867509,0.0031998242,0.0073285392,-5.57992776,1704.84768
0.0126001982,0.0123845633,-0.000328524681,0.000298353484,-0.00305887761,-0.534825294,1704.88439
0.0126224188,0.0853696328,-0.00018006852,0.00937575744,0.00267025972,-3.43807131,1708.21701
0.0126353042,0.0477504251,-0.00107706611,0.00475120553,-0.00036888531,-1.69261328,1707.77236
0.0126414094,0.0112201325,-0.000292416594,0.000240376749,-0.00315400133,-0.494028488,1704.67581
0.012653027,0.128644026,0.0015686845,0.00363437787,0.00711478168,-5.50826977,1705.69452
0.0126798562,0.0101338132,-0.00025893092,0.000192370916,-0.00324311496,-0.454992543,1704.46995
0.0127157238,0.00912036556,-0.000228029834,0.000152808035,-0.00332658516,-0.417631545,1704.26767
0.012720108,0.12675078,0.00157447932,0.00410137017,0.0068914769,-5.43214935,1706.41163
0.0127491855,0.00817490128,-0.000199644728,0.000120366344,-0.00340475691,-0.381875157,1704.06971
0.0127625507,0.0442136074,-0.00107306673,0.00415539232,-0.000655306973,-1.56130473,1707.66492
0.0127804024,0.00729285993,-0.000173683536,9.39081673e-05,-0.00347795475,-0.347664565,1703.87673
0.0127920124,0.124721401,0.00156423619,0.00459821409,0.00665874889,-5.35045263,1706.99023
0.0128053486,0.0803647536,-0.000407353475,0.00913369432,0.00229152113,-3.18775725,1708.2041
0.0128095253,0.00646998704,-0.00015003687,7.2458831e-05,-0.00354648403,-0.314949247,1703.68929
0.0128366946,0.0057023135,-0.000128583157,5.51869257e-05,-0.00361063202,-0.283684397,1703.50783
0.0128620414,0.00498613648,-0.000109192895,4.13861602e-05,-0.00367066903,-0.253828964,1703.33273
0.0128690871,0.1225461,0.00153616803,0.00512083576,0.00641673078,-5.26176947,1707.43186
0.0128812614,0.040914044,-0.00105371427,0.00361096535,-0.00092592577,-1.44376365,1707.54516
0.0128856879,0.00431800152,-9.17321669e-05,3.04588235e-05,-0.00372684939,-0.225344062,1703.16424
0.0129077481,0.00369468589,-7.60655068e-05,2.1901066e-05,-0.00377941244,-0.198192289,1703.00255
0.0129283285,0.00311318307,-6.20582247e-05,1.52893747e-05,-0.00382858335,-0.172335912,1702.84778
0.0129475283,0.0025706882,-4.95782554e-05,1.02700138e-05,-0.00387457398,-0.147739297,1702.69996
0.0129517038,0.120214384,0.00148850109,0.00566358846,0.0061655271,-5.16475633,1707.74835
0.0129654402,0.00206458457,-3.84976095e-05,6.5442906e-06,-0.0039175836,-0.124358884,1702.55908
0.0129821505,0.00159243101,-2.86934889e-05,3.87528361e-06,-0.00395779966,-0.102224985,1702.42506
0.0129920088,0.0378358195,-0.00102248671,0.003119212,-0.00118111544,-1.33888877,1707.41341
0.0129977399,0.00115195011,-2.00489761e-05,2.05171393e-06,-0.00399539838,-0.0812848085,1702.29779
0.013001432,0.075,-0.000624451327,0.00870406075,0.00187685166,-2.90918811,1708.18289
0.0130122835,0.000741017226,-1.24533046e-05,9.9295992e-07,-0.00403054546,-0.0615904515,1702.17712
0.0130258516,0.000357650242,-5.80256391e-06,1.50190548e-07,-0.00406339657,-0.0415678243,1702.06287
0.0130385094,0,0,0,-0.00409409196,-0.0314545124,1701.95483
0.0130402611,0.117715008,0.00141971633,0.0062186501,0.00590516179,-5.05756674,1707.95971
0.0130953271,0.0349640862,-0.00098205123,0.00267985507,-0.00142137786,-1.2442299,1707.27015
0.013135186,0.115035914,0.00132826091,0.00677648895,0.00563551177,-4.93927762,1708.09034
0.0131917147,0.0322849924,-0.000934905147,0.00229063678,-0.00164730584,-1.15853273,1707.11602
0.0131975155,0.0696352464,-0.000815530569,0.0081163255,0.00145140599,-2.64757325,1708.15146
0.0132369365,0.112164181,0.00121340488,0.00732425641,0.00535622253,-4.80727154,1708.16461
0.0132816365,0.0297856156,-0.000883057038,0.00194855974,-0.00185955024,-1.08023619,1706.95178
0.0133460033,0.109085956,0.0010738608,0.00784830588,0.00506661294,-4.66250522,1708.20334
0.0133655263,0.0274539002,-0.000828246145,0.00164991359,-0.00205879335,-1.00829986,1706.77832
0.0133804453,0.0646303672,-0.000959511975,0.00745544779,0.00104376691,-2.4061655,1708.10982
0.0134437886,0.0252785992,-0.000771881124,0.00139079601,-0.00224572758,-0.941713188,1706.59664
0.0134629126,0.105786393,0.000910798211,0.00832915884,0.00476555975,-4.49958498,1708.22191
0.0135168009,0.0232492201,-0.000715123766,0.00116721193,-0.00242104013,-0.879718752,1706.4078
0.013551104,0.0599612217,-0.00106570318,0.00675827743,0.000653899263,-2.19447421,1708.05687
0.0135849155,0.0213559743,-0.000658899603,0.000975282875,-0.00258540209,-0.821660688,1706.21296
0.0135882282,0.102249575,0.000722818844,0.00875037003,0.00445139112,-4.32509223,1708.23022
0.0136484609,0.0195897299,-0.000603940166,0.0008113147,-0.00273946076,-0.767025602,1706.0133
0.0136759366,0.15,0,0,0.0114604349,-6.60788422,1685
0.0136880657,0.14964235,6.47441705e-05,2.43915806e-06,0.0114013314,-6.58785131,1685.44199
0.013701067,0.149258983,0.000132488958,8.68474612e-06,0.0113378763,-6.55520333,1685.91574
0.0137077436,0.0179419674,-0.000550807149,0.000671871595,-0.00288383514,-0.715391254,1705.81004
0.0137103148,0.0556052884,-0.0011356437,0.00606091125,0.000282100682,-2.00377056,1707.99187
0.0137150032,0.14884805,0.000203236713,1.84223506e-05,0.0112697461,-6.53025283,1686.4235
0.0137225545,0.0984584434,0.000515276656,0.00908355386,0.00412175349,-4.12529665,1708.23367
0.0137299414,0.148407569,0.000276952427,3.39528257e-05,0.0111966135,-6.50252473,1686.96761
0.0137459537,0.147935415,0.000353568356,5.5715212e-05,0.0111181344,-6.47277516,1687.55053
0.0137630495,0.0164047389,-0.000499918937,0.00055380269,-0.00301911347,-0.666421442,1705.60439
0.0137631174,0.147429312,0.000432975996,8.47711596e-05,0.0110339475,-6.44094924,1688.17475
0.0137815152,0.146886817,0.000515021192,0.000122213967,0.0109436758,-6.40720914,1688.84281
0.013801236,0.146305314,0.000599497096,0.000169301107,0.0108469275,-6.37146046,1689.55715
0.0138146455,0.0149706296,-0.000451574055,0.000454256694,-0.00314585222,-0.619849351,1705.39754
0.0138223748,0.145681998,0.000686136215,0.000227402275,0.0107432984,-6.33364364,1690.32009
0.0138450335,0.145013864,0.000774603248,0.000298015943,0.0106323736,-6.2936973,1691.13362
0.0138588454,0.0515415566,-0.00117631217,0.00538394084,-7.13727896e-05,-1.83680941,1707.91434
0.0138627803,0.0136327222,-0.000405972079,0.000370679136,-0.00326457621,-0.575463173,1705.19063
0.0138665396,0.0943947116,0.000286409519,0.00931160774,0.00377355658,-3.92196385,1708.2346
0.0138693215,0.144297686,0.000864487436,0.000382764105,0.0105137317,-6.25158169,1691.99927
0.0138953559,0.143530013,0.000955292539,0.000483394043,0.0103869479,-6.20728175,1692.91781
0.0139076861,0.0123845633,-0.000363229729,0.000300802802,-0.00337577938,-0.533092647,1704.98476
0.0139232623,0.14270714,0.0010464276,0.000601766495,0.0102515997,-6.16080091,1693.889
0.0139495797,0.0112201325,-0.000323396558,0.000242630049,-0.00347992602,-0.492603521,1704.78093
0.0139531754,0.141825099,0.00113719787,0.000739841835,0.0101072722,-6.11215771,1694.91115
0.0139852393,0.140879634,0.00122679569,0.000899656888,0.00995356493,-6.0613885,1695.98068
0.0139886629,0.0101338132,-0.000286468204,0.000194412926,-0.00357745222,-0.453888252,1704.58007
0.0139974124,0.0477504251,-0.00119135148,0.0047442396,-0.000406445152,-1.68780644,1707.82405
0.0140196088,0.139866187,0.00131429209,0.00108329366,0.00979009989,-6.00854292,1697.0916
0.0140208779,0.0900387783,4.69964057e-05,0.00941922711,0.00340285262,-3.69073128,1708.23362
0.0140251244,0.00912036556,-0.000252397508,0.000154631062,-0.00366876746,-0.416859802,1704.38301
0.0140564496,0.138779867,0.00139862926,0.00129283678,0.0096165295,-5.95367533,1698.23501
0.0140591401,0.00817490128,-0.000221104023,0.000121969205,-0.00375425623,-0.381446609,1704.19046
0.0140908739,0.00729285993,-0.000192482053,9.52951736e-05,-0.00383427956,-0.347588495,1704.00305
0.0140959394,0.137615437,0.00147861473,0.00153031801,0.00943254585,-5.89683055,1699.39856
0.0141204789,0.00646998704,-0.000166407402,7.36388136e-05,-0.00390917653,-0.315233436,1703.82129
0.0141266842,0.0442136074,-0.00118593217,0.00415018003,-0.00072325238,-1.55637051,1707.72096
0.0141382687,0.136367278,0.00155291772,0.0017976456,0.00923788981,-5.83802279,1700.56618
0.0141480981,0.0057023135,-0.000142743007,5.61723241e-05,-0.00397926567,-0.284335017,1703.64561
0.0141738645,0.00498613648,-0.000121343615,4.21921707e-05,-0.00404484628,-0.254850488,1703.47632
0.0141836417,0.13502937,0.00162006846,0.00209651637,0.0090323599,-5.77720689,1701.71804
0.0141863138,0.0853696328,-0.000202652423,0.00935429092,0.00300491159,-3.43589134,1708.23004
0.0141979024,0.00431800152,-0.000102059637,3.11026224e-05,-0.00410619957,-0.226739231,1703.31366
0.0142203279,0.00369468589,-8.47403002e-05,2.24011026e-05,-0.00416358988,-0.199962077,1703.15776
0.0142322772,0.133595261,0.00167846146,0.0024283083,0.00881582006,-5.71424205,1702.83102
0.014241249,0.00311318307,-6.92361784e-05,1.56647701e-05,-0.0042172656,-0.174479618,1703.00872
0.0142472843,0.040914044,-0.00116370428,0.0036073281,-0.00102213204,-1.43887045,1707.60527
0.0142607667,0.0025706882,-5.54012022e-05,1.05399819e-05,-0.00426746022,-0.150254388,1702.86653
0.0142789751,0.00206458457,-4.30942203e-05,6.72783038e-06,-0.00431439317,-0.127241503,1702.73116
0.0142844099,0.132058033,0.00172636359,0.00279395212,0.00858820543,-5.64885089,1703.87993
0.0142959621,0.00159243101,-3.21801766e-05,3.9903302e-06,-0.00435827063,-0.105466794,1702.60251
0.0143118096,0.00115195011,-2.25308449e-05,2.11527769e-06,-0.00439928633,-0.0848786826,1702.48045
0.014326594,0.000741017226,-1.40251619e-05,1.01965212e-06,-0.00443762226,-0.0655282912,1702.36481
0.0143403867,0.000357650242,-6.54989789e-06,1.68573772e-07,-0.00447344932,-0.0458428237,1702.25541
0.0143402911,0.13041027,0.00176192834,0.0031937789,0.00834952475,-5.58057562,1704.83938
0.0143532541,0,0,0,-0.00450692179,-0.0358922238,1702.15202
0.0143597943,0.0378358195,-0.00112847408,0.0031170129,-0.00130358956,-1.33399441,1707.47733
0.0143636453,0.0803647536,-0.000456371319,0.00911187671,0.00257422329,-3.18284956,1708.22209
0.0144001905,0.128644026,0.00178321651,0.00362734751,0.00809985796,-5.50874579,1705.68651
0.0144643969,0.12675078,0.0017882278,0.00409323922,0.00783934709,-5.43244673,1706.40405
0.0144647571,0.0349640862,-0.00108323095,0.00267889624,-0.00156825759,-1.2394209,1707.33767
0.0145332201,0.124721401,0.00177493473,0.00458885448,0.00756817824,-5.35054857,1706.98322
0.0145537278,0.075,-0.000698222658,0.00868216655,0.00210476574,-2.90540315,1708.20686
0.0145626788,0.0322849924,-0.00103070985,0.00229074391,-0.0018168567,-1.15381026,1707.18698
0.014606992,0.1225461,0.00174134859,0.00511013302,0.00728655243,-5.26167367,1707.4255
0.0146540318,0.0297856156,-0.000973133166,0.00194954311,-0.00205016099,-1.0756484,1707.02608
0.0146860684,0.120214384,0.00168554429,0.00565139923,0.00699464312,-5.16440952,1707.74269
0.0147392567,0.0274539002,-0.000912402331,0.00165160266,-0.00226896964,-1.00386352,1706.85592
0.0147438104,0.0696352464,-0.000909421216,0.0080961961,0.00162520428,-2.64239559,1708.18202
0.0147708308,0.117715008,0.00160583317,0.00620489543,0.00669253788,-5.05703997,1707.95477
0.0148187646,0.0252785992,-0.000850062148,0.00139302633,-0.00247408539,-0.937459399,1706.67754
0.014861688,0.115035914,0.00150064086,0.00676100091,0.00638016364,-4.93838981,1708.08614
0.0148929391,0.0232492201,-0.000787378272,0.00116983748,-0.00266629875,-0.875668048,1706.49208
0.0149211419,0.0646303672,-0.00106820909,0.00743690891,0.00116757402,-2.40121022,1708.14697
0.0149590783,0.112164181,0.00136909766,0.00730707262,0.00605719333,-4.8062704,1708.16122
0.0149621378,0.0213559743,-0.000725358322,0.000978172232,-0.00284637647,-0.817837098,1706.30072
0.0150266946,0.0195897299,-0.000664795111,0.000814354197,-0.00301505441,-0.763449346,1706.10471
0.0150634713,0.109085956,0.00121015637,0.00782919964,0.00572293917,-4.66085859,1708.20091
0.0150865778,0.0599612217,-0.00118423368,0.00674207247,0.000731476932,-2.18882544,1708.10046
0.0150869208,0.0179419674,-0.000606295061,0.000674963935,-0.00317303321,-0.712080133,1705.90528
0.015143107,0.0164047389,-0.000550307539,0.000556866812,-0.00332097624,-0.663395192,1705.70368
0.0151753708,0.105786393,0.00102484923,0.00830844506,0.00537622752,-4.4980985,1708.2207
0.0151955241,0.0149706296,-0.000497151462,0.000457226687,-0.00345950899,-0.617127612,1705.50111
0.0152409161,0.0556052884,-0.00126010625,0.00604693668,0.000316929695,-1.99817095,1708.04163
0.015244425,0.0136327222,-0.000447037258,0.000373503414,-0.00358921968,-0.573061584,1705.29873
0.0152900456,0.0123845633,-0.000400085139,0.00030344238,-0.00371066052,-0.531026801,1705.09761
0.0152953163,0.102249575,0.000812415956,0.00872773208,0.00501528102,-4.32238517,1708.23056
0.0153326059,0.0112201325,-0.00035634257,0.000245057414,-0.00382434935,-0.490887904,1704.89877
0.0153723112,0.0101338132,-0.000315798511,0.000196610686,-0.00393077156,-0.452535965,1704.70309
0.0153849011,0.0515415566,-0.00130334195,0.00537240694,-7.60532152e-05,-1.83087785,1707.96993
0.0154093531,0.00912036556,-0.000278395659,0.000156590591,-0.00403038204,-0.415882512,1704.51139
0.0154238865,0.0984584434,0.000578149772,0.00905971229,0.00463758016,-4.12307148,1708.23604
0.0154439101,0.00817490128,-0.000244040873,0.000123689342,-0.00412360716,-0.380854405,1704.32436
0.015476149,0.00729285993,-0.000212613985,9.67809808e-05,-0.00421084663,-0.347389762,1704.14258
0.0155062252,0.00646998704,-0.000183975181,7.49003958e-05,-0.0042924753,-0.315434752,1703.96654
0.0155192275,0.0477504251,-0.00131837596,0.00473497701,-0.000447617761,-1.68189456,1707.88508
0.0155342839,0.0057023135,-0.000157971169,5.72237365e-05,-0.00436884485,-0.284941088,1703.79661
0.0155604604,0.00498613648,-0.000134440294,4.30504165e-05,-0.00444028526,-0.255864117,1703.63307
0.0155617015,0.0943947116,0.000320857666,0.00928643403,0.00423979873,-3.91803061,1708.23969
0.015584881,0.00431800152,-0.000113216742,3.17867524e-05,-0.00450710625,-0.228161326,1703.47613
0.0156076633,0.00369468589,-9.41339661e-05,2.29314161e-05,-0.00456959863,-0.201791678,1703.3259
0.0156289175,0.00311318307,-7.70274234e-05,1.60621436e-05,-0.00462803541,-0.17671403,1703.18242
0.0156445431,0.0442136074,-0.00131086146,0.00414312482,-0.000798111591,-1.55034505,1707.78706
0.0156487458,0.0025706882,-6.17367369e-05,1.08252534e-05,-0.00468267298,-0.152889099,1703.04568
0.0156672441,0.00206458457,-4.810735e-05,6.92144778e-06,-0.00473375208,-0.13027065,1702.91562
0.0156845014,0.00159243101,-3.59917571e-05,4.11155569e-06,-0.00478149876,-0.108880485,1702.79212
0.0157006011,0.00115195011,-2.52502682e-05,2.1822625e-06,-0.00482612527,-0.0886681375,1702.67504
0.0157094261,0.0900387783,5.19021575e-05,0.00939155008,0.00381768884,-3.68743658,1708.24223
0.0157156209,0.000741017226,-1.57514008e-05,1.0483431e-06,-0.00486783084,-0.0696845345,1702.5642
0.015729633,0.000357650242,-7.37245918e-06,1.8675532e-07,-0.00490680248,-0.0503519444,1702.45941
0.0157423249,0.15,0,0,0.0131920683,-6.60907245,1685
0.0157427052,0,0,0,-0.00494320945,-0.0405689084,1702.36044
0.0157534375,0.14964235,7.44608747e-05,2.45427156e-06,0.013121732,-6.58968497,1685.44165
0.0157614523,0.040914044,-0.00128499248,0.00360225075,-0.00112807627,-1.4329028,1707.67607
0.015765349,0.149258983,0.000152332054,8.6434146e-06,0.01304625,-6.55762269,1685.91504
0.0157781171,0.14884805,0.00023361601,1.84268243e-05,0.0129652481,-6.53257692,1686.42241
0.0157918033,0.148407569,0.000318268432,3.39487984e-05,0.0128783455,-6.50487411,1686.96611
0.0158064735,0.147935415,0.000406204422,5.56905705e-05,0.0127851416,-6.47514795,1687.54858
0.0158221987,0.147429312,0.000497291995,8.470555e-05,0.0126852173,-6.44334597,1688.17233
0.0158390545,0.146886817,0.000591346161,0.000122087532,0.0125781355,-6.40959893,1688.83987
0.0158571223,0.146305314,0.000688121512,0.000169089113,0.0124634435,-6.37380685,1689.55368
0.0158677727,0.0853696328,-0.000226953245,0.00932748937,0.00336616215,-3.43301367,1708.24312
0.0158705192,0.0378358195,-0.00124494495,0.00311372598,-0.0014382135,-1.32805416,1707.55249
0.0158764893,0.145681998,0.000787303916,0.000227073802,0.0123406748,-6.33591118,1690.31604
0.0158972489,0.145013864,0.000888500453,0.000297535204,0.0122093523,-6.29587795,1691.12896
0.0159195012,0.144297686,0.000991229442,0.000382094449,0.0120689925,-6.25368288,1691.99396
0.0159433536,0.143530013,0.00109491121,0.000482495599,0.0119191099,-6.2093002,1692.91184
0.015968921,0.14270714,0.00119885755,0.000600594412,0.0117592233,-6.16272828,1693.88233
0.0159722697,0.0349640862,-0.0011940688,0.00267715053,-0.00172934331,-1.23359541,1707.41693
0.0159963269,0.141825099,0.00130226141,0.000738345112,0.0115888626,-6.11398583,1694.90377
0.0160257033,0.140879634,0.00140418702,0.000897777833,0.0114075768,-6.06310896,1695.97258
0.0160375053,0.0803647536,-0.000508804887,0.00908492941,0.00287931687,-3.17721946,1708.24073
0.0160571921,0.139866187,0.00150356078,0.00108096705,0.0112149432,-6.01014686,1697.0828
0.0160671946,0.0322849924,-0.00113536056,0.00229031555,-0.00200236355,-1.14810913,1707.27013
0.0160909451,0.138779867,0.00159916348,0.00128998909,0.0110105773,-5.9551533,1698.22554
0.016127125,0.137615437,0.00168962437,0.00152686663,0.0107941432,-5.89817252,1699.38848
0.0161557519,0.0297856156,-0.00107127362,0.0019501971,-0.00225821448,-1.0701209,1707.11296
0.0161659065,0.136367278,0.00177341804,0.00179349821,0.0105653646,-5.83921813,1700.55558
0.0162074766,0.13502937,0.00184886479,0.00209157044,0.0103240353,-5.77824442,1701.70703
0.0162194423,0.075,-0.000777054943,0.00865528918,0.00235072734,-2.90075316,1708.23226
0.0162383686,0.0274539002,-0.00100388286,0.0016531266,-0.00249784951,-0.998531578,1706.94645
0.0162520357,0.133595261,0.00191413561,0.00242245083,0.0100700279,-5.71511024,1702.81977
0.0162997989,0.132058033,0.00196726295,0.00278705952,0.00980330088,-5.64953764,1703.86862
0.0163154433,0.0252785992,-0.000934875504,0.00139521932,-0.0027222142,-0.932355588,1706.7717
0.0163509964,0.13041027,0.00200615841,0.00318571784,0.00952390144,-5.58106915,1704.82821
0.0163873477,0.0232492201,-0.000865624402,0.0011725214,-0.00293223015,-0.87081594,1706.58991
0.0164013794,0.0696352464,-0.00100952636,0.00807136554,0.00181285234,-2.63632805,1708.21491
0.0164058753,0.128644026,0.00202863859,0.00361797476,0.00923196283,-5.50903282,1705.6757
0.0164544287,0.0213559743,-0.000797220001,0.000981188612,-0.00312878363,-0.813262133,1706.40233
0.0164647002,0.12675078,0.00203246138,0.00408240616,0.00892769402,-5.43251703,1706.39379
0.0165170098,0.0195897299,-0.000730515501,0.000817566288,-0.00331271977,-0.759172518,1706.21022
0.016527755,0.124721401,0.00201537083,0.00457640312,0.00861135932,-5.35038348,1706.97366
0.0165711119,0.0646303672,-0.00118396812,0.00741402498,0.0013014438,-2.39526439,1708.1874
0.0165753928,0.0179419674,-0.00066615911,0.00067825614,-0.00348483858,-0.708122543,1706.01486
0.0165953436,0.1225461,0.0019751626,0.00509591446,0.00828324544,-5.26127145,1707.41672
0.0166298595,0.0164047389,-0.000604629055,0.000560143361,-0.00364589373,-0.659777095,1705.81753
0.0166677922,0.120214384,0.00190974156,0.0056352475,0.00794361343,-5.16372683,1707.73473
0.0166806725,0.0149706296,-0.000546261665,0.000460410003,-0.00379659279,-0.61386669,1705.61943
0.0167280769,0.0136327222,-0.000491273941,0.000376533385,-0.00393759856,-0.57017448,1705.42173
0.0167294586,0.0599612217,-0.00131028323,0.00672194408,0.000815698173,-2.18216334,1708.14828
0.0167454502,0.117715008,0.00181725687,0.00618669814,0.00759263324,-5.0561129,1707.94762
0.0167723013,0.0123845633,-0.000439786005,0.000306273995,-0.00406953107,-0.528529083,1705.22551
0.0168135591,0.0112201325,-0.000391839512,0.000247659322,-0.00419296993,-0.488793312,1705.03173
0.0168286922,0.115035914,0.00169610078,0.00674058203,0.00723029978,-4.93708668,1708.07979
0.0168520493,0.0101338132,-0.00034741322,0.000198963355,-0.00430845684,-0.450856584,1704.8413
0.0168771831,0.0556052884,-0.00139232309,0.00602949028,0.000355313804,-1.99149513,1708.09658
0.0168879575,0.00912036556,-0.000306436407,0.000158684634,-0.00441649811,-0.414628646,1704.65499
0.0169179197,0.112164181,0.00154530359,0.00728444447,0.00685632941,-4.80479748,1708.15572
0.0169214569,0.00817490128,-0.000268800238,0.000125523893,-0.00451756715,-0.380034461,1704.47344
0.0169527092,0.00729285993,-0.000234367357,9.83621544e-05,-0.00461210674,-0.347010154,1704.29723
0.016981865,0.00646998704,-0.000202979937,7.62398657e-05,-0.0047005313,-0.315499842,1704.12678
0.017009065,0.0057023135,-0.000174466368,5.83374309e-05,-0.00478322881,-0.285453173,1703.96246
0.017013563,0.109085956,0.00136406883,0.0078041377,0.00647004087,-4.65876607,1708.1964
0.0170149981,0.0515415566,-0.00143815104,0.0053578618,-7.99688757e-05,-1.82387153,1708.03163
0.0170344404,0.00498613648,-0.000148646798,4.39573508e-05,-0.00486056272,-0.256823451,1703.80449
0.0170581136,0.00431800152,-0.000125337667,3.25080035e-05,-0.00493287361,-0.229566188,1703.65306
0.0170801987,0.00369468589,-0.000104355377,2.34892321e-05,-0.00500048073,-0.203638448,1703.50825
0.0171008024,0.00311318307,-8.55192106e-05,1.6479209e-05,-0.00506368343,-0.178997359,1703.37007
0.0171160836,0.105786393,0.00115333912,0.00828128882,0.0060702197,-4.49605837,1708.21743
0.0171200239,0.0025706882,-6.86536014e-05,1.1124045e-05,-0.00512276242,-0.155601902,1703.23851
0.017137956,0.00206458457,-5.3589857e-05,7.12384081e-06,-0.00517798102,-0.133404523,1703.11346
0.0171435683,0.0477504251,-0.00145306775,0.0047231523,-0.000490546729,-1.674889,1707.95312
0.0171546853,0.00159243101,-4.01674116e-05,4.23809811e-06,-0.00522958615,-0.112423557,1702.99481
0.0171702923,0.00115195011,-2.8234598e-05,2.25217329e-06,-0.00527780946,-0.0926096274,1702.88241
0.0171848523,0.000741017226,-1.76490736e-05,1.07890441e-06,-0.00532286817,-0.074014381,1702.77606
0.0171984357,0.000357650242,-8.27828305e-06,2.04623032e-07,-0.00536496601,-0.0550478928,1702.67557
0.0172111079,0,0,0,-0.00540428787,-0.0454345929,1702.58072
0.0172259759,0.102249575,0.00091310823,0.00869805612,0.00565498771,-4.31909741,1708.22892
0.0172635139,0.0442136074,-0.00144323645,0.00413392931,-0.000877005389,-1.54323994,1707.86099
0.0173437699,0.0984584434,0.000648533289,0.00902867007,0.00522166066,-4.12069631,1708.2366
0.0173754133,0.040914044,-0.00141343236,0.00359542186,-0.00124011448,-1.42586003,1707.75546
0.0174700339,0.0943947116,0.000359300559,0.00925394785,0.00476667335,-3.91300776,1708.24323
0.0174798064,0.0378358195,-0.00136822505,0.0031090344,-0.00158079392,-1.32106286,1707.63697
0.0175771967,0.0349640862,-0.00131134413,0.00267430623,-0.00190007115,-1.22674008,1707.50615
0.0176053769,0.0900387783,5.71376268e-05,0.0093557912,0.00428547542,-3.68251202,1708.24971
0.0176680539,0.0322849924,-0.00124606344,0.00228905096,-0.00219903944,-1.14141029,1707.36382
0.0177504517,0.0853696328,-0.000254243094,0.00929244694,0.00377261811,-3.42933585,1708.25566
0.0177528163,0.0297856156,-0.00117507766,0.00195023724,-0.00247882141,-1.06362844,1707.21093
0.0178318927,0.0274539002,-0.00110064387,0.00165422024,-0.00274053967,-0.992273442,1707.04857
0.0179056646,0.0252785992,-0.00102459702,0.00139713107,-0.00298529573,-0.926366212,1706.87792
0.017905958,0.0803647536,-0.00056709116,0.00905019576,0.00322181283,-3.17059139,1708.25962
0.0179744878,0.0232492201,-0.000948421432,0.0011750419,-0.00321415372,-0.865122758,1706.70023
0.0180386942,0.0213559743,-0.000873292834,0.000984132117,-0.00342813005,-0.807892357,1706.51679
0.018072646,0.075,-0.000864354296,0.00862092952,0.0026262456,-2.89487883,1708.25895
0.0180980266,0.15,0,0,0.0151661463,-6.61345773,1685
0.0180985935,0.0195897299,-0.000800125296,0.00082077307,-0.00362818843,-0.754147684,1706.32894
0.0181076549,0.14964235,8.5490732e-05,2.43399388e-06,0.0150827703,-6.59410668,1685.4412
0.0181179755,0.149258983,0.000174863181,8.58278186e-06,0.0149933296,-6.56191358,1685.9141
0.0181290382,0.14884805,0.000268105855,1.83222131e-05,0.0148973924,-6.5365841,1686.42095
0.0181408964,0.148407569,0.000365161413,3.37714248e-05,0.0147945158,-6.50867476,1686.96409
0.0181536072,0.147935415,0.000465926995,5.54227575e-05,0.0146842351,-6.478761,1687.54596
0.0181544748,0.0179419674,-0.00072961028,0.000681590727,-0.00381523651,-0.703467036,1706.13799
0.018167232,0.147429312,0.000570245852,8.43262987e-05,0.0145660645,-6.44679531,1688.16908
0.0181818365,0.146886817,0.000677899459,0.000121575067,0.0144394987,-6.41290141,1688.83594
0.0181974912,0.146305314,0.000788598263,0.00016841866,0.0143040151,-6.37698549,1689.54902
0.0182066074,0.0164047389,-0.000662254723,0.000563493843,-0.00399012562,-0.655513032,1705.94521
0.0182142714,0.145681998,0.000901972142,0.000226220392,0.0141590764,-6.33900264,1690.31062
0.0182322583,0.145013864,0.00101755951,0.000296471811,0.0140041346,-6.29889124,1691.12273
0.018239334,0.0696352464,-0.00111986338,0.00803953504,0.00202270974,-2.62899761,1708.2503
0.0182515385,0.144297686,0.00113479667,0.000380785508,0.0138386357,-6.25659397,1691.98689
0.018255243,0.0149706296,-0.000598410599,0.00046368646,-0.00415365194,-0.610010706,1705.75185
0.018272205,0.143530013,0.00125300751,0.000480896037,0.0136620255,-6.21209835,1692.90387
0.0182943576,0.14270714,0.00137139184,0.000598650869,0.0134737566,-6.16540848,1693.87345
0.018300616,0.0136327222,-0.000538301166,0.000379665455,-0.00430655868,-0.5667434,1705.55905
0.018318103,0.141825099,0.00148901379,0.000735995636,0.0132732968,-6.1165408,1694.89395
0.0183429453,0.0123845633,-0.00048204536,0.000309209227,-0.0044495389,-0.52553823,1705.36789
0.0183435558,0.140879634,0.00160479116,0.000894950551,0.0130601385,-6.06552928,1695.96182
0.0183708389,0.139866187,0.00171748561,0.00107757926,0.0128338095,-6.01242128,1697.07111
0.0183824351,0.0112201325,-0.000429677708,0.000250361012,-0.00458323861,-0.48625596,1705.17933
0.0183948403,0.0646303672,-0.00131109609,0.00738474153,0.00145110777,-2.38793436,1708.23158
0.0184000836,0.138779867,0.00182569452,0.00128594639,0.0125938848,-5.95726898,1698.21296
0.0184192759,0.0101338132,-0.000381165459,0.000201408396,-0.00470825997,-0.448783949,1704.99424
0.0184314313,0.137615437,0.00192784516,0.00152206218,0.0123399985,-5.90011514,1699.37509
0.0184536454,0.00912036556,-0.000336423186,0.000160861487,-0.00482516441,-0.413029807,1704.81336
0.018465033,0.136367278,0.00202219215,0.00178781211,0.0120718572,-5.84097216,1700.54149
0.0184857093,0.00817490128,-0.000295325152,0.000127430646,-0.00493447568,-0.37891629,1704.63733
0.0185010507,0.13502937,0.00210681914,0.00208486928,0.0117892515,-5.77979332,1701.69241
0.0185156223,0.00729285993,-0.000257715731,0.00010000471,-0.00503668268,-0.346377271,1704.46665
0.0185396584,0.133595261,0.00217964597,0.00241458759,0.011492067,-5.71643683,1702.80481
0.0185399151,0.0599612217,-0.00144821716,0.00669608234,0.000910111459,-2.17411618,1708.20113
0.0185435288,0.00646998704,-0.000223418119,7.76302766e-05,-0.00513224201,-0.315354612,1704.30175
0.0185695632,0.0057023135,-0.000192241565,5.94923997e-05,-0.00522158044,-0.28579574,1704.14293
0.0185810421,0.132058033,0.00223844248,0.00277787378,0.011180292,-5.65062434,1703.85356
0.0185938512,0.00498613648,-0.00016398733,4.4896905e-05,-0.00530509706,-0.257651815,1703.99042
0.0186165099,0.00431800152,-0.000138453542,3.32543475e-05,-0.00538316526,-0.230876315,1703.84435
0.0186254015,0.13041027,0.00228085051,0.00317503677,0.010854021,-5.58189855,1704.81332
0.0186376487,0.00369468589,-0.000115439094,2.40657699e-05,-0.00545613457,-0.205424402,1703.70479
0.0186573694,0.00311318307,-9.47467234e-05,1.69097448e-05,-0.00552433226,-0.181251496,1703.57174
0.0186729506,0.128644026,0.0023044154,0.00360561415,0.0105134519,-5.50958717,1705.66124
0.0186752581,0.0556052884,-0.00153655052,0.00600700904,0.000398999494,-1.98339728,1708.15778
0.0186757673,0.0025706882,-7.61853801e-05,1.1432107e-05,-0.00558806488,-0.158314921,1703.44515
0.018692931,0.00206458457,-5.95719971e-05,7.33223891e-06,-0.00564761962,-0.136565826,1703.32492
0.0187089433,0.00159243101,-4.47327538e-05,4.36826964e-06,-0.00570326555,-0.116019668,1703.21091
0.0187238815,0.00115195011,-3.15038403e-05,2.32408481e-06,-0.00575525481,-0.0966280715,1703.10296
0.0187239186,0.12675078,0.00230662876,0.00406817411,0.0101588742,-5.43278014,1706.37999
0.0187378177,0.000741017226,-1.97319054e-05,1.11095718e-06,-0.00580382364,-0.0784441458,1703.00089
0.0187508189,0.000357650242,-9.2743724e-06,2.21946917e-07,-0.00584919341,-0.0598583546,1702.90449
0.0187629481,0,0,0,-0.0058915657,-0.0504181645,1702.81354
0.0187785515,0.124721401,0.00228498333,0.00456010037,0.00979064599,-5.3503355,1706.96067
0.018801522,0.0515415566,-0.00158477742,0.00533897073,-8.28491148e-05,-1.81545253,1708.10076
0.0188371128,0.1225461,0.00223704452,0.00507734738,0.00940915675,-5.2609001,1707.40464
0.0188998848,0.120214384,0.00216053065,0.00561421641,0.00901477299,-5.16299759,1707.72355
0.0189193161,0.0477504251,-0.00159917718,0.00470764161,-0.00053615874,-1.66646149,1708.02967
0.0189671705,0.117715008,0.00205343517,0.00616304636,0.00860776494,-5.05503303,1707.9373
0.0190292084,0.0442136074,-0.00158648721,0.00412165583,-0.000961820851,-1.53473793,1707.94444
0.0190392944,0.115035914,0.00191410348,0.00671412185,0.0081882125,-4.93556204,1708.07026
0.0191166043,0.112164181,0.00174150781,0.00725514421,0.00775589037,-4.8029231,1708.14697
0.0191317289,0.040914044,-0.00155212061,0.00358606708,-0.00136089334,-1.41743823,1707.84529
0.0191994732,0.109085956,0.00153510234,0.00777178809,0.00731013592,-4.65620717,1708.18855
0.0192273723,0.0378358195,-0.00150108245,0.00310230305,-0.0017345677,-1.31272986,1707.7327
0.0192883007,0.105786393,0.00129581676,0.00824621347,0.00684970211,-4.49336801,1708.21071
0.0193165997,0.0349640862,-0.00143751051,0.00266984593,-0.00208412593,-1.21857922,1707.60736
0.0193835153,0.102249575,0.00102444769,0.00865980265,0.00637261365,-4.31520623,1708.22375
0.0193998417,0.0322849924,-0.00136497883,0.0022865305,-0.00241089812,-1.13345255,1707.47016
0.0194774997,0.0297856156,-0.00128643692,0.0019493243,-0.00271622573,-1.05592515,1707.32214
0.0194855763,0.0984584434,0.000725972335,0.00898869848,0.00587602109,-4.11781294,1708.23365
0.0195499483,0.0274539002,-0.00120433446,0.00165460967,-0.0030014324,-0.984857905,1707.16445
0.019594976,0.0943947116,0.000401568987,0.00921230603,0.00535611491,-3.9069377,1708.24339
0.019617537,0.0252785992,-0.00112065933,0.00139854033,-0.003267803,-0.919274951,1706.99835
0.0196805917,0.0232492201,-0.00103701049,0.00117721984,-0.00351656828,-0.858385682,1706.82517
0.0197122421,0.0900387783,6.26872448e-05,0.0093102563,0.00480803901,-3.67596566,1708.2541
0.0197394167,0.0213559743,-0.000954649591,0.000986857148,-0.00374889591,-0.801535802,1706.64626
0.0197942956,0.0195897299,-0.000874550823,0.000823855328,-0.00396588616,-0.748197693,1706.46298
0.0198379401,0.0853696328,-0.000284712728,0.00924723677,0.00422598052,-3.42445861,1708.26562
0.0198454931,0.0179419674,-0.000797447941,0.000684869769,-0.00416857001,-0.697948281,1706.2767
0.0198932563,0.0164047389,-0.000723874098,0.000566837321,-0.00435791003,-0.650445097,1706.08871
0.0199378154,0.0149706296,-0.000654193543,0.000466988342,-0.00453480277,-0.605412468,1705.90026
0.0199726764,0.0803647536,-0.000631350667,0.00900572632,0.00360326543,-3.16294578,1708.27671
0.0199793854,0.0136327222,-0.000588633032,0.000382842925,-0.00470008202,-0.56263159,1705.71251
0.0200181669,0.0123845633,-0.000527307308,0.000312200496,-0.00485452266,-0.521926846,1705.52652
0.0200543469,0.0112201325,-0.000470240879,0.000253122536,-0.00499884474,-0.483156714,1705.34324
0.0200880999,0.0101338132,-0.000417386741,0.000203912342,-0.00513371747,-0.446206173,1705.1635
0.0201171009,0.075,-0.000960130829,0.00857727857,0.00293270566,-2.88752258,1708.28492
0.0201195886,0.00912036556,-0.000368642244,0.000163093249,-0.00525976317,-0.410980389,1704.98804
0.0201489651,0.00817490128,-0.000323862499,0.000129386516,-0.0053775609,-0.377399656,1704.81744
0.020176371,0.00729285993,-0.000282871628,0.000101689742,-0.00548764994,-0.345395402,1704.65221
0.0202019384,0.00646998704,-0.000245472144,7.90563454e-05,-0.0055905329,-0.314907099,1704.49271
0.0202257908,0.0057023135,-0.000211452711,6.06764886e-05,-0.00568667855,-0.285879871,1704.33925
0.0202480431,0.00498613648,-0.00018059449,4.58596049e-05,-0.00577652446,-0.258262701,1704.192
0.0202615254,0.0696352464,-0.00124040378,0.00799892259,0.00225598252,-2.62019718,1708.28629
0.0202688026,0.00431800152,-0.000152676292,3.40185813e-05,-0.00586047931,-0.232007053,1704.05109
0.0202881696,0.00369468589,-0.000127478675,2.46557211e-05,-0.00593892504,-0.207066242,1703.91656
0.0203062375,0.00311318307,-0.00010478715,1.73499934e-05,-0.00601221873,-0.183394068,1703.7884
0.0203230933,0.0025706882,-8.43946207e-05,1.17469158e-05,-0.00608069438,-0.160946333,1703.66654
0.0203388184,0.00206458457,-6.6103175e-05,7.54506985e-06,-0.0061446645,-0.139673001,1703.55086
0.0203534887,0.00159243101,-4.97253384e-05,4.50117669e-06,-0.00620442151,-0.119587181,1703.44125
0.0203671749,0.00115195011,-3.50848133e-05,2.39756295e-06,-0.00626023914,-0.100641563,1703.33751
0.0203799429,0.000741017226,-2.201694e-05,1.14416748e-06,-0.00631237359,-0.0828909962,1703.23947
0.0203918545,0.000357650242,-1.03688394e-05,2.38603441e-07,-0.00636106471,-0.0647018894,1703.14691
0.0203962617,0.0646303672,-0.00144949771,0.00734740862,0.00161759624,-2.3789692,1708.27779
0.020402967,0,0,0,-0.00640653165,-0.0554400124,1703.05962
0.0205219597,0.0599612217,-0.00159792353,0.00666294652,0.00101557689,-2.1644363,1708.25748
0.0206190501,0.15,0,0,0.017278764,-6.61775727,1685
0.0206270348,0.14964235,9.71593761e-05,2.42371647e-06,0.0171814368,-6.59834813,1685.44063
0.0206355936,0.149258983,0.000198725681,8.56544501e-06,0.0170770617,-6.56607068,1685.91293
0.0206392258,0.0556052884,-0.00169265171,0.00597809419,0.000448683158,-1.97358968,1708.22394
0.0206447679,0.14884805,0.00030467547,1.82690949e-05,0.0169651458,-6.5407048,1686.41913
0.0206546018,0.148407569,0.000414932758,3.36706542e-05,0.0168451802,-6.51276315,1686.96158
0.0206651429,0.147935415,0.00052936934,5.52555972e-05,0.0167166314,-6.48280388,1687.54271
0.0206764419,0.147429312,0.000647794764,8.40691834e-05,0.0165789426,-6.4507836,1688.16503
0.0206885533,0.146886817,0.000769947888,0.00012119975,0.0164315355,-6.4168264,1688.83106
0.0207015356,0.146305314,0.000895486781,0.000167891343,0.0162738128,-6.38083127,1689.54324
0.0207154514,0.145681998,0.00102397801,0.00022549944,0.0161051618,-6.34274018,1690.30388
0.0207303678,0.145013864,0.00115488668,0.00029550603,0.0159249587,-6.30250825,1691.11499
0.0207463568,0.144297686,0.00128756299,0.000379517,0.0157325744,-6.26009457,1691.97808
0.0207486254,0.0515415566,-0.00174308436,0.00531446567,-8.41539745e-05,-1.80534411,1708.17625
0.0207634955,0.143530013,0.00142122765,0.000479260794,0.0155273812,-6.21547367,1692.89396
0.0207818665,0.14270714,0.00155496054,0.00059657531,0.0153087612,-6.16864517,1693.86239
0.0208015584,0.141825099,0.00168768854,0.000733395664,0.0150761159,-6.11962456,1694.88172
0.0208226664,0.140879634,0.00181817355,0.000891730704,0.0148288775,-6.06844484,1695.9484
0.020845292,0.139866187,0.00194500199,0.00107363174,0.0145665208,-6.0151523,1697.05653
0.0208506864,0.0477504251,-0.00175656972,0.00468731295,-0.000584062604,-1.65633724,1708.1139
0.0208695446,0.138779867,0.00206657614,0.0012811501,0.0142885776,-5.95979804,1698.19727
0.020895541,0.137615437,0.00218110843,0.00151628186,0.0139946503,-5.90242389,1699.35837
0.0209234068,0.136367278,0.00228661956,0.00178089755,0.0136844269,-5.84304146,1700.52388
0.0209459011,0.0442136074,-0.00174049299,0.0041052972,-0.0010523077,-1.52457451,1708.0368
0.0209532761,0.13502937,0.00238094165,0.00207665488,0.0133576948,-5.78160354,1701.6741
0.0209852933,0.133595261,0.00246172768,0.00240489219,0.0130143532,-5.71796808,1702.78605
0.0210196126,0.132058033,0.00252646879,0.002766501,0.0126544222,-5.65185685,1703.83464
0.0210347286,0.040914044,-0.00170095305,0.0035732979,-0.00149029562,-1.40738145,1707.94515
0.0210563996,0.13041027,0.00257252083,0.00316177607,0.0122780465,-5.58281294,1704.79454
0.0210958318,0.128644026,0.00259714193,0.0035902425,0.0118854928,-5.51016444,1705.6429
0.0211175975,0.0378358195,-0.00164343425,0.00309275073,-0.00189954292,-1.30280978,1707.83948
0.0211380994,0.12675078,0.00259754265,0.00405045952,0.0114771361,-5.43300213,1706.36235
0.0211834062,0.124721401,0.00257095043,0.00453980481,0.0110534341,-5.35018266,1706.94391
0.0211949074,0.0349640862,-0.0015725078,0.00266308598,-0.00228163345,-1.20887827,1707.72053
0.0212319708,0.1225461,0.00251469067,0.0050542366,0.0106148853,-5.26035532,1707.38882
0.0212670312,0.0322849924,-0.00149207041,0.00228215741,-0.00263817586,-1.12401213,1707.58928
0.0212840274,0.120214384,0.00242628376,0.00558805897,0.0101619679,-5.16203242,1707.70863
0.0213343169,0.0297856156,-0.00140533876,0.0019469386,-0.00297076711,-1.04679819,1707.44683
0.0213398271,0.117715008,0.00230357002,0.00613364578,0.00969505848,-5.05363542,1707.92314
0.021397089,0.0274539002,-0.00131496478,0.00165384312,-0.00328096396,-0.976082576,1707.29445
0.0213996391,0.115035914,0.00214483296,0.0066812793,0.00921432677,-4.93366587,1708.05673
0.0214556503,0.0252785992,-0.00122309428,0.001399055,-0.00357026265,-0.910889982,1707.13346
0.0214637518,0.112164181,0.00194902849,0.0072187838,0.00871960888,-4.80057311,1708.13399
0.0215102832,0.0232492201,-0.00113144376,0.00117871477,-0.00384008504,-0.850423766,1706.96527
0.0215324746,0.109085956,0.00171581842,0.00773173873,0.00821026159,-4.65318995,1708.17616
0.0215612512,0.0213559743,-0.00104135959,0.000989069149,-0.00409177122,-0.79402409,1706.79129
0.0216061388,0.105786393,0.00144619297,0.00820273835,0.00768500273,-4.49000304,1708.19911
0.0216088003,0.0195897299,-0.000953876592,0.000826558418,-0.00432657648,-0.741163031,1706.61295
0.0216531597,0.0179419674,-0.000869769274,0.000687873351,-0.00454567114,-0.69141462,1706.43164
0.0216850999,0.102249575,0.00114171508,0.00861258357,0.00714175388,-4.31072978,1708.21335
0.0216945434,0.0164047389,-0.000789593388,0.000569984902,-0.00475014291,-0.64443063,1706.24868
0.021733151,0.0149706296,-0.000713723653,0.000470153677,-0.00494100075,-0.59993473,1706.06534
0.0217691688,0.0136327222,-0.000642387345,0.000385927535,-0.0051191795,-0.557705579,1705.88278
0.0217697386,0.0984584434,0.000807241874,0.00893909303,0.00657749007,-4.11382499,1708.22517
0.0218027705,0.0123845633,-0.000575692042,0.000315130325,-0.00528554498,-0.517564795,1705.70205
0.0218341181,0.0112201325,-0.000513649489,0.0002558447,-0.00544089912,-0.47936819,1705.52409
0.0218604632,0.0943947116,0.000445849607,0.00916053979,0.00598814185,-3.90029781,1708.23786
0.0218633629,0.0101338132,-0.000456195897,0.00020639202,-0.00558598506,-0.442998054,1705.34972
0.0218906459,0.00912036556,-0.000403209121,0.000165310729,-0.00572149194,-0.408356877,1705.17963
0.0219160988,0.00817490128,-0.000354523107,0.000131334458,-0.00584805935,-0.375362311,1705.0144
0.0219398442,0.00729285993,-0.000309939993,0.000103370688,-0.00596628146,-0.343943216,1704.85449
0.0219577114,0.0900387783,6.82745675e-05,0.00925454014,0.00536853252,-3.66845928,1708.25277
0.0219619968,0.00646998704,-0.00026924014,8.04804989e-05,-0.00607671078,-0.314036602,1704.70027
0.0219826633,0.0057023135,-0.000232190388,6.1859766e-05,-0.00617986155,-0.285585273,1704.55199
0.0220019435,0.00498613648,-0.000198550786,4.68219605e-05,-0.00627621281,-0.258536057,1704.40982
0.0220199303,0.00431800152,-0.000168079994,3.47825923e-05,-0.00636621115,-0.232838457,1704.27387
0.0220367106,0.00369468589,-0.000140539553,2.52454162e-05,-0.00645027318,-0.208444032,1704.14416
0.0220523653,0.00311318307,-0.000115697194,1.77899114e-05,-0.0065287878,-0.185305068,1704.02066
0.0220619522,0.0853696328,-0.000317325552,0.00919127835,0.00471246705,-3.41791981,1708.27006
0.0220669697,0.0025706882,-9.33293175e-05,1.20613479e-05,-0.00660211822,-0.163375995,1703.9033
0.0220805946,0.00206458457,-7.32227853e-05,7.757509e-06,-0.00667060376,-0.142605682,1703.79196
0.0220933054,0.00159243101,-5.51761406e-05,4.63379012e-06,-0.00673456158,-0.123005663,1703.6865
0.0221051636,0.00115195011,-3.90003168e-05,2.47091453e-06,-0.00679428816,-0.104529755,1703.58674
0.0221162263,0.000741017226,-2.45190751e-05,1.17811751e-06,-0.00685006069,-0.0872354066,1703.49249
0.0221265469,0.000357650242,-1.15690358e-05,2.5431019e-07,-0.0069021384,-0.0694554802,1703.40355
0.0221361752,0,0,0,-0.00695075902,-0.0603728525,1703.31971
0.0221736884,0.0803647536,-0.000699560658,0.00895062764,0.00401286533,-3.15430268,1708.28877
0.022293459,0.075,-0.0010614011,0.0085235095,0.00326214817,-2.87861805,1708.30668
0.0224132295,0.0696352464,-0.00136760025,0.00794861756,0.00250722768,-2.60994546,1708.31922
0.0225249657,0.0646303672,-0.00159529272,0.00730111642,0.00179751946,-2.36834433,1708.32231
0.0226292065,0.0599612217,-0.00175544658,0.00662159945,0.00113036642,-2.15312585,1708.31361
0.0227264546,0.0556052884,-0.00185673171,0.00594182131,0.000503966358,-1.96208295,1708.29142
0.0228171793,0.0515415566,-0.00190936144,0.00528343632,-8.32336728e-05,-1.79355195,1708.25461
0.022901818,0.0477504251,-0.00192178352,0.00466128939,-0.00063279805,-1.64450979,1708.20253
0.0229807791,0.0442136074,-0.00190208467,0.00408401656,-0.00114639514,-1.51273239,1708.13499
0.0230544433,0.040914044,-0.00185707042,0.00355632705,-0.0016258073,-1.39566186,1708.05221
0.0231231661,0.0378358195,-0.00179273461,0.00307964411,-0.00207290146,-1.29126374,1707.9547
0.0231872788,0.0349640862,-0.00171409511,0.00265335026,-0.0024895865,-1.19758874,1707.84329
0.0232470908,0.0322849924,-0.00162538664,0.00227531389,-0.00287777076,-1.11303086,1707.71902
0.0233028905,0.0297856156,-0.00153010078,0.00194252017,-0.00323932581,-1.036181,1707.58309
0.0233549471,0.0274539002,-0.00143109866,0.00165141711,-0.00357605875,-0.96587319,1707.43684
0.0234035117,0.0252785992,-0.0013306878,0.00139822564,-0.0038896926,-0.901128889,1707.28171
0.0234488185,0.0232492201,-0.00123070482,0.00117912891,-0.00418185423,-0.841142481,1707.11916
0.023491086,0.0213559743,-0.00113258234,0.000990417515,-0.00445406864,-0.785255683,1706.95069
0.0235305183,0.0195897299,-0.00103741627,0.000828575595,-0.00470775721,-0.732936842,1706.77778
0.0235673053,0.0179419674,-0.000946020872,0.000690335462,-0.00494423946,-0.683751792,1706.60186
0.0236016246,0.0164047389,-0.000858973749,0.000572707068,-0.00516473711,-0.637351211,1706.4243
0.0236336418,0.0149706296,-0.00077665926,0.00047298631,-0.00537037941,-0.593455904,1706.24636
0.0236611192,0.15,0,0,0.0198280179,-6.62262298,1685
0.0236635112,0.0136327222,-0.000699304064,0.000388753031,-0.0055622093,-0.551840952,1706.06922
0.0236664661,0.14964235,0.000111272498,2.45117345e-06,0.0197133888,-6.60349682,1685.43983
0.0236721975,0.149258983,0.000227533033,8.51406895e-06,0.0195904987,-6.57147456,1685.91128
0.023678341,0.14884805,0.000348748648,1.82077576e-05,0.0194587801,-6.54603236,1686.41656
0.0236849263,0.148407569,0.000474825455,3.35525508e-05,0.0193176435,-6.51802727,1686.95802
0.0236913769,0.0123845633,-0.000627007457,0.000317859077,-0.0057411898,-0.512324933,1705.89393
0.0236919851,0.147935415,0.00060560909,5.50491484e-05,0.019166472,-6.48799744,1687.53811
0.0236995514,0.147429312,0.000740874131,8.37350507e-05,0.0190046222,-6.45590321,1688.15931
0.0237076618,0.146886817,0.000880313531,0.000120693911,0.0188314273,-6.42185135,1688.82415
0.0237163553,0.146305314,0.00102352706,0.000167162293,0.0186461998,-6.38574316,1689.53506
0.0237173733,0.0112201325,-0.000559767319,0.000258411362,-0.00590821042,-0.474760636,1705.72142
0.023725674,0.145681998,0.00117000854,0.000224485165,0.0184482356,-6.34751146,1690.29436
0.0237356627,0.145013864,0.00131913234,0.000294135666,0.0182368198,-6.30711734,1691.10405
0.0237416259,0.0101338132,-0.000497502076,0.000208751858,-0.00606409326,-0.439027375,1705.55248
0.0237463696,0.144297686,0.00147014048,0.000377712076,0.018011233,-6.26453517,1691.96565
0.0237578465,0.143530013,0.0016221286,0.000476930974,0.0177707597,-6.21973035,1692.87998
0.0237642516,0.00912036556,-0.00044006921,0.000167436204,-0.00620959881,-0.405024738,1705.3878
0.0237701485,0.14270714,0.00177403142,0.000593618364,0.0175146979,-6.17269756,1693.8468
0.0237833352,0.141825099,0.00192460919,0.000729695029,0.0172423709,-6.12345384,1694.86448
0.0237853595,0.00817490128,-0.000387280785,0.000133212082,-0.00634543126,-0.372667583,1705.22794
0.02379747,0.140879634,0.00207243477,0.000887154803,0.0169531398,-6.07203155,1695.92951
0.0238050514,0.00729285993,-0.000338916378,0.000104998191,-0.00647224335,-0.341882108,1705.07333
0.0238126212,0.139866187,0.00221588251,0.00106803245,0.0166464186,-6.01847612,1697.036
0.0238234224,0.00646998704,-0.000294733759,8.18643304e-05,-0.00659064081,-0.312602824,1704.92431
0.0238288618,0.138779867,0.00235311943,0.00127436142,0.0163216895,-5.96283773,1698.17517
0.0238405611,0.0057023135,-0.000254477628,6.30129091e-05,-0.00670118633,-0.284770222,1704.78113
0.0238462702,0.137615437,0.00248209994,0.00150811877,0.0159785204,-5.90515735,1699.33483
0.0238565501,0.00498613648,-0.000217886693,4.77620747e-05,-0.00680440311,-0.258329025,1704.64394
0.0238649304,0.136367278,0.00260056503,0.00177115515,0.015616581,-5.84544584,1700.49909
0.0238714665,0.00431800152,-0.000184699318,3.55304544e-05,-0.00690077806,-0.233226859,1704.51282
0.0238849323,0.13502937,0.00270604754,0.00206510789,0.0152356597,-5.78365549,1701.64832
0.0238853823,0.00369468589,-0.000154657942,2.58236371e-05,-0.00699076473,-0.209413638,1704.38779
0.0238983646,0.00311318307,-0.000127512463,1.82219078e-05,-0.00707478581,-0.186840253,1704.26881
0.0239063724,0.133595261,0.00279588469,0.00239129503,0.0148356776,-5.71964412,1702.7596
0.0239104761,0.0025706882,-0.000103022751,1.23705233e-05,-0.00715323554,-0.1654599,1704.1558
0.023921775,0.00206458457,-8.09604226e-05,7.96663448e-06,-0.00722648176,-0.145220482,1704.04863
0.0239293542,0.132058033,0.00286723983,0.00275058861,0.014416699,-5.65313375,1703.8079
0.0239323161,0.00159243101,-6.11100214e-05,4.76450888e-06,-0.00729486784,-0.126132593,1703.94717
0.02394215,0.00115195011,-4.32697001e-05,2.54340645e-06,-0.00735871438,-0.10815137,1703.85123
0.0239513243,0.000741017226,-2.72515743e-05,1.21235871e-06,-0.00741832087,-0.0913364184,1703.76062
0.0239539885,0.13041027,0.00291713488,0.00314326571,0.0139789361,-5.58366816,1704.76793
0.0239598831,0.000357650242,-1.28815945e-05,2.68577386e-07,-0.00747396704,-0.0739815168,1703.67515
0.0239678678,0,0,0,-0.0075259105,-0.0650834524,1703.5946
0.0239803941,0.128644026,0.00294249538,0.00356883665,0.0135227458,-5.51057624,1705.6168
0.0240086984,0.12675078,0.00294021006,0.00402585051,0.0130486144,-5.43294973,1706.33708
0.0240390379,0.124721401,0.00290720658,0.00451168056,0.0125571287,-5.3496449,1706.91967
0.024071559,0.1225461,0.00284054564,0.00502229087,0.0120489282,-5.25931163,1707.36563
0.0241064185,0.120214384,0.00273753495,0.00555199853,0.0115246375,-5.16045577,1707.68636
0.0241437845,0.117715008,0.00259586756,0.00609321645,0.0109847737,-5.05150093,1707.90153
0.0241838374,0.115035914,0.00241377629,0.0066362571,0.0104296301,-4.93091029,1708.0355
0.0242267702,0.112164181,0.00219024135,0.00716905641,0.00985913488,-4.79719653,1708.11292
0.0242727901,0.109085956,0.00192515908,0.00767717613,0.00927269087,-4.64905723,1708.15521
0.0243221191,0.105786393,0.00161974372,0.00814358272,0.00866900176,-4.48526546,1708.17843
0.024374995,0.102249575,0.00127636038,0.00854875213,0.00804590153,-4.30487874,1708.19338
0.024431673,0.0984584434,0.000899992016,0.00887174702,0.00740019962,-4.10780552,1708.20675
0.0244924263,0.0943947116,0.000495780605,0.00909016929,0.00672757469,-3.89229469,1708.22219
0.0245575482,0.0900387783,7.39082428e-05,0.00918032736,0.00602253935,-3.65939748,1708.24144
0.0246273526,0.0853696328,-0.000355200507,0.00911644448,0.00527853433,-3.40882357,1708.26503
0.0247021762,0.0803647536,-0.000777750792,0.008876869,0.00448810921,-3.14355927,1708.2924
0.0247823801,0.075,-0.00117633837,0.00845207124,0.00364335193,-2.86716795,1708.32164
0.0248625839,0.0696352464,-0.00151101442,0.00788173945,0.00279738861,-2.59721804,1708.34741
0.0249374076,0.0646303672,-0.00175864159,0.00723972131,0.00200529607,-2.3550592,1708.36435
0.025007212,0.0599612217,-0.00193101934,0.00656664771,0.00126349535,-2.1391789,1708.36965
0.0250723338,0.0556052884,-0.00203871657,0.00589352683,0.000569421029,-1.94789126,1708.3612
0.0251330872,0.0515415566,-0.00209297754,0.00524190136,-7.91385247e-05,-1.7791207,1708.33757
0.0251897652,0.0477504251,-0.00210348342,0.00462620966,-0.000684337206,-1.63007001,1708.29791
0.0252426411,0.0442136074,-0.00207915037,0.00405500282,-0.00124838186,-1.49834626,1708.24192
0.0252919701,0.040914044,-0.00202756369,0.00353282112,-0.00177354998,-1.38146473,1708.16978
0.02533799,0.0378358195,-0.00195529176,0.0030610588,-0.00226216364,-1.27732575,1708.08204
0.0253809228,0.0349640862,-0.0018678363,0.00263905899,-0.00271654852,-1.18399541,1707.97957
0.0254209756,0.0322849924,-0.00176979901,0.00226470771,-0.00313899275,-1.09984228,1707.8635
0.0254583417,0.0297856156,-0.0016649619,0.00193501403,-0.00353171217,-1.0234551,1707.73512
0.0254932012,0.0274539002,-0.00155640507,0.00164647115,-0.00389682457,-0.953657089,1707.5959
0.0255257222,0.0252785992,-0.00144660086,0.0013953492,-0.00423633189,-0.889464016,1707.44736
0.0255560617,0.0232492201,-0.00133750427,0.0011778878,-0.00455211101,-0.830061277,1707.29107
0.025584366,0.0213559743,-0.0012306338,0.000990432173,-0.00484591046,-0.774788727,1707.12862
0.0256107716,0.0195897299,-0.00112714271,0.000829520575,-0.00511935093,-0.723110083,1706.96154
0.0256354059,0.0179419674,-0.00102787798,0.000691937767,-0.00537392967,-0.674584993,1706.79132
0.0256583877,0.0164047389,-0.000933434025,0.000574740559,-0.00561102679,-0.628861473,1706.61937
0.0256798279,0.0149706296,-0.000844198916,0.000475267998,-0.00583191278,-0.58565644,1706.44698
0.0256998298,0.0136327222,-0.000760392986,0.000391138072,-0.00603775655,-0.544741416,1706.27534
0.0257184899,0.0123845633,-0.000682101995,0.000320235932,-0.00622963364,-0.505931624,1706.1055
0.0257358983,0.0112201325,-0.000609305181,0.000260697104,-0.00640853419,-0.469076615,1705.9384
0.025752139,0.0101338132,-0.000541898923,0.000210887723,-0.00657537043,-0.434052588,1705.77481
0.0257672902,0.00912036556,-0.000479716603,0.000169383472,-0.00673098373,-0.400756162,1705.61542
0.025781425,0.00817490128,-0.000422545179,0.000134948363,-0.00687615095,-0.369099399,1705.46075
0.0257946116,0.00729285993,-0.00037013892,0.000106514115,-0.00701159034,-0.339005899,1705.31124
0.0258069137,0.00646998704,-0.000322230684,8.31606523e-05,-0.0071379667,-0.310407784,1705.16721
0.0258183905,0.0057023135,-0.000278541088,6.40980289e-05,-0.00725589612,-0.283243386,1705.02888
0.0258290975,0.00498613648,-0.000238785883,4.86499346e-05,-0.00736595019,-0.257455514,1704.8964
0.0258390862,0.00431800152,-0.000202681787,3.6238794e-05,-0.00746865974,-0.232990132,1704.76985
0.0258484049,0.00369468589,-0.000169951014,2.63725668e-05,-0.00756451822,-0.209795735,1704.64922
0.0258570984,0.00311318307,-0.000140324697,1.86327737e-05,-0.00765398467,-0.187822057,1704.53448
0.0258652088,0.0025706882,-0.000113545388,1.26649915e-05,-0.00773748646,-0.167021263,1704.42554
0.0258727751,0.00206458457,-8.93687931e-05,8.16603097e-06,-0.0078154217,-0.147340644,1704.32228
0.0258798339,0.00159243101,-6.75648907e-05,4.88921793e-06,-0.00788816145,-0.128790062,1704.22453
0.0258864191,0.00115195011,-4.79185752e-05,2.61283563e-06,-0.00795605168,-0.111325766,1704.13214
0.0258925626,0.000741017226,-3.02299031e-05,1.24423898e-06,-0.00801941511,-0.0950000288,1704.04492
0.025898294,0.000357650242,-1.43134797e-05,2.76973991e-07,-0.00807855284,-0.0781015828,1703.96265
0.025903641,0,0,0,-0.00813374326,-0.0694170497,1703.88515
0.0269008515,0.15,0,0,0.0225429135,-6.6306397,1685
0.0269033516,0.14964235,0.000126097012,2.44852865e-06,0.022409935,-6.61113508,1685.43883
0.0269060315,0.149258983,0.000257825288,8.47788421e-06,0.0222674083,-6.57868501,1685.90919
0.0269089041,0.14884805,0.000395124649,1.8076528e-05,0.0221146876,-6.55313678,1686.41332
0.0269119832,0.148407569,0.000537880465,3.33153966e-05,0.0219510979,-6.52495325,1686.95356
0.0269152837,0.147935415,0.000685909879,5.46671481e-05,0.0217759335,-6.49472608,1687.53233
0.0269188216,0.147429312,0.000838946794,8.31646185e-05,0.0215884595,-6.46242528,1688.15213
0.0269226138,0.146886817,0.000996631431,0.000119882744,0.0213879152,-6.42816678,1688.81547
0.0269266787,0.146305314,0.00115849739,0.000166050214,0.0211735171,-6.39185559,1689.5248
0.026931036,0.145681998,0.00132395776,0.000223003923,0.0209444645,-6.35343484,1690.28241
0.0269357065,0.145013864,0.00149229006,0.00029220763,0.0206999456,-6.31284094,1691.09032
0.0269407128,0.144297686,0.00166262165,0.000375244436,0.0204391451,-6.27003025,1691.95006
0.0269460792,0.143530013,0.00183391425,0.000473814096,0.0201612543,-6.22498316,1692.86244
0.0269518314,0.14270714,0.00200494768,0.000589727063,0.0198654819,-6.17769274,1693.82724
0.0269579972,0.141825099,0.002174305,0.00072488619,0.0195510677,-6.12817243,1694.84285
0.0269646063,0.140879634,0.00234035887,0.000881265615,0.0192172975,-6.07645191,1695.9058
0.0269716907,0.139866187,0.00250125961,0.00106087889,0.0188635197,-6.02257422,1697.01024
0.0269792845,0.138779867,0.0026549262,0.00126573696,0.0184891641,-5.96658742,1698.14743
0.0269874243,0.137615437,0.0027990413,0.00149779322,0.0180937606,-5.90853073,1699.30526
0.0269961494,0.136367278,0.00293105167,0.00175887396,0.0176769593,-5.84841373,1700.46791
0.0270055019,0.13502937,0.0030481755,0.00205059185,0.0172385482,-5.78618803,1701.61584
0.0270155269,0.133595261,0.00314741828,0.00237424067,0.0167784703,-5.72171145,1702.72621
0.0270262727,0.132058033,0.00322559927,0.00273066936,0.0162968355,-5.65470673,1703.77404
0.0270377912,0.13041027,0.00327939016,0.00312013419,0.0157939256,-5.58471899,1704.73408
0.0270501379,0.128644026,0.00330536828,0.00354212835,0.015270191,-5.51107884,1705.5834
0.0270633724,0.12675078,0.003300086,0.00399518934,0.0147262338,-5.4328797,1706.30449
0.0270775585,0.124721401,0.0032601586,0.00447668623,0.0141627746,-5.34897856,1706.88805
0.0270927647,0.1225461,0.00318237248,0.00498258994,0.0135805999,-5.25802511,1707.33497
0.0271090643,0.120214384,0.0030638162,0.00550723541,0.0129804855,-5.15852073,1707.65638
0.0271265359,0.117715008,0.00290203765,0.00604307675,0.0123630943,-5.04889112,1707.87183
0.0271452638,0.115035914,0.0026952203,0.00658048041,0.0117288464,-4.92758641,1708.00561
0.0271653383,0.112164181,0.00244239116,0.00710749313,0.0110777639,-4.7931074,1708.08251
0.0271868562,0.109085956,0.00214366782,0.00760973176,0.0104092947,-4.64409207,1708.12405
0.0272099215,0.105786393,0.00180057473,0.00807042917,0.00972212366,-4.47943912,1708.14653
0.0272346452,0.102249575,0.00141618868,0.00847004174,0.0090139893,-4.2979361,1708.16124
0.0272611466,0.0984584434,0.00099587966,0.00878828095,0.00828152279,-4.10005526,1708.17524
0.0272895536,0.0943947116,0.000546547188,0.00900267062,0.00752013666,-3.88326489,1708.19262
0.0273200033,0.0900387783,7.84994585e-05,0.00908919539,0.00672401276,-3.64920228,1708.21564
0.0273526424,0.0853696328,-0.000395841633,0.00902416234,0.00588620953,-3.39757593,1708.24535
0.0273876284,0.0803647536,-0.00086062915,0.00878551004,0.00499889179,-3.13100352,1708.28168
0.0274251301,0.075,-0.00129730652,0.0083636691,0.00405379739,-2.85355786,1708.32317
0.0274626317,0.0696352464,-0.00166151758,0.00779863771,0.00311069169,-2.5823931,1708.36367
0.0274976178,0.0646303672,-0.00192960685,0.0071632654,0.00223070255,-2.3394863,1708.39631
0.0275302569,0.0599612217,-0.00211449439,0.00649783863,0.00140927475,-2.12295884,1708.41771
0.0275607065,0.0556052884,-0.0022286262,0.00583272174,0.000643028409,-1.93135278,1708.42528
0.0275891135,0.0515415566,-0.00228441568,0.00518917848,-7.09522478e-05,-1.76236157,1708.41715
0.027615615,0.0477504251,-0.00229278641,0.0045812513,-0.000735452201,-1.6132984,1708.39221
0.0276403387,0.0442136074,-0.00226354287,0.0040173381,-0.001353255,-1.4816629,1708.34999
0.0276634039,0.040914044,-0.0022050645,0.00350180883,-0.0019271684,-1.36500352,1708.29059
0.0276849218,0.0378358195,-0.00212452058,0.00303600491,-0.00246000182,-1.26117488,1708.21455
0.0277049964,0.0349640862,-0.00202790628,0.00261923193,-0.00295452712,-1.16824442,1708.12279
0.0277237243,0.0322849924,-0.00192020113,0.00224939051,-0.00341343881,-1.08456008,1708.01651
0.0277411959,0.0297856156,-0.00180548225,0.00192352007,-0.00383932102,-1.00870371,1707.89713
0.0277574954,0.0274539002,-0.00168705256,0.00163816485,-0.00423462377,-0.939486952,1707.76621
0.0277727016,0.0252785992,-0.0015675506,0.00138965272,-0.00460164735,-0.875916663,1707.62539
0.0277868877,0.0232492201,-0.0014490509,0.00117428788,-0.00494253591,-0.817176446,1707.47634
0.0278001222,0.0213559743,-0.00133315661,0.000988480678,-0.00525927691,-0.762598287,1707.32074
0.027812469,0.0195897299,-0.00122107653,0.000828832118,-0.00555370406,-0.711635,1707.16022
0.0278239875,0.0179419674,-0.00111369001,0.000692186525,-0.00582750463,-0.663844721,1706.99631
0.0278347333,0.0164047389,-0.00101160719,0.000575655603,-0.00608222801,-0.618871745,1706.83049
0.0278447583,0.0149706296,-0.000915218506,0.000476628209,-0.00631929564,-0.576428373,1706.66407
0.0278541107,0.0136327222,-0.000824736864,0.000392766306,-0.00654001107,-0.536282188,1706.49827
0.0278628358,0.0123845633,-0.000740233483,0.000321993437,-0.00674557009,-0.498244694,1706.33416
0.0278709757,0.0112201325,-0.00066166814,0.000262478077,-0.00693707034,-0.462161941,1706.17267
0.0278785694,0.0101338132,-0.000588914538,0.000212614203,-0.00711552035,-0.427906838,1706.01458
0.0278856538,0.00912036556,-0.000521781513,0.000171000648,-0.00728184786,-0.395372934,1705.86056
0.027892263,0.00817490128,-0.000460030642,0.000136420344,-0.00743690738,-0.36446946,1705.71115
0.0278984288,0.00729285993,-0.000403390748,0.000107820192,-0.00758148704,-0.335117433,1705.56676
0.027904181,0.00646998704,-0.000351569753,8.42920446e-05,-0.00771631472,-0.307246657,1705.4277
0.0279095473,0.0057023135,-0.000304264247,6.50550978e-05,-0.00784206348,-0.280793418,1705.2942
0.0279145537,0.00498613648,-0.000261167131,4.94398338e-05,-0.00795935651,-0.255698761,1705.16638
0.0279192242,0.00431800152,-0.000221973621,3.68735238e-05,-0.00806877145,-0.231907168,1705.04432
0.0279235814,0.00369468589,-0.000186385856,2.68673847e-05,-0.00817084427,-0.209365926,1704.92802
0.0279276463,0.00311318307,-0.000154116352,1.90049314e-05,-0.00826607272,-0.188023832,1704.81743
0.0279314386,0.0025706882,-0.000124890483,1.29327e-05,-0.00835491946,-0.167832218,1704.71246
0.0279349764,0.00206458457,-9.84481633e-05,8.34775488e-06,-0.00843781481,-0.148738219,1704.61298
0.027938277,0.00159243101,-7.45449081e-05,5.00294397e-06,-0.00851515927,-0.130751254,1704.51886
0.0279413561,0.00115195011,-5.29524313e-05,2.67650698e-06,-0.00858732578,-0.113827788,1704.42991
0.0279442287,0.000741017226,-3.3459057e-05,1.27176619e-06,-0.00865466178,-0.097996196,1704.34596
0.0279469085,0.000357650242,-1.58679629e-05,2.75238526e-07,-0.00871749105,-0.0815974489,1704.2668
0.0279494087,0,0,0,-0.00877611432,-0.0731721529,1704.19224
0.030111421,0,0,0,-0.00945498621,-0.0760259298,1704.51681
0.0301127129,0.000357650242,-1.75473936e-05,2.63457301e-07,-0.00939295556,-0.0841898598,1704.58861
0.0301140977,0.000741017226,-3.69447353e-05,1.29943566e-06,-0.00932645774,-0.100080609,1704.66485
0.030115582,0.00115195011,-5.83829161e-05,2.73397825e-06,-0.00925516848,-0.115398577,1704.74571
0.030117173,0.00159243101,-8.20687449e-05,5.10307008e-06,-0.00917874026,-0.13175307,1704.83141
0.0301188785,0.00206458457,-0.000108225676,8.50590223e-06,-0.00909679965,-0.149149025,1704.92211
0.0301207066,0.0025706882,-0.000137095569,1.31633766e-05,-0.00900894525,-0.16762907,1705.01798
0.0301226661,0.00311318307,-0.000168937878,1.93222283e-05,-0.00891474533,-0.187181162,1705.11918
0.0301247665,0.00369468589,-0.000204028962,2.72844995e-05,-0.00881373523,-0.20785794,1705.22581
0.030127018,0.00431800152,-0.000242661139,3.74018409e-05,-0.00870541456,-0.229708639,1705.33797
0.0301294313,0.00498613648,-0.000285141087,5.00877379e-05,-0.00858924396,-0.252785136,1705.45572
0.0301320182,0.0057023135,-0.000331787401,6.58265129e-05,-0.00846464151,-0.277141074,1705.57903
0.0301347911,0.00646998704,-0.000382927162,8.51846097e-05,-0.00833097878,-0.302833185,1705.70786
0.0301377634,0.00729285993,-0.000438891278,0.000108823026,-0.00818757633,-0.32992193,1705.84206
0.0301409494,0.00817490128,-0.000500008378,0.000137511351,-0.00803369863,-0.358472827,1705.98142
0.0301443644,0.00912036556,-0.000566596952,0.000172143305,-0.00786854837,-0.388558175,1706.12563
0.0301480251,0.0101338132,-0.000638955437,0.000213753804,-0.00769126009,-0.420259358,1706.27427
0.030151949,0.0112201325,-0.000717349865,0.00026353738,-0.00750089296,-0.453669843,1706.42682
0.030156155,0.0123845633,-0.000801998637,0.000322867716,-0.00729642276,-0.488899075,1706.58259
0.0301606634,0.0136327222,-0.000893053924,0.000393317798,-0.00707673287,-0.526077434,1706.7408
0.030165496,0.0149706296,-0.000990579159,0.000476680014,-0.00684060443,-0.565362458,1706.90049
0.0301706761,0.0164047389,-0.00109452195,0.000574985105,-0.00658670545,-0.606946526,1707.06057
0.0301762287,0.0179419674,-0.00120468165,0.000690518496,-0.00631357915,-0.651066267,1707.21979
0.0301821805,0.0195897299,-0.00132067071,0.000825831756,-0.00601963162,-0.698013984,1707.37678
0.0301885603,0.0213559743,-0.00144186877,0.000983746584,-0.00570311903,-0.748150892,1707.53001
0.0301953988,0.0232492201,-0.00156736889,0.00116734685,-0.00536213506,-0.80192399,1707.67784
0.0302027291,0.0252785992,-0.00169591375,0.0013799533,-0.00499459903,-0.859887483,1707.81856
0.0302105865,0.0274539002,-0.00182582038,0.00162507525,-0.00459824543,-0.922716673,1707.95038
0.0302190088,0.0297856156,-0.00195489507,0.00190632952,-0.00417061754,-0.991234309,1708.0715
0.0302280367,0.0322849924,-0.00208033386,0.00222731273,-0.00370906423,-1.06644334,1708.18014
0.0302377138,0.0349640862,-0.00219860724,0.00259141571,-0.00321074281,-1.14954493,1708.27463
0.0302480867,0.0378358195,-0.00230533377,0.00300155493,-0.00267263137,-1.2419679,1708.35342
0.0302592054,0.040914044,-0.00239513661,0.00345980991,-0.00209154929,-1.34538346,1708.41524
0.0302711237,0.0442136074,-0.00246149988,0.0039669072,-0.00146418751,-1.46173301,1708.45913
0.0302838989,0.0477504251,-0.00249660215,0.0045215769,-0.000787145734,-1.59319699,1708.48456
0.0302975927,0.0515415566,-0.00249121243,0.00511962806,-5.6968608e-05,-1.74222242,1708.49157
0.0303122712,0.0556052884,-0.00243452459,0.00575288712,0.000729836606,-1.91137672,1708.48088
0.0303280052,0.0599612217,-0.00231427309,0.00640772612,0.00157683549,-2.10330768,1708.454
0.0303448704,0.0646303672,-0.00211663849,0.00706334578,0.00248781725,-2.32044514,1708.41329
0.0303629484,0.0696352464,-0.00182717393,0.00768998794,0.00346717072,-2.56424499,1708.36199
0.0303823263,0.075,-0.00143137208,0.00824816896,0.00452064899,-2.83657217,1708.30427
0.0304017041,0.0803647536,-0.000953493981,0.00866593681,0.00558028772,-3.11539548,1708.24885
0.0304197821,0.0853696328,-0.000442416063,0.00890325506,0.00657867365,-3.38329462,1708.20279
0.0304366474,0.0900387783,8.14990396e-05,0.0089697342,0.00752436514,-3.6364112,1708.16697
0.0304523813,0.0943947116,0.000600648457,0.00888714394,0.00842554703,-3.87188088,1708.14076
0.0304670598,0.0984584434,0.00110059208,0.00867800643,0.00928952821,-4.08985615,1708.1224
0.0304807536,0.102249575,0.00157017402,0.00836602228,0.0101224531,-4.28893984,1708.10903
0.0304935288,0.105786393,0.00200087688,0.00797343345,0.0109291698,-4.47162599,1708.096
0.0305054471,0.109085956,0.00238664191,0.00752016678,0.0117132205,-4.6373503,1708.07572
0.0305165659,0.112164181,0.00272367626,0.00702553505,0.0124769526,-4.78736378,1708.03628
0.0305269388,0.115035914,0.00301003894,0.00650608712,0.013221685,-4.92275768,1707.96098
0.0305366158,0.117715008,0.00324532843,0.00597606797,0.0139479051,-5.04491388,1707.82821
0.0305456438,0.120214384,0.00343040551,0.00544729447,0.0146554729,-5.15536316,1707.61304
0.0305540661,0.1225461,0.00356712094,0.00492932776,0.0153438147,-5.25566427,1707.29125
0.0305619234,0.124721401,0.00365806946,0.00442965697,0.016012094,-5.34738719,1706.84353
0.0305692537,0.12675078,0.00370639161,0.0039539198,0.0166593559,-5.43203572,1706.25901
0.0305760922,0.128644026,0.00371559593,0.0035061332,0.0172846406,-5.51096083,1705.53714
0.030582472,0.13041027,0.00368940917,0.00308893021,0.0178870694,-5.58530412,1704.68742
0.0305884238,0.132058033,0.00363165169,0.00270378563,0.0184659039,-5.65596953,1703.72755
0.0305939764,0.133595261,0.00354613548,0.00235122601,0.0190205828,-5.72362357,1702.68047
0.0305991565,0.13502937,0.00343658292,0.00203101979,0.0195507412,-5.78871855,1701.57143
0.0306039891,0.136367278,0.00330656403,0.00174234591,0.0200562144,-5.85152973,1700.42534
0.0306084976,0.137615437,0.00315945013,0.00148394011,0.0205370319,-5.91219792,1699.26492
0.0306127036,0.138779867,0.00299838162,0.00125421982,0.0209934036,-5.97077071,1698.10961
0.0306166274,0.139866187,0.00282624796,0.00105138857,0.0214257011,-6.02723809,1696.97512
0.0306202881,0.140879634,0.00264567753,0.000873521958,0.0218344362,-6.08156071,1695.8735
0.0306237032,0.141825099,0.00245903568,0.000718636858,0.0222202388,-6.1336905,1694.81339
0.0306268891,0.14270714,0.00226842906,0.000584746058,0.0225838348,-6.18358443,1693.80058
0.0306298614,0.143530013,0.00207571479,0.00046990038,0.0229260246,-6.23121271,1692.83853
0.0306326343,0.144297686,0.00188251312,0.000372219934,0.0232476644,-6.27656468,1691.92881
0.0306352212,0.145013864,0.00169022238,0.000289915594,0.023549648,-6.31965307,1691.07161
0.0306376345,0.145681998,0.00150003556,0.000221304959,0.0238328916,-6.36049931,1690.26612
0.030639886,0.146305314,0.00131295742,0.000164822651,0.0240983211,-6.39913103,1689.51079
0.0306419864,0.146886817,0.00112982193,0.000119024459,0.0243468601,-6.43560375,1688.80363
0.030643946,0.147429312,0.000951309458,8.25894352e-05,0.0245794215,-6.46998627,1688.14233
0.030645774,0.147935415,0.000777963221,5.43043703e-05,0.0247968995,-6.50237837,1687.52444
0.0306474795,0.148407569,0.000610204924,3.31003968e-05,0.0250001639,-6.5327137,1686.94746
0.0306490705,0.14884805,0.000448349125,1.79582604e-05,0.0251900557,-6.56103938,1686.4089
0.0306505549,0.149258983,0.000292615909,8.35062994e-06,0.0253673837,-6.58685219,1685.90635
0.0306519396,0.14964235,0.000143144162,2.47271145e-06,0.0255329221,-6.61861515,1685.43745
0.0306532315,0.15,0,0,0.025687408,-6.63730941,1685
0.0323962834,0,0,0,-0.010172433,-0.0773902789,1704.85985
0.0324017707,0.000357650242,-1.93525168e-05,2.5279626e-07,-0.0101068312,-0.0854784187,1704.92894
0.0324076526,0.000741017226,-4.06852004e-05,1.34349359e-06,-0.0100364876,-0.101003018,1705.00231
0.0324139575,0.00115195011,-6.42007695e-05,2.78361715e-06,-0.00996105256,-0.11572432,1705.08015
0.0324207156,0.00159243101,-9.01166676e-05,5.18376528e-06,-0.00988015346,-0.131467715,1705.16265
0.0324279597,0.00206458457,-0.000118669594,8.62857831e-06,-0.00979338919,-0.148242529,1705.24997
0.0324357247,0.0025706882,-0.000150114951,1.33381049e-05,-0.00970032806,-0.166085533,1705.34229
0.0324440481,0.00311318307,-0.000184726871,1.95565054e-05,-0.00960050503,-0.184971442,1705.43974
0.0324529699,0.00369468589,-0.000222797672,2.75843293e-05,-0.00949341886,-0.204953122,1705.54244
0.0324625333,0.00431800152,-0.000264637043,3.77701219e-05,-0.00937852882,-0.226080136,1705.65048
0.0324727842,0.00498613648,-0.000310570498,5.05229566e-05,-0.00925525104,-0.248404959,1705.76389
0.0324837723,0.0057023135,-0.000360937005,6.63210027e-05,-0.00912295446,-0.271982016,1705.88268
0.0324955505,0.00646998704,-0.000416085581,8.57224406e-05,-0.00898095621,-0.296869121,1706.00677
0.0325081756,0.00729285993,-0.000476370623,0.00010937743,-0.00882851648,-0.323128097,1706.13603
0.0325217085,0.00817490128,-0.000542145711,0.000138041634,-0.00866483267,-0.350826115,1706.27023
0.0325362145,0.00912036556,-0.000613755575,0.000172591196,-0.00848903286,-0.380037439,1706.40907
0.0325517635,0.0101338132,-0.000691525881,0.000214039164,-0.00830016834,-0.410845738,1706.55211
0.0325684306,0.0112201325,-0.000775750412,0.000263553252,-0.00809720535,-0.443347101,1706.69882
0.0325862961,0.0123845633,-0.000866675179,0.000322474671,-0.00787901564,-0.477653938,1706.84851
0.0326054463,0.0136327222,-0.000964478893,0.00039233759,-0.007644366,-0.513899954,1707.00035
0.0326259734,0.0149706296,-0.00106924919,0.000474888562,-0.00739190668,-0.552246379,1707.15338
0.0326479765,0.0164047389,-0.00118095389,0.000572104927,-0.00712015855,-0.592889687,1707.30645
0.0326715618,0.0179419674,-0.00129940641,0.00068621071,-0.00682749919,-0.636071039,1707.45827
0.0326968429,0.0195897299,-0.00142422432,0.00081968799,-0.00651214803,-0.682087766,1707.60739
0.0327239419,0.0213559743,-0.00155478003,0.000975280835,-0.00617215084,-0.731307132,1707.7522
0.0327529894,0.0232492201,-0.00169014232,0.00115598846,-0.00580536398,-0.784182034,1707.89097
0.0327841256,0.0252785992,-0.00182900747,0.00136504105,-0.00540943892,-0.841270999,1708.02186
0.0328175006,0.0274539002,-0.0019696165,0.00160585454,-0.00498180892,-0.903260433,1708.14296
0.0328532754,0.0297856156,-0.00210966104,0.00188195208,-0.00451967803,-0.970985027,1708.25232
0.0328916226,0.0322849924,-0.00224617415,0.0021968418,-0.00402001373,-1.04545558,1708.34803
0.0329327272,0.0349640862,-0.00237540157,0.00255383921,-0.00347954661,-1.12788661,1708.42827
0.0329767873,0.0378358195,-0.00249265777,0.00295580847,-0.00289477834,-1.21972078,1708.4914
0.0330240156,0.040914044,-0.0025921645,0.00340480912,-0.00226199874,-1.32264803,1708.53605
0.0330746399,0.0442136074,-0.00266687914,0.00390160259,-0.00157731286,-1.43862548,1708.56127
0.0331289042,0.0477504251,-0.00270830897,0.00444501466,-0.000836675114,-1.5698621,1708.56659
0.0331870704,0.0515415566,-0.00270635417,0.0050310531,-3.59221612e-05,-1.7188197,1708.55228
0.0332494191,0.0556052884,-0.00264915159,0.00565184269,0.000829214749,-1.88810505,1708.5194
0.0333162509,0.0599612217,-0.00252306166,0.00629420141,0.00176315556,-2.08038564,1708.46992
0.0333878882,0.0646303672,-0.00231271391,0.00693796785,0.00277064439,-2.29812602,1708.40682
0.0334646766,0.0696352464,-0.00200166255,0.00755396248,0.00385717062,-2.54291452,1708.33419
0.0335469865,0.075,-0.00157348702,0.00810406348,0.00502978491,-2.81625049,1708.25724
0.0336292963,0.0803647536,-0.00105315013,0.00851701595,0.00621313384,-3.09707317,1708.18679
0.0337060847,0.0853696328,-0.000493996855,0.00875255813,0.00733151623,-3.36652582,1708.13086
0.0337777221,0.0900387783,8.14483673e-05,0.00882091413,0.00839378161,-3.62093252,1708.08951
0.0338445539,0.0943947116,0.000653978366,0.00874315275,0.00940846336,-3.85787169,1708.0612
0.0339069025,0.0984584434,0.00120722171,0.00854069506,0.0103832479,-4.07731804,1708.0434
0.0339650687,0.102249575,0.00172863959,0.0082364254,0.0113246203,-4.27805661,1708.03249
0.0340193331,0.105786393,0.00220826819,0.00785240178,0.0122376987,-4.46190665,1708.02309
0.0340699573,0.109085956,0.00263921104,0.00740838826,0.0131262105,-4.62884778,1708.0069
0.0341171856,0.112164181,0.00301692704,0.00692317199,0.0139925959,-4.77999473,1707.97141
0.0341612458,0.115035914,0.00333899246,0.00641310171,0.0148381816,-4.91648547,1707.89921
0.0342023504,0.117715008,0.00360469932,0.00589221788,0.0156633904,-5.0396672,1707.76852
0.0342406976,0.120214384,0.00381476312,0.0053721869,0.016467962,-5.15108424,1707.55451
0.0342764724,0.1225461,0.00397105108,0.00486248401,0.0172511642,-5.25232617,1707.23291
0.0343098474,0.124721401,0.00407629669,0.00437052731,0.0180119811,-5.34496503,1706.78472
0.0343409836,0.12675078,0.00413387139,0.00390191868,0.0187492717,-5.43050845,1706.19947
0.0343700311,0.128644026,0.0041475863,0.00346066024,0.0194618966,-5.51030694,1705.47698
0.0343971301,0.13041027,0.00412152273,0.00304938768,0.020148813,-5.58549949,1704.62709
0.0344224112,0.132058033,0.00405988989,0.00266959126,0.0208091409,-5.65698626,1703.66765
0.0344459964,0.133595261,0.00396690784,0.00232182234,0.0214422045,-5.72543,1702.62172
0.0344679996,0.13502937,0.00384671355,0.00200588062,0.0220475535,-5.79127992,1701.51451
0.0344885267,0.136367278,0.00370328775,0.00172098034,0.0226249677,-5.85480927,1700.37084
0.0345076768,0.137615437,0.00354040028,0.00146589482,0.0231744496,-5.91615805,1699.21332
0.0345255423,0.138779867,0.00336157166,0.00123907983,0.0236962095,-5.97537416,1698.06125
0.0345422094,0.139866187,0.00317004845,0.00103877695,0.0241906436,-6.0324488,1696.93024
0.0345577585,0.140879634,0.00296879001,0.000863098655,0.0246583103,-6.08734454,1695.83221
0.0345722644,0.141825099,0.00276046471,0.000710096972,0.0250999046,-6.14001563,1694.77572
0.0345857973,0.14270714,0.00254745342,0.000577817653,0.0255162332,-6.19042171,1693.76651
0.0345984224,0.143530013,0.00233185871,0.0004643421,0.0259081899,-6.23853559,1692.80796
0.0346102006,0.144297686,0.00211551811,0.000367818234,0.026276734,-6.2843482,1691.90162
0.0346211887,0.145013864,0.00190002025,0.0002864836,0.0266228698,-6.32786757,1691.04767
0.0346314397,0.145681998,0.00168672315,0.000218680362,0.0269476293,-6.36911685,1690.24527
0.0346410031,0.146305314,0.00147677302,0.000162863533,0.0272520572,-6.40814288,1689.49287
0.0346499249,0.146886817,0.00127112299,0.00011760559,0.0275371973,-6.44500724,1688.78847
0.0346582482,0.147429312,0.00107055224,8.16007895e-05,0.0278040826,-6.4797704,1688.12977
0.0346660132,0.147935415,0.00087568475,5.3650438e-05,0.0280537264,-6.51253036,1687.51433
0.0346732574,0.148407569,0.000687006839,3.26990211e-05,0.0282871154,-6.54321834,1686.93964
0.0346800155,0.14884805,0.000504883772,1.7738026e-05,0.0285052044,-6.57187559,1686.40324
0.0346863203,0.149258983,0.00032957471,8.25954014e-06,0.0287089127,-6.59796498,1685.9027
0.0346922022,0.14964235,0.000161248342,2.45952681e-06,0.028899121,-6.63009751,1685.43569
0.0346976896,0.15,0,0,0.0290766639,-6.64903043,1685
0.0348109763,0,0,0,-0.0109306466,-0.0775431325,1705.2224
0.0348209299,0.000357650242,-2.12769681e-05,2.63209756e-07,-0.0108612468,-0.0852914243,1705.28877
0.0348315992,0.000741017226,-4.46657685e-05,1.3461048e-06,-0.0107868127,-0.100201432,1705.35926
0.0348430356,0.00115195011,-7.03797553e-05,2.80913125e-06,-0.0107069679,-0.114377902,1705.43405
0.0348552944,0.00159243101,-9.86505089e-05,5.22897503e-06,-0.0106213128,-0.129531495,1705.51332
0.0348684347,0.00206458457,-0.00012972864,8.69702158e-06,-0.0105294167,-0.145678188,1705.59724
0.0348825198,0.0025706882,-0.000163882798,1.34315819e-05,-0.0104308157,-0.162856552,1705.68595
0.0348976176,0.00311318307,-0.000201401081,1.96751289e-05,-0.0103250092,-0.181047215,1705.7796
0.0349138011,0.00369468589,-0.000242591116,2.77245306e-05,-0.0102114568,-0.200302712,1705.87829
0.0349311483,0.00431800152,-0.000287779248,3.79236048e-05,-0.0100895747,-0.220672785,1705.9821
0.0349497428,0.00498613648,-0.000337309079,5.06750111e-05,-0.00995873147,-0.242210193,1706.09107
0.0349696744,0.0057023135,-0.000391539161,6.64485103e-05,-0.00981824353,-0.264969915,1706.20518
0.0349910391,0.00646998704,-0.000450839639,8.57914256e-05,-0.0096673698,-0.289010561,1706.32435
0.03501394,0.00729285993,-0.000515587576,0.000109340113,-0.00950530593,-0.314395043,1706.44844
0.0350384876,0.00817490128,-0.00058616069,0.000137832914,-0.0093311776,-0.341191933,1706.57722
0.0350648003,0.00912036556,-0.000662929175,0.000172124482,-0.00914403304,-0.369477229,1706.71035
0.0350930051,0.0101338132,-0.000746245226,0.000213201517,-0.00894283456,-0.399336693,1706.8474
0.0351232378,0.0112201325,-0.00083642981,0.000262199764,-0.00872644894,-0.430868888,1706.98779
0.0351556445,0.0123845633,-0.000933756171,0.000320422055,-0.00849363667,-0.464189105,1707.13083
0.0351903813,0.0136327222,-0.00103842944,0.000389356977,-0.00824303987,-0.499434355,1707.27564
0.0352276159,0.0149706296,-0.0011505617,0.000470697549,-0.0079731688,-0.536769629,1707.42122
0.0352675278,0.0164047389,-0.00127014162,0.000566358963,-0.00768238699,-0.576395667,1707.56637
0.0353103096,0.0179419674,-0.00139699785,0.00067849401,-0.00736889495,-0.618558452,1707.70971
0.0353561676,0.0195897299,-0.00153075488,0.000809504259,-0.00703071265,-0.663560773,1707.84973
0.035405323,0.0213559743,-0.00167078026,0.00096204424,-0.00666566102,-0.71177611,1707.98469
0.0354580129,0.0232492201,-0.0018161216,0.00113901526,-0.00627134293,-0.763664673,1708.11277
0.0355144915,0.0252785992,-0.00196543204,0.0013435436,-0.00584512379,-0.819792698,1708.23198
0.0355750311,0.0274539002,-0.0021168821,0.00157893704,-0.00538411523,-0.880855444,1708.34026
0.0356399238,0.0297856156,-0.0022680553,0.00184861099,-0.00488515922,-0.947698726,1708.43551
0.0357094827,0.0322849924,-0.00241582724,0.00215597327,-0.00434481599,-1.02134513,1708.51567
0.0357840431,0.0349640862,-0.00255622488,0.00250425377,-0.00375936067,-1.10302312,1708.57879
0.0358639648,0.0378358195,-0.00268426497,0.00289625832,-0.00312478634,-1.19419152,1708.62312
0.0359496332,0.040914044,-0.00279377234,0.00333402831,-0.00243681747,-1.2965595,1708.64726
0.0360414616,0.0442136074,-0.00287718131,0.00381836827,-0.00169093341,-1.41210409,1708.65027
0.0361398929,0.0477504251,-0.00292532338,0.00434822672,-0.000882399396,-1.54305987,1708.63187
0.0362454018,0.0515415566,-0.00292722539,0.00491984136,-6.29582238e-06,-1.69191432,1708.59262
0.0363584973,0.0556052884,-0.0028699356,0.00552570914,0.00094247481,-1.86129659,1708.53398
0.036479725,0.0599612217,-0.00273842119,0.00615315457,0.00196924416,-2.05391751,1708.45848
0.0366096695,0.0646303672,-0.0025156569,0.00678280722,0.00307977341,-2.27226625,1708.36993
0.0367489576,0.0696352464,-0.0021832042,0.00738614551,0.00428072076,-2.51810408,1708.27345
0.0368982612,0.075,-0.00172247005,0.00792678069,0.00558050696,-2.79241232,1708.17547
0.0370475648,0.0803647536,-0.00115934604,0.00833410482,0.00689586863,-3.07571899,1708.08921
0.0371868529,0.0853696328,-0.00055117069,0.00856756162,0.00814223601,-3.34680313,1708.02351
0.0373167974,0.0900387783,7.7113057e-05,0.00863838394,0.00932875263,-3.602356,1707.97743
0.037362877,0,0,0,-0.0117319434,-0.0759813732,1705.60553
0.037377639,0.000357650242,-2.32969834e-05,2.94992871e-07,-0.0116585169,-0.0831810338,1705.66914
0.0373934624,0.000741017226,-4.88427556e-05,1.30994694e-06,-0.0115797453,-0.0972737843,1705.7367
0.0374104236,0.00115195011,-7.68635769e-05,2.80547884e-06,-0.0114952236,-0.11093833,1705.80837
0.0374286044,0.00159243101,-0.000107601547,5.22903656e-06,-0.0114045235,-0.125517046,1705.88434
0.037438025,0.0943947116,0.000704436967,0.0085665571,0.0104643097,-3.84089717,1707.94847
0.0374480925,0.00206458457,-0.00014131882,8.6953661e-06,-0.0113071828,-0.141028062,1705.96475
0.0374689819,0.0025706882,-0.000178296709,1.34198307e-05,-0.011202703,-0.157516249,1706.04976
0.0374913733,0.00311318307,-0.000218837006,1.96434779e-05,-0.0110905455,-0.174984634,1706.13947
0.0375153747,0.00369468589,-0.000263262166,2.76569818e-05,-0.0109701281,-0.193484955,1706.23401
0.037541102,0.00431800152,-0.000311914618,3.77973286e-05,-0.0108408209,-0.213066925,1706.33341
0.0375511206,0.0984584434,0.00131270538,0.00837230218,0.0115569845,-4.062014,1707.93313
0.0375686792,0.00498613648,-0.000365155371,5.04582388e-05,-0.0107019416,-0.233783238,1706.43772
0.0375982394,0.0057023135,-0.000423361798,6.60982158e-05,-0.0105527503,-0.255689178,1706.54691
0.037629925,0.00646998704,-0.000486924325,8.52504623e-05,-0.0103924437,-0.278843845,1706.66087
0.0376566295,0.102249575,0.00188763545,0.00807746107,0.0126136189,-4.26473897,1707.92686
0.037663889,0.00729285993,-0.000556241783,0.000108533813,-0.0102201481,-0.303310951,1706.77946
0.0377002952,0.00817490128,-0.000631715112,0.000136665038,-0.0100349123,-0.329160209,1706.90241
0.0377393191,0.00912036556,-0.000713739087,0.000170472458,-0.00983569904,-0.356469139,1707.02938
0.0377550608,0.105786393,0.0024179996,0.00770384868,0.0136396178,-4.44983882,1707.92337
0.037781149,0.0101338132,-0.000802691634,0.000210910878,-0.00962137498,-0.385325431,1707.15989
0.0378259867,0.0112201325,-0.000898920265,0.000259077745,-0.00939070022,-0.415829999,1707.29334
0.0378468892,0.109085956,0.002895929,0.00727113019,0.0146389097,-4.61815121,1707.91351
0.0378740485,0.0123845633,-0.00100272505,0.000316230312,-0.00914231583,-0.448100912,1707.42899
0.0379255661,0.0136327222,-0.00111433748,0.000383803411,-0.00887473004,-0.482278439,1707.56592
0.0379325576,0.112164181,0.00331607244,0.00679740526,0.0156140408,-4.77054761,1707.88405
0.0379807881,0.0149706296,-0.00123389439,0.000463427288,-0.00858630281,-0.518531367,1707.70306
0.0380124793,0.115035914,0.00367546183,0.00629878616,0.0165663555,-4.90825315,1707.81679
0.0380399808,0.0164047389,-0.00136140627,0.000556944591,-0.00827522873,-0.557064819,1707.83913
0.0380870397,0.117715008,0.00397305709,0.00578905314,0.0174962194,-5.03260968,1707.68959
0.0381034297,0.0179419674,-0.00149671861,0.000666425275,-0.00793951815,-0.598129824,1707.97269
0.0381565985,0.120214384,0.00420941346,0.00527970688,0.0184032571,-5.14513985,1707.47773
0.038171441,0.0195897299,-0.0016394653,0.000794177563,-0.00757697685,-0.64203495,1708.10208
0.0382214913,0.1225461,0.00438640141,0.00478011073,0.0192865809,-5.24746461,1707.15705
0.0382443425,0.0213559743,-0.00178901254,0.000942752465,-0.00718518432,-0.689160308,1708.22547
0.0382820309,0.124721401,0.00450688292,0.00429760079,0.020144997,-5.34116737,1706.70887
0.038322486,0.0232492201,-0.00194439164,0.00111493846,-0.00676147129,-0.739974021,1708.34089
0.0383385095,0.12675078,0.00457445564,0.00383773265,0.0209771793,-5.42775678,1706.12322
0.0383911994,0.128644026,0.00459323541,0.00340449037,0.0217818092,-5.50858236,1705.4004
0.0384062484,0.0252785992,-0.00210421895,0.00131374184,-0.00630289612,-0.795051336,1708.4462
0.0384403548,0.13041027,0.00456766464,0.00300051182,0.0225576803,-5.58477931,1704.55064
0.0384862128,0.132058033,0.00450235119,0.00262730481,0.0233037716,-5.65724249,1703.59206
0.0384960337,0.0274539002,-0.00226660091,0.00154234625,-0.00580622472,-0.855096694,1708.53918
0.0385289946,0.133595261,0.00440193532,0.00228544935,0.0240192943,-5.72662916,1702.54778
0.0385689065,0.13502937,0.00427098214,0.00197478145,0.0247037145,-5.79338378,1701.44303
0.038592275,0.0297856156,-0.00242902128,0.00180404415,-0.00526791017,-0.920967617,1708.61757
0.0386061411,0.136367278,0.00411389748,0.00169455657,0.0253567589,-5.85777604,1700.30251
0.0386408779,0.137615437,0.00393486444,0.00144359196,0.0259784068,-5.91994365,1699.1487
0.0386732846,0.138779867,0.00373779827,0.00122038842,0.0265688726,-5.97993337,1698.00076
0.0386954365,0.0322849924,-0.00258820909,0.00210212895,-0.00468407551,-0.993700573,1708.67915
0.0387035173,0.139866187,0.00352631682,0.00102323234,0.0271285822,-6.03773629,1696.87413
0.0387317221,0.140879634,0.00330372413,0.000850279893,0.0276581458,-6.09331562,1695.78061
0.0387580348,0.141825099,0.0030730046,0.00069962501,0.0281583295,-6.14662682,1694.72867
0.0387825824,0.14270714,0.00283682573,0.000569353115,0.0286300266,-6.19763114,1693.72395
0.0388054833,0.143530013,0.00259754728,0.000457582646,0.0290742309,-6.24630372,1692.76978
0.0388060158,0.0349640862,-0.0027399839,0.00243973421,-0.00405050626,-1.07453908,1708.72184
0.038826848,0.144297686,0.00235723513,0.000362495857,0.0294920117,-6.29263782,1691.86768
0.0388467796,0.145013864,0.00211767854,0.000282361742,0.0298844905,-6.33664329,1691.01778
0.0388653741,0.145681998,0.00188040972,0.00021555073,0.030252822,-6.37834858,1690.21923
0.0388827213,0.146305314,0.00164672428,0.000160544116,0.0305981761,-6.41779958,1689.47049
0.0388989047,0.146886817,0.00141770257,0.000115938448,0.0309217239,-6.45505471,1688.76954
0.0389140026,0.147429312,0.00119423074,8.04492892e-05,0.0312246252,-6.49017961,1688.11409
0.0389245463,0.0378358195,-0.00287907657,0.00281960185,-0.00336264877,-1.16495963,1708.74383
0.0389280877,0.147935415,0.000977020901,5.289705e-05,0.0315080184,-6.52327643,1687.5017
0.038941228,0.148407569,0.000766630543,3.22421594e-05,0.0317730135,-6.55428293,1686.92988
0.0389534868,0.14884805,0.000563480821,1.74916033e-05,0.0320206852,-6.58324305,1686.39617
0.0389649232,0.149258983,0.000367873533,8.14238762e-06,0.0322520689,-6.60963937,1685.89814
0.0389755925,0.14964235,0.000180006745,2.425756e-06,0.0324681573,-6.64190106,1685.43349
0.0389855461,0.15,0,0,0.0326698876,-6.6608109,1685
0.0390515997,0.040914044,-0.00299892613,0.00324375814,-0.00261561925,-1.26669124,1708.74369
0.0391877888,0.0442136074,-0.00309145375,0.00371306342,-0.00180422352,-1.38173286,1708.72061
0.0393337706,0.0477504251,-0.00314681888,0.00422661952,-0.000922984301,-1.51234374,1708.67458
0.0394902491,0.0515415566,-0.00315317443,0.00478093776,3.38333816e-05,-1.66104211,1708.60647
0.0396579792,0.0556052884,-0.00309645709,0.00536896719,0.00107222091,-1.83047239,1708.51823
0.0398377699,0.0599612217,-0.00296021354,0.00597863475,0.0021984931,-2.02340244,1708.41316
0.0400304883,0.0646303672,-0.00272568924,0.00659149462,0.00341950627,-2.24237091,1708.29606
0.0400597819,0,0,0,-0.0125787715,-0.071467332,1706.01042
0.0400792162,0.000357650242,-2.53881798e-05,3.24955901e-07,-0.0125009142,-0.0784494331,1706.07108
0.040100048,0.000741017226,-5.31666215e-05,1.29944506e-06,-0.0124173723,-0.0919895072,1706.13551
0.0401223777,0.00115195011,-8.35727246e-05,2.78200412e-06,-0.01232771,-0.105013949,1706.20385
0.040146313,0.00159243101,-0.000116856367,5.1848984e-06,-0.0122314681,-0.118961987,1706.27627
0.0401719693,0.00206458457,-0.000153289475,8.61593997e-06,-0.0121281505,-0.133807703,1706.35292
0.0401994705,0.0025706882,-0.000193164984,1.32868984e-05,-0.0120172217,-0.149592101,1706.43393
0.0402289491,0.00311318307,-0.000236797455,1.94332114e-05,-0.0118981022,-0.166321945,1706.5194
0.0402370642,0.0696352464,-0.00237241353,0.00717994366,0.00474317317,-2.48927,1708.17323
0.0402605474,0.00369468589,-0.000284523071,2.73378469e-05,-0.0117701652,-0.184049018,1706.60941
0.0402944178,0.00431800152,-0.000336699072,3.73282591e-05,-0.0116327317,-0.202822698,1706.70403
0.0403307236,0.00498613648,-0.000393702465,4.97863318e-05,-0.011485065,-0.222695596,1706.80325
0.0403696399,0.0057023135,-0.000455927871,6.51559561e-05,-0.0113263654,-0.243723202,1706.90703
0.0404113545,0.00646998704,-0.000523784277,8.39524025e-05,-0.0111557632,-0.265965081,1707.01525
0.0404560686,0.00729285993,-0.000597690428,0.000106772643,-0.0109723116,-0.289485718,1707.12773
0.0404584938,0.075,-0.00187931297,0.00770922796,0.00617937696,-2.7648096,1708.05252
0.0405039979,0.00817490128,-0.000678068525,0.000134306956,-0.0107749781,-0.314355932,1707.24419
0.0405553734,0.00912036556,-0.000765335865,0.000167351767,-0.0105626348,-0.340654698,1707.36423
0.0406104432,0.0101338132,-0.000859894006,0.000206823757,-0.010334048,-0.368471514,1707.48735
0.0406694727,0.0112201325,-0.000962114967,0.000253775137,-0.0100878656,-0.397909507,1707.61291
0.0406799234,0.0803647536,-0.00127345364,0.0081099036,0.0076363484,-3.05029433,1707.9497
0.0407327467,0.0123845633,-0.00107232376,0.000309409863,-0.00982260345,-0.429089495,1707.7401
0.0408005704,0.0136327222,-0.00119077655,0.000375100457,-0.00953662963,-0.462155111,1707.86794
0.0408732709,0.0149706296,-0.0013176337,0.000452404935,-0.00922814726,-0.497279132,1707.99529
0.0408864993,0.0853696328,-0.000615800275,0.00834145252,0.00901996969,-3.3230612,1707.87438
0.040951199,0.0164047389,-0.00145292678,0.000543083071,-0.00889517494,-0.534671327,1708.12077
0.0410347305,0.0179419674,-0.00159651825,0.000649110804,-0.00853552547,-0.574588143,1708.24282
0.0410792177,0.0900387783,6.64488592e-05,0.00841549024,0.0103396672,-3.58012173,1707.82454
0.0411242682,0.0195897299,-0.0017480525,0.000772691078,-0.00814678258,-0.617344448,1708.35969
0.0412202442,0.0213559743,-0.00190689676,0.000916258824,-0.00772627603,-0.663327552,1708.4694
0.0412590084,0.0943947116,0.000749905803,0.00835072499,0.0116046914,-3.82051163,1707.79657
0.0413231213,0.0232492201,-0.00207207,0.00108247693,-0.00727105567,-0.713013841,1708.56982
0.0414267385,0.0984584434,0.00141467796,0.00816628788,0.0128235178,-4.04337077,1707.78582
0.0414333957,0.0252785992,-0.00224215772,0.00127421899,-0.00677786405,-0.766988124,1708.65865
0.0415515994,0.0274539002,-0.00241521043,0.00149453281,-0.00624311183,-0.825965801,1708.73352
0.041583217,0.102249575,0.00204476135,0.00788306547,0.0140033586,-4.24799799,1707.7866
0.0416783025,0.0297856156,-0.00258862283,0.0017465776,-0.00566285322,-0.890816944,1708.792
0.0417291988,0.105786393,0.00262774226,0.00752225028,0.01514992,-4.43461876,1707.79155
0.0418141161,0.0322849924,-0.00275899156,0.00203352499,-0.0050327644,-0.962591119,1708.83174
0.0418653879,0.109085956,0.00315454632,0.00710321948,0.0162673462,-4.60445225,1707.79053
0.0419596954,0.0349640862,-0.00292194782,0.00235840951,-0.00434813122,-1.04254718,1708.85057
0.0419924413,0.112164181,0.00361897502,0.00664348484,0.0173583025,-4.75825811,1707.76938
0.0421109718,0.115035914,0.00401745022,0.00615878119,0.0184241621,-4.89733542,1707.7092
0.0421157425,0.0378358195,-0.00307195883,0.00272391286,-0.00360384308,-1.13218056,1708.84664
0.0422215511,0.117715008,0.00434857323,0.00566260456,0.019465242,-5.02301266,1707.58709
0.0422830102,0.040914044,-0.00320210225,0.00313205986,-0.00279439797,-1.23324064,1708.81861
0.0423247126,0.120214384,0.00461272163,0.00516627337,0.0204810581,-5.13678276,1707.37839
0.0424209539,0.1225461,0.00481172816,0.00467898596,0.0214705721,-5.24033286,1707.05943
0.0424623052,0.0442136074,-0.00330381494,0.00358379078,-0.00191391836,-1.34774786,1708.76589
0.0425107392,0.124721401,0.00494856761,0.00420799045,0.0224324156,-5.33526027,1706.6118
0.0425945016,0.12675078,0.00502705858,0.00375878166,0.0233650801,-5.4230625,1706.02613
0.0426544923,0.0477504251,-0.00336661417,0.00407840107,-0.000956175246,-1.47798445,1708.68873
0.0426726451,0.128644026,0.00505162126,0.00333532344,0.0242670693,-5.50508773,1705.30333
0.0427455466,0.13041027,0.00502706363,0.00294025567,0.0251370152,-5.58246591,1704.4541
0.0428135579,0.132058033,0.00495840093,0.00257510694,0.0259737584,-5.65608487,1703.49687
0.0428604986,0.0515415566,-0.00337781061,0.00461273254,8.53900698e-05,-1.62649993,1708.58842
0.0428770068,0.133595261,0.00485070542,0.00224049139,0.0267763992,-5.72659477,1702.45491
0.0429099304,0,0,0,-0.0134737181,-0.0638950778,1706.4383
0.0429341769,0.000357650242,-2.75234588e-05,3.35957158e-07,-0.0133910832,-0.0706695033,1706.4958
0.0429361995,0.13502937,0.00470898454,0.00193628842,0.0275443237,-5.79443402,1701.35341
0.0429601668,0.000741017226,-5.75772404e-05,1.28091595e-06,-0.0133023982,-0.0836662772,1706.55686
0.0429880255,0.00115195011,-9.04061363e-05,2.72832002e-06,-0.0132071944,-0.0960392691,1706.62161
0.0429914215,0.136367278,0.00453808483,0.00166180281,0.0282772094,-5.8598678,1700.21697
0.0430178874,0.00159243101,-0.000126269922,5.08164807e-06,-0.0131049792,-0.109336296,1706.69022
0.0430429391,0.137615437,0.00434261903,0.00141590448,0.0289750169,-5.92303096,1699.0679
0.0430498965,0.00206458457,-0.000165450196,8.43745104e-06,-0.0129952204,-0.123500259,1706.76279
0.0430813177,0.0556052884,-0.00332225412,0.00518026917,0.0012176698,-1.79594975,1708.46762
0.0430842072,0.0025706882,-0.000208250612,1.30013481e-05,-0.0128773426,-0.138567898,1706.83946
0.0430910009,0.138779867,0.00412691369,0.00119714816,0.0296379705,-5.98396892,1697.92517
0.043120985,0.00311318307,-0.0002549973,1.90002331e-05,-0.012750723,-0.154544722,1706.9203
0.0431358386,0.139866187,0.00389497426,0.00100387395,0.0302665314,-6.04267268,1696.80405
0.0431604073,0.00369468589,-0.000306038925,2.6706746e-05,-0.0126146866,-0.171482311,1707.00539
0.0431776685,0.140879634,0.00365046498,0.000834290358,0.0308613685,-6.09910621,1695.7162
0.0432026643,0.00431800152,-0.000361746189,3.64356329e-05,-0.0124685018,-0.189429575,1707.09476
0.0432166924,0.141825099,0.00339670088,0.000686541536,0.0314233255,-6.15322596,1694.66995
0.0432479597,0.00498613648,-0.000422510634,4.85533389e-05,-0.012311374,-0.208438934,1707.18838
0.0432530986,0.14270714,0.00313664944,0.000558760458,0.0319533904,-6.20499452,1693.67085
0.0432870626,0.143530013,0.00287293943,0.000449110091,0.0324526644,-6.25439035,1692.72215
0.0432965121,0.0057023135,-0.000488742576,6.34850346e-05,-0.0121424393,-0.228565911,1707.28619
0.0433180148,0.0599612217,-0.00318209801,0.00576964887,0.00244796672,-1.98915758,1708.3305
0.0433187482,0.144297686,0.00260787544,0.000355814015,0.0329223343,-6.30140853,1691.82533
0.0433483084,0.145013864,0.00234345653,0.000277178861,0.0333636473,-6.34606045,1690.98048
0.0433485556,0.00646998704,-0.000560867933,8.17234026e-05,-0.0119607574,-0.249870352,1707.38804
0.0433758856,0.145681998,0.00208139708,0.000211609786,0.0337778881,-6.38837707,1690.18675
0.0434016128,0.146305314,0.00182314927,0.000157619819,0.0341663603,-6.42840508,1689.44256
0.0434043413,0.00729285993,-0.000639323664,0.00010383829,-0.0117653032,-0.272417308,1707.49371
0.0434256143,0.146886817,0.00156992614,0.000113834062,0.0345303695,-6.46620421,1688.74591
0.0434480057,0.147429312,0.00132272462,7.89939259e-05,0.0348712097,-6.50184181,1688.09452
0.0434641383,0.00817490128,-0.000724551497,0.000130487522,-0.0115549574,-0.296278536,1707.60288
0.0434688951,0.147935415,0.00108234788,5.19430108e-05,0.0351901524,-6.53542099,1687.48594
0.0434883832,0.148407569,0.000849426858,3.1662396e-05,0.0354884376,-6.56688089,1686.9177
0.043506564,0.14884805,0.000624440467,1.71779006e-05,0.0357672667,-6.59626548,1686.38733
0.0435235252,0.149258983,0.000407734566,8.00146042e-06,0.0360277979,-6.62306092,1685.89244
0.0435282349,0.00912036556,-0.00081698959,0.000162428917,-0.0113284959,-0.321534357,1707.71512
0.0435393486,0.14964235,0.000199539317,2.38374536e-06,0.036271142,-6.65561829,1685.43073
0.0435541106,0.15,0,0,0.0364983447,-6.67462887,1685
0.0435717315,0.0646303672,-0.00293687728,0.00636345157,0.00378423368,-2.20875315,1708.18291
0.0435969404,0.0101338132,-0.000917061745,0.000200533661,-0.0110845776,-0.348276023,1707.82987
0.0436705862,0.0112201325,-0.00102516331,0.000245800365,-0.0108217312,-0.376608903,1707.94643
0.0437495274,0.0123845633,-0.00114164323,0.000299370197,-0.0105383392,-0.406656662,1708.06391
0.0438341449,0.0136327222,-0.00126678177,0.000362542931,-0.0102326211,-0.438566412,1708.18128
0.0438436917,0.0696352464,-0.0025640798,0.00693530413,0.00523563436,-2.45665057,1708.03244
0.0439248467,0.0149706296,-0.00140076287,0.000436792856,-0.00990261344,-0.472515014,1708.29727
0.0440220705,0.0164047389,-0.00154364018,0.000523784328,-0.00954614825,-0.508716958,1708.41042
0.0441262851,0.0179419674,-0.00169529522,0.000625385666,-0.00916082911,-0.547434183,1708.51904
0.044135207,0.075,-0.00204004584,0.00745185156,0.0068135023,-2.7336294,1707.88846
0.0442379932,0.0195897299,-0.00185538631,0.000743680062,-0.00874400483,-0.588987948,1708.62123
0.0443577337,0.0213559743,-0.00202328694,0.000880971247,-0.00829274132,-0.633772975,1708.71488
0.0444267224,0.0803647536,-0.00139292775,0.00784537643,0.0084171794,-3.02089478,1707.76927
0.0444860841,0.0232492201,-0.00219801126,0.00103978094,-0.00780379151,-0.682274437,1708.79767
0.0446236635,0.0252785992,-0.00237812402,0.00122283443,-0.00727356546,-0.735087341,1708.86716
0.0446986825,0.0853696328,-0.00068729386,0.0080757788,0.00994265276,-3.29544865,1707.68518
0.0447711354,0.0274539002,-0.00256163301,0.00143302904,-0.00669809961,-0.792938522,1708.9208
0.0449292114,0.0297856156,-0.00274586039,0.00167337788,-0.00607302752,-0.856711716,1708.95603
0.0449523992,0.0900387783,4.76920973e-05,0.0081540796,0.0113996634,-3.55439645,1707.633
0.0450986537,0.0322849924,-0.00292728955,0.00194692052,-0.00539355565,-0.92747176,1708.97039
0.0451890963,0.0943947116,0.000786258031,0.00809767163,0.012797853,-3.79673589,1707.60785
0.0452802797,0.0349640862,-0.0031013862,0.00225658858,-0.00465444431,-1.00648879,1708.96166
0.0454099154,0.0984584434,0.001506696,0.00792481288,0.0141461228,-4.02129733,1707.60379
0.0454749655,0.0378358195,-0.0032623857,0.00260500659,-0.00384999744,-1.09527513,1708.92804
0.0456159217,0.102249575,0.00219139922,0.0076554985,0.0154520851,-4.2277383,1707.61391
0.0456836502,0.040914044,-0.00340303515,0.00299421092,-0.00297406313,-1.19560443,1708.86838
0.0458081089,0.105786393,0.00282659153,0.00730987061,0.0167217783,-4.41615696,1707.62964
0.0459073402,0.0442136074,-0.00351431642,0.0034252502,-0.00202004553,-1.30951653,1708.7823
0.0459220302,0,0,0,-0.0144195175,-0.0528154967,1706.89045
0.0459507911,0.000357650242,-2.96522422e-05,3.30490053e-07,-0.0143315907,-0.0593053666,1706.94444
0.0459816201,0.000741017226,-6.19685384e-05,1.23904443e-06,-0.0142372121,-0.0717006968,1707.00174
0.0459874038,0.109085956,0.00340199476,0.00690686389,0.0179595885,-4.58754881,1707.6397
0.0460146658,0.00115195011,-9.72009704e-05,2.63349184e-06,-0.0141358777,-0.0834499384,1707.06249
0.0460500877,0.00159243101,-0.000135617982,4.90249427e-06,-0.0140270592,-0.0960964891,1707.12682
0.0460880565,0.00206458457,-0.000177510036,8.13477661e-06,-0.0139101852,-0.109575111,1707.19483
0.0461287555,0.0025706882,-0.000223190151,1.25266416e-05,-0.0137846376,-0.123920822,1707.26662
0.0461471146,0.0477504251,-0.00358513803,0.00389765913,-0.000980925222,-1.43931363,1708.67043
0.0461546715,0.112164181,0.00391059766,0.00646353557,0.0191683273,-4.74286814,1707.62889
0.046172381,0.00311318307,-0.000272994516,1.82937645e-05,-0.0136497467,-0.139139292,1707.34226
0.0462191433,0.00369468589,-0.000327282609,2.56950882e-05,-0.0135047865,-0.155281469,1707.4218
0.0462692681,0.00431800152,-0.000386436775,3.5028968e-05,-0.0133489689,-0.172395774,1707.50522
0.0463107186,0.115035914,0.00434818454,0.00599511788,0.0203494233,-4.88335778,1707.5775
0.046322997,0.00498613648,-0.000450861133,4.66422188e-05,-0.0131814375,-0.19053433,1707.59249
0.0463805894,0.0057023135,-0.000520979608,6.09365861e-05,-0.0130012607,-0.209752612,1707.6835
0.0464041299,0.0515415566,-0.00360199608,0.00440867796,0.000150722738,-1.58757488,1708.53467
0.0464423229,0.00646998704,-0.000597232859,7.83768821e-05,-0.0128074229,-0.230110718,1707.77807
0.0464562979,0.117715008,0.00471297913,0.00551481585,0.0215031708,-5.01044496,1707.46188
0.0465084953,0.00729285993,-0.000680073824,9.94998985e-05,-0.0125988164,-0.251674298,1707.87594
0.0465794258,0.00817490128,-0.000769961553,0.000124924454,-0.0123742304,-0.274516015,1707.97673
0.0465921115,0.120214384,0.00500515663,0.00503369695,0.0226290014,-5.12562232,1707.25739
0.0466554566,0.00912036556,-0.000867352908,0.000155362768,-0.0121323394,-0.298717385,1708.07998
0.0466796259,0.0556052884,-0.00354866829,0.00495242038,0.00138273789,-1.75696507,1708.37847
0.0467188146,0.1225461,0.00522648319,0.00456077614,0.0237257493,-5.23053324,1706.94086
0.0467369543,0.0101338132,-0.000972691539,0.000191632299,-0.0118716901,-0.324371292,1708.18504
0.0468243122,0.0112201325,-0.00108639368,0.00023466886,-0.0115906862,-0.351585475,1708.29116
0.0468370183,0.124721401,0.00538003576,0.00410321857,0.0247918933,-5.3268159,1706.49428
0.0469179514,0.0123845633,-0.00120883028,0.000285541225,-0.0112875717,-0.380486722,1708.39736
0.0469472927,0.12675078,0.00546984472,0.0036664511,0.0258257624,-5.41596972,1705.90899
0.0469749313,0.0599612217,-0.00340591809,0.00551835898,0.00272346139,-1.95036373,1708.20693
0.0470183238,0.0136327222,-0.0013403045,0.000345465996,-0.0109604113,-0.411225764,1708.50251
0.0470501698,0.128644026,0.00550062209,0.00325441281,0.0268257015,-5.49933733,1705.18659
0.0471259134,0.0149706296,-0.00148102351,0.00041582275,-0.0106070689,-0.443983594,1708.60524
0.0471461458,0.13041027,0.00547753154,0.00286974732,0.0277901978,-5.57804092,1704.33836
0.0472356835,0.132058033,0.00540598758,0.00251400797,0.0287179687,-5.6529594,1703.38306
0.0472412392,0.0164047389,-0.00163106346,0.000498168772,-0.0102251841,-0.478979591,1708.70397
0.0472914705,0.0646303672,-0.00315157497,0.0060902227,0.0041819965,-2.17050165,1708.02705
0.047319215,0.133595261,0.00529148789,0.00218784875,0.0296080176,-5.72473403,1702.34411
0.0473648575,0.0179419674,-0.00179032666,0.000594252048,-0.00981214496,-0.516481606,1708.79688
0.0473971431,0.13502937,0.00513947676,0.00189119944,0.0304596629,-5.79379558,1701.24668
0.0474698436,0.136367278,0.00495523703,0.00162342197,0.0312725439,-5.86040346,1700.11524
0.0474973645,0.0195897299,-0.00195848945,0.000706023755,-0.00936505922,-0.55681796,1708.88192
0.0475376673,0.137615437,0.00474380753,0.00138344722,0.0320466124,-5.92468875,1698.97192
0.0476009413,0.138779867,0.0045099233,0.0011698924,0.0327821107,-5.98669497,1697.83547
0.0476307705,0.0696352464,-0.00276100734,0.0066432302,0.00576881442,-2.4191913,1707.84779
0.0476393995,0.0213559743,-0.00213493765,0.00083564414,-0.00888072285,-0.60039132,1708.95681
0.0476599708,0.139866187,0.00425797523,0.000981159924,0.0334795433,-6.04641267,1696.72096
0.0477150406,0.140879634,0.00399198635,0.000815519195,0.0341396438,-6.10380597,1695.63987
0.0477664162,0.141825099,0.00371560155,0.000671172858,0.0347633398,-6.15883271,1694.6004
0.0477916474,0.0232492201,-0.00231868851,0.000985480995,-0.00835558543,-0.647695801,1709.01911
0.0478143454,0.14270714,0.00343208772,0.000546309165,0.0353517182,-6.21146013,1693.60797
0.0478590595,0.143530013,0.00314434245,0.000439142716,0.0359059919,-6.26166791,1692.66577
0.0479007741,0.144297686,0.00285490949,0.000347945386,0.0364274692,-6.30945078,1691.77521
0.0479396905,0.145013864,0.00256599833,0.000271068465,0.0369175252,-6.35482462,1690.93635
0.0479548426,0.0252785992,-0.00250829733,0.00115810063,-0.00778571898,-0.699336728,1709.06619
0.0479759962,0.145681998,0.00227950649,0.000206957613,0.037377578,-6.39782381,1690.14831
0.0479944677,0.075,-0.00220787988,0.00714537591,0.00749675664,-2.69771668,1707.68001
0.0480098666,0.146305314,0.00199704365,0.000154162687,0.0378090664,-6.43849643,1689.40952
0.0480414649,0.146886817,0.00171995672,0.000111342177,0.0382134326,-6.47690441,1688.71797
0.0480709435,0.147429312,0.00144935474,7.72675379e-05,0.0385921064,-6.51311747,1688.07136
0.0480984447,0.147935415,0.00118613329,5.08091649e-05,0.0389464932,-6.54724067,1687.46729
0.048124101,0.148407569,0.00093099795,3.09722836e-05,0.0392779639,-6.57921315,1686.90328
0.0481297723,0.0274539002,-0.00270174472,0.00135624117,-0.00716678116,-0.75605225,1709.09538
0.0481480363,0.14884805,0.000684486498,1.68040691e-05,0.0395878478,-6.60907852,1686.37688
0.048170366,0.149258983,0.00044698984,7.83741365e-06,0.0398774261,-6.636317,1685.88571
0.0481911978,0.14964235,0.000218770911,2.33440295e-06,0.0401479286,-6.66925329,1685.42748
0.0482106321,0.15,0,0,0.0404005097,-6.68842718,1685
0.0483172803,0.0297856156,-0.002896301,0.0015827648,-0.00649397991,-0.818738457,1709.10401
0.0483581649,0.0803647536,-0.0015209986,0.0075309488,0.00925571068,-2.98667347,1707.54461
0.0485182711,0.0322849924,-0.0030883624,0.00184057884,-0.00576204775,-0.8884767,1709.08957
0.0486974648,0.0853696328,-0.000768625968,0.0077607248,0.010931161,-3.26285851,1707.45258
0.048733714,0.0349640862,-0.00327325731,0.00213251614,-0.00496521642,-0.966553958,1709.04988
0.0489646483,0.0378358195,-0.00344502366,0.00246116165,-0.00409720237,-1.05448313,1708.9833
0.049014004,0.0900387783,1.80963453e-05,0.00784449556,0.0125331617,-3.52378537,1707.3994
0.0491052836,0,0,0,-0.0154190591,-0.0375479487,1707.36825
0.0491382571,0.000357650242,-3.17065922e-05,3.14610123e-07,-0.0153252913,-0.0437138531,1707.41828
0.0491736015,0.000741017226,-6.62016578e-05,1.17385522e-06,-0.0152246315,-0.0554784531,1707.47135
0.0492114873,0.00115195011,-0.00010374356,2.49147022e-06,-0.0151165378,-0.0666209888,1707.52758
0.0492121878,0.040914044,-0.00359613262,0.00282858788,-0.00315120306,-1.15406095,1708.88887
0.0492520973,0.00159243101,-0.000144607816,4.63588238e-06,-0.0150004431,-0.0786232997,1707.58706
0.0492956273,0.00206458457,-0.000189092358,7.68806066e-06,-0.0148757341,-0.091421677,1707.6499
0.0493093095,0.0943947116,0.000811230655,0.00779813708,0.0140717499,-3.76806741,1707.37877
0.0493422873,0.0025706882,-0.000237518075,1.18317468e-05,-0.0147417466,-0.105050153,1707.71616
0.0493923025,0.00311318307,-0.000290229591,1.72681552e-05,-0.0145977609,-0.119515322,1707.78588
0.0494459139,0.00369468589,-0.00034759544,2.42387082e-05,-0.0144429961,-0.134867312,1707.85907
0.0494775266,0.0442136074,-0.00371716271,0.00323599248,-0.00211990502,-1.26735891,1708.76656
0.0495033803,0.00431800152,-0.000410007743,3.30211046e-05,-0.0142766041,-0.151154071,1707.93571
0.0495649787,0.00498613648,-0.000477881203,4.39377157e-05,-0.0140976627,-0.168427408,1708.01571
0.0495848054,0.0984584434,0.00158723108,0.00763905385,0.0155562632,-3.99435775,1707.3834
0.0496310064,0.0057023135,-0.000551651268,5.73614671e-05,-0.0139051679,-0.186742756,1708.09892
0.0497017818,0.00646998704,-0.000631771185,7.37232695e-05,-0.0136980247,-0.206160476,1708.18512
0.0497619445,0.0477504251,-0.00379645636,0.00368321097,-0.000995500754,-1.39668483,1708.61755
0.0497776463,0.00729285993,-0.000718707678,9.35201481e-05,-0.0134750378,-0.226746832,1708.274
0.0498418207,0.102249575,0.00232675244,0.00738626489,0.0169947319,-4.20261153,1707.40501
0.0498589658,0.00817490128,-0.000812934894,0.000117324459,-0.0132349,-0.248575416,1708.36513
0.0499461325,0.00912036556,-0.000914926196,0.000145794354,-0.0129761794,-0.271728864,1708.45797
0.050039567,0.0101338132,-0.00102514317,0.000179684491,-0.0126973046,-0.296301507,1708.55181
0.0500668135,0.0515415566,-0.00381974988,0.00416795887,0.000230296546,-1.54464097,1708.44445
0.0500815951,0.105786393,0.00301452412,0.00705871077,0.0183935452,-4.39290068,1707.43372
0.0501397198,0.0112201325,-0.00114402163,0.000219858417,-0.0123965492,-0.322403223,1708.64581
0.0502470741,0.0123845633,-0.00127195386,0.000267302222,-0.0120720121,-0.35016366,1708.73891
0.0503052852,0.109085956,0.00363914276,0.0066746838,0.0197573506,-4.56591295,1707.45697
0.0503621477,0.0136327222,-0.00140926585,0.000323138156,-0.0117215975,-0.37973714,1708.82986
0.0503936039,0.0556052884,-0.00376980127,0.00468508023,0.00156626683,-1.71390382,1708.25151
0.0504854956,0.0149706296,-0.00155618881,0.000388639049,-0.0113429906,-0.411309029,1708.91718
0.0505139698,0.112164181,0.00419269681,0.00625074488,0.0210891285,-4.72283274,1707.45839
0.0506177128,0.0164047389,-0.00171282375,0.00046524282,-0.010933632,-0.445103844,1708.99916
0.0507086556,0.115035914,0.00467028384,0.005801597,0.0223903848,-4.86483651,1707.41731
0.0507438921,0.0599612217,-0.00362603467,0.00522500427,0.00302177924,-1.90741135,1708.04482
0.050759437,0.0179419674,-0.00187909765,0.000554565444,-0.0104906879,-0.481395362,1709.07384
0.0508902816,0.117715008,0.00506966085,0.00534004382,0.0236614115,-4.99346863,1707.30954
0.0509113519,0.0195897299,-0.00205470965,0.000658412186,-0.0100110187,-0.520519094,1709.13904
0.051059724,0.120214384,0.00539078356,0.00487687041,0.0249015762,-5.11020589,1707.11015
0.0510741902,0.0213559743,-0.00223906544,0.000778786739,-0.0094911442,-0.562886394,1709.19232
0.0511193677,0.0646303672,-0.0033646187,0.0057727573,0.00460707203,-2.12796886,1707.83251
0.0512177999,0.1225461,0.00563536311,0.00442092931,0.0261096045,-5.21660567,1706.79643
0.0512487373,0.0232492201,-0.00243119802,0.000917892246,-0.00892720541,-0.609000881,1709.23108
0.0513652719,0.124721401,0.00580653027,0.00397924716,0.0272838397,-5.314389,1706.35121
0.0514358352,0.0252785992,-0.00262967054,0.00107812681,-0.00831492965,-0.659478226,1709.2526
0.0515028513,0.12675078,0.00590850457,0.00355718746,0.0284224643,-5.40506832,1705.76655
0.0515218418,0.0696352464,-0.00295876902,0.00630533716,0.00633390033,-2.37730452,1707.62484
0.0516312016,0.128644026,0.00594627897,0.00315865289,0.0295236796,-5.48996256,1705.04488
0.0516363863,0.0274539002,-0.00283245714,0.00126206318,-0.0076495903,-0.715067488,1709.25409
0.0517509421,0.13041027,0.00592536611,0.00278629385,0.0305858414,-5.5701832,1704.19809
0.051851358,0.0297856156,-0.00303680152,0.00147240897,-0.00692596612,-0.776675611,1709.23283
0.0518626502,0.132058033,0.00585157623,0.00244169211,0.0316075569,-5.64659717,1703.24535
0.0519532556,0.075,-0.00237958658,0.00679221404,0.00821657853,-2.65728441,1707.43412
0.0519668649,0.133595261,0.00573083193,0.00212554787,0.0325877444,-5.71983392,1702.21025
0.0520640886,0.13502937,0.00556901621,0.00183784928,0.0335256654,-5.790314,1701.11791
0.0520817872,0.0322849924,-0.00323904613,0.00171194407,-0.00613831123,-0.845395732,1709.18636
0.0521547905,0.136367278,0.00537185166,0.00157802452,0.0344209319,-5.85828897,1699.99266
0.0522394079,0.137615437,0.00514480783,0.00134507523,0.0352734962,-5.92388449,1698.85637
0.0523183492,0.138779867,0.00489303352,0.00113769123,0.0360836282,-5.98714071,1697.72756
0.0523287853,0.0349640862,-0.00343442327,0.00198341324,-0.00528032573,-0.922535798,1709.11262
0.0523846694,0.0803647536,-0.00165605944,0.00716988266,0.0101351788,-2.94777075,1707.28376
0.0523919949,0.139866187,0.00462131077,0.000954347676,0.0368518843,-6.04804549,1696.62107
0.0524607004,0.140879634,0.00433402705,0.000793385223,0.0375790711,-6.10656222,1695.54815
0.052469416,0,0,0,-0.0164753966,-0.0175175584,1707.87316
0.0525061707,0.000357650242,-3.36004823e-05,2.89002276e-07,-0.0163751631,-0.0233325779,1707.91866
0.0525247971,0.141825099,0.00403516195,0.000653074883,0.038266208,-6.16265441,1694.51685
0.0525455682,0.000741017226,-7.00992628e-05,1.08250684e-06,-0.0162675536,-0.0344508448,1707.96689
0.052584594,0.14270714,0.00372828637,0.000531669591,0.0389144884,-6.21629013,1693.53246
0.0525877986,0.00115195011,-0.000109759289,2.29414959e-06,-0.0161519859,-0.0450082617,1708.01794
0.0525935437,0.0378358195,-0.0036168107,0.00228937803,-0.00434513637,-1.00962279,1709.01018
0.0526330655,0.00159243101,-0.000152861614,4.2665465e-06,-0.0160278511,-0.056381786,1708.07189
0.0526403797,0.143530013,0.00341657163,0.000427444793,0.0395252441,-6.26744607,1692.59808
0.0526815874,0.00206458457,-0.000199710065,7.07211322e-06,-0.0158944908,-0.0685155845,1708.12879
0.0526924233,0.144297686,0.00310280498,0.000338729687,0.0400999112,-6.31612037,1691.71504
0.0527335982,0.0025706882,-0.000250631731,1.08783711e-05,-0.0157511912,-0.0814428613,1708.1887
0.0527409757,0.145013864,0.00278940989,0.000263928589,0.0406399998,-6.36233197,1690.88338
0.0527862711,0.145681998,0.00247847008,0.000201535649,0.0411470667,-6.40611676,1690.10218
0.0527871435,0.0853696328,-0.00085988754,0.00740001593,0.0119643859,-3.22540691,1707.18525
0.0527893488,0.00311318307,-0.000305977888,1.58683748e-05,-0.0155971791,-0.0951715393,1708.25161
0.052828528,0.146305314,0.00217175552,0.000150145029,0.0416226921,-6.44752523,1689.36986
0.0528491082,0.00369468589,-0.000366124243,2.22617289e-05,-0.0154316148,-0.109750674,1708.31751
0.0528679503,0.146886817,0.00187074933,0.000108455404,0.0420684598,-6.48662179,1688.68442
0.0528773396,0.040914044,-0.00377845483,0.00263197999,-0.00332528867,-1.10843628,1708.87841
0.0529047281,0.147429312,0.00157667477,7.5274516e-05,0.0424859405,-6.52347829,1688.04357
0.0529131645,0.00431800152,-0.000431470699,3.03107103e-05,-0.0152535862,-0.12522771,1708.38632
0.0529390388,0.147935415,0.00129052168,4.95050153e-05,0.0428766784,-6.55820173,1687.44491
0.0529710479,0.148407569,0.00101307196,3.01823398e-05,0.04324218,-6.59072355,1686.88597
0.0529818268,0.00498613648,-0.000502440485,4.03078924e-05,-0.0150621012,-0.14165417,1708.45793
0.0530009098,0.14884805,0.000744923804,1.63799508e-05,0.043583906,-6.62108542,1686.36433
0.0530287685,0.149258983,0.000486514497,7.66289967e-06,0.0439032652,-6.64877067,1685.87763
0.0530547585,0.14964235,0.000238139685,2.26114555e-06,0.0442016095,-6.68216497,1685.42357
0.0530554263,0.0057023135,-0.000579478458,5.25914055e-05,-0.0148560789,-0.15908542,1708.53214
0.0530790049,0.15,0,0,0.0444802061,-6.70157626,1685
0.0531343178,0.00646998704,-0.00066304831,6.75516493e-05,-0.0146343406,-0.17758197,1708.60866
0.0531626191,0.0900387783,-2.4269497e-05,0.00749083935,0.0137146064,-3.48822504,1707.13262
0.0531815417,0.0442136074,-0.00390959956,0.00301261955,-0.00221275129,-1.22106658,1708.71778
0.0532188821,0.00729285993,-0.000753628412,8.56386202e-05,-0.0143955986,-0.197210613,1708.68714
0.0533095269,0.00817490128,-0.000851705938,0.000107370229,-0.0141384443,-0.218045831,1708.76707
0.0534066895,0.00912036556,-0.000957769024,0.000133341574,-0.0138613342,-0.240171758,1708.84785
0.0535076173,0.0477504251,-0.00399807876,0.00343149927,-0.000998929511,-1.34986191,1708.5301
0.0535108386,0.0101338132,-0.00107229635,0.000164235197,-0.0135625742,-0.263685092,1708.92869
0.0535129073,0.0943947116,0.000820932508,0.00745662791,0.0153963054,-3.73432797,1707.11813
0.0536224765,0.0112201325,-0.00119574303,0.00020083239,-0.0132403019,-0.288698371,1709.00864
0.0537421417,0.0123845633,-0.00132852263,0.000244025454,-0.0128924666,-0.315344085,1709.08655
0.0538396977,0.0984584434,0.00165027565,0.00731371088,0.0170192896,-3.9624396,1707.13308
0.0538571394,0.0515415566,-0.00402892627,0.00388689524,0.000325323346,-1.49743,1708.31871
0.0538704114,0.0136327222,-0.00147098474,0.000294830746,-0.0125168062,-0.343780149,1709.16107
0.0540079042,0.0149706296,-0.00162338667,0.000354402282,-0.0121108223,-0.374196548,1709.23059
0.0541445667,0.102249575,0.00244269688,0.00707999507,0.0185920363,-4.17242675,1707.16779
0.0541552835,0.0164047389,-0.00178585799,0.000424046044,-0.0116717516,-0.406823322,1709.29328
0.0542317937,0.0556052884,-0.00398393603,0.00437448693,0.00176972409,-1.66645394,1708.08871
0.05431326,0.0179419674,-0.00195835631,0.000505233734,-0.0111965339,-0.441940357,1709.34703
0.0544289846,0.105786393,0.00318151129,0.00677336281,0.0201213165,-4.36447782,1707.21101
0.0544825958,0.0195897299,-0.00214061254,0.000599613333,-0.0106817781,-0.479889769,1709.38953
0.0546333874,0.0599612217,-0.00384124608,0.00488579565,0.00334466407,-1.8599281,1707.84713
0.0546641076,0.0213559743,-0.00233206499,0.000709022667,-0.0101237243,-0.521090486,1709.41823
0.0546943234,0.109085956,0.00385414155,0.0064111783,0.0216120725,-4.53921634,1707.24879
0.054858671,0.0232492201,-0.00253177745,0.000835492041,-0.00951820285,-0.566055014,1709.43041
0.0549418629,0.112164181,0.00445171703,0.00600939694,0.0230674871,-4.69776911,1707.26354
0.0550638577,0.0646303672,-0.00357538418,0.00540732961,0.0050615069,-2.08069745,1707.60313
0.0550672244,0.0252785992,-0.00273833925,0.00098124232,-0.00886059423,-0.615409341,1709.42325
0.0551727972,0.115035914,0.00496866279,0.00558222198,0.0244891782,-4.84138295,1707.23362
0.0552907737,0.0274539002,-0.00294974553,0.00114867988,-0.00814578592,-0.669913429,1709.39394
0.0553882401,0.117715008,0.0054022467,0.00514200457,0.0258774715,-4.97154796,1707.1343
0.0555252807,0.0696352464,-0.00315736687,0.00591789446,0.00693327505,-2.33054639,1707.36818
0.0555303974,0.0297856156,-0.00316324688,0.00134036219,-0.00736812887,-0.730484142,1709.3398
0.0555892308,0.120214384,0.00575217872,0.0046992572,0.0272317056,-5.08987292,1706.94025
0.0557767389,0.1225461,0.00602008707,0.00426260799,0.0285505324,-5.19792616,1706.62934
0.0557872511,0.0322849924,-0.00337516926,0.00155894843,-0.00652140131,-0.798222504,1709.2585
0.0559516686,0.124721401,0.00620912401,0.00383892103,0.0298321925,-5.29734299,1706.18552
0.0560198823,0.075,-0.00255582104,0.0063887703,0.0089757295,-2.61157598,1707.15593
0.0560247053,0,0,0,-0.0175917575,0.007881003,1708.4067
0.0560625738,0.0349640862,-0.00358069781,0.00180711727,-0.00559877556,-0.874444078,1709.14819
0.0560647854,0.000357650242,-3.52194391e-05,2.52129335e-07,-0.0174843883,0.00243933732,1708.44701
0.0561077475,0.000741017226,-7.34264782e-05,9.61089636e-07,-0.017369113,-0.0080275751,1708.48969
0.0561148639,0.12675078,0.00632367717,0.00343351753,0.0310747535,-5.38967177,1705.60158
0.0561537988,0.00115195011,-0.000114886658,2.03322254e-06,-0.0172453055,-0.0180331685,1708.53479
0.0562031614,0.00159243101,-0.000159884956,3.77950351e-06,-0.0171123124,-0.0288048385,1708.58236
0.0562560733,0.00206458457,-0.000208729318,6.26260231e-06,-0.0169694263,-0.0403013115,1708.63243
0.0562671117,0.128644026,0.00636900291,0.003050266,0.0322763014,-5.47622548,1704.88084
0.0563127899,0.0025706882,-0.00026175119,9.62980555e-06,-0.0168158807,-0.0525555739,1708.68502
0.0563576935,0.0378358195,-0.00377360726,0.00208742935,-0.00459279447,-0.960700623,1709.00776
0.0563735847,0.00311318307,-0.00031930659,1.40418852e-05,-0.0166508446,-0.0655774592,1708.74008
0.0564091466,0.13041027,0.00635094124,0.00269182492,0.0334350875,-5.55810118,1704.03588
0.0564387509,0.00369468589,-0.000381776497,1.96918443e-05,-0.016473416,-0.0794149877,1708.79757
0.0565086029,0.00431800152,-0.00044956674,2.68011891e-05,-0.0162826144,-0.0941154028,1708.85735
0.0565144839,0.0803647536,-0.00179953016,0.00675898573,0.0110587452,-2.90333858,1706.99221
0.0565416537,0.132058033,0.00627567961,0.00235981148,0.034549632,-5.63615059,1703.08629
0.0565834775,0.00498613648,-0.000523107143,3.56267037e-05,-0.0160773734,-0.109729995,1708.91927
0.0566637361,0.0057023135,-0.0006028501,4.64650894e-05,-0.0158565309,-0.126314157,1708.98306
0.056665272,0.133595261,0.00614954903,0.00205498091,0.0356187895,-5.71098925,1702.05581
0.0566740337,0.040914044,-0.00394595851,0.00240214446,-0.00349535943,-1.0587565,1708.83705
0.0567497655,0.00646998704,-0.000689268109,5.96588886e-05,-0.0156188194,-0.143928721,1709.04841
0.0567805978,0.13502937,0.00597885633,0.00177738968,0.036641783,-5.78302589,1700.96951
0.0568419809,0.00729285993,-0.000782849744,7.56029531e-05,-0.0153628543,-0.162640671,1709.11486
0.0568881874,0.136367278,0.00576975047,0.00152654282,0.0376182127,-5.85250313,1699.85152
0.056940827,0.00817490128,-0.000884094127,9.47527985e-05,-0.0150871205,-0.182523877,1709.18186
0.056975907,0.0853696328,-0.00096313902,0.00699060867,0.013045877,-3.18238458,1706.88877
0.0569885598,0.137615437,0.00552811945,0.00130152368,0.0385480456,-5.91954012,1698.72345
0.0570131203,0.0442136074,-0.00408774161,0.00275291815,-0.00229773098,-1.17068505,1708.63712
0.0570467806,0.00912036556,-0.000993503459,0.000117631475,-0.0147899578,-0.203668337,1709.2487
0.057082199,0.138779867,0.00525951482,0.00110110585,0.0394315904,-5.98417236,1697.60351
0.0571603528,0.0101338132,-0.00111157274,0.000144837208,-0.0144695441,-0.226174027,1709.31452
0.0571695568,0.139866187,0.00496909984,0.000923847948,0.0402694649,-6.04638766,1696.5063
0.0572510546,0.140879634,0.00466161713,0.000768170984,0.0410625569,-6.10615551,1695.44282
0.0572820914,0.0112201325,-0.00123877641,0.000177057638,-0.0141238762,-0.25015019,1709.37828
0.0573270854,0.141825099,0.00434137274,0.00063242301,0.0418119832,-6.16343737,1694.42094
0.0573765887,0.0477504251,-0.00418636462,0.00314038269,-0.000990539023,-1.29887786,1708.41046
0.0573980159,0.14270714,0.00401223494,0.000514930992,0.0425190489,-6.21819602,1693.44582
0.0574063772,0.0900387783,-8.19242721e-05,0.00709022778,0.014947917,-3.44683408,1706.83816
0.0574125835,0.0123845633,-0.00137555101,0.000215081535,-0.0137507481,-0.275732991,1709.43873
0.0574641883,0.143530013,0.00367764271,0.000414040174,0.0431852083,-6.27041432,1692.52042
0.0575259218,0.144297686,0.00334062109,0.000328143944,0.0438120282,-6.32009664,1691.64603
0.0575524587,0.0136327222,-0.00152227284,0.000259807963,-0.013347727,-0.303086155,1709.49438
0.0575835142,0.145013864,0.00300380283,0.000255705356,0.0444011549,-6.36726357,1690.82263
0.0576372431,0.145681998,0.00266945386,0.000195272651,0.0449542853,-6.41195312,1690.04928
0.0576873679,0.146305314,0.00233950102,0.00014548924,0.0454731414,-6.45421837,1689.3244
0.0577023915,0.0149706296,-0.00167922984,0.000312259909,-0.0129121259,-0.332404448,1709.54354
0.0577341302,0.146886817,0.00201556083,0.000105098364,0.0459594486,-6.49412633,1688.64596
0.0577661923,0.0515415566,-0.00422620571,0.00356348559,0.000436209005,-1.44594902,1708.16115
0.0577777557,0.147429312,0.00169896849,7.29477445e-05,0.0464149181,-6.53175164,1688.01172
0.057807971,0.0943947116,0.000812384649,0.00707052264,0.0167757881,-3.69459378,1706.83118
0.0578184547,0.147935415,0.00139080634,4.79761059e-05,0.0468412317,-6.5672016,1687.41925
0.0578564235,0.148407569,0.00109193126,2.9250948e-05,0.0472400306,-6.60040786,1686.86614
0.0578631052,0.0164047389,-0.00184658643,0.000373599229,-0.0124409731,-0.363922775,1709.58422
0.0578918454,0.14884805,0.000803000968,1.5877862e-05,0.047612906,-6.63142552,1686.34996
0.0579248911,0.149258983,0.000524499515,7.42564896e-06,0.0479613924,-6.6598622,1685.86836
0.0579557201,0.14964235,0.000256756243,2.11816119e-06,0.0482869624,-6.69355017,1685.41909
0.057984481,0.15,0,0,0.0485909951,-6.7128529,1685
0.058035375,0.0179419674,-0.00202433982,0.000445140881,-0.0119309782,-0.397927399,1709.61423
0.0581826253,0.0984584434,0.00169248355,0.00694644954,0.0185397924,-3.92443838,1706.85768
0.0581838103,0.0556052884,-0.00418816882,0.00401884135,0.00199315039,-1.61458034,1707.89504
0.0582200317,0.0195897299,-0.00221226607,0.000528366403,-0.0113784951,-0.434767577,1709.63112
0.0584179662,0.0213559743,-0.00240985265,0.000624938095,-0.0107794811,-0.474869393,1709.63225
0.0585321473,0.102249575,0.00253565928,0.00673464981,0.0202488791,-4.13608403,1706.90657
0.0586301331,0.0232492201,-0.0026162149,0.000736706049,-0.010129455,-0.518752639,1709.61485
0.0586314569,0.0599612217,-0.00404916564,0.00449921116,0.00369167907,-1.8078124,1707.61999
0.0588575558,0.0252785992,-0.00282999508,0.000865713541,-0.00942344971,-0.567051032,1709.57608
0.058858223,0.105786393,0.00332377941,0.00645195045,0.0219102321,-4.32980309,1706.96517
0.0591013313,0.0274539002,-0.00304923873,0.00101419669,-0.00865596719,-0.620533035,1709.51317
0.0591112914,0.0646303672,-0.00378208725,0.00499274137,0.00554425949,-2.02848324,1707.34605
0.0591624251,0.109085956,0.00404304154,0.00611468201,0.023529122,-4.5062538,1707.01814
0.0593626354,0.0297856156,-0.00327124247,0.00118456902,-0.00782093316,-0.680123974,1709.42359
0.0594462209,0.112164181,0.00468362582,0.00573806105,0.0251089666,-4.66644712,1707.04661
0.0596256284,0.0696352464,-0.00335576787,0.00548012008,0.00756514809,-2.27857173,1707.08572
0.0596427285,0.0322849924,-0.00349236373,0.00137938596,-0.0069116538,-0.746930119,1709.30521
0.0597109793,0.115035914,0.00523925709,0.00533575195,0.026651533,-4.81169079,1707.02793
0.0597820134,0,0,0,-0.0187715522,0.0391074752,1708.97051
0.0598249373,0.000357650242,-3.64248417e-05,2.03394214e-07,-0.0186563317,0.0340563117,1709.00485
0.0598709476,0.000741017226,-7.58984426e-05,8.06486285e-07,-0.018532625,0.0242360604,1709.04114
0.0599202663,0.00115195011,-0.000118686705,1.70115232e-06,-0.0183997599,0.0147395113,1709.07939
0.0599429616,0.0349640862,-0.00370779093,0.00160128146,-0.00592077928,-0.822264569,1709.15653
0.0599579775,0.117715008,0.00570670543,0.00491968264,0.0281572184,-4.94346017,1706.93681
0.0599731313,0.00159243101,-0.000165076747,3.16073383e-06,-0.0182570345,0.00453131211,1709.11962
0.0600297975,0.00206458457,-0.000215378851,5.23635849e-06,-0.018103689,-0.00636794345,1709.16182
0.0600905382,0.0025706882,-0.000269926946,8.05058441e-06,-0.0179389004,-0.0179910339,1709.20596
0.0601556466,0.00311318307,-0.000329079911,1.17378051e-05,-0.0177617762,-0.0303489842,1709.25198
0.0601769485,0.075,-0.00273630484,0.00593471767,0.00977150626,-2.56024493,1706.85396
0.0601884066,0.120214384,0.00608534974,0.00449998461,0.0296253707,-5.06348996,1706.7478
0.0602254365,0.00369468589,-0.000393222021,1.64587666e-05,-0.0175713475,-0.0434942936,1709.29976
0.0602647829,0.0378358195,-0.00391126162,0.0018528576,-0.00484027593,-0.907683636,1708.97688
0.0603002446,0.00431800152,-0.000462763044,2.23971091e-05,-0.0173665614,-0.0574709396,1709.34913
0.0603804318,0.00498613648,-0.000538137818,2.97682581e-05,-0.0171462725,-0.0723247231,1709.39987
0.0604033783,0.1225461,0.006376711,0.00408505193,0.031054605,-5.17332726,1706.43944
0.0604663848,0.0057023135,-0.000619804912,3.88210017e-05,-0.0169092331,-0.0881171074,1709.45167
0.0605585182,0.00646998704,-0.00070824437,4.98410691e-05,-0.0166540821,-0.104909176,1709.50412
0.0606039294,0.124721401,0.00658397495,0.00368163798,0.0324430958,-5.27448446,1705.99667
0.0606097447,0.040914044,-0.00409471277,0.0021365239,-0.00366141007,-1.00498405,1708.76668
0.0606572765,0.00729285993,-0.000803954368,6.31599475e-05,-0.0163793329,-0.122764323,1709.55672
0.0607282687,0.0803647536,-0.00195196255,0.00629830231,0.0120226825,-2.85294735,1706.67878
0.060763136,0.00817490128,-0.00090744606,7.91621289e-05,-0.0160833589,-0.14175861,1709.60883
0.0607910273,0.12675078,0.0067116466,0.00329496976,0.0337888293,-5.36858533,1705.41324
0.0608766073,0.00912036556,-0.00101923605,9.8287805e-05,-0.0157643785,-0.161988626,1709.65967
0.0609655744,0.128644026,0.00676521755,0.00292890014,0.035089808,-5.45694935,1704.69343
0.0609795108,0.0442136074,-0.00424792412,0.00245426535,-0.00237474475,-1.11615033,1708.52762
0.0609982377,0.0101338132,-0.00113983673,0.000121040956,-0.0154204362,-0.183553221,1709.70828
0.0611284127,0.13041027,0.00675083374,0.00258609199,0.0363442072,-5.54063463,1703.85057
0.0611286139,0.0112201325,-0.00126974411,0.000148005254,-0.015049383,-0.20656237,1709.75351
0.0612426056,0.0853696328,-0.00107988392,0.00653291102,0.0141708483,-3.1331743,1706.57206
0.0612683647,0.0123845633,-0.00140942122,0.000179853339,-0.0146488532,-0.2311565,1709.79402
0.0612803276,0.132058033,0.00667503887,0.00226820901,0.037550486,-5.62047312,1702.90467
0.0613758649,0.0477504251,-0.00435801131,0.00280721181,-0.00097014652,-1.24358959,1708.26284
0.0614181643,0.0136327222,-0.00155927638,0.00021735478,-0.0142162384,-0.257503816,1709.82822
0.0614220519,0.133595261,0.00654455259,0.00197607115,0.038707458,-5.69706411,1701.8796
0.0615542691,0.13502937,0.00636608763,0.00170981382,0.0398143279,-5.7708029,1700.80032
0.0615787352,0.0149706296,-0.00171963579,0.00026138999,-0.0137486589,-0.285803859,1709.8543
0.061677617,0.136367278,0.00614620309,0.00146902984,0.0408707017,-5.84192188,1699.69074
0.0617224402,0.0900387783,-0.000157225105,0.00664339652,0.0162272208,-3.39892073,1706.52486
0.0617508519,0.0164047389,-0.00189070921,0.000312965565,-0.0132429308,-0.316296855,1709.87019
0.0617926905,0.137615437,0.0058911911,0.00125289563,0.0418765752,-5.91053219,1698.57213
0.0618007187,0.0515415566,-0.00440878439,0.00319507648,0.000563209954,-1.39000472,1707.97708
0.0619000448,0.138779867,0.00560699347,0.00106027932,0.0428323089,-5.97666466,1697.4624
0.0619353446,0.0179419674,-0.00207254699,0.000373229509,-0.0126955304,-0.349275107,1709.87359
0.0620001977,0.139866187,0.0052991429,0.00088983302,0.0437385919,-6.04031067,1696.37581
0.0620936321,0.140879634,0.00497272648,0.000740069076,0.0445964014,-6.1014386,1695.32313
0.0621331032,0.0195897299,-0.00226498613,0.000443486703,-0.0121025542,-0.385094527,1709.86198
0.0621700868,0.0943947116,0.000782437488,0.00664077894,0.0182032147,-3.64809623,1706.52647
0.0621807989,0.141825099,0.00463236885,0.000609422934,0.0454069588,-6.16000364,1694.312
0.0622561215,0.0556052884,-0.00438025419,0.00361553909,0.00223686816,-1.55801398,1707.67681
0.0622621183,0.14270714,0.00428222867,0.000496304849,0.0461716859,-6.21597422,1693.34743
0.0623379828,0.143530013,0.00392600564,0.000399138015,0.0468921633,-6.26933954,1692.43227
0.0623450816,0.0213559743,-0.00246758327,0.000525214728,-0.0114596751,-0.42418828,1709.83268
0.0624087582,0.144297686,0.00356695699,0.000316387631,0.0475700913,-6.32010467,1691.56771
0.0624747859,0.145013864,0.00320792024,0.000246583273,0.0482072547,-6.36829295,1690.7537
0.0625363844,0.145681998,0.00285133988,0.000188334103,0.0488054915,-6.41394574,1689.98927
0.0625723023,0.0232492201,-0.00267953262,0.000620078918,-0.0107620995,-0.467082757,1709.78292
0.0625877047,0.0984584434,0.00170998756,0.00653842812,0.0201096562,-3.87944848,1706.5653
0.0625938507,0.146305314,0.00249929669,0.000140338931,0.0493666657,-6.45711903,1689.27283
0.0626474622,0.146886817,0.00215353837,0.000101391106,0.0498926447,-6.4978828,1688.60235
0.0626974773,0.147429312,0.00181551042,7.03836777e-05,0.0503852793,-6.53631439,1687.97559
0.0627441374,0.147935415,0.0014863865,4.62946134e-05,0.0508463885,-6.57252285,1687.39016
0.0627442699,0.0599612217,-0.00424816981,0.0040627411,0.00406320865,-1.750674,1707.37048
0.0627876674,0.148407569,0.00116709766,2.82321106e-05,0.051277747,-6.60640284,1686.84365
0.0628158611,0.0252785992,-0.00289956338,0.000729945708,-0.0100045156,-0.514416428,1709.70992
0.0628282774,0.14884805,0.000858360819,1.53361116e-05,0.051681075,-6.638004,1686.33365
0.0628661632,0.149258983,0.000560706621,7.23486628e-06,0.0520580314,-6.66699063,1685.85785
0.0629015076,0.14964235,0.000274501018,1.95507432e-06,0.0524102083,-6.70148009,1685.41401
0.062934481,0.15,0,0,0.0527390951,-6.72128411,1685
0.0629773083,0.102249575,0.00260106937,0.00635156873,0.0219559967,-4.09264163,1706.62886
0.063076933,0.0274539002,-0.0031258107,0.000856886838,-0.00918104186,-0.566960766,1709.61107
0.0632675185,0.0646303672,-0.00398379037,0.00452659427,0.00605577755,-1.97085645,1707.06885
0.0633407768,0.105786393,0.00343610552,0.00609585668,0.0237498632,-4.28790925,1706.703
0.0633567772,0.0297856156,-0.00335566029,0.001003177,-0.00828518242,-0.62564381,1709.48407
0.0636567436,0.0322849924,-0.00358555606,0.00117128702,-0.0073097773,-0.691572421,1709.32715
0.0636798634,0.109085956,0.00420008805,0.00578660257,0.0254968878,-4.46594945,1706.77099
0.0637528194,0,0,0,-0.0200183853,0.0765483436,1709.56631
0.063798078,0.000357650242,-3.70424014e-05,1.42355336e-07,-0.0198945519,0.0718961817,1709.59379
0.0638283911,0.0696352464,-0.0035537973,0.00498981367,0.00823003864,-2.22077396,1706.78532
0.0638465909,0.000741017226,-7.71577579e-05,6.15346693e-07,-0.0197615999,0.062704561,1709.62272
0.0638985922,0.00115195011,-0.000120609993,1.29006246e-06,-0.0196188074,0.0536650967,1709.6531
0.0639543326,0.00159243101,-0.000167686266,2.39587427e-06,-0.0194654206,0.0439670132,1709.68488
0.0639782789,0.0349640862,-0.00381075325,0.00136383576,-0.00624696215,-0.766053515,1709.13923
0.0639962036,0.112164181,0.00488222313,0.00543817813,0.0272007627,-4.62776626,1706.81267
0.064014081,0.00206458457,-0.000218697085,3.96908334e-06,-0.0193006237,0.0336089639,1709.71803
0.0640781256,0.0025706882,-0.000273977132,6.10364279e-06,-0.0191235333,0.0225628428,1709.75247
0.0641467753,0.00311318307,-0.000333886511,8.90265731e-06,-0.018933191,0.0108088326,1709.78807
0.0642203612,0.00369468589,-0.000398811279,1.24887314e-05,-0.0187285571,-0.00170452386,1709.82469
0.0642913233,0.115035914,0.00547548596,0.00506362395,0.028863445,-4.77466276,1706.80444
0.0642992383,0.00431800152,-0.000469163808,1.70024977e-05,-0.0185085018,-0.0150195978,1709.86209
0.0643229341,0.0378358195,-0.00402502058,0.0015835105,-0.00508813588,-0.850629012,1708.92022
0.0643837871,0.00498613648,-0.000545382752,2.26103858e-05,-0.0182717963,-0.0291818708,1709.89999
0.0644295932,0.075,-0.00292168831,0.00542809713,0.0106045154,-2.50262952,1706.53611
0.0644744153,0.0057023135,-0.000627932057,2.95051199e-05,-0.0180171022,-0.0442537742,1709.93801
0.064566646,0.117715008,0.00597612242,0.00467441495,0.0304854463,-4.90812864,1706.72052
0.0645715601,0.00646998704,-0.000717299031,3.7908403e-05,-0.0177429603,-0.0602969899,1709.97568
0.06467569,0.00729285993,-0.000813991522,4.80791632e-05,-0.0174477769,-0.0773762364,1710.01242
0.0646923717,0.040914044,-0.00422026643,0.00183292093,-0.00382394014,-0.947119533,1708.67114
0.0647873074,0.00817490128,-0.000918533374,6.03188878e-05,-0.0171298096,-0.0955709043,1710.04751
0.0648234997,0.120214384,0.00638315778,0.00428031091,0.0320661668,-5.02982639,1706.53561
0.0649069506,0.00912036556,-0.0010314578,7.49748355e-05,-0.0167871498,-0.114975126,1710.08009
0.0650307952,0.0803647536,-0.00211476357,0.00578601927,0.0130276996,-2.79581206,1706.35129
0.0650351968,0.0101338132,-0.0011532986,9.24490978e-05,-0.0164177045,-0.135688715,1710.1091
0.0650631233,0.1225461,0.00669797047,0.00388949382,0.033604228,-5.14146678,1706.22891
0.0650883736,0.0442136074,-0.00438609291,0.00211441916,-0.00244425175,-1.05752235,1708.39431
0.0651726644,0.0112201325,-0.00128457832,0.000113209784,-0.0160191741,-0.157830659,1710.13331
0.0652866727,0.124721401,0.00692375199,0.00350855083,0.0350977798,-5.24454725,1705.7864
0.0653200166,0.0123845633,-0.00142579247,0.000137799322,-0.0155890287,-0.181544007,1710.15128
0.0654779641,0.0136327222,-0.00157738937,0.000166845548,-0.0151244807,-0.206998253,1710.16134
0.0654952261,0.12675078,0.00706508509,0.0031426,0.0365447661,-5.34054785,1705.20295
0.0655128499,0.0477504251,-0.00450938753,0.00242972062,-0.000938185481,-1.18404908,1708.09342
0.0655916678,0.0853696328,-0.00121217631,0.00602535203,0.0153401163,-3.07678857,1706.24278
0.0656472689,0.0149706296,-0.00173974417,0.000201075326,-0.0146224539,-0.234396434,1710.16157
0.0656897895,0.128644026,0.00712765439,0.0027955093,0.0379431422,-5.43083632,1704.48387
0.0658287474,0.0164047389,-0.00191312567,0.00024132946,-0.0140795499,-0.263983571,1710.14986
0.0658713013,0.13041027,0.00711788536,0.00246995795,0.0392910403,-5.51645922,1703.64324
0.0659678481,0.0515415566,-0.00457351651,0.00277943292,0.000705905155,-1.32942534,1707.77367
0.066023275,0.0179419674,-0.00209765446,0.000288579284,-0.0134920094,-0.296056673,1710.12384
0.0660406371,0.132058033,0.0070426511,0.00216765906,0.0405868881,-5.5982226,1702.70148
0.0661149164,0.0900387783,-0.000252791502,0.00614904374,0.0175534429,-3.34344608,1706.20013
0.0661986136,0.133595261,0.00690903637,0.00188950697,0.041829484,-5.67670449,1701.68253
0.0662317902,0.0195897299,-0.00229325044,0.000343944927,-0.012855671,-0.33097641,1710.08097
0.0663459928,0.13502937,0.00672413776,0.00163572699,0.0430180369,-5.75228289,1700.61123
0.0664552985,0.0213559743,-0.00249956705,0.000408715027,-0.0121659235,-0.369180857,1710.01861
0.0664555627,0.0556052884,-0.00455763494,0.00316239767,0.00250045893,-1.49647178,1707.44192
0.0664834857,0.136367278,0.00649490417,0.00140601201,0.0441521773,-5.82517572,1699.51115
0.0666030648,0.0943947116,0.000728004038,0.00616629951,0.0196796131,-3.59371411,1706.21109
0.0666117553,0.137615437,0.00622801332,0.00119964375,0.0452319462,-5.89548441,1698.40322
0.0666948782,0.0232492201,-0.00271590896,0.000484367429,-0.0114176617,-0.411201009,1709.93406
0.0667314205,0.138779867,0.00592977986,0.00101559612,0.0462577684,-5.96324248,1697.30497
0.0668430584,0.139866187,0.00560608988,0.000852625265,0.0472304155,-6.02843898,1696.23032
0.0669472075,0.140879634,0.00526236136,0.000709345791,0.0481509621,-6.0910317,1695.18975
0.0669516848,0.0252785992,-0.00294112932,0.000572589564,-0.010605232,-0.457678027,1709.82472
0.0669783464,0.0599612217,-0.00443636508,0.00357426404,0.00445883254,-1.68815228,1707.10696
0.0670443701,0.141825099,0.00490352482,0.000584291547,0.0490207401,-6.1509814,1694.19066
0.0670584676,0.0984584434,0.00169932317,0.00608873265,0.021730001,-3.82629532,1706.26263
0.0671350149,0.14270714,0.00453401718,0.000475964785,0.0498412927,-6.20826474,1693.23788
0.0672195792,0.143530013,0.00415778891,0.000382874306,0.0506143296,-6.26287116,1692.33414
0.067226957,0.0274539002,-0.00317350198,0.000675299228,-0.00972237568,-0.509382726,1709.68822
0.0672984708,0.144297686,0.00377832094,0.000303565129,0.0513416864,-6.31480796,1691.48056
0.0673720702,0.145013864,0.00339864803,0.000236640429,0.0520252868,-6.36410205,1690.67702
0.0674407325,0.145681998,0.00302138678,0.000180776547,0.0526671096,-6.41079809,1689.92253
0.0674833214,0.102249575,0.002635179,0.00593003358,0.023714585,-4.04082295,1706.34077
0.0675047888,0.146305314,0.00264876649,0.000134733415,0.0532691603,-6.45495496,1689.21548
0.0675220225,0.0297856156,-0.00341055803,0.000794650794,-0.00876218067,-0.56723797,1709.52264
0.0675387207,0.0646303672,-0.00417936379,0.00400683722,0.00659564247,-1.90734352,1706.78001
0.0675645482,0.146886817,0.00228266148,9.73595971e-05,0.0538334459,-6.49664565,1688.55386
0.0676202988,0.147429312,0.00192462384,6.75982286e-05,0.0543619554,-6.53594989,1687.93543
0.0676723096,0.147935415,0.00157591563,4.4470038e-05,0.0548566426,-6.57298015,1687.35783
0.0677208315,0.148407569,0.00123753997,2.71291555e-05,0.0553194127,-6.60758076,1686.81865
0.0677660984,0.14884805,0.000910270809,1.47503826e-05,0.0557521126,-6.6397734,1686.31554
0.0678083288,0.149258983,0.000594680221,7.06251491e-06,0.0561565224,-6.66915383,1685.84618
0.0678383047,0.0322849924,-0.00364888519,0.000933041385,-0.00771702911,-0.632342871,1709.32665
0.0678477263,0.14964235,0.000291165097,1.84273716e-06,0.0565343507,-6.70486701,1685.40837
0.0678796755,0.105786393,0.00351454936,0.0057045518,0.0256414617,-4.23750071,1706.42994
0.067884481,0.15,0,0,0.0568871951,-6.72569595,1685
0.0679492546,0,0,0,-0.021336066,0.120261438,1710.19591
0.06799631,0.000357650242,-3.68656439e-05,6.97879878e-08,-0.0212028151,0.116010826,1710.21553
0.0680467489,0.000741017226,-7.67810395e-05,3.86804729e-07,-0.0210597577,0.107409787,1710.23604
0.0681008146,0.00115195011,-0.000120005508,7.93670051e-07,-0.0209061192,0.0987606344,1710.25738
0.0681393885,0.0696352464,-0.00375115908,0.00444505839,0.00892754225,-2.15650032,1706.4753
0.0681587679,0.00159243101,-0.00016682439,1.47265165e-06,-0.0207410903,0.0895192079,1710.27948
0.068177329,0.0349640862,-0.00388387525,0.00109310548,-0.00657855177,-0.705991055,1709.09975
0.0682208883,0.00206458457,-0.000217546681,2.44308393e-06,-0.0205637955,0.0796374053,1710.30226
0.0682494417,0.109085956,0.00432119614,0.00542652273,0.0275166593,-4.41701252,1706.51202
0.0682874754,0.0025706882,-0.000272506013,3.7631479e-06,-0.0203732864,0.0690948492,1710.32557
0.0683588504,0.00311318307,-0.000332062131,5.49856091e-06,-0.0201685353,0.0578660077,1710.34926
0.0684353577,0.00369468589,-0.000396601746,7.72854163e-06,-0.0199484271,0.0459065896,1710.3731
0.0685173662,0.00431800152,-0.000466539159,1.05455038e-05,-0.0197117505,0.0331708578,1710.39681
0.0685407308,0.0378358195,-0.00410940572,0.00127765353,-0.0053375911,-0.789693805,1708.84244
0.0685944034,0.112164181,0.00504332421,0.00510943312,0.0293441834,-4.58038511,1706.56563
0.0686052715,0.00498613648,-0.000542316331,1.40583458e-05,-0.0194571889,0.019607821,1710.42004
0.0686994976,0.0057023135,-0.000624402564,1.83949065e-05,-0.0191833088,0.00516115891,1710.44233
0.0687832472,0.075,-0.00311258385,0.00486717058,0.0114743903,-2.43792868,1706.21035
0.068800499,0.00646998704,-0.000713293254,2.37054006e-05,-0.0188885478,-0.0102314611,1710.46316
0.0689087629,0.00729285993,-0.00080950736,3.01664852e-05,-0.0185712011,-0.0266400285,1710.48187
0.0689162247,0.115035914,0.0056731301,0.00476563527,0.0311262219,-4.7289126,1706.56629
0.068930263,0.040914044,-0.0043174445,0.0014895714,-0.00398417566,-0.885229768,1708.55635
0.0690248115,0.00817490128,-0.000913583735,3.79860251e-05,-0.0182294051,-0.0441438446,1710.49764
0.0691492045,0.00912036556,-0.00102607587,4.74088693e-05,-0.0178611205,-0.0628335014,1710.50954
0.0692164578,0.117715008,0.00620629993,0.00440609499,0.0328634454,-4.86409058,1706.48787
0.0692825419,0.0101338132,-0.00114754398,5.87237485e-05,-0.0174641119,-0.0828138822,1710.51644
0.0693478043,0.0442136074,-0.00449752163,0.00173159522,-0.0025075076,-0.994673906,1708.2443
0.069425467,0.0112201325,-0.00127854415,7.22714604e-05,-0.0170359255,-0.104207736,1710.51703
0.0694271059,0.0803647536,-0.00228940049,0.00522054558,0.0140734966,-2.73100736,1706.01734
0.0694965509,0.120214384,0.00664148429,0.0040402544,0.0345553525,-4.98754145,1706.30537
0.069578669,0.0123845633,-0.00141961406,8.84545641e-05,-0.0165738638,-0.127159918,1710.50978
0.069742887,0.0136327222,-0.00157125447,0.00010774894,-0.0160749566,-0.151843128,1710.49296
0.069757855,0.1225461,0.00697982557,0.0036759946,0.0362006161,-5.10108483,1705.99883
0.0697953688,0.0477504251,-0.00463623208,0.00200618861,-0.000895960441,-1.12007106,1707.91034
0.0699189131,0.0149706296,-0.001733905,0.000130717257,-0.0155359295,-0.178464871,1710.46461
0.0700016305,0.124721401,0.00722449185,0.00331973758,0.0377974055,-5.20624231,1705.55532
0.0700277737,0.0853696328,-0.00136218323,0.00546651547,0.01655347,-3.01216082,1705.9082
0.0701075962,0.0164047389,-0.00190791252,0.000158024595,-0.0149531676,-0.207275401,1710.42256
0.0702290532,0.12675078,0.00738013936,0.00297654601,0.0393436644,-5.30431822,1704.971
0.0702751153,0.0515415566,-0.0047166522,0.00231487634,0.000862924912,-1.26405098,1707.55984
0.0703098465,0.0179419674,-0.00209349099,0.000190456825,-0.014322676,-0.238576827,1710.36448
0.0704412201,0.128644026,0.00745258906,0.00265025465,0.040837339,-5.39668252,1704.25223
0.0705266397,0.0195897299,-0.00229067106,0.00022894206,-0.0136400361,-0.272733959,1710.28787
0.070588148,0.0900387783,-0.000371404208,0.00560595196,0.0189264747,-3.27924031,1705.87093
0.0706391546,0.13041027,0.00744852699,0.0023435946,0.0422765535,-5.48439938,1703.41383
0.0707590212,0.0213559743,-0.00249923596,0.000274575242,-0.0129003562,-0.310187186,1710.1902
0.0707893578,0.0556052884,-0.00471730181,0.00265769722,0.00278247658,-1.42969909,1707.19969
0.0708238114,0.132058033,0.00737512762,0.00205833244,0.0436597351,-5.56823499,1702.47657
0.0709960811,0.133595261,0.00723980599,0.00179545242,0.0449856943,-5.64874388,1701.46443
0.0710081121,0.0232492201,-0.00271864049,0.00032864563,-0.0120982224,-0.351467418,1710.06895
0.0711109317,0.0943947116,0.000645801774,0.00564604269,0.021204982,-3.5301816,1705.8917
0.0711567948,0.13502937,0.00705001273,0.00155528368,0.0462536677,-5.72628671,1700.40203
0.0712751138,0.0252785992,-0.00294790838,0.000392666611,-0.0112276435,-0.397212507,1709.92182
0.0713067277,0.136367278,0.00681306141,0.00133763296,0.0474633305,-5.80106683,1699.31258
0.0713405768,0.0599612217,-0.00461155378,0.00303210619,0.00487702474,-1.6198719,1706.83873
0.0714466028,0.137615437,0.00653599435,0.00114189822,0.0486147852,-5.87318297,1698.21657
0.0715613142,0.0274539002,-0.00318550221,0.00046840676,-0.0102819917,-0.448185256,1709.74681
0.0715770949,0.138779867,0.00622547884,0.000967171448,0.0497085349,-5.94266937,1697.1311
0.0715986463,0.0984584434,0.00165680908,0.00559648641,0.0234009298,-3.76364052,1705.9559
0.0716988335,0.139866187,0.00588773658,0.000812325252,0.0507454439,-6.00950507,1696.06972
0.0718124057,0.140879634,0.00552850203,0.000676086409,0.0517266928,-6.07364712,1695.04257
0.0718680937,0.0297856156,-0.0034291591,0.000557919701,-0.00925394856,-0.505293488,1709.54248
0.0719183593,0.141825099,0.00515299754,0.00055709743,0.0526537305,-6.13506207,1694.05682
0.0719314311,0.0646303672,-0.00436743801,0.00343183807,0.00716225498,-1.83738723,1706.48845
0.0720172054,0.14270714,0.0047659264,0.000453962322,0.0535282255,-6.19372703,1693.11709
0.0720536445,0.102249575,0.00263400135,0.00546931279,0.0255248411,-3.97921571,1706.04806
0.0721094208,0.143530013,0.00437147987,0.000365284967,0.0543520199,-6.24963464,1692.22599
0.0721954503,0.144297686,0.00397335392,0.000289698492,0.0551270859,-6.30279653,1691.38453
0.0721969322,0.0322849924,-0.00367567906,0.000663553367,-0.00813544874,-0.569615369,1709.30806
0.0722757088,0.145013864,0.00357477328,0.000225886863,0.0558554865,-6.35324347,1690.59255
0.0723505834,0.145681998,0.00317852061,0.000172600192,0.0565393412,-6.40102395,1689.84902
0.0723841399,0,0,0,-0.0227286199,0.170079698,1710.86123
0.0724204354,0.146305314,0.00278696881,0.000128665276,0.0571807951,-6.44620082,1689.15233
0.0724324235,0.000357650242,-3.56501618e-05,-1.30741708e-08,-0.0225851093,0.166199997,1710.87188
0.0724781208,0.105786393,0.00355489951,0.00527745783,0.0275853073,-4.17708657,1706.15115
0.0724841789,0.000741017226,-7.42671807e-05,1.16954629e-07,-0.0224310467,0.158135106,1710.88279
0.0724856016,0.146886817,0.00240211494,9.29911223e-05,0.0577819939,-6.4888506,1688.50047
0.0725396558,0.00115195011,-0.000116103256,2.04293598e-07,-0.0222656016,0.149814189,1710.89383
0.0725463964,0.147429312,0.00202561464,6.4574573e-05,0.058345062,-6.52905735,1687.89122
0.0725494157,0.0349640862,-0.00392066429,0.000787983455,-0.00691763009,-0.642418898,1709.04369
0.0725647706,0.0696352464,-0.0039473477,0.0038442665,0.00965600594,-2.08502766,1706.16392
0.0725991217,0.00159243101,-0.000161440014,3.78737715e-07,-0.0220879056,0.14095474,1710.90489
0.072603113,0.147935415,0.0016588161,4.24869403e-05,0.0588720854,-6.56693437,1687.32224
0.0726560249,0.148407569,0.00130279303,2.59185256e-05,0.0593650976,-6.60238354,1686.79115
0.0726628635,0.00206458457,-0.000210583176,6.37947583e-07,-0.0218970194,0.131473805,1710.91584
0.0727053875,0.14884805,0.000958375303,1.40865762e-05,0.0598260686,-6.63545202,1686.2956
0.0727311887,0.0025706882,-0.000263863635,9.99210277e-07,-0.021691926,0.121350823,1710.92649
0.0727514388,0.149258983,0.000626175835,6.6708167e-06,0.0602568971,-6.66586345,1685.83334
0.0727944009,0.14964235,0.000306620873,1.76821581e-06,0.0606594048,-6.70133246,1685.40216
0.0728044267,0.00311318307,-0.000321639332,1.48515236e-06,-0.0214715239,0.110562832,1710.93661
0.072834481,0.15,0,0,0.0610352951,-6.72140327,1685
0.0728741226,0.109085956,0.00440201358,0.00503399669,0.0295887836,-4.35792047,1706.24569
0.0728829309,0.00369468589,-0.000384296635,2.12592615e-06,-0.0212346184,0.0990663463,1710.94592
0.0729272444,0.0378358195,-0.00415817926,0.000934182394,-0.00559079118,-0.725177056,1708.75045
0.0729670799,0.00431800152,-0.000452251521,2.95793262e-06,-0.0209799127,0.0868136839,1710.95407
0.0730572797,0.00498613648,-0.000525950306,4.02617011e-06,-0.0207059976,0.0737534226,1710.96065
0.0731539652,0.0057023135,-0.000605869489,5.38632301e-06,-0.0204113403,0.0598292381,1710.96514
0.0732436502,0.075,-0.00330942668,0.00425040352,0.0123794602,-2.36525782,1705.88419
0.0732435602,0.112164181,0.00516250873,0.00475148314,0.0315396251,-4.52275045,1706.30915
0.0732576029,0.00646998704,-0.000692514975,7.10747605e-06,-0.0200942711,0.044977138,1710.96692
0.0733322408,0.040914044,-0.00438031985,0.00110535822,-0.00414436,-0.819591975,1708.43046
0.0733686926,0.00729285993,-0.00078642069,9.27515551e-06,-0.0197529692,0.029125016,1710.96527
0.0734877702,0.00817490128,-0.000888145923,1.19952195e-05,-0.0193854462,0.0121923369,1710.95932
0.0735882155,0.115035914,0.00582775879,0.00444153529,0.0334402929,-4.67287614,1706.31634
0.07361541,0.00912036556,-0.000998271011,1.53991934e-05,-0.018989528,-0.00591335414,1710.94803
0.0737522278,0.0101338132,-0.00111739098,1.9650476e-05,-0.0185628335,-0.0252996352,1710.93024
0.0737663583,0.0442136074,-0.00457667141,0.00130476148,-0.00256687532,-0.927716071,1708.08684
0.0738988833,0.0112201325,-0.00124610651,2.49519106e-05,-0.0181027515,-0.0460925341,1710.90454
0.0739097508,0.117715008,0.00639283798,0.00411456783,0.0352916628,-4.80979885,1706.24102
0.0739225298,0.0803647536,-0.00247723394,0.00460042603,0.0151584338,-2.65747576,1705.68376
0.0740560841,0.0123845633,-0.00138501171,3.15552027e-05,-0.0176064143,-0.0684409667,1710.86939
0.0742097171,0.120214384,0.00685597618,0.00377965785,0.0370933792,-4.93512487,1706.05867
0.0742245884,0.0136327222,-0.00153467699,3.97729004e-05,-0.0170706679,-0.0925204399,1710.82301
0.0742316909,0.0477504251,-0.00473361488,0.00153557136,-0.000845977854,-1.05179314,1707.72367
0.074405209,0.0149706296,-0.00169562485,4.99925825e-05,-0.0164920384,-0.118538716,1710.76344
0.0744895613,0.1225461,0.00721803641,0.00344443163,0.0388442142,-5.05054733,1705.75016
0.0745558693,0.0853696328,-0.00153206164,0.00485505112,0.0178093435,-2.93811498,1705.57464
0.074598817,0.0164047389,-0.00186830101,6.26947092e-05,-0.0158666953,-0.146747307,1710.68854
0.0747304832,0.0515415566,-0.00483390219,0.00180029371,0.0010316001,-1.19402068,1707.34608
0.0747506333,0.124721401,0.00748209756,0.00311513028,0.0405424022,-5.15783148,1705.30394
0.0748063463,0.0179419674,-0.00205303891,7.84731685e-05,-0.0151904096,-0.177450109,1710.59605
0.0749941921,0.12675078,0.00765290273,0.00279675799,0.0421859304,-5.25817988,1704.71759
0.075028798,0.0195897299,-0.00225001194,9.80596362e-05,-0.0144585084,-0.211011353,1710.48363
0.0751467235,0.0900387783,-0.000515888551,0.00501288068,0.0203448537,-3.20501484,1705.5432
0.0752214128,0.128644026,0.00773636853,0.00249313472,0.0437727767,-5.35269209,1703.99851
0.075265141,0.0556052884,-0.00485561471,0.00210036097,0.00308007716,-1.35740519,1706.96058
0.075267245,0.0213559743,-0.00245917217,0.000122354175,-0.0136658239,-0.247868834,1710.34895
0.0754333912,0.13041027,0.00773933346,0.00220703408,0.045301094,-5.44260005,1703.16222
0.0755228375,0.0232492201,-0.00268017072,0.00015245995,-0.0128066407,-0.288547773,1710.18981
0.0756311498,0.132058033,0.00766923912,0.00194030088,0.0467693416,-5.52866896,1702.22978
0.0756979425,0.0943947116,0.00053246175,0.00507888554,0.0227779803,-3.45611486,1705.57386
0.0757968083,0.0252785992,-0.00291225502,0.000189722816,-0.0118746388,-0.333676672,1710.00429
0.0758156425,0.133595261,0.00753381558,0.00169400371,0.0481763707,-5.61137699,1701.22512
0.0758382432,0.0599612217,-0.00477095174,0.00243517003,0.00531476468,-1.54527186,1706.57573
0.0759877592,0.13502937,0.00734084972,0.0014685967,0.0495214701,-5.69104654,1700.17256
0.0760904789,0.0274539002,-0.00315413808,0.000235774514,-0.0108628312,-0.384004155,1709.79094
0.0761483301,0.136367278,0.00709800283,0.00126401288,0.05080438,-5.76786294,1699.09486
0.0762121851,0.0984584434,0.00157864698,0.0050606885,0.0251212305,-3.69002352,1705.65032
0.0762981297,0.137615437,0.00681265897,0.00107978118,0.0520252821,-5.84193412,1698.01202
0.0764052658,0.0297856156,-0.00340383071,0.00029257837,-0.00976350506,-0.440416933,1709.54887
0.0764378805,0.138779867,0.00649181235,0.000915125366,0.053184771,-5.9132853,1696.94066
0.0764525542,0.0646303672,-0.00454615179,0.00280049248,0.00775242979,-1.76031135,1706.20324
0.0765682567,0.139866187,0.00614200131,0.000769045844,0.0542838151,-5.98187937,1695.89389
0.0766898871,0.140879634,0.00576925883,0.00064039613,0.0553237095,-6.04768106,1694.88152
0.0766919316,0.102249575,0.00259341649,0.00496852459,0.0273856821,-3.90630247,1705.75549
0.0767426873,0.0322849924,-0.00365842363,0.000362462916,-0.00856816118,-0.503960012,1709.27798
0.0768033584,0.141825099,0.00537908395,0.000527937897,0.056306026,-6.11066065,1693.91042
0.0769092178,0.14270714,0.00497643355,0.000430386936,0.0572325631,-6.17079775,1692.98502
0.0770079761,0.143530013,0.00456572837,0.000346451525,0.0581052979,-6.22808901,1692.10777
0.0770710245,0,0,0,-0.0242003017,0.225246444,1711.56431
0.0771001096,0.144297686,0.00415086976,0.000274861112,0.0589263406,-6.2825505,1691.27959
0.0771043711,0.0349640862,-0.00391380901,0.00044816726,-0.00726745878,-0.575856766,1708.97901
0.077111037,0.0696352464,-0.00414149995,0.00318626612,0.0104121105,-2.00555416,1705.85908
0.0771199354,0.000357650242,-3.31101502e-05,-1.04717068e-07,-0.0240456615,0.221690801,1711.5648
0.0771394961,0.105786393,0.00355280862,0.0048138103,0.0295804392,-4.10510439,1705.87082
0.0771723633,0.000741017226,-6.90320908e-05,-1.93500489e-07,-0.023879665,0.214103145,1711.56481
0.0771860626,0.145013864,0.00373526433,0.000214387932,0.0596978939,-6.33421751,1690.50026
0.077228561,0.00115195011,-0.000108008935,-4.75662368e-07,-0.0237014226,0.20605605,1711.56419
0.0772662498,0.145681998,0.00332185413,0.00016386249,0.0604222169,-6.38314295,1689.76873
0.0772887996,0.00159243101,-0.000150316653,-8.81259045e-07,-0.0235100028,0.197488421,1711.56276
0.0773410579,0.146305314,0.00291315023,0.00012218432,0.0611015934,-6.42939425,1689.08337
0.0773533696,0.00206458457,-0.000196256231,-1.44184759e-06,-0.0233043988,0.188322657,1711.56032
0.0774108478,0.146886817,0.00251126816,8.83279923e-05,0.0617383055,-6.47305213,1688.44218
0.0774225825,0.0025706882,-0.000246155227,-2.18288232e-06,-0.0230835214,0.178530465,1711.55665
0.0774759561,0.147429312,0.00211796395,6.13486593e-05,0.0623346109,-6.51420503,1687.84297
0.0774920616,0.0378358195,-0.00416432,0.000552860005,-0.00585116678,-0.657523826,1708.65355
0.0774967721,0.00311318307,-0.000300369839,-3.13061085e-06,-0.022846191,0.168081807,1711.55143
0.0775366969,0.147935415,0.00173466969,4.03721325e-05,0.0628927251,-6.55296894,1687.2834
0.0775570374,0.109085956,0.00443804107,0.00460837379,0.0317124089,-4.28708102,1705.97553
0.0775762963,0.00369468589,-0.000359286631,-4.31152142e-06,-0.0225911294,0.156928621,1711.54434
0.0775933631,0.148407569,0.00136252807,2.4628144e-05,0.0634148066,-6.58930915,1686.76113
0.077646228,0.14884805,0.0010024248,1.33759354e-05,0.0639029458,-6.62329877,1686.27385
0.0776615387,0.00431800152,-0.000423323859,-5.75374087e-06,-0.0223169499,0.145025069,1711.53496
0.0776955467,0.149258983,0.000655017844,6.25812275e-06,0.0643591568,-6.65468906,1685.81932
0.0777415571,0.14964235,0.000320769766,1.747599e-06,0.064785371,-6.68996465,1685.39539
0.0777529104,0.00498613648,-0.000492932705,-7.48453045e-06,-0.0220221471,0.13233054,1711.5228
0.077784481,0.15,0,0,0.0651833951,-6.70938915,1685
0.0778168678,0.075,-0.00351241494,0.00357654599,0.0133163253,-2.28362893,1705.56431
0.0778508522,0.0057023135,-0.000568598531,-9.5276118e-06,-0.0217050845,0.118793171,1711.50728
0.0779076289,0.040914044,-0.00440227297,0.000680101108,-0.00430812563,-0.750598657,1708.30399
0.0779465695,0.112164181,0.00523519457,0.0043637785,0.0337863311,-4.45325659,1706.04607
0.0779558364,0.00646998704,-0.00065084154,-1.19022501e-05,-0.0213639813,0.104343443,1711.48771
0.0780683696,0.00729285993,-0.000740216059,-1.46227079e-05,-0.0209968972,0.088905404,1711.46331
0.0781889943,0.00817490128,-0.000837308768,-1.76945632e-05,-0.0206017155,0.0723965637,1711.43314
0.0783099713,0.115035914,0.00593476565,0.00409086894,0.0358049836,-4.60494221,1706.05675
0.0783182926,0.00912036556,-0.00094273583,-2.11095306e-05,-0.0201761241,0.0547220248,1711.39613
0.0783530775,0.0442136074,-0.00461740225,0.000833766312,-0.0026262208,-0.857024326,1707.9334
0.078456888,0.0101338132,-0.00105713809,-2.48399363e-05,-0.019717594,0.0357719168,1711.35103
0.0785226987,0.0803647536,-0.00267947278,0.00392436512,0.0162791036,-2.57404264,1705.35622
0.0786054491,0.0112201325,-0.00118117374,-2.88317381e-05,-0.0192233547,0.0154186418,1711.29644
0.0786489957,0.117715008,0.00653115228,0.00379947401,0.0377694922,-4.74363462,1705.98142
0.0787646925,0.0123845633,-0.00131550772,-3.299342e-05,-0.0186903674,-0.0064807495,1711.23078
0.0788305559,0.0477504251,-0.00479606885,0.0010176862,-0.000792365596,-0.97918293,1707.54541
0.0789353862,0.0136327222,-0.00146079694,-3.71824937e-05,-0.0181152941,-0.0300892862,1711.15231
0.0789652778,0.120214384,0.00702211319,0.00349824871,0.0396796961,-4.87091849,1705.79631
0.0791183535,0.0149706296,-0.00161767208,-4.1189081e-05,-0.0174944629,-0.0556247866,1711.05912
0.0791811815,0.0853696328,-0.00172390331,0.00418965236,0.0191043885,-2.85333523,1705.24698
0.0792603434,0.1225461,0.00740820922,0.00319461171,0.0415345158,-4.98837599,1705.4833
0.0793144771,0.0164047389,-0.00178671276,-4.47215729e-05,-0.01682383,-0.0833591331,1710.94918
0.0793423673,0.0515415566,-0.00492052572,0.00123564097,0.00120751818,-1.11917373,1707.14443
0.0795247029,0.0179419674,-0.00196841179,-4.73861341e-05,-0.0160989363,-0.11360098,1710.8204
0.0795356156,0.124721401,0.00769230475,0.0028946428,0.0433322988,-5.09775304,1705.03235
0.079750045,0.0195897299,-0.00216312939,-4.86527574e-05,-0.0153148607,-0.14671449,1710.67067
0.0797924222,0.12675078,0.00787916526,0.002603258,0.0450711212,-5.20059781,1704.4426
0.0797954925,0.0900387783,-0.00068908156,0.00436853181,0.0218053427,-3.11933315,1705.22125
0.0798909803,0.0556052884,-0.00496848649,0.00149038624,0.00338855137,-1.27953547,1706.73612
0.0799915901,0.0213559743,-0.00237103335,-4.78196599e-05,-0.0144661668,-0.183128194,1710.49802
0.0800320018,0.128644026,0.00797485721,0.00232420645,0.0467490352,-5.29778692,1703.72247
0.0802505036,0.0232492201,-0.00259202228,-4.39697767e-05,-0.0135468479,-0.22335022,1710.30068
0.0802555102,0.13041027,0.00798633823,0.00206028261,0.0483642605,-5.39016216,1702.88809
0.0803685946,0.0943947116,0.000384537462,0.00446356421,0.0243955179,-3.3699786,1705.26149
0.0804640253,0.132058033,0.00792126106,0.00181350763,0.0499153226,-5.47857357,1701.96076
0.0804790412,0.0599612217,-0.00491122341,0.00178319219,0.00576704801,-1.4639543,1706.32852
0.0805280341,0.0252785992,-0.00282562669,-3.591992e-05,-0.0125502671,-0.267987822,1710.07727
0.080658553,0.133595261,0.00778760711,0.00158508721,0.0514011429,-5.56354042,1700.96426
0.0808255204,0.0274539002,-0.00307087379,-2.21651449e-05,-0.0114690916,-0.317760372,1709.82695
0.0808400315,0.13502937,0.00759346276,0.00137559633,0.0528210874,-5.64538316,1699.9225
0.0809032524,0.0984584434,0.00146090837,0.00448012901,0.0268879812,-3.60382965,1705.34942
0.0810093362,0.136367278,0.00734681369,0.0011850961,0.0541749831,-5.72432982,1698.85771
0.0811093865,0.0646303672,-0.00471304305,0.00211237204,0.0083608884,-1.67549932,1705.9335
0.0811443973,0.0297856156,-0.00332610875,-8.1970096e-07,-0.0102952294,-0.373513815,1709.54953
0.0811672837,0.137615437,0.00705534359,0.00101325249,0.0554631078,-5.80048042,1697.78933
0.081314636,0.138779867,0.00672635283,0.000859425479,0.0566861625,-5.87379861,1696.73343
0.0814020447,0.102249575,0.00250912991,0.00442652735,0.0292943634,-3.82040658,1705.46616
0.0814521036,0.139866187,0.0063666788,0.000722762429,0.0578452305,-5.94424739,1695.70267
0.0814862031,0.0322849924,-0.00358878342,3.04468894e-05,-0.00901976391,-0.436239469,1709.24555
0.0815803497,0.140879634,0.00598263584,0.000602256699,0.05894173,-6.01179943,1694.70644
0.0816999929,0.141825099,0.00557998515,0.00049679996,0.059977362,-6.07642694,1693.75134
0.0817850565,0.0696352464,-0.00433221636,0.00247045564,0.0111903487,-1.9172373,1705.56831
0.0818116103,0.14270714,0.00516392469,0.000405230517,0.0609540592,-6.13811311,1692.84156
0.0818525862,0.0349640862,-0.00385516915,7.44626301e-05,-0.00763289243,-0.507096352,1708.9163
0.0818673773,0.105786393,0.00350372128,0.0043125442,0.0316242894,-4.01983113,1705.59158
0.0819157403,0.143530013,0.00473909413,0.00032637028,0.0618739361,-6.19685921,1691.9794
0.0820128851,0.144297686,0.00430959137,0.000259053306,0.0627392422,-6.25268622,1691.16567
0.0820242274,0,0,0,-0.0257556074,0.284430584,1712.30729
0.0820731307,0.000357650242,-2.89407495e-05,-1.97163123e-07,-0.0255889568,0.281091511,1712.29635
0.0821035133,0.145013864,0.00387899765,0.000202147482,0.0635523201,-6.30563437,1690.40011
0.0821255504,0.000741017226,-6.04514829e-05,-5.42773807e-07,-0.0254100862,0.273871371,1712.28413
0.0821817393,0.00115195011,-9.47635296e-05,-1.25180918e-06,-0.0252180439,0.266053283,1712.27039
0.082188062,0.145681998,0.00345040856,0.00015457022,0.0643155678,-6.35576144,1689.68161
0.0822419684,0.00159243101,-0.000132145224,-2.31654401e-06,-0.0250118323,0.257680029,1712.25493
0.0822453141,0.0378358195,-0.00411996427,0.000134617824,-0.00612386989,-0.587431957,1708.56368
0.0822669392,0.146305314,0.00302646891,0.000115299583,0.0650314062,-6.40313955,1689.00856
0.0823014949,0.109085956,0.00442455768,0.00414867291,0.0338851392,-4.2027349,1705.70362
0.0823065284,0.00206458457,-0.0001728915,-3.81032655e-06,-0.0247903733,0.248729315,1712.23748
0.0823405251,0.146886817,0.00260940952,8.33807193e-05,0.0657022517,-6.44785379,1688.37896
0.0823757305,0.0025706882,-0.000217326042,-5.80502463e-06,-0.0245525013,0.239158235,1712.21773
0.0824091748,0.147429312,0.00220108459,5.79321252e-05,0.0663304929,-6.48999629,1687.79064
0.0824499085,0.00311318307,-0.000265803506,-8.38196867e-06,-0.0242969555,0.228948728,1712.19534
0.0824732194,0.147935415,0.00180300861,3.81358745e-05,0.0669184717,-6.52968884,1687.24128
0.0825093105,0.075,-0.00372131329,0.00284478191,0.0142793227,-2.19195626,1705.25652
0.0825294203,0.00369468589,-0.000318711652,-1.16271007e-05,-0.0240223701,0.218060482,1712.1699
0.0825329678,0.148407569,0.00141639226,2.32717925e-05,0.067468469,-6.56690307,1686.72859
0.0825887082,0.14884805,0.00104217687,1.26396231e-05,0.0679826921,-6.60170504,1686.25028
0.0826146494,0.00431800152,-0.000376473298,-1.5635091e-05,-0.0237272651,0.206447999,1712.14093
0.0826407094,0.149258983,0.000681066333,5.94183381e-06,0.0684632672,-6.63371167,1685.80414
0.0826662809,0.040914044,-0.00437580005,0.000214855261,-0.00448096207,-0.678801003,1708.18999
0.0826892224,0.14964235,0.000333559209,1.72895516e-06,0.0689122327,-6.66967709,1685.38805
0.0827060068,0.00498613648,-0.000439548099,-2.05093826e-05,-0.0234100352,0.194051978,1712.10787
0.0827064912,0.112164181,0.00525657662,0.00394541426,0.036082069,-4.37012749,1705.77788
0.082734481,0.15,0,0,0.0693314951,-6.68953516,1685
0.0828039333,0.0057023135,-0.000508434936,-2.63623346e-05,-0.0230689368,0.180804388,1712.07009
0.0829089012,0.00646998704,-0.000583674163,-3.33131591e-05,-0.0227020747,0.16664038,1712.02684
0.0830214167,0.00729285993,-0.000665848223,-4.14853865e-05,-0.0223073863,0.151491691,1711.97727
0.08308432,0.115035914,0.00598933899,0.003712797,0.0382182113,-4.52330485,1705.78839
0.0831175172,0.0442136074,-0.0046126196,0.000319654531,-0.00269140917,-0.782989365,1707.79775
0.0831420227,0.00817490128,-0.000755581277,-5.10038478e-05,-0.0218826244,0.13527601,1711.9204
0.0832335644,0.0803647536,-0.00289700454,0.00319133825,0.0174297911,-2.47941722,1705.03892
0.0832713008,0.00912036556,-0.000853537901,-6.19913366e-05,-0.0214253372,0.117897004,1711.85513
0.0834098745,0.0101338132,-0.000960420096,-7.45632785e-05,-0.0209328463,0.0992438266,1711.78021
0.0834368034,0.117715008,0.00661650927,0.00346003936,0.0402949882,-4.66375826,1705.70937
0.0835584124,0.0112201325,-0.00107696204,-8.88199894e-05,-0.020402222,0.0791877106,1711.69423
0.0836011996,0.0477504251,-0.00481688655,0.000453763494,-0.000741397736,-0.902273442,1707.3896
0.0837176309,0.0123845633,-0.00120392174,-0.000104835989,-0.0198302551,0.0575770185,1711.59567
0.0837656419,0.120214384,0.00713530435,0.00319535152,0.0423124829,-4.7930615,1705.51806
0.0838882979,0.0136327222,-0.00134206932,-0.000122651682,-0.0192134257,0.0342224123,1711.48286
0.0839092345,0.0853696328,-0.00193958695,0.00346912171,0.0204329389,-2.75636743,1704.92825
0.0840712368,0.0149706296,-0.00149217504,-0.000142254533,-0.0185478675,0.00890446594,1711.35402
0.0840724214,0.1225461,0.00754592934,0.00292585375,0.0442698147,-4.91275338,1705.1977
0.084119661,0.0515415566,-0.00497044204,0.000621979461,0.00138397107,-1.03929926,1706.96862
0.0842673297,0.0164047389,-0.00165498725,-0.000163553885,-0.0178293284,-0.0186169387,1711.20733
0.0843586218,0.124721401,0.00785100416,0.00265756268,0.0461654938,-5.02427329,1704.73988
0.0844775227,0.0179419674,-0.00183119658,-0.000186354896,-0.0170531266,-0.0486296765,1711.04097
0.0845395797,0.0900387783,-0.000893706282,0.00367157886,0.0233024027,-3.02061006,1704.90731
0.0846256235,0.12675078,0.00805515603,0.00239529089,0.0479977316,-5.1293805,1704.14527
0.0846754022,0.0556052884,-0.00505020215,0.000828853444,0.00370074485,-1.19573259,1706.53917
0.0847028295,0.0195897299,-0.00202139274,-0.000210322828,-0.0162141018,-0.0814836986,1710.85322
0.0848747144,0.128644026,0.00816460661,0.0021428017,0.0497646979,-5.22923308,1703.42328
0.084944337,0.0213559743,-0.00222600655,-0.000234946107,-0.0153065601,-0.117598219,1710.64256
0.085107096,0.13041027,0.00818638409,0.00190292952,0.0514647195,-5.32429236,1702.59065
0.0851276406,0.0943947116,0.000198608897,0.00379867017,0.02605224,-3.27008496,1704.9562
0.08520321,0.0232492201,-0.0024452351,-0.000259488266,-0.014324217,-0.157468484,1710.4078
0.0852711039,0.0599612217,-0.0050274072,0.00107728918,0.00622628119,-1.37523011,1706.10852
0.0853238891,0.132058033,0.00812810997,0.00167775788,0.0530964235,-5.41529199,1701.66878
0.0854806972,0.0252785992,-0.00267894416,-0.000282921903,-0.0132601343,-0.201657772,1710.14825
0.0855261394,0.133595261,0.00799815125,0.00146864247,0.0546588318,-5.50273632,1700.68118
0.0856762537,0.0984584434,0.00129961715,0.0038533604,0.0286960502,-3.50329264,1705.05435
0.0857148226,0.13502937,0.00780498957,0.00127628604,0.0561514137,-5.58703492,1699.65125
0.0857781371,0.0274539002,-0.00292653909,-0.000303857918,-0.0121066509,-0.250835418,1709.86377
0.0858908486,0.136367278,0.00755680836,0.00110091755,0.0575741045,-5.66844449,1698.60061
0.0859096393,0.0646303672,-0.00486473332,0.00136801684,0.00897963068,-1.58216991,1705.6888
0.0860550666,0.137615437,0.00726154689,0.000942342238,0.0589272966,-5.74689312,1697.54805
0.0860969642,0.0297856156,-0.00318680109,-0.000320467318,-0.0108553144,-0.305842915,1709.55489
0.086188065,0.102249575,0.00237673912,0.00384187211,0.0312459988,-3.71970475,1705.18081
0.0862082686,0.138779867,0.00692679033,0.000800099586,0.0602118114,-5.8223474,1696.50903
0.0863511937,0.139866187,0.00655965058,0.000673502653,0.0614288587,-5.89480541,1695.4957
0.0864387166,0.0322849924,-0.00345765249,-0.000330415346,-0.00949681051,-0.367624998,1709.22277
0.0864845312,0.140879634,0.00616670358,0.000561693867,0.062579988,-5.96424478,1694.51704
0.0865940885,0.0696352464,-0.00451738562,0.00169717208,0.0119823757,-1.81917231,1705.29897
0.0866089242,0.141825099,0.00575395646,0.000463706895,0.0636670358,-6.03064099,1693.57931
0.0866655435,0.105786393,0.00340292466,0.00377224138,0.0337122279,-3.91940543,1705.31374
0.0867249727,0.14270714,0.00532683471,0.000378513038,0.0646920732,-6.09398316,1692.68648
0.0868050425,0.0349640862,-0.00373582755,-0.000330781407,-0.00802089326,-0.437220419,1708.86907
0.0868332366,0.143530013,0.00489018533,0.000305057317,0.0656573545,-6.15427875,1691.84067
0.086934238,0.144297686,0.00444829294,0.000242286955,0.0665652699,-6.21155479,1691.04261
0.0870284641,0.145013864,0.00400490556,0.000189173265,0.0674183016,-6.26585716,1690.29194
0.087110992,0.109085956,0.00435664228,0.00365353489,0.0361026026,-4.10299915,1705.42981
0.0871163694,0.145681998,0.00356326626,0.00014472718,0.0682189857,-6.3172495,1689.58754
0.0871977091,0.0378358195,-0.00401645579,-0.000317936408,-0.0064163203,-0.515868887,1708.49565
0.0871983779,0.146305314,0.00312614875,0.000108010983,0.0689698787,-6.36581051,1688.9278
0.0872588813,0,0,0,-0.0273992887,0.345444809,1713.09244
0.0872748852,0.146886817,0.00269589519,7.81454473e-05,0.0696735292,-6.41163222,1688.31073
0.0873071059,0.000357650242,-2.27840349e-05,-3.00163538e-07,-0.0272197596,0.342291334,1713.06877
0.0873277527,0.075,-0.00393523953,0.0020550389,0.0152598623,-2.08906567,1704.96576
0.0873462603,0.147429312,0.00227445485,5.43178672e-05,0.0703324539,-6.45481205,1687.73416
0.0873587981,0.000741017226,-4.77943829e-05,-9.32570582e-07,-0.0270270892,0.335368286,1713.04292
0.0874128474,0.147935415,0.00186342281,3.57712561e-05,0.0709491188,-6.49547542,1687.19584
0.0874142072,0.00115195011,-7.52477163e-05,-2.11922575e-06,-0.0268202612,0.327719002,1713.01459
0.0874736005,0.00159243101,-0.000105403647,-3.91580166e-06,-0.026598208,0.319478717,1712.98352
0.0874749678,0.148407569,0.00146407743,2.18379929e-05,0.0715259235,-6.53359736,1686.69348
0.0875265593,0.112164181,0.00522161392,0.00349512242,0.0384227179,-4.27147404,1705.50398
0.087532921,0.14884805,0.00107741587,1.18645368e-05,0.0720651896,-6.56924335,1686.22484
0.0875372644,0.00206458457,-0.000138550107,-6.44305859e-06,-0.0263597774,0.310661688,1712.94937
0.0875869867,0.149258983,0.000704187416,5.60062824e-06,0.0725691519,-6.60200594,1685.78776
0.0876055061,0.0025706882,-0.000175006091,-9.82370538e-06,-0.0261037244,0.30123438,1712.91179
0.0876186102,0.040914044,-0.00429255875,-0.000287525941,-0.00467079493,-0.60501863,1708.10428
0.0876374256,0.14964235,0.000344925103,1.64005315e-06,0.0730399524,-6.63855868,1685.38014
0.0876786546,0.00311318307,-0.000215124585,-1.41967731e-05,-0.0258287031,0.29117836,1712.87035
0.087684481,0.15,0,0,0.0734795951,-6.65864723,1685
0.0877570629,0.00369468589,-0.000259295881,-1.97153059e-05,-0.0255332574,0.280446767,1712.82458
0.0878411091,0.00431800152,-0.0003079511,-2.65492028e-05,-0.0252158109,0.268996104,1712.77395
0.0879142499,0.115035914,0.00598638576,0.00330616471,0.0406760971,-4.42610467,1705.51023
0.0879311987,0.00498613648,-0.000361565319,-3.48845549e-05,-0.0248746551,0.256759664,1712.71783
0.0880277661,0.0057023135,-0.000420660033,-4.4927429e-05,-0.0245079373,0.243670111,1712.65554
0.088061417,0.0803647536,-0.00313017647,0.00240083789,0.0186018043,-2.37219158,1704.73456
0.088069776,0.0442136074,-0.00455438887,-0.000234498783,-0.00277091682,-0.706350196,1707.69631
0.0881312771,0.00646998704,-0.000485805656,-5.69017035e-05,-0.0241136455,0.22966575,1712.58629
0.0882422311,0.00729285993,-0.000557624298,-7.10458255e-05,-0.0236895933,0.214675746,1712.50918
0.0882759336,0.117715008,0.00664380673,0.00309524384,0.0428645037,-4.56835627,1705.42352
0.0883611632,0.00817490128,-0.000636791715,-8.76109221e-05,-0.0232334017,0.19861541,1712.42323
0.0884886471,0.00912036556,-0.000724038095,-0.000106858043,-0.0227424789,0.18138764,1712.32732
0.0885533829,0.0477504251,-0.00478860237,-0.000153022845,-0.000702139394,-0.821867739,1707.2727
0.0886133552,0.120214384,0.0071904622,0.00287012125,0.0449883121,-4.6997922,1705.22238
0.0886252977,0.0101338132,-0.000820147544,-0.000129052618,-0.022213998,0.162880493,1712.22023
0.0887458662,0.0853696328,-0.0021805739,0.00269256144,0.0217863416,-2.64561697,1704.61942
0.0887717741,0.0112201325,-0.000925955689,-0.000154456384,-0.0216448717,0.142963492,1712.10062
0.0889281421,0.1225461,0.00762609912,0.00263758533,0.047046891,-4.82196561,1704.89169
0.0889287828,0.0123845633,-0.00104234486,-0.000183318364,-0.0210317237,0.121477494,1711.96707
0.0890717633,0.0515415566,-0.00497710778,-3.7347355e-05,0.00155127747,-0.954611091,1706.83458
0.0890970812,0.0136327222,-0.0011702357,-0.000215862817,-0.0203708566,0.0982289539,1711.81807
0.0892218126,0.124721401,0.00795304858,0.00240345804,0.0490389638,-4.93619203,1704.4248
0.0892774811,0.0149706296,-0.00131057104,-0.000252271465,-0.0196582162,0.0730148354,1711.65208
0.0893844016,0.0900387783,-0.00113219363,0.00292080427,0.0248275324,-2.90710501,1704.60099
0.0894708525,0.0164047389,-0.00146429496,-0.000292653975,-0.0188893506,0.0456101451,1711.46759
0.0894957834,0.12675078,0.00817566981,0.00217267599,0.0509629256,-5.04367214,1703.82386
0.0896274178,0.0556052884,-0.0050957959,0.000118860939,0.00400634966,-1.10716614,1706.38454
0.0896781283,0.0179419674,-0.00163232748,-0.000337014496,-0.0180593656,0.0157330815,1711.26317
0.0897513759,0.128644026,0.00830013669,0.00194864257,0.0528171076,-5.14681199,1703.09933
0.0899003082,0.0195897299,-0.00181552725,-0.00038521802,-0.0171628745,-0.0169535057,1711.03762
0.0899801032,0.0943947116,-2.85695641e-05,0.00308274051,0.0277398824,-3.15458303,1704.65666
0.0899898229,0.13041027,0.00833375578,0.00173450993,0.0545999841,-5.24580197,1702.2684
0.0901384639,0.0213559743,-0.00201463988,-0.000436943638,-0.0161939412,-0.0528512832,1710.79004
0.0902122746,0.132058033,0.00828464824,0.00153244386,0.0563103196,-5.33889793,1701.35246
0.0902230265,0.0599612217,-0.0051148958,0.000319990235,0.0066815434,-1.2805657,1705.92883
0.0903937441,0.0232492201,-0.00223022549,-0.000491627139,-0.0151460208,-0.092431669,1710.51996
0.090419804,0.133595261,0.00816122251,0.00134393283,0.0579472674,-5.42813969,1700.37463
0.0905358445,0.0984584434,0.0010908647,0.00317874661,0.0305374704,-3.38648166,1704.7631
0.090613412,0.13502937,0.00797176907,0.00117006306,0.0595104273,-5.51516475,1699.35771
0.0906673802,0.0252785992,-0.00246255817,-0.00054839374,-0.0140118934,-0.136244568,1710.22745
0.0907940325,0.136367278,0.00772471186,0.00101090936,0.0609998662,-5.59917322,1698.32258
0.0908614622,0.0646303672,-0.00499665554,0.000569690523,0.00959716518,-1.47975464,1705.47997
0.090960692,0.0274539002,-0.0027115011,-0.000605989445,-0.012783591,-0.184937583,1709.91318
0.0909625368,0.137615437,0.00742831766,0.000866544352,0.0624161091,-5.67998079,1697.28729
0.0910543059,0.102249575,0.00219181437,0.00321281475,0.0332329583,-3.60221142,1704.89692
0.0911197376,0.138779867,0.00709045813,0.000736714532,0.0637601126,-5.75766497,1696.26668
0.0912663932,0.139866187,0.00671850969,0.000620896892,0.0650332241,-5.83223401,1695.2723
0.0912750942,0.0297856156,-0.0029763471,-0.000662664589,-0.0114523236,-0.239217689,1709.57839
0.0914032109,0.140879634,0.00631929736,0.000518394503,0.066237133,-5.90365935,1694.31271
0.0915308508,0.141825099,0.00589906036,0.000428394629,0.0673738175,-5.97192001,1693.3938
0.0915379882,0.105786393,0.00324559617,0.00319110545,0.0358369854,-3.80180719,1705.03437
0.0915458045,0.0696352464,-0.0046937591,0.000868276416,0.012776213,-1.71028968,1705.05914
0.0916121035,0.0322849924,-0.00325555061,-0.000716053169,-0.0100084015,-0.299851563,1709.22473
0.0916499283,0.14270714,0.00546343794,0.000350013785,0.0684454913,-6.03701025,1692.51931
0.0917610181,0.143530013,0.00501747293,0.000282330631,0.0694545511,-6.0989419,1691.69119
0.0918646557,0.144297686,0.00456562807,0.000224413312,0.0704035286,-6.15774683,1690.91003
0.0919613412,0.145013864,0.00411181116,0.000175344681,0.071295046,-6.21347712,1690.17543
0.0919733454,0.0349640862,-0.00354637447,-0.000763105144,-0.00844115672,-0.367776556,1708.85394
0.0919892246,0.109085956,0.00422919114,0.00312115581,0.0383578987,-3.98583584,1705.15088
0.092051541,0.145681998,0.00365940707,0.000134236931,0.0721317765,-6.26620312,1689.48625
0.09213569,0.146305314,0.00321131418,0.000100243444,0.0729164107,-6.31601,1688.84085
0.0922141942,0.146886817,0.00276998324,7.2566647e-05,0.0736516271,-6.36299573,1688.23728
0.0922793542,0.075,-0.00415230317,0.00120852715,0.0162456123,-1.97372729,1704.69685
0.0922874323,0.147429312,0.00233745739,5.04664767e-05,0.0743400684,-6.40726355,1687.67338
0.0923557574,0.147935415,0.00191541197,3.32509582e-05,0.0749843215,-6.44894237,1687.14694
0.0923605623,0.0378358195,-0.00384451015,-0.000799938109,-0.00673886693,-0.44418904,1708.46744
0.0924101914,0.112164181,0.00512501573,0.00301112277,0.040801749,-4.15525355,1705.22086
0.0924194992,0.148407569,0.00150519307,2.03088021e-05,0.0755869022,-6.48801626,1686.6557
0.0924789651,0.14884805,0.00110785435,1.10399507e-05,0.076150243,-6.52455739,1686.19748
0.092534442,0.149258983,0.000724191274,5.21931475e-06,0.0766766844,-6.55821768,1685.77013
0.0925861974,0.14964235,0.000354773626,1.50859288e-06,0.0771684689,-6.59524955,1685.37163
0.092634481,0.15,0,0,0.0776276951,-6.61536731,1685
0.0927756218,0.040914044,-0.00414350907,-0.000821808375,-0.00488868344,-0.530444203,1708.06584
0.092790979,0,0,0,-0.0291363674,0.404810119,1713.92215
0.0928029193,0.115035914,0.0059205098,0.00286923161,0.0431724798,-4.31130187,1705.21861
0.0928378157,0.000357650242,-1.42894178e-05,-4.22122857e-07,-0.0289431393,0.401924491,1713.88446
0.0928880202,0.000741017226,-3.03449192e-05,-1.35289153e-06,-0.0287357948,0.395310595,1713.84359
0.0929418346,0.00115195011,-4.83671824e-05,-3.04859703e-06,-0.0285132508,0.387723392,1713.7992
0.0929995185,0.00159243101,-6.86067081e-05,-5.63490159e-06,-0.0282743675,0.37955044,1713.75095
0.0930129039,0.0803647536,-0.00337845719,0.0015533082,0.0197826491,-2.25086716,1704.44477
0.0930613502,0.00206458457,-9.13453081e-05,-9.27331475e-06,-0.0280179153,0.370798697,1713.69846
0.0931276278,0.0025706882,-0.000116898993,-1.41429073e-05,-0.0277425671,0.361445365,1713.64128
0.0931693024,0.117715008,0.00660762451,0.00270337112,0.0454722335,-4.45540353,1705.12012
0.0931986711,0.00311318307,-0.000145622275,-2.0444271e-05,-0.0274468896,0.351451304,1713.57895
0.0932205262,0.0442136074,-0.00443402005,-0.000823084897,-0.00287656548,-0.628070816,1707.64862
0.0932748228,0.00369468589,-0.00017791228,-2.84040518e-05,-0.027129334,0.340762275,1713.51093
0.0933564502,0.00431800152,-0.000214212989,-3.8272902e-05,-0.026788225,0.329340303,1713.43661
0.0934439469,0.00498613648,-0.000255019952,-5.03256953e-05,-0.0264217496,0.317129571,1713.35535
0.0935111081,0.120214384,0.00718224617,0.00252080428,0.0477017227,-4.58907168,1704.90556
0.0935377351,0.0057023135,-0.000300884754,-6.48669424e-05,-0.0260279441,0.304074283,1713.2664
0.0936382671,0.00646998704,-0.000352418905,-8.22267403e-05,-0.0256046793,0.29011401,1713.16894
0.0936972462,0.0853696328,-0.00244759987,0.00185974299,0.0231521306,-2.51936076,1704.31935
0.0936974212,0.0477504251,-0.00470295365,-0.000797134841,-0.000687218244,-0.738903152,1707.21431
0.0937460278,0.00729285993,-0.000410297871,-0.000102760858,-0.0251496444,0.275165657,1713.06209
0.0938299851,0.1225461,0.0076436073,0.00232799248,0.0498606144,-4.71381475,1704.56169
0.093861537,0.00817490128,-0.000475264821,-0.000126851656,-0.0246603293,0.259140608,1712.94485
0.0939853518,0.00912036556,-0.000548133986,-0.000154903188,-0.024134004,0.241940379,1712.81615
0.0941180696,0.0101338132,-0.000629792849,-0.000187335764,-0.0235676959,0.223452281,1712.67486
0.0941274714,0.124721401,0.00799372143,0.00213044879,0.0519478949,-4.83095929,1704.08369
0.0942086073,0.0515415566,-0.00493254026,-0.000736670241,0.00169597532,-0.865483079,1706.7614
0.0942603303,0.0112201325,-0.000721202543,-0.0002245781,-0.0229581641,0.203546608,1712.51975
0.0943356819,0.0900387783,-0.00140640371,0.00211540203,0.0263684488,-2.77692535,1704.29895
0.0944050019,0.12675078,0.00823680065,0.00193312978,0.0539621918,-4.94104714,1703.47523
0.0944128203,0.0123845633,-0.000823395789,-0.00026705665,-0.022301871,0.182074909,1712.3496
0.0945762751,0.0136327222,-0.000937471681,-0.000315176346,-0.0215949497,0.158873746,1712.16314
0.0946639153,0.128644026,0.00837872749,0.00173955285,0.055902043,-5.04545801,1702.74773
0.094751483,0.0149706296,-0.00106458366,-0.000369302397,-0.0208331672,0.133743162,1711.95918
0.09475655,0.0556052884,-0.00509840159,-0.00063445704,0.00429105776,-1.01148905,1706.29023
0.0949054605,0.13041027,0.00842660426,0.00155384575,0.0577661095,-5.14561654,1701.91875
0.0949312905,0.0943947116,-0.000299825073,0.00231449758,0.0294464658,-3.02145771,1704.35792
0.0949392892,0.0164047389,-0.00120592288,-0.000429738762,-0.020011884,0.106431873,1711.73665
0.0951308026,0.132058033,0.00838888828,0.00137760007,0.0595533303,-5.24265682,1701.00953
0.0951405995,0.0179419674,-0.00136269684,-0.000496693537,-0.0191260078,0.0766542193,1711.49466
0.0953410283,0.133595261,0.00827418313,0.00121134129,0.0612630254,-5.33707406,1700.04264
0.0953438924,0.0599612217,-0.00516844609,-0.000482918977,0.0071176952,-1.1782409,1705.80575
0.095356385,0.0195897299,-0.00153609577,-0.00057023656,-0.0181699425,0.0440869403,1711.23268
0.095486945,0.0984584434,0.000831017745,0.00245464773,0.0324006549,-3.2512975,1704.46961
0.0955371519,0.13502937,0.00809082917,0.00105690041,0.0628949533,-5.42769135,1699.04012
0.0955876865,0.0213559743,-0.00172724472,-0.000650242655,-0.0171375293,0.00836268425,1710.95056
0.0957201193,0.136367278,0.00784751099,0.000914896817,0.064449333,-5.51433895,1698.02204
0.0958356197,0.0232492201,-0.00193713522,-0.000736323568,-0.0160219847,-0.0309393909,1710.6487
0.095890813,0.137615437,0.00755273443,0.000785680609,0.0659268402,-5.59764442,1697.00567
0.0959734676,0.0646303672,-0.00510395967,-0.000276598932,0.0101975831,-1.36872472,1705.32091
0.0960053255,0.102249575,0.00195007135,0.00253745699,0.0352441091,-3.46577456,1704.60772
0.0960500563,0.138779867,0.00721459305,0.000669101122,0.0673285812,-5.67773029,1696.00512
0.0961013804,0.0252785992,-0.00216653263,-0.000827755683,-0.0148158314,-0.0743192863,1710.32804
0.0961986174,0.139866187,0.00684068533,0.000564795507,0.0686560525,-5.75456758,1695.03136
0.0963372129,0.140879634,0.0064380528,0.000472235099,0.0699110925,-5.8281242,1694.09246
0.0963862507,0.0274539002,-0.00241583736,-0.000923391461,-0.0135108204,-0.122338785,1709.99008
0.0964665111,0.141825099,0.00601314194,0.000390768347,0.0710958272,-5.89838422,1693.19395
0.0964889323,0.105786393,0.00302694406,0.00256707281,0.0379879227,-3.66485794,1704.7463
0.0965871359,0.14270714,0.00557178736,0.000319663715,0.0722126175,-5.96534673,1692.33929
0.0966483121,0.0696352464,-0.00485683555,-1.23064979e-05,0.0135552954,-1.58992381,1704.85942
0.0966916044,0.0297856156,-0.00268487804,-0.00102154535,-0.0120978505,-0.175571086,1709.63671
0.096699669,0.143530013,0.00511921357,0.000258141664,0.0732640052,-6.02902918,1691.53026
0.0968046533,0.144297686,0.00466004987,0.000205401183,0.0742526651,-6.08947003,1690.76735
0.096902595,0.145013864,0.00419835495,0.000160644629,0.0751813592,-6.14672845,1690.05009
0.0969400982,0.109085956,0.00403703698,0.00254938432,0.0406409057,-3.84905937,1704.85943
0.0969939668,0.145681998,0.00373764901,0.000123092929,0.0760528973,-6.20088149,1689.3773
0.0970189144,0.0322849924,-0.00297266842,-0.00111984835,-0.0105668822,-0.234697561,1709.26984
0.0970792091,0.146305314,0.00328095078,9.199763e-05,0.0768701027,-6.25201974,1688.74735
0.0971587334,0.146886817,0.00283081729,6.66491877e-05,0.077635782,-6.30024556,1688.1583
0.097232923,0.147429312,0.00238938453,4.63847387e-05,0.0783527016,-6.34566777,1687.60804
0.0973021359,0.147935415,0.00195840783,3.05816727e-05,0.0790235669,-6.38842012,1687.09437
0.0973609993,0.112164181,0.00496136835,0.00249124227,0.0432095673,-4.0192823,1704.92114
0.0973667059,0.148407569,0.0015393013,1.86903784e-05,0.0796510071,-6.42849644,1686.61511
0.0973697597,0.0349640862,-0.0032771003,-0.00121516777,-0.00890684835,-0.300607082,1708.89098
0.0973716812,0.075,-0.0043692199,0.000308382672,0.0172195191,-1.84475103,1704.45647
0.0974269445,0.14884805,0.00113317597,1.01684028e-05,0.0802375629,-6.46597599,1686.16808
0.0974831422,0.149258983,0.000740875096,4.81754253e-06,0.0807856778,-6.50057487,1685.7512
0.0975355701,0.14964235,0.000363007537,1.36891949e-06,0.0812976915,-6.53811313,1685.36248
0.097584481,0.15,0,0,0.0817757951,-6.55826664,1685
0.0977458323,0.0378358195,-0.00359452332,-0.00130343813,-0.00710556386,-0.374251831,1708.50054
0.0977536658,0.115035914,0.00578618063,0.00239985484,0.0456982884,-4.17671145,1704.90628
0.0980950502,0.0803647536,-0.00364001373,0.000650865465,0.0209550296,-2.11390761,1704.17153
0.0981199918,0.117715008,0.00650242027,0.00228237644,0.0481096236,-4.32270452,1704.79223
0.0981489464,0.040914044,-0.00391909791,-0.001379538,-0.00514963639,-0.456725015,1708.09729
0.0984617441,0.120214384,0.00710518001,0.00214556196,0.0504446657,-4.45868546,1704.56105
0.0985810463,0.0442136074,-0.00424200226,-0.00143721601,-0.00302437919,-0.549518071,1707.67811
0.0986374218,0,0,0,-0.0309721504,0.458196848,1714.79895
0.0986821211,0.000357650242,-3.13095558e-06,-5.52988103e-07,-0.0307644974,0.455586136,1714.746
0.0987300345,0.000741017226,-7.43699726e-06,-1.79729346e-06,-0.0305417065,0.449263947,1714.6888
0.0987698948,0.0853696328,-0.00274023845,0.000971741418,0.0245130197,-2.37577186,1704.02539
0.0987805713,0.1225461,0.00759310966,0.00199553714,0.0527034257,-4.58606404,1704.20163
0.098781393,0.00115195011,-1.3103055e-05,-4.02901233e-06,-0.0303026263,0.441676332,1714.62695
0.0988364445,0.00159243101,-2.0370407e-05,-7.4496369e-06,-0.0300460425,0.433512384,1714.56004
0.0988954544,0.00206458457,-2.95155944e-05,-1.22605776e-05,-0.0297706464,0.424778928,1714.48762
0.0989587075,0.0025706882,-4.08544201e-05,-1.86996591e-05,-0.0294750271,0.415442717,1714.4092
0.0990265087,0.00311318307,-5.47471425e-05,-2.70326706e-05,-0.0291576621,0.405465506,1714.32425
0.0990442162,0.0477504251,-0.00455049796,-0.00146919339,-0.000713723959,-0.654454891,1707.2383
0.0990780111,0.124721401,0.00796782864,0.00183773137,0.0548852009,-4.70615006,1703.71104
0.0990991851,0.00369468589,-7.16034149e-05,-3.75569957e-05,-0.0288169085,0.394805946,1714.23216
0.0991770873,0.00431800152,-9.18876344e-05,-5.06014467e-05,-0.0284509913,0.383420113,1714.1323
0.0992605911,0.00498613648,-0.000116124827,-6.6530712e-05,-0.0280579926,0.371242587,1714.02397
0.0993500992,0.0057023135,-0.00014490688,-8.57506653e-05,-0.0276358375,0.358208005,1713.9064
0.0993554983,0.12675078,0.00823336014,0.00167675271,0.0569888994,-4.82007254,1703.09441
0.0993994699,0.0900387783,-0.00171721215,0.00125552911,0.0279080829,-2.62804109,1703.99488
0.0994460433,0.00646998704,-0.000178898596,-0.000108700469,-0.0271822804,0.344265177,1713.77878
0.0995406902,0.0515415566,-0.00482682276,-0.00146676078,0.0017998754,-0.773390633,1706.77298
0.0995488863,0.00729285993,-0.000218843901,-0.000135854198,-0.026694888,0.329325366,1713.64024
0.0996143713,0.128644026,0.00839531794,0.00151655368,0.059013314,-4.92851973,1702.36404
0.0996591242,0.00817490128,-0.000265572005,-0.000167728307,-0.0261710218,0.31329336,1713.48982
0.0997772887,0.00912036556,-0.000320003496,-0.000204870313,-0.0256078171,0.296080492,1713.32657
0.0998558788,0.13041027,0.0084605282,0.00136013193,0.0609573352,-5.03261374,1701.53771
0.0999039498,0.0101338132,-0.000383156177,-0.00024785186,-0.0250021611,0.27757241,1713.14947
0.0999868123,0.0943947116,-0.000617193455,0.00149331361,0.0311553028,-2.86853568,1704.05095
0.100039718,0.0112201325,-0.000456147024,-0.000297264946,-0.0243506665,0.257639738,1712.95753
0.100072863,0.0556052884,-0.00504673478,-0.00142151315,0.00453557235,-0.909756756,1706.27958
0.100081186,0.132058033,0.00843681879,0.00120993118,0.0628201103,-5.13284189,1700.63635
0.100185249,0.0123845633,-0.000540191289,-0.000353709243,-0.023649643,0.23613334,1712.74977
0.100291379,0.133595261,0.00833295065,0.001067694,0.0646011549,-5.22928865,1699.68191
0.100341245,0.0136327222,-0.000636600926,-0.000417775811,-0.0228950649,0.212882599,1712.5253
0.100487472,0.13502937,0.0081581765,0.000934557418,0.0663004136,-5.32234644,1698.69554
0.100508457,0.0149706296,-0.00074677984,-0.000490025378,-0.0220825343,0.18769148,1712.2834
0.100534755,0.0984584434,0.000517037333,0.00167980726,0.0342694235,-3.09547488,1704.16301
0.100643302,0.0599612217,-0.00517772837,-0.00132236027,0.00751435798,-1.06740138,1705.76133
0.10067041,0.136367278,0.00792143975,0.000811425989,0.0679182818,-5.41192793,1697.69641
0.100687693,0.0164047389,-0.000872212617,-0.0005709598,-0.0212072396,0.160335394,1712.02357
0.100841077,0.137615437,0.0076313039,0.000698696307,0.0694556055,-5.49806563,1696.70091
0.100879816,0.0179419674,-0.0010144447,-0.000660984787,-0.0202639091,0.130558245,1711.74564
0.101000296,0.138779867,0.00729598758,0.000596471152,0.0709136561,-5.58081422,1695.72238
0.101045941,0.102249575,0.00164762802,0.00181406354,0.0372638696,-3.3080764,1704.30122
0.101085754,0.0195897299,-0.00117505203,-0.000760363033,-0.0192467584,0.0980692045,1711.44988
0.101148834,0.139866187,0.00692325406,0.000504601912,0.0722940919,-5.66014442,1694.77113
0.101254757,0.0646303672,-0.00517834062,-0.00116261792,0.0107594946,-1.24794896,1705.23125
0.101287408,0.140879634,0.00652032352,0.000422759415,0.0735989089,-5.73604033,1693.85474
0.1013065,0.0213559743,-0.00135559451,-0.00086915743,-0.0181494302,0.0625401103,1711.13707
0.101416686,0.141825099,0.00609382228,0.0003504752,0.0748303885,-5.80848665,1692.97837
0.101522836,0.105786393,0.00274240621,0.00189806972,0.0401501195,-3.50621522,1704.43698
0.101537292,0.14270714,0.00564975997,0.000287188224,0.0759910427,-5.87748844,1692.14521
0.101543119,0.0232492201,-0.00155754999,-0.000987149187,-0.0169649294,0.0236056737,1710.80857
0.101649807,0.143530013,0.00519352707,0.000232276382,0.0770835619,-5.94307235,1691.35684
0.101754775,0.144297686,0.00472990733,0.000185084277,0.0781107653,-6.00528631,1690.61365
0.101796751,0.0252785992,-0.00178221766,-0.0011137687,-0.0156855499,-0.0191321417,1710.4663
0.101852702,0.145013864,0.00426310154,0.000144945183,0.0790755555,-6.06419769,1689.9151
0.10191018,0.0696352464,-0.0049995904,-0.000936580343,0.0142973571,-1.45731065,1704.71566
0.101944059,0.145681998,0.00379675918,0.000111198072,0.0799808788,-6.11989079,1689.25999
0.101967741,0.109085956,0.0037750989,0.00193592568,0.0429374037,-3.69032099,1704.54281
0.102029288,0.146305314,0.00333401528,8.32006756e-05,0.0808296899,-6.17246334,1688.6467
0.102068621,0.0274539002,-0.00203058041,-0.00124797877,-0.0143027921,-0.0661081754,1710.11257
0.1021088,0.146886817,0.00287753026,6.03384427e-05,0.0816249224,-6.22202471,1688.0733
0.102182978,0.147429312,0.00242953116,4.20329452e-05,0.0823694643,-6.26869065,1687.53772
0.10225218,0.147935415,0.00199185292,2.77368684e-05,0.0830661376,-6.31259939,1687.03782
0.10231674,0.148407569,0.00156597872,1.69660997e-05,0.0837176826,-6.35375405,1686.57143
0.10236004,0.0297856156,-0.00230311084,-0.00138814614,-0.012807274,-0.117850999,1709.7498
0.102376969,0.14884805,0.00115307896,9.23935967e-06,0.0843267459,-6.39224155,1686.13645
0.1023828,0.112164181,0.00472519177,0.00193307674,0.045632672,-3.8612221,1704.59242
0.102433158,0.149258983,0.000754047213,4.39067018e-06,0.0848958714,-6.42784224,1685.73084
0.102485578,0.14964235,0.000369534887,1.22123227e-06,0.0854274942,-6.46591873,1685.35264
0.102534481,0.15,0,0,0.0859238951,-6.48611069,1685
0.10261273,0.075,-0.00458085859,-0.000639044141,0.0181586534,-1.7009823,1704.25498
0.102672413,0.0322849924,-0.00259952736,-0.00153194588,-0.0111886353,-0.174989507,1709.37993
0.102770017,0.115035914,0.00557758831,0.00189564735,0.048240751,-4.02002463,1704.56139
0.103007247,0.0349640862,-0.00291846004,-0.0016761835,-0.00943543449,-0.238201962,1709.00377
0.103131259,0.117715008,0.0063221085,0.00182996596,0.0507646292,-4.16800259,1704.42872
0.10331528,0.0803647536,-0.00391113044,-0.000301559848,0.0220956644,-1.95983778,1703.91865
0.103366157,0.0378358195,-0.00325691845,-0.0018166499,-0.00753504098,-0.3082017,1708.6202
0.103468268,0.120214384,0.00695291123,0.00174221876,0.053205812,-4.30648381,1704.17861
0.103750875,0.040914044,-0.00360968151,-0.00194795485,-0.00547352405,-0.385926129,1708.22547
0.10378267,0.1225461,0.00746788735,0.00163816206,0.0555646969,-4.436763,1703.8022
0.103970703,0.0853696328,-0.00305632284,3.19654402e-05,0.0258456991,-2.21299987,1703.73495
0.104075982,0.124721401,0.00786803956,0.00152308212,0.0578409366,-4.56006381,1703.29847
0.104163256,0.0442136074,-0.00396857262,-0.00206337047,-0.00323553849,-0.472624583,1707.81303
0.104349618,0.12675078,0.00815686288,0.00140130084,0.0600337647,-4.67797412,1702.67395
0.104582158,0.0900387783,-0.00206393984,0.000343216752,0.0294233688,-2.45834546,1703.68059
0.104604898,0.128644026,0.00833978268,0.00127689944,0.0621422699,-4.79117039,1701.94167
0.104605289,0.0477504251,-0.00432138767,-0.00215480823,-0.000804205525,-0.569933579,1707.37422
0.104816071,0,0,0,-0.0329122464,0.499651073,1715.72553
0.104843054,0.13041027,0.00842406548,0.00115195397,0.0641656127,-4.89979932,1701.11946
0.104857841,0.000357650242,1.0989329e-05,-6.89020661e-07,-0.0326895991,0.497316785,1715.6562
0.104902614,0.000741017226,2.15264702e-05,-2.25204393e-06,-0.0324507574,0.491281218,1715.58149
0.104950607,0.00115195011,3.1444699e-05,-5.02549508e-06,-0.0321945011,0.483698326,1715.50092
0.10500205,0.00159243101,4.05122839e-05,-9.28794453e-06,-0.0319195404,0.47556886,1715.41403
0.105057193,0.00206458457,4.84571287e-05,-1.52808419e-05,-0.0316244864,0.466876568,1715.3203
0.105065234,0.132058033,0.00841774387,0.00102974082,0.0661031887,-5.00328045,1700.22784
0.105079106,0.0515415566,-0.0046505435,-0.00221269976,0.00183902007,-0.679883629,1706.89998
0.1051163,0.0025706882,5.49614977e-05,-2.32998739e-05,-0.0313078436,0.457586352,1715.21918
0.105152597,0.0943947116,-0.000981391505,0.000620007016,0.0328437921,-2.69352858,1703.7231
0.105179658,0.00311318307,5.96559226e-05,-3.36738445e-05,-0.0309680004,0.44765822,1715.11008
0.105247572,0.00369468589,6.21127509e-05,-4.67710277e-05,-0.0306032193,0.437049481,1714.99236
0.10527251,0.133595261,0.00832914003,0.000913234113,0.0679547401,-5.10175463,1699.28797
0.105320368,0.00431800152,6.18390351e-05,-6.30010548e-05,-0.0302116268,0.425709173,1714.86534
0.105398399,0.00498613648,5.82691082e-05,-8.28181734e-05,-0.0297912004,0.413580125,1714.7283
0.105465881,0.13502937,0.00816720487,0.000803096141,0.0697204225,-5.1972224,1698.32005
0.105482041,0.0057023135,5.07567887e-05,-0.000106723626,-0.0293397568,0.400600597,1714.58048
0.105571697,0.00646998704,3.8567049e-05,-0.000135262965,-0.0288549362,0.386710052,1714.42109
0.105586993,0.0556052884,-0.00493190541,-0.00222646657,0.00471451997,-0.805390251,1706.38396
0.105646281,0.136367278,0.00794098781,0.000700299777,0.0714008336,-5.28999655,1697.34222
0.1056678,0.00729285993,2.08671227e-05,-0.000169028906,-0.0283341867,0.37181989,1714.24931
0.10568477,0.0984584434,0.000146958187,0.000854037097,0.0361218118,-2.91660656,1703.82749
0.105770813,0.00817490128,-3.28236614e-06,-0.00020866248,-0.0277747464,0.355834794,1714.06429
0.10581458,0.137615437,0.00765927646,0.000605315855,0.0729970096,-5.37931354,1696.36993
0.105881233,0.00912036556,-3.49345302e-05,-0.00025484616,-0.0271736229,0.338666641,1713.86522
0.105971588,0.138779867,0.00733047447,0.000518518876,0.0745104035,-5.46500827,1695.41569
0.105999593,0.0101338132,-7.52619136e-05,-0.000308301009,-0.0265275708,0.320215262,1713.65131
0.106118065,0.139866187,0.0069625255,0.000440014825,0.0759428473,-5.54708178,1694.48917
0.106126464,0.0112201325,-0.000125563098,-0.000369774354,-0.0258330666,0.300344628,1713.42184
0.106131399,0.0599612217,-0.00513291647,-0.00218442862,0.00784477565,-0.950537228,1705.82674
0.106181244,0.102249575,0.00128145281,0.00104163901,0.0392710416,-3.12663649,1703.95963
0.106254715,0.140879634,0.00656282722,0.000369685863,0.0772965048,-5.62555376,1693.5974
0.106262457,0.0123845633,-0.000187268721,-0.000440035964,-0.0250862796,0.278890401,1713.17623
0.106382199,0.141825099,0.00613817866,0.000307258522,0.0785738194,-5.70040263,1692.74516
0.106408229,0.0136327222,-0.000261943452,-0.000519857568,-0.02428304,0.255696651,1712.91408
0.106501131,0.14270714,0.00569475618,0.000252361253,0.0797774602,-5.77163461,1691.93537
0.106564482,0.0149706296,-0.000351283663,-0.000609982955,-0.0234188019,0.230571623,1712.63525
0.106612085,0.143530013,0.0052381084,0.000204543923,0.0809102694,-5.83929641,1691.16943
0.106644414,0.105786393,0.00238804591,0.00118249362,0.0423032363,-3.32336166,1704.08766
0.106714951,0.0646303672,-0.00521134895,-0.00207459218,0.011254839,-1.11895957,1705.24055
0.106715596,0.144297686,0.00477316703,0.000163305068,0.0819752131,-5.90344538,1690.44761
0.106731971,0.0164047389,-0.000457109973,-0.000711106583,-0.022488602,0.203302424,1712.33999
0.106812164,0.145013864,0.00430426959,0.000128118877,0.0829753358,-5.96415742,1689.76932
0.106902253,0.145681998,0.00383519061,9.84517142e-05,0.0839137205,-6.02152571,1689.13334
0.106911503,0.0179419674,-0.000581351176,-0.000823823955,-0.0214870118,0.173665316,1712.02899
0.106986299,0.146305314,0.00336917868,7.37756809e-05,0.0847934533,-6.07565669,1688.53805
0.107064708,0.146886817,0.00290899652,5.35784172e-05,0.0856175941,-6.12666793,1687.98157
0.107076514,0.109085956,0.00343866434,0.00127878334,0.0452279743,-3.50709621,1704.18216
0.107103944,0.0195897299,-0.000726015564,-0.000948583281,-0.0204080851,0.141404092,1711.70349
0.107137856,0.147429312,0.00245696244,3.73722614e-05,0.0863891515,-6.17468302,1687.46185
0.107206098,0.147935415,0.00201499219,2.46908025e-05,0.0871110626,-6.21984534,1686.9768
0.107269762,0.148407569,0.00158463996,1.51202647e-05,0.0877861776,-6.2621683,1686.52432
0.107310223,0.0213559743,-0.000893146701,-0.00108563284,-0.0192452958,0.106236951,1711.36535
0.107329155,0.14884805,0.00116713799,8.24519761e-06,0.0884172472,-6.30174708,1686.10234
0.107340462,0.0696352464,-0.00511464676,-0.0018906071,0.0149731869,-1.31354407,1704.65358
0.107384564,0.149258983,0.000763433309,3.93384742e-06,0.0890069142,-6.3384334,1685.70888
0.107436256,0.14964235,0.000374223072,1.06262614e-06,0.0895577071,-6.37709702,1685.34204
0.107479628,0.112164181,0.00441115254,0.00133438039,0.0480526057,-3.67856614,1704.21632
0.107484481,0.15,0,0,0.0900719951,-6.39733363,1685
0.107531334,0.0232492201,-0.00108475888,-0.00123492853,-0.017991467,0.0678699575,1711.01702
0.107768344,0.0252785992,-0.00130273653,-0.00139605872,-0.0166386976,0.0259905279,1710.66144
0.1078557,0.115035914,0.00528895325,0.00135420219,0.0507823888,-3.83877578,1704.1665
0.108010951,0.075,-0.00477913305,-0.00162310629,0.0190329074,-1.54135823,1704.1114
0.108022396,0.0274539002,-0.00154869929,-0.00156813423,-0.0151782735,-0.0197392193,1710.30173
0.108206546,0.117715008,0.00606063853,0.00134363914,0.0534207523,-3.98888805,1704.01341
0.108294715,0.0297856156,-0.0018238324,-0.00174963019,-0.0136005656,-0.069684051,1709.94066
0.108533856,0.120214384,0.00671932046,0.00130819194,0.0559696368,-4.1301186,1703.74348
0.108586616,0.0322849924,-0.00212862309,-0.00193826516,-0.0118949249,-0.12424102,1709.57993
0.10868144,0.0803647536,-0.00418545512,-0.00129450802,0.0231739336,-1.78736361,1703.69706
0.108839209,0.1225461,0.00726202711,0.00125316338,0.0584298592,-4.26365276,1703.35011
0.108899506,0.0349640862,-0.00246247272,-0.00213080713,-0.0100495621,-0.183837916,1709.21924
0.10912408,0.124721401,0.00768907253,0.00118343821,0.0608014656,-4.39062653,1702.83409
0.109234894,0.0378358195,-0.00282318273,-0.00232293795,-0.00805141888,-0.249078476,1708.8554
0.109306952,0.0853696328,-0.00339111163,-0.000952335692,0.0271194437,-2.02928815,1703.45023
0.10938984,0.12675078,0.00800343042,0.0011032846,0.0630840543,-4.51198544,1702.20326
0.109594398,0.040914044,-0.00320632917,-0.00250907909,-0.00588602836,-0.320789909,1708.48154
0.109637773,0.128644026,0.00821030633,0.00101676384,0.0652770491,-4.62763592,1701.47126
0.109869075,0.13041027,0.00831667467,0.000927022332,0.0673799192,-4.73839813,1700.65585
0.109890504,0.0900387783,-0.00244354126,-0.000616235364,0.0308838265,-2.26574681,1703.34946
0.109979752,0.0442136074,-0.0036044209,-0.00268222618,-0.00353736736,-0.399954686,1708.08704
0.110084861,0.132058033,0.00833051462,0.000836687588,0.0693923459,-4.84670297,1699.7769
0.110286171,0.133595261,0.00826028313,0.000747832053,0.0713143333,-4.95139723,1698.85463
0.110392815,0.0477504251,-0.004005867,-0.00283371195,-0.000987696455,-0.487919114,1707.65848
0.11043491,0.0943947116,-0.00139101872,-0.000301904772,0.0344819886,-2.49409364,1703.36055
0.110473977,0.13502937,0.00811468685,0.000662009,0.0731462764,-5.05113734,1697.90818
0.110649185,0.136367278,0.00790264288,0.000580688593,0.0748889951,-5.14717437,1696.95462
0.11081264,0.137615437,0.00763307416,0.000504664483,0.0765437353,-5.23975538,1696.00842
0.110835579,0.0515415566,-0.00439367932,-0.00295322807,0.00178262027,-0.586702838,1707.18177
0.110942797,0.0984584434,-0.000279362096,-2.06737554e-05,0.0379286422,-2.71217857,1703.44387
0.11096513,0.138779867,0.00731454686,0.000434427066,0.0781121474,-5.3286031,1695.08125
0.111107391,0.139866187,0.0069551452,0.000370293177,0.0795962505,-5.41364578,1694.18207
0.111240108,0.140879634,0.00656241098,0.000312361722,0.080998387,-5.49489748,1693.31741
0.111310179,0.0556052884,-0.00474393902,-0.00302825942,0.00479533747,-0.698716418,1706.64546
0.111345805,0,0,0,-0.0349625826,0.522832162,1716.70471
0.111363923,0.141825099,0.00614329013,0.00026056489,0.0823211705,-5.57234965,1692.49164
0.111383808,0.000357650242,2.81996334e-05,-8.18011828e-07,-0.0347246067,0.520726794,1716.61811
0.111416614,0.102249575,0.000849968103,0.000220954443,0.0412373942,-2.91883624,1703.56026
0.111424543,0.000741017226,5.6821213e-05,-2.66506571e-06,-0.0344693616,0.515033891,1716.52493
0.111468208,0.00115195011,8.5706246e-05,-5.95301761e-06,-0.0341955587,0.507640504,1716.42464
0.111479432,0.14270714,0.00570410401,0.00021472447,0.0835674334,-5.64601113,1691.70741
0.111515013,0.00159243101,0.000114631268,-1.10026072e-05,-0.033901833,0.499687667,1716.31671
0.111565183,0.00206458457,0.000143325808,-1.81010366e-05,-0.033586716,0.491171209,1716.20056
0.111587193,0.143530013,0.00525054153,0.000174570718,0.0847401747,-5.7159439,1690.96594
0.11161896,0.0025706882,0.000171466137,-2.75979972e-05,-0.0332486283,0.482057473,1716.07558
0.111676605,0.00311318307,0.00019866777,-3.98823986e-05,-0.0328858702,0.47230775,1715.94115
0.111687725,0.144297686,0.00478766808,0.000139764016,0.0858425109,-5.7822192,1690.26741
0.111738394,0.00369468589,0.000224477503,-5.53895173e-05,-0.0324966119,0.461878898,1715.79658
0.111781513,0.145013864,0.00431994773,0.000109928832,0.0868776309,-5.84490858,1689.61116
0.111804626,0.00431800152,0.000248364631,-7.46035973e-05,-0.032078883,0.450718517,1715.64118
0.111818906,0.0599612217,-0.00502396511,-0.00304704496,0.00807464038,-0.828725815,1706.04607
0.111858647,0.105786393,0.00196102011,0.000420156486,0.0444201232,-3.11362734,1703.67374
0.11186901,0.145681998,0.00385127356,8.4670928e-05,0.0878487561,-5.90411515,1688.99597
0.111875621,0.00498613648,0.000269711472,-9.80614882e-05,-0.0316305604,0.438768278,1715.47422
0.111950637,0.146305314,0.00338500363,6.35853685e-05,0.0887591053,-5.95996022,1688.42025
0.11195172,0.0057023135,0.000287803133,-0.00012635492,-0.0311493556,0.425962929,1715.29497
0.112026789,0.146886817,0.00292400052,4.62691818e-05,0.0896118648,-6.0125681,1687.88212
0.112033291,0.00646998704,0.000301816462,-0.000160132351,-0.0306328001,0.412228284,1715.1027
0.112097832,0.147429312,0.00247067292,3.23327309e-05,0.090410164,-6.06207002,1687.37962
0.112120728,0.00729285993,0.000310808594,-0.000200100628,-0.0300782297,0.397481343,1714.89668
0.11216411,0.147935415,0.00202701793,2.13970039e-05,0.0911570553,-6.1086147,1686.91068
0.112214452,0.00817490128,0.000313707023,-0.000247019522,-0.0294827667,0.381633087,1714.67623
0.112225941,0.148407569,0.00159466254,1.31242123e-05,0.091855498,-6.15222659,1686.47327
0.112271028,0.109085956,0.00302383245,0.000577021881,0.0474866449,-3.29670627,1703.7523
0.112283625,0.14884805,0.00117490353,7.17015673e-06,0.0925083467,-6.19300943,1686.06538
0.112314915,0.00912036556,0.000309305055,-0.000301702069,-0.0288433,0.3645869,1714.44075
0.11233744,0.149258983,0.000768744771,3.43987598e-06,0.0931183422,-6.23089423,1685.68509
0.112364213,0.0646303672,-0.00519161349,-0.00299168347,0.0116476516,-0.980086181,1705.39332
0.112387644,0.14964235,0.000376933078,8.90741599e-07,0.0936881061,-6.2702146,1685.33055
0.112422602,0.0101338132,0.000296252736,-0.000365012587,-0.0281564634,0.346250371,1714.18973
0.112434481,0.15,0,0,0.0942200951,-6.29050832,1685
0.112538032,0.0112201325,0.000273041015,-0.000437847438,-0.0274186101,0.326495014,1713.92285
0.112655745,0.112164181,0.00401449275,0.000693680509,0.0504446367,-3.46865038,1703.76813
0.112661761,0.0123845633,0.000237991409,-0.00052113205,-0.026625785,0.305166428,1713.64002
0.112794388,0.0136327222,0.000189250709,-0.000615799714,-0.0257736926,0.282121397,1713.34145
0.112936551,0.0149706296,0.000124789348,-0.000722760388,-0.0248576602,0.257182999,1713.02776
0.11294873,0.0696352464,-0.00519004102,-0.00285432699,0.0155453214,-1.15650501,1704.71531
0.113014656,0.115035914,0.00491485973,0.000773667572,0.0532997463,-3.63032166,1703.6981
0.113088937,0.0164047389,4.24059145e-05,-0.000842881938,-0.023872597,0.230158142,1712.70009
0.113252279,0.0179419674,-6.02563118e-05,-0.000976932023,-0.0228129457,0.200866476,1712.36016
0.11334949,0.117715008,0.00571210675,0.000821329884,0.0560558298,-3.78273858,1703.52446
0.113427367,0.0195897299,-0.000185681807,-0.00112552727,-0.0216726279,0.169091339,1712.01034
0.113575276,0.075,-0.0049536843,-0.0026241236,0.019803607,-1.36659884,1704.06158
0.113615044,0.0213559743,-0.000336442568,-0.00128909259,-0.0204449842,0.13460215,1711.65371
0.113661863,0.120214384,0.00639816443,0.000841386595,0.0587152687,-3.92697321,1703.23573
0.113816216,0.0232492201,-0.000515132392,-0.0014677592,-0.0191226931,0.0971990968,1711.29393
0.113953282,0.1225461,0.00696909684,0.000838584084,0.0612793172,-4.06407741,1702.82741
0.114031854,0.0252785992,-0.000724276238,-0.00166126327,-0.0176976942,0.0566538182,1710.93499
0.114201823,0.0803647536,-0.0044537597,-0.00231254975,0.0241504153,-1.59569507,1703.53237
0.114225152,0.124721401,0.00742445557,0.000817445599,0.0637484436,-4.19500605,1702.30197
0.114262997,0.0274539002,-0.000966199725,-0.0018688797,-0.0161610985,0.0127290494,1710.58081
0.114478784,0.12675078,0.0077666845,0.000782181163,0.0661226446,-4.32040766,1701.66832
0.11451076,0.0297856156,-0.0012428268,-0.00208924227,-0.0145030691,-0.0347328731,1710.23438
0.114715403,0.128644026,0.00800055395,0.000736548838,0.0684017162,-4.44081792,1700.94051
0.114776338,0.0322849924,-0.00155540187,-0.00232014852,-0.012712703,-0.0859290919,1709.8969
0.114786339,0.0853696328,-0.00373650593,-0.00196792192,0.0282945803,-1.82336762,1703.18513
0.114936149,0.13041027,0.00813240064,0.000683858313,0.0705854718,-4.55675941,1700.13599
0.115061013,0.0349640862,-0.00190412803,-0.00255846277,-0.010777892,-0.141135923,1709.56663
0.115142087,0.132058033,0.00816965576,0.000626875395,0.0726739077,-4.66867008,1699.27388
0.115331646,0.0900387783,-0.00284968799,-0.0016122922,0.0322499699,-2.04839138,1703.00378
0.11533421,0.133595261,0.00812083243,0.000567862935,0.0746673177,-4.77686421,1698.37336
0.115366157,0.0378358195,-0.00228767306,-0.00279991793,-0.0086851668,-0.200652795,1709.23787
0.115513446,0.13502937,0.00799492362,0.000508676705,0.0765663644,-4.88098371,1697.45242
0.115680658,0.136367278,0.00780083879,0.000450800561,0.078372114,-4.98088866,1696.527
0.115693243,0.040914044,-0.0027024905,-0.00303885981,-0.00641952498,-0.264956048,1708.90016
0.115836653,0.137615437,0.00754741112,0.000395360094,0.080086041,-5.07698706,1695.61055
0.115840373,0.0943947116,-0.00184164271,-0.00126428747,0.0360309676,-2.26801083,1702.9548
0.115982184,0.138779867,0.00724324518,0.000343111882,0.0817100102,-5.16928241,1694.71389
0.116043847,0.0442136074,-0.00314196223,-0.00326805335,-0.00396424028,-0.334853571,1708.53835
0.116117953,0.139866187,0.00689650732,0.000294583108,0.0832462421,-5.25759987,1693.84529
0.116244614,0.140879634,0.00651483428,0.000250110266,0.084697269,-5.34190683,1693.01074
0.116314974,0.0984584434,-0.000759401509,-0.000938359465,0.0396518608,-2.47971146,1702.99487
0.116362779,0.141825099,0.00610528138,0.000209857914,0.0860658846,-5.4222241,1692.21425
0.116419662,0.0477504251,-0.00359528598,-0.00347852809,-0.00130065103,-0.411548343,1708.13369
0.116473016,0.14270714,0.00567428607,0.000173852838,0.0873550925,-5.49857681,1691.45819
0.11657586,0.143530013,0.00522765611,0.000142018477,0.0885680548,-5.57102493,1690.74364
0.116671804,0.144297686,0.00477057572,0.000114195441,0.0897080438,-5.63964931,1690.07065
0.116757738,0.102249575,0.000353912222,-0.00064390378,0.0431259902,-2.68203509,1703.07951
0.116761312,0.145013864,0.00430762482,9.01724234e-05,0.090778397,-5.70452687,1689.43854
0.116822499,0.0515415566,-0.00404616292,-0.00365936427,0.00159208023,-0.496818636,1707.66628
0.116844816,0.145681998,0.00384280729,6.97052197e-05,0.0917824774,-5.76577242,1688.84611
0.116922718,0.146305314,0.00337958535,5.25201387e-05,0.0927236393,-5.82352874,1688.29176
0.116995394,0.146886817,0.00292091888,3.8331783e-05,0.0936051978,-5.87791541,1687.7737
0.117063195,0.147429312,0.00246930697,2.6859479e-05,0.0944304051,-5.9290673,1687.28997
0.117126448,0.147935415,0.00202682956,1.78197209e-05,0.0952024301,-5.97714906,1686.83861
0.1171708,0.105786393,0.00146046029,-0.000386413386,0.0464651499,-2.87427603,1703.16767
0.117185458,0.148407569,0.00159518864,1.09563125e-05,0.0959243428,-6.02219493,1686.41764
0.11724051,0.14884805,0.0011757487,6.00266128e-06,0.0965991026,-6.06431709,1686.02511
0.117254303,0.0556052884,-0.00447111627,-0.00379743033,0.00473725535,-0.593172159,1707.1182
0.117291868,0.149258983,0.000769574283,2.90357068e-06,0.0972295495,-6.10353531,1685.65917
0.117339782,0.14964235,0.00037746634,7.03765283e-07,0.0978183987,-6.1435999,1685.31804
0.117384481,0.15,0,0,0.0983681951,-6.16396945,1685
0.117556154,0.109085956,0.00252834313,-0.000168108126,0.0496792364,-3.05635692,1703.22375
0.117717155,0.0599612217,-0.00483789531,-0.00387849732,0.0081610211,-0.704434651,1706.47935
0.117915659,0.112164181,0.00353176193,1.12294526e-05,0.0527761386,-3.22864385,1703.21813
0.118213288,0.0646303672,-0.00510251637,-0.00388470237,0.011892923,-0.834307304,1705.75383
0.11824657,0,0,0,-0.0371294231,0.518047402,1717.73947
0.118251046,0.115035914,0.0044508419,0.000153568889,0.0557618191,-3.39180118,1703.12745
0.118279922,0.000357650242,4.83734758e-05,-9.29548195e-07,-0.0368761127,0.516357949,1717.63501
0.118315672,0.000741017226,9.81830184e-05,-3.04287696e-06,-0.0366044625,0.511268039,1717.52274
0.118353993,0.00115195011,0.000149281704,-6.7800983e-06,-0.0363131179,0.504224567,1717.40206
0.118395069,0.00159243101,0.000201451956,-1.25279866e-05,-0.03600064,0.496654507,1717.2724
0.118439099,0.00206458457,0.000254422038,-2.06057559e-05,-0.0356654831,0.488538403,1717.13312
0.118486294,0.0025706882,0.000307858309,-3.14111102e-05,-0.0353059865,0.479844361,1716.98356
0.118536883,0.00311318307,0.000361356014,-4.53846369e-05,-0.0349203654,0.470530128,1716.82306
0.118563936,0.117715008,0.00527121915,0.000262030743,0.0586405178,-3.54665791,1702.93491
0.11859111,0.00369468589,0.000414429647,-6.30200677e-05,-0.0345067015,0.460552481,1716.65091
0.118649236,0.00431800152,0.000466502499,-8.48663562e-05,-0.0340629321,0.449857896,1716.46642
0.118711541,0.00498613648,0.000516895443,-0.000111532079,-0.0335868387,0.438385856,1716.26889
0.118745096,0.0696352464,-0.0052095677,-0.00379974569,0.015966842,-0.989803748,1704.96636
0.118778327,0.0057023135,0.000564815033,-0.000143688448,-0.0330760342,0.426065749,1716.05763
0.118849914,0.00646998704,0.000609340921,-0.00018207313,-0.032527949,0.412815287,1715.832
0.118855837,0.120214384,0.00598349053,0.000340403128,0.0614150385,-3.69410522,1702.63063
0.118926649,0.00729285993,0.00064941262,-0.000227487828,-0.0319398153,0.398548601,1715.59143
0.119008902,0.00817490128,0.000683814502,-0.000280784878,-0.0313086503,0.383183734,1715.33545
0.119097069,0.00912036556,0.000711156804,-0.000342892431,-0.0306312369,0.36663593,1715.06373
0.119128157,0.1225461,0.00658258615,0.000392757924,0.0640870725,-3.83501188,1702.21177
0.119191576,0.0101338132,0.000729861762,-0.000414803413,-0.0299041022,0.348804398,1714.77616
0.119292878,0.0112201325,0.000738156837,-0.000497539483,-0.029123493,0.329567791,1714.47288
0.119315143,0.075,-0.00509025109,-0.00361349751,0.0204221995,-1.17674425,1704.16761
0.119382209,0.124721401,0.00706712598,0.000423205278,0.0666575234,-3.970086,1701.68218
0.119401465,0.0123845633,0.000734066638,-0.00059215763,-0.0282853491,0.308790692,1714.15441
0.119517859,0.0136327222,0.000715406103,-0.000699729521,-0.027385271,0.2863256,1713.82173
0.119619219,0.12675078,0.0074388003,0.000435690123,0.0691268079,-4.09987544,1701.05151
0.119642623,0.0149706296,0.000679777884,-0.000821315094,-0.0264184849,0.262012647,1713.47634
0.119776357,0.0164047389,0.000624575303,-0.000957928489,-0.0253798003,0.235683744,1713.12042
0.11984033,0.128644026,0.00770168676,0.000433878349,0.0714951186,-4.2249181,1700.33387
0.11988519,0.0803647536,-0.00470121478,-0.00333132767,0.0249754381,-1.38393916,1703.47726
0.119919708,0.0179419674,0.00054699164,-0.00111049537,-0.0242635627,0.207184397,1712.7569
0.120046608,0.13041027,0.00786168787,0.000421050658,0.0737626394,-4.34562131,1699.54624
0.120073366,0.0195897299,0.000444039553,-0.00127980432,-0.0230635964,0.176346156,1712.38944
0.120238073,0.0213559743,0.000312586917,-0.00146645202,-0.0217731437,0.143009139,1712.02249
0.120239049,0.132058033,0.00792607271,0.000400041503,0.0759297087,-4.46220338,1698.70682
0.120414624,0.0232492201,0.000149429448,-0.00167074354,-0.0203847849,0.107066239,1711.661
0.120416998,0.0853696328,-0.00407992761,-0.00299260419,0.0293209252,-1.59455482,1702.97935
0.120418581,0.133595261,0.00790299201,0.000373260552,0.0779969364,-4.57483092,1697.83366
0.12058607,0.13502937,0.00780114734,0.000342742338,0.0799652765,-4.68351417,1696.94352
0.120603869,0.0252785992,-4.86044879e-05,-0.00189259157,-0.0188903427,0.0684077592,1711.31009
0.120742324,0.136367278,0.00762943784,0.000310179977,0.0818360637,-4.78799254,1696.0512
0.120806722,0.0274539002,-0.000284534369,-0.00213145203,-0.0172807907,0.0269412453,1710.97442
0.120888095,0.137615437,0.00739666153,0.000276948999,0.0836110209,-4.88816843,1695.16913
0.120913131,0.0900387783,-0.00327160749,-0.00262644215,0.0334716377,-1.80492417,1702.66854
0.121024161,0.0297856156,-0.000561037844,-0.00238613815,-0.0155461307,-0.0173007405,1710.65718
0.121024089,0.138779867,0.00711139535,0.00024412058,0.0852922437,-4.98423463,1694.30727
0.121150959,0.139866187,0.00678184999,0.000212472489,0.0868821688,-5.07619358,1693.47323
0.121257234,0.0322849924,-0.000880165464,-0.00265462134,-0.0136752442,-0.0642908949,1710.35894
0.121269319,0.140879634,0.00641572904,0.000182572192,0.0883835312,-5.16393179,1692.67248
0.121375983,0.0943947116,-0.00232458231,-0.00225184429,0.0374410614,-2.01345431,1702.51549
0.121379739,0.141825099,0.00602016339,0.000154822501,0.089799316,-5.24745488,1691.90866
0.121482752,0.14270714,0.0056016809,0.000129475636,0.091132708,-5.32681235,1691.18392
0.121507067,0.0349640862,-0.00124296932,-0.00293389319,-0.0116557347,-0.114036781,1710.07639
0.121578855,0.143530013,0.00516618869,0.000106661418,0.0923870408,-5.40206812,1690.49918
0.121668511,0.144297686,0.00471897424,8.64158537e-05,0.09356575,-5.4733077,1689.85443
0.121752153,0.145013864,0.0042647211,6.87039422e-05,0.0946723284,-5.54063154,1689.24897
0.121774864,0.0378358195,-0.00164900634,-0.0032198344,-0.00947374101,-0.166655635,1709.8011
0.121807786,0.0984584434,-0.00128666874,-0.00188675817,0.0412426951,-2.21699796,1702.47651
0.121830184,0.145681998,0.00380753486,5.34383354e-05,0.0957102867,-5.60416384,1688.6816
0.121902981,0.146305314,0.00335097649,4.04891069e-05,0.0966831198,-5.66405136,1688.15078
0.121970894,0.146886817,0.00289810047,2.97011205e-05,0.0975942766,-5.72042211,1687.65476
0.122034252,0.147429312,0.00245149513,2.09092025e-05,0.0984471362,-5.77342462,1687.19167
0.122061917,0.040914044,-0.00209568366,-0.00350704282,-0.00711372451,-0.222348757,1709.51879
0.122093359,0.147935415,0.00201332361,1.39310774e-05,0.0992449881,-5.82323525,1686.75961
0.122148502,0.148407569,0.00158536512,8.59932812e-06,0.0999910166,-5.86989089,1686.35667
0.122199945,0.14884805,0.00116905532,4.73339839e-06,0.100688289,-5.9135108,1685.98099
0.122210624,0.102249575,-0.000202360855,-0.00154339967,0.0448892876,-2.41374477,1702.50265
0.122247938,0.149258983,0.000765523862,2.32136178e-06,0.101339748,-5.95422241,1685.63078
0.122292711,0.14964235,0.000375630747,5.00938594e-07,0.101948205,-5.99514133,1685.30433
0.122334481,0.15,0,0,0.102516295,-6.01561447,1685
0.12236961,0.0442136074,-0.0025773692,-0.00378831628,-0.0045582267,-0.281415164,1709.20945
0.122586438,0.105786393,0.000888690015,-0.00123002688,0.0483922749,-2.60261884,1702.54708
0.122699428,0.0477504251,-0.00308423522,-0.00405446661,-0.00178759409,-0.344855623,1708.84851
0.122937043,0.109085956,0.00195263028,-0.000951339305,0.0517614169,-2.78322115,1702.56937
0.123052962,0.0515415566,-0.00360078525,-0.00429446238,0.00122033763,-0.414286207,1708.40933
0.123264128,0.112164181,0.00296171912,-0.000709260697,0.0550046496,-2.95563091,1702.53684
0.123431916,0.0556052884,-0.00410434914,-0.00449495585,0.00449061641,-0.491981611,1707.86651
0.123569273,0.115035914,0.00389424095,-0.000503608598,0.0581281297,-3.12025442,1702.42465
0.123838118,0.0599612217,-0.00456320424,-0.00463934874,0.0080516429,-0.581129983,1707.20111
0.123853947,0.117715008,0.00473415002,-0.000332703496,0.061136399,-3.27768575,1702.21581
0.124119526,0.120214384,0.00547054701,-0.000193880992,0.0640326334,-3.42859618,1701.90105
0.124273529,0.0646303672,-0.00493352234,-0.00471113831,0.0119358095,-0.687811959,1706.40725
0.124367289,0.1225461,0.00609706658,-8.38909403e-05,0.066818934,-3.57361619,1701.47838
0.124598432,0.124721401,0.00661123519,7.99638779e-07,0.0694966286,-3.71326956,1700.95233
0.124740248,0.0696352464,-0.0051604484,-0.00468681432,0.0161804765,-0.816681901,1705.50057
0.124814069,0.12675078,0.00701379433,6.37489943e-05,0.0720665564,-3.84805738,1700.33278
0.125015241,0.128644026,0.00730804133,0.000108386242,0.0745293169,-3.97835138,1699.63355
0.125202919,0.13041027,0.00749926942,0.000137905625,0.0768854779,-4.10431953,1698.87086
0.125240526,0.075,-0.00517195379,-0.00455324155,0.0208292283,-0.974422877,1704.52732
0.125378006,0.132058033,0.00759425709,0.000155203794,0.079135738,-4.22605192,1698.06185
0.125539452,0,0,0,-0.0394193879,0.475599415,1718.83299
0.125541349,0.133595261,0.00760079569,0.000162852742,0.0812810408,-4.34359669,1697.22329
0.125567217,0.000357650242,7.13350239e-05,-1.01547715e-06,-0.0391511712,0.474548798,1718.71046
0.12559698,0.000741017226,0.000145229647,-3.35531954e-06,-0.038863578,0.470394394,1718.57889
0.125628882,0.00115195011,0.000221552227,-7.43513193e-06,-0.0385551912,0.463938694,1718.43762
0.125663078,0.00159243101,0.000300090448,-1.3734412e-05,-0.0382245018,0.45705272,1718.28602
0.125693734,0.13502937,0.0075272986,0.000163073884,0.0833226499,-4.45697332,1696.37072
0.125699733,0.00206458457,0.000380568821,-2.25839601e-05,-0.0378698908,0.44967349,1718.1234
0.125739023,0.0025706882,0.000462639619,-3.44191615e-05,-0.0374896211,0.441765702,1717.94908
0.125740804,0.0803647536,-0.0049118973,-0.00431260639,0.0255878996,-1.15574428,1703.62666
0.125781139,0.00311318307,0.00054587201,-4.97190621e-05,-0.0370818282,0.433277798,1717.76235
0.125826283,0.00369468589,0.000629740583,-6.90221439e-05,-0.0366445112,0.424168176,1717.56251
0.125835897,0.136367278,0.00738247702,0.000157755807,0.0852621864,-4.56612841,1695.51776
0.125874674,0.00431800152,0.000713612942,-9.29262595e-05,-0.0361755221,0.414383669,1717.34888
0.125926543,0.00498613648,0.000796736323,-0.000122093941,-0.035672555,0.403864492,1717.12079
0.125968524,0.137615437,0.00717504213,0.000148506583,0.0871016391,-4.67086119,1694.67582
0.125982143,0.0057023135,0.000878223306,-0.00015725537,-0.0351331331,0.392541015,1716.87766
0.12604174,0.00646998704,0.000957036877,-0.000199212203,-0.0345545959,0.380332499,1716.61897
0.126092254,0.138779867,0.00691348961,0.000136657762,0.0888433507,-4.7710956,1693.85406
0.126105622,0.00729285993,0.00103197524,-0.000248834644,-0.0339340841,0.367154964,1716.34434
0.126174098,0.00817490128,0.00110165452,-0.000307047643,-0.0332685231,0.352926295,1716.05355
0.126207522,0.0853696328,-0.00440490821,-0.0039940311,0.0301364202,-1.34357877,1702.91684
0.126207684,0.139866187,0.00660598398,0.000123265974,0.0904899887,-4.86696967,1693.05942
0.126247498,0.00912036556,0.00116448622,-0.000374858626,-0.0325546048,0.337557535,1715.74665
0.126315371,0.140879634,0.00626024407,0.000109155203,0.0920445052,-4.95847972,1692.29693
0.126326175,0.0101338132,0.00121866135,-0.000453347853,-0.0317887671,0.320940085,1715.42396
0.12641051,0.0112201325,0.00126214149,-0.000543633009,-0.0309671703,0.30294423,1715.08623
0.126415834,0.141825099,0.00588344418,9.49649003e-05,0.0935100897,-5.04555541,1691.5699
0.126500909,0.0123845633,0.00129264675,-0.000646877573,-0.0300856712,0.283429645,1714.73466
0.126509557,0.14270714,0.00548216805,8.11856334e-05,0.09489012,-5.12824044,1690.88025
0.126596994,0.143530013,0.00506239257,6.81712012e-05,0.0961881131,-5.20661591,1690.2288
0.126597808,0.0136327222,0.00130764689,-0.000764270013,-0.0291397917,0.262251006,1714.3711
0.126642933,0.0900387783,-0.00369345592,-0.00362923333,0.0344864493,-1.53544385,1702.41122
0.126678566,0.144297686,0.00462948676,5.61630612e-05,0.0974076781,-5.28077704,1689.6155
0.126701675,0.0149706296,0.00130435693,-0.000896996949,-0.0281246844,0.239261438,1713.9981
0.126754665,0.145013864,0.00418822227,4.53142175e-05,0.0985524731,-5.35083864,1689.03963
0.12681301,0.0164047389,0.0012797386,-0.00104620482,-0.0270350912,0.214318348,1713.61903
0.126825659,0.145681998,0.003742796,3.57070669e-05,0.0996261662,-5.41693249,1688.50005
0.126891892,0.146305314,0.003296861,2.73689983e-05,0.100632401,-5.47920281,1687.99528
0.12693235,0.0179419674,0.00123050848,-0.00121296564,-0.0258652946,0.187289026,1713.23813
0.126953681,0.146886817,0.00285356224,2.02863239e-05,0.101574769,-5.53780075,1687.52363
0.127011325,0.147429312,0.00241557521,1.4415454e-05,0.102456784,-5.59289074,1687.08334
0.127049136,0.0943947116,-0.00282585003,-0.00323926667,0.038650145,-1.7295999,1702.09156
0.127060272,0.0195897299,0.001153159,-0.00139823458,-0.024609061,0.158059917,1712.86055
0.127065103,0.147935415,0.00198514656,9.68479731e-06,0.103281863,-5.64464486,1686.67257
0.127115273,0.148407569,0.00156413475,6.02335878e-06,0.104053311,-5.69311585,1686.28952
0.127162077,0.14884805,0.00115404974,3.34720523e-06,0.104774311,-5.73840215,1685.9324
0.127197391,0.0213559743,0.00104399863,-0.00160275155,-0.0232595726,0.12655875,1712.4922
0.127205742,0.149258983,0.000756090489,1.69170314e-06,0.105447912,-5.78080491,1685.59952
0.127246478,0.14964235,0.00037118103,2.84839377e-07,0.10607703,-5.82275384,1685.28924
0.127284481,0.15,0,0,0.106664395,-5.843378,1685
0.127344371,0.0232492201,0.000899203996,-0.0018269732,-0.0218093529,0.092774378,1712.13946
0.12742809,0.0984584434,-0.00184937859,-0.00284444331,0.0426397876,-1.92257509,1701.91854
0.127501919,0.0252785992,0.000714908734,-0.00207103988,-0.020250163,0.0567525073,1711.80868
0.127670795,0.0274539002,0.000487364461,-0.00233461076,-0.0185728844,0.0185892417,1711.50531
0.127781623,0.102249575,-0.000809538202,-0.00245975027,0.0464671415,-2.11200449,1701.84218
0.127851814,0.0297856156,0.000213144136,-0.00261667907,-0.016767397,-0.0215445246,1711.23278
0.12804585,0.0322849924,-0.000110606872,-0.0029154822,-0.0148224146,-0.0634080805,1710.99111
0.128111441,0.105786393,0.000252518696,-0.00209617463,0.050142935,-2.29632267,1701.81095
0.128253837,0.0349640862,-0.00048580529,-0.00322828984,-0.0127252885,-0.106691825,1710.77548
0.128419134,0.109085956,0.00130112599,-0.00176102908,0.053676506,-2.47468606,1701.77835
0.12847678,0.0378358195,-0.000912894312,-0.00355126091,-0.010461787,-0.151223619,1710.57487
0.128706187,0.112164181,0.00230661589,-0.00145859052,0.0570756166,-2.64678807,1701.70685
0.128715753,0.040914044,-0.00139019014,-0.0038793136,-0.00801583596,-0.196886192,1710.37135
0.12897191,0.0442136074,-0.00191301067,-0.00420560928,-0.00536921606,-0.243627166,1710.14009
0.128973984,0.115035914,0.00324536425,-0.0011907111,0.060346442,-2.81269467,1701.56842
0.129223817,0.117715008,0.0040995172,-0.000957407176,0.0634936951,-2.97269601,1701.34416
0.129246486,0.0477504251,-0.00247257372,-0.00452104456,-0.00250121194,-0.29198762,1709.85044
0.129456891,0.120214384,0.004856522,-0.000757369586,0.0665208293,-3.12717432,1701.02383
0.129540805,0.0515415566,-0.0030546876,-0.004814995,0.000611796766,-0.343642314,1709.46823
0.12967433,0.1225461,0.00550854377,-0.000588388162,0.0694302912,-3.27650617,1700.60495
0.129856287,0.0556052884,-0.00363798426,-0.00507440834,0.00399681638,-0.400214807,1708.95918
0.129877182,0.124721401,0.00605180962,-0.000447708466,0.0722237897,-3.42105382,1700.09161
0.130066428,0.12675078,0.00648592765,-0.000332300778,0.0749025581,-3.56110964,1699.49311
0.130194453,0.0599612217,-0.00419155437,-0.00528220272,0.00768482429,-0.464522948,1708.29347
0.130242978,0.128644026,0.00681326226,-0.000239062458,0.0774675882,-3.69684118,1698.82237
0.130407685,0.13041027,0.00703834612,-0.000164962797,0.079919828,-3.82832765,1698.09449
0.130556935,0.0646303672,-0.00467307605,-0.00541982202,0.0117115217,-0.542276645,1707.45201
0.130561343,0.132058033,0.00716732275,-0.000107135916,0.082260336,-3.95558015,1697.32527
0.130704694,0.133595261,0.00720746678,-6.29463222e-05,0.0844903943,-4.07855165,1696.53015
0.130838429,0.13502937,0.00716677571,-3.00184086e-05,0.0866115833,-4.19716135,1695.72332
0.130945482,0.0696352464,-0.00502550356,-0.00546479985,0.0161183802,-0.639131436,1706.43505
0.130963192,0.136367278,0.00705363145,-6.2577332e-06,0.088625821,-4.31134121,1694.91725
0.131079587,0.137615437,0.00687652333,1.01551274e-05,0.0905353732,-4.42102515,1694.12236
0.131188173,0.138779867,0.00664381172,2.07890178e-05,0.0923428426,-4.52602505,1693.34701
0.131289475,0.139866187,0.00636355416,2.69777462e-05,0.0940511414,-4.62626276,1692.59757
0.131361966,0.075,-0.00517847217,-0.00539380878,0.0209539772,-0.763299852,1705.2751
0.131383982,0.140879634,0.00604340425,2.98356885e-05,0.0956634521,-4.72185077,1691.87862
0.131472149,0.141825099,0.00569052744,3.02513087e-05,0.097183183,-4.81285209,1691.19319
0.131554402,0.14270714,0.00531153109,2.89441179e-05,0.0986139194,-4.89926592,1690.54306
0.131631137,0.143530013,0.00491243349,2.65048543e-05,0.0999593758,-4.98112703,1689.92895
0.131702725,0.144297686,0.0044986597,2.33939334e-05,0.10122335,-5.05854831,1689.3508
0.13176951,0.145013864,0.00407505059,1.99653183e-05,0.102409678,-5.13166665,1688.80794
0.131778451,0.0803647536,-0.00506305043,-0.00520641556,0.0259146964,-0.911180812,1704.12513
0.131831816,0.145681998,0.00364588072,1.6483056e-05,0.103522199,-5.20062408,1688.29928
0.131889941,0.146305314,0.00321488542,1.31400883e-05,0.10456472,-5.26557466,1687.82343
0.131944168,0.146886817,0.00278529399,1.00713948e-05,0.105540987,-5.32668227,1687.37882
0.131994757,0.147429312,0.0023598668,7.3659728e-06,0.10645466,-5.38411863,1686.96376
0.132041953,0.147935415,0.00194093405,5.07322397e-06,0.107309297,-5.43805694,1686.57655
0.132085983,0.148407569,0.00153043495,3.22562392e-06,0.108108335,-5.48857285,1686.21547
0.132127059,0.14884805,0.00112995671,1.84167757e-06,0.10885508,-5.53573472,1685.87885
0.132165379,0.149258983,0.000740771356,1.01564519e-06,0.109552703,-5.5800043,1685.56508
0.132166998,0.0853696328,-0.00468773634,-0.00492591347,0.0306663053,-1.07191336,1703.14164
0.132201129,0.14964235,0.000363872233,6.45440227e-08,0.110204229,-5.62321223,1685.27262
0.132234481,0.15,0,0,0.110812495,-5.64412866,1685
0.13252948,0.0900387783,-0.00409361681,-0.00457743988,0.0352187162,-1.24172398,1702.36507
0.132867646,0.0943947116,-0.00332513884,-0.00418822477,0.039582275,-1.41715309,1701.79805
0.133183128,0.0984584434,-0.00242929411,-0.00377767434,0.0437675672,-1.59635167,1701.41425
0.13324673,0,0,0,-0.0418394731,0.388782269,1719.98859
0.133267921,0.000357650242,9.63429146e-05,-1.06076835e-06,-0.0415573242,0.388437554,1719.84828
0.133290636,0.000741017226,0.000196468794,-3.51378256e-06,-0.0412548325,0.385584451,1719.69772
0.133314985,0.00115195011,0.000300249194,-7.77379505e-06,-0.0409305234,0.380302577,1719.53621
0.133341084,0.00159243101,0.00040747619,-1.43636554e-05,-0.040582824,0.37466648,1719.36304
0.13336906,0.00206458457,0.0005178689,-2.36202875e-05,-0.0402100486,0.36859683,1719.17751
0.133399047,0.0025706882,0.000631062886,-3.60012577e-05,-0.0398103903,0.362056795,1718.9789
0.133431191,0.00311318307,0.00074659765,-5.20079194e-05,-0.039381913,0.354991921,1718.76648
0.133465646,0.00369468589,0.000863903177,-7.22042505e-05,-0.0389225416,0.347363954,1718.53955
0.133477447,0.102249575,-0.00145190023,-0.0033638604,0.0477849166,-1.77597884,1701.1683
0.133502578,0.00431800152,0.000982285191,-9.72164463e-05,-0.0384300526,0.3391167,1718.29748
0.133542167,0.00498613648,0.00110090917,-0.000127738882,-0.0379020624,0.330187277,1718.03966
0.133584601,0.0057023135,0.00121878363,-0.000164537076,-0.0373360167,0.320506574,1717.76561
0.133630087,0.00646998704,0.00133474244,-0.000208450048,-0.0367291768,0.309997678,1717.47498
0.133678844,0.00729285993,0.00144742635,-0.000260391537,-0.036078606,0.298575259,1717.16763
0.133731106,0.00817490128,0.00155526569,-0.00032134965,-0.0353811539,0.286145289,1716.84364
0.133752023,0.105786393,-0.000435078838,-0.00296012352,0.0516439308,-1.95391604,1701.00758
0.133787127,0.00912036556,0.00165646642,-0.000392384856,-0.0346334393,0.272604147,1716.50345
0.133847175,0.0101338132,0.00174899071,-0.000474625225,-0.0338318305,0.257837615,1716.14793
0.133911541,0.0112201325,0.00183053425,-0.000569258373,-0.0329724235,0.241722482,1715.77845
0.133980536,0.0123845633,0.00189851056,-0.000677519386,-0.0320510163,0.224130019,1715.39704
0.134008179,0.109085956,0.000584025239,-0.00257641522,0.0553531671,-2.12875631,1700.88108
0.134054491,0.0136327222,0.00195003845,-0.00080067318,-0.0310630798,0.204929903,1715.00649
0.134133765,0.0149706296,0.00198193454,-0.000939990597,-0.0300037235,0.183995973,1714.61048
0.134218738,0.0164047389,0.00199071371,-0.0010967173,-0.0288676547,0.161213006,1714.2137
0.134247153,0.112164181,0.00157397939,-0.00221951607,0.0589199214,-2.29969932,1700.74468
0.134309821,0.0179419674,0.00197260068,-0.00127203502,-0.0276491302,0.136484955,1713.82184
0.134407454,0.0195897299,0.00192355513,-0.00146701683,-0.0263418985,0.109751408,1713.44161
0.134470096,0.115035914,0.00250927853,-0.00189355042,0.0623501551,-2.46637333,1700.56499
0.134512107,0.0213559743,0.00183931484,-0.00168253569,-0.0249391282,0.0810134166,1713.08055
0.134624285,0.0232492201,0.00171544946,-0.00191920265,-0.0234333258,0.050352654,1712.74658
0.134678083,0.117715008,0.00337019851,-0.00160049582,0.0656485621,-2.62867318,1700.31903
0.134744529,0.0252785992,0.00154744283,-0.00217734622,-0.0218162361,0.0179331787,1712.44741
0.134872119,0.120214384,0.00414240814,-0.00134066933,0.0688187252,-2.78663596,1699.9934
0.134873419,0.0274539002,0.00133084857,-0.00245685005,-0.0200787096,-0.0159954436,1712.18947
0.135011577,0.0297856156,0.00106150371,-0.00275698083,-0.0182105505,-0.0510772824,1711.97664
0.135053138,0.1225461,0.00481642347,-0.00111316643,0.0718633214,-2.94037146,1699.58314
0.13515967,0.0322849924,0.000735794136,-0.00307632231,-0.0162003445,-0.0868356212,1711.80865
0.135222014,0.124721401,0.00538697263,-0.000916233799,0.0747843537,-3.08999346,1699.09031
0.13531841,0.0349640862,0.000351017546,-0.00341249907,-0.0140352338,-0.122686463,1711.67947
0.135379562,0.12675078,0.00585234956,-0.000747571812,0.0775833827,-3.23556029,1698.52235
0.135488565,0.0378358195,-9.41470795e-05,-0.00376213951,-0.0117006468,-0.158022539,1711.57598
0.135526541,0.128644026,0.0062137794,-0.000604573572,0.0802617419,-3.37706538,1697.89039
0.135663661,0.13041027,0.00647480723,-0.000484503244,0.0828207197,-3.51444763,1697.20772
0.135670955,0.040914044,-0.000598946171,-0.0041206256,-0.00917998434,-0.192341845,1711.47707
0.135791583,0.132058033,0.00664074428,-0.000384632363,0.0852617093,-3.64760185,1696.48844
0.13586646,0.0442136074,-0.00115970269,-0.00448163835,-0.00645424652,-0.225376656,1711.3537
0.135910923,0.133595261,0.00671817812,-0.000302335529,0.0875863135,-3.7763947,1695.74638
0.136022258,0.13502937,0.0067145482,-0.000235153953,0.0897964167,-3.90068284,1694.99433
0.136076022,0.0477504251,-0.00176891344,-0.00483680417,-0.00350159334,-0.257223361,1711.16971
0.136126125,0.136367278,0.00663778782,-0.000180832674,0.0918942275,-4.02033019,1694.24351
0.136223024,0.137615437,0.00649603275,-0.000137346008,0.0938822884,-4.13523733,1693.50338
0.136300653,0.0515415566,-0.00241369457,-0.0051761683,-0.000296826358,-0.289110343,1710.8835
0.136313423,0.138779867,0.00629739091,-0.000102899767,0.095763466,-4.2453309,1692.7815
0.136397757,0.139866187,0.00604974816,-7.591914e-05,0.0975409244,-4.35048007,1692.0837
0.136476435,0.140879634,0.00576062734,-5.50348646e-05,0.0992180876,-4.45064607,1691.41417
0.136541436,0.0556052884,-0.00307376315,-0.00548701309,0.00318922531,-0.322222309,1710.45084
0.136549835,0.141825099,0.00543710694,-3.90799698e-05,0.100798596,-4.54590275,1690.77572
0.136618311,0.14270714,0.00508576135,-2.70766024e-05,0.102286256,-4.63635488,1690.16999
0.136682193,0.143530013,0.00471261533,-1.82083603e-05,0.103684999,-4.72207807,1689.59768
0.13674179,0.144297686,0.00432312262,-1.17949991e-05,0.104998825,-4.80313315,1689.05874
0.13679739,0.145013864,0.00392216838,-7.27317292e-06,0.106231772,-4.87965767,1688.5526
0.136799532,0.0599612217,-0.00371979954,-0.00575306764,0.00699043508,-0.359548944,1709.82877
0.136849259,0.145681998,0.00351408566,-4.18600398e-06,0.107387866,-4.95181189,1688.07824
0.136897649,0.146305314,0.00310267903,-2.16665011e-06,0.108471097,-5.01976095,1687.63442
0.136942794,0.146886817,0.00269125391,-9.22612376e-07,0.109485383,-5.08367853,1687.21967
0.136984909,0.147429312,0.00228265034,-2.23374843e-07,0.11043455,-5.14374606,1686.83245
0.1370242,0.147935415,0.00187927972,1.07245182e-07,0.111322314,-5.20014514,1686.47118
0.137060855,0.148407569,0.00148316231,2.13844099e-07,0.11215226,-5.25296424,1686.13426
0.137076187,0.0646303672,-0.00431147453,-0.0059553044,0.0111462845,-0.405730162,1708.98163
0.137095051,0.14884805,0.00109596498,2.14753031e-07,0.112927838,-5.3022863,1685.82015
0.137126953,0.149258983,0.000719036951,2.78844455e-07,0.113652351,-5.3485817,1685.52734
0.137156715,0.14964235,0.000353445546,-1.69559243e-07,0.11432895,-5.39322429,1685.25442
0.137184481,0.15,0,0,0.114960595,-5.41459372,1685
0.137372735,0.0696352464,-0.00479305076,-0.00607297499,0.0157030485,-0.46739109,1707.88945
0.137690605,0.075,-0.00509387214,-0.00607577812,0.0207152248,-0.551919301,1706.56222
0.138008476,0.0803647536,-0.0051341162,-0.00595392724,0.0258712732,-0.661366958,1705.15451
0.138305024,0.0853696328,-0.00490689622,-0.00572790269,0.0308233877,-0.78828648,1703.85746
0.138581678,0.0900387783,-0.00444680753,-0.00541624172,0.0355793384,-0.927874868,1702.74171
0.138839775,0.0943947116,-0.00379641513,-0.00504622109,0.0401471874,-1.07974109,1701.83994
0.139080557,0.0984584434,-0.00300148971,-0.00463890276,0.0445353301,-1.24076076,1701.15048
0.139305188,0.102249575,-0.00210654735,-0.00421319857,0.0487521532,-1.40704167,1700.64301
0.139514751,0.105786393,-0.00115383606,-0.00378448728,0.0528056866,-1.57578792,1700.27236
0.139710255,0.109085956,-0.000181336573,-0.00336508224,0.0567032869,-1.7449677,1699.98633
0.139892645,0.112164181,0.000778139162,-0.00296427008,0.0604514192,-1.91317223,1699.73496
0.1400628,0.115035914,0.00169739586,-0.00258858207,0.0640555346,-2.07947125,1699.47901
0.140221541,0.117715008,0.0025548825,-0.00224218203,0.067520061,-2.2432706,1699.18897
0.140369633,0.120214384,0.00333441884,-0.00192728388,0.0708485013,-2.40420318,1698.84566
0.140507791,0.1225461,0.00402472739,-0.00164456271,0.0740435898,-2.56202854,1698.43925
0.140636682,0.124721401,0.0046188636,-0.00139352932,0.0771074796,-2.71655078,1697.9676
0.140756926,0.12675078,0.00511359876,-0.00117285161,0.0800419394,-2.86757624,1697.4345
0.140869104,0.128644026,0.00550879135,-0.000980624012,0.0828485436,-3.01490011,1696.84789
0.140973757,0.13041027,0.00580678382,-0.000814586662,0.0855288373,-3.15830238,1696.21827
0.141071389,0.132058033,0.0060118465,-0.000672298139,0.088084475,-3.2975522,1695.55733
0.141162473,0.133595261,0.00612967964,-0.000551266258,0.0905173209,-3.43241909,1694.87681
0.141247446,0.13502937,0.00616697928,-0.000449044198,0.0928295226,-3.56268594,1694.18778
0.141326719,0.136367278,0.00613106813,-0.000363298078,0.0950235447,-3.68816087,1693.50007
0.141391951,0,0,0,-0.0443970725,0.251192813,1721.2098
0.141400675,0.137615437,0.00602958859,-0.000291850081,0.0971021786,-3.80868727,1692.82204
0.141405524,0.000357650242,0.000122183352,-1.06031171e-06,-0.0441026125,0.251743525,1721.05252
0.141420072,0.000741017226,0.000249421983,-3.52025849e-06,-0.043786956,0.250657442,1720.88383
0.141435668,0.00115195011,0.000381593966,-7.76852309e-06,-0.0434485786,0.247116976,1720.70299
0.141452384,0.00159243101,0.000518496185,-1.43552455e-05,-0.0430858516,0.243340626,1720.50925
0.141469669,0.138779867,0.00587025533,-0.000232709249,0.0990685387,-3.92416452,1692.16047
0.141470302,0.00206458457,0.000659843071,-2.36080847e-05,-0.0426970313,0.239227923,1720.30188
0.141489509,0.0025706882,0.000805254184,-3.59863659e-05,-0.042280251,0.234746098,1720.08012
0.141510097,0.00311318307,0.000954240063,-5.19914201e-05,-0.0418335129,0.229831686,1719.84325
0.141532165,0.00369468589,0.00110618697,-7.219051e-05,-0.0413546791,0.224434257,1719.59059
0.141534036,0.139866187,0.00566066249,-0.000184080347,0.100926033,-4.03453711,1691.5206
0.14155582,0.00431800152,0.00126034033,-9.72152888e-05,-0.0408414619,0.218492907,1719.32155
0.141581176,0.00498613648,0.00141578681,-0.000127764411,-0.0402914138,0.211957217,1719.0356
0.141594084,0.140879634,0.00540812866,-0.000144370575,0.102678328,-4.13973571,1690.90626
0.141608355,0.0057023135,0.00157143524,-0.000164607264,-0.0397019164,0.204764825,1718.73238
0.141637488,0.00646998704,0.00172599668,-0.000208589031,-0.0390701681,0.196826771,1718.41175
0.141650104,0.141825099,0.00511958257,-0.000112159643,0.104329302,-4.23972011,1690.32004
0.141668716,0.00729285993,0.0018779629,-0.000260632756,-0.0383931714,0.188047335,1718.07379
0.14170219,0.00817490128,0.00202558544,-0.000321739543,-0.0376677183,0.178326205,1717.71894
0.141702367,0.14270714,0.00480149363,-8.62088697e-05,0.105882996,-4.33457275,1689.76348
0.141738071,0.00912036556,0.00216685562,-0.000392986007,-0.0368903738,0.167554863,1717.34808
0.141751123,0.143530013,0.00445983125,-6.54609471e-05,0.107343569,-4.42445086,1689.2373
0.141776531,0.0101338132,0.00229948381,-0.000475519997,-0.0360574585,0.155617484,1716.96262
0.141796609,0.144297686,0.00410003717,-4.90159358e-05,0.108715251,-4.50948679,1688.7415
0.141817757,0.0112201325,0.00242088011,-0.000570552928,-0.0351650272,0.142392416,1716.56464
0.141839044,0.145013864,0.00372701342,-3.61089749e-05,0.110002295,-4.5897843,1688.27562
0.141861948,0.0123845633,0.00252813729,-0.000679348429,-0.0342088454,0.127754559,1716.157
0.141878632,0.145681998,0.00334512979,-2.60851152e-05,0.111208945,-4.66547914,1687.83879
0.141909315,0.0136327222,0.00261801739,-0.000803206555,-0.0331843609,0.111579917,1715.74351
0.141915565,0.146305314,0.00295824276,-1.83968155e-05,0.112339394,-4.73675116,1687.42989
0.14195002,0.146886817,0.00256972149,-1.25878906e-05,0.113397761,-4.80379061,1687.04764
0.141960089,0.0149706296,0.00268694381,-0.000943442533,-0.0320866711,0.0937529814,1715.32904
0.141982163,0.147429312,0.00218247828,-8.28109897e-06,0.114388063,-4.86678856,1686.69064
0.142012151,0.147935415,0.00179900189,-5.16814129e-06,0.115314199,-4.925935,1686.35747
0.142014514,0.0164047389,0.00273100051,-0.00110135876,-0.0309104824,0.0741776094,1714.91963
0.142040127,0.148407569,0.0014213926,-2.98714174e-06,0.116179928,-4.98133165,1686.04669
0.142066226,0.14884805,0.00105139768,-1.51621564e-06,0.116988865,-5.03307756,1685.75689
0.142072852,0.0179419674,0.00274594123,-0.00127820867,-0.0296500625,0.0527915263,1714.52251
0.142090575,0.149258983,0.000690446925,-5.04914729e-07,0.117744472,-5.08162972,1685.48671
0.14211329,0.14964235,0.000339685279,-4.16803099e-07,0.118450047,-5.12792433,1685.23483
0.142134481,0.15,0,0,0.119108695,-5.14985701,1685
0.142135385,0.0195897299,0.00272721237,-0.00147515131,-0.0282991816,0.0295841744,1714.14602
0.142202414,0.0213559743,0.00266999419,-0.00169319468,-0.0268510394,0.00461860785,1713.79939
0.142274263,0.0232492201,0.00256927613,-0.00193312787,-0.0252981748,-0.0219439418,1713.49224
0.142351279,0.0252785992,0.00241996193,-0.00219544071,-0.023632357,-0.0498225607,1713.23378
0.142433832,0.0274539002,0.0022169912,-0.00248022872,-0.021844452,-0.0786001271,1713.03169
0.142522321,0.0297856156,0.00195552293,-0.00278708172,-0.0199242503,-0.107707978,1712.8906
0.142617173,0.0322849924,0.00163121952,-0.00311496811,-0.0178602591,-0.136420002,1712.81043
0.142718845,0.0349640862,0.00124062745,-0.00346196318,-0.0156394501,-0.1638715,1712.78461
0.142827828,0.0378358195,0.000781605848,-0.00382525707,-0.0132469488,-0.189128749,1712.79859
0.142944647,0.040914044,0.000253962417,-0.00420091128,-0.0106656558,-0.211328491,1712.82898
0.143069866,0.0442136074,-0.00033966681,-0.00458350078,-0.00787579119,-0.229827821,1712.84344
0.143204089,0.0477504251,-0.000992695935,-0.00496572112,-0.00485435196,-0.244294201,1712.8014
0.143347963,0.0515415566,-0.00169341477,-0.00533843851,-0.00157446632,-0.254959778,1712.65508
0.143502183,0.0556052884,-0.0024235093,-0.00568989438,0.00199537292,-0.262868718,1712.35123
0.143667491,0.0599612217,-0.00315581995,-0.00600527221,0.00589221943,-0.270935942,1711.83371
0.143844686,0.0646303672,-0.00385164017,-0.00626611574,0.010159779,-0.282966175,1711.04801
0.144034622,0.0696352464,-0.00445793066,-0.00645187139,0.0148497882,-0.306363573,1709.94923
0.144238216,0.075,-0.00490630227,-0.00653672836,0.0200236327,-0.348447517,1708.51671
0.144441809,0.0803647536,-0.00510893758,-0.00649191596,0.0253637997,-0.410424304,1706.89108
0.144631746,0.0853696328,-0.00503939902,-0.00633216203,0.0305098914,-0.495046058,1705.28677
0.144808941,0.0900387783,-0.0047257326,-0.00607826783,0.0354672669,-0.602100181,1703.80197
0.144974249,0.0943947116,-0.00421050542,-0.00574938687,0.040241294,-0.725345756,1702.50208
0.145128469,0.0984584434,-0.00353577873,-0.00536816552,0.0448376886,-0.862169012,1701.41794
0.145272343,0.102249575,-0.00274391731,-0.00495227849,0.0492624233,-1.0100518,1700.54639
0.145406566,0.105786393,-0.00187579158,-0.00451888647,0.0535214781,-1.16536149,1699.86075
0.145531785,0.109085956,-0.000969335655,-0.00408204415,0.0576205705,-1.32540881,1699.31807
0.145648604,0.112164181,-5.806259e-05,-0.00365325212,0.0615649256,-1.48809143,1698.86999
0.145757587,0.115035914,0.000829574479,-0.00324136409,0.0653591241,-1.6518312,1698.47341
0.145859259,0.117715008,0.00167041786,-0.0028528216,0.0690070295,-1.81545453,1698.09037
0.145954111,0.120214384,0.00244650108,-0.00249192701,0.0725118059,-1.9780861,1697.69338
0.1460426,0.1225461,0.00314471184,-0.00216117172,0.0758760149,-2.13904728,1697.26615
0.146125153,0.124721401,0.00375630737,-0.00186158829,0.0791017562,-2.29777815,1696.79999
0.146202168,0.12675078,0.00427635058,-0.00159307077,0.0821908253,-2.45379187,1696.29284
0.146274017,0.128644026,0.00470311873,-0.00135466228,0.0851448745,-2.60664525,1695.74758
0.146341047,0.13041027,0.00503752302,-0.00114480165,0.0879655609,-2.7559256,1695.17044
0.14640358,0.132058033,0.00528256277,-0.000961528501,0.0906546679,-2.90124924,1694.56954
0.146461918,0.133595261,0.00544282939,-0.00080264898,0.093214206,-3.04226612,1693.95371
0.146516343,0.13502937,0.00552406801,-0.000665865637,0.0956464797,-3.17866689,1693.33168
0.146567117,0.136367278,0.00553279992,-0.00054887606,0.0979541198,-3.31018969,1692.71147
0.146614484,0.137615437,0.00547600465,-0.000449444877,0.100140101,-3.4366252,1692.10007
0.146658675,0.138779867,0.00536085843,-0.000365453865,0.10220773,-3.55781917,1691.50325
0.146699901,0.139866187,0.00519452534,-0.000294932998,0.104160618,-3.67367256,1690.92556
0.146738361,0.140879634,0.004983996,-0.000236082281,0.106002642,-3.78415217,1690.37038
0.146774242,0.141825099,0.00473596116,-0.000187277094,0.107737905,-3.88927272,1689.84004
0.146807715,0.14270714,0.00445671951,-0.000147065143,0.109370681,-3.98902798,1689.336
0.146838944,0.143530013,0.00415212064,-0.000114157394,0.110905366,-4.0834946,1688.85894
0.146868077,0.144297686,0.00382753482,-8.74260827e-05,0.112346428,-4.17283377,1688.40897
0.146895256,0.145013864,0.00348783801,-6.5894673e-05,0.113698363,-4.25721008,1687.98573
0.146920612,0.145681998,0.00313740713,-4.87220593e-05,0.114965653,-4.33679002,1687.58853
0.146944267,0.146305314,0.00278012881,-3.51849165e-05,0.11615273,-4.41173243,1687.21642
0.146966335,0.146886817,0.00241941938,-2.4662424e-05,0.117263943,-4.48222278,1686.86831
0.146986923,0.147429312,0.00205825149,-1.66285822e-05,0.118303536,-4.548462,1686.54299
0.14700613,0.147935415,0.00169918391,-1.06378481e-05,0.119275622,-4.61063817,1686.2392
0.147024048,0.148407569,0.00134439348,-6.30704723e-06,0.120184173,-4.66888381,1685.95569
0.147040764,0.14884805,0.00099570772,-3.3080589e-06,0.121033003,-4.72334231,1685.6912
0.147056359,0.149258983,0.000654638504,-1.33492243e-06,0.121825762,-4.77454631,1685.44453
0.147070908,0.14964235,0.000322412367,-7.1600966e-07,0.122565932,-4.82251642,1685.2145
0.147084481,0.15,0,0,0.123256795,-4.84481593,1685
0.15,0,0,0,-0.0471,0.058236217,1722.50036
0.150004851,0.000357650242,0.000147586879,-1.00976369e-06,-0.0467955577,0.059927501,1722.3274
0.150010051,0.000741017226,0.000301484229,-3.36095958e-06,-0.0464692249,0.0611855853,1722.14196
0.150015624,0.00115195011,0.000461577903,-7.39076128e-06,-0.0461194363,0.0600656908,1721.94326
0.150021598,0.00159243101,0.00062767197,-1.36594127e-05,-0.0457445182,0.0588757151,1721.73052
0.150028002,0.00206458457,0.000799478905,-2.24674236e-05,-0.0453426803,0.0574892719,1721.50298
0.150034867,0.0025706882,0.000976605639,-3.42552448e-05,-0.0449120083,0.0558730164,1721.25986
0.150042225,0.00311318307,0.00115853762,-4.95022611e-05,-0.0444504554,0.053964615,1721.00044
0.150050112,0.00369468589,0.00134462175,-6.87512065e-05,-0.0439558344,0.0517269871,1720.72408
0.150058566,0.00431800152,0.00153404805,-9.26042959e-05,-0.0434258081,0.0490999298,1720.43021
0.150067628,0.00498613648,0.00172583006,-0.000121731525,-0.0428578799,0.046002613,1720.11841
0.150077342,0.0057023135,0.00191878315,-0.000156876126,-0.0422493836,0.0423527028,1719.78847
0.150087754,0.00646998704,0.00211150236,-0.000198862442,-0.0415974718,0.0380484933,1719.4404
0.150098915,0.00729285993,0.00230234029,-0.000248586487,-0.0408991043,0.0330121713,1719.07456
0.150110878,0.00817490128,0.00248938284,-0.00030701467,-0.0401510345,0.0271762734,1718.69174
0.150123701,0.00912036556,0.00267042541,-0.000375191906,-0.0393497947,0.0204107436,1718.29324
0.150137447,0.0101338132,0.00284295037,-0.000454237581,-0.0384916795,0.0125758955,1717.88104
0.150152181,0.0112201325,0.00300410463,-0.000545341978,-0.037572726,0.003539977,1717.45788
0.150167974,0.0123845633,0.00315068304,-0.000649753506,-0.0365886925,-0.00682941658,1717.02748
0.150184903,0.0136327222,0.00327911595,-0.000768766007,-0.0355350309,-0.0186591435,1716.59464
0.15020305,0.0149706296,0.00338546008,-0.000903699859,-0.0344068554,-0.0320605636,1716.1654
0.150222501,0.0164047389,0.0034653974,-0.00105587701,-0.0331989037,-0.0471171429,1715.74715
0.150243351,0.0179419674,0.00351424524,-0.00122658929,-0.0319054885,-0.0638683459,1715.34861
0.1502657,0.0195897299,0.00352698181,-0.00141705891,-0.0305204383,-0.0822880856,1714.97978
0.150289656,0.0213559743,0.00349829027,-0.00162838937,-0.0290370229,-0.102257938,1714.6516
0.150315334,0.0232492201,0.00342262725,-0.00186150514,-0.0274478592,-0.123537337,1714.37545
0.150342859,0.0252785992,0.00329432394,-0.00211707893,-0.0257447926,-0.145734546,1714.16219
0.150372363,0.0274539002,0.00310772832,-0.00239544659,-0.0239187478,-0.168282194,1714.02099
0.150403989,0.0297856156,0.00285739861,-0.00269650912,-0.0219595482,-0.19042135,1713.95766
0.150437888,0.0322849924,0.00253836493,-0.00301962056,-0.019855679,-0.211200896,1713.97285
0.150474225,0.0349640862,0.0021464772,-0.00336345109,-0.0175939954,-0.229497205,1714.06021
0.150513175,0.0378358195,0.00167890597,-0.00372583862,-0.0151593661,-0.24407327,1714.20477
0.150554926,0.040914044,0.00113472193,-0.00410360417,-0.0125342265,-0.253680193,1714.38201
0.150599678,0.0442136074,0.000515642414,-0.00449239075,-0.00969804076,-0.25718778,1714.55757
0.150647649,0.0477504251,-0.000172808699,-0.00488614912,-0.00662664343,-0.253771063,1714.68782
0.150699069,0.0515415566,-0.000920379118,-0.00527700382,-0.00329144945,-0.243114832,1714.72082
0.150754186,0.0556052884,-0.00171067361,-0.00565509751,0.000341490487,-0.225771186,1714.59695
0.150813266,0.0599612217,-0.00251856132,-0.00600733144,0.00431261789,-0.203506172,1714.24985
0.150876595,0.0646303672,-0.00330774959,-0.00631669259,0.00867021127,-0.179619808,1713.6086
0.150944477,0.0696352464,-0.00402887801,-0.00656163684,0.0134720179,-0.161062001,1712.60296
0.151017241,0.075,-0.0046159382,-0.00672347571,0.0187871601,-0.15892761,1711.17619
0.151090004,0.0803647536,-0.00497025735,-0.00676513837,0.0242945129,-0.170656281,1709.43565
0.151157886,0.0853696328,-0.00505923862,-0.00668098512,0.0296226294,-0.207902188,1707.59739
0.151221215,0.0900387783,-0.00490517271,-0.00649909984,0.0347742726,-0.276524624,1705.77836
0.151280295,0.0943947116,-0.00453918183,-0.00623422523,0.0397518379,-0.364294134,1704.07436
0.151335412,0.0984584434,-0.00400124522,-0.00590103564,0.0445580106,-0.47066586,1702.55169
0.151386832,0.102249575,-0.00333134011,-0.00551890488,0.049195939,-0.593456791,1701.24014
0.151434803,0.105786393,-0.00256795546,-0.00510433046,0.0536691346,-0.729606105,1700.14005
0.151479555,0.109085956,-0.00174780953,-0.00467265924,0.0579812631,-0.875516145,1699.23161
0.151521306,0.112164181,-0.000904188093,-0.00423681258,0.0621359175,-1.02839993,1698.47937
0.151560256,0.115035914,-6.61106281e-05,-0.00380754017,0.0661364353,-1.18599384,1697.84323
0.151596593,0.117715008,0.000742136037,-0.00339334125,0.0699857806,-1.34647021,1697.28276
0.151630492,0.120214384,0.00150107573,-0.00300058461,0.0736864913,-1.50835824,1696.76327
0.151662118,0.1225461,0.0021958694,-0.00263368579,0.0772406979,-1.67046862,1696.26011
0.151691622,0.124721401,0.00281596051,-0.00229538132,0.0806502036,-1.83181556,1695.75654
0.151719147,0.12675078,0.00335460094,-0.00198701887,0.0839166016,-1.99155723,1695.24277
0.151744826,0.128644026,0.00380832633,-0.0017088331,0.0870414024,-2.14896049,1694.71464
0.151768782,0.13041027,0.00417641966,-0.00146020178,0.0900261602,-2.30337918,1694.17225
0.15179113,0.132058033,0.00446039261,-0.00123987222,0.0928725861,-2.45424246,1693.61862
0.15181198,0.133595261,0.00466350434,-0.00104615446,0.095582642,-2.60105055,1693.05846
0.151831431,0.13502937,0.00479032866,-0.00087708124,0.0981586012,-2.74337473,1692.49717
0.151849578,0.136367278,0.004846375,-0.000730536634,0.100603094,-2.88085845,1691.9402
0.151866507,0.137615437,0.00483776413,-0.000604356394,0.102919126,-3.01321779,1691.39256
0.1518823,0.138779867,0.00477095687,-0.000496403655,0.105110063,-3.14024028,1690.85856
0.151897034,0.139866187,0.00465253207,-0.00040462339,0.10717961,-3.26178137,1690.34174
0.15191078,0.140879634,0.00448900969,-0.00032707899,0.109131771,-3.37776152,1689.8448
0.151923603,0.141825099,0.00428671491,-0.00026197912,0.110970807,-3.4881709,1689.36965
0.151935566,0.14270714,0.00405167701,-0.000207688795,0.11270118,-3.59305117,1688.91752
0.151946727,0.143530013,0.00378955342,-0.000162734612,0.114327495,-3.69245103,1688.48904
0.151957139,0.144297686,0.00350558075,-0.000125792679,0.115854455,-3.78645766,1688.08432
0.151966853,0.145013864,0.00320455011,-9.56886018e-05,0.117286802,-3.87522684,1687.70313
0.151975915,0.145681998,0.00289079808,-7.13931477e-05,0.118629277,-3.95894472,1687.34492
0.151984369,0.146305314,0.0025682087,-5.20108638e-05,0.119886576,-4.03782585,1687.00893
0.151992256,0.146886817,0.00224022344,-3.67710012e-05,0.121063314,-4.11205982,1686.69423
0.151999614,0.147429312,0.00190985948,-2.50023976e-05,0.122164001,-4.18182109,1686.39982
0.152006479,0.147935415,0.00157973463,-1.61271709e-05,0.123193013,-4.24731422,1686.12465
0.152012883,0.148407569,0.00125209563,-9.63787444e-06,0.124154575,-4.30868366,1685.86764
0.152018857,0.14884805,0.000928847293,-5.13269287e-06,0.125052749,-4.36619165,1685.6277
0.15202443,0.149258983,0.000611582779,-2.16774561e-06,0.12589142,-4.41982604,1685.40378
0.15202963,0.14964235,0.000301614345,-9.39239045e-07,0.126674298,-4.4699959,1685.19488
0.152034481,0.15,0,0,0.127404895,-4.49352932,1685
0.156984481,0.15,0,0,0.131552995,-4.09061387,1685
0.156988352,0.14964235,0.00027738023,-1.08397307e-06,0.130770616,-4.06537906,1685.17846
0.156992502,0.149258983,0.000561485085,-2.92034349e-06,0.129932054,-4.01257494,1685.36972
0.15699695,0.14884805,0.00085116156,-6.86457847e-06,0.129033493,-3.95659228,1685.5746
0.157001717,0.148407569,0.00114501539,-1.2801567e-05,0.128070943,-3.89600924,1685.79399
0.157006828,0.147935415,0.00144137732,-2.13444218e-05,0.12704022,-3.83140579,1686.02879
0.157012306,0.147429312,0.00173827582,-3.29708423e-05,0.125936963,-3.76246431,1686.27993
0.157018177,0.146886817,0.00203340995,-4.83046457e-05,0.124756647,-3.68906091,1686.54832
0.157024472,0.146305314,0.00232412476,-6.80425882e-05,0.123494596,-3.61098352,1686.83485
0.157031218,0.145681998,0.002607389,-9.29904516e-05,0.122146012,-3.52804847,1687.14036
0.15703845,0.145013864,0.00287977856,-0.000124063069,0.120706004,-3.44004217,1687.46563
0.157046202,0.144297686,0.00313746626,-0.000162311489,0.119169625,-3.34674571,1687.81131
0.157054511,0.143530013,0.00337621849,-0.00020892573,0.117531913,-3.24802189,1688.17786
0.157063417,0.14270714,0.00359140203,-0.000265228665,0.115787947,-3.14377483,1688.56557
0.157072964,0.141825099,0.00377800509,-0.00033268778,0.113932885,-3.033906,1688.97443
0.157083198,0.140879634,0.00393067827,-0.00041291483,0.111962039,-2.91836218,1689.40408
0.157094167,0.139866187,0.00404379678,-0.000507658225,0.109870934,-2.79715001,1689.85381
0.157105925,0.138779867,0.00411154532,-0.000618785558,0.107655353,-2.67033659,1690.32248
0.157118529,0.137615437,0.00412803268,-0.000748256628,0.105311393,-2.53805985,1690.80851
0.157132039,0.136367278,0.00408744059,-0.000898081606,0.102835516,-2.4005354,1691.30996
0.15714652,0.13502937,0.00398421046,-0.0010702637,0.100224578,-2.25806206,1691.82463
0.157162042,0.133595261,0.00381327238,-0.00126672261,0.0974758484,-2.11102793,1692.35031
0.157178681,0.132058033,0.00357031938,-0.00148919538,0.0945870019,-1.95991517,1692.88516
0.157196516,0.13041027,0.0032521292,-0.00173911237,0.0915560952,-1.80530433,1693.42822
0.157215634,0.128644026,0.00285693299,-0.00201744642,0.0883815166,-1.64787915,1693.98017
0.157236126,0.12675078,0.00238482795,-0.00232453462,0.0850619154,-1.48843411,1694.54435
0.157258091,0.124721401,0.00183822505,-0.00265987419,0.0815961128,-1.32788749,1695.12793
0.157281636,0.1225461,0.00122231718,-0.00302189782,0.0779830014,-1.16730202,1695.74297
0.157306874,0.120214384,0.000545544801,-0.00340773705,0.0742214441,-1.0079142,1696.40713
0.157333927,0.117715008,-0.000179972841,-0.00381299904,0.070310183,-0.851172981,1697.14436
0.157362925,0.115035914,-0.000938088588,-0.00423153712,0.0662477803,-0.698819899,1697.98494
0.157394008,0.112164181,-0.00170844627,-0.00465534039,0.0620326109,-0.552914799,1698.96227
0.157427326,0.109085956,-0.00246647835,-0.00507448972,0.0576629091,-0.415897628,1700.10727
0.15746304,0.105786393,-0.00318363861,-0.00547723444,0.0531368736,-0.29063983,1701.44688
0.157501322,0.102249575,-0.00382803717,-0.0058500082,0.0484528315,-0.180545489,1702.9957
0.157542356,0.0984584434,-0.00436545787,-0.00617805525,0.043609444,-0.0892146814,1704.74387
0.157586341,0.0943947116,-0.00475941037,-0.00644565431,0.038605898,-0.019669588,1706.65634
0.157633489,0.0900387783,-0.0049740735,-0.00663560873,0.033442022,0.0279733719,1708.66937
0.157684026,0.0853696328,-0.00497761623,-0.00674127015,0.0281182121,0.0490381545,1710.6897
0.157738198,0.0803647536,-0.00474461113,-0.00674500403,0.0226349635,0.0371266621,1712.60504
0.157796265,0.075,-0.0042528471,-0.00662404002,0.0169919265,0.00350032724,1714.29819
0.157854332,0.0696352464,-0.00354491467,-0.00640019915,0.0115689085,-0.0451993008,1715.57917
0.157908504,0.0646303672,-0.00272782015,-0.00610822508,0.00668764319,-0.103988007,1716.38851
0.157959042,0.0599612217,-0.00186378652,-0.00576620888,0.00227086115,-0.160812991,1716.81374
0.158006189,0.0556052884,-0.000998042264,-0.00539454193,-0.00174536592,-0.210876011,1716.94324
0.158050174,0.0515415566,-0.000163074602,-0.00500721148,-0.00541390317,-0.25167137,1716.8576
0.158091209,0.0477504251,0.000618255993,-0.00461502094,-0.00877851344,-0.282153287,1716.62803
0.15812949,0.0442136074,0.00133066704,-0.0042261374,-0.0118754908,-0.302363349,1716.3168
0.158165204,0.040914044,0.00196517557,-0.00384682431,-0.0147350271,-0.31315332,1715.9777
0.158198522,0.0378358195,0.00251752793,-0.0034817092,-0.0173823463,-0.315806865,1715.65543
0.158229605,0.0349640862,0.00298679131,-0.00313417843,-0.0198386453,-0.311833184,1715.38471
0.158258603,0.0322849924,0.00337455372,-0.00280657251,-0.0221218612,-0.302839965,1715.18994
0.158285656,0.0297856156,0.00368423459,-0.00250038741,-0.0242473013,-0.290361375,1715.08548
0.158310894,0.0274539002,0.00392050766,-0.00221642147,-0.0262281557,-0.275757112,1715.07675
0.158334439,0.0252785992,0.00408884868,-0.00195492156,-0.0280759055,-0.260159101,1715.16185
0.158356405,0.0232492201,0.0041951933,-0.00171569372,-0.0298006445,-0.244473834,1715.33349
0.158376897,0.0213559743,0.00424567458,-0.00149818631,-0.0314113362,-0.229385238,1715.58092
0.158396014,0.0195897299,0.00424642627,-0.00130157639,-0.0329160176,-0.21536493,1715.89158
0.158413849,0.0179419674,0.00420343851,-0.00112484532,-0.0343219585,-0.202711864,1716.25248
0.158430488,0.0164047389,0.00412245323,-0.000966836884,-0.0356357859,-0.191586249,1716.65107
0.15844601,0.0149706296,0.00400889112,-0.000826307812,-0.0368635819,-0.182042216,1717.07589
0.158460491,0.0136327222,0.00386780651,-0.000701969801,-0.0380109596,-0.174055696,1717.51689
0.158474001,0.0123845633,0.00370386315,-0.000592522713,-0.0390831233,-0.167547864,1717.9655
0.158486605,0.0112201325,0.00352131843,-0.00049668571,-0.0400849156,-0.162390985,1718.41468
0.158498363,0.0101338132,0.00332401948,-0.00041321807,-0.041020855,-0.158430183,1718.85874
0.158509332,0.00912036556,0.00311541278,-0.000340934384,-0.0418951665,-0.155558772,1719.29326
0.158519566,0.00817490128,0.00289856194,-0.00027870425,-0.0427118064,-0.153678765,1719.71488
0.158529113,0.00729285993,0.00267617015,-0.000225459606,-0.043474483,-0.152643518,1720.12115
0.158538019,0.00646998704,0.00245060157,-0.000180205641,-0.0441866744,-0.152335765,1720.5104
0.158546329,0.0057023135,0.00222390326,-0.000142032723,-0.0448516436,-0.152617697,1720.88153
0.15855408,0.00498613648,0.00199783269,-0.000110114177,-0.0454724519,-0.153349021,1721.23396
0.158561312,0.00431800152,0.00177388471,-8.36940268e-05,-0.0460519714,-0.15445986,1721.56752
0.158568059,0.00369468589,0.0015533149,-6.20851058e-05,-0.046592896,-0.155877107,1721.88229
0.158574353,0.00311318307,0.00133716376,-4.4666924e-05,-0.0470977515,-0.157521088,1722.17863
0.158580225,0.0025706882,0.00112627924,-3.08857575e-05,-0.0475689055,-0.159335491,1722.45705
0.158585703,0.00206458457,0.000921338619,-2.02429551e-05,-0.0480085763,-0.161286217,1722.71817
0.158590813,0.00159243101,0.000722868998,-1.22995323e-05,-0.0484188418,-0.163305824,1722.96271
0.158595581,0.00115195011,0.000531266191,-6.65111517e-06,-0.0488016471,-0.165354797,1723.19146
0.158600029,0.000741017226,0.000346812039,-3.03974542e-06,-0.0491588128,-0.167277242,1723.4052
0.158604178,0.000357650242,0.000169689649,-9.10344918e-07,-0.0494920419,-0.171413923,1723.60476
0.158608049,0,0,0,-0.0498029274,-0.174472424,1723.79093
0.161934481,0.15,0,0,0.135701095,-3.62831295,1685
0.161945971,0.14964235,0.000250116103,-1.2836261e-06,0.134847841,-3.6020713,1685.16916
0.161958286,0.149258983,0.000505153619,-3.62148152e-06,0.133933059,-3.54688084,1685.35042
0.161971488,0.14884805,0.000763868704,-8.47242497e-06,0.132952551,-3.48813613,1685.54454
0.161985638,0.148407569,0.00102479841,-1.57880452e-05,0.131901977,-3.42462446,1685.7523
0.162000806,0.147935415,0.00128621501,-2.62634919e-05,0.130776812,-3.35687961,1685.9745
0.162017065,0.147429312,0.00154610442,-4.04737761e-05,0.129572365,-3.28461693,1686.21198
0.162034493,0.146886817,0.00180214434,-5.9140462e-05,0.128283804,-3.20773464,1686.46554
0.162053174,0.146305314,0.00205168551,-8.30641038e-05,0.126906183,-3.12602217,1686.73598
0.162073198,0.145681998,0.00229173761,-0.000113163281,0.125434482,-3.03926928,1687.02407
0.162094662,0.145013864,0.00251896036,-0.000150475214,0.123863629,-2.94729671,1687.33054
0.162117669,0.144297686,0.00272966023,-0.000196161971,0.122188569,-2.84996698,1687.65606
0.162142331,0.143530013,0.00291979664,-0.00025151342,0.120404339,-2.74715694,1688.00121
0.162168766,0.14270714,0.0030850019,-0.00031794958,0.118506107,-2.63877299,1688.36648
0.162197102,0.141825099,0.00322061586,-0.000397016198,0.116489223,-2.52476954,1688.75225
0.162227475,0.140879634,0.00332173642,-0.000490373206,0.114349272,-2.40515636,1689.15879
0.162260032,0.139866187,0.00338329083,-0.000599775172,0.112082154,-2.28000552,1689.58624
0.162294931,0.138779867,0.00340013151,-0.000727041764,0.109684127,-2.1494604,1690.03473
0.162332338,0.137615437,0.00336715979,-0.000874015594,0.107151847,-2.01374466,1690.50438
0.162372436,0.136367278,0.00327948092,-0.00104250527,0.104482394,-1.87317077,1690.99544
0.162415416,0.13502937,0.00313259381,-0.00123421139,0.101673286,-1.72814833,1691.50859
0.162461488,0.133595261,0.00292261825,-0.00145063332,0.09872247,-1.57919217,1692.04517
0.162510871,0.132058033,0.00264656179,-0.00169295502,0.0956282961,-1.42693086,1692.60771
0.162563806,0.13041027,0.00230262633,-0.00196190887,0.0923894703,-1.27211615,1693.20047
0.162620547,0.128644026,0.00189055227,-0.00225761797,0.0890049941,-1.11563444,1693.83008
0.162681368,0.12675078,0.00141199372,-0.00257941907,0.0854740908,-0.958522315,1694.50639
0.162746563,0.124721401,0.000870913349,-0.00292567131,0.081796126,-0.801987399,1695.24304
0.162816445,0.1225461,0.000273979146,-0.00329356111,0.0779705289,-0.647433346,1696.05758
0.162891352,0.120214384,-0.000369063505,-0.00367891513,0.07399673,-0.496491132,1696.97109
0.162971645,0.117715008,-0.00104508328,-0.00407605099,0.0698741279,-0.351056957,1698.00915
0.163057711,0.115035914,-0.00173735443,-0.00447762175,0.0656020967,-0.213373598,1699.19957
0.163149967,0.112164181,-0.00242546847,-0.0048747187,0.0611800393,-0.0859563423,1700.56573
0.163248855,0.109085956,-0.00308549996,-0.00525684222,0.0566074902,0.0283447022,1702.12199
0.163354855,0.105786393,-0.00369033965,-0.00561235555,0.0518842739,0.126394582,1703.87224
0.163468476,0.102249575,-0.00421032197,-0.00592756671,0.0470107003,0.204317797,1705.80267
0.163590267,0.0984584434,-0.00461463394,-0.00619103619,0.0419877581,0.261150437,1707.87368
0.163720816,0.0943947116,-0.0048711917,-0.00638842165,0.0368172586,0.293126538,1710.02019
0.163860751,0.0900387783,-0.00494830187,-0.00650751248,0.0315018083,0.295582996,1712.15578
0.164010748,0.0853696328,-0.00482047957,-0.00654113689,0.0260445346,0.267236974,1714.17912
0.164171532,0.0803647536,-0.00446316457,-0.00647274428,0.0204483795,0.210927438,1715.98329
0.164343876,0.075,-0.00385499447,-0.0062941759,0.0147148828,0.131979309,1717.46892
0.16451622,0.0696352464,-0.00305301836,-0.00602682907,0.00922852428,0.038849719,1718.49022
0.164677003,0.0646303672,-0.00216642275,-0.00570585682,0.00430840505,-0.0539099051,1719.036
0.164827,0.0599612217,-0.00125014959,-0.00535046562,-0.000130595418,-0.139258812,1719.21162
0.164966936,0.0556052884,-0.000345741685,-0.00497672221,-0.00415818169,-0.213289391,1719.11247
0.165097484,0.0515415566,0.000516878124,-0.0045961513,-0.00783137793,-0.274286609,1718.82048
0.165219275,0.0477504251,0.00131698332,-0.00421736293,-0.0111968718,-0.321870564,1718.40632
0.165332897,0.0442136074,0.00204099612,-0.00384675031,-0.0142929607,-0.356680078,1717.93163
0.165438896,0.040914044,0.00268099094,-0.00348903687,-0.0171511576,-0.380039259,1717.44951
0.165537785,0.0378358195,0.00323343664,-0.0031476788,-0.0197975124,-0.393708505,1717.00379
0.16563004,0.0349640862,0.00369806481,-0.00282507475,-0.0222536879,-0.399553207,1716.62822
0.165716106,0.0322849924,0.00407700918,-0.00252280442,-0.02453784,-0.399382625,1716.34612
0.1657964,0.0297856156,0.0043741322,-0.00224178668,-0.0266653377,-0.394944725,1716.17055
0.165871307,0.0274539002,0.00459450854,-0.00198237727,-0.028649328,-0.387798894,1716.10552
0.165941189,0.0252785992,0.00474400508,-0.0017444877,-0.0305011808,-0.379225247,1716.1476
0.166006383,0.0232492201,0.00482893717,-0.00152768271,-0.0322308458,-0.370239385,1716.28795
0.166067204,0.0213559743,0.00485580567,-0.0013312462,-0.0338471311,-0.361606326,1716.5143
0.166123945,0.0195897299,0.00483110031,-0.00115425358,-0.0353579191,-0.353854247,1716.81262
0.16617688,0.0179419674,0.00476115196,-0.000995635779,-0.0367703341,-0.347321718,1717.16852
0.166226264,0.0164047389,0.00465202816,-0.000854220832,-0.0380908716,-0.342198269,1717.56818
0.166272335,0.0149706296,0.00450946323,-0.000728780889,-0.0393254985,-0.338531998,1717.99898
0.166315316,0.0136327222,0.00433879839,-0.00061807697,-0.0404797297,-0.336258798,1718.44983
0.166355413,0.0123845633,0.00414494454,-0.000520886928,-0.0415586881,-0.335343877,1718.91128
0.166392821,0.0112201325,0.00393237914,-0.00043600128,-0.0425671501,-0.335736331,1719.3755
0.166427719,0.0101338132,0.00370515175,-0.000362229873,-0.0435095824,-0.337302604,1719.83616
0.166460276,0.00912036556,0.0034668878,-0.000298452875,-0.0443901705,-0.339861607,1720.28829
0.16649065,0.00817490128,0.00322080507,-0.000243638236,-0.0452128417,-0.343209103,1720.72808
0.166518985,0.00729285993,0.00296973936,-0.000196822397,-0.0459812845,-0.347209511,1721.15273
0.16654542,0.00646998704,0.00271616617,-0.000157109726,-0.0466989646,-0.351766737,1721.56028
0.166570082,0.0057023135,0.00246222665,-0.000123672154,-0.0473691388,-0.356732742,1721.9494
0.166593089,0.00498613648,0.00220975335,-9.5759339e-05,-0.0479948676,-0.361984273,1722.31937
0.166614553,0.00431800152,0.00196029561,-7.26958859e-05,-0.0485790257,-0.36744126,1722.66985
0.166634578,0.00369468589,0.00171514821,-5.38662538e-05,-0.0491243127,-0.373027739,1723.00088
0.166653259,0.00311318307,0.001475378,-3.8715005e-05,-0.0496332628,-0.378689555,1723.31274
0.166670686,0.0025706882,0.00124184846,-2.67455697e-05,-0.0501082534,-0.384369521,1723.60591
0.166686945,0.00206458457,0.00101524299,-1.75137572e-05,-0.0505515138,-0.390018181,1723.88099
0.166702113,0.00159243101,0.000796086813,-1.06331187e-05,-0.0509651334,-0.39555678,1724.13872
0.166716264,0.00115195011,0.000584766914,-5.74599532e-06,-0.0513510697,-0.400944766,1724.37988
0.166729465,0.000741017226,0.000381550485,-2.64447948e-06,-0.0517111554,-0.406001406,1724.60527
0.166741781,0.000357650242,0.000186601196,-7.89423005e-07,-0.0520471059,-0.413062776,1724.81575
0.16675327,0,0,0,-0.0523605269,-0.41748909,1725.01214
0.166884481,0.15,0,0,0.139849195,-3.10795969,1685
0.166902545,0.14964235,0.000219887351,-1.50353076e-06,0.138893704,-3.08058125,1685.17252
0.166921908,0.149258983,0.000442783642,-4.33942534e-06,0.13786899,-3.02271961,1685.35742
0.166942663,0.14884805,0.000667370059,-1.00810349e-05,0.136770402,-2.9609381,1685.55547
0.16696491,0.148407569,0.000892133945,-1.87362497e-05,0.135593248,-2.89429654,1685.76744
0.166988757,0.147935415,0.00111531721,-3.10649044e-05,0.134332713,-2.82330418,1685.99411
0.167014319,0.147429312,0.0013348995,-4.77183084e-05,0.13298388,-2.74770964,1686.23627
0.167041719,0.146886817,0.00154858346,-6.94940322e-05,0.131541804,-2.66742237,1686.49471
0.167071089,0.146305314,0.00175378373,-9.72716617e-05,0.130001573,-2.58224499,1686.77024
0.167102571,0.145681998,0.0019476204,-0.000132045742,0.128358337,-2.49201903,1687.06366
0.167136316,0.145013864,0.00212691769,-0.000174922094,0.126607357,-2.39661692,1687.3758
0.167172488,0.144297686,0.00228821091,-0.000227120704,0.124744023,-2.29593041,1687.7075
0.167211261,0.143530013,0.00242776396,-0.000289973679,0.122763945,-2.18988808,1688.05964
0.167252822,0.14270714,0.00254159779,-0.000364918417,0.120663014,-2.07846617,1688.43317
0.167297372,0.141825099,0.00262553269,-0.000453483911,0.118437442,-1.96169418,1688.82913
0.167345124,0.140879634,0.00267524727,-0.000557270128,0.116083785,-1.839663,1689.24872
0.167396311,0.139866187,0.00268635689,-0.000677918164,0.113598974,-1.71253367,1689.69337
0.167451177,0.138779867,0.00265451418,-0.000817069591,0.11098034,-1.58054625,1690.16482
0.16750999,0.137615437,0.00257553479,-0.000976313298,0.108225614,-1.4440288,1690.6653
0.16757303,0.136367278,0.00244555096,-0.00115711814,0.105332915,-1.30340678,1691.19769
0.167640604,0.13502937,0.00226119565,-0.00136074992,0.102300726,-1.1592128,1691.76577
0.167713037,0.133595261,0.00201981876,-0.0015881715,0.0991278584,-1.01209733,1692.37458
0.167790678,0.132058033,0.00171973604,-0.00183992553,0.09581341,-0.86284161,1693.03105
0.167873902,0.13041027,0.00136050926,-0.00211600061,0.092356709,-0.712373285,1693.74431
0.16796311,0.128644026,0.000943252906,-0.00241568322,0.0887572596,-0.561784357,1694.526
0.168058732,0.12675078,0.00047095944,-0.00273740037,0.0850146915,-0.412351953,1695.3904
0.16816123,0.124721401,-5.11708565e-05,-0.00307856128,0.0811287173,-0.265561542,1696.35415
0.168271098,0.1225461,-0.000615415338,-0.00343540961,0.0770991028,-0.123131668,1697.43561
0.168388867,0.120214384,-0.00121125312,-0.00380289563,0.0729256654,0.0129602204,1698.65362
0.168515103,0.117715008,-0.00182515919,-0.00417459843,0.0686083065,0.140484131,1700.02718
0.168650416,0.115035914,-0.00244051558,-0.00454275564,0.0641470816,0.256960579,1701.57237
0.168795459,0.112164181,-0.00303764592,-0.00489839573,0.0595423118,0.359509376,1703.29628
0.168950931,0.109085956,-0.00359401814,-0.00523116901,0.0547947414,0.444936071,1705.19306
0.169117583,0.105786393,-0.00408480998,-0.00553035533,0.049905727,0.510558595,1707.24066
0.169296217,0.102249575,-0.00448359802,-0.00578477575,0.044877434,0.552795144,1709.39792
0.169487696,0.0984584434,-0.00476218128,-0.00598355703,0.0397129924,0.570026843,1711.60352
0.169692944,0.0943947116,-0.00489263313,-0.00611531376,0.0344165483,0.559579605,1713.77897
0.169912949,0.0900387783,-0.0048498999,-0.0061718143,0.0289931201,0.51736109,1715.83476
0.170148774,0.0853696328,-0.00460934528,-0.00614478002,0.0234481071,0.44590619,1717.67814
0.170401556,0.0803647536,-0.00414887587,-0.00602430364,0.0177863633,0.34917649,1719.22196
0.170672515,0.075,-0.00345327421,-0.00580785563,0.0120107609,0.229372825,1720.39335
0.170943473,0.0696352464,-0.00258333204,-0.00551657783,0.00650670502,0.100058109,1721.09607
0.171196255,0.0646303672,-0.00164800001,-0.00518592726,0.00158786793,-0.02200797,1721.3583
0.17143208,0.0599612217,-0.000698128634,-0.00483290854,-0.00283786286,-0.131501649,1721.28884
0.171652085,0.0556052884,0.00022856639,-0.00447079505,-0.00684518668,-0.225613108,1720.97969
0.171834481,0.15,0,0,0.143997295,-2.50504365,1685
0.171857333,0.0515415566,0.00110490443,-0.00410883161,-0.0104946073,-0.30347795,1720.5077
0.171858131,0.14964235,0.000186973592,-1.67003059e-06,0.142875988,-2.47688526,1685.19742
0.171883482,0.149258983,0.000375002909,-4.91080768e-06,0.141672789,-2.41702465,1685.40922
0.171910655,0.14884805,0.000562715083,-1.13985488e-05,0.140383103,-2.35287884,1685.63618
0.171939783,0.148407569,0.000748578694,-2.1206266e-05,0.139002802,-2.283777,1685.87898
0.171971004,0.147935415,0.000930845893,-3.51549466e-05,0.137527895,-2.21026223,1686.13831
0.172004471,0.147429312,0.00110754207,-5.39608552e-05,0.135954491,-2.13214056,1686.41489
0.172040344,0.146886817,0.00127645893,-7.84793107e-05,0.134278782,-2.04938282,1686.70945
0.172048812,0.0477504251,0.0019121018,-0.00375372943,-0.0138351741,-0.365468324,1719.93927
0.172078797,0.146305314,0.00143515053,-0.000109637552,0.132497154,-1.96187459,1687.02275
0.172120015,0.145681998,0.00158093385,-0.000148463115,0.13060619,-1.86953654,1687.35566
0.172164196,0.145013864,0.0017108958,-0.000196076163,0.128602697,-1.77230783,1687.70912
0.172211554,0.144297686,0.00182190779,-0.000253686902,0.126483716,-1.67016395,1688.08425
0.172227446,0.0442136074,0.00263797518,-0.00341030272,-0.0169067301,-0.41277356,1719.33291
0.172262318,0.143530013,0.00191064881,-0.000322586668,0.124246503,-1.56312305,1688.48235
0.172316731,0.14270714,0.0019736394,-0.000404134096,0.121888545,-1.45125096,1688.90501
0.172375057,0.141825099,0.00200728844,-0.000499735308,0.119407574,-1.33466806,1689.35414
0.172394098,0.040914044,0.00327553479,-0.00308196955,-0.0197417441,-0.447091886,1718.73923
0.172437577,0.140879634,0.00200795512,-0.000610816707,0.116801562,-1.21355687,1689.83209
0.172504593,0.139866187,0.00197202826,-0.000738789119,0.114068696,-1.08817045,1690.3418
0.17254957,0.0378358195,0.00382185117,-0.00277114519,-0.0223667985,-0.470464132,1718.20013
0.172576427,0.138779867,0.00189602564,-0.000885001977,0.11120737,-0.95884169,1690.88686
0.172653427,0.137615437,0.00177671577,-0.00105068624,0.108216168,-0.825993634,1691.47173
0.172694613,0.0349640862,0.00427713795,-0.00247943984,-0.0248037954,-0.485097635,1717.74769
0.172735963,0.136367278,0.00161126411,-0.00123688486,0.105093845,-0.690151141,1692.1019
0.172824434,0.13502937,0.00139740542,-0.00144436997,0.10183931,-0.551953891,1692.7841
0.172829926,0.0322849924,0.00464395474,-0.00220776573,-0.0270709476,-0.49310728,1717.40354
0.172919266,0.133595261,0.00113364268,-0.00167354652,0.0984516024,-0.412171069,1693.52651
0.172956163,0.0297856156,0.00492652734,-0.0019565107,-0.0291835562,-0.496361054,1717.17913
0.173020917,0.132058033,0.000819471502,-0.00192434314,0.0949298715,-0.271718273,1694.33913
0.173073931,0.0274539002,0.00513023435,-0.00172566781,-0.0311546211,-0.496488013,1717.07683
0.173129878,0.13041027,0.000455628235,-0.0021960924,0.0912733616,-0.131677163,1695.23371
0.173183799,0.0252785992,0.00526121674,-0.00151488637,-0.0329953279,-0.494882797,1717.09166
0.173246673,0.128644026,4.43538926e-05,-0.00248740402,0.0874814054,0.0066840643,1696.2234
0.173286297,0.0232492201,0.00532605854,-0.00132354458,-0.0347154267,-0.492644144,1717.21334
0.173371866,0.12675078,-0.000410337092,-0.00279603729,0.0835534244,0.141889849,1697.32265
0.17338192,0.0213559743,0.00533152718,-0.00115081027,-0.0363235255,-0.490577663,1717.42827
0.173471127,0.0195897299,0.00528437398,-0.000995700604,-0.0378273162,-0.489239002,1717.72122
0.173506062,0.124721401,-0.000902394298,-0.00311878235,0.0794889434,0.272236515,1698.54642
0.173554351,0.0179419674,0.00519118857,-0.00085714209,-0.0392337478,-0.488951294,1718.07675
0.173631992,0.0164047389,0.00505828498,-0.000733996295,-0.0405491589,-0.489878072,1718.4801
0.173649907,0.1225461,-0.00142349549,-0.00345136317,0.0752876274,0.395779374,1699.90898
0.173704425,0.0149706296,0.00489160172,-0.000625105593,-0.0417793786,-0.492182781,1718.91782
0.173771999,0.0136327222,0.00469666193,-0.000529273709,-0.0429298027,-0.495913416,1719.37811
0.173804094,0.120214384,-0.0019628567,-0.00378838382,0.0709493413,0.510333982,1701.42215
0.17383504,0.0123845633,0.00447855274,-0.000445319852,-0.0440054522,-0.500922012,1719.85089
0.173893852,0.0112201325,0.00424190806,-0.000372142468,-0.045011018,-0.507028749,1720.32782
0.173948718,0.0101338132,0.00399091691,-0.000308685205,-0.0459508951,-0.514091935,1720.80212
0.173969369,0.117715008,-0.00250712131,-0.00412331464,0.066474236,0.613443418,1703.09297
0.173999905,0.00912036556,0.00372933197,-0.000253948859,-0.0468292099,-0.521945475,1721.26846
0.174047658,0.00817490128,0.00346048049,-0.000207002921,-0.047649841,-0.530414702,1721.72274
0.174092207,0.00729285993,0.00318728057,-0.000166987971,-0.0484164373,-0.539368835,1722.1619
0.174133768,0.00646998704,0.00291226882,-0.00013311614,-0.0491324326,-0.548660582,1722.58379
0.174146528,0.115035914,-0.00304035801,-0.00444859755,0.0618628687,0.702381511,1704.92069
0.174172541,0.0057023135,0.00263763211,-0.000104660714,-0.0498010578,-0.558184869,1722.98695
0.174208713,0.00498613648,0.00236523586,-8.09548502e-05,-0.0504253525,-0.567870018,1723.37052
0.174242458,0.00431800152,0.00209665209,-6.13983655e-05,-0.0510081753,-0.577606967,1723.73412
0.17427394,0.00369468589,0.00183318869,-4.54530183e-05,-0.0515522125,-0.587297754,1724.0777
0.17430331,0.00311318307,0.00157591698,-3.26389864e-05,-0.0520599879,-0.596871554,1724.40152
0.17433071,0.0025706882,0.00132569801,-2.25289115e-05,-0.0525338706,-0.606270692,1724.70603
0.174336425,0.112164181,-0.00354424716,-0.00475575365,0.0571163562,0.774314153,1706.89356
0.174356272,0.00206458457,0.00108320695,-1.47405835e-05,-0.0529760834,-0.615455943,1724.99185
0.174380119,0.00159243101,0.000848955692,-8.9435697e-06,-0.0533887105,-0.624350602,1725.25969
0.174402366,0.00115195011,0.000623313779,-4.83080944e-06,-0.0537737051,-0.632915543,1725.51036
0.174423122,0.000741017226,0.000406527576,-2.23996274e-06,-0.0541328964,-0.640972644,1725.74468
0.174442484,0.000357650242,0.000198737283,-6.57672335e-07,-0.054467997,-0.65073266,1725.96352
0.174460548,0,0,0,-0.0547806121,-0.656364126,1726.16774
0.174539976,0.109085956,-0.0039982878,-0.00503549576,0.052236554,0.826168666,1708.98597
0.174758164,0.105786393,-0.00438019278,-0.00527825048,0.0472262435,0.855191755,1711.1568
0.174992041,0.102249575,-0.00466635683,-0.0054756117,0.0420892947,0.859231444,1713.34948
0.175242735,0.0984584434,-0.00483211392,-0.00561565442,0.0368307648,0.835545163,1715.49431
0.175511454,0.0943947116,-0.00485331223,-0.00569160702,0.0314568378,0.781627581,1717.51397
0.175799496,0.0900387783,-0.00470815694,-0.00569861222,0.0259745515,0.699689835,1719.32977
0.176072105,0.15,0,0,0.147548424,-1.94317023,1685
0.176102105,0.14964235,0.000157056541,-1.82773059e-06,0.14609318,-1.91462493,1685.26261
0.17610825,0.0853696328,-0.00437486759,-0.00562759214,0.020391153,0.591646206,1720.86823
0.176134262,0.149258983,0.000313274431,-5.43996089e-06,0.144559192,-1.8537176,1685.53977
0.176168731,0.14884805,0.00046729388,-1.25803839e-05,0.14294299,-1.78822815,1685.83217
0.176205679,0.148407569,0.000617641946,-2.33764552e-05,0.141241712,-1.71783092,1686.14043
0.176245283,0.147935415,0.000762663351,-3.86732554e-05,0.139452527,-1.64310868,1686.4652
0.176287736,0.147429312,0.000900513793,-5.9211876e-05,0.137572675,-1.56391305,1686.80725
0.176333241,0.146886817,0.00102915574,-8.58596199e-05,0.13559943,-1.48027892,1687.16744
0.176382017,0.146305314,0.00114635801,-0.00011953994,0.133530094,-1.39215498,1687.54675
0.176434302,0.145681998,0.00124970009,-0.000161257974,0.13136201,-1.2995177,1687.94637
0.176439204,0.0803647536,-0.0038334465,-0.00547461467,0.0147129349,0.457810576,1722.06781
0.176490345,0.145013864,0.00133658241,-0.000212088798,0.129092583,-1.20237203,1688.3677
0.176550418,0.144297686,0.00140424344,-0.000273170816,0.126719312,-1.10076134,1688.81242
0.176614811,0.143530013,0.00144978543,-0.000345692877,0.124239761,-0.994770266,1689.28258
0.176683834,0.14270714,0.00147021062,-0.000430877427,0.121651538,-0.884531078,1689.78063
0.17675782,0.141825099,0.00146246977,-0.000529957711,0.118952317,-0.770230637,1690.30955
0.176793955,0.075,-0.00307068693,-0.00523711505,0.00894357862,0.302645228,1722.88259
0.176837127,0.140879634,0.00142352497,-0.000644148251,0.116139838,-0.652118511,1690.87296
0.176922135,0.139866187,0.00135042903,-0.000774607471,0.113211907,-0.530516352,1691.4752
0.177013256,0.138779867,0.00124042322,-0.000922391376,0.110166405,-0.405828743,1692.12147
0.177110929,0.137615437,0.00109105541,-0.00108839725,0.107001287,-0.278555668,1692.81796
0.177148707,0.0696352464,-0.00215190883,-0.00493783674,0.003465972,0.143427305,1723.26112
0.177215626,0.136367278,0.000900319748,-0.0012732966,0.103714595,-0.149306731,1693.57197
0.17732785,0.13502937,0.000666818651,-0.00147745704,0.100304493,-0.0188169828,1694.39201
0.177448144,0.133595261,0.000389946219,-0.00170085338,0.0967692491,0.112036234,1695.28778
0.177479661,0.0646303672,-0.00118524908,-0.00461146345,-0.00141383374,-0.00247414662,1723.25821
0.177577088,0.132058033,7.00905431e-05,-0.00194297173,0.093107204,0.242217315,1696.27006
0.177715303,0.13041027,-0.00029114963,-0.00220270555,0.0893168439,0.370504748,1697.35042
0.177788414,0.0599612217,-0.000216666922,-0.0042722183,-0.00579369099,-0.131360166,1722.97471
0.177863457,0.128644026,-0.000690740011,-0.00247824797,0.0853968287,0.49546849,1698.54075
0.178022263,0.12675078,-0.00112398845,-0.00276699167,0.0813460253,0.615460933,1699.85265
0.178076456,0.0556052884,0.000719674874,-0.00393109568,-0.00975225392,-0.241611318,1722.49243
0.178192489,0.124721401,-0.00158433961,-0.00306544683,0.077163556,0.72860402,1701.29645
0.178345176,0.0515415566,0.00159906554,-0.00359535647,-0.0133526751,-0.333155219,1721.87949
0.178374955,0.1225461,-0.00206320426,-0.00336917532,0.0728488677,0.832777303,1702.87948
0.17857054,0.120214384,-0.00254982147,-0.00367280432,0.0684018294,0.925646498,1704.6041
0.17859587,0.0477504251,0.00240441061,-0.00327009384,-0.016645708,-0.406960111,1721.19584
0.178780189,0.117715008,-0.00303123772,-0.00397004273,0.0638228488,1.00462964,1706.46543
0.178829746,0.0442136074,0.00312473414,-0.00295883638,-0.0196722253,-0.464676606,1720.49538
0.179004914,0.115035914,-0.00349243764,-0.00425375404,0.0591130098,1.06697916,1708.44906
0.179047934,0.040914044,0.00375390673,-0.0026639461,-0.0224652513,-0.508392764,1719.82553
0.179245796,0.112164181,-0.00391642834,-0.00451617072,0.0542742378,1.11001024,1710.52906
0.179251486,0.0378358195,0.00428957752,-0.00238693636,-0.0250515905,-0.54037507,1719.22573
0.179441383,0.0349640862,0.0047323256,-0.00212872551,-0.0274531633,-0.562967413,1718.72598
0.179504,0.109085956,-0.00428449474,-0.00474909217,0.0493094789,1.13096503,1712.66682
0.179618542,0.0322849924,0.00508497788,-0.00188970292,-0.0296880683,-0.578468512,1718.34601
0.179780769,0.105786393,-0.00457652615,-0.00494436976,0.0442228711,1.12737895,1714.81127
0.179783816,0.0297856156,0.00535202598,-0.00166985407,-0.0317714069,-0.588934409,1718.09548
0.179938004,0.0274539002,0.00553908511,-0.00146884526,-0.0337159396,-0.59607499,1717.97514
0.18,0.15,0,0,0.147648196,-1.40230411,1685.55234
0.180036204,0.14964235,0.000127042234,-2.12462696e-06,0.145989082,-1.37276959,1685.86701
0.18007501,0.149258983,0.000251772367,-6.33628483e-06,0.144256937,-1.30976152,1686.19669
0.180077439,0.102249575,-0.00477067603,-0.00509330556,0.039019869,1.09713028,1716.90089
0.180081849,0.0252785992,0.00565249471,-0.00128610282,-0.0355325977,-0.601283327,1717.97859
0.180116607,0.14884805,0.000372887712,-1.4431545e-05,0.142449537,-1.24221348,1686.54213
0.180161196,0.148407569,0.000489015786,-2.65234728e-05,0.14056466,-1.17026037,1686.90409
0.18020899,0.147935415,0.000598630988,-4.34155718e-05,0.138599946,-1.09442992,1687.28347
0.180216044,0.0232492201,0.00569902885,-0.00112088555,-0.0372308784,-0.605674136,1718.0943
0.180260221,0.147429312,0.000700050399,-6.58107861e-05,0.13655298,-1.01464026,1687.68129
0.180315136,0.146886817,0.000791431553,-9.45162266e-05,0.134421314,-0.930957749,1688.09876
0.180341238,0.0213559743,0.0056856349,-0.000972309458,-0.0388191492,-0.610059257,1718.30763
0.180373999,0.146305314,0.000870773998,-0.000130380618,0.13220239,-0.843352612,1688.53731
0.180395442,0.0984584434,-0.00484549834,-0.00518753494,0.0337072697,1.03937038,1718.86808
0.180437095,0.145681998,0.000935925564,-0.000174317697,0.129893554,-0.75182333,1688.99862
0.180458033,0.0195897299,0.0056192499,-0.000839391202,-0.0403048794,-0.614979667,1718.6025
0.180504728,0.145013864,0.000984594095,-0.00022729389,0.127492076,-0.656396233,1689.48466
0.180566993,0.0179419674,0.00550663846,-0.000721083921,-0.0416948171,-0.620832669,1718.96273
0.180577223,0.144297686,0.00101436623,-0.000290320575,0.124995162,-0.55713522,1689.99778
0.180654932,0.143530013,0.00102273475,-0.000364440588,0.122399965,-0.454146933,1690.54075
0.180668645,0.0164047389,0.00535424807,-0.000616271082,-0.042995122,-0.627953631,1719.37297
0.18073631,0.0943947116,-0.00478131438,-0.0052234761,0.0282930767,0.952964121,1720.64467
0.180738228,0.14270714,0.00100713607,-0.000450710588,0.119703601,-0.347588601,1691.11685
0.180763477,0.0149706296,0.00516813464,-0.000523825245,-0.0442114658,-0.636375073,1719.81926
0.180827514,0.141825099,0.000964999728,-0.000550177678,0.116903172,-0.237676478,1691.72995
0.180851948,0.0136327222,0.00495394347,-0.000442669691,-0.0453491069,-0.645961651,1720.28937
0.18092322,0.140879634,0.000893811497,-0.000663849557,0.113995787,-0.124695575,1692.38458
0.180934484,0.0123845633,0.00471689032,-0.000371764355,-0.0464129474,-0.65659909,1720.77288
0.181011483,0.0112201325,0.00446172555,-0.000310114371,-0.0474075755,-0.668140168,1721.26114
0.181025807,0.139866187,0.000791192023,-0.000792657276,0.110978583,-0.00901071986,1693.08604
0.181083318,0.0101338132,0.00419272121,-0.000256791749,-0.0483372975,-0.680426272,1721.74712
0.181101688,0.0900387783,-0.00455672786,-0.00519458867,0.0227861013,0.838367087,1722.16741
0.181135771,0.138779867,0.000654992382,-0.000937409738,0.107848753,0.108920893,1693.84048
0.181150333,0.00912036556,0.00391368678,-0.000210926431,-0.0492061636,-0.69331255,1722.22528
0.181212853,0.00817490128,0.00362799154,-0.000171692246,-0.0500179868,-0.706698051,1722.69136
0.181253642,0.137615437,0.000483407868,-0.00109873931,0.104603575,0.228535711,1694.6549
0.18127118,0.00729285993,0.00333858643,-0.000138324671,-0.0507763593,-0.720435698,1723.14216
0.181325593,0.00646998704,0.00304803241,-0.000110130945,-0.0514846656,-0.734358456,1723.57542
0.181376357,0.0057023135,0.0027585295,-8.64839019e-05,-0.0521460937,-0.74833609,1723.98961
0.181379989,0.136367278,0.000275110358,-0.00127703821,0.101240436,0.349148446,1695.53717
0.181423715,0.00498613648,0.00247194773,-6.68162261e-05,-0.0527636456,-0.762257036,1724.3838
0.181467896,0.00431800152,0.00218985865,-5.06178949e-05,-0.0533401464,-0.776025972,1724.75758
0.181493339,0.0853696328,-0.00415138069,-0.00509408262,0.0171951771,0.698330209,1723.38355
0.181509114,0.00369468589,0.00191356412,-3.74323246e-05,-0.0538782531,-0.78956225,1725.11086
0.18151542,0.13502937,2.93989388e-05,-0.00147238613,0.0977568682,0.46993528,1696.49599
0.181547566,0.00311318307,0.00164412449,-2.68523952e-05,-0.0543804628,-0.802799541,1725.44389
0.181583439,0.0025706882,0.00138238552,-1.85171745e-05,-0.0548491209,-0.81568359,1725.75712
0.181616906,0.00206458457,0.00112900379,-1.21046842e-05,-0.0552864283,-0.828178126,1726.05116
0.181648128,0.00159243101,0.000884470211,-7.33874763e-06,-0.0556944494,-0.840208754,1726.32675
0.181660589,0.133595261,-0.000253632558,-0.0016844694,0.09415053,0.589914772,1697.54073
0.181677255,0.00115195011,0.000649131669,-3.96273281e-06,-0.0560751189,-0.851742033,1726.58468
0.181704429,0.000741017226,0.000423210661,-1.84947911e-06,-0.0564302494,-0.862639494,1726.82582
0.181729779,0.000357650242,0.000206822783,-5.18183042e-07,-0.0567615376,-0.874836639,1727.05104
0.18175343,0,0,0,-0.0570705769,-0.881476846,1727.26122
0.181816197,0.132058033,-0.00057291449,-0.00191249465,0.0904192731,0.707929396,1698.6811
0.181913151,0.0803647536,-0.00354943468,-0.00492036315,0.0115278648,0.535376632,1724.2541
0.181982994,0.13041027,-0.000926213949,-0.00215509915,0.08656123,0.822631701,1699.92671
0.182161784,0.128644026,-0.00130994647,-0.00241026606,0.0825748145,0.932468837,1701.28643
0.18235343,0.12675078,-0.00171899384,-0.00267524702,0.0784587785,1.03566445,1702.76738
0.18236315,0.075,-0.00273885906,-0.0046721029,0.00578859186,0.35391105,1724.75362
0.182558856,0.124721401,-0.00214654308,-0.0029465106,0.0742122833,1.1302183,1704.3736
0.182779054,0.1225461,-0.00258396997,-0.00321965714,0.0698349897,1.21389269,1706.10451
0.182813149,0.0696352464,-0.00178734238,-0.00437334383,0.000356582833,0.172482541,1724.86398
0.183015084,0.120214384,-0.00302079519,-0.00348958689,0.0653271724,1.28441266,1707.95314
0.183232961,0.0646303672,-0.000801897364,-0.00405701649,-0.00446967977,0.00896753715,1724.65447
0.183268087,0.117715008,-0.00344465966,-0.00375047033,0.0606898459,1.33909168,1709.90443
0.183539281,0.115035914,-0.00384139394,-0.0039956303,0.055924923,1.37528268,1711.93373
0.183624612,0.0599612217,0.000175423149,-0.0037352173,-0.0087923351,-0.13425643,1724.21339
0.183829976,0.112164181,-0.00419516893,-0.00421802428,0.0510353759,1.39056615,1714.00602
0.18398999,0.0556052884,0.00111337831,-0.00341718423,-0.0126929488,-0.256538949,1723.61078
0.184141573,0.109085956,-0.00448879276,-0.00441035346,0.0460254028,1.38252235,1716.07609
0.184330859,0.0515415566,0.00198936394,-0.00310861465,-0.0162365824,-0.358442907,1722.90559
0.184475575,0.105786393,-0.00470390605,-0.00456564046,0.0409005932,1.34973319,1718.09017
0.184648861,0.0477504251,0.00278777393,-0.00281332627,-0.0194751871,-0.441410457,1722.15137
0.184833594,0.102249575,-0.0048215144,-0.00467558263,0.0356680072,1.28965853,1719.98903
0.184945531,0.0442136074,0.00349864621,-0.00253375205,-0.0224503199,-0.507430823,1721.39766
0.184963636,0.15,0,0,0.140626193,-0.67117049,1687.49155
0.185002737,0.14964235,8.44006064e-05,-2.35327641e-06,0.139179234,-0.641906475,1687.80378
0.185044649,0.149258983,0.000165794023,-7.05980381e-06,0.137651884,-0.579124168,1688.13509
0.185089575,0.14884805,0.000242986781,-1.59090012e-05,0.1360417,-0.5119488,1688.48662
0.185137731,0.148407569,0.000314742851,-2.89981097e-05,0.134345668,-0.4410887,1688.85964
0.18518935,0.147935415,0.00037969476,-4.70530086e-05,0.132560794,-0.367069664,1689.25555
0.185217355,0.0984584434,-0.00482244506,-0.00473586678,0.0303361187,1.20102154,1721.71288
0.185222301,0.040914044,0.00411655604,-0.00227137504,-0.0251953138,-0.558843708,1720.68879
0.18524468,0.147429312,0.000436341232,-7.07054722e-05,0.13068411,-0.289877026,1689.67589
0.185303989,0.146886817,0.00048305014,-0.00010066533,0.128712679,-0.209608762,1690.12236
0.185367563,0.146305314,0.000518063769,-0.000137669368,0.126643604,-0.126272438,1690.5969
0.185435707,0.145681998,0.000539508807,-0.000182501105,0.124474028,-0.0398986125,1691.10167
0.185480504,0.0378358195,0.00463966718,-0.00202698161,-0.0277370544,-0.598143767,1720.06174
0.185508752,0.145013864,0.000545411929,-0.000235979552,0.12220114,0.0494545372,1691.63916
0.185587049,0.144297686,0.000533722116,-0.00029895125,0.119822179,0.141691246,1692.21217
0.185628711,0.0943947116,-0.0046880383,-0.00474164581,0.0249146166,1.08552563,1723.20622
0.185670976,0.143530013,0.00050234091,-0.000372277207,0.117334439,0.236671667,1692.82394
0.185721387,0.0349640862,0.00506892336,-0.00180086022,-0.0300974035,-0.627776467,1719.54439
0.185760938,0.14270714,0.000449161932,-0.000456815913,0.114735272,0.334202913,1693.47816
0.185857368,0.141825099,0.00037212102,-0.000553401029,0.112022099,0.434029394,1694.17902
0.185946111,0.0322849924,0.0054073784,-0.00159296075,-0.0322942977,-0.650048888,1719.15453
0.185960732,0.140879634,0.000269258299,-0.000662813174,0.109192413,0.53582193,1694.93126
0.186069646,0.0900387783,-0.00439950653,-0.00468541389,0.0194139214,0.944379127,1724.42231
0.186071528,0.139866187,0.000138793387,-0.000785745079,0.106243791,0.639165641,1695.74023
0.18615576,0.0297856156,0.00565968112,-0.00140292515,-0.0343426248,-0.667132465,1718.90013
0.186190292,0.138779867,-2.07853239e-05,-0.000922759558,0.103173914,0.743546667,1696.61186
0.186317595,0.137615437,-0.000210616735,-0.00107424002,0.099980575,0.848337783,1697.55259
0.186351346,0.0274539002,0.00583162695,-0.00123015234,-0.0362549093,-0.680835066,1718.78049
0.186454051,0.136367278,-0.000431348573,-0.00124033367,0.0966617087,0.952783112,1698.56933
0.186533811,0.0252785992,0.00592965372,-0.00107388343,-0.0380418416,-0.692527959,1718.78802
0.186542286,0.0853696328,-0.00393897878,-0.00456553256,0.013844276,0.779359765,1725.32726
0.18660032,0.13502937,-0.000683005413,-0.00142088797,0.0932153881,1.05598214,1699.66918
0.186704037,0.0232492201,0.00596058574,-0.000933272299,-0.0397126857,-0.703273047,1718.91026
0.186757105,0.133595261,-0.00096484514,-0.00161538198,0.0896398798,1.15687293,1700.8592
0.186862843,0.0213559743,0.00593153557,-0.000807406641,-0.04127559,-0.713839013,1719.13184
0.186925165,0.132058033,-0.00127520742,-0.00182285264,0.0859337235,1.25421461,1702.14588
0.187010997,0.0195897299,0.0058496135,-0.000695288556,-0.0427378236,-0.724897193,1719.43617
0.187048911,0.0803647536,-0.00329182548,-0.00437984759,0.00821434212,0.593863671,1725.90037
0.187105309,0.13041027,-0.00161135788,-0.00204182352,0.082095756,1.34658165,1703.53457
0.187149212,0.0179419674,0.00572165035,-0.000595853263,-0.0441059541,-0.736963494,1719.80667
0.187278156,0.0164047389,0.00555413768,-0.000508041547,-0.0453859807,-0.750159355,1720.2277
0.187298406,0.128644026,-0.00196933812,-0.00227024018,0.0781251595,1.43235717,1705.02865
0.18739845,0.0149706296,0.00535323858,-0.000430827303,-0.0465834332,-0.764352086,1720.6851
0.187505387,0.12675078,-0.00234383292,-0.00250540941,0.0740215369,1.50972668,1706.62847
0.187510675,0.0136327222,0.00512470129,-0.000363263406,-0.0477034456,-0.779442503,1721.16646
0.187591964,0.075,-0.00244716558,-0.00412821586,0.0025291857,0.392277184,1726.13112
0.187615371,0.0123845633,0.00487379192,-0.000304451526,-0.0487508106,-0.795402016,1721.66124
0.187713044,0.0112201325,0.00460529413,-0.00025349127,-0.0497300206,-0.81216621,1722.16066
0.187727251,0.124721401,-0.0027280605,-0.00274399074,0.0697850019,1.57670326,1708.33029
0.187804165,0.0101338132,0.00432350835,-0.000209540813,-0.0506452985,-0.829585422,1722.65762
0.187889174,0.00912036556,0.00403226297,-0.000171825225,-0.0515006202,-0.847463399,1723.14652
0.187965069,0.1225461,-0.00311369157,-0.00298191425,0.0654162869,1.63106337,1710.12493
0.18796848,0.00817490128,0.00373493632,-0.000139634114,-0.0522997337,-0.865628518,1723.62301
0.188042466,0.00729285993,0.00343448431,-0.000112318924,-0.0530461728,-0.883922416,1724.08387
0.188111489,0.00646998704,0.0031334679,-8.92910367e-05,-0.0537432701,-0.902204186,1724.52681
0.188135018,0.0696352464,-0.0014747532,-0.00383541734,-0.00283700209,0.194165395,1726.02548
0.188175882,0.0057023135,0.00283408206,-7.00179692e-05,-0.0543941666,-0.920348884,1724.95025
0.188219987,0.120214384,-0.00349083314,-0.0032145173,0.0609168648,1.6706457,1711.99663
0.188235955,0.00498613648,0.00253818682,-5.40212618e-05,-0.0550018219,-0.938246336,1725.35328
0.188291999,0.00431800152,0.00224733833,-4.08723288e-05,-0.055569022,-0.955806889,1725.73545
0.188344283,0.00369468589,0.00196281954,-3.0188742e-05,-0.0560983884,-0.972952545,1726.09668
0.18839306,0.00311318307,0.00168566966,-2.16313493e-05,-0.0565923849,-0.98962072,1726.43722
0.188438565,0.0025706882,0.00141671186,-1.49007349e-05,-0.0570533262,-1.00576176,1726.75754
0.188481017,0.00206458457,0.00115657919,-9.73054317e-06,-0.0574833845,-1.0213431,1727.05824
0.188493234,0.117715008,-0.00384805516,-0.00343658655,0.0562890879,1.69299546,1713.92209
0.188520621,0.00159243101,0.000905738546,-5.8944014e-06,-0.0578845972,-1.03629402,1727.34009
0.188557569,0.00115195011,0.000664512719,-3.18241216e-06,-0.0582588738,-1.05058776,1727.60389
0.188592039,0.000741017226,0.000433100309,-1.4969056e-06,-0.058608003,-1.06413627,1727.85053
0.188624196,0.000357650242,0.00021159355,-3.88064433e-07,-0.0589336589,-1.07857904,1728.08089
0.188641643,0.0646303672,-0.000480183631,-0.00353267486,-0.00759368136,0.0176446159,1725.65902
0.188654196,0,0,0,-0.0592374174,-1.0861386,1728.29588
0.18878613,0.115035914,-0.00417242184,-0.00364222334,0.0515363468,1.69565302,1715.86997
0.189100086,0.112164181,-0.00444971061,-0.00382519723,0.0466632162,1.67657815,1717.8012
0.189114283,0.0599612217,0.00049792111,-0.00323042994,-0.011846101,-0.136099786,1725.10562
0.189436616,0.109085956,-0.00466453011,-0.00397944876,0.0416756191,1.63402109,1719.67017
0.189555217,0.0556052884,0.00143091333,-0.00293649505,-0.0156778677,-0.267261318,1724.42316
0.189797345,0.105786393,-0.00480010022,-0.00409791012,0.0365809462,1.56620676,1721.42718
0.189927273,0.15,0,0,0.130489943,0.0400200582,1689.97389
0.189966573,0.0515415566,0.00229808317,-0.0026552716,-0.0191553239,-0.376939421,1723.66224
0.189968478,0.14964235,4.22640106e-05,-2.22017008e-06,0.129305426,0.0670011884,1690.28723
0.190012646,0.149258983,8.10594309e-05,-6.696977e-06,0.128041797,0.125039031,1690.62293
0.190059991,0.14884805,0.0001153564,-1.51064815e-05,0.12669541,0.187329798,1690.98264
0.190110739,0.148407569,0.00014409173,-2.75728431e-05,0.12526213,0.25303576,1691.36806
0.190165137,0.147935415,0.000166090986,-4.47796732e-05,0.123737807,0.32159557,1691.78106
0.190184013,0.102249575,-0.00484033137,-0.00417536107,0.0313880448,1.47285296,1723.02187
0.190223446,0.147429312,0.00018006752,-6.73220713e-05,0.1221183,0.392999962,1692.22366
0.190285948,0.146886817,0.000184626754,-9.5863162e-05,0.120399509,0.467117219,1692.69803
0.190350335,0.0477504251,0.00308517873,-0.00238950187,-0.0223311625,-0.466960016,1722.87089
0.190352944,0.146305314,0.000178273653,-0.000131083511,0.118577396,0.543880744,1693.20658
0.190424757,0.145681998,0.000159424804,-0.000173696149,0.116648015,0.623195102,1693.75191
0.190501734,0.145013864,0.000126426035,-0.000224434236,0.114607539,0.704932063,1694.3369
0.190584246,0.144297686,7.75765971e-05,-0.000284041503,0.112452283,0.788921113,1694.96468
0.190598483,0.0984584434,-0.00476924251,-0.0042083288,0.0261071206,1.35356398,1724.40744
0.190672691,0.143530013,1.1160873e-05,-0.000353258179,0.110178731,0.874943399,1695.63872
0.190708354,0.0442136074,0.00378318698,-0.00214069327,-0.0252472767,-0.539582211,1722.09466
0.190767495,0.14270714,-7.45113387e-05,-0.000432803664,0.107783552,0.962723439,1696.36278
0.190869117,0.141825099,-0.000181054984,-0.000523354814,0.105263625,1.05192005,1697.14099
0.190978045,0.140879634,-0.000309949468,-0.000625519478,0.102616058,1.14211614,1697.97778
0.191042356,0.040914044,0.00438731803,-0.00190954995,-0.0279370882,-0.597326134,1721.37482
0.191042756,0.0943947116,-0.00456874497,-0.00419010894,0.0207494621,1.20875435,1725.54451
0.191094806,0.139866187,-0.000462467211,-0.000739804768,0.099838196,1.23280736,1698.87787
0.191219963,0.138779867,-0.000639590658,-0.000866579754,0.096927645,1.32338978,1699.84622
0.191353953,0.0378358195,0.00489615472,-0.00169623042,-0.0304274319,-0.64280047,1720.74586
0.191354119,0.137615437,-0.000841917798,-0.00100603239,0.0938822798,1.41314662,1700.88789
0.191497921,0.136367278,-0.00106955663,-0.00115812111,0.0907002631,1.50123454,1702.00786
0.191518974,0.0900387783,-0.00422164847,-0.00411649437,0.0153268444,1.04082754,1726.40461
0.191644647,0.0349640862,0.00531092846,-0.00150049809,-0.0327400111,-0.678558302,1720.23343
0.191652064,0.13502937,-0.00132201026,-0.00132252111,0.0873800739,1.58666958,1703.21073
0.19181729,0.133595261,-0.00159805458,-0.00149856873,0.083920563,1.66831646,1704.50031
0.191915842,0.0322849924,0.00563489789,-0.00132191194,-0.0348925424,-0.706952161,1719.85341
0.191994396,0.132058033,-0.00189561205,-0.00168520016,0.0803209508,1.74487546,1705.87914
0.192029434,0.0853696328,-0.00371290141,-0.00398664546,0.00985054409,0.852022074,1726.9719
0.192168844,0.0297856156,0.00587281387,-0.00115986364,-0.0368996692,-0.730084316,1719.61206
0.192184238,0.13041027,-0.00221162852,-0.00188090184,0.0765808434,1.81488543,1707.34779
0.19238773,0.128644026,-0.00254195586,-0.00208365875,0.0727003318,1.87669548,1708.90413
0.192404875,0.0274539002,0.00603055652,-0.00101340483,-0.0387736652,-0.750060517,1719.50734
0.192576599,0.0803647536,-0.00302913926,-0.00379864145,0.00432984149,0.646144624,1727.24123
0.192605854,0.12675078,-0.00288125038,-0.00229089574,0.0686800632,1.92849469,1710.5425
0.192625072,0.0252785992,0.00611472012,-0.00088164899,-0.0405249781,-0.768142489,1719.53064
0.192830499,0.0232492201,0.00613228973,-0.000763793021,-0.0421626429,-0.784760565,1719.66881
0.192839662,0.124721401,-0.00322290072,-0.00249948849,0.0645213274,1.96836916,1712.25276
0.193022145,0.0213559743,0.00609042766,-0.000658823945,-0.0436945972,-0.800995075,1719.90603
0.193090282,0.1225461,-0.00355898071,-0.00270574603,0.0602261606,1.99423209,1714.01948
0.193163107,0.075,-0.00216049053,-0.00355358076,-0.00123012351,0.427153276,1727.21314
0.193200935,0.0195897299,0.00599614213,-0.000565749094,-0.0451279192,-0.818019552,1720.22542
0.193358923,0.120214384,-0.0038802183,-0.00290538815,0.0557974642,2.0039625,1715.82132
0.193367732,0.0179419674,0.00585622666,-0.000483529632,-0.046469006,-0.836002371,1720.61028
0.193523339,0.0164047389,0.00567726738,-0.000411187054,-0.0477237049,-0.854711738,1721.04494
0.19364688,0.117715008,-0.00417607336,-0.00309368294,0.0512391416,1.99550976,1717.6307
0.193668509,0.0149706296,0.00546548958,-0.000347860075,-0.0488974109,-0.874230554,1721.51523
0.193749616,0.0696352464,-0.00117773842,-0.00327600176,-0.00646527301,0.215257202,1726.91216
0.19380394,0.0136327222,0.00522665497,-0.000292668285,-0.0499951386,-0.894652972,1722.00878
0.193930286,0.0123845633,0.00496603219,-0.000244770453,-0.0510215749,-0.915851092,1722.51508
0.193955543,0.115035914,-0.00443485195,-0.00326546398,0.0465562322,1.96686809,1719.41408
0.194048157,0.0112201325,0.00468839928,-0.000203384857,-0.0519811179,-0.937647525,1723.02541
0.194158121,0.0101338132,0.00439805122,-0.000167794917,-0.0528779061,-0.959873893,1723.5327
0.194260709,0.00912036556,0.00409881097,-0.000137339699,-0.0537158398,-0.982359614,1724.03136
0.1942864,0.112164181,-0.00464375663,-0.0034153602,0.0417550505,1.91654335,1721.1328
0.194296781,0.0646303672,-0.000183961373,-0.00299480841,-0.011096456,0.0283801895,1726.41318
0.194356414,0.00817490128,0.00379404701,-0.000111415747,-0.0544985983,-1.00493855,1724.5171
0.1944457,0.00729285993,0.00348669811,-8.94750635e-05,-0.0552296529,-1.02745731,1724.9867
0.194528996,0.00646998704,0.00317930261,-7.10221536e-05,-0.0559122789,-1.04977711,1725.43789
0.194606705,0.0057023135,0.00287403016,-5.56122145e-05,-0.0565495645,-1.07177252,1725.86913
0.194641047,0.109085956,-0.00478881303,-0.00353787683,0.0368433104,1.843364,1722.74493
0.194679201,0.00498613648,0.00257271398,-4.28482763e-05,-0.05714442,-1.09333669,1726.27951
0.194746834,0.00431800152,0.0022768827,-3.23770017e-05,-0.0576995857,-1.11438041,1726.6686
0.194807241,0.0599612217,0.000785865132,-0.00271887473,-0.0152303918,-0.133548897,1725.77229
0.19480993,0.00369468589,0.00198779153,-2.38850446e-05,-0.0582176398,-1.13483145,1727.03634
0.194868793,0.00311318307,0.00170645188,-1.70951461e-05,-0.058701006,-1.15463348,1727.383
0.194890909,0.15,0,0,0.120354459,0.705224764,1692.45605
0.194923708,0.0025706882,0.00143365963,-1.17635446e-05,-0.0591519604,-1.17374201,1727.70906
0.19493347,0.14964235,4.99361263e-06,-1.98296244e-06,0.119301947,0.729731709,1692.79749
0.194974939,0.00206458457,0.00117002137,-7.67407444e-06,-0.0595726394,-1.19212895,1728.01515
0.194979091,0.149258983,5.82983558e-06,-5.97967655e-06,0.118177707,0.782371259,1693.16363
0.195021196,0.105786393,-0.00485600067,-0.00362718785,0.0318301719,1.74510872,1724.20775
0.195022733,0.00159243101,0.000915978574,-4.6450683e-06,-0.059965046,-1.2097278,1728.30203
0.195027993,0.14884805,1.65589501e-06,-1.35162558e-05,0.116977697,0.838797023,1693.55635
0.195067321,0.00115195011,0.000671829845,-2.50856967e-06,-0.0603310574,-1.22651805,1728.57056
0.195080411,0.148407569,-8.39818398e-06,-2.47108922e-05,0.115697528,0.89833732,1693.97759
0.195108918,0.000741017226,0.000437750898,-1.19322869e-06,-0.0606724313,-1.24246026,1728.82161
0.195136598,0.147935415,-2.52867585e-05,-4.02023163e-05,0.114332692,0.960474322,1694.42944
0.195147725,0.000357650242,0.000213812507,-2.7547314e-07,-0.0609908128,-1.25893818,1729.05609
0.195183929,0,0,0,-0.0612877536,-1.2673424,1729.27493
0.195196825,0.147429312,-5.00482567e-05,-6.05461556e-05,0.112878585,1.02515652,1694.91414
0.195261382,0.146886817,-8.3801346e-05,-8.63596533e-05,0.11133053,1.09221085,1695.43409
0.195283459,0.0556052884,0.00170579986,-0.00245466577,-0.0189513926,-0.271573127,1725.03459
0.195330582,0.146305314,-0.000127737694,-0.000118272861,0.109683808,1.16152286,1695.9919
0.195404757,0.145681998,-0.000183110333,-0.000156941898,0.107933691,1.23294212,1696.59032
0.195428678,0.102249575,-0.0048307337,-0.00367972128,0.0267261886,1.62189271,1725.48124
0.195484266,0.145013864,-0.000251216948,-0.000203035473,0.106075478,1.30627846,1697.23233
0.195569492,0.144297686,-0.000333377058,-0.000257224206,0.104104534,1.38129319,1697.9211
0.195660847,0.143530013,-0.000430902242,-0.000320165764,0.102016335,1.45769353,1698.65998
0.195727732,0.0515415566,0.00255708963,-0.00220538241,-0.0223259875,-0.387322357,1724.24196
0.19575877,0.14270714,-0.000545058438,-0.000392487114,0.0998065103,1.53512508,1699.4525
0.195863734,0.141825099,-0.000677019459,-0.000474762995,0.0974708897,1.61316355,1700.30234
0.195865461,0.0984584434,-0.00469750869,-0.00369020412,0.0215431874,1.47580956,1726.53127
0.195976245,0.140879634,-0.000827811066,-0.00056749048,0.0950055479,1.69130582,1701.21326
0.196096847,0.139866187,-0.000998245133,-0.000671059284,0.0924068526,1.76896005,1702.18903
0.196142202,0.0477504251,0.00332686091,-0.00197278504,-0.0254066764,-0.482983497,1723.43653
0.19622612,0.138779867,-0.00118884387,-0.00078571786,0.08967151,1.84543539,1703.23327
0.19633365,0.0943947116,-0.00444102798,-0.00365347616,0.0162938996,1.30717893,1727.33279
0.196364689,0.137615437,-0.00139975439,-0.000911535018,0.0867966094,1.91993092,1704.3493
0.196513222,0.136367278,-0.00163065478,-0.00104835894,0.0837796697,1.99152532,1705.53985
0.196528869,0.0442136074,0.00400704026,-0.00175755659,-0.0282349601,-0.561054136,1722.65952
0.196672435,0.13502937,-0.00188065304,-0.00119576776,0.0806186847,2.05915992,1706.80679
0.196835504,0.0900387783,-0.00404645721,-0.00356807047,0.0109912603,1.11760918,1727.87227
0.196843096,0.133595261,-0.00214818219,-0.00135302535,0.0773121702,2.12164966,1708.15066
0.196889598,0.040914044,0.00459345597,-0.00155972298,-0.0308437975,-0.624209488,1721.94888
0.197026028,0.132058033,-0.00243089539,-0.0015190367,0.0738592125,2.17765916,1709.57023
0.197222114,0.13041027,-0.00272556534,-0.00169229977,0.0702595226,2.22571052,1711.06188
0.197226129,0.0378358195,0.00508507374,-0.00137889369,-0.0332595014,-0.675152315,1721.33627
0.197373444,0.0853696328,-0.00350003928,-0.00343235314,0.00564738807,0.910464459,1728.14748
0.1974323,0.128644026,-0.00302799328,-0.00187086942,0.0665135006,2.26418613,1712.61899
0.197540085,0.0349640862,0.00548333935,-0.00121439758,-0.0355032339,-0.716482028,1720.84493
0.197657599,0.12675078,-0.00333293045,-0.00205231674,0.062622308,2.29133579,1714.2313
0.19783298,0.0322849924,0.00579163189,-0.00106542446,-0.0375921946,-0.750556924,1720.48867
0.197899098,0.124721401,-0.00363402987,-0.00223371892,0.0585879514,2.30533382,1715.88433
0.197950065,0.0803647536,-0.0027895524,-0.00324555082,0.000272017368,0.689267791,1728.16431
0.198106228,0.0297856156,0.00601476175,-0.000931173171,-0.0395405421,-0.779248343,1720.27207
0.198157962,0.1225461,-0.00392382767,-0.00241166862,0.0544133765,2.30429342,1717.55887
0.198361145,0.0274539002,0.00615862007,-0.000810585041,-0.0413601047,-0.804472454,1720.19181
0.198435439,0.120214384,-0.00419374728,-0.00258227863,0.050102574,2.28633497,1719.23085
0.198568147,0.075,-0.00190621225,-0.00300966076,-0.00512973585,0.457656955,1727.93065
0.198598963,0.0252785992,0.00622982159,-0.000703099729,-0.0430609268,-0.8278287,1720.23842
0.198732868,0.117715008,-0.00443414245,-0.00274128723,0.0456606917,2.24970862,1720.87143
0.198820827,0.0232492201,0.00623539632,-0.000607612431,-0.0446516832,-0.850239506,1720.39822
0.199027809,0.0213559743,0.00618243905,-0.000522674943,-0.0461399913,-0.872773714,1720.65517
0.199051684,0.115035914,-0.0046343539,-0.00288409053,0.0410941459,2.19288408,1722.44771
0.199186229,0.0696352464,-0.000921280813,-0.00274892521,-0.0102057427,0.236135546,1727.48275
0.199220906,0.0195897299,0.00607784323,-0.000447576151,-0.047532646,-0.89580334,1720.99237
0.199393424,0.112164181,-0.0047826115,-0.00300606919,0.0364107308,2.1146834,1723.92398
0.19940105,0.0179419674,0.00592841742,-0.000381501975,-0.0488357928,-0.919138352,1721.39321
0.199569109,0.0164047389,0.00574077469,-0.000323634301,-0.0500550567,-0.94303577,1721.84217
0.199725895,0.0149706296,0.00552109007,-0.000273179493,-0.0511956359,-0.967708936,1722.32528
0.199759738,0.109085956,-0.00486668093,-0.00310157412,0.0316196725,2.01326752,1725.26368
0.199762849,0.0646303672,6.49893893e-05,-0.0024900592,-0.0146888526,0.0422748041,1726.89132
0.199854546,0.15,0,0,0.1102197,1.32561376,1694.93803
0.199872163,0.0136327222,0.00527507048,-0.000229351391,-0.05226237,-0.993090779,1722.83036
0.199897752,0.14964235,-2.75725002e-05,-1.74220709e-06,0.10925598,1.34759758,1695.31148
0.199944066,0.149258983,-5.99498218e-05,-5.24330175e-06,0.108226237,1.39470468,1695.71189
0.199993711,0.14884805,-9.78304191e-05,-1.18682087e-05,0.107126545,1.44504777,1696.14126
0.20000862,0.0123845633,0.0050079511,-0.000191433068,-0.0532597901,-1.01903894,1723.34707
0.200046924,0.148407569,-0.000141913686,-2.17153754e-05,0.105952642,1.49809107,1696.60161
0.200103964,0.147935415,-0.000192956787,-3.5360067e-05,0.104700097,1.55333804,1697.09512
0.200135923,0.0112201325,0.00472447852,-0.000158768519,-0.0541921548,-1.0453955,1723.86685
0.20015239,0.105786393,-0.00487488683,-0.00316702723,0.0267316282,1.88915407,1726.43192
0.200165106,0.147429312,-0.000251773486,-5.32993346e-05,0.103364331,1.61070316,1697.62408
0.200230643,0.146886817,-0.000319229407,-7.60873065e-05,0.101940625,1.66999612,1698.19092
0.200254686,0.0101338132,0.00442890989,-0.00013075573,-0.0550634764,-1.07199128,1724.38276
0.200300789,0.0599612217,0.001021019,-0.00224056367,-0.0186858249,-0.125088646,1726.19699
0.200300894,0.146305314,-0.000396234378,-0.000104290296,0.100424149,1.73107949,1698.79819
0.200365483,0.00912036556,0.00412502603,-0.000106845924,-0.0558775412,-1.09865425,1724.88932
0.200376195,0.145681998,-0.000483730792,-0.000138499096,0.0988099808,1.79377168,1699.44857
0.200456912,0.145013864,-0.000582677873,-0.000179315559,0.0970931437,1.85784487,1700.14486
0.200468847,0.00817490128,0.00381615264,-8.65420477e-05,-0.0566379245,-1.12521874,1725.38232
0.200543432,0.144297686,-0.000694031107,-0.000227342025,0.0952686399,1.92301742,1700.88993
0.200565277,0.00729285993,0.00350518647,-6.93961519e-05,-0.0573480024,-1.15153167,1725.85864
0.200573276,0.102249575,-0.00479389128,-0.00319833409,0.0217586247,1.74294185,1727.39841
0.200636173,0.143530013,-0.000818715123,-0.000283166776,0.0933314945,1.98894807,1701.68673
0.200655239,0.00646998704,0.0031946252,-5.50067794e-05,-0.0580109623,-1.1774554,1726.31605
0.200735583,0.14270714,-0.000957589485,-0.000347346588,0.0912768036,2.05522827,1702.53822
0.200739166,0.0057023135,0.00288659889,-4.30149835e-05,-0.0586298111,-1.20287288,1726.75306
0.200802644,0.0556052884,0.00192340622,-0.00200567916,-0.022280636,-0.267723656,1725.43406
0.200817462,0.00498613648,0.00258290251,-3.31011912e-05,-0.0592073836,-1.22768204,1727.16881
0.20084214,0.141825099,-0.00111140694,-0.000420385647,0.0890997882,2.12137443,1703.44729
0.200890507,0.00431800152,0.00228502826,-2.49825948e-05,-0.0597463498,-1.25179957,1727.56289
0.20095636,0.140879634,-0.00128076352,-0.000502710793,0.0867958528,2.18681972,1704.41671
0.200958652,0.00369468589,0.00199419698,-1.84093083e-05,-0.0602492223,-1.27515877,1727.93529
0.201022226,0.00311318307,0.001711388,-1.31617655e-05,-0.0607183628,-1.29770655,1728.2863
0.201024426,0.0984584434,-0.00460884998,-0.00318976039,0.0167138417,1.57439274,1728.14022
0.201078793,0.139866187,-0.00146604011,-0.000594643056,0.0843606486,2.25090586,1705.44896
0.201081534,0.0025706882,0.00143736738,-9.04780616e-06,-0.0611559898,-1.31940719,1728.6164
0.201136865,0.00206458457,0.00117271405,-5.89663567e-06,-0.0615641852,-1.34023867,1728.92627
0.201188484,0.00159243101,0.000917844031,-3.56676763e-06,-0.0619449007,-1.36013887,1729.21668
0.201210029,0.138779867,-0.00166733575,-0.000696365377,0.0817901407,2.31287451,1706.5461
0.20123664,0.00115195011,0.000673032722,-1.92801689e-06,-0.0622999654,-1.37909293,1729.48849
0.201270833,0.0515415566,0.0027552402,-0.00178752193,-0.0255391925,-0.38770301,1724.63663
0.201281566,0.000741017226,0.00043843476,-9.32332185e-07,-0.0626310915,-1.39710935,1729.74261
0.201323478,0.000357650242,0.000214101896,-1.78422477e-07,-0.0629398812,-1.41534918,1729.97996
0.201350702,0.137615437,-0.00188439271,-0.000807887041,0.0790806783,2.37185941,1707.70952
0.201362578,0,0,0,-0.0632278496,-1.42446484,1730.20147
0.20150149,0.136367278,-0.00211651435,-0.000929005546,0.0762290678,2.42687846,1708.93973
0.201508016,0.0943947116,-0.00430653006,-0.00313905989,0.0116111593,1.38588592,1728.64432
0.20166312,0.13502937,-0.00236247854,-0.00105926271,0.0732326477,2.4768246,1710.23598
0.201707615,0.0477504251,0.00350494462,-0.00158695854,-0.0285132331,-0.487506097,1723.84123
0.201836372,0.133595261,-0.00262045059,-0.00119790626,0.0700893659,2.52047693,1711.5959
0.202022082,0.132058033,-0.00288789815,-0.00134385307,0.0667978589,2.55648492,1713.01511
0.202026378,0.0900387783,-0.00387418793,-0.00304438529,0.00646443043,1.17966318,1728.90871
0.202115098,0.0442136074,0.00416532192,-0.00140391907,-0.0312434976,-0.569808622,1723.08513
0.202221145,0.13041027,-0.00316150739,-0.00149564253,0.0633575329,2.58337413,1714.48665
0.202434522,0.128644026,-0.00343710977,-0.00165141019,0.0597686491,2.59957789,1716.00062
0.202495246,0.040914044,0.00473276329,-0.00123781453,-0.0337621796,-0.637386765,1722.40307
0.202582013,0.0853696328,-0.00329919495,-0.00290501849,0.00128638884,0.958805699,1728.94119
0.202663242,0.12675078,-0.00370962374,-0.00180885518,0.0560324118,2.60342647,1717.54365
0.202849894,0.0378358195,0.00520657612,-0.00108776203,-0.0360948472,-0.692984773,1721.82392
0.202908407,0.124721401,-0.00397301563,-0.00196523454,0.0521510611,2.5932288,1719.09863
0.203171201,0.1225461,-0.00422029683,-0.00211739484,0.0481279685,2.56734273,1720.64449
0.203177601,0.0803647536,-0.00257063474,-0.00272101829,-0.00391295215,0.726660987,1728.7556
0.203180751,0.0349640862,0.00558840643,-0.000952733943,-0.0382619763,-0.739202938,1721.36846
0.203452892,0.120214384,-0.00444354973,-0.00226176463,0.0439677361,2.52414264,1722.15633
0.203489414,0.0322849924,0.00588172775,-0.000831632433,-0.0402801454,-0.778377646,1721.04847
0.203754837,0.117715008,-0.00463398964,-0.00239444625,0.0396762911,2.46220444,1723.60589
0.203777371,0.0297856156,0.00609142463,-0.00072342169,-0.0421629548,-0.812364638,1720.86703
0.203816014,0.075,-0.00168075973,-0.00249533832,-0.00912858968,0.486522592,1728.36384
0.204046012,0.0274539002,0.00622329113,-0.000627104115,-0.043921736,-0.842846616,1720.81972
0.204078493,0.115035914,-0.00478193628,-0.00251150739,0.0352609743,2.38050352,1724.96244
0.204296632,0.0252785992,0.00628357646,-0.000541949149,-0.0455660921,-0.871746605,1720.89638
0.204425422,0.112164181,-0.00487702177,-0.00260808689,0.0307306038,2.27720968,1726.1942
0.204454427,0.0696352464,-0.000700784339,-0.00225189602,-0.0140218726,0.258906355,1727.80896
0.20453044,0.0232492201,0.00627913191,-0.000466568726,-0.0471043092,-0.899887894,1721.08306
0.204748564,0.0213559743,0.00621707436,-0.000399888938,-0.0485436634,-0.927779742,1721.36369
0.204797297,0.109085956,-0.0049089223,-0.00267993255,0.0260954937,2.15171879,1727.27038
0.204818182,0.15,0,0,0.100085626,1.88770131,1697.41985
0.204861364,0.14964235,-5.49366446e-05,-1.5070472e-06,0.099190509,1.90711348,1697.82114
0.204907651,0.149258983,-0.000115293216,-4.52403375e-06,0.0982338992,1.94859704,1698.25126
0.204952056,0.0195897299,0.00610444803,-0.00034137448,-0.0498906483,-0.955863197,1721.72157
0.204957267,0.14884805,-0.000181639708,-1.02522841e-05,0.0972120527,1.99276882,1698.71223
0.20501045,0.148407569,-0.000254533515,-1.87686883e-05,0.096120908,2.03919463,1699.2061
0.205050015,0.0646303672,0.000272190444,-0.00201531077,-0.0183381061,0.0609053209,1727.15709
0.205067457,0.147935415,-0.000334564677,-3.0579626e-05,0.0949562245,2.08741142,1699.73504
0.205128563,0.147429312,-0.000422353677,-4.61221118e-05,0.0937135893,2.13733494,1700.3013
0.205141897,0.0179419674,0.00594814292,-0.000290149824,-0.0511511442,-0.984211272,1722.14035
0.205194063,0.146886817,-0.000518544995,-6.58869016e-05,0.092388428,2.18876012,1700.90721
0.205195911,0.105786393,-0.00486606441,-0.00272390866,0.0213674126,2.0059219,1728.16354
0.205264273,0.146305314,-0.00062379859,-9.03772492e-05,0.0909760188,2.24152666,1701.55519
0.205319004,0.0164047389,0.00575462342,-0.000245504333,-0.0523305404,-1.01312499,1722.60485
0.205339531,0.145681998,-0.000738778416,-0.000120118096,0.0894715121,2.2954188,1702.24767
0.205420201,0.145013864,-0.000864136922,-0.000155642439,0.0878699551,2.3501607,1702.98712
0.20548423,0.0149706296,0.00552994125,-0.000206728933,-0.0534338263,-1.04264829,1723.10142
0.205506671,0.144297686,-0.00100049574,-0.000197483326,0.0861663226,2.40543465,1703.77599
0.205599359,0.143530013,-0.00114842116,-0.000246160715,0.0843555539,2.46086596,1704.61664
0.205605649,0.0599612217,0.00120976214,-0.00179181255,-0.0221828424,-0.10958882,1726.43606
0.205623187,0.102249575,-0.0047360634,-0.00273499095,0.0165594694,1.8401598,1728.852
0.205638372,0.0136327222,0.00527971978,-0.000173169863,-0.0544656549,-1.072689,1723.6182
0.205698712,0.14270714,-0.00130839384,-0.00030216536,0.0824325973,2.51600525,1705.5113
0.205782175,0.0123845633,0.00500911459,-0.000144236428,-0.0554303898,-1.10310998,1724.14512
0.205805208,0.141825099,-0.00148077228,-0.000365938207,0.0803924617,2.57032401,1706.46195
0.205916331,0.0112201325,0.00472279982,-0.000119390734,-0.0563321382,-1.13374872,1724.67386
0.205919362,0.140879634,-0.00166574957,-0.000437846752,0.0782302754,2.62320877,1707.47024
0.206041488,0.0101338132,0.00442496742,-9.81453449e-05,-0.0571747753,-1.16443204,1725.19769
0.206041724,0.139866187,-0.00186330339,-0.000518159156,0.075941353,2.67395451,1708.5373
0.206081187,0.0984584434,-0.00450728412,-0.00270981227,0.0116858091,1.65424892,1729.32236
0.206124012,0.0556052884,0.00209090725,-0.00158548287,-0.0256387631,-0.254958321,1725.67063
0.206158249,0.00912036556,0.00411933755,-8.00606884e-05,-0.0579619616,-1.19498753,1725.7113
0.206172885,0.138779867,-0.00207313885,-0.000607010462,0.0735212699,2.7217499,1709.66362
0.206267177,0.00817490128,0.00380917903,-6.4742024e-05,-0.0586971572,-1.22525155,1726.21062
0.206313477,0.137615437,-0.00229462547,-0.000704370101,0.0709659432,2.76569057,1710.84878
0.206368799,0.00729285993,0.00349733543,-5.1836333e-05,-0.0593836319,-1.25507458,1726.69264
0.206463603,0.00646998704,0.00318625469,-4.10291006e-05,-0.0600244744,-1.28432442,1727.15521
0.206464178,0.136367278,-0.00252672957,-0.000810011816,0.0682717201,2.80476193,1712.0912
0.206552048,0.0057023135,0.00287802086,-3.2041033e-05,-0.0606225999,-1.31288746,1727.59693
0.206572119,0.0943947116,-0.00416783831,-0.00264666808,0.00676110818,1.45047123,1729.57128
0.206607601,0.0515415566,0.00290044268,-0.00139741958,-0.0287704569,-0.377638491,1724.88838
0.206625715,0.13502937,-0.00276794175,-0.000923467112,0.0654354715,2.83782078,1713.3879
0.20663456,0.00498613648,0.00257438662,-2.4625335e-05,-0.0611807578,-1.34066823,1728.01698
0.206711537,0.00431800152,0.00227680534,-1.85638478e-05,-0.0617015379,-1.36759286,1728.41501
0.20678335,0.00369468589,0.00198646242,-1.36644187e-05,-0.0621873776,-1.3935998,1728.79106
0.206798867,0.133595261,-0.0030162019,-0.00104398485,0.0624546912,2.86362232,1714.73408
0.206850346,0.00311318307,0.00170430521,-9.75956153e-06,-0.0626405684,-1.41864303,1729.14542
0.206912848,0.0025706882,0.00143107097,-6.70275784e-06,-0.0630632625,-1.44269562,1729.47864
0.206971157,0.00206458457,0.00116731296,-4.36396362e-06,-0.0634574792,-1.4657381,1729.7914
0.20698447,0.132058033,-0.00326882773,-0.00117050334,0.0593275989,2.88083525,1716.12282
0.207025554,0.00159243101,0.000913424481,-2.63816829e-06,-0.063825112,-1.48771289,1730.0845
0.207058751,0.0477504251,0.00362800169,-0.00122764838,-0.0316284585,-0.480340973,1724.12109
0.207076303,0.00115195011,0.000669660819,-1.4294218e-06,-0.0641679344,-1.50861099,1730.3588
0.207098352,0.0900387783,-0.00370585381,-0.00254370105,0.00179982415,1.231814,1729.60565
0.207123647,0.000741017226,0.00043615893,-7.09870413e-07,-0.0644876067,-1.52849265,1730.61524
0.207167815,0.000357650242,0.000212955285,-9.57444732e-08,-0.0647856821,-1.54832584,1730.85475
0.207183419,0.13041027,-0.00352245204,-0.00130161691,0.056053247,2.88804895,1717.54474
0.207209021,0,0,0,-0.0650636326,-1.55809449,1731.07828
0.207396673,0.128644026,-0.00377296915,-0.00143555052,0.0526316292,2.88377978,1718.98759
0.207479638,0.0442136074,0.0042671894,-0.00107539737,-0.0342523934,-0.565869186,1723.40226
0.207625261,0.12675078,-0.00401549523,-0.00157013944,0.0490637909,2.86650313,1720.43605
0.207662423,0.0853696328,-0.00311012897,-0.00240133675,-0.00318495905,1.00118604,1729.44095
0.207870285,0.124721401,-0.00424433577,-0.00170282589,0.0453519383,2.83464867,1721.87158
0.20787229,0.040914044,0.00481489126,-0.000939511747,-0.0366734259,-0.637055171,1722.76339
0.208132928,0.1225461,-0.00445297619,-0.00183067668,0.0414995458,2.78669634,1723.27243
0.208238603,0.0378358195,0.00527068336,-0.000818668432,-0.0389162126,-0.696642151,1722.23052
0.208267053,0.0803647536,-0.00237097522,-0.0022204706,-0.00818314317,0.76178459,1729.09595
0.208414456,0.120214384,-0.00463411881,-0.00195033248,0.0375114565,2.72124,1724.61402
0.208580344,0.0349640862,0.00563632036,-0.000711513736,-0.0410004259,-0.747184884,1721.82196
0.208716227,0.117715008,-0.00477983331,-0.00205834744,0.0333939729,2.63725528,1725.86954
0.208899159,0.0322849924,0.00591528791,-0.000616802539,-0.0429419367,-0.790955698,1721.54751
0.208915159,0.075,-0.00148161574,-0.00200507512,-0.0131899353,0.516513541,1728.58408
0.209039698,0.115035914,-0.00488164242,-0.00215072394,0.0291549291,2.53360702,1727.01102
0.209196589,0.0297856156,0.00611237969,-0.000533227578,-0.0447537277,-0.830178628,1721.40879
0.209386427,0.112164181,-0.00493052918,-0.00222298082,0.0248037268,2.40952754,1728.01089
0.209474066,0.0274539002,0.00623317791,-0.00045969599,-0.0464465917,-0.86664223,1721.40045
0.209563265,0.0696352464,-0.000512720285,-0.00177872195,-0.0178813881,0.285699313,1727.95359
0.20973293,0.0252785992,0.00628397972,-0.000394816195,-0.0480296614,-0.900983489,1721.51188
0.209758087,0.109085956,-0.00491679016,-0.00227273698,0.0203513244,2.26583981,1728.84387
0.209781818,0.15,0,0,0.0899522011,2.39700067,1699.9015
0.209824341,0.14964235,-7.79210476e-05,-1.29734026e-06,0.0891144731,2.41389955,1700.32326
0.20986992,0.149258983,-0.000161782648,-3.88932574e-06,0.0882190994,2.44992756,1700.77513
0.209918778,0.14884805,-0.000252046306,-8.82120851e-06,0.087262524,2.48814419,1701.25912
0.209971148,0.148407569,-0.000349149558,-1.6153515e-05,0.0862408973,2.52817304,1701.77727
0.209974429,0.0232492201,0.00627168696,-0.000337745579,-0.0495108114,-0.933956982,1721.72902
0.210027284,0.147935415,-0.000453540537,-2.63256991e-05,0.0851501895,2.5695706,1702.33166
0.210087457,0.147429312,-0.000565674248,-3.97161776e-05,0.0839861956,2.61223467,1702.92447
0.210151956,0.146886817,-0.000686004858,-5.6749199e-05,0.0827445417,2.65594124,1703.55786
0.210156472,0.105786393,-0.00482968677,-0.00229582071,0.0158101612,2.10262966,1729.48915
0.210167896,0.0646303672,0.000442054807,-0.00156399369,-0.0220156207,0.0858619837,1727.26602
0.210199728,0.0213559743,0.00620320404,-0.000288112118,-0.0508969577,-0.966378003,1722.03597
0.210221093,0.146305314,-0.000814976149,-7.7857959e-05,0.0814206959,2.70048466,1704.23403
0.210295201,0.145681998,-0.000953009871,-0.000103492931,0.0800099832,2.7456355,1704.95513
0.210374638,0.145013864,-0.00110049116,-0.000134114321,0.0785076057,2.79111458,1705.72326
0.210409913,0.0195897299,0.00608538081,-0.000244974355,-0.0521942785,-0.998904746,1722.41635
0.210459787,0.144297686,-0.0012577493,-0.000170183493,0.0769086679,2.83657025,1706.54035
0.210551058,0.143530013,-0.0014250346,-0.000212147321,0.0752082089,2.88158995,1707.40818
0.210583502,0.102249575,-0.00465869251,-0.00228770282,0.0111939757,1.92002727,1729.93263
0.210606,0.0179419674,0.0059249427,-0.000207503885,-0.0534083759,-1.03207327,1722.85424
0.210648893,0.14270714,-0.00160249153,-0.000260423913,0.0734012418,2.9256919,1708.3282
0.210731967,0.0599612217,0.00135729257,-0.00136587646,-0.0256958917,-0.0859147311,1726.53811
0.210753762,0.141825099,-0.0017901271,-0.000315384531,0.0714828003,2.96831682,1709.30151
0.210788932,0.0164047389,0.00572823402,-0.000175016367,-0.0545443931,-1.06579797,1723.33491
0.210866171,0.140879634,-0.00198777354,-0.000377331861,0.0694479949,3.00882191,1710.32867
0.210959593,0.0149706296,0.00550121302,-0.00014691895,-0.0556070993,-1.09993776,1723.84515
0.210986664,0.139866187,-0.00219504534,-0.000446475036,0.067292077,3.04647294,1711.40958
0.211041239,0.0984584434,-0.00439391344,-0.00224674381,0.00651746032,1.72010611,1730.16893
0.21111582,0.138779867,-0.00241129203,-0.000522898336,0.0650105132,3.08043665,1712.54327
0.211118806,0.0136327222,0.00524941509,-0.000122712569,-0.0566009503,-1.13440126,1724.3735
0.211254264,0.137615437,-0.00263554667,-0.000606531962,0.0625990684,3.10979185,1713.72774
0.211258199,0.0556052884,0.00221420441,-0.00118730459,-0.0290027617,-0.232525199,1725.78684
0.211267338,0.0123845633,0.00497791256,-0.00010193974,-0.0575301312,-1.16905138,1724.91025
0.211402662,0.136367278,-0.00286647064,-0.000697122743,0.0600538986,3.13351707,1714.95966
0.211405907,0.0112201325,0.00469129616,-8.41745098e-05,-0.0583985872,-1.20372053,1725.44738
0.211531888,0.0943947116,-0.00402475934,-0.00217099399,0.00179572309,1.50520465,1730.20245
0.211535181,0.0101338132,0.00439367885,-6.90389037e-05,-0.0592100455,-1.23823464,1725.97842
0.21156173,0.13502937,-0.00310229595,-0.000794193678,0.0573716524,3.1504918,1716.23416
0.211655782,0.00912036556,0.00408870855,-5.61994248e-05,-0.0599680306,-1.27242614,1726.49827
0.211732237,0.133595261,-0.00334076601,-0.000897011057,0.0545495806,3.15950257,1717.54452
0.211749131,0.0515415566,0.00299922655,-0.00102838486,-0.0319989771,-0.356699409,1725.03439
0.211768294,0.00817490128,0.0037795863,-4.53584945e-05,-0.060675877,-1.30613743,1727.00303
0.211873258,0.00729285993,0.00346909455,-3.62521429e-05,-0.0613367382,-1.33922389,1727.48981
0.211915004,0.132058033,-0.00357907749,-0.00100455269,0.0515856528,3.15922949,1718.88192
0.211971181,0.00646998704,0.00315962761,-2.86469982e-05,-0.0619535947,-1.37155858,1727.95661
0.212057817,0.0900387783,-0.0035405101,-0.0020598337,-0.00295652039,1.27776433,1730.04716
0.212062535,0.0057023135,0.00285322118,-2.23375906e-05,-0.0625292608,-1.40303401,1728.40208
0.212110912,0.13041027,-0.00381383127,-0.00111546897,0.0484786791,3.14828958,1720.23514
0.212147762,0.00498613648,0.00255158458,-1.71434568e-05,-0.0630663913,-1.43356178,1728.82551
0.212207131,0.0477504251,0.00370311245,-0.000888329512,-0.0347334755,-0.461330659,1724.30838
0.212227271,0.00431800152,0.00225613266,-1.2906499e-05,-0.0635674876,-1.46307179,1729.22659
0.212301446,0.00369468589,0.00196801673,-9.488752e-06,-0.0640349042,-1.4915106,1729.60539
0.212320907,0.128644026,-0.00404099672,-0.00122805983,0.0452284362,3.12527597,1721.59038
0.212370646,0.00311318307,0.001688154,-6.76989923e-06,-0.0644708545,-1.51884233,1729.96228
0.212435203,0.0025706882,0.00141725544,-4.64483351e-06,-0.0648774174,-1.54504554,1730.2978
0.21249543,0.00206458457,0.00115585161,-3.02127307e-06,-0.0652565433,-1.57010486,1730.61268
0.212546002,0.12675078,-0.00425589224,-0.00134028171,0.0418357936,3.08880155,1722.93112
0.212551617,0.00159243101,0.000904316268,-1.82567157e-06,-0.0656100609,-1.59397291,1730.90773
0.212604035,0.00115195011,0.000662888114,-9.95436423e-07,-0.0659396826,-1.61662397,1731.18384
0.212621563,0.0853696328,-0.0029312275,-0.00191435633,-0.00772611807,1.04077649,1729.72377
0.212634407,0.0442136074,0.00432019213,-0.000765694559,-0.0372444654,-0.549309514,1723.6387
0.212652937,0.000741017226,0.000431690395,-5.20908848e-07,-0.0662470113,-1.63820658,1731.44195
0.212698558,0.000357650242,0.000210748158,-2.68948918e-08,-0.0665335463,-1.65951657,1731.68302
0.212741119,0,0,0,-0.0668007113,-1.66988529,1731.90799
0.212787282,0.124721401,-0.00445318385,-0.00144974713,0.0383028388,3.03749161,1724.23813
0.213033021,0.040914044,0.00484777366,-0.000658789228,-0.0395618898,-0.623489084,1723.05358
0.213045912,0.1225461,-0.00462688018,-0.00155373005,0.0346329959,2.96996854,1725.48969
0.213225846,0.0803647536,-0.00218832945,-0.00173644381,-0.0125030941,0.797227195,1729.25354
0.213323138,0.120214384,-0.00477042625,-0.00164909835,0.0308311335,2.88483474,1726.66206
0.213404896,0.0378358195,0.00528563223,-0.000565872056,-0.0417093563,-0.686584305,1722.57614
0.213620298,0.117715008,-0.00487676489,-0.00173252984,0.0269036554,2.7811988,1727.73028
0.213751825,0.0349640862,0.00563555971,-0.000485291298,-0.0437056369,-0.74108813,1722.22222
0.213873579,0.075,-0.00130591597,-0.0015310746,-0.0172829576,0.549630461,1728.65141
0.213938825,0.115035914,-0.00493799719,-0.00179998636,0.0228585637,2.659386,1728.66935
0.214075481,0.0322849924,0.00590095691,-0.000415547627,-0.0455658302,-0.789274038,1721.99969
0.214280255,0.112164181,-0.0049458736,-0.00184903006,0.0187054835,2.51914058,1729.45571
0.214377427,0.0297856156,0.00608641065,-0.00035510635,-0.0473022553,-0.833306879,1721.90881
0.214521312,0.0696352464,-0.000353625456,-0.00132146372,-0.0217574744,0.317967903,1727.96955
0.214646237,0.109085956,-0.00489183865,-0.0018764813,0.0144556341,2.35962658,1730.06918
0.214659117,0.0274539002,0.00619745746,-0.000302891436,-0.0489251334,-0.874226262,1721.94342
0.214745454,0.15,0,0,0.0798193897,2.85344399,1702.38301
0.214786716,0.14964235,-9.68711164e-05,-1.10897902e-06,0.0790324474,2.86787251,1702.81703
0.214830945,0.149258983,-0.000200106237,-3.3219404e-06,0.0781912992,2.89856587,1703.28187
0.214878353,0.14884805,-0.000310073375,-7.53256716e-06,0.0772925765,2.93098875,1703.77947
0.214921911,0.0252785992,0.00624064226,-0.000257573111,-0.050443105,-0.912695364,1722.09262
0.214929171,0.148407569,-0.000427107964,-1.37910815e-05,0.0763326392,2.96481235,1704.31182
0.214983643,0.147935415,-0.000551537744,-2.24738514e-05,0.0753076728,2.99961522,1704.88091
0.215038534,0.105786393,-0.00476696102,-0.00187768575,0.010121718,2.18163048,1730.49489
0.215042031,0.147429312,-0.000683676969,-3.3901973e-05,0.0742136912,3.03525202,1705.48876
0.215104618,0.146886817,-0.00082381741,-4.84338118e-05,0.0730465418,3.07149283,1706.13738
0.215125594,0.0646303672,0.000578594454,-0.00112817723,-0.0256978205,0.11813433,1727.26446
0.215167077,0.0232492201,0.00622264019,-0.000218443676,-0.0518636179,-0.950605456,1722.34239
0.215171705,0.146305314,-0.000972217892,-6.64338117e-05,0.0718019145,3.10811348,1706.82871
0.215243616,0.145681998,-0.00112909146,-8.82813892e-05,0.0704753537,3.14485598,1707.5646
0.215320698,0.145013864,-0.00129459086,-0.000114363153,0.0690622757,3.18142376,1708.34675
0.215395796,0.0213559743,0.00614997465,-0.000184968399,-0.0531932154,-0.988477505,1722.67715
0.215403322,0.144297686,-0.00146879076,-0.000145062991,0.067557991,3.21744599,1709.17663
0.215459039,0.102249575,-0.00456242584,-0.00185057623,0.00571769665,1.98675894,1730.72533
0.215491888,0.143530013,-0.00165166656,-0.000180749578,0.0659577326,3.25248333,1710.05542
0.215586822,0.14270714,-0.00184306974,-0.000221763524,0.0642566914,3.28603285,1710.98389
0.215609173,0.0195897299,0.00602926895,-0.000156102834,-0.0544377486,-1.02608975,1723.08095
0.215688582,0.141825099,-0.00204269915,-0.000268397808,0.0624500596,3.31750634,1711.9623
0.21568934,0.0599612217,0.00146812957,-0.000954938499,-0.0292040121,-0.0534652604,1726.54387
0.215797658,0.140879634,-0.00225006944,-0.000320878669,0.0605330819,3.346249,1712.99026
0.215808236,0.0179419674,0.0058669887,-0.00013131723,-0.0556025306,-1.06399863,1723.53843
0.21590978,0.0984584434,-0.0042689705,-0.00179332261,0.00125841826,1.7768511,1730.76181
0.215914578,0.139866187,-0.00246447604,-0.000379348577,0.0585011168,3.37151861,1714.06657
0.215993946,0.0164047389,0.0056693717,-0.000110078412,-0.0566924479,-1.10228782,1724.03538
0.216039906,0.138779867,-0.00268495582,-0.000443833577,0.0563497075,3.39246915,1715.18906
0.216167198,0.0149706296,0.00544228166,-9.18873824e-05,-0.0577120401,-1.14083062,1724.55912
0.216174244,0.137615437,-0.00291024492,-0.000514214519,0.0540746631,3.40817451,1716.35438
0.21621527,0.0556052884,0.00229828392,-0.000803520569,-0.0323538764,-0.200149025,1725.81857
0.216318243,0.136367278,-0.00313873447,-0.000590198148,0.0516721503,3.41761262,1717.55776
0.216328828,0.0136327222,0.00519114699,-7.63529412e-05,-0.0586655558,-1.17951516,1725.09864
0.216392932,0.0943947116,-0.00387707658,-0.0017047523,-0.00324095156,1.55411052,1730.61503
0.216472595,0.13502937,-0.0033684275,-0.000671285863,0.0491387957,3.41968571,1718.79286
0.216479616,0.0123845633,0.00492093648,-6.31301261e-05,-0.059556992,-1.21819181,1725.64465
0.216620289,0.0112201325,0.00463614471,-5.19049065e-05,-0.0603901223,-1.25668802,1726.18948
0.216638046,0.133595261,-0.00359689997,-0.00075674576,0.0464717981,3.413218,1720.05145
0.216705919,0.0515415566,0.0030569977,-0.000673046976,-0.0352078941,-0.324883906,1725.10629
0.216751525,0.0101338132,0.0043407956,-4.24040666e-05,-0.0611685162,-1.29483164,1726.72693
0.216815394,0.132058033,-0.00382126338,-0.000845575195,0.0436690492,3.39694842,1721.32325
0.216873958,0.00912036556,0.00403845703,-3.43877193e-05,-0.0618955532,-1.33246196,1727.25216
0.216910824,0.0900387783,-0.00337743786,-0.0015850124,-0.00776576729,1.32100424,1730.30414
0.216988178,0.00817490128,0.00373226194,-2.76588464e-05,-0.0625744329,-1.36942731,1727.76146
0.217005494,0.13041027,-0.00403812877,-0.000936472495,0.0407292617,3.36956426,1722.59577
0.217094735,0.00729285993,0.00342493066,-2.20398482e-05,-0.0632081837,-1.40558574,1728.25211
0.217163655,0.0477504251,0.00373604781,-0.000561930566,-0.0378130578,-0.430701532,1724.43084
0.217194145,0.00646998704,0.00311879952,-1.73672241e-05,-0.0637996696,-1.44081361,1728.72221
0.217209263,0.128644026,-0.0042435804,-0.00102781865,0.0376521024,3.32974138,1723.85414
0.217286886,0.0057023135,0.002815854,-1.35069763e-05,-0.0643515958,-1.47501133,1729.17055
0.217373407,0.00498613648,0.00251775896,-1.03415413e-05,-0.0648665152,-1.50810042,1729.59646
0.217427685,0.12675078,-0.0044331641,-0.00111767381,0.0344383276,3.27617892,1725.08115
0.217454123,0.00431800152,0.00222589079,-7.76877894e-06,-0.0653468335,-1.54001905,1729.99972
0.217465956,0.0853696328,-0.00276126575,-0.0014360646,-0.0123030819,1.08049071,1729.85297
0.217529424,0.00369468589,0.00194136865,-5.70019133e-06,-0.0657948155,-1.57072154,1730.38046
0.217590685,0.0442136074,0.00433040766,-0.00046807455,-0.0402059355,-0.520544321,1723.81861
0.217599675,0.00311318307,0.00166508272,-4.05941662e-06,-0.0662125902,-1.600178,1730.73907
0.217661811,0.124721401,-0.00460189835,-0.00120379974,0.0310899158,3.20766043,1726.25735
0.217665213,0.0025706882,0.0013977212,-2.78053686e-06,-0.0666021574,-1.6283735,1731.07614
0.217726354,0.00206458457,0.00113979566,-1.80580038e-06,-0.0669653934,-1.65530101,1731.39242
0.217783394,0.00159243101,0.000891664176,-1.08973089e-06,-0.0673040565,-1.68091663,1731.68874
0.217836608,0.00115195011,0.000653552752,-6.05562912e-07,-0.0676197938,-1.70516533,1731.96602
0.217886252,0.000741017226,0.00042557444,-3.54499385e-07,-0.0679141464,-1.7283506,1732.2252
0.217912773,0.1225461,-0.00474434036,-0.00128354935,0.0276101949,3.12289883,1727.36144
0.217932566,0.000357650242,0.000207746405,3.66765183e-08,-0.0681885556,-1.75102926,1732.46725
0.217975773,0,0,0,-0.0684443926,-1.76191477,1732.69314
0.21798907,0.040914044,0.00483774036,-0.000389271833,-0.0424150948,-0.597256368,1723.29451
0.218061004,0.0803647536,-0.00202098793,-0.00126079635,-0.0168432373,0.835322372,1729.28478
0.21818178,0.120214384,-0.00485464324,-0.00135410311,0.0240039549,3.02106436,1728.3708
0.218360731,0.0378358195,0.00525796717,-0.00032338036,-0.0444629875,-0.663500426,1722.87868
0.218470129,0.117715008,-0.00492608494,-0.00141228982,0.0202775384,2.90250144,1729.26247
0.218698839,0.075,-0.00115146427,-0.00106518805,-0.0213821582,0.587637991,1728.61588
0.21870746,0.0349640862,0.00559288475,-0.000268450112,-0.0463674127,-0.721697086,1722.5845
0.218779212,0.115035914,-0.00495129799,-0.00145537735,0.0164388997,2.76617319,1730.01434
0.21903093,0.0322849924,0.0058457881,-0.000222681945,-0.0481426478,-0.774048606,1722.41795
0.21911052,0.112164181,-0.00492347833,-0.00148076297,0.0124976266,2.6109928,1730.60672
0.219332701,0.0297856156,0.00602113228,-0.000184566724,-0.0498003149,-0.82225687,1722.37803
0.219336674,0.0696352464,-0.000220831239,-0.00087208298,-0.0256281154,0.356966214,1727.90063
0.219465651,0.109085956,-0.00483555469,-0.0014842722,0.00846489796,2.43844776,1731.02405
0.219614229,0.0274539002,0.00612447398,-0.000152900775,-0.0513500418,-0.867258516,1722.45791
0.219709091,0.15,0,0,0.069687159,3.26611457,1704.86437
0.219748523,0.14964235,-0.000112393894,-9.38368658e-07,0.068947107,3.27814713,1705.30282
0.219790791,0.149258983,-0.000231460548,-2.8134392e-06,0.0681560504,3.303696,1705.77227
0.219836098,0.14884805,-0.000357484806,-6.37429653e-06,0.0673108063,3.33055134,1706.27456
0.219846317,0.105786393,-0.00467970708,-0.00146337106,0.00435334588,2.24957998,1731.25681
0.219876872,0.0252785992,0.00616197364,-0.000126573925,-0.0527999605,-0.910589605,1722.64649
0.219884663,0.148407569,-0.000490711683,-1.16628132e-05,0.0664079417,3.35837812,1706.81159
0.219931722,0.0646303672,0.000684916052,-0.000700009322,-0.0293654271,0.1585524,1727.19093
0.219936719,0.147935415,-0.00063136259,-1.89901605e-05,0.0654438575,3.3867924,1707.38524
0.219992519,0.147429312,-0.00077962851,-2.86207589e-05,0.0644147908,3.41563682,1707.99738
0.220052332,0.146886817,-0.000935659795,-4.08497225e-05,0.0633168197,3.44467565,1708.64983
0.220116445,0.146305314,-0.0010995551,-5.59765228e-05,0.0621458704,3.47367926,1709.34427
0.220121897,0.0232492201,0.0061398202,-0.000104702565,-0.0541570795,-0.953569836,1722.92992
0.220185168,0.145681998,-0.00127134844,-7.43109359e-05,0.0608977287,3.50235451,1710.08227
0.220254354,0.102249575,-0.00444801547,-0.00141667591,0.000176814064,2.04560098,1731.30319
0.220258832,0.145013864,-0.00145099364,-9.61617355e-05,0.0595680556,3.53036041,1710.86515
0.220337793,0.144297686,-0.00163834697,-0.000121830003,0.058152407,3.55731519,1711.69395
0.220350485,0.0213559743,0.00606446658,-8.65149399e-05,-0.0554275593,-0.996311807,1723.29304
0.220422432,0.143530013,-0.00183314787,-0.000151598375,0.0566462604,3.58276205,1712.5693
0.220486854,0.0599612217,0.00154578756,-0.000551383699,-0.0326901633,-0.0117657433,1726.48752
0.220513157,0.14270714,-0.00203499685,-0.000185719354,0.0550450476,3.60619083,1713.49138
0.220563738,0.0195897299,0.00594247833,-7.13356465e-05,-0.0566169145,-1.03878875,1723.72045
0.220610406,0.141825099,-0.00224333067,-0.00022440224,0.0533441941,3.62700947,1714.45971
0.220691732,0.0984584434,-0.00413227635,-0.00134243048,-0.0040500317,1.82861986,1731.16999
0.220714647,0.140879634,-0.00245739494,-0.000267789962,0.0515391679,3.64454537,1715.4731
0.220762687,0.0179419674,0.00578015493,-5.87128761e-05,-0.0577301607,-1.0812419,1724.19739
0.220826384,0.139866187,-0.0026762151,-0.000315943626,0.0496255372,3.65805726,1716.52944
0.220946155,0.138779867,-0.00289856495,-0.000368816109,0.0475990367,3.66670165,1717.62554
0.22094829,0.0164047389,0.00558353148,-4.82392928e-05,-0.0587719191,-1.12388895,1724.71026
0.221004746,0.0556052884,0.00234703248,-0.00042679195,-0.035676967,-0.157655563,1725.79631
0.221074538,0.137615437,-0.00312293397,-0.000426223385,0.0454556463,3.66956369,1718.75697
0.221121442,0.0149706296,0.00535830832,-3.95344273e-05,-0.0597464909,-1.16664982,1725.24694
0.221160559,0.0943947116,-0.0037242359,-0.00124042994,-0.00831229446,1.60076973,1730.87287
0.221212152,0.136367278,-0.00334749514,-0.000487821314,0.0431916789,3.66564181,1719.91783
0.221282979,0.0136327222,0.00510976419,-3.2298554e-05,-0.0606579089,-1.2093786,1725.79694
0.221359662,0.13502937,-0.00357007348,-0.000553073794,0.0408038798,3.65385112,1721.10059
0.22143368,0.0123845633,0.0048427333,-2.62889128e-05,-0.0615099737,-1.25191458,1726.35142
0.221487898,0.0515415566,0.00307797129,-0.000324373869,-0.0383836668,-0.282271638,1725.13125
0.221517778,0.133595261,-0.00378811769,-0.000621223092,0.0382895365,3.63305202,1722.29589
0.221574272,0.0112201325,0.00456159655,-2.13038096e-05,-0.0623062785,-1.29408417,1726.90306
0.221663097,0.0900387783,-0.00321573583,-0.00111158101,-0.0125956916,1.36455829,1730.43448
0.221687263,0.132058033,-0.00399867763,-0.000691265347,0.0356465983,3.60207867,1723.49241
0.221705433,0.0101338132,0.00427027905,-1.71738394e-05,-0.063050227,-1.33571534,1727.44601
0.221827795,0.00912036556,0.00397226068,-1.37536238e-05,-0.0637450448,-1.37664626,1727.97567
0.221868936,0.13041027,-0.00419838765,-0.000761935746,0.0328738035,3.55973774,1724.6767
0.22193864,0.0477504251,0.00373130104,-0.000241751318,-0.0408550488,-0.388746045,1724.5126
0.221941949,0.00817490128,0.00367059707,-1.09349036e-05,-0.0643937893,-1.41672541,1728.48855
0.222048446,0.00729285993,0.0033679421,-8.62264591e-06,-0.064999356,-1.4558138,1728.9821
0.222063671,0.128644026,-0.00438345508,-0.000831692751,0.029970813,3.50482727,1725.83325
0.222147798,0.00646998704,0.00306657492,-6.72895189e-06,-0.0655644849,-1.4937952,1729.45455
0.22220177,0.0853696328,-0.0025990205,-0.000958784351,-0.0168877245,1.12281255,1729.88086
0.222240486,0.0057023135,0.00276843179,-5.18329583e-06,-0.0660917653,-1.53058126,1729.90481
0.222272409,0.12675078,-0.00454966055,-0.000898711871,0.0269383463,3.436166,1726.94448
0.222326956,0.00498613648,0.00247513757,-3.93269147e-06,-0.0665836417,-1.56610356,1730.3323
0.222359145,0.0442136074,0.00430255352,-0.000176189776,-0.0431258707,-0.480041262,1723.96326
0.222407626,0.00431800152,0.00218803494,-2.93190148e-06,-0.0670424181,-1.60030635,1730.73687
0.222482884,0.00369468589,0.0019082134,-2.13605415e-06,-0.0674702639,-1.63314862,1731.1187
0.222496156,0.124721401,-0.00469238358,-0.00096084343,0.0237783158,3.35259033,1727.99105
0.222553094,0.00311318307,0.00163653858,-1.51119873e-06,-0.0678692187,-1.66460806,1731.47823
0.222618594,0.0025706882,0.00137367847,-1.02901926e-06,-0.0682411984,-1.69467952,1731.81609
0.2226797,0.00206458457,0.00112012849,-6.64025266e-07,-0.0685880002,-1.72336513,1732.13304
0.222735991,0.1225461,-0.00480663846,-0.00101562047,0.0204939549,3.25326263,1728.95229
0.222736708,0.00159243101,0.000876234759,-3.99293875e-07,-0.0689113088,-1.7506224,1732.42995
0.222751442,0.040914044,0.00478967781,-0.000124981392,-0.045223207,-0.558964984,1723.50481
0.222779176,0.0803647536,-0.00186740346,-0.000785925906,-0.0211792365,0.878034041,1729.23679
0.222789891,0.00115195011,0.000642214419,-2.34247763e-07,-0.0692127017,-1.77640132,1732.70774
0.222839506,0.000741017226,0.00041817403,-1.9049954e-07,-0.0694936549,-1.80102605,1732.96739
0.222885793,0.000357650242,0.000204126634,9.39100981e-08,-0.0697555486,-1.82497556,1733.20986
0.222928975,0,0,0,-0.0699996983,-1.83641503,1733.43612
0.222993072,0.120214384,-0.00488685372,-0.00106070251,0.0170899312,3.1384131,1729.80691
0.223117423,0.0378358195,0.00519268473,-8.56093626e-05,-0.0471682744,-0.628100148,1723.15437
0.223268638,0.117715008,-0.00492683579,-0.00109340728,0.0135724345,3.00691773,1730.53397
0.2233981,0.075,-0.0010163684,-0.000599976581,-0.0254666888,0.631995977,1728.51902
0.223458853,0.0349640862,0.00551332476,-5.58111217e-05,-0.0489778465,-0.689801523,1722.92288
0.223564019,0.115035914,-0.00492106133,-0.00111130649,0.00994923856,2.85681297,1731.11421
0.223777381,0.0322849924,0.00575475982,-3.36173311e-05,-0.0506653445,-0.746088746,1722.8145
0.223880639,0.112164181,-0.00486382811,-0.0011111105,0.00622971412,2.68990914,1731.53152
0.224017024,0.0696352464,-0.000112091609,-0.000423362812,-0.0294753714,0.403703209,1727.78344
0.224074541,0.0297856156,0.00592134473,-1.74439299e-05,-0.0522416714,-0.798337632,1722.82705
0.224220025,0.109085956,-0.00474822227,-0.00108993156,0.00242477263,2.50788108,1731.77462
0.224351767,0.0274539002,0.00601835776,-5.95830959e-06,-0.0537158458,-0.847967558,1722.95314
0.224583815,0.105786393,-0.00456750584,-0.00104656499,-0.00145327468,2.3108675,1731.83874
0.22459443,0.0646303672,0.000763603937,-0.000272519371,-0.0330028088,0.207748848,1727.07812
0.224610396,0.0252785992,0.00605147389,1.91177955e-06,-0.0550954796,-0.896256679,1723.18155
0.224672727,0.15,0,0,0.0595554778,3.64061449,1707.3456
0.224709792,0.14964235,-0.000124742108,-7.76467788e-07,0.0588601469,3.65029533,1707.7815
0.224749523,0.149258983,-0.000256354531,-2.33166487e-06,0.058116883,3.67080704,1708.24809
0.22479211,0.14884805,-0.000395046795,-5.2732905e-06,0.0573226891,3.69223103,1708.74713
0.224837759,0.148407569,-0.000540983093,-9.63627973e-06,0.0564743379,3.71422683,1709.2804
0.224851676,0.0232492201,0.00602671679,7.04530127e-06,-0.0563871323,-0.943765707,1723.49872
0.224886691,0.147935415,-0.000694290393,-1.5668814e-05,0.0555684464,3.73644589,1709.84965
0.224939141,0.147429312,-0.000855050778,-2.35805955e-05,0.0546014778,3.75871298,1710.45661
0.224973763,0.102249575,-0.00431488595,-0.000979279598,-0.00539096862,2.10055496,1731.72686
0.224995362,0.146886817,-0.00102329063,-3.36028154e-05,0.0535697459,3.78077867,1711.10287
0.225055626,0.146305314,-0.00119896884,-4.59672221e-05,0.0524694223,3.80239184,1711.78992
0.225076771,0.0213559743,0.00595043086,1.01963431e-05,-0.0575965738,-0.990908958,1723.88997
0.225120224,0.145681998,-0.00138196373,-6.0907277e-05,0.0512965466,3.82324617,1712.519
0.225133103,0.0599612217,0.00159316655,-0.000148504313,-0.0361406447,0.0394993598,1726.39847
0.225189466,0.145013864,-0.00157205809,-7.86504225e-05,0.0500470414,3.84300128,1713.29112
0.225263687,0.144297686,-0.0017689225,-9.94169915e-05,0.0487167312,3.86126653,1714.10692
0.225286766,0.0195897299,0.00582893863,1.18827549e-05,-0.0587289756,-1.03795265,1724.34051
0.225343245,0.143530013,-0.00197209674,-0.000123403197,0.047301367,3.8775629,1714.96657
0.22539175,0.0984584434,-0.00398327846,-0.000887365227,-0.00937410147,1.8789654,1731.45038
0.225428523,0.14270714,-0.0021809699,-0.000150768362,0.0457966569,3.89137119,1715.86971
0.225482675,0.0179419674,0.00566835299,1.25125056e-05,-0.0597890487,-1.0849329,1724.83625
0.225519934,0.141825099,-0.00239475944,-0.000181630121,0.0441983042,3.90210346,1716.81528
0.225617917,0.140879634,-0.00261248791,-0.000216041165,0.0425020523,3.90908052,1717.80139
0.225635641,0.0556052884,0.00236363287,-5.06897887e-05,-0.0389599274,-0.104998294,1725.74666
0.225665441,0.0164047389,0.00547449941,1.24099063e-05,-0.0607811419,-1.13188483,1725.36424
0.225722946,0.139866187,-0.00283295862,-0.000253969035,0.0407037397,3.91155962,1718.82518
0.225835526,0.138779867,-0.00305473196,-0.000295279331,0.038799363,3.90871996,1719.88268
0.225835948,0.0149706296,0.00525288612,1.18133813e-05,-0.0617093106,-1.17877894,1725.91295
0.225839793,0.0943947116,-0.00356554002,-0.00077132583,-0.0133883116,1.64833084,1731.02857
0.225956202,0.137615437,-0.00327610186,-0.000339711313,0.0367851505,3.8996658,1720.96856
0.225995017,0.0136327222,0.0050086347,1.09150649e-05,-0.0625773641,-1.22546266,1726.47245
0.226085555,0.136367278,-0.00349507316,-0.000386854127,0.0346576465,3.88343054,1722.07606
0.226104468,0.0515415566,0.00306557124,2.37694683e-05,-0.0415155284,-0.229043811,1725.13328
0.226143415,0.0123845633,0.00474644108,9.84987091e-06,-0.063388899,-1.27176403,1727.03434
0.226224209,0.13502937,-0.00370934142,-0.00043612207,0.0324138056,3.85898508,1723.19675
0.226281858,0.0112201325,0.00447056227,8.71414741e-06,-0.0641473208,-1.31750853,1727.59173
0.226320051,0.0900387783,-0.00305452247,-0.000632942931,-0.0174199215,1.41108985,1730.48645
0.226372833,0.133595261,-0.0039162748,-0.000486730809,0.0300510977,3.82525139,1724.32043
0.226411014,0.0101338132,0.00418481526,7.57587688e-06,-0.0648558595,-1.36252366,1728.13908
0.226531507,0.00912036556,0.00389258614,6.48112005e-06,-0.0655175802,-1.40664729,1728.67207
0.226532144,0.132058033,-0.00411290033,-0.000537677524,0.0275676222,3.78112252,1725.435
0.226541845,0.0477504251,0.0036924901,7.80342141e-05,-0.0438498456,-0.335836381,1724.57524
0.226643916,0.00817490128,0.00359684692,5.45922528e-06,-0.0661353906,-1.44973234,1729.18743
0.22670291,0.13041027,-0.00429589907,-0.000587724771,0.0249622308,3.72548328,1726.52642
0.226748786,0.00729285993,0.00330018145,4.52726254e-06,-0.0667120469,-1.4916497,1729.6828
0.226834843,0.0853696328,-0.00244339372,-0.000476054848,-0.0214570838,1.16991774,1729.85158
0.22684662,0.00646998704,0.00300481257,3.69380053e-06,-0.0672501588,-1.53229331,1730.15655
0.226885955,0.128644026,-0.0044616194,-0.000635391724,0.022234656,3.65723359,1727.57878
0.226937891,0.0057023135,0.00271262872,2.96516589e-06,-0.0677521942,-1.571581,1730.60772
0.226949883,0.0442136074,0.00424039235,0.000115463193,-0.0459956973,-0.428331565,1724.09194
0.22702304,0.00498613648,0.00242521483,2.33546391e-06,-0.0682204833,-1.60944858,1731.0358
0.227082162,0.12675078,-0.00460610529,-0.000678936314,0.0193856422,3.57531303,1728.57443
0.227102477,0.00431800152,0.00214388122,1.79674471e-06,-0.0686572236,-1.64584573,1731.44073
0.227176586,0.00369468589,0.00186969148,1.34611247e-06,-0.0690644844,-1.68073983,1731.82275
0.227245722,0.00311318307,0.00160349076,9.78519252e-07,-0.0694442116,-1.7141198,1732.18234
0.227292477,0.124721401,-0.00472506898,-0.000716346491,0.0164170766,3.47886193,1729.49437
0.227310222,0.0025706882,0.00134593211,6.83136741e-07,-0.0697982333,-1.74599004,1732.52016
0.227330549,0.040914044,0.00470744306,0.00013924819,-0.0479785787,-0.509277419,1723.70157
0.227370394,0.00206458457,0.00109749998,4.51211744e-07,-0.0701282643,-1.77635932,1732.83701
0.227386651,0.0803647536,-0.00172623099,-0.000305552698,-0.0254913013,0.927062813,1729.14916
0.22742653,0.00159243101,0.000858531996,2.7348671e-07,-0.0704359122,-1.80519187,1733.13377
0.227478901,0.00115195011,0.000629239615,1.33117089e-07,-0.070722682,-1.83246524,1733.41139
0.227517914,0.1225461,-0.00481380763,-0.000745603832,0.0133321114,3.3676507,1730.31876
0.227527758,0.000741017226,0.000409726351,-2.08303694e-08,-0.070989982,-1.85840713,1733.67085
0.227573338,0.000357650242,0.000200004184,1.50790921e-07,-0.0712391291,-1.88353696,1733.91313
0.22761586,0,0,0,-0.0714713801,-1.89554662,1734.1392
0.22768568,0.0378358195,0.00509368616,0.000152275102,-0.0498184149,-0.581161045,1723.41833
0.227759561,0.120214384,-0.00486723305,-0.000764521616,0.0101352724,3.24088321,1731.02772
0.227978136,0.075,-0.000899003251,-0.000129377018,-0.0295196334,0.683950756,1728.39612
0.228016987,0.0349640862,0.00540076486,0.000157098292,-0.0515309177,-0.646219279,1723.25075
0.228018585,0.117715008,-0.00488067747,-0.000770717196,0.00683254824,3.09675721,1731.60239
0.228296233,0.115035914,-0.00484948665,-0.000761591865,0.00343144446,2.93647641,1732.02623
0.228326071,0.0322849924,0.00563166034,0.000155787084,-0.0531286289,-0.706244409,1723.20118
0.228569621,0.0696352464,-2.54875824e-05,3.05274438e-05,-0.0332847476,0.459021899,1727.64962
0.228593845,0.112164181,-0.00476785084,-0.000734768334,-5.90134465e-05,2.76189066,1732.28652
0.22861442,0.0297856156,0.00579055353,0.000150129559,-0.0546217171,-0.762670027,1723.26636
0.228883427,0.0274539002,0.0058823422,0.000141499508,-0.056018582,-0.81685138,1723.43841
0.228912857,0.109085956,-0.00462990903,-0.000688635663,-0.00362833761,2.57266428,1732.37591
0.229121429,0.0646303672,0.000816856811,0.000159895859,-0.0365974562,0.266230913,1726.95475
0.229134389,0.0252785992,0.00591241878,0.000130953064,-0.057326307,-0.86971701,1723.70614
0.229254807,0.105786393,-0.0044301258,-0.000621737602,-0.00726472081,2.36980713,1732.29375
0.229368515,0.0232492201,0.00588665626,0.000119410162,-0.0585509968,-0.92178725,1724.05628
0.229586936,0.0213559743,0.00581108739,0.000107498665,-0.0596980252,-0.973457122,1724.47472
0.229621346,0.102249575,-0.00416264886,-0.00053313094,-0.0109552907,2.15528903,1732.04701
0.22963622,0.0599612217,0.00161272038,0.000259077112,-0.039544559,0.100554005,1726.30308
0.229636364,0.15,0,0,0.0494243164,3.98653957,1709.8267
0.229670553,0.14964235,-0.000134140317,-6.16804269e-07,0.0487727031,3.99390775,1710.25398
0.2297072,0.149258983,-0.000275233221,-1.85677374e-06,0.0480761733,4.00947121,1710.71124
0.229746482,0.14884805,-0.000423418772,-4.18784603e-06,0.0473319166,4.02556854,1711.20013
0.229788589,0.148407569,-0.000578787647,-7.63737725e-06,0.0465369127,4.04185306,1711.72232
0.229790705,0.0195897299,0.0056917337,9.56885998e-05,-0.0607722147,-1.02499429,1724.94733
0.229833723,0.147935415,-0.00074138221,-1.23904117e-05,0.0456879962,4.05801296,1712.27943
0.229882103,0.147429312,-0.000911188013,-1.86004879e-05,0.0447818594,4.07385252,1712.87301
0.229933962,0.146886817,-0.00108812259,-2.64323951e-05,0.0438150563,4.08911886,1713.50448
0.229980806,0.0179419674,0.00553448849,8.43120871e-05,-0.0617779664,-1.07642444,1725.46071
0.229989549,0.146305314,-0.00127202362,-3.60487712e-05,0.0427840099,4.10355545,1714.17508
0.23001424,0.0984584434,-0.00382143091,-0.000422913996,-0.0146865083,1.93113833,1731.65066
0.230049134,0.145681998,-0.00146263547,-4.7608165e-05,0.0416850222,4.11684086,1714.88583
0.230113003,0.145013864,-0.00165959469,-6.12558754e-05,0.0405142887,4.12862246,1715.63741
0.230116479,0.0556052884,0.0023507592,0.000329932581,-0.0421931721,-0.0421937732,1725.6938
0.230158153,0.0164047389,0.00534498781,7.35931402e-05,-0.0627193503,-1.12765646,1726.00258
0.230181464,0.144297686,-0.0018624146,-7.71235096e-05,0.039267916,4.13850007,1716.43011
0.230254848,0.143530013,-0.00207046855,-9.53157469e-05,0.0379419463,4.14599764,1717.26374
0.230323605,0.0149706296,0.00512854374,6.36604939e-05,-0.0636001697,-1.17862986,1726.56206
0.230333509,0.14270714,-0.0022829719,-0.000115897585,0.0365323858,4.15058838,1718.13746
0.230417826,0.141825099,-0.00249896336,-0.000138885066,0.0350352408,4.15167943,1719.04972
0.230435385,0.0943947116,-0.00340027032,-0.00029238604,-0.0184447531,1.69956942,1731.12659
0.230477957,0.0136327222,0.00489010658,5.45867783e-05,-0.0644240041,-1.22920792,1727.12975
0.230508206,0.140879634,-0.00271728653,-0.000164229578,0.0334465612,4.1486095,1719.99808
0.230564521,0.0515415566,0.00302264956,0.000376290194,-0.0445950146,-0.165420211,1725.13454
0.230605084,0.139866187,-0.00293657148,-0.000191801447,0.0317624912,4.14064819,1720.97911
0.230621956,0.0123845633,0.00463422215,4.64027892e-05,-0.0651942391,-1.27921215,1727.69774
0.230708928,0.138779867,-0.0031552167,-0.000221371972,0.0299793295,4.12699627,1721.98816
0.230756294,0.0112201325,0.00436501542,3.91007606e-05,-0.0659140859,-1.32846504,1728.25956
0.23082024,0.137615437,-0.00337137281,-0.000252594023,0.028093599,4.10678838,1723.01928
0.230881621,0.0101338132,0.00408618911,3.26495326e-05,-0.0665865948,-1.37679501,1728.81
0.230886812,0.0900387783,-0.00289291003,-0.000144215049,-0.0222171405,1.46291031,1730.50128
0.230939555,0.136367278,-0.00358292856,-0.000284981951,0.0261021252,4.07909956,1724.06502
0.230982508,0.0477504251,0.00362259902,0.000402082728,-0.0467899575,-0.272362538,1724.63893
0.230998541,0.00912036556,0.00380103209,2.7001953e-05,-0.0672146638,-1.42404352,1729.34502
0.231067449,0.13502937,-0.0037874998,-0.000317892459,0.0240021255,4.04295642,1725.1163
0.231107618,0.00817490128,0.00351243543,2.21011592e-05,-0.067801045,-1.47006985,1729.8616
0.23120454,0.133595261,-0.00398242261,-0.000350506417,0.0217913077,3.99735063,1726.16232
0.231209378,0.00729285993,0.0032229141,1.78851322e-05,-0.0683483496,-1.51475366,1730.35756
0.231304312,0.00646998704,0.00293463229,1.42900405e-05,-0.0688590519,-1.55799603,1730.83142
0.231351488,0.132058033,-0.00416475741,-0.000381819587,0.0194679773,3.94125599,1727.19048
0.231370699,0.0853696328,-0.00229331461,1.68173978e-05,-0.0259926312,1.22367228,1729.80281
0.231372457,0.0442136074,0.00414699342,0.000411279386,-0.0488087875,-0.365946633,1724.22291
0.231392877,0.0057023135,0.00264943067,1.12526248e-05,-0.0693354932,-1.59971943,1731.28234
0.231475502,0.00498613648,0.00236885405,8.71172307e-06,-0.0697798853,-1.63986616,1731.70991
0.231509002,0.13041027,-0.00433130469,-0.000410612045,0.0170311528,3.8736131,1728.18639
0.231552584,0.00431800152,0.00209418083,6.60940633e-06,-0.0701943147,-1.67839644,1732.11415
0.231624495,0.00369468589,0.00182645128,4.89183606e-06,-0.0705807471,-1.715289,1732.49535
0.231677843,0.128644026,-0.00447860437,-0.000435461809,0.0144806857,3.79342366,1729.134
0.231691582,0.00311318307,0.00156649304,3.51235582e-06,-0.0709410311,-1.7505405,1732.85403
0.231736246,0.040914044,0.00459414471,0.000407536042,-0.0506753603,-0.448841221,1723.90129
0.231754169,0.0025706882,0.00131494647,2.42367809e-06,-0.0712769039,-1.78416009,1733.19091
0.231812557,0.00206458457,0.00107228767,1.58488851e-06,-0.0715899951,-1.81616216,1733.5068
0.231858823,0.12675078,-0.00460290912,-0.00045471889,0.0118173842,3.69999195,1730.01583
0.231867029,0.00159243101,0.000838849458,9.57216494e-07,-0.0718818327,-1.84651471,1733.80261
0.23188938,0.0803647536,-0.00159619035,0.000184818078,-0.0297634941,0.983850927,1729.05617
0.231917846,0.00115195011,0.000614841363,5.02712213e-07,-0.0721538472,-1.87521709,1734.0793
0.231965255,0.000741017226,0.000400368122,1.45209185e-07,-0.0724073771,-1.90246718,1734.33786
0.232009484,0.000357650242,0.0001954443,2.05900785e-07,-0.072643674,-1.92876512,1734.57927
0.232050745,0,0,0,-0.072863934,-1.94131135,1734.80453
0.232052818,0.124721401,-0.00470022166,-0.000466689174,0.00904313461,3.59273974,1730.8134
0.232075633,0.0378358195,0.0049640728,0.000394112631,-0.0524082718,-0.523444131,1723.68536
0.232260761,0.1225461,-0.00476634278,-0.000469586867,0.00616101644,3.4708014,1731.50784
0.232392253,0.0349640862,0.00525827655,0.000373802446,-0.0540221486,-0.591827761,1723.58131
0.232445357,0.075,-0.000797846273,0.000350907139,-0.0335274194,0.744543101,1728.27832
0.232483656,0.120214384,-0.00479717855,-0.000461220835,0.00317540349,3.33301994,1732.08079
0.232687633,0.0322849924,0.00547954768,0.000348872404,-0.0555286387,-0.655569005,1723.58979
0.232722579,0.117715008,-0.00478873611,-0.000439536175,9.20473416e-05,3.18002741,1732.51546
0.232963199,0.0297856156,0.00563173427,0.000321187328,-0.0569371676,-0.716177975,1723.70655
0.232978681,0.115035914,-0.00473627328,-0.000402600643,-0.00308187974,3.01289792,1732.79797
0.233001333,0.0696352464,4.07580233e-05,0.00049370011,-0.0370447164,0.523606884,1727.52767
0.23322028,0.0274539002,0.0057194153,0.000292215571,-0.0582555096,-0.774871002,1723.92331
0.233253198,0.112164181,-0.00463484512,-0.000348725103,-0.00633778623,2.83145924,1732.91875
0.233460116,0.0252785992,0.00574774857,0.000263083487,-0.0594902156,-0.832291921,1724.22891
0.233520015,0.0646303672,0.000846689473,0.000601185933,-0.0401394778,0.334386008,1726.84726
0.233547455,0.109085956,-0.00447996582,-0.000276618496,-0.00966571798,2.63663289,1732.87393
0.233683863,0.0232492201,0.0057223004,0.000234636135,-0.0606469317,-0.888949635,1724.6105
0.233862869,0.105786393,-0.00426691876,-0.000185349884,-0.013054503,2.42991793,1732.66641
0.2338926,0.0213559743,0.00564880231,0.000207449396,-0.0617306312,-0.945190325,1725.05453
0.234003902,0.0599612217,0.00160667213,0.000675157308,-0.0428933217,0.171534465,1726.226
0.234087336,0.0195897299,0.00553299627,0.000181927773,-0.0627457836,-1.00117338,1725.54758
0.234200964,0.102249575,-0.00399067584,-7.48340911e-05,-0.0164920026,2.21300837,1732.30647
0.234269008,0.0179419674,0.00538051803,0.000158317523,-0.063696475,-1.05694883,1726.07694
0.234438494,0.0164047389,0.00519678609,0.0001367464,-0.0645864917,-1.11241578,1726.63103
0.234455329,0.0556052884,0.00231080391,0.000718718081,-0.0453692102,0.0306813344,1725.6607
0.234563369,0.0984584434,-0.00364603567,5.41079483e-05,-0.0199654994,1.98793776,1731.81165
0.23459661,0.0149706296,0.00498691184,0.000117246536,-0.0654193795,-1.16743236,1727.19961
0.2346,0.15,0,0,0.0392936469,4.31014196,1712.30768
0.234630831,0.14964235,-0.000140619918,-4.5338202e-07,0.0386855665,4.31521105,1712.72107
0.234663879,0.149258983,-0.000288160157,-1.36797625e-06,0.0380355826,4.32585081,1713.16338
0.234699303,0.14884805,-0.000442696616,-3.07129669e-06,0.0373410747,4.33665157,1713.63615
0.234737274,0.148407569,-0.000604252947,-5.58038001e-06,0.0365992311,4.34726552,1714.14092
0.234744119,0.0136327222,0.00475566008,9.97818994e-05,-0.0661984823,-1.22186837,1727.77383
0.234777975,0.147935415,-0.000772795569,-9.01444293e-06,0.0358071075,4.35742473,1714.67919
0.234821603,0.147429312,-0.000948224924,-1.347064e-05,0.0349616285,4.36692767,1715.25234
0.234868369,0.146886817,-0.00113036395,-1.9047472e-05,0.0340595931,4.37551087,1715.8616
0.234876474,0.0515415566,0.00295172427,0.000736670746,-0.0476155665,-0.0916569118,1725.1563
0.234881734,0.0123845633,0.00450741669,8.42769507e-05,-0.0669269693,-1.27554457,1728.3463
0.234918496,0.146305314,-0.00131894619,-2.58343674e-05,0.0330976811,4.38290967,1716.50801
0.234951833,0.0943947116,-0.00322762701,0.000199360716,-0.0234622635,1.75686833,1731.2054
0.234972228,0.145681998,-0.00151360302,-3.39122662e-05,0.0320724634,4.3888046,1717.19236
0.235010117,0.0112201325,0.00424616725,7.06229623e-05,-0.0676078517,-1.32827685,1728.91094
0.235029824,0.145013864,-0.00171384969,-4.33438582e-05,0.0309804159,4.39283236,1717.91506
0.235091562,0.144297686,-0.00191907065,-5.41684488e-05,0.0298179373,4.39458244,1718.67611
0.235129888,0.0101338132,0.00397549459,5.86902234e-05,-0.0682439942,-1.379894,1729.46291
0.235157738,0.143530013,-0.0021285046,-6.63937885e-05,0.0285813714,4.39358903,1719.47498
0.235228673,0.14270714,-0.00234122928,-7.99858565e-05,0.0272670353,4.38932851,1720.31047
0.235241624,0.00912036556,0.00369858564,4.83387418e-05,-0.0688381226,-1.43024059,1729.99845
0.235269368,0.0477504251,0.00352422589,0.000733706913,-0.0496696375,-0.198731133,1724.72324
0.235304708,0.141825099,-0.00255614609,-9.48576735e-05,0.0258712536,4.38121677,1721.18063
0.235345866,0.00817490128,0.00341824584,3.94248305e-05,-0.0693928286,-1.47918064,1730.51478
0.235368229,0.0900387783,-0.00272996501,0.000357364799,-0.0269703381,1.52199601,1730.51487
0.235386211,0.140879634,-0.00277196516,-0.000110856583,0.0243903991,4.36860746,1722.08261
0.235443114,0.00729285993,0.00313691902,3.18061164e-05,-0.0699105734,-1.52660008,1731.00989
0.235473574,0.139866187,-0.00298719176,-0.000127750248,0.0228209414,4.35079161,1723.01249
0.235533839,0.00646998704,0.00285671111,2.53451269e-05,-0.0703936917,-1.57240748,1731.4825
0.235567219,0.138779867,-0.00320011403,-0.000145211606,0.021159503,4.32699956,1723.96517
0.235618478,0.0057023135,0.002579416,1.99117387e-05,-0.070844394,-1.61653354,1731.93186
0.235635907,0.0442136074,0.00402498966,0.000714390919,-0.0515601158,-0.293418634,1724.37401
0.235667598,0.137615437,-0.00340879331,-0.000162803705,0.0194029247,4.2964055,1724.9342
0.235697439,0.00498613648,0.00230654231,1.53846797e-05,-0.0712647699,-1.65892955,1732.35767
0.235771104,0.00431800152,0.00203934038,1.16522991e-05,-0.0716567918,-1.69956568,1732.76001
0.235775194,0.136367278,-0.00361105776,-0.000179964051,0.0175483388,4.25813359,1725.91167
0.235814566,0.0853696328,-0.0021476838,0.000522398748,-0.0304796002,1.28566023,1729.76779
0.235839827,0.00369468589,0.00177882877,8.61271381e-06,-0.0720223185,-1.738429,1733.13926
0.235890527,0.13502937,-0.00380450302,-0.000195992805,0.0155932526,4.21126756,1726.88806
0.23590394,0.00311318307,0.0015258195,6.17428676e-06,-0.072363099,-1.77552256,1733.49597
0.235963752,0.0025706882,0.00128094167,4.25381915e-06,-0.0726807769,-1.81085697,1733.83089
0.235977857,0.040914044,0.00445240761,0.000682833389,-0.0533091795,-0.378295683,1724.12019
0.236014152,0.133595261,-0.00398650195,-0.000210029692,0.0135356391,4.15484019,1727.8522
0.236019552,0.00206458457,0.00104466463,2.77855366e-06,-0.0729768949,-1.84445887,1734.14486
0.236071609,0.00159243101,0.000817319203,1.67853608e-06,-0.073252899,-1.87630768,1734.43882
0.236120174,0.00115195011,0.000599115859,8.89471272e-07,-0.0735101437,-1.90641251,1734.71373
0.236146667,0.132058033,-0.00415420507,-0.000221052285,0.0113740369,4.08788268,1728.79121
0.236165481,0.000741017226,0.000390162607,3.20911018e-07,-0.0737498965,-1.93500341,1734.97059
0.236207748,0.000357650242,0.000190478792,2.75808302e-07,-0.0739733422,-1.96238275,1735.21039
0.236247181,0,0,0,-0.0741816147,-1.97534254,1735.43413
0.236288711,0.13041027,-0.00430453557,-0.000227851171,0.00910765547,4.00957712,1729.69058
0.236292997,0.0803647536,-0.00147598243,0.000687583903,-0.0339831522,1.04961013,1728.98853
0.236296869,0.0378358195,0.00480641891,0.00064265963,-0.0549340722,-0.455647954,1723.97018
0.236440968,0.128644026,-0.00443421453,-0.000229137069,0.00673648694,3.91920538,1730.53436
0.236594481,0.0349640862,0.00508833968,0.000596868887,-0.0564483221,-0.527368863,1723.92787
0.236604173,0.12675078,-0.00453976287,-0.000223468398,0.00426141808,3.81589073,1731.30542
0.236779114,0.124721401,-0.00461760697,-0.000209233447,0.00168434138,3.69881921,1731.98598
0.236805829,0.075,-0.000711366688,0.000843137599,-0.0374793358,0.814632912,1728.19413
0.236872129,0.0322849924,0.00530074233,0.000547972922,-0.0578626765,-0.594979569,1723.99238
0.236966633,0.1225461,-0.00466423105,-0.000184712861,-0.000991739759,3.5673457,1732.5583
0.237131152,0.0297856156,0.00544712556,0.000497936874,-0.0591858133,-0.659841964,1724.15854
0.237167636,0.120214384,-0.00467610558,-0.000148156337,-0.00376261914,3.42153156,1733.00558
0.237318661,0.0696352464,8.84123104e-05,0.000968318322,-0.0407462356,0.598006596,1727.44431
0.2373728,0.0274539002,0.00553172736,0.00044826514,-0.0604248786,-0.722936263,1724.41774
0.237383092,0.117715008,-0.0046493117,-9.79225891e-05,-0.00662281808,3.26182998,1733.31309
0.237598237,0.0252785992,0.00555942717,0.00040014444,-0.0615858891,-0.784882321,1724.75893
0.23761404,0.115035914,-0.0045798541,-3.25467461e-05,-0.0095655476,3.08839551,1733.4695
0.237797092,0.0646303672,0.000855079316,0.00105344533,-0.0436211507,0.412502672,1726.78093
0.237808552,0.0232492201,0.00553546425,0.000354377087,-0.0626740296,-0.84613731,1725.16968
0.237861595,0.112164181,-0.00446399812,4.91206984e-05,-0.0125827124,2.90184211,1733.46812
0.238004759,0.0213559743,0.00546525734,0.000311513694,-0.0636938704,-0.906954467,1725.63704
0.23812695,0.109085956,-0.00429785717,0.000147873709,-0.0156649732,2.70334167,1733.30814
0.238187804,0.0195897299,0.00535426065,0.00027188646,-0.0646495248,-0.967429319,1726.14829
0.238243429,0.0599612217,0.00157717281,0.00110177442,-0.0461802828,0.252510213,1726.19115
0.23835857,0.0179419674,0.00520783581,0.000235663568,-0.0655447598,-1.02755517,1726.69144
0.238411385,0.105786393,-0.00407739865,0.000263919186,-0.0188018875,2.49433348,1732.99536
0.238517881,0.0164047389,0.00503115569,0.000202876142,-0.0663830739,-1.08723653,1727.25562
0.238659825,0.0556052884,0.00224604867,0.00111764848,-0.0484822925,0.113511766,1725.66989
0.238666504,0.0149706296,0.00482911955,0.000173457807,-0.0671677505,-1.14630511,1727.83121
0.238716272,0.102249575,-0.00379840789,0.000396659489,-0.0219821529,2.27647757,1732.54261
0.238805159,0.0136327222,0.00460629795,0.000147275495,-0.0679018937,-1.2045933,1728.40994
0.238934512,0.0123845633,0.00436690676,0.000124145916,-0.0685884509,-1.26193131,1728.98491
0.239043083,0.0984584434,-0.00345643033,0.000544478336,-0.0251939793,2.05174564,1731.96915
0.239048289,0.0515415566,0.00285516333,0.0011068305,-0.0505722054,-0.00802360882,1725.2196
0.239055187,0.0112201325,0.00411478633,0.000103860016,-0.0692302288,-1.31813284,1729.55046
0.239167768,0.0101338132,0.00385339481,8.61907406e-05,-0.0698299019,-1.37302586,1730.10211
0.239272797,0.00912036556,0.00358581362,7.09050924e-05,-0.0703900193,-1.42645873,1730.63639
0.23937078,0.00817490128,0.00331476005,5.77722737e-05,-0.0709130078,-1.47830153,1731.15074
0.239393392,0.0943947116,-0.0030468164,0.000704448131,-0.0284256281,1.82223173,1731.29907
0.239410694,0.0477504251,0.00339978253,0.0010747553,-0.0524845808,-0.115339119,1724.84765
0.239462191,0.00729285993,0.00304260531,4.65690819e-05,-0.0714011752,-1.52844715,1731.64339
0.239547469,0.00646998704,0.00277139637,3.70836329e-05,-0.0718567125,-1.57681149,1732.11316
0.239563636,0.15,0,0,0.0291634429,4.61946762,1714.78855
0.239590654,0.14964235,-0.000144143694,-2.84167613e-07,0.0285992867,4.62223259,1715.18343
0.239619613,0.149258983,-0.000295062419,-8.56586122e-07,0.0279962771,4.62794642,1715.60586
0.239627027,0.0057023135,0.00250288019,2.91176917e-05,-0.0722816965,-1.62333293,1732.55946
0.239650655,0.14884805,-0.000452773698,-1.90462549e-06,0.0273519867,4.63345412,1716.05729
0.23968393,0.148407569,-0.000617241125,-3.43282086e-06,0.0266638166,4.63840976,1716.53912
0.239701248,0.00498613648,0.00223852886,2.24883029e-05,-0.0726780916,-1.66797113,1732.98208
0.239719596,0.147935415,-0.000788364252,-5.49214423e-06,0.0259290469,4.64259097,1717.0527
0.239748789,0.0442136074,0.00387679954,0.00102656656,-0.0542459792,-0.211246672,1724.56317
0.239757827,0.147429312,-0.000965969824,-8.12005538e-06,0.0251448393,4.64579233,1717.59925
0.239768891,0.0900387783,-0.00256473512,0.000872119921,-0.0316661577,1.58998886,1730.55929
0.23977049,0.00431800152,0.00197956493,1.70281369e-05,-0.0730477536,-1.71070301,1733.38119
0.239798808,0.146886817,-0.00114980045,-1.13468084e-05,0.0243082418,4.64775122,1718.17985
0.239835088,0.00369468589,0.00172698677,1.25844931e-05,-0.0733924319,-1.75152192,1733.7572
0.239842735,0.146305314,-0.00133950277,-1.51869377e-05,0.0234161962,4.64819063,1718.79535
0.23988982,0.145681998,-0.00153461525,-1.96389071e-05,0.0224655475,4.64679248,1719.44632
0.239895352,0.00311318307,0.00148159303,9.02097795e-06,-0.0737137738,-1.79044326,1734.11073
0.239940292,0.145013864,-0.00173455555,-2.46781817e-05,0.021453058,4.643195,1720.13295
0.239951573,0.0025706882,0.00124400544,6.21564397e-06,-0.0740133276,-1.82748573,1734.44256
0.239994392,0.144297686,-0.00193860738,-3.02508177e-05,0.0203754241,4.63698907,1720.85499
0.240004023,0.00206458457,0.0010146902,4.06140697e-06,-0.0742925472,-1.86268331,1734.75355
0.240052383,0.143530013,-0.00214590731,-3.62657667e-05,0.019229298,4.62771516,1721.61165
0.240052955,0.00159243101,0.000793978005,2.45606574e-06,-0.074552796,-1.89602228,1735.04464
0.240064204,0.040914044,0.00428462713,0.000966828476,-0.0558768796,-0.298225529,1724.37461
0.240098604,0.00115195011,0.000582082337,1.31514031e-06,-0.074795351,-1.9275309,1735.31683
0.240114543,0.14270714,-0.00235543194,-4.25861547e-05,0.0180113149,4.61486036,1722.40144
0.240141191,0.000741017226,0.000379117188,5.05052326e-07,-0.0750214074,-1.95729261,1735.57111
0.240171389,0.0853696328,-0.00200536075,0.00104084752,-0.0349064267,1.35718105,1729.77663
0.240180922,0.000357650242,0.00018511039,3.20678509e-07,-0.075232083,-1.98586415,1735.80848
0.240181173,0.141825099,-0.00256598568,-4.90195007e-05,0.0167181247,4.59785642,1723.22212
0.240217987,0,0,0,-0.0754284478,-1.9994923,1736.02993
0.240252594,0.140879634,-0.00277618968,-5.530707e-05,0.0153464314,4.57607894,1724.07049
0.24032915,0.139866187,-0.00298447258,-6.11125006e-05,0.0138930377,4.54884768,1724.94234
0.24035846,0.0378358195,0.0046230778,0.000899502451,-0.0573931625,-0.378414517,1724.28763
0.240411211,0.138779867,-0.00318906468,-6.60099251e-05,0.0123548986,4.51542918,1725.83223
0.240499173,0.137615437,-0.00338799698,-6.9474586e-05,0.010729181,4.47504113,1726.7334
0.240593459,0.136367278,-0.00357909997,-7.08634584e-05,0.00901333265,4.42683523,1727.63765
0.240602829,0.0803647536,-0.00136424912,0.00120279605,-0.0381404049,1.12531856,1728.97462
0.240632977,0.0349640862,0.00489324671,0.000827833289,-0.0588072525,-0.453536977,1724.30395
0.240694526,0.13502937,-0.00376000615,-6.9410693e-05,0.0072051581,4.36993605,1728.53523
0.240802859,0.133595261,-0.00392815286,-6.42077519e-05,0.00530290236,4.3035646,1729.41478
0.240889079,0.0322849924,0.00509740602,0.000754506303,-0.0601289941,-0.525084383,1724.42124
0.240918982,0.132058033,-0.00408079996,-5.42628268e-05,0.00330534187,4.22695529,1730.2634
0.241043455,0.13041027,-0.00421503923,-3.8474362e-05,0.00121188063,4.13924495,1731.06666
0.241065292,0.075,-0.000637965586,0.00134732065,-0.0413670781,0.894895569,1728.17046
0.241128002,0.0297856156,0.00523873831,0.000681633439,-0.0613663171,-0.594266139,1724.63353
0.241176878,0.128644026,-0.00432783814,-1.55724864e-05,-0.000977349848,4.03960939,1731.80888
0.241319895,0.12675078,-0.00441615344,1.57655809e-05,-0.00326138841,3.92725646,1732.47351
0.241350897,0.0274539002,0.00532116517,0.00061080123,-0.0625257396,-0.661848607,1724.93193
0.241473195,0.124721401,-0.00447690717,5.700725e-05,-0.00563834599,3.80162974,1733.04362
0.241527755,0.0696352464,0.000119305548,0.00145439971,-0.0443823297,0.682627966,1727.42531
0.241558841,0.0252785992,0.00534921063,0.000543200783,-0.0636127432,-0.728391375,1725.30555
0.241637519,0.1225461,-0.00450695423,0.000109618911,-0.00810531254,3.66265711,1733.50267
0.241752835,0.0232492201,0.00532776606,0.000479628099,-0.0646320506,-0.794278688,1725.74237
0.241813658,0.120214384,-0.004503036,0.000174940986,-0.0106582764,3.51039395,1733.83551
0.241933816,0.0213559743,0.00526192689,0.000420600089,-0.0655878274,-0.859691544,1726.23009
0.241959195,0.0646303672,0.000844048596,0.00151673786,-0.0470365671,0.500763002,1726.7805
0.242002462,0.117715008,-0.00446187998,0.00025421314,-0.0132920654,3.34495447,1734.02943
0.242102656,0.0195897299,0.00515684407,0.000366389983,-0.0664838278,-0.924671073,1726.75668
0.242204842,0.115035914,-0.00438032904,0.000348416547,-0.0160003153,3.16678472,1734.07543
0.242260171,0.0179419674,0.00501759903,0.00031708515,-0.0673234968,-0.989161582,1727.31088
0.242361693,0.0599612217,0.00152639222,0.00153905144,-0.0494004132,0.343473928,1726.22219
0.242407119,0.0164047389,0.00484910559,0.000272631141,-0.0681100416,-1.05305837,1727.8825
0.242421774,0.112164181,-0.00425520417,0.000458228002,-0.0187754799,2.97669344,1733.96941
0.242544209,0.0149706296,0.00465603603,0.000232870109,-0.0688464797,-1.11618691,1728.46255
0.242654305,0.109085956,-0.00408324846,0.000583834851,-0.0216088948,2.77584924,1733.71315
0.242672104,0.0136327222,0.0044427619,0.0001975698,-0.0695356706,-1.17834314,1729.04335
0.242737192,0.0556052884,0.00215876485,0.00152690576,-0.0515281258,0.206131554,1725.7438
0.242791419,0.0123845633,0.00421332054,0.000166445788,-0.0701803366,-1.23934776,1729.61847
0.24290273,0.0112201325,0.00397139939,0.000139187,-0.0707830754,-1.29902246,1730.18268
0.242903556,0.105786393,-0.00386111347,0.000724768022,-0.0244909133,2.56574965,1733.31478
0.243006574,0.0101338132,0.00372032646,0.000115470401,-0.0713463678,-1.35719654,1730.73185
0.243087501,0.0515415566,0.0027352957,0.00148700276,-0.0534612698,0.0851820949,1725.34549
0.243103453,0.00912036556,0.00346307328,9.49704165e-05,-0.0718725823,-1.41372135,1731.2628
0.243170729,0.102249575,-0.00358526998,0.000879708108,-0.0274111382,2.34804427,1732.78878
0.243193832,0.00817490128,0.00320226595,7.73685006e-05,-0.0723639775,-1.46847221,1731.77322
0.243278149,0.00729285993,0.00294020098,6.23593038e-05,-0.0728227047,-1.52134888,1732.2615
0.24335681,0.00646998704,0.00267886474,4.96557787e-05,-0.0732508085,-1.5722761,1732.72667
0.243414311,0.0477504251,0.00325161419,0.00142550185,-0.0552316812,-0.0225915349,1725.03168
0.243430194,0.0057023135,0.00241995612,3.89890675e-05,-0.0736502291,-1.62119397,1733.16822
0.243457113,0.0984584434,-0.00325191082,0.00104626297,-0.0303587746,2.12456437,1732.15524
0.243498656,0.00498613648,0.00216491042,3.01113391e-05,-0.0740228037,-1.66807632,1733.58606
0.243562524,0.00431800152,0.00191492328,2.27993915e-05,-0.0743702693,-1.71291238,1733.98043
0.243622109,0.00369468589,0.00167097407,1.68493655e-05,-0.0746942644,-1.75569742,1734.35178
0.243677697,0.00311318307,0.00143384891,1.2077499e-05,-0.0749963329,-1.79645481,1734.7008
0.243719199,0.0442136074,0.0037047468,0.00134810961,-0.0568637699,-0.119922587,1724.8084
0.243729555,0.0025706882,0.00120416269,8.32049985e-06,-0.0752779268,-1.83521449,1735.02827
0.24376409,0.0943947116,-0.00285697115,0.00122068422,-0.0333231356,1.89732929,1731.43819
0.243777935,0.00206458457,0.000982379504,5.43651606e-06,-0.0755404101,-1.87201745,1735.3351
0.24382307,0.00159243101,0.000768831593,3.28631736e-06,-0.0757850624,-1.90682762,1735.62223
0.243865177,0.00115195011,0.000563737622,1.76496943e-06,-0.0760130827,-1.93967951,1735.89066
0.243904459,0.000741017226,0.000367220563,6.56374592e-07,-0.0762255936,-1.97048993,1736.14139
0.243941106,0.000357650242,0.000179319061,4.00119909e-07,-0.076423645,-2.00058848,1736.37542
0.243975295,0,0,0,-0.0766082425,-2.01527097,1736.59374
0.244003634,0.040914044,0.00409306411,0.00125983747,-0.0583763078,-0.209198534,1724.68109
0.244093139,0.0900387783,-0.00239615291,0.00139766663,-0.0362943427,1.66824684,1730.66365
0.244268989,0.0378358195,0.00441620923,0.00116495488,-0.0597838102,-0.292414668,1724.65281
0.244445849,0.0853696328,-0.00186504708,0.00156966596,-0.0392642639,1.43929968,1729.85709
0.244516544,0.0349640862,0.00467505724,0.00106700687,-0.0610975993,-0.371122489,1724.7233
0.244527273,0.15,0,0,0.019033654,4.91928096,1717.26931
0.244550045,0.14964235,-0.00014465576,-1.04266953e-07,0.0185143004,4.91974333,1717.64159
0.244574454,0.149258983,-0.00029582459,-3.14827553e-07,0.0179592054,4.92049316,1718.03981
0.244600619,0.14884805,-0.000453472188,-6.6983169e-07,0.017366139,4.92064555,1718.46527
0.244628665,0.148407569,-0.000617509912,-1.15935002e-06,0.0167327191,4.91991562,1718.91926
0.244658728,0.147935415,-0.000787780514,-1.768232e-06,0.0160564551,4.91810569,1719.40298
0.244690952,0.147429312,-0.000964049547,-2.46958835e-06,0.01533475,4.91500099,1719.91753
0.244725493,0.146886817,-0.00114599451,-3.22165071e-06,0.0145649059,4.91035313,1720.4638
0.244747492,0.0322849924,0.00487154281,0.000968832264,-0.0623266185,-0.446709036,1724.88891
0.244762518,0.146305314,-0.00133319393,-3.96317224e-06,0.0137441308,4.90388155,1721.04249
0.244802206,0.145681998,-0.00152511588,-4.60923818e-06,0.0128695487,4.89526883,1721.65398
0.24482392,0.0803647536,-0.00125943776,0.00172793241,-0.0422277406,1.2117683,1729.04108
0.244844747,0.145013864,-0.00172110653,-5.04589659e-06,0.0119382125,4.88415697,1722.29828
0.244890346,0.144297686,-0.00192037869,-5.12407094e-06,0.0109471205,4.87014423,1722.97495
0.244939225,0.143530013,-0.00212200066,-4.65271427e-06,0.00989323726,4.85278248,1723.68298
0.244962948,0.0297856156,0.00500848418,0.000872653855,-0.063478052,-0.520241622,1725.14292
0.244991619,0.14270714,-0.00232488592,-3.39132542e-06,0.008773519,4.83157511,1724.4207
0.245047779,0.141825099,-0.0025277842,-1.04181297e-06,0.00758494388,4.80597556,1725.18562
0.245107978,0.140879634,-0.00272927473,2.75925788e-06,0.00632454835,4.77538651,1725.97438
0.245163951,0.0274539002,0.00508947589,0.000780171249,-0.0645577913,-0.592366242,1725.47625
0.245172506,0.139866187,-0.00292776205,8.45228019e-06,0.00498946941,4.73914958,1726.78255
0.245229176,0.075,-0.000575824579,0.00186100303,-0.0451843718,0.985867727,1728.23309
0.245241673,0.138779867,-0.00312147285,1.65625936e-05,0.00357699342,4.69655594,1727.6045
0.245315814,0.137615437,-0.00330845406,2.77113311e-05,0.00208461175,4.64690307,1728.43334
0.24535147,0.0252785992,0.00511868051,0.000692584563,-0.0655707837,-0.663563965,1725.87818
0.245395286,0.136367278,-0.00348658077,4.2612982e-05,0.000510083386,4.58946242,1729.26075
0.245480472,0.13502937,-0.00365356789,6.20530258e-05,-0.00114849547,4.52348363,1730.07693
0.245526411,0.0232492201,0.00510063365,0.000610699518,-0.0665212895,-0.734124069,1726.33718
0.245571784,0.133595261,-0.00380696913,8.69301753e-05,-0.00289261581,4.44815929,1730.87057
0.245634433,0.0696352464,0.000135495414,0.00194963537,-0.0479477814,0.777783277,1727.49569
0.245669661,0.132058033,-0.00394421491,0.000118262265,-0.00472327401,4.36266761,1731.6289
0.245689616,0.0213559743,0.00504009161,0.000534998738,-0.0674130685,-0.804164577,1726.84153
0.245774577,0.13041027,-0.00406267987,0.000157114398,-0.00664088523,4.26623503,1732.33781
0.245841873,0.0195897299,0.00494188844,0.000465704277,-0.0682495139,-0.873680312,1727.37993
0.245887036,0.128644026,-0.00415968503,0.00020469806,-0.00864519476,4.15812085,1732.9821
0.245983917,0.0179419674,0.00481081307,0.000402833598,-0.0690337464,-0.942576936,1727.94181
0.246007581,0.12675078,-0.00423251494,0.000262237956,-0.010735188,4.03792832,1733.54592
0.246012504,0.0646303672,0.000815839546,0.00198893664,-0.0503813615,0.599293482,1726.87025
0.246116432,0.0164047389,0.00465151172,0.000346249893,-0.0697686788,-1.01070596,1728.51767
0.246136794,0.124721401,-0.00427842541,0.000330889142,-0.0129090035,3.90542574,1734.01334
0.246240057,0.0149706296,0.00446841711,0.000295703505,-0.0704570594,-1.07789183,1729.09916
0.246275299,0.1225461,-0.00429463142,0.000411811366,-0.0151638529,3.7603357,1734.36915
0.24635539,0.0136327222,0.00426569274,0.000250865756,-0.0711015003,-1.14392875,1729.67913
0.246365214,0.0599612217,0.00145670307,0.00198505679,-0.0525500495,0.444396387,1726.34248
0.246423762,0.120214384,-0.0042783961,0.000506035324,-0.0174959522,3.60265597,1734.59979
0.246462986,0.0123845633,0.00404719303,0.000211356246,-0.0717044949,-1.20861517,1730.25166
0.246563365,0.0112201325,0.00381644593,0.000176764974,-0.072268429,-1.27177445,1730.81192
0.246582901,0.117715008,-0.00422706521,0.00061439845,-0.0199004715,3.43269785,1734.69448
0.24665701,0.0101338132,0.00357664432,0.000146671829,-0.0727955861,-1.33324041,1731.35612
0.246694263,0.0556052884,0.00205140437,0.00194475163,-0.0545036384,0.308382237,1725.90466
0.246744373,0.00912036556,0.00333064527,0.000120660313,-0.0732881516,-1.39286989,1731.8814
0.246753482,0.115035914,-0.00413802147,0.000737432802,-0.0223715126,3.25104638,1734.64636
0.246825876,0.00817490128,0.00308097927,9.83225193e-05,-0.0737482132,-1.45053543,1732.38565
0.246901911,0.00729285993,0.00282986491,7.9267999e-05,-0.0741777628,-1.50615073,1732.86748
0.246936329,0.112164181,-0.00400864834,0.000875270394,-0.0249021222,3.05859163,1734.45352
0.246972846,0.00646998704,0.00257922679,6.31349355e-05,-0.0745786969,-1.55965384,1733.32605
0.24700124,0.0515415566,0.00259460519,0.00187563058,-0.0562802001,0.187695726,1725.55487
0.247039022,0.0057023135,0.00233071522,4.95843275e-05,-0.0749528171,-1.61098559,1733.76099
0.24710076,0.00498613648,0.00208572804,3.83020106e-05,-0.0753018317,-1.66012875,1734.17228
0.247132324,0.109085956,-0.00383626925,0.00102750107,-0.0274843561,2.85650516,1734.11979
0.247158355,0.00431800152,0.00184543339,2.90053051e-05,-0.0756273573,-1.70708211,1734.56024
0.247212088,0.00369468589,0.00161079175,2.14373407e-05,-0.0759309206,-1.75185097,1734.92539
0.247262215,0.00311318307,0.0013825774,1.53662045e-05,-0.0762139609,-1.79446272,1735.26844
0.247287624,0.0477504251,0.00308219978,0.00178455824,-0.0579088324,0.0791608217,1725.29478
0.247308981,0.0025706882,0.00116139917,1.05847614e-05,-0.0764778333,-1.83495586,1735.5902
0.247342411,0.105786393,-0.00361808183,0.00119298906,-0.0301094098,2.6462521,1733.65499
0.247352609,0.00206458457,0.000947720074,6.91308804e-06,-0.076723811,-1.87337734,1735.89158
0.24739331,0.00159243101,0.000741875482,4.17639746e-06,-0.0769530896,-1.90966477,1736.17356
0.247431281,0.00115195011,0.000544090168,2.22472139e-06,-0.0771667897,-1.94382964,1736.43713
0.247466705,0.000741017226,0.000354495284,8.25683396e-07,-0.0773659609,-1.9761104,1736.68328
0.247499753,0.000357650242,0.000173137926,6.06768557e-07,-0.0775515852,-2.00744109,1736.913
0.247530584,0,0,0,-0.0777246034,-2.02251088,1737.12729
0.247554797,0.0442136074,0.00351127543,0.00167779264,-0.0594117914,-0.0198719507,1725.12762
0.247567605,0.102249575,-0.00335112003,0.00136971207,-0.0327678349,2.42947686,1733.07452
0.247804048,0.040914044,0.0038801006,0.00156077744,-0.0608061438,-0.111673622,1725.05606
0.247808991,0.0984584434,-0.00303212444,0.00155452746,-0.0354498692,2.20790841,1732.39852
0.248036578,0.0378358195,0.00418811357,0.00143808659,-0.0621050443,-0.198062724,1725.08073
0.248067734,0.0943947116,-0.00265749251,0.0017428795,-0.0381459068,1.98340881,1731.65028
0.248253511,0.0349640862,0.0044359432,0.00131354517,-0.0633187181,-0.280533689,1725.19956
0.248345083,0.0900387783,-0.00222334178,0.00192865803,-0.0408471476,1.75775624,1730.85437
0.248455891,0.0322849924,0.00462518335,0.00119018637,-0.0644552127,-0.360340268,1725.40773
0.248642373,0.0853696328,-0.0017255647,0.00210346531,-0.0435464681,1.53276149,1730.0347
0.248644695,0.0297856156,0.00475827592,0.00107034721,-0.0655209703,-0.438333439,1725.69788
0.248820834,0.0274539002,0.00483845394,0.000955816503,-0.0665212585,-0.515089304,1726.06079
0.24896104,0.0803647536,-0.00116005592,0.0022576833,-0.0462395605,1.30948275,1729.21279
0.248985157,0.0252785992,0.00486950157,0.00084782462,-0.0674604921,-0.591010393,1726.48597
0.249138458,0.0232492201,0.00485559101,0.000747191912,-0.0683424692,-0.66629623,1726.96234
0.249281475,0.0213559743,0.00480113091,0.000654378117,-0.069170543,-0.741004624,1727.47883
0.249302621,0.075,-0.000523140298,0.00237907924,-0.0489265888,1.08786391,1728.40639
0.249414898,0.0195897299,0.00471062767,0.000569557959,-0.0699477447,-0.815084143,1728.02478
0.249424743,0.15,0,0,0.00903923093,5.21104718,1719.71692
0.24944302,0.14964235,-0.000142064245,8.40002303e-08,0.00856504429,5.20924752,1720.06337
0.249462611,0.149258983,-0.000290279374,2.45430372e-07,0.00805825968,5.2050552,1720.43392
0.249483611,0.14884805,-0.00044456782,6.05512019e-07,0.00751684552,5.19984571,1720.82976
0.24950612,0.148407569,-0.000604797595,1.19058317e-06,0.00693863803,5.19345718,1721.25205
0.249530248,0.147935415,-0.000770765797,2.07999354e-06,0.00632137633,5.18569246,1721.70187
0.249539371,0.0179419674,0.00458856901,0.000492686565,-0.0706768684,-0.888406975,1728.59036
0.249556111,0.147429312,-0.000942190606,3.36672453e-06,0.00566270554,5.17634088,1722.18015
0.249583834,0.146886817,-0.00111870105,5.16472011e-06,0.00496018179,5.16516288,1722.68768
0.24961355,0.146305314,-0.00129982704,7.61247344e-06,0.00421127918,5.15188123,1723.22499
0.249644202,0.0696352464,0.000139051151,0.00244921929,-0.051438796,0.883601968,1727.67939
0.249645403,0.145681998,-0.0014849891,1.08783707e-05,0.00341339945,5.13618364,1723.79232
0.249655494,0.0164047389,0.00443932873,0.000423549894,-0.0713605303,-0.960797788,1729.1667
0.249679546,0.145013864,-0.00167348833,1.51655149e-05,0.00256388442,5.1177204,1724.38955
0.249716144,0.144297686,-0.00186449674,2.07172173e-05,0.00166003182,5.09610188,1725.01607
0.249755374,0.143530013,-0.00205704861,2.78228116e-05,0.000699114791,5.07089619,1725.67075
0.249763827,0.0149706296,0.00426709302,0.00036181209,-0.0720012069,-1.03205898,1729.74607
0.249797425,0.14270714,-0.00225003322,3.68239109e-05,-0.000321594273,5.04162564,1726.35178
0.249842499,0.141825099,-0.00244218829,4.81221134e-05,-0.00140479533,5.00776132,1727.05657
0.249864893,0.0136327222,0.00407580693,0.000307051706,-0.0726012599,-1.1019853,1730.32188
0.249890814,0.140879634,-0.00263209521,6.21850054e-05,-0.00255312715,4.96873709,1727.78166
0.249942603,0.139866187,-0.00281817741,7.9553174e-05,-0.00376912839,4.92396984,1728.52253
0.24995918,0.0123845633,0.00386913531,0.000258794746,-0.0731629516,-1.17036995,1730.88867
0.249962869,0.0646303672,0.000772717477,0.00246557524,-0.0536524143,0.708071158,1727.07351
0.249998117,0.138779867,-0.00299870226,0.000100829475,-0.00505519276,4.87284306,1729.27355
0.250047142,0.0112201325,0.0036504401,0.000216534163,-0.0736884528,-1.2370201,1731.44202
0.250057622,0.137615437,-0.00317178318,0.00012669726,-0.00641351839,4.81465813,1730.02781
0.250121405,0.136367278,-0.00333539169,0.000157929412,-0.00784605115,4.74869152,1730.77706
0.250129203,0.0101338132,0.00342277279,0.000179752021,-0.0741798478,-1.30178582,1731.97847
0.250189775,0.13502937,-0.00348737848,0.000195374744,-0.009354422,4.67425489,1731.51164
0.250205759,0.00912036556,0.00318887293,0.000147943437,-0.0746391361,-1.36453298,1732.49544
0.25026016,0.0599612217,0.0013705035,0.00243567687,-0.0556266318,0.555127929,1726.57454
0.250263061,0.133595261,-0.00362550855,0.00023993701,-0.0109398789,4.59058101,1732.22046
0.25027718,0.00817490128,0.00295117298,0.00012061365,-0.0750682328,-1.42513148,1732.99107
0.250341617,0.132058033,-0.00374747317,0.000292627953,-0.0126032142,4.4969115,1732.8911
0.25034381,0.00729285993,0.00271181064,9.72877899e-05,-0.0754689688,-1.48350353,1733.46414
0.25040597,0.00646998704,0.00247264555,7.75254116e-05,-0.0758430903,-1.53959341,1733.91394
0.250425821,0.13041027,-0.00385090505,0.000354503757,-0.0143446887,4.39270604,1733.50991
0.250463961,0.0057023135,0.00223527749,6.09158539e-05,-0.0761922593,-1.59335603,1734.34022
0.25051608,0.128644026,-0.00393341189,0.00042659606,-0.0161639523,4.27751197,1734.06237
0.250518061,0.00498613648,0.0020010658,4.70794129e-05,-0.076518054,-1.64477668,1734.74308
0.250537508,0.0556052884,0.00192644234,0.00236741847,-0.0574067466,0.42001063,1726.17389
0.250568532,0.00431800152,0.00177115018,3.5670737e-05,-0.0768219699,-1.69385877,1735.12286
0.250612829,0.12675078,-0.0039925741,0.000509936519,-0.0180599669,4.15086153,1734.53348
0.250615618,0.00369468589,0.00154647159,2.63769463e-05,-0.0771054207,-1.74062162,1735.48015
0.250659545,0.00311318307,0.00132779257,1.89166719e-05,-0.0773697412,-1.78509931,1735.81567
0.250700525,0.0025706882,0.00111571651,1.30376725e-05,-0.0776161885,-1.82733756,1736.13027
0.250716535,0.124721401,-0.00402599737,0.000605500392,-0.0200309305,4.01243603,1734.90839
0.250738756,0.00206458457,0.000910706101,8.51985195e-06,-0.0778459454,-1.86739035,1736.42488
0.250774423,0.00159243101,0.000713100676,5.15190431e-06,-0.078060123,-1.90520057,1736.70045
0.250796251,0.0515415566,0.0024356011,0.00226928187,-0.0590273279,0.299180641,1725.86781
0.250807697,0.00115195011,0.000523131487,2.75389363e-06,-0.0782597634,-1.9407994,1736.95799
0.250827698,0.1225461,-0.00403137007,0.000714172321,-0.0220742085,3.8621466,1735.17321
0.25083874,0.000741017226,0.000340935515,1.06815162e-06,-0.0784458435,-1.97441134,1737.19847
0.250867699,0.000357650242,0.000166570359,6.95084998e-07,-0.0786192776,-2.00683894,1737.42288
0.250894716,0,0,0,-0.0787809409,-2.02236058,1737.63219
0.250946853,0.120214384,-0.00400645029,0.000836642906,-0.0241862756,3.70012494,1735.31596
0.251037638,0.0477504251,0.00289404581,0.00214880871,-0.0605147374,0.189515212,1725.65566
0.251074577,0.117715008,-0.00394905329,0.000973344329,-0.0263626758,3.52674932,1735.32759
0.251211484,0.115035914,-0.00385703837,0.00112435431,-0.0285980054,3.34266746,1735.20307
0.251262831,0.0442136074,0.00329885443,0.00201279467,-0.0618890844,0.0884459852,1725.5381
0.251358236,0.112164181,-0.0037282667,0.00128928295,-0.0308859301,3.14879905,1734.94226
0.251472919,0.040914044,0.00364815355,0.00186708709,-0.0631657403,-0.00616506519,1725.51527
0.25151554,0.109085956,-0.00356054095,0.00146714383,-0.0332192477,2.9463126,1734.55045
0.251668913,0.0378358195,0.00394117775,0.00171661152,-0.0643565088,-0.0959567442,1725.58567
0.251684155,0.105786393,-0.00335152156,0.00165619182,-0.0355900107,2.73660551,1734.03846
0.251851761,0.0349640862,0.00417822023,0.00156541907,-0.065470526,-0.182380806,1725.74564
0.251864894,0.102249575,-0.00309866939,0.00185372943,-0.0379897275,2.52129257,1733.42194
0.252022342,0.0322849924,0.00436050949,0.00141674337,-0.0665149508,-0.266546605,1725.9893
0.252058629,0.0984584434,-0.00279916094,0.00205591256,-0.0404096662,2.30201415,1732.72047
0.25218148,0.0297856156,0.00449015379,0.00127308446,-0.0674954883,-0.349115819,1726.30881
0.252266295,0.0943947116,-0.00244978422,0.00225746024,-0.0428412882,2.08045507,1731.95605
0.252329944,0.0274539002,0.0045699983,0.00113629234,-0.0684167861,-0.430598791,1726.69487
0.252468448,0.0252785992,0.00460343599,0.00100765203,-0.0692827279,-0.511309189,1727.13723
0.252488892,0.0900387783,-0.00204694646,0.00245149648,-0.0452768447,1.85827129,1731.15152
0.252597661,0.0232492201,0.004594264,0.000887997485,-0.0700966505,-0.591371995,1727.6253
0.252718207,0.0213559743,0.00454653445,0.000777775476,-0.0708615006,-0.670785777,1728.14859
0.252727496,0.0853696328,-0.00158674093,0.00262885257,-0.0477101791,1.63711539,1730.32901
0.252830666,0.0195897299,0.00446441959,0.000677120924,-0.0715799457,-0.749455207,1728.69715
0.252935581,0.0179419674,0.00435209821,0.000585933523,-0.0722544524,-0.827222804,1729.26179
0.252983256,0.0803647536,-0.00106508636,0.00277909793,-0.0501377785,1.41783159,1729.50898
0.253033458,0.0164047389,0.00421366229,0.000503929225,-0.0728873381,-0.903885369,1729.83429
0.25312477,0.0149706296,0.00405304499,0.000430686602,-0.0734808054,-0.979226937,1730.40752
0.253209956,0.0136327222,0.00387396686,0.000365697257,-0.0740369638,-1.05304603,1730.97541
0.253257407,0.075,-0.00047805852,0.00288928205,-0.0525602985,1.20010049,1728.70941
0.253289428,0.0123845633,0.00367989787,0.000308399424,-0.0745578419,-1.1251352,1731.53294
0.253363569,0.0112201325,0.00347403096,0.000258193115,-0.0750453939,-1.1952919,1732.07609
0.253432737,0.0101338132,0.00325927105,0.000214467707,-0.0755015029,-1.26336817,1732.60174
0.253497264,0.00912036556,0.00303823428,0.000176626406,-0.0759279809,-1.32923596,1733.10755
0.253531557,0.0696352464,0.000132561185,0.00294173565,-0.0548261748,0.999182849,1727.99517
0.253557463,0.00817490128,0.00281325133,0.000144088733,-0.0763265689,-1.39277902,1733.59189
0.253613624,0.00729285993,0.00258637638,0.000116299001,-0.0766989352,-1.4539193,1734.05371
0.253666017,0.00646998704,0.0023594011,9.27361975e-05,-0.0770466752,-1.51260355,1734.49244
0.253714896,0.0057023135,0.00213387162,7.29157742e-05,-0.0773713104,-1.56880227,1734.90793
0.253760496,0.00498613648,0.00191110674,5.63914641e-05,-0.077674288,-1.62250749,1735.30034
0.253787317,0.0646303672,0.000717842043,0.00293614276,-0.0568241398,0.826115543,1727.40859
0.253803037,0.00431800152,0.00169221658,4.27557196e-05,-0.0779569819,-1.67373033,1735.67009
0.253842724,0.00369468589,0.00147812168,3.16389208e-05,-0.078220693,-1.72249806,1736.0178
0.253879749,0.00311318307,0.00126957184,2.27083e-05,-0.0784666506,-1.76885248,1736.3442
0.253914291,0.0025706882,0.0010671643,1.56648464e-05,-0.0786960145,-1.81284506,1736.65017
0.253946515,0.00206458457,0.000871361039,1.02466076e-05,-0.0789098767,-1.85454201,1736.93661
0.253976578,0.00159243101,0.000682505115,6.20517479e-06,-0.0791092641,-1.89392362,1737.2045
0.254004624,0.00115195011,0.000500834761,3.34994362e-06,-0.0792951407,-1.93108472,1737.45481
0.254025921,0.0599612217,0.00127137524,0.00288131318,-0.0586076912,0.674638894,1726.93588
0.254030788,0.000741017226,0.000326495146,1.37513682e-06,-0.0794684108,-1.96581089,1737.68853
0.254055198,0.000357650242,0.000159555986,6.4254676e-07,-0.0796299215,-1.99926358,1737.9066
0.25407797,0,0,0,-0.0797804825,-2.01543229,1738.11
0.254245021,0.15,0,0,-0.000797436543,5.49671186,1722.1259
0.254248519,0.0556052884,0.00178774875,0.00278619808,-0.060217696,0.539963335,1726.56788
0.2542586,0.14964235,-0.000136503661,2.70760923e-07,-0.00122592522,5.49264095,1722.44386
0.254273156,0.149258983,-0.000278691384,8.16420089e-07,-0.0016838438,5.48357502,1722.78391
0.254288758,0.14884805,-0.000426451973,1.9021246e-06,-0.00217302479,5.47311525,1723.14713
0.254305483,0.148407569,-0.000579620754,3.57372259e-06,-0.00269541323,5.46115583,1723.53457
0.254323409,0.147935415,-0.000737962598,5.97846714e-06,-0.00325303958,5.44754884,1723.94717
0.254342625,0.147429312,-0.000901164617,9.27369732e-06,-0.0038480166,5.43207023,1724.38575
0.254363222,0.146886817,-0.00106882688,1.36463e-05,-0.00448253443,5.41450413,1724.85096
0.254385301,0.146305314,-0.00124045324,1.93097667e-05,-0.00515885377,5.39457571,1725.34321
0.254408967,0.145681998,-0.00141544237,2.6514533e-05,-0.00587929678,5.37198014,1725.86264
0.254434335,0.145013864,-0.00159307936,3.5550404e-05,-0.00664623526,5.34637908,1726.40901
0.254456184,0.0515415566,0.00226233321,0.00266010138,-0.0616852825,0.418579117,1726.29949
0.254461526,0.144297686,-0.00177252816,4.67524605e-05,-0.00746207592,5.31739313,1726.98164
0.254490674,0.143530013,-0.00195282446,6.05054242e-05,-0.00832924215,5.28460497,1727.5793
0.254521916,0.14270714,-0.00213286977,7.72495304e-05,-0.00925015214,5.24758012,1728.20016
0.254555406,0.141825099,-0.00231142876,9.74798806e-05,-0.0102271927,5.20584266,1728.8416
0.254591303,0.140879634,-0.00248712765,0.000121748695,-0.0112626888,5.15886598,1729.50014
0.254629782,0.139866187,-0.00265845365,0.000150677502,-0.0123588679,5.1060801,1730.17135
0.254649919,0.0477504251,0.0026912885,0.00251120231,-0.0630341331,0.307423417,1726.12813
0.254671027,0.138779867,-0.00282376288,0.000184957165,-0.0135178198,5.04688374,1730.84967
0.254715238,0.137615437,-0.00298129727,0.000225338019,-0.0147414509,4.98063937,1731.52836
0.254762628,0.136367278,-0.00312919445,0.000272634245,-0.0160314334,4.9066874,1732.1994
0.254813426,0.13502937,-0.00326549662,0.00032774553,-0.0173891501,4.82435581,1732.85343
0.254830658,0.0442136074,0.00307162519,0.00234680727,-0.0642822603,0.204024236,1726.05221
0.254867876,0.133595261,-0.00338818063,0.000391597217,-0.0188156337,4.73305895,1733.47977
0.254926241,0.132058033,-0.00349517772,0.000465121937,-0.0203115032,4.63227432,1734.06651
0.254988804,0.13041027,-0.00358438285,0.000549272106,-0.0218768972,4.52141936,1734.60066
0.254999273,0.040914044,0.00340130745,0.00217314987,-0.0654433824,0.106389918,1726.06968
0.255055864,0.128644026,-0.00365369486,0.000644984524,-0.0235114057,4.40000467,1735.06849
0.255127747,0.12675078,-0.00370106171,0.000753133003,-0.0252140028,4.26768998,1735.45597
0.255156577,0.0378358195,0.0036793445,0.00199551589,-0.0665279882,0.0129431973,1726.17721
0.255204798,0.124721401,-0.00372449591,0.000874475815,-0.0269829821,4.12428628,1735.74939
0.25528739,0.1225461,-0.00372207919,0.00100961648,-0.0288158981,3.96978122,1735.93617
0.255303329,0.0349640862,0.0039056813,0.00181820306,-0.0675441549,-0.0776124779,1726.36981
0.255375921,0.120214384,-0.00369197021,0.00115891875,-0.0307095185,3.80436895,1736.00577
0.255440236,0.0322849924,0.00408117955,0.00164462643,-0.0684981766,-0.166190251,1726.64075
0.255470817,0.117715008,-0.00363239618,0.00132243579,-0.0326597907,3.62847994,1735.95069
0.25556796,0.0297856156,0.0042075961,0.00147745184,-0.0693950421,-0.253400554,1726.98181
0.255572537,0.115035914,-0.00354162399,0.00149981428,-0.0346618313,3.4427935,1735.76737
0.255681571,0.112164181,-0.00341791391,0.00169018474,-0.0367099445,3.24823526,1735.45695
0.255687116,0.0274539002,0.00428738043,0.00131861552,-0.0702387944,-0.339661968,1727.38366
0.255798278,0.0252785992,0.004323537,0.00116946998,-0.0710327996,-0.4251887,1727.83635
0.255798445,0.109085956,-0.00325945496,0.00189203134,-0.0387976815,3.0459578,1735.02565
0.255901984,0.0232492201,0.00431948344,0.00103087094,-0.0717799434,-0.51004107,1728.32974
0.255923723,0.105786393,-0.00306428113,0.002103051,-0.0409179543,2.83729757,1734.48463
0.255998733,0.0213559743,0.00427890757,0.000903257983,-0.0724827742,-0.594153264,1728.85396
0.256058008,0.102249575,-0.00283018298,0.00231994294,-0.0430632201,2.62375798,1733.84925
0.256088992,0.0195897299,0.00420564214,0.000786735178,-0.0731436029,-0.677398536,1729.39966
0.256173196,0.0179419674,0.00410355398,0.000681158019,-0.0737645736,-0.759596252,1729.95833
0.25620195,0.0984584434,-0.0025546639,0.00253824701,-0.0452257579,2.40691953,1733.13802
0.256251752,0.0164047389,0.00397645056,0.000586181828,-0.0743477092,-0.840515557,1730.52235
0.256325038,0.0149706296,0.00382800766,0.000501310384,-0.0748949423,-0.919930138,1731.08513
0.256356242,0.0943947116,-0.00223480863,0.00275203191,-0.0473980637,2.18835394,1732.3713
0.256393408,0.0136327222,0.00366171633,0.000425955042,-0.0754081329,-0.997627009,1731.64111
0.256457192,0.0123845633,0.00348084514,0.000359467424,-0.0758890784,-1.07339943,1732.18571
0.256516696,0.0112201325,0.00328841409,0.000301162147,-0.0763395188,-1.14705588,1732.71526
0.256521628,0.0900387783,-0.00186722368,0.00295373622,-0.0495733959,1.96953079,1731.56995
0.25657221,0.0101338132,0.00308717912,0.000250343001,-0.0767611377,-1.2184367,1733.22695
0.256623999,0.00912036556,0.00287962809,0.000206322778,-0.0771555615,-1.28741509,1733.7187
0.256672314,0.00817490128,0.00266798455,0.000168435773,-0.0775243584,-1.35389207,1734.18906
0.256698906,0.0853696328,-0.00144812417,0.00313351756,-0.0517465079,1.7519657,1730.75428
0.256717389,0.00729285993,0.00245421521,0.0001360471,-0.0778690362,-1.4177945,1734.63714
0.256759439,0.00646998704,0.00224004112,0.000108559042,-0.0781910406,-1.47907619,1735.06249
0.256798669,0.0057023135,0.00202695239,8.54151338e-05,-0.0784917538,-1.53771562,1735.46506
0.256835267,0.00498613648,0.00181622448,6.61022067e-05,-0.0787724938,-1.59371273,1735.84506
0.25686941,0.00431800152,0.00160893534,5.01508428e-05,-0.079034514,-1.6470864,1736.20297
0.256888931,0.0803647536,-0.000973395262,0.00328020081,-0.0539146151,1.53631008,1729.94359
0.256901263,0.00369468589,0.00140598304,3.71346244e-05,-0.0792790036,-1.69787155,1736.5394
0.256930979,0.00311318307,0.00120810303,2.66690239e-05,-0.0795070882,-1.74611758,1736.85513
0.256958702,0.0025706882,0.00101588512,1.84080537e-05,-0.079719831,-1.79188256,1737.15102
0.256984565,0.00206458457,0.000829789569,1.20470344e-05,-0.0799182349,-1.83524118,1737.42798
0.257008693,0.00159243101,0.000650162378,7.30055937e-06,-0.0801032435,-1.87620481,1737.68696
0.257031202,0.00115195011,0.000477249026,3.95500666e-06,-0.080275744,-1.91491742,1737.92891
0.257052202,0.000741017226,0.000311206928,1.68524301e-06,-0.0804365693,-1.95096945,1738.15481
0.257071793,0.000357650242,0.000152119283,6.61703754e-07,-0.0805865002,-1.98533507,1738.36558
0.25709007,0,0,0,-0.0807262818,-2.0018512,1738.56215
0.25709262,0.075,-0.000438811033,0.00338017085,-0.0560787874,1.3219796,1729.15594
0.257296309,0.0696352464,0.000118317171,0.0034164253,-0.0581041646,1.12385263,1728.45673
0.257486334,0.0646303672,0.000653890256,0.0033906158,-0.0598916047,0.952700643,1727.88884
0.257663612,0.0599612217,0.00116226416,0.00331269581,-0.0614890076,0.802170823,1727.43933
0.257828998,0.0556052884,0.00163845137,0.00319257815,-0.0629328979,0.667464551,1727.09886
0.257983289,0.0515415566,0.00207803637,0.00304030902,-0.0642510427,0.545108459,1726.86138
0.258127231,0.0477504251,0.00247720676,0.00286465525,-0.0654645139,0.432104774,1726.72273
0.258261517,0.0442136074,0.00283288297,0.00267340215,-0.0665892852,0.326093536,1726.67944
0.258386795,0.040914044,0.00314284657,0.00247318118,-0.0676374709,0.225213216,1726.72771
0.258503669,0.0378358195,0.00340581675,0.00226958712,-0.0686182844,0.127944517,1726.86278
0.258612702,0.0349640862,0.0036214188,0.00206719658,-0.069538777,0.0331390577,1727.07856
0.258714422,0.0322849924,0.00379018332,0.00186963849,-0.0704044051,-0.0599539258,1727.36768
0.258809318,0.0297856156,0.0039134762,0.00167971873,-0.0712194624,-0.151868748,1727.72165
0.25882874,0.15,0,0,-0.0101512272,5.76862443,1724.41663
0.258837821,0.14964235,-0.000128350021,4.53895072e-07,-0.0105355504,5.76233856,1724.70507
0.258847554,0.149258983,-0.000261857194,1.38178199e-06,-0.010946227,5.74855277,1725.01355
0.258857987,0.14884805,-0.000400387345,3.180674e-06,-0.0113848977,5.73304129,1725.34304
0.258869171,0.148407569,-0.000543754302,5.91556527e-06,-0.0118532965,5.71571557,1725.69446
0.258881158,0.147935415,-0.000691703921,9.80129272e-06,-0.0123532325,5.69650846,1726.06864
0.258894008,0.147429312,-0.000843907549,1.50523704e-05,-0.0128865861,5.67519067,1726.4663
0.258897849,0.0274539002,0.00399334705,0.00149948719,-0.0719874057,-0.242923699,1728.13121
0.258907781,0.146886817,-0.00099995361,2.19211908e-05,-0.0134553047,5.65156996,1726.88798
0.258922545,0.146305314,-0.00115933979,3.06878222e-05,-0.0140613961,5.62537429,1727.33401
0.258938371,0.145681998,-0.00132146594,4.1678155e-05,-0.01470692,5.59629729,1727.80443
0.258955334,0.145013864,-0.00148562715,5.52616569e-05,-0.0153939768,5.56402505,1728.29896
0.258973517,0.144297686,-0.00165100747,7.18524673e-05,-0.0161246945,5.52820539,1728.81686
0.258980441,0.0252785992,0.00403240974,0.00133036602,-0.0727110975,-0.333261345,1728.5867
0.258993008,0.143530013,-0.00181667506,9.19161601e-05,-0.0169012113,5.48845015,1729.35691
0.2590139,0.14270714,-0.00198157788,0.000115974964,-0.0177256564,5.44433801,1729.91727
0.259036294,0.141825099,-0.00214454327,0.000144605023,-0.0186001258,5.3954098,1730.49539
0.259057492,0.0232492201,0.00403370168,0.0011732485,-0.0733929846,-0.422883473,1729.07848
0.259060299,0.140879634,-0.00230428122,0.000178440461,-0.0195266547,5.34117205,1731.08791
0.25908603,0.139866187,-0.00245938947,0.000218174625,-0.020507186,5.28108786,1731.69053
0.259113611,0.138779867,-0.00260835912,0.000264568797,-0.021543534,5.21458205,1732.29793
0.259129375,0.0213559743,0.00400054797,0.00102858165,-0.0740352263,-0.511671639,1729.59722
0.259143175,0.137615437,-0.00274958537,0.000318438145,-0.0226373441,5.14110703,1732.90365
0.259174864,0.136367278,-0.00288138262,0.000380628105,-0.0237900475,5.06013048,1733.50003
0.259196436,0.0195897299,0.00393643897,0.000896453159,-0.0746397852,-0.599464227,1730.13422
0.259208833,0.13502937,-0.00300200047,0.000452021295,-0.0250028127,4.97107225,1734.07815
0.259245244,0.133595261,-0.00310963771,0.000533522593,-0.0262764928,4.87334872,1734.6279
0.259258998,0.0179419674,0.00384492447,0.000776680577,-0.0752084892,-0.686051405,1730.68152
0.259284273,0.132058033,-0.00320247113,0.000626039308,-0.0276115693,4.76643097,1735.138
0.259317363,0.0164047389,0.00372952439,0.000668866779,-0.0757430728,-0.771188563,1731.23211
0.259326108,0.13041027,-0.003278694,0.000730448872,-0.0290080948,4.64985367,1735.59624
0.259370952,0.128644026,-0.00333653338,0.000847571222,-0.030465634,4.52323423,1735.98978
0.259371814,0.0149706296,0.00359365597,0.000572455248,-0.0762452031,-0.854639798,1731.77993
0.25941902,0.12675078,-0.00337426801,0.00097811579,-0.0319832056,4.38630175,1736.30559
0.259422611,0.0136327222,0.00344057904,0.000486784911,-0.0767164946,-0.936177176,1732.31985
0.259470001,0.0123845633,0.00327335674,0.000411126576,-0.0771585175,-1.01559242,1732.84772
0.259470544,0.124721401,-0.00339024731,0.00112263981,-0.0335592275,4.23893,1736.53111
0.259514212,0.0112201325,0.00309483034,0.000344714595,-0.0775728007,-1.09270345,1733.36018
0.259525773,0.1225461,-0.00338290084,0.00128150047,-0.0351914672,4.08116609,1736.65497
0.259555458,0.0101338132,0.00290760309,0.00028677212,-0.0779608312,-1.16735446,1733.85471
0.259584974,0.120214384,-0.00335073678,0.00145477163,-0.0368770014,3.91325488,1736.6679
0.259593936,0.00912036556,0.0027140328,0.000236530641,-0.0783240527,-1.23941996,1734.32946
0.259629834,0.00817490128,0.002516233,0.00019324456,-0.0786638633,-1.30880771,1734.78314
0.259648431,0.117715008,-0.0032923247,0.00164217273,-0.0386121894,3.73565938,1736.56363
0.259663323,0.00729285993,0.00231607912,0.000156202057,-0.0789816123,-1.37545332,1735.21501
0.259694566,0.00646998704,0.00211521803,0.000124732106,-0.0792785979,-1.4393179,1735.62472
0.259716451,0.115035914,-0.00320626201,0.00184297731,-0.0403926654,3.54906986,1736.3397
0.259723713,0.0057023135,0.00191508058,9.82088325e-05,-0.0795560655,-1.50038716,1736.01228
0.259750905,0.00498613648,0.00171689618,7.60539699e-05,-0.0798152056,-1.55866871,1736.37796
0.259776272,0.00431800152,0.00152170827,5.77376254e-05,-0.0800571531,-1.6141891,1736.72226
0.259789362,0.112164181,-0.00309112346,0.00205590721,-0.0422133578,3.35440087,1735.99809
0.259799938,0.00369468589,0.00133039027,4.27775975e-05,-0.0802829874,-1.66699077,1737.04581
0.259822017,0.00311318307,0.00114366156,3.07382587e-05,-0.0804937321,-1.71713037,1737.34939
0.259842614,0.0025706882,0.000962103042,2.12270403e-05,-0.0806903558,-1.76467273,1737.63383
0.25986183,0.00206458457,0.000786172101,1.38971335e-05,-0.0808737733,-1.80969944,1737.90004
0.259867516,0.109085956,-0.00294539184,0.00227900778,-0.0440685444,3.15277186,1735.54538
0.259879757,0.00159243101,0.000616216797,8.42487845e-06,-0.0810448471,-1.85222923,1738.14895
0.259896481,0.00115195011,0.000452489137,4.56497487e-06,-0.0812043889,-1.89241913,1738.38148
0.259912083,0.000741017226,0.000295157482,1.95965301e-06,-0.0813531614,-1.92980885,1738.59856
0.259926639,0.000357650242,0.000144318368,7.34425177e-07,-0.0814918807,-1.96532313,1738.80111
0.259940218,0,0,0,-0.0816212285,-1.98235078,1738.99002
0.259951289,0.105786393,-0.00276738231,0.00250950436,-0.0459519555,2.94546417,1734.99256
0.260041086,0.102249575,-0.0025551559,0.00274361133,-0.0478569419,2.73388085,1734.35426
0.26013734,0.0984584434,-0.00230643916,0.00297633797,-0.0497767244,2.519524,1733.64763
0.260240515,0.0943947116,-0.0020185328,0.00320122394,-0.0517047523,2.30385606,1732.89121
0.260351109,0.0900387783,-0.00168822963,0.00341017436,-0.0536351983,2.08817943,1732.10383
0.260469655,0.0853696328,-0.00131181366,0.0035927649,-0.0555636269,1.87388917,1731.30401
0.260596725,0.0803647536,-0.000885121987,0.00373717315,-0.0574878784,1.6614757,1730.50986
0.260732932,0.075,-0.000403634913,0.00382918159,-0.0594093345,1.45008463,1729.73929
0.260869138,0.0696352464,9.97343904e-05,0.00385223897,-0.0612087385,1.25426224,1729.05757
0.260996208,0.0646303672,0.00058557439,0.00380954101,-0.0627982788,1.08457932,1728.50798
0.261114754,0.0599612217,0.00104886736,0.00371200273,-0.0642205723,0.934610165,1728.07873
0.261225348,0.0556052884,0.001484954,0.00357034923,-0.0655080597,0.799554316,1727.76072
0.261328523,0.0515415566,0.00188959181,0.00339525134,-0.0666853569,0.675977023,1727.54722
0.261424777,0.0477504251,0.00225896149,0.00319599403,-0.0677710954,0.560949519,1727.43293
0.261514574,0.0442136074,0.00258989316,0.00298079317,-0.0687793485,0.452199874,1727.41305
0.261598347,0.040914044,0.00287999346,0.0027566763,-0.0697207393,0.347984807,1727.48247
0.261676501,0.0378358195,0.00312771498,0.0025295376,-0.0706032989,0.246889904,1727.63534
0.261749412,0.0349640862,0.00333237924,0.00230422231,-0.0714331294,0.147910331,1727.86479
0.261817432,0.0322849924,0.00349418711,0.0020845847,-0.0722149137,0.0503931267,1728.16299
0.261880889,0.0297856156,0.00361412952,0.00187358556,-0.0729523044,-0.0461225145,1728.52133
0.26194009,0.0274539002,0.0036938753,0.00167341314,-0.0736482177,-0.14185582,1728.93067
0.261995319,0.0252785992,0.00373565481,0.00148557543,-0.0743050518,-0.236880258,1729.38168
0.262046844,0.0232492201,0.00374213094,0.00131101856,-0.0749248481,-0.331137978,1729.86517
0.262094912,0.0213559743,0.00371627221,0.00115021594,-0.0755094063,-0.424474495,1730.37238
0.262139755,0.0195897299,0.00366123259,0.00100325852,-0.0760603657,-0.516685296,1730.89515
0.262181591,0.0179419674,0.00358024797,0.000869938931,-0.0765792609,-0.607531228,1731.4261
0.262220619,0.0164047389,0.00347655083,0.000749822031,-0.0770675572,-0.696760577,1731.95873
0.26225703,0.0149706296,0.00335329922,0.000642304357,-0.0775266737,-0.784125505,1732.48746
0.262290999,0.0136327222,0.00321352139,0.0005466659,-0.0779579954,-0.869393128,1733.0076
0.262322689,0.0123845633,0.0030600756,0.000462112062,-0.078362879,-0.952354397,1733.51533
0.262352253,0.0112201325,0.00289562263,0.000387808005,-0.0787426544,-1.03282864,1734.00763
0.262379833,0.0101338132,0.00272260918,0.000322905573,-0.0790986236,-1.1106658,1734.4822
0.262405564,0.00912036556,0.0025432593,0.000266564179,-0.0794320577,-1.18574585,1734.93738
0.262429569,0.00817490128,0.00235957296,0.000217966682,-0.0797441934,-1.25798005,1735.37206
0.262451963,0.00729285993,0.00217333037,0.000176331136,-0.0800362302,-1.32731097,1735.7856
0.262472855,0.00646998704,0.00198610011,0.000140918946,-0.0803093263,-1.3937078,1736.17773
0.262492346,0.0057023135,0.00179924989,0.000111039891,-0.0805645968,-1.45716333,1736.54852
0.262510529,0.00498613648,0.00161395921,8.60548546e-05,-0.0808031111,-1.51769216,1736.89827
0.262527492,0.00431800152,0.00143123333,6.53769046e-05,-0.0810258914,-1.57532785,1737.22748
0.262543318,0.00369468589,0.00125191765,4.84708098e-05,-0.0812339123,-1.63011964,1737.53679
0.262558082,0.00311318307,0.00107671233,3.48519743e-05,-0.0814281001,-1.68213076,1737.82697
0.262571855,0.0025706882,0.000906186558,2.40829312e-05,-0.0816093331,-1.73143239,1738.09883
0.262584705,0.00206458457,0.000740792359,1.57758924e-05,-0.0817784423,-1.77811163,1738.35324
0.262596692,0.00159243101,0.000580877723,9.57009129e-06,-0.0819362125,-1.82219002,1738.59111
0.262607876,0.00115195011,0.000426699034,5.18457067e-06,-0.0820833831,-1.86381935,1738.81333
0.262618309,0.000741017226,0.000278432672,2.23068399e-06,-0.0822206502,-1.90255653,1739.02078
0.262628042,0.000357650242,0.000136185364,8.12345265e-07,-0.0823486678,-1.93926832,1739.21436
0.262637123,0,0,0,-0.0824680566,-1.95682105,1739.39489
0.263309907,0.15,0,0,-0.0192956836,6.03674845,1726.65609
0.263314388,0.14964235,-0.00011768887,6.2777241e-07,-0.0196355804,6.02836131,1726.91361
0.26331919,0.149258983,-0.000239951602,1.90925312e-06,-0.0199987466,6.01006031,1727.18903
0.263324338,0.14884805,-0.000366642685,4.37487031e-06,-0.0203866317,5.98969553,1727.48321
0.263329856,0.148407569,-0.000497566445,8.10614777e-06,-0.0208007597,5.9672243,1727.79697
0.263335771,0.147935415,-0.000632463473,1.33809359e-05,-0.0212427191,5.94263204,1728.13103
0.263342111,0.147429312,-0.000771005033,2.04672289e-05,-0.0217141599,5.9157041,1728.48601
0.263348908,0.146886817,-0.000912785921,2.96783146e-05,-0.0222167891,5.88624999,1728.86237
0.263356192,0.146305314,-0.00105731821,4.13596989e-05,-0.0227523647,5.85401032,1729.26036
0.263364001,0.145681998,-0.00120402522,5.59051095e-05,-0.023322688,5.81869621,1729.67999
0.263372371,0.145013864,-0.00135223607,7.37540964e-05,-0.0239295936,5.78001339,1730.12093
0.263381343,0.144297686,-0.00150118124,9.539146e-05,-0.0245749371,5.7376305,1730.58246
0.26339096,0.143530013,-0.00164998988,0.000121357445,-0.0252605804,5.69117523,1731.0634
0.263401268,0.14270714,-0.00179768995,0.000152246705,-0.0259883735,5.64024751,1731.56198
0.263412318,0.141825099,-0.0019432074,0.000188703849,-0.0267601339,5.58443376,1732.07579
0.263424162,0.140879634,-0.0020853679,0.000231430329,-0.0275776219,5.52327082,1732.60167
0.263436858,0.139866187,-0.00222290514,0.00028118095,-0.0284425129,5.45628635,1733.13556
0.263450467,0.138779867,-0.00235446859,0.000338754997,-0.0293563656,5.3830093,1733.67246
0.263465054,0.137615437,-0.00247863138,0.000404989497,-0.0303205868,5.30291996,1734.20633
0.26348069,0.136367278,-0.0025939061,0.000480751394,-0.0313363924,5.2154919,1734.72999
0.263497451,0.13502937,-0.00269876691,0.000566924476,-0.0324047648,5.12021176,1735.23512
0.263515417,0.133595261,-0.00279167026,0.00066438787,-0.0335264079,5.01658702,1735.71229
0.263534674,0.132058033,-0.00287107438,0.000773991607,-0.034701699,4.90416242,1736.151
0.263555317,0.13041027,-0.00293545996,0.000896529033,-0.035930639,4.78253848,1736.53993
0.263577443,0.128644026,-0.00298335247,0.00103269979,-0.0372128027,4.65139555,1736.8672
0.26360116,0.12675078,-0.00301333983,0.00118306398,-0.0385472891,4.51052442,1737.12088
0.263626583,0.124721401,-0.00302408306,0.00134799883,-0.0399326748,4.35985459,1737.28949
0.263653834,0.1225461,-0.00301431953,0.00152763951,-0.0413669719,4.1994773,1737.36282
0.263683045,0.120214384,-0.00298285455,0.00172180827,-0.0428475943,4.02966894,1737.3327
0.263714356,0.117715008,-0.00292853964,0.00192994047,-0.0443713355,3.85090771,1737.19382
0.263747918,0.115035914,-0.00285023572,0.00215099737,-0.0459343629,3.66387848,1736.94447
0.263783893,0.112164181,-0.00274676194,0.00238336107,-0.0475322362,3.46946854,1736.58703
0.263822456,0.109085956,-0.00261683294,0.00262472882,-0.0491599565,3.2687339,1736.12805
0.263863791,0.105786393,-0.0024589835,0.00287196906,-0.0508120595,3.06290335,1735.57792
0.263908098,0.102249575,-0.00227146711,0.00312090804,-0.0524827643,2.85332178,1734.95013
0.263955591,0.0984584434,-0.00205216602,0.00336611936,-0.0541661975,2.64134901,1734.26025
0.264006499,0.0943947116,-0.00179852602,0.00360076198,-0.0558567151,2.42834313,1733.52488
0.264061068,0.0900387783,-0.00150747093,0.00381634545,-0.0575493484,2.21553554,1732.76081
0.264119561,0.0853696328,-0.00117533179,0.00400197618,-0.0592404103,2.0041821,1731.98476
0.264182259,0.0803647536,-0.000797935889,0.00414527339,-0.060928301,1.79461019,1731.21357
0.264249466,0.075,-0.000370458765,0.0042315078,-0.0626146497,1.58565586,1730.46464
0.264316672,0.0696352464,7.85733758e-05,0.00424435611,-0.0641952461,1.39159214,1729.80247
0.26437937,0.0646303672,0.000514353512,0.00418810496,-0.0655931887,1.22288161,1729.27065
0.264437863,0.0599612217,0.000932390717,0.00407449841,-0.0668459454,1.07304334,1728.85866
0.264492432,0.0556052884,0.00132825196,0.00391489063,-0.0679819908,0.937273813,1728.55788
0.26454334,0.0515415566,0.00169783388,0.00372044662,-0.0690228863,0.812148286,1728.36131
0.264590833,0.0477504251,0.0020372603,0.00350091708,-0.0699849031,0.694829785,1728.26297
0.26463514,0.0442136074,0.00234328197,0.00326488319,-0.0708802791,0.583147681,1728.25718
0.264676475,0.040914044,0.00261334795,0.00301973915,-0.0717181987,0.475457034,1728.33794
0.264715038,0.0378358195,0.00284565344,0.00277168019,-0.0725055534,0.37045525,1728.49869
0.264751013,0.0349640862,0.00303921933,0.00252581124,-0.0732475308,0.267261305,1728.73204
0.264784575,0.0322849924,0.00319391259,0.00228621788,-0.0739480686,0.165307709,1729.02995
0.264815886,0.0297856156,0.00331035478,0.00205603953,-0.0746102016,0.0642151749,1729.38379
0.264845096,0.0274539002,0.00338984016,0.00183761223,-0.0752363247,-0.036158145,1729.78463
0.264872347,0.0252785992,0.00343422143,0.00163254909,-0.075828388,-0.135812152,1730.22351
0.26489777,0.0232492201,0.00344578996,0.00144186295,-0.0763880409,-0.234633011,1730.69174
0.264921488,0.0213559743,0.0034271571,0.00126606622,-0.0769167351,-0.332430771,1731.18103
0.264943614,0.0195897299,0.00338114157,0.00110526556,-0.0774157969,-0.428968427,1731.68377
0.264964257,0.0179419674,0.00331066901,0.000959247133,-0.077886476,-0.523985704,1732.19312
0.264983514,0.0164047389,0.00321868676,0.000827552792,-0.0783299767,-0.617217838,1732.70305
0.26500148,0.0149706296,0.00310809421,0.000709543516,-0.0787474769,-0.708409066,1733.20841
0.265018241,0.0136327222,0.00298168782,0.000604453528,-0.0791401382,-0.797323309,1733.7049
0.265033877,0.0123845633,0.00284212012,0.000511435169,-0.0795091097,-0.883751135,1734.18901
0.265048464,0.0112201325,0.00269187106,0.000429595313,-0.0798555277,-0.967513822,1734.658
0.265062073,0.0101338132,0.00253322967,0.000358024396,-0.0801805139,-1.04846543,1735.10977
0.265074769,0.00912036556,0.00236828427,0.000295818971,-0.0804851711,-1.12649302,1735.54283
0.265086613,0.00817490128,0.00219891934,0.000242098909,-0.0807705794,-1.20151448,1735.95619
0.265097663,0.00729285993,0.00202681769,0.000196020004,-0.0810377917,-1.27347754,1736.34931
0.265107971,0.00646998704,0.00185346699,0.000156782781,-0.0812878303,-1.34235821,1736.72197
0.265117588,0.0057023135,0.00168016893,0.000123638417,-0.0815216834,-1.40815678,1737.07427
0.26512656,0.00498613648,0.0015080503,9.58920084e-05,-0.0817403023,-1.47089466,1737.40652
0.26513493,0.00431800152,0.00133807534,7.29039006e-05,-0.0819445998,-1.530612,1737.71923
0.265142739,0.00369468589,0.00117105874,5.4089451e-05,-0.0821354483,-1.58736445,1738.01302
0.265150023,0.00311318307,0.0010076788,3.89181083e-05,-0.0823136796,-1.64122146,1738.28862
0.265156819,0.0025706882,0.000848490569,2.69099879e-05,-0.0824800842,-1.69226017,1738.54683
0.26516316,0.00206458457,0.000693938453,1.76383481e-05,-0.0826354117,-1.74057287,1738.78847
0.265169075,0.00159243101,0.00054436836,1.07069089e-05,-0.082780371,-1.78618401,1739.01441
0.265174593,0.00115195011,0.000400039292,5.80072808e-06,-0.0829156319,-1.82924257,1739.22549
0.265179741,0.000741017226,0.000261133866,2.50229419e-06,-0.0830418254,-1.86932022,1739.42257
0.265184543,0.000357650242,0.000127768054,8.93159455e-07,-0.0831595453,-1.90720484,1739.60647
0.265189024,0,0,0,-0.0832693534,-1.92526476,1739.77801
0.267412063,0.15,0,0,-0.0276667646,6.28111791,1728.70615
0.26741252,0.14964235,-0.000105843478,7.82937195e-07,-0.0279656109,6.27081769,1728.93404
0.26741301,0.149258983,-0.000215657792,2.3788844e-06,-0.0282848777,6.24840697,1729.17778
0.267413535,0.14884805,-0.000329296822,5.43769312e-06,-0.0286258383,6.22364692,1729.43815
0.267414098,0.148407569,-0.000446566643,1.00502121e-05,-0.028989824,6.19655281,1729.71584
0.267414701,0.147935415,-0.000567215679,1.65441112e-05,-0.0293782212,6.16715393,1730.01151
0.267415348,0.147429312,-0.000690930168,2.52299958e-05,-0.0297924685,6.13524158,1730.32569
0.267416041,0.146886817,-0.000817328215,3.64704087e-05,-0.0302340531,6.10062903,1730.65878
0.267416784,0.146305314,-0.00094595439,5.06633273e-05,-0.0307045053,6.06307418,1731.01097
0.26741758,0.145681998,-0.00107627465,6.8253491e-05,-0.0312053911,6.02231125,1731.38225
0.267418434,0.145013864,-0.00120767252,8.97332457e-05,-0.0317383039,5.97804682,1731.7723
0.267419349,0.144297686,-0.00133944643,0.000115644737,-0.0323048535,5.92996298,1732.18043
0.26742033,0.143530013,-0.00147080773,0.000146584617,-0.0329066524,5.87770802,1732.60553
0.267421381,0.14270714,-0.001600881,0.000183201854,-0.0335453011,5.82092195,1733.04597
0.267422508,0.141825099,-0.00172870561,0.000226191203,-0.0342223689,5.75924152,1733.49953
0.267423716,0.140879634,-0.00185323892,0.000276293893,-0.0349393731,5.69224519,1733.96326
0.267425011,0.139866187,-0.00197336224,0.000334300494,-0.0356977547,5.61948065,1734.43344
0.267426399,0.138779867,-0.00208789081,0.000401042135,-0.0364988511,5.54050305,1734.90547
0.267427887,0.137615437,-0.00219558714,0.000477374028,-0.0373438651,5.45485325,1735.37375
0.267429482,0.136367278,-0.0022951746,0.0005641662,-0.0382338323,5.36206626,1735.8317
0.267431191,0.13502937,-0.00238535306,0.000662287146,-0.0391695837,5.26168436,1736.27163
0.267433023,0.133595261,-0.00246481732,0.000772582641,-0.0401517078,5.15327021,1736.68486
0.267434987,0.132058033,-0.00253227652,0.000895849348,-0.0411805089,5.03642357,1737.06174
0.267437093,0.13041027,-0.00258647375,0.00103280785,-0.042255965,4.91080085,1737.39186
0.267439349,0.128644026,-0.00262620355,0.001184057,-0.0433776851,4.77613741,1737.66433
0.267441769,0.12675078,-0.00265032142,0.00135003523,-0.044544867,4.63227442,1737.86824
0.267444361,0.124721401,-0.00265775022,0.00153097776,-0.0457562567,4.47918262,1737.99317
0.267447141,0.1225461,-0.00264748065,0.00172684988,-0.0470101132,4.31698419,1738.02989
0.26745012,0.120214384,-0.0026185573,0.00193728686,-0.048304179,4.14597493,1737.9711
0.267453313,0.117715008,-0.00257005369,0.00216151885,-0.049635661,3.966638,1737.81219
0.267456737,0.115035914,-0.00250103447,0.00239828705,-0.0510012257,3.77964655,1737.55189
0.267460406,0.112164181,-0.00241050507,0.00264574131,-0.0523970155,3.58585718,1737.19261
0.267464339,0.109085956,-0.00229735203,0.00290134013,-0.0538186918,3.38627316,1736.74054
0.267468555,0.105786393,-0.00216026501,0.00316171196,-0.0552615171,3.1820553,1736.20522
0.267473073,0.102249575,-0.00199764355,0.00342244685,-0.0567204877,2.97447673,1735.59888
0.267477917,0.0984584434,-0.00180751022,0.00367783885,-0.0581905328,2.76483357,1734.93545
0.267483109,0.0943947116,-0.0015874402,0.0039207753,-0.0596668029,2.55430946,1734.22967
0.267488675,0.0900387783,-0.00133451614,0.00414253094,-0.0611450711,2.34406745,1733.49647
0.267494641,0.0853696328,-0.00104506057,0.00433196849,-0.0626222817,2.13533197,1732.75087
0.267501035,0.0803647536,-0.000714918704,0.00447625586,-0.0640972857,1.92840178,1732.0084
0.26750789,0.075,-0.000339170152,0.00456025627,-0.0655718644,1.72172152,1731.28575
0.267514744,0.0696352464,5.76993157e-05,0.0045674976,-0.066955283,1.52915165,1730.64596
0.267521139,0.0646303672,0.000445364978,0.00450270657,-0.0681804218,1.36124492,1730.13249
0.267527105,0.0599612217,0.000819793253,0.00437836744,-0.0692800946,1.21147737,1729.73615
0.26753267,0.0556052884,0.00117664606,0.00420621945,-0.0702792023,1.07496551,1729.44898
0.267537863,0.0515415566,0.00151200186,0.00399772444,-0.0711965607,0.948267152,1729.26408
0.267542706,0.0477504251,0.00182199235,0.0037630242,-0.072046326,0.828749055,1729.17519
0.267547225,0.0442136074,0.00210334065,0.00351095008,-0.0728390973,0.714346231,1729.17616
0.267551441,0.040914044,0.00235334059,0.00324921208,-0.0735827798,0.603414837,1729.26053
0.267555374,0.0378358195,0.00256999466,0.00298431106,-0.074283256,0.494777847,1729.4213
0.267559043,0.0349640862,0.00275207802,0.00272161411,-0.0749449074,0.387655125,1729.6509
0.267562466,0.0322849924,0.00289916062,0.00246543708,-0.0755710177,0.281546909,1729.94119
0.26756566,0.0297856156,0.00301153145,0.00221911961,-0.0761640818,0.176178059,1730.2837
0.267568639,0.0274539002,0.00309013466,0.00198515179,-0.0767260395,0.0714736063,1730.66976
0.267571418,0.0252785992,0.00313646859,0.00176527216,-0.0772584511,-0.0325045199,1731.09081
0.267574011,0.0232492201,0.00315247492,0.00156058459,-0.0777626248,-0.135594138,1731.5386
0.26757643,0.0213559743,0.00314042595,0.00137166353,-0.0782397092,-0.237568107,1732.00536
0.267578687,0.0195897299,0.00310281835,0.00119865267,-0.0786907571,-0.338161254,1732.48397
0.267580792,0.0179419674,0.00304227727,0.00104135433,-0.079116769,-0.437092994,1732.96805
0.267582756,0.0164047389,0.00296147316,0.000899308305,-0.0795187194,-0.534084846,1733.45203
0.267584589,0.0149706296,0.00286305321,0.00077185943,-0.0798975739,-0.628873489,1733.93113
0.267586298,0.0136327222,0.00274958658,0.000658214836,-0.0802542958,-0.721219707,1734.40139
0.267587893,0.0123845633,0.00262352287,0.000557491381,-0.0805898495,-0.810914151,1734.8596
0.267589381,0.0112201325,0.0024871624,0.000468754266,-0.0809051987,-0.897780524,1735.30323
0.267590769,0.0101338132,0.00234263653,0.000391047875,-0.081201303,-0.981676783,1735.73038
0.267592064,0.00912036556,0.00219189639,0.000323419935,-0.081479114,-1.06249482,1736.1397
0.267593272,0.00817490128,0.0020367084,0.00026493996,-0.08173957,-1.14015892,1736.53029
0.267594399,0.00729285993,0.00187865504,0.000214712863,-0.0819835917,-1.21462304,1736.90167
0.26759545,0.00646998704,0.00171913945,0.00017188871,-0.0822120773,-1.28586889,1737.25367
0.267596431,0.0057023135,0.00155939322,0.000135669194,-0.0824258994,-1.35390295,1737.58641
0.267597346,0.00498613648,0.00140048601,0.000105311508,-0.0826259016,-1.41875284,1737.90021
0.2675982,0.00431800152,0.00124333658,8.01301888e-05,-0.0828128961,-1.48046474,1738.19554
0.267598996,0.00369468589,0.00108872437,5.94971436e-05,-0.0829876619,-1.53910017,1738.47301
0.267599739,0.00311318307,0.000937301523,4.28409732e-05,-0.0831509434,-1.59473405,1738.73332
0.267600432,0.0025706882,0.000789604783,2.96436864e-05,-0.0833034504,-1.64744877,1738.97721
0.267601079,0.00206458457,0.000646067069,1.94431499e-05,-0.0834458571,-1.69734111,1739.20548
0.267601682,0.00159243101,0.000507028534,1.18109884e-05,-0.0835788027,-1.74443865,1739.41893
0.267602245,0.00115195011,0.000372747185,6.40065397e-06,-0.0837028918,-1.78888906,1739.61836
0.26760277,0.000741017226,0.000243408793,2.76838919e-06,-0.0838186955,-1.83027566,1739.80459
0.26760326,0.000357650242,0.00011913599,9.739117e-07,-0.0839267517,-1.86929874,1739.97839
0.267603717,0,0,0,-0.084027567,-1.88784612,1740.14052
0.269888579,0,0,0,-0.0847450138,-1.84469234,1740.48353
0.269891914,0.000357650242,0.000110358328,1.05157322e-06,-0.0846527204,-1.82567105,1740.33112
0.269895488,0.000741017226,0.000225399928,3.021693e-06,-0.0845538221,-1.78554727,1740.16777
0.269899319,0.00115195011,0.000345042655,6.96966768e-06,-0.0844478643,-1.74289476,1739.99277
0.269903426,0.00159243101,0.000469159454,1.28560769e-05,-0.0843343616,-1.69709743,1739.80539
0.269907829,0.00206458457,0.000597563746,2.11482337e-05,-0.0842128002,-1.64856451,1739.60488
0.269912547,0.0025706882,0.000730001121,3.22206067e-05,-0.0840826366,-1.59714883,1739.39048
0.269917605,0.00311318307,0.000866140148,4.65302063e-05,-0.0839432976,-1.54282057,1739.16145
0.269923027,0.00369468589,0.00100556271,6.45704071e-05,-0.08379418,-1.4854789,1738.91705
0.269928839,0.00431800152,0.00114775374,8.68925009e-05,-0.0836346505,-1.42503663,1738.65656
0.269935068,0.00498613648,0.0012920905,0.000114102713,-0.0834640466,-1.36141366,1738.37935
0.269941745,0.0057023135,0.00143783192,0.000146866019,-0.0832816774,-1.29454328,1738.08484
0.269948903,0.00646998704,0.00158410783,0.000185906142,-0.0830868252,-1.22437388,1737.77257
0.269956575,0.00729285993,0.00172990841,0.00023200526,-0.0828787477,-1.15087222,1737.44226
0.269964799,0.00817490128,0.00187407444,0.00028600164,-0.082656681,-1.07402613,1737.09377
0.269973614,0.00912036556,0.00201528904,0.000348785197,-0.0824198427,-0.993847825,1736.72727
0.269983063,0.0101338132,0.00215207139,0.00042129043,-0.0821674361,-0.910376948,1736.34318
0.269993192,0.0112201325,0.0022827734,0.000504485761,-0.0818986554,-0.823683635,1735.94231
0.270004048,0.0123845633,0.00240558039,0.000599358912,-0.0816126903,-0.733870996,1735.52592
0.270015686,0.0136327222,0.00251851707,0.000706897223,-0.0813087318,-0.641076937,1735.09574
0.27002816,0.0149706296,0.00261946016,0.000828062039,-0.0809859768,-0.545475113,1734.65411
0.270041531,0.0164047389,0.00270615938,0.000963756045,-0.0806436327,-0.447274487,1734.20399
0.270055864,0.0179419674,0.00277626811,0.00111478247,-0.0802809192,-0.346717007,1733.74905
0.270071227,0.0195897299,0.00282738542,0.00128179507,-0.0798970677,-0.244072871,1733.29372
0.270087695,0.0213559743,0.00285711053,0.00146523785,-0.0794913153,-0.139632713,1732.84316
0.270105347,0.0232492201,0.00286311035,0.00166527396,-0.0790628913,-0.0336959239,1732.40331
0.270124268,0.0252785992,0.00284319986,0.00188170362,-0.0786109944,0.0734455146,1731.98082
0.27014455,0.0274539002,0.00279543385,0.00211387097,-0.0781347547,0.181528214,1731.58299
0.27016629,0.0297856156,0.00271820676,0.00236056239,-0.0776331771,0.290344526,1731.2176
0.270189594,0.0322849924,0.00261035658,0.00261989773,-0.0771050601,0.399776358,1730.89279
0.270214573,0.0349640862,0.00247126504,0.00288921865,-0.0765488819,0.509835668,1730.61686
0.270241348,0.0378358195,0.00230094852,0.00316497805,-0.0759626452,0.620709791,1730.39807
0.270270048,0.040914044,0.00210011403,0.00344264434,-0.07534367,0.732824857,1730.24439
0.270300812,0.0442136074,0.0018702014,0.00371658751,-0.0746883204,0.846863669,1730.16342
0.270333788,0.0477504251,0.00161335395,0.00398004669,-0.0739916495,0.963913806,1730.16225
0.270369135,0.0515415566,0.00133241513,0.0042250057,-0.0732469408,1.08551952,1730.24749
0.270407024,0.0556052884,0.00103060891,0.00444244171,-0.0724451217,1.21380792,1730.42543
0.270447638,0.0599612217,0.000711817439,0.00462191291,-0.0715740096,1.35126147,1730.70227
0.270491171,0.0646303672,0.00037962746,0.00475202728,-0.0706173564,1.50116398,1731.08457
0.270537835,0.0696352464,3.86044144e-05,0.00482091906,-0.0695536076,1.66847269,1731.57943
0.270587854,0.075,-0.000307733007,0.00481508689,-0.06835432,1.85963068,1732.19472
0.270637873,0.0803647536,-0.000633738427,0.00473010729,-0.0670775244,2.06414382,1732.88752
0.270684537,0.0853696328,-0.000918213218,0.00458320212,-0.0658014187,2.26899638,1733.59679
0.270728071,0.0900387783,-0.00116626189,0.00438968744,-0.064524122,2.47564355,1734.30676
0.270768684,0.0943947116,-0.00138203244,0.00416251452,-0.0632463976,2.68345747,1735.00325
0.270806573,0.0984584434,-0.00156911447,0.00391285632,-0.0619707397,2.8916408,1735.67287
0.27084192,0.102249575,-0.00173034617,0.00364968402,-0.0607007032,3.09910439,1736.30247
0.270874896,0.105786393,-0.0018680196,0.00338024593,-0.0594404099,3.30476167,1736.87908
0.27090566,0.109085956,-0.00198397507,0.00311034445,-0.0581941886,3.50736614,1737.39044
0.270934361,0.112164181,-0.00207968731,0.00284449828,-0.0569663189,3.70573935,1737.82571
0.270961136,0.115035914,-0.00215635336,0.00258621983,-0.0557608546,3.89878239,1738.17636
0.270986115,0.117715008,-0.00221496318,0.00233818389,-0.0545815078,4.08552136,1738.43685
0.271009418,0.120214384,-0.00225637032,0.00210236927,-0.0534315774,4.26513167,1738.60495
0.271031158,0.1225461,-0.00228135252,0.00188016833,-0.0523139122,4.43695947,1738.68179
0.27105144,0.124721401,-0.00229066043,0.00167248321,-0.0512308973,4.6005276,1738.6715
0.271070361,0.12675078,-0.00228505529,0.00147980658,-0.0501844595,4.75553213,1738.58065
0.271088013,0.128644026,-0.00226533552,0.00130229265,-0.0491760839,4.90182994,1738.41759
0.271104481,0.13041027,-0.00223235263,0.00113981591,-0.0482068401,5.03941954,1738.19176
0.271119844,0.132058033,-0.00218701723,0.000992033801,-0.0472774127,5.16842145,1737.91307
0.271134177,0.133595261,-0.00213029776,0.000858426178,-0.0463881365,5.28905575,1737.59141
0.271147548,0.13502937,-0.00206321213,0.00073833902,-0.0455390319,5.40161669,1737.23623
0.271160022,0.136367278,-0.00198681465,0.000631028184,-0.0447298415,5.50645275,1736.85628
0.27117166,0.137615437,-0.00190218147,0.000535683829,-0.0439600662,5.60394979,1736.45944
0.271182517,0.138779867,-0.00181039466,0.000451459865,-0.0432289996,5.69451582,1736.05268
0.271192645,0.139866187,-0.00171252622,0.000377495976,-0.042535761,5.77856851,1735.64197
0.271202094,0.140879634,-0.00160962313,0.00031293578,-0.041879326,5.8565248,1735.23236
0.271210909,0.141825099,-0.00150269402,0.000256941021,-0.0412585547,5.92879336,1734.82801
0.271219133,0.14270714,-0.00139269776,0.000208702762,-0.0406722176,5.99576952,1734.43228
0.271226805,0.143530013,-0.00128053502,0.000167449687,-0.0401190189,6.05783167,1734.04782
0.271233963,0.144297686,-0.00116704253,0.000132453945,-0.0395976169,6.11533942,1733.67665
0.27124064,0.145013864,-0.00105298769,0.000103034769,-0.0391066423,6.16863148,1733.32023
0.27124687,0.145681998,-0.000939065483,7.85608337e-05,-0.0386447136,6.21802219,1732.97958
0.271252681,0.146305314,-0.000825898401,5.8449999e-05,-0.0382104509,6.26380357,1732.6553
0.271258103,0.146886817,-0.000714037173,4.21695601e-05,-0.0378024869,6.30624989,1732.34769
0.271263161,0.147429312,-0.000603962763,2.92348642e-05,-0.0374194767,6.34561723,1732.05678
0.27126788,0.147935415,-0.000496088824,1.92095544e-05,-0.0370601052,6.38213947,1731.78241
0.271272282,0.148407569,-0.000390765389,1.16928481e-05,-0.036723093,6.41598385,1731.52422
0.271276389,0.14884805,-0.000288283395,6.33942499e-06,-0.0364072019,6.44735116,1731.28175
0.27128022,0.149258983,-0.000188879293,2.77887696e-06,-0.0361112379,6.47616823,1731.05444
0.271283795,0.14964235,-9.27384045e-05,9.18023051e-07,-0.0358340537,6.50239821,1730.84166
0.271287129,0.15,0,0,-0.035574544,6.51449329,1730.64275
0.272050591,0,0,0,-0.0854238857,-1.79598491,1740.80807
0.272057144,0.000357650242,0.000101519379,1.12341724e-06,-0.0853395451,-1.77651132,1740.66551
0.272064168,0.000741017226,0.000207282727,3.25488643e-06,-0.0852491912,-1.73534635,1740.51274
0.272071697,0.00115195011,0.000317200425,7.49230519e-06,-0.0851524167,-1.69150032,1740.34912
0.272079767,0.00159243101,0.000431144314,1.38137486e-05,-0.0850487851,-1.64443123,1740.17395
0.272088418,0.00206458457,0.000548930495,2.27073424e-05,-0.0849378347,-1.5945468,1739.98655
0.272097691,0.0025706882,0.000670311714,3.45706942e-05,-0.0848190784,-1.54169974,1739.78621
0.27210763,0.00311318307,0.000794969078,4.98854773e-05,-0.0846920032,-1.4858588,1739.57225
0.272118284,0.00369468589,0.000922503051,6.91707059e-05,-0.0845560709,-1.42691937,1739.34397
0.272129705,0.00431800152,0.00105242406,9.30044989e-05,-0.0844107178,-1.36478992,1739.10072
0.272141946,0.00498613648,0.00118414279,0.000122021322,-0.084255356,-1.29938555,1738.84191
0.272155068,0.0057023135,0.00131696036,0.000156915171,-0.0840893745,-1.23063462,1738.567
0.272169133,0.00646998704,0.00145005835,0.000198439044,-0.0839121411,-1.1584816,1738.27558
0.272184209,0.00729285993,0.00158248943,0.000247404492,-0.0837230052,-1.08288805,1737.96736
0.27220037,0.00817490128,0.00171316898,0.000304678716,-0.0835213001,-1.00383544,1737.64226
0.272217692,0.00912036556,0.00184086784,0.000371179769,-0.0833063476,-0.921330709,1737.30039
0.27223626,0.0101338132,0.00196420722,0.000447868492,-0.0830774618,-0.835408117,1736.94216
0.272256164,0.0112201325,0.00208165664,0.000535737237,-0.0828339547,-0.746132473,1736.56833
0.272277498,0.0123845633,0.00219153596,0.00063579424,-0.0825751413,-0.653602062,1736.18004
0.272300367,0.0136327222,0.00229202267,0.000749042775,-0.0823003456,-0.557950962,1735.77891
0.272324879,0.0149706296,0.00238116586,0.000876454086,-0.0820089057,-0.459350538,1735.36711
0.272351155,0.0164047389,0.00245690831,0.00101893295,-0.0817001791,-0.358009708,1734.94737
0.272379319,0.0179419674,0.002517118,0.00117727475,-0.0813735453,-0.254173506,1734.52311
0.272409509,0.0195897299,0.00255963051,0.00135211283,-0.0810284062,-0.148119338,1734.09841
0.27244187,0.0213559743,0.0025823029,0.00154385543,-0.0806641816,-0.0401502407,1733.67809
0.272476557,0.0232492201,0.00258307963,0.00175261133,-0.0802802989,0.0694155749,1733.26767
0.272513739,0.0252785992,0.00256006969,0.00197810461,-0.0798761723,0.180259834,1732.87337
0.272553594,0.0274539002,0.00251163336,0.00221957883,-0.0794511709,0.292084385,1732.502
0.272596316,0.0297856156,0.00243647517,0.00247569347,-0.0790045681,0.404638081,1732.16088
0.272642108,0.0322849924,0.00233373862,0.00274441341,-0.0785354702,0.517748834,1731.85772
0.272691194,0.0349640862,0.00220309514,0.00302290195,-0.0780427157,0.631367987,1731.60039
0.272743809,0.0378358195,0.00204482177,0.00330740523,-0.0775247377,0.745607803,1731.39681
0.272800208,0.040914044,0.0018598462,0.00359318346,-0.0769793812,0.860828857,1731.2547
0.272860661,0.0442136074,0.0016497786,0.00387436599,-0.0764036625,0.977619519,1731.18146
0.272925462,0.0477504251,0.00141686945,0.00414402085,-0.0757934571,1.09702913,1731.18408
0.272994922,0.0515415566,0.00116401497,0.00439385193,-0.0751430989,1.22036721,1731.26906
0.273069377,0.0556052884,0.000894357968,0.00461475809,-0.0744448688,1.34996117,1731.44257
0.273149185,0.0599612217,0.000611793683,0.00479584475,-0.0736883406,1.4880463,1731.71054
0.273234732,0.0646303672,0.000319236785,0.00492641082,-0.0728595582,1.63849707,1732.079
0.27332643,0.0696352464,2.18306033e-05,0.00499493059,-0.0719399593,1.80500742,1732.55419
0.273424722,0.075,-0.00027759737,0.00498597485,-0.0709050181,1.99386468,1733.14268
0.273523013,0.0803647536,-0.000557799146,0.00489680205,-0.0698046886,2.19703041,1733.80251
0.273614711,0.0853696328,-0.000800064179,0.0047460494,-0.0687060342,2.40019841,1734.47516
0.273700258,0.0900387783,-0.00100998251,0.00454819178,-0.0676071321,2.60453996,1735.14593
0.273780066,0.0943947116,-0.00119155445,0.00431630231,-0.0665084361,2.80990842,1735.80191
0.273854521,0.0984584434,-0.00134820754,0.00406163601,-0.0654119644,3.01582967,1736.43123
0.273923981,0.102249575,-0.0014826559,0.00379326574,-0.0643206919,3.22123096,1737.02231
0.273988782,0.105786393,-0.0015970695,0.00351839965,-0.0632381041,3.42500178,1737.56386
0.274049235,0.109085956,-0.00169316229,0.00324278553,-0.0621678766,3.62597945,1738.04514
0.274096359,0,0,0,-0.0860662567,-1.7420437,1741.11513
0.274105364,0.000357650242,9.27018967e-05,1.18858951e-06,-0.0859892509,-1.7221478,1740.98238
0.274105634,0.112164181,-0.00177229903,0.00297093901,-0.0611136467,3.82304876,1738.4567
0.274115016,0.000741017226,0.000189230865,3.46457173e-06,-0.0859067737,-1.68001265,1740.84016
0.274125362,0.00115195011,0.000289493436,7.96009179e-06,-0.0858184606,-1.6350616,1740.68785
0.274136452,0.00159243101,0.000393363944,1.46670295e-05,-0.0857239189,-1.5868167,1740.52483
0.27414834,0.00206458457,0.00050066515,2.40907838e-05,-0.0856227338,-1.53568748,1740.35047
0.274158249,0.115035914,-0.0018355724,0.00270638534,-0.0600788587,4.01515898,1738.79111
0.274161082,0.0025706882,0.000611161159,3.66474571e-05,-0.0855144685,-1.48152588,1740.16412
0.27417474,0.00311318307,0.000724549731,5.28379667e-05,-0.0853986642,-1.42429925,1739.96513
0.274189381,0.00369468589,0.000840453969,7.32007215e-05,-0.0852748401,-1.36389974,1739.75288
0.274205074,0.00431800152,0.000958413758,9.83337765e-05,-0.0851424944,-1.30023207,1739.52677
0.274207335,0.117715008,-0.00188387213,0.00245182231,-0.0590666619,4.20137521,1739.04357
0.274221896,0.00498613648,0.001077877,0.000128892154,-0.0850011051,-1.2332077,1739.28625
0.274239927,0.0057023135,0.0011981904,0.000165589932,-0.0848501317,-1.16275268,1739.03083
0.274253128,0.120214384,-0.00191794526,0.00220926387,-0.05807985,4.38090551,1739.21222
0.274259255,0.00646998704,0.00131859036,0.000209199748,-0.0846890171,-1.08880591,1738.76013
0.274279973,0.00729285993,0.00143819469,0.00026055205,-0.08451719,-1.01132224,1738.47391
0.274295849,0.1225461,-0.00193845014,0.00198015104,-0.057120829,4.55311765,1739.29821
0.27430218,0.00817490128,0.00155599506,0.000320531734,-0.0843340688,-0.930279644,1738.17206
0.274325984,0.00912036556,0.00167085064,0.000390072542,-0.084139065,-0.845680224,1737.85471
0.274335704,0.124721401,-0.00194600174,0.00176544441,-0.0561916077,4.71754404,1739.30534
0.2743515,0.0101338132,0.00178148416,0.000470148493,-0.083931588,-0.757553046,1737.52226
0.274372886,0.12675078,-0.00194120834,0.00156570146,-0.0552938034,4.87387811,1739.23961
0.27437885,0.0112201325,0.00188648105,0.000561761945,-0.0837110503,-0.665958117,1737.1754
0.274407573,0.128644026,-0.00192469887,0.00138114367,-0.0544286572,5.0219631,1739.1086
0.274408168,0.0123845633,0.0019842926,0.000665927012,-0.0834768732,-0.570989526,1736.81519
0.274439593,0.0136327222,0.00207324451,0.0007836476,-0.0832284925,-0.472778221,1736.44315
0.274439934,0.13041027,-0.00189714093,0.00121171456,-0.0535970573,5.16177505,1738.92088
0.274470124,0.132058033,-0.00185925083,0.00105713485,-0.0527995668,5.29340378,1738.68539
0.274473277,0.0149706296,0.00215155204,0.000915888932,-0.0829653647,-0.371494085,1736.06127
0.274498289,0.133595261,-0.00181179568,0.000916941578,-0.0520364533,5.41703108,1738.41105
0.274509384,0.0164047389,0.00221734306,0.00106354138,-0.0826869718,-0.267346946,1735.67211
0.274524564,0.13502937,-0.00175558793,0.000790535124,-0.0513077199,5.53290934,1738.10638
0.274548087,0.0179419674,0.00226869018,0.00122737541,-0.0823928247,-0.160585976,1735.27881
0.274549077,0.136367278,-0.00169147694,0.000677216052,-0.0506131368,5.64134493,1737.77924
0.274571945,0.137615437,-0.00162033708,0.000576210197,-0.0499522709,5.74268081,1737.43673
0.274589573,0.0195897299,0.00230365311,0.00140798654,-0.0820824649,-0.0514968912,1734.88518
0.27459328,0.138779867,-0.00154305492,0.00048670015,-0.0493245159,5.83728099,1737.08505
0.274613183,0.139866187,-0.00146051613,0.00040784586,-0.0487291189,5.92552004,1736.72956
0.274631751,0.140879634,-0.00137359171,0.000338803165,-0.048165207,6.00777414,1736.37475
0.274634042,0.0213559743,0.00232033157,0.00160572956,-0.0817554608,0.0596037878,1734.49569
0.274649074,0.141825099,-0.00128312616,0.000278738812,-0.0476318104,6.08441391,1736.02435
0.274665234,0.14270714,-0.00118992729,0.000226842192,-0.0471278837,6.1557993,1735.68132
0.274680311,0.143530013,-0.00109475774,0.000182334371,-0.046652326,6.22227609,1735.34803
0.274681709,0.0232492201,0.00231692886,0.00182064148,-0.0814113994,0.17237819,1734.11549
0.274694376,0.144297686,-0.000998328583,0.000144474709,-0.0462039974,6.28417357,1735.02624
0.274707497,0.145013864,-0.000901294915,0.000112565379,-0.0457817345,6.3418032,1734.71726
0.274719739,0.145681998,-0.000804253047,8.59543786e-05,-0.0453843635,6.3954588,1734.42197
0.274731159,0.146305314,-0.000707739029,6.40370789e-05,-0.0450107114,6.44541611,1734.14092
0.274732803,0.0252785992,0.00229182513,0.00205235378,-0.0810498686,0.286481359,1733.75033
0.274741813,0.146886817,-0.0006122286,4.62560878e-05,-0.0446596155,6.49193062,1733.87435
0.274751752,0.147429312,-0.000518138608,3.21025902e-05,-0.0443299315,6.53525007,1733.62231
0.274761025,0.147935415,-0.000425829433,2.11145478e-05,-0.0440205397,6.57559196,1733.38462
0.274769676,0.148407569,-0.000335607135,1.28628351e-05,-0.0437303507,6.61309816,1733.16099
0.274777746,0.14884805,-0.000247726569,6.97818309e-06,-0.0434583089,6.64797265,1732.95102
0.274785275,0.149258983,-0.000162396006,3.05816808e-06,-0.0432033958,6.68010788,1732.7542
0.274787571,0.0274539002,0.00224365824,0.00229999481,-0.0806704292,0.401580655,1733.40661
0.274792299,0.14964235,-7.97799321e-05,1.01241321e-06,-0.0429646324,6.70946785,1732.57
0.274798852,0.15,0,0,-0.042741067,6.7230401,1732.39781
0.274846277,0.0297856156,0.00217140885,0.00256208588,-0.0802725706,0.517382705,1733.09116
0.274909204,0.0322849924,0.00207448536,0.00283643122,-0.0798556472,0.633664344,1732.81122
0.274976656,0.0349640862,0.00195280138,0.00312001684,-0.0794187898,0.750320507,1732.57423
0.275048958,0.0378358195,0.00180684148,0.00340889573,-0.0789607837,0.867394556,1732.38768
0.275126459,0.040914044,0.00163769493,0.00369814064,-0.0784799073,0.98518672,1732.25895
0.275209533,0.0442136074,0.00144707407,0.00398168425,-0.0779737201,1.10420954,1732.19513
0.27529858,0.0477504251,0.00123726407,0.00425248152,-0.0774387889,1.22548335,1732.20293
0.27539403,0.0515415566,0.00101112263,0.00450204632,-0.0768703367,1.35010519,1732.28862
0.275496344,0.0556052884,0.000771742145,0.00472143378,-0.076261797,1.48057971,1732.45807
0.275606014,0.0599612217,0.000522734575,0.0048990178,-0.0756042468,1.6182164,1732.71683
0.27572357,0.0646303672,0.000266695458,0.00502527127,-0.0748856957,1.76983805,1733.07037
0.275849578,0.0696352464,8.96185746e-06,0.0050894046,-0.0740901621,1.93491894,1733.52409
0.275984648,0.075,-0.000248273053,0.00507362655,-0.073196496,2.12101284,1734.08344
0.276032132,0,0,0,-0.0866740895,-1.68312663,1741.40565
0.276043387,0.000357650242,8.39850816e-05,1.24433781e-06,-0.0866039926,-1.66282983,1741.28264
0.276055451,0.000741017226,0.000171401675,3.64299706e-06,-0.0865289346,-1.61979729,1741.15088
0.276068383,0.00115195011,0.00026215561,8.35730888e-06,-0.0864485909,-1.57383248,1741.0098
0.276082245,0.00159243101,0.000356126205,1.53892231e-05,-0.0863626095,-1.52450691,1740.85885
0.276097103,0.00206458457,0.000453145347,2.52577242e-05,-0.0862706198,-1.47223537,1740.69744
0.27611303,0.0025706882,0.000552990929,3.83924825e-05,-0.0861722321,-1.41686832,1740.52498
0.276119717,0.0803647536,-0.000487392465,0.00497826904,-0.0722477316,2.32410404,1734.7078
0.276130102,0.00311318307,0.00065537973,5.53081569e-05,-0.0860670378,-1.35837197,1740.34087
0.276148401,0.00369468589,0.00075995979,7.65566928e-05,-0.0859546104,-1.29663549,1740.14456
0.276168016,0.00431800152,0.000866302487,0.000102749671,-0.0858345055,-1.23156025,1739.93548
0.276189042,0.00498613648,0.000973894342,0.000134554643,-0.0857062627,-1.16305474,1739.71315
0.27621158,0.0057023135,0.00108212833,0.000172697759,-0.085569407,-1.09104075,1739.47714
0.276235738,0.00646998704,0.00119029586,0.000217962659,-0.085423451,-1.01545129,1739.22709
0.276245726,0.0853696328,-0.000692344058,0.00482295212,-0.0713014261,2.52461574,1735.34157
0.276261633,0.00729285993,0.00129757953,0.000271188938,-0.0852678978,-0.936237383,1738.96278
0.27628939,0.00817490128,0.00140304586,0.000333269135,-0.0851022441,-0.853372764,1738.68416
0.276319143,0.00912036556,0.00150564005,0.000405141896,-0.0849259848,-0.766853714,1738.39135
0.276351035,0.0101338132,0.00160418319,0.000487783381,-0.0847386175,-0.676703965,1738.08471
0.276363282,0.0900387783,-0.000868647534,0.00462064105,-0.0703556653,2.72647252,1735.97113
0.276385221,0.0112201325,0.00169737245,0.000582194453,-0.0845396475,-0.582978532,1737.76492
0.276421865,0.0123845633,0.00178378553,0.000689383259,-0.0843285942,-0.485767181,1737.43297
0.276461143,0.0136327222,0.00186189053,0.000810342154,-0.0841049966,-0.385197695,1737.09027
0.276472952,0.0943947116,-0.00102017517,0.00438507725,-0.0694106678,2.92963011,1736.58478
0.276503246,0.0149706296,0.00193006227,0.000946017812,-0.0838684197,-0.281438604,1736.73868
0.276548377,0.0164047389,0.00198660632,0.00109727329,-0.0836184598,-0.174700935,1736.38058
0.276575265,0.0984584434,-0.00115018066,0.00412737619,-0.0684680646,3.13346128,1737.17193
0.276596752,0.0179419674,0.00202979177,0.00126484085,-0.0833547485,-0.0652384685,1736.0189
0.276648606,0.0195897299,0.00205789322,0.00144926457,-0.0830769545,0.0466541582,1735.65716
0.276670715,0.102249575,-0.00126117501,0.00385646414,-0.0675303471,3.33687097,1737.72245
0.276704188,0.0213559743,0.00206924249,0.00165083205,-0.0827847822,0.16064628,1735.29953
0.276759762,0.105786393,-0.00135518922,0.00357937691,-0.0666004658,3.53881783,1738.22644
0.276763767,0.0232492201,0.00206228938,0.00186949501,-0.082477964,0.276379807,1734.95076
0.27682763,0.0252785992,0.00203567039,0.00210477983,-0.0821562464,0.393482839,1734.61622
0.276842836,0.109085956,-0.00143380968,0.00330172394,-0.0656815423,3.7381895,1738.67457
0.276896085,0.0274539002,0.00198828318,0.00235568908,-0.0818193649,0.511588458,1734.30184
0.276920337,0.112164181,-0.00149829495,0.00302790692,-0.0647766677,3.93391509,1739.05865
0.276969462,0.0297856156,0.00191936317,0.00262059877,-0.081467006,0.63036199,1734.014
0.276992639,0.115035914,-0.00154964461,0.00276136218,-0.0638887649,4.1249858,1739.3723
0.277048116,0.0322849924,0.00182855827,0.00289715059,-0.0810987514,0.749531201,1733.75943
0.277060091,0.117715008,-0.00158866194,0.00250472232,-0.0630205007,4.31050459,1739.61147
0.277123018,0.120214384,-0.00161600602,0.00225995919,-0.0621742331,4.48970726,1739.77475
0.277132425,0.0349640862,0.00171599483,0.00318215797,-0.0807139999,0.868937545,1733.5451
0.277181725,0.1225461,-0.00163224002,0.00202849217,-0.0613519849,4.66197975,1739.86336
0.277222796,0.0378358195,0.00158233095,0.00347149663,-0.0803118609,0.988562022,1733.37803
0.277236492,0.124721401,-0.00163787256,0.0018112782,-0.0605554371,4.8268626,1739.88091
0.277287587,0.12675078,-0.00163339226,0.00160888586,-0.0597859346,4.98404764,1739.83293
0.277319665,0.040914044,0.00142878154,0.00376007572,-0.0798910125,1.10864777,1733.26517
0.277335253,0.128644026,-0.00161929482,0.00142155888,-0.0590445013,5.13336718,1739.72633
0.277379722,0.13041027,-0.00159610223,0.00124927123,-0.0583318615,5.27477829,1739.56886
0.277421208,0.132058033,-0.00156437459,0.00109177635,-0.0576484646,5.40834468,1739.36861
0.2774235,0.0442136074,0.00125712299,0.00404168126,-0.0794495168,1.22963097,1733.21319
0.277459911,0.133595261,-0.00152471392,0.000948648693,-0.056994511,5.53421679,1739.13361
0.277496018,0.13502937,-0.0014777632,0.00081932672,-0.0563699798,5.65261345,1738.87149
0.277529703,0.136367278,-0.00142420227,0.000703144789,-0.0557746553,5.76380662,1738.58929
0.277534801,0.0477504251,0.00106963974,0.00430918781,-0.0789845813,1.35250022,1733.22844
0.277561128,0.137615437,-0.00136473882,0.000599358119,-0.0552081528,5.86810372,1738.29332
0.277590445,0.138779867,-0.00130009492,0.000507176519,-0.0546699439,5.96583306,1737.98912
0.277617795,0.139866187,-0.00123099584,0.000425784721,-0.0541593788,6.0573347,1737.68144
0.277643311,0.140879634,-0.00115816018,0.000354357019,-0.0536757085,6.14295276,1737.37425
0.277654105,0.0515415566,0.000869078211,0.00455404359,-0.0784922546,1.47822646,1733.31681
0.277667115,0.141825099,-0.00108228844,0.000292074314,-0.0532181038,6.22302862,1737.07084
0.277689323,0.14270714,-0.00100405369,0.000238135903,-0.0527856736,6.29789583,1736.77382
0.27771004,0.143530013,-0.000924093998,0.000191768787,-0.0523774805,6.36787661,1736.48526
0.277729368,0.144297686,-0.000843006418,0.000152234699,-0.051992555,6.43327967,1736.20672
0.277747399,0.145013864,-0.000761342721,0.000118835182,-0.0516299083,6.49439882,1735.93931
0.277764221,0.145681998,-0.000679606593,9.09149462e-05,-0.0512885428,6.55151232,1735.68382
0.277779915,0.146305314,-0.00059825232,6.7864173e-05,-0.0509674613,6.60488306,1735.4407
0.277781987,0.0556052884,0.000658477803,0.00476746223,-0.0779670421,1.60936877,1733.48374
0.277794555,0.146886817,-0.000517684639,4.91184798e-05,-0.0506656754,6.65475252,1735.21016
0.277808214,0.147429312,-0.000438259404,3.41585788e-05,-0.0503822117,6.70134185,1734.99224
0.277820956,0.147935415,-0.000360285703,2.25118744e-05,-0.0501161172,6.74488452,1734.78678
0.277832843,0.148407569,-0.000284027606,1.37409291e-05,-0.0498664641,6.78553448,1734.59351
0.277843933,0.14884805,-0.000209706294,7.4700694e-06,-0.0496323528,6.82347536,1734.41208
0.27785428,0.149258983,-0.000137504162,3.27873425e-06,-0.0494129149,6.85855397,1734.24205
0.277863825,0,0,0,-0.087249241,-1.61969288,1741.68051
0.277863932,0.14964235,-6.7566962e-05,1.092027e-06,-0.0492073149,6.89075935,1734.08294
0.277872936,0.15,0,0,-0.0490147329,6.9056939,1733.93422
0.277876342,0.000357650242,7.54555599e-05,1.29020199e-06,-0.0871853924,-1.59904532,1741.56695
0.27788976,0.000741017226,0.000153979687,3.7879273e-06,-0.0871170388,-1.55522587,1741.44531
0.277904142,0.00115195011,0.000235481905,8.67789669e-06,-0.0870438899,-1.50838318,1741.31511
0.277919065,0.0599612217,0.000441103921,0.00493757913,-0.0774014202,1.7465581,1733.73433
0.277919559,0.00159243101,0.000319850494,1.5967723e-05,-0.0869656294,-1.45812271,1741.17583
0.277936084,0.00206458457,0.000406930497,2.61856232e-05,-0.0868819244,-1.40486717,1741.02692
0.277953797,0.0025706882,0.000496517589,3.97693156e-05,-0.0867924258,-1.3484651,1740.86785
0.277972785,0.00311318307,0.000588351439,5.72412602e-05,-0.0866967682,-1.28888175,1740.69808
0.277993137,0.00369468589,0.000682108642,7.91604645e-05,-0.0865945707,-1.22600283,1740.51709
0.278014952,0.00431800152,0.000777395397,0.000106144625,-0.0864854376,-1.15972705,1740.3244
0.278038337,0.00498613648,0.000873739511,0.000138866243,-0.0863689602,-1.08996254,1740.11954
0.278063403,0.0057023135,0.000970582555,0.000178054734,-0.0862447181,-1.01662482,1739.90212
0.278065999,0.0646303672,0.000220248808,0.00505554746,-0.0767852267,1.89893096,1734.07337
0.278090271,0.00646998704,0.0010672727,0.000224495616,-0.0861122814,-0.939640916,1739.67184
0.278119071,0.00729285993,0.00116305753,0.000279028374,-0.085971214,-0.858960316,1739.4285
0.278149942,0.00817490128,0.00125707785,0.000342542582,-0.0858210766,-0.774551295,1739.17205
0.278183032,0.00912036556,0.00134836342,0.000415971635,-0.0856614311,-0.686405222,1738.90262
0.278218503,0.0101338132,0.00143583093,0.000500283072,-0.0854918448,-0.594541245,1738.62057
0.278223499,0.0696352464,-1.15512462e-06,0.005111391,-0.0761048944,2.0629805,1734.50553
0.278256523,0.0112201325,0.00151828534,0.000596465313,-0.0853118964,-0.499010211,1738.32651
0.278297278,0.0123845633,0.00159442548,0.000705509416,-0.0851211811,-0.399898659,1738.02138
0.278340963,0.0136327222,0.00166285504,0.000828384915,-0.0849193168,-0.297332653,1737.70649
0.278387789,0.0149706296,0.00172209995,0.000966008531,-0.0847059505,-0.19148116,1737.38357
0.278392324,0.075,-0.00022041777,0.00508668148,-0.07534242,2.24690058,1735.03518
0.278437982,0.0164047389,0.00177063306,0.00111920453,-0.084480763,-0.0825585478,1737.05482
0.278491784,0.0179419674,0.00180690692,0.00128865561,-0.0842434739,0.0291743641,1736.72295
0.278549455,0.0195897299,0.00182939495,0.00147484342,-0.0839938435,0.143411401,1736.39123
0.278561148,0.0803647536,-0.000420887168,0.00498380702,-0.0745344274,2.44891929,1735.62311
0.278611272,0.0213559743,0.00183664093,0.00167797828,-0.0837316719,0.259805156,1736.06349
0.278677535,0.0232492201,0.00182731611,0.00189791839,-0.0834567933,0.377974987,1735.74416
0.278718648,0.0853696328,-0.000591553679,0.00482303058,-0.0737296713,2.64676445,1736.21694
0.278748562,0.0252785992,0.00180028249,0.0021340798,-0.0831690638,0.497520296,1735.4382
0.278824696,0.0274539002,0.00175465994,0.00238533866,-0.0828683395,0.618039064,1735.15109
0.278865582,0.0900387783,-0.000737146784,0.0046166841,-0.0729262526,2.84659839,1736.80417
0.278906305,0.0297856156,0.00168989378,0.00264993142,-0.0825544431,0.739155722,1734.88875
0.278993782,0.0322849924,0.00160581926,0.00292535171,-0.082227115,0.860551169,1734.65744
0.27900266,0.0943947116,-0.000861247359,0.00437880162,-0.0721241818,3.04769422,1737.37428
0.279087549,0.0349640862,0.00150271634,0.00320826475,-0.081885944,0.982016789,1734.46363
0.279130543,0.0984584434,-0.00096687714,0.00412007009,-0.0713247377,3.24952983,1737.91796
0.279188058,0.0378358195,0.00138135125,0.00349440757,-0.0815302732,1.1034786,1734.31389
0.279249846,0.102249575,-0.00105640838,0.00384918358,-0.0705299686,3.45103977,1738.42636
0.279295794,0.040914044,0.00124299421,0.00377857391,-0.0811590753,1.22512498,1734.21468
0.279361147,0.105786393,-0.00113171058,0.00357289586,-0.0697423317,3.65125172,1738.89093
0.279411277,0.0442136074,0.00108940868,0.00405447617,-0.0807707898,1.34733565,1734.17227
0.279464982,0.109085956,-0.00119424218,0.00329659001,-0.0689644367,3.84907771,1739.3037
0.279535063,0.0477504251,0.000922812892,0.0043149614,-0.0803631135,1.47105486,1734.19259
0.279561851,0.112164181,-0.0012451609,0.00302445948,-0.0681988674,4.04348871,1739.65771
0.279597033,0,0,0,-0.0877934684,-1.55216291,1741.94057
0.279610693,0.000357650242,6.71807964e-05,1.32476174e-06,-0.0877354976,-1.5311915,1741.83619
0.279625335,0.000741017226,0.000137095211,3.89527544e-06,-0.0876734508,-1.48667269,1741.72442
0.27964103,0.00115195011,0.000209659058,8.91372547e-06,-0.0876070695,-1.43906238,1741.6048
0.279652222,0.115035914,-0.00128538063,0.00275976851,-0.0674480621,4.23351143,1739.94763
0.279657854,0.00159243101,0.000284771284,1.63889802e-05,-0.0875360706,-1.38798246,1741.47687
0.279667751,0.0515415566,0.000745778808,0.00455156661,-0.0799327349,1.59724182,1734.28114
0.279675888,0.00206458457,0.000362291662,2.68542991e-05,-0.0874601569,-1.333866,1741.34012
0.279695218,0.0025706882,0.000442034986,4.07501343e-05,-0.0873790169,-1.27655874,1741.19408
0.279715938,0.00311318307,0.000523764827,5.8601262e-05,-0.0872923255,-1.21602433,1741.03827
0.279736531,0.117715008,-0.00131562881,0.00250500853,-0.0667142371,4.41828256,1740.1702
0.279738148,0.00369468589,0.000607186922,8.09675989e-05,-0.0871997446,-1.15214558,1740.8722
0.279761955,0.00431800152,0.000691942103,0.000108466186,-0.087100924,-1.08482192,1740.69544
0.279787473,0.00498613648,0.000777598656,0.000141767482,-0.086995503,-1.01395488,1740.50758
0.279809979,0.0556052884,0.000561232171,0.00475549716,-0.079474999,1.72839197,1734.44298
0.279814827,0.0057023135,0.000863645639,0.000181596839,-0.086883112,-0.939452796,1740.30827
0.279815185,0.120214384,-0.00133649162,0.00226204168,-0.0659993422,4.59706448,1740.32451
0.279844148,0.00646998704,0.000949485942,0.000228734093,-0.0867633749,-0.861242114,1740.09724
0.279875577,0.00729285993,0.0010344291,0.000284010562,-0.0866359121,-0.779266492,1739.87433
0.279888562,0.1225461,-0.00134845583,0.00203220619,-0.0653050399,4.76926219,1740.41194
0.279909265,0.00817490128,0.0011176864,0.000348304737,-0.0865003436,-0.69348843,1739.6395
0.279945376,0.00912036556,0.00119836753,0.000422536808,-0.0863562933,-0.6038945,1739.39288
0.279957017,0.124721401,-0.00135194524,0.00181640393,-0.0646327004,4.93442644,1740.43595
0.279962434,0.0599612217,0.000371974632,0.00491573718,-0.0789834882,1.86589387,1734.68272
0.279984084,0.0101338132,0.00127547954,0.000507657494,-0.0862033935,-0.510498774,1739.13483
0.28002088,0.12675078,-0.00134735228,0.00161517106,-0.0639834088,5.09225017,1740.40165
0.280025575,0.0112201325,0.00134792936,0.000604634628,-0.0860412905,-0.413347694,1738.86592
0.280070049,0.0123845633,0.00141453068,0.000714433979,-0.0858696496,-0.312524568,1738.58703
0.280080459,0.128644026,-0.00133506385,0.00142873771,-0.0633579793,5.24255803,1740.31536
0.280117721,0.0136327222,0.00147401617,0.000837993951,-0.0856881618,-0.208154048,1738.29939
0.280125852,0.0646303672,0.000181991742,0.0050231623,-0.0784494923,2.01616814,1735.0046
0.280136041,0.13041027,-0.00131548089,0.00125707932,-0.0627569752,5.38529182,1740.18406
0.280168821,0.0149706296,0.00152505586,0.000976192825,-0.0854965491,-0.100406175,1738.0046
0.280187895,0.132058033,-0.00128903156,0.00109996189,-0.0621807303,5.52049356,1740.01501
0.280223596,0.0164047389,0.00156628236,0.00112980739,-0.0852945704,0.010500373,1737.70471
0.280236271,0.133595261,-0.00125617805,0.000956981894,-0.0616293731,5.64828721,1739.81535
0.280281401,0.13502937,-0.00121741842,0.000827603516,-0.0611028501,5.76886188,1739.59187
0.280282309,0.0179419674,0.00159632344,0.00129946192,-0.0850820261,0.124296479,1737.40223
0.28030102,0.0696352464,-7.92602605e-06,0.00506795575,-0.0778613686,2.17884271,1735.41269
0.280323504,0.136367278,-0.00117328352,0.000711189494,-0.0606009487,5.8824566,1739.35079
0.280345243,0.0195897299,0.00161384187,0.00148556688,-0.0848587602,0.240663004,1737.10017
0.280362783,0.137615437,-0.00112433072,0.000607027937,-0.0601233198,5.98934512,1739.09766
0.280399426,0.138779867,-0.00107113603,0.000514357184,-0.0596694982,6.08982274,1738.83734
0.280412703,0.0213559743,0.0016175823,0.00168824723,-0.0846246608,0.359234375,1736.80209
0.280433612,0.139866187,-0.00101428268,0.000432389485,-0.0592389218,6.18419775,1738.57399
0.280465504,0.140879634,-0.000954351142,0.000360327667,-0.0588309496,6.27278459,1738.31108
0.280485014,0.0232492201,0.00160642413,0.00190726084,-0.0843796553,0.479606162,1736.51205
0.280488783,0.075,-0.000194917355,0.00503397455,-0.0772036231,2.3617053,1735.91053
0.280495257,0.141825099,-0.0008919109,0.000297377629,-0.0584448773,6.35589662,1738.05143
0.280523014,0.14270714,-0.000827511821,0.000242761358,-0.0580799518,6.43384083,1737.79734
0.28054891,0.143530013,-0.000761677183,0.000195725714,-0.0577353842,6.50691476,1737.55056
0.280562524,0.0252785992,0.00157943871,0.00214190904,-0.0841236999,0.601348267,1736.23464
0.280573068,0.144297686,-0.000694898142,0.000155549373,-0.057410361,6.57540472,1737.31244
0.280595605,0.145013864,-0.000627629704,0.000121547834,-0.0571040541,6.63958419,1737.08394
0.280616631,0.145681998,-0.000560288076,9.30768495e-05,-0.0568156294,6.699713,1736.8657
0.280636246,0.146305314,-0.000493249229,6.95341539e-05,-0.0565442544,6.75603646,1736.65811
0.280645607,0.0274539002,0.00153594884,0.00239094106,-0.0838567614,0.724023481,1735.97492
0.280654546,0.146886817,-0.000426848552,5.03613506e-05,-0.0562891043,6.80878802,1736.46134
0.280671618,0.147429312,-0.00036138089,3.50404851e-05,-0.0560493674,6.85817787,1736.2754
0.280676547,0.0803647536,-0.000363149463,0.00492366183,-0.0765077843,2.5601737,1736.46072
0.280687544,0.147935415,-0.00029710136,2.31018592e-05,-0.0558242495,6.90441987,1736.10015
0.280702403,0.148407569,-0.00023422857,1.41054436e-05,-0.0556129773,6.94764888,1735.93535
0.280716264,0.14884805,-0.000172946629,7.67057919e-06,-0.0554148012,6.98804276,1735.78068
0.280729196,0.149258983,-0.00011340707,3.36358034e-06,-0.0552289975,7.02540911,1735.63577
0.280734665,0.0297856156,0.00147558724,0.00265245848,-0.0835787879,0.847216105,1735.73834
0.28074126,0.14964235,-5.57306503e-05,1.12614045e-06,-0.0550548698,7.05982082,1735.50019
0.280752515,0.15,0,0,-0.0548917267,7.07583219,1735.37348
0.280830126,0.0322849924,0.00139835075,0.00292381875,-0.0832896658,0.970562252,1735.53069
0.280851715,0.0853696328,-0.000505623165,0.00475758254,-0.075815647,2.75611202,1737.0142
0.280932451,0.0349640862,0.00130464475,0.0032015588,-0.0829891596,1.09380575,1735.35795
0.281015132,0.0900387783,-0.000626157113,0.00454862944,-0.0751253717,2.95387166,1737.5595
0.281042134,0.0378358195,0.0011953137,0.00348130837,-0.0826768292,1.21682366,1735.22618
0.281159704,0.040914044,0.00107165218,0.003757784,-0.0823519208,1.33975401,1735.14138
0.281167587,0.0943947116,-0.000728135618,0.00431021027,-0.0744368335,3.15278828,1738.08713
0.281237052,0,0,0,-0.0883084343,-1.48103885,1742.18662
0.281251278,0.000357650242,5.92335247e-05,1.34678841e-06,-0.0882558417,-1.45979368,1742.09104
0.281266528,0.000741017226,0.000120899365,3.96126933e-06,-0.0881995622,-1.41469682,1741.9887
0.281282873,0.00115195011,0.000184922857,9.05669884e-06,-0.0881393655,-1.36646718,1741.8792
0.281285728,0.0442136074,0.000935384061,0.00402468348,-0.0820132252,1.46294112,1735.10935
0.281300394,0.00159243101,0.00025121602,1.66386323e-05,-0.088074998,-1.31472301,1741.76211
0.281309816,0.0984584434,-0.000814294486,0.00405261223,-0.0737510496,3.35251979,1738.58879
0.281319176,0.00206458457,0.000319655524,2.72412751e-05,-0.0880061937,-1.25991045,1741.63698
0.281339307,0.0025706882,0.000390077103,4.13025612e-05,-0.0879326744,-1.20187135,1741.50337
0.281360886,0.00311318307,0.000462269666,5.93442037e-05,-0.0878541503,-1.140568,1741.36085
0.281384017,0.00369468589,0.000535969033,8.19208046e-05,-0.0877703206,-1.07588175,1741.20899
0.28140881,0.00431800152,0.000610850667,0.000109642847,-0.0876808745,-1.00770821,1741.04739
0.281420813,0.0477504251,0.000788631535,0.00427487694,-0.0816588954,1.58726477,1735.13556
0.281435387,0.00498613648,0.000686523221,0.000143172296,-0.0875854929,-0.935940815,1740.87568
0.281442503,0.102249575,-0.000886806418,0.00378419718,-0.0730697277,3.55206748,1739.05671
0.281463874,0.0057023135,0.000762522207,0.000183223912,-0.0874838499,-0.86048608,1740.69356
0.28149441,0.00646998704,0.000838302648,0.00023056508,-0.0873756151,-0.78126842,1740.50078
0.281527142,0.00729285993,0.000913233356,0.00028601173,-0.0872604567,-0.698224354,1740.29721
0.281562227,0.00817490128,0.000986592659,0.000350424963,-0.0871380446,-0.611310915,1740.08283
0.281565611,0.0515415566,0.000633790367,0.00450008524,-0.0812862167,1.71374293,1735.22509
0.28156629,0.105786393,-0.000947364333,0.00351139175,-0.0723949409,3.75048005,1739.48345
0.281599835,0.00912036556,0.00105756587,0.000424704963,-0.0870080544,-0.520509623,1739.85777
0.281640147,0.0101338132,0.00112524546,0.000509779228,-0.0868701722,-0.425829822,1739.62236
0.281681773,0.109085956,-0.000997293465,0.00323929055,-0.0717288985,3.94668508,1739.86211
0.281683358,0.0112201325,0.00118863479,0.000606588665,-0.0867240992,-0.327314261,1739.37716
0.281720821,0.0556052884,0.000473617767,0.00469160706,-0.0808913179,1.84476856,1735.38254
0.281729676,0.0123845633,0.00124665628,0.00071606748,-0.0865695574,-0.225044152,1739.12297
0.281779324,0.0136327222,0.00129816472,0.000839116681,-0.0864062956,-0.119144298,1738.86094
0.281789509,0.112164181,-0.00103764177,0.00297183139,-0.0710737868,4.13968234,1740.18675
0.281832543,0.0149706296,0.00134196639,0.000976569854,-0.0862340951,-0.0097878253,1738.59256
0.281887192,0.0599612217,0.000310550399,0.004839496,-0.080468814,1.98230912,1735.61207
0.281889588,0.0164047389,0.00137684447,0.00112915016,-0.0860527747,0.102799871,1738.31971
0.281890018,0.115035914,-0.00106923432,0.00271206289,-0.0704316643,4.32852208,1740.45292
0.281950735,0.0179419674,0.00140159071,0.00129741772,-0.0858621959,0.218338707,1738.04471
0.281983785,0.117715008,-0.00109272383,0.00246229623,-0.0698043946,4.51236436,1740.65803
0.282016278,0.0195897299,0.00141504342,0.00148170699,-0.0856622654,0.336493841,1737.77034
0.282065525,0.0646303672,0.000148201586,0.00493421591,-0.0800113536,2.12971383,1735.91734
0.282071262,0.120214384,-0.00110862921,0.00222424847,-0.069193609,4.69048996,1740.80154
0.282086534,0.0213559743,0.00141613083,0.00168205446,-0.0854529357,0.456878929,1737.49986
0.282152871,0.1225461,-0.00111737164,0.00199914473,-0.0686006886,4.86231706,1740.88497
0.282161843,0.0232492201,0.00140391903,0.00189811744,-0.0852342014,0.579063556,1737.23703
0.282229005,0.124721401,-0.00111930618,0.00178780333,-0.0680267618,5.02740265,1740.91163
0.282242566,0.0252785992,0.00137766262,0.00212908658,-0.0850060907,0.702586633,1736.98604
0.282256682,0.0696352464,-1.25440833e-05,0.00496592,-0.0795090852,2.29108687,1736.30179
0.282300032,0.12675078,-0.00111475016,0.00159070289,-0.0674727116,5.18543886,1740.88629
0.282329093,0.0274539002,0.00133685628,0.0023735939,-0.0847686493,0.826975254,1736.75155
0.282366295,0.128644026,-0.00110400708,0.00140803846,-0.0669391894,5.33624255,1740.8147
0.282421843,0.0297856156,0.00128128417,0.00262962318,-0.0845219152,0.951774281,1736.53858
0.282428112,0.13041027,-0.00108738584,0.00123976905,-0.066426633,5.47974147,1740.70321
0.282461583,0.075,-0.000169295954,0.00492172312,-0.0789488634,2.47369255,1736.76822
0.282485783,0.132058033,-0.00106521449,0.00108565908,-0.0659352867,5.6159583,1740.55833
0.282521261,0.0322849924,0.00121106456,0.00289442171,-0.0842658812,1.07657732,1736.35243
0.282539585,0.133595261,-0.00103784878,0.000945314998,-0.0654652225,5.74499374,1740.38646
0.282589778,0.13502937,-0.00100567564,0.000818218106,-0.0650163609,5.86701091,1740.19362
0.282627828,0.0349640862,0.00112668477,0.0031644336,-0.0840004415,1.20108398,1736.19862
0.282636604,0.136367278,-0.000969111728,0.000703753578,-0.0645884913,5.9822209,1739.98534
0.282666484,0.0803647536,-0.000309054473,0.00480399345,-0.0783574889,2.66860217,1737.28111
0.282680289,0.137615437,-0.000928598622,0.000601238305,-0.0641812913,6.09086989,1739.76653
0.282721043,0.138779867,-0.000884598347,0.000509940112,-0.0637943444,6.19322696,1739.54147
0.282742058,0.0378358195,0.00102902261,0.00343522803,-0.0837253196,1.32512889,1736.08272
0.282759064,0.139866187,-0.000837584897,0.000429098983,-0.0634271563,6.28957437,1739.3138
0.282788892,0,0,0,-0.0887957121,-1.40688892,1742.41941
0.282794534,0.140879634,-0.00078803398,0.000357946492,-0.0630791699,6.38020235,1739.08655
0.28280333,0.000357650242,5.16728887e-05,1.35634402e-06,-0.088748084,-1.38541463,1742.33223
0.282818807,0.000741017226,0.000105510117,3.98570417e-06,-0.0886971261,-1.33985442,1742.23889
0.282827625,0.141825099,-0.000736414532,0.000295716781,-0.0627497783,6.46540391,1738.86221
0.282835396,0.00115195011,0.000161448731,9.10595295e-06,-0.0886426333,-1.29114701,1742.13903
0.282853177,0.00159243101,0.000219415114,1.6714764e-05,-0.0885843787,-1.23888685,1742.03226
0.282857641,0.0853696328,-0.000426292714,0.00463306768,-0.0777702712,2.86249508,1737.79472
0.282858496,0.14270714,-0.000683180562,0.000241658455,-0.0624383368,6.54546819,1738.64274
0.282864501,0.040914044,0.000919352108,0.0037015008,-0.0834399729,1.4488042,1736.01027
0.282872238,0.00206458457,0.000279303817,2.73431492e-05,-0.0885221243,-1.18353508,1741.91819
0.282887296,0.143530013,-0.000628765987,0.000195043589,-0.0621441733,6.6206763,1738.42967
0.282892669,0.0025706882,0.000340972084,4.14216114e-05,-0.0884556219,-1.12492746,1741.7964
0.282914164,0.144297686,-0.000573579489,0.000155174109,-0.0618665973,6.69130021,1738.22417
0.282914569,0.00311318307,0.000404234172,5.9463556e-05,-0.0883846131,-1.06302529,1741.66652
0.282938044,0.00369468589,0.000468855113,8.20132339e-05,-0.0883088305,-0.997710816,1741.52815
0.28293923,0.145013864,-0.000517999645,0.000121386469,-0.061604908,6.75760144,1738.02704
0.282962614,0.145681998,-0.00046237231,9.30551176e-05,-0.0613584009,6.81982977,1737.83884
0.282963207,0.00431800152,0.000534544142,0.000109668807,-0.0882279982,-0.928870349,1741.38094
0.28298443,0.146305314,-0.000407009141,6.95941013e-05,-0.061126374,6.8782227,1737.65989
0.282990179,0.00498613648,0.000600948675,0.000143078021,-0.0881418339,-0.856390876,1741.22455
0.282995749,0.0442136074,0.00079931537,0.003957003,-0.0831434678,1.57241932,1735.98661
0.283004782,0.146886817,-0.000352187096,5.04596742e-05,-0.0609081321,6.93301269,1737.49033
0.283019091,0.0057023135,0.000667647534,0.000182939817,-0.0880500502,-0.78017981,1741.05872
0.283023769,0.147429312,-0.000298148874,3.51479125e-05,-0.0607029918,6.98441241,1737.33014
0.283035974,0.0900387783,-0.000524399908,0.00442262035,-0.0771854292,3.05818262,1738.29859
0.283041483,0.147935415,-0.000245103832,2.31999936e-05,-0.0605102842,7.03260437,1737.17921
0.283050081,0.00646998704,0.000734144533,0.000230003214,-0.0879523567,-0.700153127,1740.88323
0.283058008,0.148407569,-0.000193229933,1.41811955e-05,-0.0603293576,7.07771933,1737.03732
0.283073424,0.14884805,-0.000142675523,7.72015446e-06,-0.0601595802,7.11996483,1736.90417
0.2830833,0.00729285993,0.000799863803,0.00028506385,-0.0878484635,-0.616241239,1740.69797
0.283087807,0.149258983,-9.35614386e-05,3.38381831e-06,-0.0600003414,7.15910615,1736.77945
0.283101224,0.14964235,-4.59828895e-05,1.14014978e-06,-0.0598510529,7.1952949,1736.66278
0.283113742,0.15,0,0,-0.0597111232,7.21218675,1736.55374
0.283118907,0.00817490128,0.000864146163,0.000348960411,-0.0877380836,-0.528396074,1740.50293
0.283136434,0.0477504251,0.000670897456,0.00419470147,-0.0828343216,1.696816,1736.01679
0.283157075,0.00912036556,0.000926247621,0.000422568135,-0.0876209371,-0.436593875,1740.29824
0.283197987,0.0101338132,0.000985340811,0.000506786629,-0.0874967559,-0.340839484,1740.08421
0.283202345,0.0943947116,-0.000606668814,0.0041852611,-0.0766027147,3.25508067,1738.78427
0.283241841,0.0112201325,0.00104052005,0.000602525274,-0.0873652877,-0.241172619,1739.86136
0.283287235,0.0515415566,0.00053630167,0.00440659622,-0.0825103021,1.82309931,1736.10545
0.283288849,0.0123845633,0.00109081073,0.000710682099,-0.0872263021,-0.137673519,1739.63046
0.283339236,0.0136327222,0.00113518355,0.000832116026,-0.0870795958,-0.0304687436,1739.39255
0.283357555,0.0984584434,-0.000675535789,0.00393080466,-0.0760229031,3.45286166,1739.24443
0.283393246,0.0149706296,0.00117257416,0.000967611194,-0.086924998,0.08026344,1739.14901
0.283448879,0.0556052884,0.000398053387,0.00458427212,-0.0821681785,1.95338968,1736.25679
0.28345114,0.0164047389,0.00120190812,0.00111783251,-0.0867623762,0.194288519,1738.90157
0.283502353,0.102249575,-0.000732956884,0.00366715953,-0.0754473865,3.65057592,1739.67232
0.283513197,0.0179419674,0.00122213133,0.00128327184,-0.0865916403,0.311312873,1738.65238
0.283579716,0.0195897299,0.00123224524,0.00146418474,-0.0864127456,0.430983398,1738.40397
0.283622146,0.0599612217,0.000258372022,0.00471844998,-0.0818034142,2.08965861,1736.47453
0.283637439,0.105786393,-0.000780452456,0.00340037038,-0.0748778813,3.84730178,1740.06154
0.283651018,0.0213559743,0.0012313463,0.00166051839,-0.0862256939,0.552890697,1738.15935
0.283727447,0.0232492201,0.00121866827,0.00187183206,-0.0860305308,0.676576613,1737.92193
0.283763462,0.109085956,-0.000819217175,0.00313517902,-0.0743162244,4.04198869,1740.40622
0.283807872,0.0646303672,0.000120032755,0.00479969741,-0.0814097812,2.23517321,1736.76188
0.283809372,0.0252785992,0.00119362622,0.00209721275,-0.0858273382,0.801548139,1737.69558
0.283881032,0.112164181,-0.000850191697,0.00287521676,-0.0737642324,4.23365787,1740.70142
0.283897187,0.0274539002,0.00115586013,0.00233518835,-0.0856162212,0.92729677,1737.48456
0.283990715,0.115035914,-0.00087411652,0.00262326888,-0.0732236106,4.42137997,1740.9435
0.283991317,0.0297856156,0.00110527575,0.00258364517,-0.0853972851,1.05332923,1737.29345
0.284006953,0.0696352464,-1.56362496e-05,0.00481863459,-0.0809789067,2.39504805,1737.1217
0.284092215,0.0322849924,0.0010420805,0.00283974887,-0.0851706037,1.17919935,1737.12711
0.28409304,0.117715008,-0.000891575108,0.0023814245,-0.0726958944,4.6043358,1741.13051
0.284188501,0.120214384,-0.000903026522,0.00215121816,-0.0721824183,4.78182299,1741.26232
0.284200368,0.0349640862,0.000966810013,0.00309988815,-0.0849361719,1.30456634,1736.99061
0.284220348,0.075,-0.000146549528,0.00476462149,-0.0804995935,2.57596479,1737.5562
0.284257295,0,0,0,-0.0892567906,-1.33024614,1742.63967
0.284271791,0.000357650242,4.45487805e-05,1.35224699e-06,-0.0892137921,-1.30858221,1742.56047
0.284277559,0.1225461,-0.000908836053,0.00193372899,-0.0716843015,4.95327241,1741.34057
0.284287329,0.000741017226,9.10250942e-05,3.96551638e-06,-0.0891677963,-1.26267142,1742.47569
0.284303984,0.00115195011,0.000139379081,9.05582186e-06,-0.0891186209,-1.21362467,1742.385
0.284316298,0.0378358195,0.000880342354,0.00335961809,-0.0846938428,1.42922795,1736.88905
0.284321837,0.00159243101,0.000189551808,1.6608628e-05,-0.0890660634,-1.16099016,1742.28805
0.284340974,0.00206458457,0.000241455574,2.71481615e-05,-0.0890099118,-1.1052468,1742.18447
0.284360642,0.124721401,-0.000909302079,0.00172966335,-0.0712024468,5.11824763,1741.36844
0.284361486,0.0025706882,0.000294968513,4.10927864e-05,-0.0889499452,-1.04622364,1742.07392
0.284383474,0.00311318307,0.000349929046,5.89426659e-05,-0.0888859344,-0.983881788,1741.95604
0.284407043,0.00369468589,0.000406129263,8.12273499e-05,-0.0888176423,-0.918095261,1741.83047
0.284432306,0.00431800152,0.000463309554,0.000108528332,-0.0887448252,-0.848744245,1741.69691
0.284433743,0.0803647536,-0.00026246538,0.00464051659,-0.0799947343,2.76808254,1738.03198
0.284438152,0.12675078,-0.000904680942,0.00153941842,-0.0707375483,5.27644094,1741.35035
0.284440564,0.040914044,0.000783899182,0.00361366841,-0.0844432438,1.55323635,1736.8275
0.284459386,0.00498613648,0.000521152716,0.000141474199,-0.0886672342,-0.775715821,1741.55506
0.284488413,0.0057023135,0.000579276804,0.000180743449,-0.0885846169,-0.698910261,1741.40468
0.284510463,0.128644026,-0.000895208574,0.00136313488,-0.0702901046,5.4276627,1741.29156
0.284519527,0.00646998704,0.000637230217,0.000227062415,-0.0884967197,-0.618235702,1741.24558
0.284552879,0.00729285993,0.000694487514,0.000281202556,-0.0884032901,-0.533616721,1741.07766
0.284573765,0.0442136074,0.000679012564,0.00385590448,-0.0841836677,1.67688657,1736.81089
0.284577923,0.13041027,-0.000881118593,0.00120074026,-0.069860435,5.57182804,1741.19775
0.284588629,0.00817490128,0.000750446812,0.000343976206,-0.0883040805,-0.444999263,1740.90094
0.284626949,0.00912036556,0.000804429594,0.000416229983,-0.088198851,-0.352354214,1740.71554
0.284632824,0.0853696328,-0.000358674109,0.00446643082,-0.0794942951,2.95943282,1738.50653
0.284640858,0.132058033,-0.000862656119,0.00105198641,-0.0694486979,5.70894169,1741.07477
0.284668025,0.0101338132,0.000855683468,0.000498831931,-0.0880873742,-0.255682274,1740.52176
0.28469957,0.133595261,-0.000840087123,0.000916482029,-0.0690549097,5.83908256,1740.92826
0.284712054,0.0112201325,0.000903388571,0.000592656116,-0.0879694398,-0.155020972,1740.32008
0.284716544,0.0477504251,0.000567509511,0.00407947061,-0.0839139345,1.80098938,1736.84382
0.284754345,0.13502937,-0.000813703356,0.000793721855,-0.068678963,5.9623892,1740.76356
0.284759249,0.0123845633,0.000946668085,0.000698560348,-0.0878448593,-0.0504509133,1740.11122
0.284805445,0.136367278,-0.00078382327,0.000683112732,-0.0683206448,6.0790465,1740.5855
0.284809838,0.0136327222,0.000984603245,0.000817357115,-0.0877134716,0.0578977757,1739.89614
0.28481855,0.0900387783,-0.000438416798,0.00425620075,-0.0789965737,3.15277901,1738.97036
0.284853117,0.137615437,-0.000750789724,0.000583997167,-0.067979653,6.18927382,1740.39839
0.284864064,0.0149706296,0.00101625299,0.000949776549,-0.0875751483,0.169839485,1739.67611
0.284869589,0.0515415566,0.000451389502,0.00427670812,-0.0836322177,1.92664798,1736.93054
0.284897591,0.138779867,-0.000714964621,0.000495674295,-0.0676556113,6.29331474,1740.20593
0.284922189,0.0164047389,0.00104067815,0.0010964208,-0.0874297986,0.285128132,1739.45274
0.284939082,0.139866187,-0.000676723131,0.000417416689,-0.0673480835,6.39142745,1740.0113
0.28497779,0.140879634,-0.000636446262,0.000348488755,-0.0670565854,6.48388009,1739.81711
0.284984494,0.0179419674,0.00105696988,0.00125770954,-0.0872773742,0.403454031,1739.22796
0.284991817,0.0943947116,-0.000504693638,0.00402177923,-0.0785012379,3.34756337,1739.41591
0.285013901,0.141825099,-0.000594513588,0.000288158174,-0.0667805961,6.57094716,1739.62549
0.285033639,0.0556052884,0.000332892345,0.00443954026,-0.0833358287,2.0557502,1737.07487
0.28504759,0.14270714,-0.000551296795,0.000235702362,-0.0665195672,6.65290062,1739.43814
0.285051279,0.0195897299,0.00106428171,0.00143381678,-0.0871178719,0.524443441,1739.00413
0.285079018,0.143530013,-0.000507151226,0.000190424433,-0.0662729308,6.73000583,1739.25634
0.285108339,0.144297686,-0.000462410948,0.000151657957,-0.0660401074,6.80252211,1739.08109
0.285122866,0.0213559743,0.00106186444,0.00162460016,-0.0869513353,0.647661917,1738.78397
0.285135693,0.145013864,-0.000417386148,0.00011876745,-0.065820511,6.87070074,1738.91307
0.285153461,0.0984584434,-0.000559658254,0.00377245257,-0.0780088746,3.54333506,1739.83672
0.285161211,0.145681998,-0.000372360206,9.11541595e-05,-0.0656135552,6.93478323,1738.75274
0.285185018,0.146305314,-0.000327588083,6.82575403e-05,-0.0654186565,6.99500046,1738.60036
0.285199601,0.0232492201,0.00104910287,0.00182952405,-0.0867778525,0.772622193,1738.57062
0.285207228,0.146886817,-0.000283295798,4.95565554e-05,-0.065235239,7.05157341,1738.45603
0.285209485,0.0599612217,0.000213952205,0.00455925564,-0.0830209537,2.1905403,1737.28011
0.285227948,0.147429312,-0.000239681069,3.4568603e-05,-0.0650627366,7.10470767,1738.31973
0.285247278,0.147935415,-0.000196914238,2.2852112e-05,-0.0649005958,7.15459647,1738.19135
0.285265312,0.148407569,-0.000155138491,1.39902602e-05,-0.0647482779,7.20136893,1738.07069
0.285281853,0.0252785992,0.00102555288,0.00204757967,-0.0865975506,0.898798825,1738.36759
0.285282135,0.14884805,-0.000114472632,7.63188566e-06,-0.0646052604,7.24523481,1737.9575
0.285297831,0.149258983,-7.50146498e-05,3.34786487e-06,-0.0644710381,7.28591672,1737.85148
0.285304262,0.102249575,-0.000605060315,0.00351560931,-0.0775206214,3.73918419,1740.22687
0.285312473,0.14964235,-3.68422443e-05,1.14042502e-06,-0.0643451244,7.32369994,1737.75233
0.285326133,0.15,0,0,-0.0642270227,7.34141653,1737.65968
0.285370019,0.0274539002,0.000990977645,0.00227720446,-0.0864105837,1.02564816,1738.17876
0.285397976,0.0646303672,9.68623867e-05,0.00462690921,-0.0826823246,2.33449062,1737.54907
0.285444947,0.105786393,-0.000642238536,0.0032568807,-0.077037905,3.93419486,1740.58087
0.285464525,0.0297856156,0.000945380524,0.00251620766,-0.0862171141,1.15264036,1738.00833
0.285565827,0.0322849924,0.000889033259,0.00276170116,-0.0860172837,1.27929211,1737.86073
0.285576195,0.109085956,-0.000672252927,0.00300063252,-0.0765622582,4.1273338,1740.8937
0.285600019,0.0696352464,-1.68432024e-05,0.00463377278,-0.0823128337,2.49227958,1737.88411
0.285646746,0,0,0,-0.0896930782,-1.251729,1742.84807
0.285660874,0.000357650242,3.79070679e-05,1.33487815e-06,-0.0896543043,-1.22993166,1742.77638
0.285674412,0.0349640862,0.000822495341,0.00301005365,-0.0858111737,1.4052261,1737.74056
0.285676018,0.000741017226,7.7538215e-05,3.90146796e-06,-0.0896128334,-1.18380179,1742.69965
0.285692251,0.00115195011,0.000118857847,8.90746552e-06,-0.0895685034,-1.13457491,1742.61757
0.285698638,0.112164181,-0.00069593646,0.00275017596,-0.0760951967,4.31763425,1741.16125
0.285709651,0.00159243101,0.000161821977,1.63219922e-05,-0.0895211332,-1.0817299,1742.52984
0.285728302,0.00206458457,0.000206360429,2.66593131e-05,-0.0894705338,-1.02576475,1742.43612
0.285748295,0.0025706882,0.000252371358,4.03212953e-05,-0.0894165082,-0.966500516,1742.33609
0.285769725,0.00311318307,0.000299715537,5.77916087e-05,-0.0893588521,-0.903900604,1742.22944
0.285790805,0.0378358195,0.000746622618,0.00325684876,-0.0855987491,1.53020793,1737.65251
0.285792696,0.00369468589,0.000348210614,7.95805169e-05,-0.0892973549,-0.837826883,1742.11586
0.285812868,0.115035914,-0.000713945555,0.00250802156,-0.075638138,4.50418084,1741.38058
0.285816591,0.075,-0.000125513461,0.00457072605,-0.0819029552,2.67064292,1738.28695
0.285817318,0.00431800152,0.000397625668,0.000106249109,-0.0892318004,-0.768151475,1741.99505
0.285843711,0.00498613648,0.000447674964,0.00013840443,-0.0891619682,-0.694761812,1741.86676
0.285872002,0.0057023135,0.000498012274,0.000176700813,-0.0890876358,-0.617549242,1741.73078
0.285902327,0.00646998704,0.000548226568,0.000221839545,-0.08900858,-0.536414857,1741.58693
0.285915568,0.040914044,0.000662564211,0.00349689942,-0.0853797858,1.65425559,1737.60119
0.285919435,0.117715008,-0.00072679605,0.00227602756,-0.0751923515,4.68616875,1741.55026
0.285934833,0.00729285993,0.000597838628,0.000274565469,-0.0889245798,-0.451276744,1741.43514
0.285969676,0.00817490128,0.000646299693,0.000335662547,-0.0888354195,-0.362074981,1741.27542
0.286007024,0.00912036556,0.000692992594,0.00040594686,-0.0887408919,-0.268775761,1741.1079
0.286018853,0.120214384,-0.000734890864,0.00205553814,-0.0747589318,4.86290737,1741.67044
0.286033162,0.0803647536,-0.000221109471,0.00444145666,-0.0814722354,2.86024572,1738.72637
0.286047058,0.0101338132,0.000737235877,0.000486253005,-0.0886408021,-0.171376893,1740.93285
0.286049301,0.0442136074,0.000571729976,0.00372424213,-0.0851537759,1.77766016,1737.59109
0.28608997,0.0112201325,0.000778291412,0.000577417733,-0.0885349724,-0.0699155513,1740.75072
0.286111603,0.1225461,-0.0007385457,0.00184747939,-0.0743387874,5.0338364,1741.74285
0.286135968,0.0123845633,0.000815375769,0.00068025649,-0.0884232463,0.0355249213,1740.56217
0.286185274,0.0136327222,0.000847675518,0.000795533129,-0.0883054943,0.144807988,1740.36809
0.286192651,0.0477504251,0.000475776382,0.00393226495,-0.0849198081,1.9011795,1737.62641
0.28619813,0.124721401,-0.000738011568,0.0016524391,-0.0739326409,5.19852347,1741.77053
0.286235205,0.0853696328,-0.000299673834,0.00426595239,-0.0810460803,3.04914208,1739.16305
0.286238124,0.0149706296,0.000874366363,0.000923921814,-0.0881816184,0.257737541,1740.16963
0.286278853,0.12675078,-0.000733496288,0.00147072712,-0.0735410361,5.35665976,1741.75757
0.286294775,0.0164047389,0.000894635843,0.00106596075,-0.0880515569,0.374052665,1739.96826
0.286346308,0.0515415566,0.000376487706,0.00411367201,-0.0846764172,2.02588497,1737.71101
0.286354161,0.128644026,-0.000725183523,0.00130242445,-0.0731643507,5.50804903,1741.70875
0.2863555,0.0179419674,0.000907709147,0.00122199777,-0.0879152892,0.493424482,1739.76576
0.286420591,0.0195897299,0.000912877444,0.00139212828,-0.0877728385,0.615455855,1739.56425
0.286423696,0.0900387783,-0.000364140428,0.00405770608,-0.080622875,3.24011547,1739.58842
0.286424418,0.13041027,-0.000713249399,0.00114742293,-0.0728028112,5.65259472,1741.6292
0.286489961,0.132058033,-0.000697875663,0.00100545862,-0.0724565093,5.79028535,1741.52411
0.286490362,0.0213559743,0.00090952792,0.00157612696,-0.087624273,0.739685188,1739.36622
0.286511013,0.0556052884,0.000275803975,0.00426079283,-0.0844213999,2.15365828,1737.8483
0.286551108,0.133595261,-0.000679259242,0.000876140583,-0.0721254189,5.92118022,1741.39852
0.28656515,0.0232492201,0.000897174687,0.00177337477,-0.0874697055,0.865594859,1739.17453
0.286599542,0.0943947116,-0.000417217642,0.00382801958,-0.0802022276,3.43278623,1739.99569
0.286608153,0.13502937,-0.000657618032,0.000758976253,-0.0718094121,6.04539579,1741.25712
0.286645316,0.0252785992,0.000875489397,0.00198278466,-0.0873092875,0.992626794,1738.99236
0.286661371,0.136367278,-0.000633193217,0.000653394232,-0.0715082755,6.1630934,1741.10417
0.286687562,0.0599612217,0.000175429969,0.00436551941,-0.0841515903,2.28691039,1738.04123
0.28671102,0.137615437,-0.000606248584,0.000558764864,-0.071221724,6.27446859,1740.94341
0.286731246,0.0274539002,0.000844330551,0.00220272794,-0.0871431998,1.12020313,1738.82323
0.286757338,0.138779867,-0.000577067346,0.000474418839,-0.0709494144,6.37974203,1740.77811
0.286763592,0.0984584434,-0.000460810593,0.00358563898,-0.0797845709,3.62656769,1740.37917
0.286800548,0.139866187,-0.000545947038,0.000399663288,-0.0706909575,6.47915149,1740.61099
0.286823355,0.0297856156,0.000803769423,0.00243096856,-0.0869716361,1.24775971,1738.67097
0.286840861,0.140879634,-0.000513193388,0.000333798144,-0.0704459277,6.57294625,1740.44432
0.286876806,0.0646303672,7.73237207e-05,0.00441953371,-0.0838625822,2.42905874,1738.2922
0.286878469,0.141825099,-0.000479114481,0.000276126487,-0.0702138731,6.66138258,1740.27994
0.286913554,0.14270714,-0.000444014789,0.000225960961,-0.0699943225,6.74471537,1740.1193
0.286916637,0.102249575,-0.000496461683,0.00333740036,-0.0793708297,3.82058889,1740.73373
0.286922087,0.0322849924,0.000754111778,0.00266460372,-0.0867947777,1.37477943,1738.5396
0.286946286,0.143530013,-0.000408187939,0.000182638461,-0.0697867925,6.82319517,1739.96352
0.286961491,0,0,0,-0.090105908,-1.17190297,1743.04525
0.286975258,0.000357650242,3.17780255e-05,1.30394793e-06,-0.0900711054,-1.15000659,1742.98067
0.286976821,0.144297686,-0.00037191158,0.000145525127,-0.0695907932,6.89707118,1739.81341
0.286990015,0.000741017226,6.51047181e-05,3.79303567e-06,-0.0900338882,-1.10376296,1742.91154
0.287005309,0.145013864,-0.000335442989,0.000114017093,-0.0694058323,6.96658799,1739.66957
0.287005833,0.00115195011,9.99584132e-05,8.66041857e-06,-0.0899941131,-1.0544852,1742.8376
0.287022789,0.00159243101,0.000136308703,1.58552007e-05,-0.0899516192,-1.00155896,1742.75858
0.287027918,0.0349640862,0.000695911395,0.00290002828,-0.0866127586,1.50085313,1738.43332
0.287031886,0.145681998,-0.000299017036,8.75462087e-05,-0.0692314198,7.03198044,1739.53237
0.287040964,0.00206458457,0.000174101095,2.58787557e-05,-0.0899062387,-0.945506027,1742.67417
0.28705668,0.146305314,-0.000262845278,6.5581059e-05,-0.0690670705,7.09347319,1739.40202
0.287059416,0.105786393,-0.000525335825,0.00308849851,-0.078962186,4.01392321,1741.05462
0.287060445,0.0025706882,0.000213251329,3.91122853e-05,-0.0898577972,-0.88613844,1742.58409
0.287079657,0.0696352464,-1.70963752e-05,0.00441483654,-0.0835484059,2.58459132,1738.60313
0.28707981,0.146886817,-0.000227114217,4.76275055e-05,-0.0689123069,7.15128176,1739.27861
0.287081328,0.00311318307,0.000253639217,5.60200446e-05,-0.0898061141,-0.823410026,1742.48806
0.287101389,0.147429312,-0.0001919853,3.32279823e-05,-0.0687666615,7.20561246,1739.16211
0.287103712,0.00369468589,0.00029510417,7.70904467e-05,-0.0897510033,-0.757175194,1742.38579
0.287121521,0.147935415,-0.000157595686,2.19654411e-05,-0.0686296781,7.25666865,1739.0524
0.287127705,0.00431800152,0.000337439807,0.000102860708,-0.0896922746,-0.687306779,1742.27703
0.287140301,0.148407569,-0.000124059691,1.34443673e-05,-0.0685009139,7.30455179,1738.94931
0.287141358,0.0378358195,0.000629974824,0.00313290577,-0.0864256167,1.62571934,1738.35638
0.287153424,0.00498613648,0.000380387302,0.000133913319,-0.0896297345,-0.613681284,1742.16156
0.287157823,0.14884805,-9.14698053e-05,7.33290959e-06,-0.0683799396,7.34945887,1738.85262
0.287174168,0.149258983,-5.98987456e-05,3.20770961e-06,-0.0682663411,7.39107479,1738.76208
0.287180992,0.0057023135,0.000423631305,0.0001708764,-0.0895631882,-0.536180872,1742.03917
0.287189418,0.14964235,-2.94012342e-05,1.10077576e-06,-0.0681597196,7.42984087,1738.6774
0.287192617,0.109085956,-0.00054836129,0.00284290988,-0.0785599157,4.20555031,1741.3376
0.287203644,0.15,0,0,-0.0680596615,7.44808675,1738.59828
0.287210543,0.00646998704,0.000466796458,0.000214424165,-0.0894924413,-0.454700103,1741.90974
0.287242218,0.00729285993,0.000509445063,0.000265272776,-0.0894173025,-0.369150162,1741.77319
0.287262956,0.040914044,0.00055735542,0.00335819061,-0.0862332299,1.74937232,1738.31299
0.287276171,0.00817490128,0.000551076994,0.000324175799,-0.0893375858,-0.27946528,1741.62953
0.287297094,0.075,-0.000106490095,0.00434353922,-0.0832010398,2.76032842,1738.97529
0.287312565,0.00912036556,0.000591132403,0.000391916453,-0.0892531147,-0.185607465,1741.47891
0.287316883,0.112164181,-0.000566267112,0.00260361963,-0.0781652799,4.39450912,1741.57924
0.287351576,0.0101338132,0.000628997087,0.000469293167,-0.089163725,-0.0875727937,1741.32157
0.287393392,0.0112201325,0.000664011145,0.000557102052,-0.0890692692,0.0146002517,1741.15794
0.287393298,0.0442136074,0.000479323718,0.00357014591,-0.0860352335,1.87209285,1738.30724
0.287432813,0.115035914,-0.000579628218,0.00237286018,-0.0777794534,4.57989398,1741.77719
0.287438215,0.0123845633,0.000695480901,0.000656112263,-0.0889696213,0.120823431,1740.98861
0.287486261,0.0136327222,0.000722694052,0.000767034632,-0.0888646811,0.230951294,1740.8144
0.287514531,0.0803647536,-0.000184457251,0.0042102454,-0.082837021,2.94734351,1739.37959
0.287533011,0.0477504251,0.00039734684,0.00376245316,-0.0858309152,1.9945838,1738.34295
0.287537761,0.0149706296,0.000744937794,0.000890482856,-0.088754379,0.344774569,1740.63638
0.287540966,0.117715008,-0.00058889566,0.00215225721,-0.0774034822,4.76090995,1741.93046
0.287592965,0.0164047389,0.000761519525,0.00102692716,-0.0886386808,0.462014896,1740.45587
0.287641864,0.120214384,-0.000594420033,0.00194296323,-0.0770382602,4.93687466,1742.03945
0.287652138,0.0179419674,0.000771789666,0.00117664076,-0.0885175916,0.58232185,1740.2745
0.287682771,0.0515415566,0.000312984059,0.00392821535,-0.0856190853,2.11794238,1738.42364
0.287715567,0.0195897299,0.000775165974,0.00133963983,-0.0883911593,0.705273031,1740.09419
0.287717382,0.0853696328,-0.000247891215,0.00403479741,-0.0824776608,3.13384845,1739.77985
0.287735994,0.1225461,-0.000596472725,0.00174575025,-0.0766845203,5.10723406,1742.10589
0.287783555,0.0213559743,0.00077115874,0.0015156186,-0.0882594757,0.830378514,1739.91721
0.287823809,0.124721401,-0.000595264587,0.00156108626,-0.0763428358,5.27155826,1742.13269
0.287843298,0.0556052884,0.000227910251,0.00406022899,-0.0853979167,2.24407704,1738.55236
0.287856433,0.0232492201,0.00075939615,0.00170388123,-0.0881226762,0.957089954,1739.74612
0.287905734,0.12675078,-0.000590964296,0.00138919235,-0.076013627,5.42953684,1742.12361
0.287906625,0.0900387783,-0.000299386532,0.00383011056,-0.0821214298,3.32251183,1740.16835
0.287934551,0.0252785992,0.00073964892,0.00190327388,-0.0879809357,1.08481722,1739.58384
0.287982163,0.128644026,-0.000583714703,0.00123008852,-0.0756971733,5.58096722,1742.08299
0.288015369,0.0599612217,0.000143610524,0.00415099515,-0.0851647518,2.37543559,1738.73174
0.288018285,0.0274539002,0.000711853516,0.00211211862,-0.0878344602,1.21294974,1739.43354
0.288053465,0.13041027,-0.000573647714,0.00108362975,-0.0753936262,5.72574218,1742.01543
0.288083174,0.0943947116,-0.000341323839,0.00360677984,-0.0817678883,3.51306762,1740.53907
0.288108041,0.0297856156,0.000676132027,0.00232815664,-0.087683473,1.3408915,1739.29868
0.288119984,0.132058033,-0.000560896345,0.000949535799,-0.0751030245,5.86383561,1741.92557
0.288182041,0.133595261,-0.000545603996,0.000827416126,-0.0748253089,5.99528897,1741.81785
0.288199812,0.0646303672,6.17268535e-05,0.00419286001,-0.0849158662,2.51540317,1738.96386
0.288204251,0.0322849924,0.000632808564,0.00254849841,-0.0875281928,1.46809484,1739.18291
0.288205545,0,0,0,-0.0904965413,-1.09136243,1743.23182
0.28821872,0.000357650242,2.61886851e-05,1.25955468e-06,-0.0904653956,-1.06941666,1743.17389
0.288232841,0.000741017226,5.37785994e-05,3.64060905e-06,-0.0904320937,-1.02318233,1743.11189
0.288239935,0.13502937,-0.000527930596,0.000716791711,-0.074560337,6.12019851,1741.69642
0.288247978,0.00115195011,8.2761448e-05,8.31575176e-06,-0.0903965089,-0.974000918,1743.04557
0.28824788,0.0984584434,-0.000375388853,0.00337297232,-0.0814173337,3.70490855,1740.88704
0.288264203,0.00159243101,0.000113118937,1.52110681e-05,-0.0903584986,-0.921138384,1742.9747
0.288281595,0.00206458457,0.000144810164,2.48126853e-05,-0.0903179142,-0.865145345,1742.899
0.288293945,0.136367278,-0.000508055854,0.000617114443,-0.0743078964,6.23870407,1741.565
0.288300237,0.0025706882,0.000177765496,3.74788098e-05,-0.0902746011,-0.805824194,1742.81821
0.288307378,0.0349640862,0.000582417734,0.00276959826,-0.0873688033,1.59412298,1739.09003
0.28832022,0.00311318307,0.000211881269,5.36510564e-05,-0.0902283997,-0.743116305,1742.73209
0.28834164,0.00369468589,0.000247015066,7.37938654e-05,-0.0901791461,-0.676865577,1742.64038
0.288344333,0.137615437,-0.000486179822,0.000527784738,-0.074067718,6.35097926,1741.42689
0.288364599,0.00431800152,0.000282980266,9.8420063e-05,-0.0901266726,-0.606944179,1742.54286
0.28838921,0.00498613648,0.000319541138,0.000128085406,-0.0900708094,-0.533217834,1742.43933
0.28839134,0.138779867,-0.000462521217,0.000448167596,-0.0738394869,6.45722324,1741.2849
0.288397518,0.0696352464,-1.64945359e-05,0.00417855923,-0.0846461944,2.66842311,1739.25031
0.288401537,0.102249575,-0.000402918922,0.00313495993,-0.0810705021,3.89716081,1741.20782
0.28841559,0.0057023135,0.000356409276,0.000163391293,-0.090011386,-0.455560168,1742.3296
0.288417921,0.0378358195,0.000525707217,0.00298723667,-0.0872054114,1.71869301,1739.02389
0.288435194,0.139866187,-0.000437313975,0.000377607075,-0.0736228532,6.55765357,1741.1414
0.288443868,0.00646998704,0.000393241079,0.000204983711,-0.0899482329,-0.373857902,1742.21358
0.288474178,0.00729285993,0.000429636932,0.000253549415,-0.089881184,-0.28801593,1742.09119
0.288476106,0.140879634,-0.00041080264,0.000315439323,-0.0734174404,6.65250082,1740.99836
0.288506669,0.00817490128,0.00046514247,0.000309810914,-0.0898100791,-0.197963607,1741.96246
0.288514274,0.141825099,-0.000383236114,0.000261003715,-0.0732228534,6.74200398,1740.85736
0.288536413,0.040914044,0.000463629631,0.00319655264,-0.087037991,1.84178467,1738.98831
0.288541495,0.00912036556,0.000499252553,0.00037451714,-0.0897347671,-0.103660214,1741.82752
0.288544886,0.105786393,-0.000424919956,0.00289747947,-0.0807283572,4.08887564,1741.49737
0.288549881,0.14270714,-0.000354861736,0.00021365196,-0.0730386851,6.82640478,1740.71964
0.288578825,0.0101338132,0.000531417821,0.00044842863,-0.0896551093,-0.00510233731,1741.68659
0.2885831,0.143530013,-0.00032592144,0.000172755973,-0.0728645218,6.90594405,1740.58614
0.28860944,0.075,-8.99640225e-05,0.00410122241,-0.0843489116,2.84134699,1739.59201
0.28861409,0.144297686,-0.000296646576,0.000137716518,-0.0726999474,6.98086429,1740.45757
0.28861884,0.0112201325,0.000561054003,0.000532298601,-0.0895709833,0.0976675178,1741.54008
0.288643002,0.145013864,-0.000267254048,0.000107961019,-0.0725445474,7.05140437,1740.33442
0.288661732,0.0123845633,0.000587553894,0.000626847324,-0.0894822869,0.204553091,1741.38852
0.288663424,0.0442136074,0.000397316396,0.00339207198,-0.0868663119,1.96364839,1738.98698
0.288669974,0.145681998,-0.00023794202,8.29515133e-05,-0.0723979113,7.11779408,1740.21701
0.28867862,0.109085956,-0.000442195028,0.00266410596,-0.080391946,4.27904295,1741.75214
0.288695137,0.146305314,-0.000208887088,6.21886161e-05,-0.0722596355,7.18025597,1740.1055
0.288707708,0.0136327222,0.000610301778,0.000732730042,-0.0893889428,0.31539672,1741.23266
0.288718612,0.146886817,-0.000180244677,4.52067206e-05,-0.0721293243,7.23900573,1739.99996
0.288740512,0.147429312,-0.000152148529,3.15753465e-05,-0.0720065913,7.29424548,1739.90035
0.28875699,0.0149706296,0.000628689963,0.000850498037,-0.089290903,0.429972701,1741.07347
0.288760943,0.147935415,-0.000124710916,2.09019064e-05,-0.0718910609,7.34616867,1739.80658
0.288780004,0.148407569,-9.80244756e-05,1.28127594e-05,-0.0717823682,7.39489814,1739.71848
0.288797786,0.14884805,-7.21626954e-05,7.00319501e-06,-0.0716801599,7.44067053,1739.63586
0.288799568,0.0477504251,0.000328045906,0.00356780542,-0.0866898494,2.08497368,1739.02336
0.288803382,0.112164181,-0.000455375406,0.00243749154,-0.0800623026,4.46670683,1741.96933
0.288809815,0.0164047389,0.000642137005,0.000980553038,-0.0891881529,0.547982235,1740.91215
0.288814375,0.149258983,-4.71816655e-05,3.06431188e-06,-0.0715840945,7.48311409,1739.5585
0.288821361,0.0803647536,-0.000153555359,0.00396621147,-0.0840381493,3.02556915,1739.96211
0.288829851,0.14964235,-2.31233276e-05,1.06650191e-06,-0.0714938423,7.52283852,1739.48615
0.288844289,0.15,0,0,-0.0714090541,7.54162684,1739.41854
0.288866439,0.0179419674,0.00065010717,0.00112309545,-0.0890807154,0.669050831,1740.75017
0.288919775,0.115035914,-0.000464959343,0.0022195866,-0.079740386,4.65096731,1742.14712
0.288927134,0.0195897299,0.000652130635,0.0012780674,-0.0889686541,0.792729015,1740.58928
0.288945502,0.0515415566,0.00025716562,0.00371729742,-0.0865076723,2.20689953,1739.10059
0.288992194,0.0213559743,0.000647823988,0.00144509212,-0.0888520746,0.91849758,1740.4315
0.289019067,0.0853696328,-0.000204846081,0.00379302494,-0.0837319806,3.20954467,1740.32744
0.289028361,0.117715008,-0.000471337061,0.00201178121,-0.0794270435,4.83103679,1742.28488
0.289061932,0.0232492201,0.000636910461,0.00162341146,-0.0887311247,1.04577742,1740.27917
0.289101929,0.0556052884,0.000186115173,0.00383385532,-0.0863183064,2.33131128,1739.2214
0.289129662,0.120214384,-0.000474811182,0.00181503386,-0.0791229917,5.00623921,1742.38319
0.289136684,0.0252785992,0.000619239285,0.00181182491,-0.0886059909,1.17394737,1740.13489
0.28920351,0.0900387783,-0.000246109433,0.00359387412,-0.0834289753,3.39584704,1740.68105
0.289216812,0.0274539002,0.000594803698,0.0020086311,-0.0884768916,1.30236607,1740.00156
0.289224168,0.1225461,-0.000475613721,0.00162996051,-0.0788288088,5.17602556,1742.44383
0.289269604,0.0599612217,0.000116166215,0.0039106003,-0.0861195714,2.46069357,1739.3881
0.2893027,0.0297856156,0.000563755825,0.00221157999,-0.0883440651,1.43040851,1739.88227
0.289312334,0.124721401,-0.000473921399,0.00145690719,-0.0785449371,5.33996811,1742.46951
0.289375581,0.0943947116,-0.000279395813,0.00337862537,-0.0831286743,3.58423939,1741.01758
0.289382711,0,0,0,-0.0908661714,-1.01068112,1743.40834
0.289394587,0.12675078,-0.000469871185,0.00129600405,-0.0782716896,5.4977551,1742.46368
0.289394765,0.0322849924,0.000526418721,0.00241783157,-0.0882077506,1.55749959,1739.78032
0.289395212,0.000357650242,2.11551402e-05,1.20232776e-06,-0.0908384303,-0.988725787,1743.35666
0.28940861,0.000741017226,4.35881937e-05,3.44603637e-06,-0.0908087727,-0.942609458,1743.30133
0.289422972,0.00115195011,6.73026262e-05,7.87757656e-06,-0.0907770875,-0.893654105,1743.24216
0.289438368,0.00159243101,9.22898719e-05,1.43975e-05,-0.0907432486,-0.840982235,1743.17892
0.289449335,0.0646303672,4.86808664e-05,0.00394058158,-0.0859083824,2.59843866,1739.60244
0.289454869,0.00206458457,0.000118519671,2.34747138e-05,-0.090707125,-0.785179185,1743.11137
0.289471321,0.128644026,-0.000463573945,0.00114720799,-0.0780092601,5.64917851,1742.43027
0.289472558,0.0025706882,0.000145933346,3.54424506e-05,-0.0906685805,-0.726024367,1743.03929
0.289491518,0.00311318307,0.000174439765,5.07186851e-05,-0.0906274748,-0.663452405,1742.96244
0.28949345,0.0349640862,0.000483291392,0.00262394003,-0.0880681623,1.68318193,1739.69915
0.289511842,0.00369468589,0.000203910702,6.97419412e-05,-0.0905836638,-0.597303567,1742.88062
0.289533627,0.00431800152,0.000234175218,9.29995648e-05,-0.0905370009,-0.527437328,1742.79361
0.289536109,0.0984584434,-0.000306164215,0.00315484815,-0.0828312791,3.7740997,1741.33265
0.289542908,0.13041027,-0.000455127514,0.00101033532,-0.0777577363,5.79412184,1742.37339
0.289556979,0.00498613648,0.000265016525,0.000121020335,-0.0904873376,-0.453708844,1742.70124
0.28958201,0.0057023135,0.000296169381,0.000154378707,-0.0904345255,-0.37598432,1742.60336
0.28959923,0.0378358195,0.000435050395,0.00282584671,-0.0879254525,1.80715706,1739.64221
0.28960884,0.00646998704,0.000327318657,0.00019369174,-0.0903784176,-0.294142687,1742.49987
0.289609693,0.132058033,-0.000444627317,0.000885088232,-0.0775171121,5.93254599,1742.29714
0.2896376,0.00729285993,0.000358100097,0.000239615957,-0.0903188705,-0.208083365,1742.39072
0.28964199,0.0696352464,-1.52731267e-05,0.00391729503,-0.0856805227,2.74896197,1739.8657
0.289668427,0.00817490128,0.000388103061,0.000292841686,-0.0902557473,-0.11773214,1742.27594
0.289671998,0.133595261,-0.000432174981,0.000771076172,-0.0772873012,6.06447635,1742.20544
0.289685868,0.102249575,-0.000327563368,0.0029282745,-0.0825373823,3.9645586,1741.62241
0.289701472,0.00912036556,0.000416875341,0.000354081496,-0.0901889194,-0.0230474781,1742.15563
0.289712617,0.040914044,0.000382539558,0.00301891642,-0.0877796634,1.92937966,1739.61297
0.289730123,0.13502937,-0.000417884379,0.000667834146,-0.0770681497,6.18999058,1742.10192
0.289736892,0.0101338132,0.000443930679,0.000424055334,-0.0901182706,0.0759708802,1742.03003
0.289774859,0.0112201325,0.000468758275,0.000503470138,-0.0900437004,0.179273407,1741.89949
0.289784349,0.136367278,-0.000401885383,0.000574838758,-0.076859448,6.30920826,1741.98984
0.289815557,0.0123845633,0.000490834274,0.000592993564,-0.0899651273,0.286752609,1741.76451
0.289825582,0.105786393,-0.000344453639,0.00270320205,-0.0822477793,4.15464136,1741.88337
0.289834156,0.0442136074,0.000326745414,0.00319797431,-0.087630665,2.0500827,1739.61474
0.289834938,0.137615437,-0.000384325344,0.000491522762,-0.0766609416,6.42228186,1741.87204
0.289848498,0.075,-7.48159792e-05,0.00383480934,-0.0854302923,2.91912427,1740.17848
0.28985918,0.0136327222,0.000509634951,0.000693221693,-0.0898824936,0.39823542,1741.62577
0.289882133,0.138779867,-0.000365368596,0.000417288385,-0.0764723415,6.52938935,1741.75097
0.289905941,0.0149706296,0.000524651209,0.000804640682,-0.0897957691,0.513476744,1741.48413
0.289926163,0.139866187,-0.000345194287,0.000351519547,-0.0762933323,6.63072796,1741.62866
0.289955923,0.109085956,-0.00035752169,0.00248283016,-0.0819633393,4.34333428,1742.11256
0.289956063,0.0164047389,0.000535403992,0.000927582728,-0.0897049553,0.632154842,1741.34068
0.289964435,0.0477504251,0.00026876329,0.00335739949,-0.0874780771,2.16997815,1739.65065
0.289967238,0.140879634,-0.000323992943,0.000293593033,-0.0761235801,6.72650937,1741.5068
0.290005559,0.141825099,-0.000301962143,0.000242888542,-0.0759627392,6.81695547,1741.38675
0.29000979,0.0179419674,0.000541460313,0.00106217697,-0.0896100891,0.753869301,1741.19675
0.290041308,0.14270714,-0.000279301837,0.000198797507,-0.0758104576,6.90229437,1741.26954
0.290055006,0.0803647536,-0.000125890998,0.00369920068,-0.0851695628,3.10061971,1740.51602
0.29006738,0.0195897299,0.000542449474,0.0012082964,-0.0895112455,0.878142523,1741.0539
0.29007466,0.143530013,-0.000256209778,0.000160730106,-0.0756663811,6.98275685,1741.156
0.290077521,0.112164181,-0.000367306205,0.0022695038,-0.0816849205,4.52968717,1742.30766
0.290104082,0.0515415566,0.000209743351,0.00349120493,-0.0873211732,2.29022592,1739.72349
0.290105774,0.144297686,-0.000232876805,0.000128123565,-0.0755301572,7.05857591,1741.0467
0.290129111,0.0213559743,0.000538079266,0.00136550233,-0.0894085399,1.00442583,1740.91397
0.290134801,0.145013864,-0.000209483545,0.00010044064,-0.0754014382,7.12998189,1740.94205
0.290161881,0.145681998,-0.000186196628,7.71768965e-05,-0.0752798826,7.19719824,1740.84232
0.290187145,0.146305314,-0.000163165708,5.78640305e-05,-0.0751651572,7.26044382,1740.74764
0.290190962,0.115035914,-0.000374233393,0.00206491919,-0.0814133156,4.71279963,1742.46725
0.290195281,0.0232492201,0.00052815164,0.00153298797,-0.0893021278,1.13211005,1740.77904
0.290210713,0.146886817,-0.000140522126,4.20665888e-05,-0.075056938,7.31993294,1740.65806
0.290232701,0.147429312,-0.00011837827,2.93838143e-05,-0.0749549108,7.37587093,1740.57353
0.290247661,0.0853696328,-0.000166675463,0.00352951487,-0.084913363,3.28214263,1740.84807
0.290253214,0.147935415,-9.68274338e-05,1.94509039e-05,-0.0748587717,7.42845562,1740.49398
0.29025377,0.0556052884,0.000150905868,0.00359322799,-0.0871587635,2.41268503,1739.83572
0.290266208,0.0252785992,0.00051257761,0.0017095246,-0.0891922024,1.26054459,1740.65147
0.29027235,0.148407569,-7.59436944e-05,1.19210909e-05,-0.0747682272,7.47779857,1740.41924
0.290290203,0.14884805,-5.57845574e-05,6.51839998e-06,-0.0746829948,7.52414027,1740.34917
0.290296793,0.117715008,-0.000378636326,0.00187025678,-0.0811492198,4.89188591,1742.59095
0.290306859,0.149258983,-3.63929236e-05,2.84467459e-06,-0.0746028025,7.56703368,1740.28355
0.290322397,0.14964235,-1.77982964e-05,1.00328315e-06,-0.0745273894,7.60730772,1740.22219
0.290336893,0.15,0,0,-0.0744564738,7.62645166,1740.16485
0.290342236,0.0274539002,0.000491390934,0.00189341068,-0.0890789889,1.38905974,1740.53383
0.290395525,0.120214384,-0.000380773436,0.00168630498,-0.0808932147,5.06627262,1742.67947
0.290414221,0.0599612217,9.33201553e-05,0.00365720437,-0.0869890564,2.53988573,1739.98934
0.29042373,0.0297856156,0.000464758741,0.00208243241,-0.0889627342,1.51700422,1740.42891
0.290427392,0.0900387783,-0.000199138982,0.00333717392,-0.0846603544,3.46619491,1741.16845
0.290487633,0.1225461,-0.000380841109,0.00151354529,-0.0806457628,5.23541255,1742.73453
0.290496585,0,0,0,-0.0912159276,-0.930410476,1743.57537
0.290508356,0.000357650242,1.66852867e-05,1.13271624e-06,-0.0911913604,-0.908483411,1743.52952
0.290511084,0.0322849924,0.000432990634,0.0022738305,-0.0888436909,1.64377995,1740.33968
0.290520973,0.000741017226,3.45456879e-05,3.21064097e-06,-0.0911650998,-0.862590005,1743.48045
0.290534497,0.00115195011,5.35940773e-05,7.3491785e-06,-0.0911370486,-0.813981813,1743.42796
0.290548994,0.00159243101,7.38285588e-05,1.3421637e-05,-0.0911070963,-0.761614286,1743.37186
0.290564533,0.00206458457,9.52259559e-05,2.18793251e-05,-0.0910751278,-0.7061156,1743.31194
0.290573563,0.124721401,-0.000378986356,0.00135222,-0.0804072092,5.39887799,1742.75867
0.29058119,0.0025706882,0.000117735175,3.30279582e-05,-0.0910410241,-0.647234777,1743.248
0.290586209,0.0646303672,3.81056063e-05,0.00367687818,-0.0868094921,2.67523557,1740.18584
0.290595067,0.0943947116,-0.000225026365,0.00313128484,-0.0844100603,3.65253829,1741.47242
0.290599044,0.00311318307,0.000141273309,4.72615163e-05,-0.0910046625,-0.584897295,1743.17983
0.29060472,0.0349640862,0.000396541624,0.00246429339,-0.0887220946,1.76891709,1740.26921
0.290618182,0.00369468589,0.000165721556,6.49931635e-05,-0.0909659175,-0.51893882,1743.10725
0.290638697,0.00431800152,0.000190921139,8.66838384e-05,-0.0909246612,-0.449206824,1743.03006
0.290653729,0.12675078,-0.000375320399,0.00120238327,-0.0801777887,5.55635457,1742.75504
0.290660686,0.00498613648,0.000216670835,0.000112835772,-0.0908807651,-0.375546213,1742.94813
0.290684256,0.0057023135,0.000242725757,0.000143996093,-0.0908341007,-0.297814552,1742.86132
0.290705088,0.0378358195,0.000356011049,0.00264995787,-0.0885981323,1.89209493,1740.22062
0.290709522,0.00646998704,0.000268797236,0.000180752774,-0.0907845415,-0.215884082,1742.76953
0.290728517,0.128644026,-0.000369929506,0.00106394088,-0.0799576349,5.7076285,1742.72717
0.290736604,0.00729285993,0.00029455478,0.000223731202,-0.090731965,-0.12965014,1742.67274
0.290751494,0.0984584434,-0.000245587266,0.00291878866,-0.0841625921,3.84052263,1741.7562
0.290765633,0.00817490128,0.000319630305,0.000273587459,-0.0906762546,-0.03903693,1742.57098
0.290770564,0.0696352464,-1.38455932e-05,0.0036464751,-0.0866165536,2.82313244,1740.42622
0.290796749,0.00912036556,0.000343623693,0.000330995253,-0.0906173025,0.0559951438,1742.46435
0.290798288,0.13041027,-0.000362886422,0.000936679639,-0.0797467915,5.85257467,1742.67875
0.290812673,0.040914044,0.000312132016,0.00282644585,-0.0884719005,2.01324617,1740.19701
0.290830103,0.0101338132,0.000366110578,0.000396630431,-0.0905550123,0.155440099,1742.35306
0.290863379,0.132058033,-0.000354259486,0.000820291074,-0.0795452235,5.9911423,1742.61342
0.290865856,0.0112201325,0.000386651562,0.000471149624,-0.0904893027,0.259238037,1742.23743
0.290897428,0.102249575,-0.000261795405,0.00270486869,-0.0839184086,4.02928173,1742.01648
0.290904179,0.0123845633,0.000404802717,0.00055516377,-0.0904201104,0.367266895,1742.11791
0.290924104,0.133595261,-0.000344120367,0.000714389604,-0.0793528295,6.12334268,1742.53464
0.290927994,0.0442136074,0.000265749952,0.00298891147,-0.0883433522,2.1326173,1740.20135
0.290945258,0.0136327222,0.000420127084,0.000649206257,-0.0903473946,0.479335071,1741.99512
0.290968175,0.075,-6.18287182e-05,0.00356089167,-0.0864054693,2.99044043,1740.71086
0.290980755,0.13502937,-0.000332549663,0.000618527936,-0.079169452,6.24923716,1742.4456
0.29098929,0.0149706296,0.000432206832,0.000753695926,-0.0902711399,0.595175389,1741.86984
0.291033572,0.105786393,-0.000274380618,0.00249337492,-0.0836781475,4.21782867,1742.25034
0.291033606,0.136367278,-0.000319640771,0.000532210142,-0.0789948884,6.36892747,1742.34915
0.291036489,0.0164047389,0.000440655752,0.000868895415,-0.0901913611,0.714441174,1741.74304
0.291051607,0.0477504251,0.00021779451,0.0031321365,-0.0882122294,2.25093963,1740.23644
0.291082911,0.137615437,-0.000305501831,0.00045490349,-0.0788289002,6.48254749,1742.24779
0.291087081,0.0179419674,0.000445131955,0.0009948655,-0.0901081057,0.836704788,1741.61592
0.291128909,0.138779867,-0.000290256022,0.000386049259,-0.0786712215,6.59025653,1742.14363
0.291141311,0.0195897299,0.000445350447,0.0011314166,-0.0900214574,0.961460035,1741.48987
0.291160583,0.109085956,-0.000283923906,0.00228713055,-0.083442512,4.40514145,1742.4553
0.291165786,0.0803647536,-0.000102641287,0.00342671975,-0.0861862336,3.16914265,1741.01709
0.291171821,0.139866187,-0.000274040405,0.000325072863,-0.078521567,6.69223384,1742.03845
0.291184108,0.0515415566,0.00016923277,0.00325061703,-0.088077981,2.36937412,1740.30476
0.291199441,0.0213559743,0.000441095575,0.00127805871,-0.0899315379,1.08812919,1741.36653
0.291211855,0.140879634,-0.000257003617,0.000271393313,-0.078379638,6.78867424,1741.9337
0.291249204,0.141825099,-0.000239302733,0.000224431957,-0.0782451285,6.87978413,1741.83054
0.291261751,0.0232492201,0.000432232772,0.00143395126,-0.0898385068,1.21607416,1741.24778
0.291279075,0.112164181,-0.00029087833,0.0020881713,-0.0832121957,4.59026542,1742.62951
0.291284047,0.14270714,-0.000221099649,0.000183620354,-0.0781177296,6.96577826,1741.72988
0.291316552,0.143530013,-0.000202557217,0.00014840699,-0.0779971337,7.04687671,1741.6324
0.291326138,0.0556052884,0.00012108046,0.0033387295,-0.0879396639,2.48976845,1740.40847
0.29132854,0.0252785992,0.00041871992,0.00159785663,-0.0897425603,1.34461689,1741.13569
0.291346877,0.144297686,-0.000183835269,0.000118263097,-0.0778830372,7.12330326,1741.5386
0.291350141,0.0853696328,-0.000134934352,0.00326235725,-0.0859713717,3.34817181,1741.31748
0.291375168,0.145013864,-0.00016508571,9.26867849e-05,-0.0777751433,7.19528246,1741.44882
0.291389618,0.115035914,-0.000295604709,0.00189793884,-0.082987836,4.77230387,1742.77192
0.291400133,0.0274539002,0.000400617351,0.0017680961,-0.0896439262,1.4730614,1741.0326
0.291401561,0.145681998,-0.000146450525,7.12065438e-05,-0.0776731632,7.26303569,1741.36329
0.291426184,0.146305314,-0.000128059729,5.33826206e-05,-0.0775768176,7.32678065,1741.2821
0.291449154,0.146886817,-0.000110027976,3.88080981e-05,-0.0774858373,7.38673154,1741.2053
0.291470585,0.147429312,-9.24533997e-05,2.71089355e-05,-0.0773999633,7.44309781,1741.13285
0.291476873,0.0297856156,0.000378095208,0.00194251841,-0.089542855,1.60073462,1740.94098
0.291478379,0.0599612217,7.42261417e-05,0.00339082466,-0.0877958255,2.61469768,1740.54931
0.291490577,0.147935415,-7.54169244e-05,1.79480634e-05,-0.0773189471,7.49609084,1741.06466
0.291492745,0.117715008,-0.000298383773,0.00171740529,-0.0827699862,4.95046919,1742.88239
0.291509228,0.148407569,-5.89825454e-05,1.10022305e-05,-0.07724255,7.54580202,1741.00061
0.291522129,0.0900387783,-0.00016038842,0.00307838908,-0.0857596432,3.52995264,1741.60649
0.291526628,0.14884805,-4.31984765e-05,6.02163501e-06,-0.0771705436,7.59249838,1740.94055
0.291542861,0.149258983,-2.80978122e-05,2.62199123e-06,-0.0771027083,7.63568844,1740.88431
0.291550569,0,0,0,-0.0915468786,-0.851086253,1743.7334
0.291558005,0.14964235,-1.37011758e-05,9.39881977e-07,-0.0770388338,7.67639475,1740.83171
0.291559131,0.0322849924,0.000351440792,0.0021184751,-0.089439607,1.72702309,1740.86348
0.29156146,0.000357650242,1.27815101e-05,1.05219088e-06,-0.0915252372,-0.829232705,1743.693
0.291572133,0.15,0,0,-0.0769786862,7.6958366,1740.78254
0.291573134,0.000741017226,2.66528621e-05,2.93786844e-06,-0.0915021069,-0.783670666,1743.64975
0.291585647,0.00115195011,4.16333837e-05,6.73745651e-06,-0.0914774028,-0.735529512,1743.60349
0.291588955,0.120214384,-0.000299433925,0.00154718981,-0.0825591025,5.12409268,1742.96171
0.29159906,0.00159243101,5.77244383e-05,1.22965551e-05,-0.0914510283,-0.683576939,1743.55404
0.291613438,0.00206458457,7.49059892e-05,2.00492949e-05,-0.091422883,-0.62848782,1743.50122
0.29162885,0.0025706882,9.31307084e-05,3.02731039e-05,-0.091392863,-0.569980101,1743.44485
0.291641567,0.0646303672,2.95784489e-05,0.0034013288,-0.0876443665,2.74758804,1740.72854
0.291645369,0.00311318307,0.00011232055,4.33377362e-05,-0.0913608613,-0.507972049,1743.38475
0.291647304,0.0349640862,0.000321059764,0.00229281898,-0.0893344322,1.85143636,1740.80284
0.291663077,0.00369468589,0.000132362752,5.96318467e-05,-0.0913267687,-0.442285367,1743.32074
0.29167871,0.1225461,-0.000298920063,0.00138764078,-0.0823555396,5.29262842,1743.01156
0.291682057,0.00431800152,0.000153107709,7.95908247e-05,-0.0912904743,-0.372756339,1743.25269
0.29168258,0.0943947116,-0.000180463549,0.00288316144,-0.0855505701,3.71423801,1741.88
0.291702403,0.00498613648,0.000174367658,0.000103691445,-0.0912518667,-0.299221456,1743.18044
0.291724211,0.0057023135,0.00019591651,0.00013245328,-0.091210835,-0.221530375,1743.10389
0.291741817,0.0378358195,0.000287471487,0.00246190975,-0.0892275434,1.97363702,1740.76186
0.291747588,0.00646998704,0.000217491365,0.000166434973,-0.0911672705,-0.139550652,1743.02297
0.291762445,0.124721401,-0.000296963775,0.00123889703,-0.082159553,5.45564689,1743.03427
0.291772646,0.00729285993,0.000238795619,0.000206230143,-0.0911210682,-0.0531757822,1742.93764
0.291799505,0.00817490128,0.000259503673,0.000252458174,-0.091072129,0.0376686889,1742.84793
0.29181649,0.0696352464,-1.21333692e-05,0.00336517243,-0.0874823847,2.89283042,1740.94692
0.291828296,0.00912036556,0.000279267244,0.000305751284,-0.0910203623,0.133016635,1742.75394
0.291832268,0.0984584434,-0.000196216138,0.00268299121,-0.085344198,3.90036046,1742.1347
0.291840563,0.12675078,-0.000293655133,0.00110093656,-0.0819713055,5.61283272,1743.03273
0.291843126,0.040914044,0.000251300161,0.00262165648,-0.0891190806,2.09356337,1740.74328
0.291859156,0.0101338132,0.000297722811,0.000366737844,-0.0909656878,0.232852153,1742.65587
0.291892236,0.0112201325,0.00031449997,0.000436020782,-0.0909080395,0.337101229,1742.554
0.291913441,0.128644026,-0.000289060984,0.00097361341,-0.0817908756,5.76396757,1743.01008
0.291927695,0.0123845633,0.000329230467,0.000514151497,-0.0908473682,0.445623795,1742.44875
0.291951719,0.0442136074,0.000213259078,0.00276756738,-0.0890090653,2.21146753,1740.74976
0.291965703,0.0136327222,0.000341557716,0.000601599228,-0.0907836451,0.558206697,1742.34064
0.291971915,0.102249575,-0.000208461924,0.0024825371,-0.0851408803,4.08743146,1742.36777
0.291981429,0.13041027,-0.000283235056,0.00085668393,-0.0816182671,5.90891923,1742.9696
0.29200399,0.075,-5.0349911e-05,0.00327800854,-0.0873059261,3.05728521,1741.20463
0.292006444,0.0149706296,0.000351146488,0.000698716219,-0.0907168652,0.674558277,1742.2304
0.292044857,0.132058033,-0.00027622529,0.000749827998,-0.0814534197,6.04762711,1742.91449
0.292050114,0.0164047389,0.000357692537,0.000805699209,-0.090647051,0.794305468,1742.11888
0.292068121,0.0477504251,0.000174130653,0.00289484862,-0.088897343,2.32807832,1740.78377
0.292096925,0.0179419674,0.000360932236,0.000922547784,-0.0905742555,0.916992663,1742.00713
0.292102194,0.105786393,-0.000217812408,0.00228522363,-0.0849411283,4.27445472,1742.57674
0.292104031,0.133595261,-0.000268080573,0.000652664141,-0.081296219,6.18009055,1742.84779
0.292147101,0.0195897299,0.000360651997,0.00104902111,-0.0904985649,1.04208518,1741.89642
0.292159234,0.13502937,-0.000258855665,0.000564762286,-0.0811465056,6.30635644,1742.77229
0.29219149,0.0803647536,-8.2571337e-05,0.00314679775,-0.0871233258,3.23320571,1741.48103
0.292192893,0.0515415566,0.000134712727,0.0029984883,-0.0887835142,2.44457792,1740.84751
0.292200886,0.0213559743,0.00035669773,0.00118459334,-0.0904201005,1.16897738,1741.78818
0.292210735,0.136367278,-0.000248614965,0.00048565416,-0.0810040847,6.42651043,1742.69045
0.292223733,0.109085956,-0.000224752845,0.00209352732,-0.0847455114,4.4604057,1742.75956
0.292258537,0.0232492201,0.000348982978,0.00132840985,-0.0903390193,1.29700413,1741.68408
0.292258781,0.137615437,-0.000237434563,0.000414842509,-0.0808687334,6.54066918,1742.60443
0.292303604,0.138779867,-0.000225403076,0.000351809457,-0.0807402086,6.64897414,1742.51605
0.292320335,0.0252785992,0.000337497695,0.00147924786,-0.0902555124,1.42546182,1741.58599
0.292326636,0.0556052884,9.58329746e-05,0.00307340481,-0.0886668503,2.56282422,1740.94287
0.29233712,0.112164181,-0.00022965961,0.00190920272,-0.0845545911,4.64431443,1742.91476
0.29234542,0.139866187,-0.000212621286,0.000296024445,-0.0806182531,6.75158664,1742.42683
0.292366413,0.0853696328,-0.00010782432,0.00298913973,-0.0869449084,3.4097858,1741.75137
0.292384431,0.140879634,-0.000199200866,0.000246951773,-0.0805026011,6.84868393,1742.33802
0.292386575,0.0274539002,0.000322315609,0.00163547825,-0.0901698012,1.55363129,1741.49593
0.292420825,0.141825099,-0.00018526235,0.000204057774,-0.0803929829,6.94045594,1742.2506
0.2924429,0.115035914,-0.000232833795,0.00173346292,-0.0843688799,4.82528643,1743.04156
0.292454778,0.14270714,-0.000170932513,0.000166817459,-0.0802891292,7.02710246,1742.16534
0.292457579,0.0297856156,0.000303599025,0.00179504232,-0.0900821303,1.68082548,1741.41614
0.292469996,0.0599612217,5.82215055e-05,0.00311455805,-0.0885461968,2.68541978,1741.07133
0.292486453,0.143530013,-0.000156341337,0.000134720504,-0.080190774,7.10883086,1742.08281
0.292516004,0.144297686,-0.000141618758,0.000107276506,-0.0800976575,7.18585413,1742.00343
0.292529601,0.0900387783,-0.000127524243,0.00281475297,-0.0867695301,3.58937691,1742.01075
0.292533688,0.0322849924,0.00028160451,0.00195543376,-0.0899927557,1.80641241,1741.34896
0.292541585,0.117715008,-0.000234510079,0.00156709724,-0.0841888185,5.00252724,1743.13998
0.292543572,0.145013864,-0.000126891326,8.40193584e-05,-0.0800095279,7.25838846,1741.92749
0.292547883,0,0,0,-0.0918600353,-0.773208491,1743.88293
0.292557925,0.000357650242,9.43555495e-06,9.62989161e-07,-0.0918411415,-0.751463812,1743.84763
0.292568688,0.000741017226,1.98882363e-05,2.63169633e-06,-0.0918209506,-0.70632545,1743.80983
0.292569291,0.145681998,-0.000112279248,6.45105974e-05,-0.079926143,7.3266509,1741.85516
0.292580226,0.00115195011,3.13794349e-05,6.04955881e-06,-0.0917993896,-0.658743354,1743.76939
0.292592593,0.00159243101,4.39094724e-05,1.1036187e-05,-0.0917763748,-0.60728617,1743.72616
0.292593284,0.146305314,-9.78935379e-05,4.83416083e-05,-0.079847271,7.39085697,1741.78654
0.29260585,0.00206458457,5.74577229e-05,1.80083105e-05,-0.0917518194,-0.552677151,1743.67998
0.29261527,0.0349640862,0.000256682483,0.00211369898,-0.0899019283,1.92988065,1741.29681
0.292615668,0.146886817,-8.38337482e-05,3.51347077e-05,-0.0797726908,7.45122014,1741.72163
0.292620059,0.0025706882,7.19762972e-05,2.72154682e-05,-0.0917256339,-0.494596517,1743.6307
0.292623664,0.0646303672,2.26054197e-05,0.00311703544,-0.0884198595,2.81581334,1741.23392
0.292633649,0.120214384,-0.000234870571,0.00141057858,-0.084014764,5.17537244,1743.21088
0.292635291,0.00311318307,8.73883112e-05,3.90045896e-05,-0.091697726,-0.432961,1743.57815
0.292636551,0.147429312,-7.01861595e-05,2.45431519e-05,-0.0797021922,7.50794534,1741.6604
0.292651617,0.00369468589,0.000103584534,5.37397893e-05,-0.0916680018,-0.367575637,1743.52218
0.292656032,0.147935415,-5.70235686e-05,1.62556113e-05,-0.0796355755,7.56124783,1741.60278
0.292669118,0.00431800152,0.000120422578,7.18319648e-05,-0.0916363664,-0.298265909,1743.46267
0.292674207,0.148407569,-4.44044499e-05,9.97001981e-06,-0.0795726507,7.61123357,1741.54866
0.292681843,0.0943947116,-0.000142879339,0.00263122393,-0.0865967192,3.77167743,1742.25558
0.292687877,0.00498613648,0.000137727033,9.37324631e-05,-0.0916027244,-0.224859775,1743.3995
0.292691163,0.14884805,-3.23708978e-05,5.46794656e-06,-0.0795132371,7.65820442,1741.4979
0.292702718,0.0378358195,0.000229272236,0.00226644926,-0.0898098705,2.05089771,1741.26218
0.292706981,0.149258983,-2.09506834e-05,2.38050403e-06,-0.0794571625,7.70158033,1741.45037
0.292707985,0.0057023135,0.000155290269,0.000119932674,-0.0915669814,-0.147201034,1743.33257
0.292719538,0.1225461,-0.000234051257,0.00126414254,-0.0838469873,5.34327724,1743.25582
0.292721738,0.14964235,-1.01632576e-05,8.75707289e-07,-0.079404262,7.74262221,1741.40591
0.292729538,0.00646998704,0.00017287518,0.00015096033,-0.0915290454,-0.0651549992,1743.26182
0.292735505,0.15,0,0,-0.0793543463,7.76233756,1741.36433
0.292752642,0.00729285993,0.000190219518,0.000187374427,-0.0914888279,0.0213840886,1743.18722
0.292777407,0.00817490128,0.000207040553,0.000229753826,-0.0914462462,0.112486081,1743.10881
0.292788382,0.0696352464,-1.04315132e-05,0.00307644126,-0.08828548,2.9583956,1741.43122
0.292796454,0.040914044,0.00019989481,0.00240990834,-0.089716746,2.16940803,1741.2475
0.292799666,0.124721401,-0.000232152086,0.00112784201,-0.0836856752,5.50580706,1743.27697
0.292803952,0.00912036556,0.000223041433,0.000278684533,-0.0914012255,0.20817541,1743.02669
0.292823872,0.0984584434,-0.000154767344,0.00244424525,-0.0864264676,3.95600181,1742.48301
0.292832406,0.0101338132,0.000237917921,0.000334742244,-0.091353701,0.30842255,1742.94102
0.292862907,0.0112201325,0.000251365438,0.000398471104,-0.0913036207,0.413135951,1742.85206
0.292874418,0.12675078,-0.000229245739,0.0010015934,-0.0835309363,5.66264598,1743.27692
0.2928956,0.0123845633,0.000263086326,0.000470358703,-0.0912509484,0.522154811,1742.76018
0.29289693,0.0442136074,0.000169139906,0.00253995826,-0.0896226203,2.28566443,1741.25512
0.292930644,0.0136327222,0.000272797301,0.000550807349,-0.0911956666,0.635242133,1742.66587
0.292944156,0.128644026,-0.00022538401,0.000885210351,-0.0833828088,5.81357013,1743.2585
0.292956373,0.102249575,-0.000163864155,0.00225796783,-0.0862590387,4.14145019,1742.69066
0.292964944,0.075,-4.045021e-05,0.00298912121,-0.0881398281,3.12001913,1741.66323
0.292968208,0.0149706296,0.000280236811,0.000640102163,-0.09113778,0.752080097,1742.56974
0.29300463,0.0477504251,0.000137650938,0.00265224083,-0.0895274124,2.40039632,1741.28723
0.293008473,0.0164047389,0.000285172217,0.000738376167,-0.0910773182,0.872268875,1742.47256
0.293009216,0.13041027,-0.000220606747,0.000778427415,-0.0832412694,5.95844117,1743.22458
0.293051633,0.0179419674,0.000287406567,0.000845572871,-0.0910143389,0.995325156,1742.37527
0.293069911,0.132058033,-0.000214947283,0.000680919221,-0.0831062417,6.09719017,1743.17801
0.293079986,0.105786393,-0.00017067442,0.00207540634,-0.086094835,4.32701046,1742.87646
0.293097897,0.0195897299,0.000286785333,0.000961408928,-0.0909489305,1.12068682,1742.27896
0.293120075,0.0515415566,0.000106075003,0.00274223562,-0.0894308353,2.51480747,1741.34575
0.293126535,0.133595261,-0.000208438396,0.000592312568,-0.0829776053,6.22980644,1743.12143
0.293141506,0.0803647536,-6.55292395e-05,0.00286226143,-0.087989764,3.29320567,1741.91127
0.293147487,0.0213559743,0.000283203827,0.00108533453,-0.090881214,1.24772043,1742.18493
0.29317936,0.13502937,-0.000201116661,0.000512197152,-0.0828552041,6.35632426,1743.05727
0.293195307,0.109085956,-0.00017559791,0.00189870827,-0.0859343098,4.51165425,1743.03873
0.293200643,0.0232492201,0.000276612085,0.00121649571,-0.0908113433,1.37573697,1742.09463
0.293228642,0.136367278,-0.000193025733,0.000440133898,-0.0827388534,6.47681526,1742.98768
0.293243821,0.0556052884,7.50769695e-05,0.00280539412,-0.0893323262,2.63077765,1741.43233
0.293257621,0.0252785992,0.000267022167,0.0013537023,-0.0907395044,1.50401056,1742.00971
0.293274618,0.137615437,-0.000184218267,0.000375661908,-0.0826283473,6.59138093,1742.91452
0.293302892,0.112164181,-0.000178944234,0.00172936563,-0.0857779103,4.69440024,1743.17633
0.293306224,0.0853696328,-8.49840659e-05,0.00271253121,-0.0878436661,3.46737832,1742.15314
0.29331751,0.138779867,-0.000174757046,0.000318304685,-0.0825234645,6.70014676,1742.83936
0.293318696,0.0274539002,0.000254513279,0.001495395,-0.0906659124,1.63180366,1741.93196
0.293357525,0.139866187,-0.000164715121,0.000267576183,-0.0824239734,6.80325759,1742.76352
0.293376465,0.0599612217,4.52450257e-05,0.00283725919,-0.0892309648,2.75093343,1741.54824
0.293384162,0.0297856156,0.000239234659,0.001639629,-0.0905908055,1.75841317,1741.86334
0.293394855,0.140879634,-0.000154175255,0.00022298654,-0.0823296373,6.90087436,1742.68804
0.293403261,0.115035914,-0.000180960684,0.00156837996,-0.0856260415,4.87434922,1743.2887
0.293429681,0.141825099,-0.000143228715,0.000184047748,-0.082240218,6.99317134,1742.61378
0.293454337,0.0322849924,0.000221409332,0.00178406045,-0.0905144352,1.88318858,1741.8059
0.293459892,0.0900387783,-9.99867129e-05,0.00254876621,-0.0877004857,3.64481482,1742.38455
0.293462171,0.14270714,-0.00013197354,0.000150279051,-0.0821554791,7.08033392,1742.54139
0.293491575,0,0,0,-0.0921563546,-0.697223626,1744.02441
0.293492482,0.143530013,-0.000120512395,0.00012121206,-0.082075189,7.16255677,1742.47134
0.293496896,0.117715008,-0.000181841221,0.00141637413,-0.0854790471,5.05070431,1743.376
0.293500614,0.000357650242,6.63673364e-06,8.69693855e-07,-0.0921399833,-0.675653178,1743.99384
0.293510302,0.000741017226,1.42272908e-05,2.29779226e-06,-0.0921224897,-0.631053934,1743.96111
0.293518646,0.0646303672,1.71520319e-05,0.00283353544,-0.0891253808,2.87874766,1741.69433
0.293520688,0.00115195011,2.27885815e-05,5.29476256e-06,-0.0921038112,-0.584119437,1743.92609
0.293520759,0.144297686,-0.000108950132,9.63954453e-05,-0.081999123,7.24004191,1742.404
0.293529557,0.0349640862,0.000201332522,0.00192595064,-0.0904370522,2.00561629,1741.76181
0.29353182,0.00159243101,3.23158066e-05,9.65988006e-06,-0.0920838756,-0.533231951,1743.88864
0.293543752,0.00206458457,4.27853597e-05,1.57915003e-05,-0.0920626085,-0.479172591,1743.84862
0.29354714,0.145013864,-9.7391175e-05,7.53990147e-05,-0.081927065,7.31299669,1742.3396
0.293556543,0.0025706882,5.41463011e-05,2.3911606e-05,-0.0920399325,-0.421576274,1743.80591
0.293570253,0.00311318307,6.63205813e-05,3.43467452e-05,-0.0920157688,-0.360353573,1743.76036
0.293571751,0.145681998,-8.59369242e-05,5.78171324e-05,-0.0818588091,7.3816322,1742.27827
0.29358425,0.120214384,-0.000181734538,0.00127369041,-0.0853371998,5.22279878,1743.4391
0.293584949,0.00369468589,7.92012615e-05,4.74374682e-05,-0.0919900367,-0.295293666,1743.71184
0.293594711,0.146305314,-7.46831841e-05,4.32710312e-05,-0.0817941601,7.44616054,1742.2201
0.293600701,0.00431800152,9.26530648e-05,6.35717017e-05,-0.091962655,-0.226214256,1743.66025
0.293603252,0.0943947116,-0.000111530821,0.00237780066,-0.0875597626,3.82518092,1742.60239
0.293610185,0.0378358195,0.000179369439,0.00206218344,-0.0903588873,2.12536597,1741.73321
0.29361613,0.146886817,-6.37176387e-05,3.14110267e-05,-0.0817329341,7.50679488,1742.16508
0.293617587,0.00498613648,0.000106513298,8.31747471e-05,-0.0919335422,-0.152936229,1743.60548
0.293635686,0.0057023135,0.000120594132,0.000106709203,-0.0919026181,-0.0753008862,1743.54744
0.293636113,0.147429312,-5.3117825e-05,2.19158142e-05,-0.0816749585,7.56373933,1742.11318
0.293654755,0.147935415,-4.29501539e-05,1.44985886e-05,-0.0816200718,7.61721782,1742.06435
0.293655087,0.00646998704,0.000134686087,0.000134670534,-0.0918698044,0.0068253703,1743.48609
0.293665744,0.1225461,-0.000180751602,0.0011404636,-0.0852006993,5.39008396,1743.47947
0.293671051,0.0696352464,-8.74424501e-06,0.00279044092,-0.0890136518,3.01861427,1741.87102
0.293672147,0.148407569,-3.32682965e-05,8.87980852e-06,-0.081568123,7.66734494,1742.01847
0.293675883,0.00729285993,0.000148562306,0.000167579505,-0.0918350266,0.0935437565,1743.42141
0.293688372,0.14884805,-2.41131156e-05,4.87039013e-06,-0.0815189707,7.71444718,1741.97543
0.293696611,0.040914044,0.000155947717,0.00218931318,-0.0902801248,2.24238131,1741.72227
0.293698174,0.00817490128,0.00016198358,0.000205971119,-0.0917982152,0.184915057,1743.35343
0.293703509,0.149258983,-1.5510095e-05,2.1140323e-06,-0.0814724826,7.75782783,1741.93512
0.29371763,0.14964235,-7.47615746e-06,8.00184326e-07,-0.0814285348,7.79896475,1741.8974
0.293722068,0.00912036556,0.000174703821,0.000250381189,-0.091759308,0.280950162,1743.28224
0.293730804,0.15,0,0,-0.0813869803,7.81882059,1741.86212
0.293736995,0.0984584434,-0.000120334398,0.0022047104,-0.0874214451,4.00776217,1742.80427
0.293741772,0.124721401,-0.000178974531,0.00101667181,-0.085069675,5.55212673,1743.4991
0.293747681,0.0101338132,0.000186475731,0.000301329158,-0.091718252,0.381601733,1743.20799
0.293775134,0.0112201325,0.000197056176,0.000359297921,-0.0916750055,0.486757248,1743.1309
0.293789252,0.0442136074,0.000131545758,0.00230360877,-0.0902008704,2.35692286,1741.73103
0.293804562,0.0123845633,0.000206211763,0.00042471057,-0.0916295413,0.596233044,1743.0513
0.2938127,0.12675078,-0.000176460688,0.000902179321,-0.0849441908,5.70860905,1743.50029
0.293834415,0.075,-3.2103216e-05,0.00270492365,-0.088893131,3.17737691,1742.0782
0.293836106,0.0136327222,0.000213724063,0.000497904115,-0.0915818489,0.709766614,1742.96961
0.293861767,0.102249575,-0.000126947728,0.00203315627,-0.0872857198,4.19164262,1742.98815
0.293869918,0.0149706296,0.000219394755,0.000579101605,-0.0915319375,0.827013231,1742.88638
0.293878869,0.128644026,-0.000173249991,0.000796766018,-0.0848242529,5.85930094,1743.48556
0.293888554,0.0477504251,0.00010668322,0.00240115472,-0.0901211099,2.46973439,1741.7614
0.293906162,0.0164047389,0.000223051206,0.000668380806,-0.0914798391,0.947544914,1742.80228
0.2939406,0.13041027,-0.000169372164,0.000700149717,-0.0847098166,6.00406103,1743.45744
0.293945011,0.0179419674,0.000224550313,0.000765640715,-0.0914256107,1.07085072,1742.71813
0.293978169,0.105786393,-0.000131781412,0.00186576156,-0.0871528945,4.37579388,1743.15236
0.293986654,0.0195897299,0.000223783509,0.000870571268,-0.091369337,1.19634489,1742.63488
0.293994996,0.0515415566,8.18714335e-05,0.00247792179,-0.0900406602,2.58203567,1741.81505
0.293997778,0.0803647536,-5.1458754e-05,0.00258418122,-0.0887694781,3.34783069,1742.29913
0.29399819,0.132058033,-0.000164850303,0.000612003515,-0.0846007946,6.14281178,1743.41842
0.294031291,0.0213559743,0.000220682932,0.000982617875,-0.0913111318,1.32336561,1742.55365
0.294051917,0.133595261,-0.000159705645,0.000531964324,-0.0844970644,6.27553349,1743.37081
0.294079138,0.0232492201,0.00021522381,0.00110094899,-0.0912511388,1.45120533,1742.47573
0.294086762,0.109085956,-0.00013515954,0.00170436337,-0.0870233217,4.55917773,1743.29555
0.29410204,0.13502937,-0.000153961864,0.00045964232,-0.0843984749,6.4022504,1743.31671
0.294109092,0.0556052884,5.76352544e-05,0.00252989084,-0.089959111,2.69572295,1741.89338
0.294130425,0.0252785992,0.000207429221,0.00122443193,-0.0911895314,1.57912062,1742.40254
0.2941488,0.136367278,-0.00014764777,0.000394627966,-0.0843048537,6.52302209,1743.25797
0.294150183,0.0853696328,-6.63389429e-05,0.00244379895,-0.0886495129,3.5196136,1742.51402
0.2941854,0.0274539002,0.000197374885,0.00135160369,-0.0911265092,1.70635278,1742.33567
0.294188071,0.112164181,-0.000137333329,0.00155020936,-0.0868973489,4.74080361,1743.41683
0.294192424,0.137615437,-0.000140798623,0.000336496635,-0.0842160116,6.63793713,1743.1962
0.294231392,0.0599612217,3.44434585e-05,0.00255317315,-0.0898757594,2.81345533,1741.99746
0.294233121,0.138779867,-0.000133457572,0.000284812986,-0.0841317487,6.74710693,1743.13275
0.294244328,0.0297856156,0.000185191027,0.00148065923,-0.0910622939,1.83218445,1742.2768
0.294271088,0.139866187,-0.000125676016,0.000239135498,-0.0840518582,6.8506614,1743.06874
0.294282584,0.115035914,-0.000138503136,0.00140410693,-0.0867752879,4.91976488,1743.51586
0.294292365,0.0900387783,-7.76961541e-05,0.00229173565,-0.0885322853,3.69491701,1742.71915
0.294306509,0.140879634,-0.000117513508,0.000199020498,-0.0839761303,6.94874642,1743.00506
0.294307494,0.0322849924,0.000171063399,0.00160944282,-0.0909971209,1.95595882,1742.22773
0.294339553,0.141825099,-0.000109037157,0.000164026407,-0.0839043555,7.04152134,1742.94244
0.294362485,0.0646303672,1.27370007e-05,0.00254406823,-0.0897895346,2.93872778,1742.12798
0.29437038,0.14270714,-0.000100320589,0.000133717876,-0.0838363273,7.12915716,1742.88142
0.294370757,0.117715008,-0.000138826094,0.00126652854,-0.0866573987,5.09526567,1743.59289
0.294375201,0.0349640862,0.000155233027,0.00173545594,-0.0909312273,2.07716396,1742.19035
0.294384528,0,0,0,-0.0924367417,-0.623525408,1744.15828
0.294392581,0.000357650242,4.36400384e-06,7.8405792e-07,-0.092422733,-0.602291113,1744.13214
0.29439914,0.143530013,-9.14426356e-05,0.000107669863,-0.0837718443,7.21183515,1742.8224
0.294401213,0.000741017226,9.62111624e-06,1.93885738e-06,-0.0924077656,-0.558367786,1744.10414
0.294410466,0.00115195011,1.57764424e-05,4.47911324e-06,-0.0923917865,-0.512070851,1744.07417
0.294420384,0.00159243101,2.2819931e-05,8.18847746e-06,-0.0923747344,-0.461788474,1744.04211
0.294425009,0.0943947116,-8.63314687e-05,0.00213409755,-0.0884173588,3.87337435,1742.91183
0.294425971,0.144297686,-8.24856909e-05,8.547158e-05,-0.0837107123,7.28974541,1742.76569
0.294431015,0.00206458457,3.07195657e-05,1.34359652e-05,-0.0923565459,-0.408286794,1744.00786
0.294442411,0.0025706882,3.94197803e-05,2.04213556e-05,-0.0923371558,-0.351176722,1743.97129
0.294447776,0.0378358195,0.00013799459,0.00185587566,-0.0908648355,2.19546551,1742.16654
0.294451001,0.145013864,-7.35338702e-05,6.67300671e-05,-0.0836527457,7.36308532,1742.71146
0.294453015,0.120214384,-0.000138421694,0.00113770084,-0.0865438814,5.26663275,1743.64877
0.294454626,0.00311318307,4.88405614e-05,2.94505565e-05,-0.0923164969,-0.290350323,1743.93228
0.29446772,0.00369468589,5.88775136e-05,4.08423124e-05,-0.0922945014,-0.225584064,1743.89073
0.294474353,0.145681998,-6.46709737e-05,5.1073489e-05,-0.0835977688,7.43205825,1742.65985
0.294481755,0.00431800152,6.94035119e-05,5.4961239e-05,-0.0922711007,-0.156689371,1743.84654
0.294496138,0.146305314,-5.59783481e-05,3.81534358e-05,-0.0835456163,7.49687072,1742.61089
0.294496799,0.00498613648,8.02702482e-05,7.22050566e-05,-0.0922462262,-0.0834831257,1743.79961
0.294503006,0.0696352464,-7.13405628e-06,0.00249937922,-0.0896989191,3.07593905,1742.2852
0.294512925,0.0057023135,9.1311417e-05,9.30051287e-05,-0.0922198107,-0.00580782318,1743.7499
0.294516462,0.146886817,-4.75327474e-05,2.76478495e-05,-0.0834961344,7.55773382,1742.5646
0.29452557,0.040914044,0.000119689041,0.00196760133,-0.0907981314,2.31081359,1742.15816
0.294529755,0.1225461,-0.000137379872,0.00101767017,-0.0864348752,5.43331206,1743.68489
0.29453021,0.00646998704,0.000102346815,0.000117820705,-0.0921917888,0.0764653794,1743.69735
0.294535422,0.147429312,-3.94042713e-05,1.92592521e-05,-0.0834491806,7.61484983,1742.52094
0.294548739,0.00729285993,0.000113186108,0.000147129515,-0.0921620988,0.1634289,1743.64195
0.294548755,0.0984584434,-9.2824113e-05,0.00197537541,-0.0883046546,4.05424318,1743.09001
0.294553111,0.147935415,-3.16542237e-05,1.2724859e-05,-0.0834046235,7.66844462,1742.47984
0.294568599,0.00817490128,0.000123633537,0.000181417283,-0.0921306832,0.255130524,1743.58373
0.294569613,0.148407569,-2.43338145e-05,7.78460975e-06,-0.0833623426,7.71862165,1742.44123
0.294585008,0.14884805,-1.74846007e-05,4.27529612e-06,-0.0833222273,7.76577767,1742.405
0.294589888,0.00912036556,0.000133492111,0.00022116412,-0.0920974915,0.351564111,1743.52276
0.29459937,0.149258983,-1.11343754e-05,1.85710588e-06,-0.0832841757,7.80913438,1742.37105
0.294601348,0.124721401,-0.000135766417,0.000906350813,-0.086330461,5.5948736,1743.70303
0.294608958,0.0442136074,0.000100694049,0.00206729759,-0.0907312367,2.42348119,1742.16701
0.294612708,0.0101338132,0.000142567757,0.000266828414,-0.0920624812,0.452660805,1743.45919
0.294612769,0.14964235,-5.3055775e-06,7.37911835e-07,-0.083248093,7.85032501,1742.33927
0.294625269,0.15,0,0,-0.0832138604,7.87029031,1742.30952
0.294637168,0.0112201325,0.000150673262,0.000318828699,-0.09202562,0.558285621,1743.39321
0.29465363,0.075,-2.4909688e-05,0.00241661484,-0.0896018091,3.23192293,1742.46893
0.294663387,0.0123845633,0.000157632362,0.000377522189,-0.0919868887,0.66822852,1743.3251
0.294664199,0.102249575,-9.76151138e-05,0.00181877595,-0.0881943027,4.23658704,1743.25202
0.294668137,0.12675078,-0.00013362617,0.000803563851,-0.0862306661,5.75099245,1743.70526
0.294691491,0.0136327222,0.00016328232,0.00044318096,-0.0919462826,0.782199699,1743.25523
0.294698342,0.0477504251,8.14195318e-05,0.0021514891,-0.0906641742,2.53421539,1742.19472
0.294721617,0.0149706296,0.00016747787,0.000515969939,-0.0919038149,0.899831145,1743.18407
0.294730447,0.128644026,-0.000130990604,0.000709061978,-0.0861354704,5.90143473,1743.69377
0.294753908,0.0164047389,0.000170095982,0.000595918361,-0.0918595189,1.02066397,1743.11221
0.2947719,0.105786393,-0.000101033215,0.0016665674,-0.0880865385,4.419361,1743.39646
0.294788521,0.0179419674,0.000171037159,0.000682889553,-0.09181345,1.14416233,1743.04034
0.294788577,0.13041027,-0.000127881198,0.00062255125,-0.0860448135,6.04606028,1743.67081
0.294794153,0.0515415566,6.22596446e-05,0.0022166255,-0.0905968272,2.64427624,1742.24276
0.294804254,0.0803647536,-3.94967694e-05,0.00230288493,-0.0895027468,3.39972994,1742.66422
0.294825624,0.0195897299,0.00017022873,0.000776558513,-0.0917656886,1.26972211,1742.9693
0.294842807,0.132058033,-0.000124313669,0.000543706759,-0.0859586006,6.18478435,1743.63852
0.294865394,0.0213559743,0.000167628904,0.000876380527,-0.0917163409,1.39665603,1742.90006
0.294872376,0.109085956,-0.000103337265,0.00152031167,-0.0879816365,4.60151398,1743.52223
0.294893399,0.133595261,-0.000120301424,0.000472177426,-0.0858767099,6.31757638,1743.59891
0.294896853,0.0556052884,4.36194587e-05,0.00225919327,-0.0905288909,2.75558569,1742.31231
0.294908023,0.0232492201,0.000163230261,0.000981562694,-0.09166554,1.52423562,1742.83371
0.294940598,0.13502937,-0.000115859326,0.000407594209,-0.0857989975,6.44445325,1743.55378
0.294944774,0.0853696328,-5.05893928e-05,0.00217261667,-0.0894071016,3.56921314,1742.85363
0.294953718,0.0252785992,0.000157061202,0.00109104641,-0.0916134453,1.65170142,1742.7715
0.294966112,0.112164181,-0.00010472779,0.00138104469,-0.0878798671,4.78204492,1743.62867
0.29498463,0.136367278,-0.000111005862,0.000349577158,-0.0857253035,6.56546546,1743.50472
0.295002699,0.0274539002,0.000149189189,0.00120348279,-0.091560241,1.77827959,1742.71477
0.295006938,0.0599612217,2.58654917e-05,0.0022758294,-0.0904598181,2.87080647,1742.40429
0.295025709,0.137615437,-0.000105763511,0.000297737352,-0.0856554563,6.68069028,1743.4531
0.29505356,0.115035914,-0.000105364622,0.00124941076,-0.0877814708,4.96003925,1743.71557
0.295055201,0.0297856156,0.000139723384,0.00131722428,-0.0915061313,1.90324373,1742.665
0.295064032,0.138779867,-0.000100160852,0.000251679609,-0.0855892768,6.7902267,1743.40008
0.295075868,0.0900387783,-5.89499359e-05,0.00203289204,-0.0893140163,3.7424776,1743.03393
0.295099785,0.139866187,-9.42328177e-05,0.000211006203,-0.0855265817,6.89419099,1743.3466
0.295111479,0.0322849924,0.000128813861,0.00143032027,-0.0914513342,2.02593496,1742.62374
0.295124938,0.0646303672,9.32974092e-06,0.00226337087,-0.090388759,2.99346685,1742.51923
0.295133139,0.140879634,-8.80207444e-05,0.000175319171,-0.085467187,6.99271528,1743.29342
0.295135142,0.117715008,-0.000105372798,0.00112575979,-0.0876866439,5.13469682,1743.78324
0.295164255,0.141825099,-8.1572234e-05,0.000144223327,-0.0854109098,7.08594461,1743.24115
0.295171803,0.0349640862,0.00011665235,0.00154052728,-0.0913960717,2.14583939,1742.59259
0.295193284,0.14270714,-7.49406239e-05,0.000117329203,-0.0853575713,7.17403563,1743.19024
0.295198167,0.0943947116,-6.52135584e-05,0.00188909881,-0.0892230777,3.91911156,1743.20287
0.295211251,0.120214384,-0.000104847527,0.00101022755,-0.0875955324,5.30533832,1743.8325
0.295220366,0.143530013,-6.8184344e-05,9.42560398e-05,-0.0853069974,7.25715579,1743.14103
0.295229469,0,0,0,-0.0927020532,-0.552382444,1744.28495
0.29523653,0.000357650242,2.60170326e-06,7.12727123e-07,-0.0926902501,-0.53185416,1744.26293
0.295236465,0.0378358195,0.000103469605,0.00164532722,-0.0913405555,2.26262526,1742.57319
0.295244099,0.000741017226,6.01983284e-06,1.54369735e-06,-0.0926776407,-0.488710857,1744.23935
0.295245632,0.144297686,-6.13659375e-05,7.46348683e-05,-0.0852590213,7.33548222,1743.09376
0.295251423,0.0696352464,-5.72654726e-06,0.00221913083,-0.0903144982,3.12797253,1742.65731
0.295252212,0.00115195011,1.02550188e-05,3.60847276e-06,-0.0926641807,-0.442828749,1744.2141
0.295260908,0.00159243101,1.52893858e-05,6.65719784e-06,-0.0926498189,-0.393251425,1744.18708
0.295269202,0.145013864,-5.455093e-05,5.81113868e-05,-0.085213484,7.4092006,1743.04858
0.29527023,0.00206458457,2.10813172e-05,1.09950418e-05,-0.0926345025,-0.34030956,1744.1582
0.295280222,0.0025706882,2.75699094e-05,1.68245813e-05,-0.0926181768,-0.28366725,1744.12736
0.295282255,0.1225461,-0.000103860328,0.00090279438,-0.0875082313,5.47140787,1743.8646
0.295290933,0.00311318307,3.46741948e-05,2.44277229e-05,-0.0926007861,-0.223193386,1744.09446
0.295291191,0.145681998,-4.78064827e-05,4.43488894e-05,-0.0851702354,7.47850449,1743.00559
0.295302413,0.00369468589,4.2294425e-05,3.41032779e-05,-0.0925822739,-0.158661955,1744.05941
0.295305777,0.040914044,8.95302636e-05,0.00174197233,-0.0912849695,2.37625176,1742.56713
0.295311706,0.146305314,-4.11998354e-05,3.30303506e-05,-0.0851291354,7.54359238,1742.96483
0.295312263,0.0984584434,-6.98377307e-05,0.00174515588,-0.0891341834,4.09834921,1743.35873
0.29531472,0.00431800152,5.03138137e-05,4.61900201e-05,-0.0925625833,-0.0898796716,1744.02212
0.295327911,0.00498613648,5.86010327e-05,6.10556935e-05,-0.0925416576,-0.0166653338,1743.98254
0.295330844,0.146886817,-3.47966017e-05,2.38616275e-05,-0.0850900544,7.60467047,1742.92629
0.29534205,0.0057023135,6.70138918e-05,7.90967666e-05,-0.0925194414,0.0611334173,1743.94059
0.295348495,0.124721401,-0.000102462484,0.000803329919,-0.0874247873,5.63247164,1743.88116
0.295348698,0.147429312,-2.86588901e-05,1.65696123e-05,-0.0850528736,7.66193714,1742.88994
0.295357206,0.00646998704,7.54028248e-05,0.000100730584,-0.092495881,0.143636978,1743.89625
0.295365355,0.147935415,-2.28435476e-05,1.09135518e-05,-0.0850174853,7.71562375,1742.85572
0.295373453,0.00729285993,8.36147069e-05,0.000126386857,-0.092470926,0.230925274,1743.84952
0.295380072,0.0442136074,7.51246316e-05,0.00182752654,-0.0912294466,2.48700683,1742.57596
0.295380894,0.148407569,-1.73999087e-05,6.65383144e-06,-0.0849837929,7.76584474,1742.82356
0.295387003,0.075,-1.91069759e-05,0.00214108162,-0.0902353394,3.28115009,1742.8183
0.295390867,0.00817490128,9.1496237e-05,0.000156496498,-0.09244453,0.323026921,1743.80041
0.295395391,0.14884805,-1.23688254e-05,3.64498695e-06,-0.0849517105,7.81300351,1742.79338
0.295408915,0.149258983,-7.7803425e-06,1.58076183e-06,-0.084921162,7.85636037,1742.76508
0.295409533,0.00912036556,9.88961796e-05,0.000191478513,-0.0924166527,0.419913672,1743.749
0.295410292,0.12675078,-0.000100689367,0.000711627475,-0.0873452027,5.7881994,1743.88399
0.295418705,0.102249575,-7.3169572e-05,0.00160382919,-0.0890474113,4.2792324,1743.50014
0.295421532,0.14964235,-3.6567241e-06,6.84192683e-07,-0.0848920808,7.89738845,1742.73856
0.295429542,0.0101338132,0.00010566853,0.000231726609,-0.0923872606,0.521494939,1743.6954
0.295433303,0.15,0,0,-0.0848643812,7.9171955,1742.71373
0.295450989,0.0112201325,0.000111675431,0.00027759402,-0.0923563298,0.627613559,1743.63978
0.295459709,0.0477504251,6.05646969e-05,0.00189895008,-0.0911740399,2.59564796,1742.60107
0.295467944,0.128644026,-9.85654231e-05,0.000627426236,-0.0872694415,5.93835507,1743.87504
0.295473978,0.0123845633,0.000116789386,0.000329372607,-0.0923238474,0.738025837,1743.58239
0.295498621,0.0136327222,0.0001208948,0.000387272194,-0.0922898134,0.852417626,1743.52354
0.295518007,0.105786393,-7.54671894e-05,0.00146704631,-0.0889629303,4.46069957,1743.62598
0.295521729,0.13041027,-9.61055573e-05,0.000550430428,-0.087197435,6.08279215,1743.85625
0.295522583,0.0803647536,-3.00044378e-05,0.00203602504,-0.0901549717,3.44630517,1742.98906
0.295525035,0.0149706296,0.000123889859,0.000451405764,-0.0922542434,0.970403332,1743.46364
0.295545073,0.0515415566,4.61517944e-05,0.00195316348,-0.0911186893,2.70346935,1742.6437
0.295553349,0.0164047389,0.000125689658,0.000521762842,-0.0922171707,1.09149273,1743.40317
0.295571905,0.132058033,-9.33206609e-05,0.000480323926,-0.0871290873,6.22142548,1743.82947
0.295583699,0.0179419674,0.000126228288,0.000598182745,-0.092178648,1.21512734,1743.34274
0.295610648,0.109085956,-7.6933477e-05,0.00133610713,-0.088880943,4.64168668,1743.73541
0.295616231,0.0195897299,0.000125460588,0.000680338214,-0.0921387497,1.34068002,1743.28305
0.295618716,0.133595261,-9.02190747e-05,0.000416773177,-0.087064281,6.35421558,1743.79644
0.295636575,0.0556052884,3.21914018e-05,0.00198714305,-0.0910631822,2.81241417,1742.70485
0.295649069,0.0853696328,-3.82225501e-05,0.00191709817,-0.0900776884,3.61347384,1743.15434
0.295651102,0.0213559743,0.00012336281,0.000767709023,-0.0920975731,1.46744629,1743.22494
0.295662386,0.13502937,-8.68099176e-05,0.000359432805,-0.0870028825,6.48117194,1743.75872
0.29568848,0.0232492201,0.00011993729,0.000859557945,-0.092055239,1.59467694,1743.16933
0.295697074,0.112164181,-7.77253274e-05,0.00121184789,-0.0888016489,4.82118192,1743.82794
0.295703127,0.136367278,-8.31050509e-05,0.000307953801,-0.0869447456,6.60234034,1743.71766
0.295728547,0.0252785992,0.000115213078,0.000954916696,-0.0920118919,1.72159759,1743.11728
0.295734656,0.0599612217,1.89567244e-05,0.00199802462,-0.0910071095,2.9251536,1742.78528
0.295741135,0.137615437,-7.91183025e-05,0.000261982889,-0.0868897163,6.71778588,1743.67445
0.295767069,0.0900387783,-4.43554482e-05,0.00179053492,-0.0900027302,3.78468578,1743.31138
0.295771494,0.0274539002,0.000109246898,0.00105256744,-0.0919676981,1.84742922,1743.06994
0.295776594,0.138779867,-7.48684788e-05,0.000221163661,-0.0868376354,6.82759723,1743.63006
0.295777703,0.115035914,-7.79676495e-05,0.00109476114,-0.0887252224,4.99826298,1743.90349
0.295809673,0.139866187,-7.03790646e-05,0.000185140559,-0.0867883417,6.93187957,1743.58529
0.295817529,0.0297856156,0.000102126116,0.00115103693,-0.0919228425,1.97143625,1743.02855
0.29583979,0.0646303672,6.69356281e-06,0.00198315227,-0.0909498184,3.04525005,1742.8854
0.295840534,0.140879634,-6.56782437e-05,0.000153559288,-0.0867416741,7.0307535,1743.54079
0.295852923,0.117715008,-7.77577524e-05,0.000985084173,-0.0886518014,5.172123,1743.96241
0.295866874,0.0322849924,9.39677642e-05,0.00124859426,-0.0918775233,2.09295816,1742.99443
0.295869325,0.141825099,-6.07993892e-05,0.000126068951,-0.0866974738,7.1243515,1743.49706
0.295877154,0.0943947116,-4.88959618e-05,0.00166104646,-0.0899297189,3.95949882,1743.45825
0.295896184,0.14270714,-5.57805836e-05,0.000102324137,-0.0866555858,7.21281718,1743.45449
0.295919768,0.0349640862,8.49187993e-05,0.00134326307,-0.0918319439,2.21148216,1742.96894
0.295921242,0.143530013,-5.06644519e-05,8.19868926e-05,-0.0866158598,7.29630524,1743.41337
0.295923097,0.120214384,-7.7169798e-05,0.000882870484,-0.0885814824,5.34207737,1744.00549
0.295944618,0.144297686,-4.54976424e-05,6.4729022e-05,-0.0865781519,7.37498043,1743.37388
0.295952483,0.0696352464,-4.40932165e-06,0.00194031004,-0.0908903635,3.17711517,1743.00532
0.295966427,0.145013864,-4.03302552e-05,5.02342002e-05,-0.0865423251,7.44901677,1743.33615
0.295976465,0.0378358195,7.51537156e-05,0.001432839,-0.0917863016,2.32668337,1742.95347
0.295979854,0.0984584434,-5.21982513e-05,0.00153202734,-0.0898585447,4.13711057,1743.59353
0.295986772,0.145681998,-3.52150951e-05,3.82004269e-05,-0.08650825,7.51859755,1743.30027
0.295988563,0.1225461,-7.62593776e-05,0.000788042301,-0.0885143199,5.50756768,1744.03386
0.296005753,0.146305314,-3.02066802e-05,2.83417156e-05,-0.0864758059,7.58391245,1743.26625
0.296023461,0.146886817,-2.53601092e-05,2.03912896e-05,-0.086444881,7.64516161,1743.23408
0.29602898,0,0,0,-0.0929530998,-0.484938164,1744.4048
0.296034986,0.000357650242,1.30194279e-06,6.02237826e-07,-0.0929433367,-0.464895299,1744.38663
0.296037238,0.040914044,6.48711905e-05,0.00151493179,-0.091740773,2.43853131,1742.94936
0.29603998,0.147429312,-2.07295119e-05,1.41000068e-05,-0.0864153733,7.70253938,1743.20374
0.296041423,0.000741017226,3.33356387e-06,1.11525236e-06,-0.0929329075,-0.422323996,1744.36715
0.296048323,0.00115195011,6.09484808e-06,2.71804557e-06,-0.0929217758,-0.376910786,1744.34629
0.296049638,0.124721401,-7.50661114e-05,0.000700430777,-0.0884503295,5.66815494,1744.04896
0.296055392,0.147935415,-1.63666598e-05,9.24731254e-06,-0.0863871912,7.75627343,1743.17518
0.296055719,0.00159243101,9.54809714e-06,5.10581536e-06,-0.0929098995,-0.328048515,1744.32396
0.296063647,0.00206458457,1.36472392e-05,8.53645967e-06,-0.0928972351,-0.27562457,1744.30008
0.296069769,0.148407569,-1.2318562e-05,5.61427336e-06,-0.0863602537,7.80647463,1743.14832
0.296072145,0.0025706882,1.832786e-05,1.32197936e-05,-0.0928837377,-0.219381564,1744.27457
0.296073279,0.075,-1.42057296e-05,0.00186788775,-0.0908274151,3.32756704,1743.14476
0.296075665,0.102249575,-5.45301865e-05,0.00140584839,-0.089789253,4.31653992,1743.71608
0.296081255,0.00311318307,2.35103751e-05,1.94141497e-05,-0.0928693616,-0.159175326,1744.24735
0.296083183,0.14884805,-8.62777816e-06,3.05665188e-06,-0.0863344906,7.85351514,1743.12309
0.296091019,0.00369468589,2.91025383e-05,2.73965033e-05,-0.0928540605,-0.0947843601,1744.21835
0.296095696,0.149258983,-5.32766816e-06,1.31007512e-06,-0.086309842,7.89694358,1743.09942
0.296101485,0.00431800152,3.50019837e-05,3.74763715e-05,-0.0928377877,-0.0260139675,1744.18749
0.296102382,0.0442136074,5.42871844e-05,0.00158700376,-0.0916954946,2.54733075,1742.95792
0.296106617,0.12675078,-7.36173005e-05,0.000619806247,-0.0883894913,5.82350801,1744.05237
0.29610737,0.14964235,-2.44987808e-06,6.31709836e-07,-0.0862862579,7.9378635,1743.07722
0.296112704,0.00498613648,4.10980574e-05,4.99878638e-05,-0.0928204972,0.0473116643,1744.15472
0.296118261,0.15,0,0,-0.0862636694,7.95742985,1743.05641
0.29612473,0.0057023135,4.7274363e-05,6.52871014e-05,-0.0928021435,0.125336032,1744.12
0.29613762,0.00646998704,5.34127161e-05,8.3744186e-05,-0.0927826833,0.208165938,1744.08329
0.296151437,0.00729285993,5.93962358e-05,0.000105735727,-0.0927620757,0.29586453,1744.04461
0.296159772,0.128644026,-7.19310682e-05,0.000545898658,-0.0883317551,5.9733902,1744.04579
0.296165049,0.105786393,-5.60902642e-05,0.00128414091,-0.0897219673,4.49670709,1743.82499
0.296166247,0.00817490128,6.51114753e-05,0.000131632917,-0.0927402835,0.388431056,1744.00396
0.29617221,0.0477504251,4.36313451e-05,0.00164644358,-0.0916505405,2.65386119,1742.98032
0.296182123,0.00912036556,7.04492637e-05,0.00016178958,-0.0927172744,0.48581531,1743.96141
0.296194076,0.0803647536,-2.21157602e-05,0.00177227935,-0.0907638935,3.49016678,1743.2923
0.29619914,0.0101338132,7.53055151e-05,0.000196534392,-0.0926930224,0.587911252,1743.91705
0.296209363,0.13041027,-7.00179209e-05,0.000478413176,-0.0882770452,6.11764485,1744.03087
0.296217381,0.0112201325,7.95835974e-05,0.000236156418,-0.0926675094,0.694529332,1743.87103
0.296236933,0.0123845633,8.31954004e-05,0.000280885398,-0.0926407265,0.805399287,1743.82356
0.296247058,0.0515415566,3.31281926e-05,0.00169062903,-0.0916058946,2.75943371,1743.01758
0.296248436,0.109085956,-5.70344563e-05,0.00116798419,-0.0896568405,4.67653398,1743.91961
0.296255626,0.132058033,-6.78850989e-05,0.000417043258,-0.0882252656,6.25618701,1744.00923
0.296257891,0.0136327222,8.60630574e-05,0.000330876954,-0.0926126761,0.920184957,1743.77489
0.296280357,0.0149706296,8.81195755e-05,0.000386200542,-0.0925833738,1.03847354,1743.72535
0.296298786,0.133595261,-6.55381782e-05,0.000361473328,-0.0881763042,6.38897,1743.98233
0.296304437,0.0164047389,8.9308874e-05,0.000446816796,-0.09255285,1.15975392,1743.67538
0.296306769,0.0853696328,-2.80281195e-05,0.00166527748,-0.0907031275,3.65512778,1743.43479
0.296326231,0.112164181,-5.74831528e-05,0.00105805266,-0.0895940226,4.85499684,1743.99957
0.296327289,0.0556052884,2.29981342e-05,0.0017170045,-0.0915614196,2.86600867,1743.07055
0.296330249,0.0179419674,8.95890702e-05,0.00051255601,-0.0925211517,1.28344569,1743.62545
0.296339051,0.13502937,-6.29826756e-05,0.000311381597,-0.0881300372,6.51599828,1743.9515
0.296357917,0.0195897299,8.89337706e-05,0.000583103956,-0.0924883444,1.40889643,1743.57617
0.296376615,0.136367278,-6.02252503e-05,0.000266449065,-0.0880863326,6.63731629,1743.91789
0.296387575,0.0213559743,8.73314404e-05,0.000657981164,-0.0924545131,1.53538977,1743.52822
0.296398806,0.115035914,-5.75321224e-05,0.000954721749,-0.089533643,5.03116416,1744.06485
0.296411659,0.137615437,-5.72736032e-05,0.000226356519,-0.0880450532,6.75297505,1743.88248
0.296411903,0.0900387783,-3.23920861e-05,0.00155228631,-0.0906444511,3.82438776,1743.56989
0.296413288,0.0599612217,1.34375393e-05,0.00172317487,-0.0915168221,2.97628744,1743.13983
0.296419365,0.0232492201,8.47885161e-05,0.00073652412,-0.0924197629,1.66216252,1743.48238
0.296444353,0.138779867,-5.41396442e-05,0.000190784526,-0.0880060595,6.86305725,1743.8461
0.296453441,0.0252785992,8.13302132e-05,0.000817873142,-0.0923842191,1.78842819,1743.43951
0.296466513,0.117715008,-5.72557936e-05,0.000858147037,-0.0894758004,5.20422121,1744.11583
0.296474853,0.139866187,-5.08386032e-05,0.000159418446,-0.0879692117,6.96765888,1743.80941
0.296489967,0.0274539002,7.70013079e-05,0.000900958747,-0.0923480258,1.9134017,1743.4006
0.296503307,0.140879634,-4.73885384e-05,0.000131946227,-0.0879343712,7.06688784,1743.77296
0.296505472,0.0646303672,4.62583479e-06,0.00170695375,-0.0914716166,3.09386019,1743.22573
0.296509984,0.0943947116,-3.55771171e-05,0.00143736142,-0.0905875219,3.99746595,1743.696
0.296529119,0.0297856156,7.18678018e-05,0.000984498085,-0.0923113434,2.03634238,1743.36666
0.296529678,0.120214384,-5.67108875e-05,0.000768327201,-0.0894205591,5.37347732,1744.15321
0.296529853,0.141825099,-4.38116104e-05,0.000108060028,-0.0879014024,7.16086626,1743.73717
0.296554617,0.14270714,-4.0133565e-05,8.74580091e-05,-0.0878701736,7.24972546,1743.70234
0.296571087,0.0322849924,6.60162461e-05,0.001066994,-0.0922743446,2.15659012,1743.33879
0.296577721,0.143530013,-3.63838414e-05,6.98450593e-05,-0.0878405577,7.33360776,1743.66872
0.296588606,0.1225461,-5.59397296e-05,0.000685150462,-0.089367949,5.53836921,1744.17802
0.296599274,0.144297686,-3.25953463e-05,5.49343902e-05,-0.0878124332,7.41266536,1743.63645
0.296601486,0.0984584434,-3.78521922e-05,0.00132339731,-0.090532226,4.17353217,1743.81194
0.296604284,0.0696352464,-3.30727745e-06,0.00166655092,-0.091425089,3.22314091,1743.3283
0.296616073,0.0349640862,5.95538777e-05,0.00114674798,-0.092237207,2.27363631,1743.31813
0.296619382,0.145013864,-2.88042901e-05,4.24488151e-05,-0.0877856842,7.48705962,1743.60565
0.296638141,0.145681998,-2.50499764e-05,3.21226833e-05,-0.0877602013,7.55696217,1743.57636
0.296643581,0.124721401,-5.49723793e-05,0.00060843018,-0.0893179679,5.69845304,1744.1915
0.296655642,0.146305314,-2.13742958e-05,2.37028664e-05,-0.0877358819,7.62255131,1743.5486
0.296664293,0.0378358195,5.26066772e-05,0.001221876,-0.092200105,2.38716499,1743.30582
0.296671968,0.146886817,-1.78213074e-05,1.69519313e-05,-0.0877126304,7.68401864,1743.52236
0.29668685,0.102249575,-3.94188431e-05,0.00121239143,-0.0904785813,4.35158261,1743.91681
0.2966872,0.147429312,-1.44360827e-05,1.16460682e-05,-0.0876903593,7.74154888,1743.49761
0.296694869,0.12675078,-5.38293934e-05,0.00053793127,-0.0892705849,5.85339499,1744.19505
0.29670141,0.147935415,-1.12644049e-05,7.58635622e-06,-0.0876689895,7.79536616,1743.47431
0.2967102,0.075,-1.0255751e-05,0.00160072172,-0.0913762246,3.37093442,1743.44724
0.296714666,0.148407569,-8.35011607e-06,4.57316284e-06,-0.0876484514,7.84557268,1743.45239
0.29671598,0.040914044,4.5317183e-05,0.00129034664,-0.0921631972,2.497158,1743.30299
0.296727033,0.14884805,-5.7342177e-06,2.46784872e-06,-0.0876286854,7.89250943,1743.43178
0.296738571,0.149258983,-3.44886401e-06,1.02563795e-06,-0.0876096429,7.93586423,1743.41243
0.296742715,0.128644026,-5.25241523e-05,0.000473388609,-0.0892257451,6.00295621,1744.1901
0.296749334,0.14964235,-1.53748555e-06,5.47482497e-07,-0.0875912854,7.97682688,1743.39427
0.296759376,0.15,0,0,-0.0875735597,7.99642886,1743.3772
0.296766487,0.105786393,-4.04257623e-05,0.0011056985,-0.0904266721,4.53051911,1744.00988
0.296771384,0.0442136074,3.7839303e-05,0.00135001522,-0.0921266111,2.60393786,1743.3107
0.296785504,0,0,0,-0.0931906484,-0.421344931,1744.5182
0.296787353,0.13041027,-5.10642474e-05,0.000414520132,-0.0891833731,6.14697591,1744.17811
0.296790494,0.000357650242,4.42838306e-07,4.4975206e-07,-0.0931828018,-0.401311756,1744.50362
0.296795842,0.000741017226,1.50375e-06,6.91977344e-07,-0.0931744207,-0.359156072,1744.48799
0.296801575,0.00115195011,3.17987173e-06,1.85622494e-06,-0.0931654761,-0.314500189,1744.47123
0.29680772,0.00159243101,5.42549458e-06,3.58744828e-06,-0.0931559344,-0.266222967,1744.45328
0.296814307,0.00206458457,8.19114472e-06,6.14561236e-06,-0.093145761,-0.214230812,1744.43408
0.296816117,0.0803647536,-1.58146596e-05,0.00151534423,-0.0913272779,3.53104631,1743.57278
0.296821368,0.0025706882,1.14130202e-05,9.72526283e-06,-0.0931349201,-0.158287787,1744.41357
0.296828936,0.00311318307,1.50191898e-05,1.45627221e-05,-0.0931233753,-0.0982360277,1744.39166
0.296828996,0.132058033,-4.9454104e-05,0.000361037558,-0.0891433779,6.28536308,1744.16043
0.296830772,0.0477504251,3.03356973e-05,0.00139868725,-0.0920904253,2.70830438,1743.32994
0.296837048,0.00369468589,1.89297171e-05,2.09083137e-05,-0.0931110899,-0.0338519617,1744.36832
0.296840782,0.109085956,-4.09897088e-05,0.00100419497,-0.0903766072,4.70924926,1744.09064
0.296845744,0.00431800152,2.30591714e-05,2.90383204e-05,-0.093098027,0.0350419599,1744.34349
0.296855065,0.00498613648,2.73183904e-05,3.92464311e-05,-0.09308415,0.108605545,1744.31711
0.296865057,0.0057023135,3.16175093e-05,5.18415383e-05,-0.0930694233,0.186975147,1744.28916
0.296867845,0.133595261,-4.76977322e-05,0.000312649246,-0.0891056566,6.41806952,1744.13831
0.296875766,0.00646998704,3.58702108e-05,6.71408493e-05,-0.0930538127,0.270241923,1744.25962
0.296887246,0.00729285993,3.99943992e-05,8.54611814e-05,-0.0930372865,0.358445117,1744.22849
0.29689443,0.0515415566,2.29656941e-05,0.00143417527,-0.0920546465,2.81158366,1743.36154
0.296899551,0.00817490128,4.39117886e-05,0.000107109176,-0.0930198159,0.451560453,1744.19578
0.296904088,0.13502937,-4.57980902e-05,0.000269061724,-0.0890700974,6.54509416,1744.11289
0.296910094,0.112164181,-4.12005995e-05,0.000908409062,-0.0903284936,4.88673727,1744.15886
0.296912741,0.00912036556,4.75488427e-05,0.000132372316,-0.0930013763,0.549514132,1744.16154
0.296914929,0.0853696328,-1.99299932e-05,0.00142081411,-0.091280753,3.693869,1743.69374
0.29692688,0.0101338132,5.08368689e-05,0.000161513462,-0.0929819482,0.652172984,1744.12586
0.2969379,0.136367278,-4.37582116e-05,0.00022998772,-0.0890365832,6.66647689,1744.08513
0.296942035,0.0112201325,5.37125127e-05,0.000194757702,-0.0929615189,0.759317759,1744.08886
0.29695828,0.0123845633,5.61185703e-05,0.000232277209,-0.0929400833,0.870660595,1744.05069
0.296962665,0.0556052884,1.58806953e-05,0.00145436184,-0.0920191856,2.91577232,1743.40619
0.296969444,0.137615437,-4.1583145e-05,0.00019514217,-0.0890049935,6.78225733,1744.05588
0.296974756,0.115035914,-4.11298644e-05,0.000818613059,-0.0902824212,5.06204198,1744.21457
0.296975692,0.0136327222,5.80055502e-05,0.000274180659,-0.0929176456,0.985839179,1744.01158
0.296994357,0.0149706296,5.93322159e-05,0.000320501066,-0.0928942211,1.1044097,1743.97179
0.296998872,0.138779867,-3.92804705e-05,0.000164241796,-0.0889752071,6.89251686,1744.02581
0.297007112,0.0900387783,-2.29321662e-05,0.00132173312,-0.0912360749,3.86124634,1743.80818
0.297014365,0.0164047389,6.00645709e-05,0.000371179131,-0.0928698373,1.2258476,1743.93167
0.297026326,0.139866187,-3.68595435e-05,0.000137010839,-0.0889471031,6.9973467,1743.9955
0.29703508,0.117715008,-4.08328601e-05,0.000734892889,-0.0902384546,5.23434058,1744.25813
0.29703581,0.0179419674,6.01779728e-05,0.000426047141,-0.0928445355,1.34955297,1743.89161
0.297035807,0.0599612217,9.21798607e-06,0.00145728168,-0.0919838301,3.02359433,1743.46437
0.297051938,0.140879634,-3.43320274e-05,0.000113176669,-0.0889205629,7.09683964,1743.96539
0.297058798,0.0195897299,5.96580141e-05,0.000484815776,-0.0928183723,1.47485475,1743.8521
0.297075833,0.141825099,-3.17127391e-05,9.24710024e-05,-0.0888954709,7.19111061,1743.93584
0.297083438,0.0213559743,5.85004798e-05,0.000547058651,-0.0927914208,1.60102374,1743.81369
0.297091358,0.120214384,-4.03517254e-05,0.00065720289,-0.0901966308,5.40293601,1744.29019
0.297093112,0.0943947116,-2.50893128e-05,0.00122152964,-0.0911929387,4.0326526,1743.91479
0.297098124,0.14270714,-2.90191611e-05,7.46320351e-05,-0.0888717149,7.28028015,1743.9071
0.297109851,0.0232492201,5.67130405e-05,0.000612197963,-0.0927637704,1.72728527,1743.77702
0.297114208,0.0646303672,3.10409052e-06,0.00144116513,-0.0919482157,3.13864926,1743.53633
0.29711892,0.143530013,-2.62714963e-05,5.94040129e-05,-0.0888491872,7.36448003,1743.87936
0.297138162,0.0252785992,5.43157974e-05,0.000679494636,-0.0927355279,1.85284383,1743.74279
0.297138321,0.144297686,-2.34927635e-05,4.65383119e-05,-0.0888277847,7.44385154,1743.85276
0.29714386,0.1225461,-3.97178014e-05,0.000585406264,-0.0901569587,5.56725976,1744.31165
0.29715642,0.145013864,-2.07089055e-05,3.57940568e-05,-0.088807409,7.51854418,1743.82737
0.29716851,0.0274539002,5.13418454e-05,0.000748038392,-0.0927068158,1.97690899,1743.71178
0.297173342,0.0984584434,-2.65988048e-05,0.0011226274,-0.0911512312,4.20723165,1744.01263
0.297173305,0.145681998,-1.79488508e-05,2.69397409e-05,-0.0887879666,7.58871873,1743.80324
0.297189058,0.146305314,-1.52442653e-05,1.97533166e-05,-0.0887693689,7.65454171,1743.78038
0.297192841,0.124721401,-3.8953289e-05,0.000519306081,-0.0901194215,5.72686384,1744.32359
0.297198247,0.0696352464,-2.37704835e-06,0.00140458729,-0.0919118001,3.26536367,1743.62207
0.297201039,0.0297856156,4.78381517e-05,0.000816746101,-0.0926777706,2.09873847,1743.68483
0.297203754,0.146886817,-1.26298167e-05,1.40255558e-05,-0.0887515327,7.7161968,1743.75878
0.297217464,0.147429312,-1.01421172e-05,9.55656853e-06,-0.0887343804,7.77385653,1743.7384
0.297230255,0.147935415,-7.82036733e-06,6.16851033e-06,-0.0887178406,7.82774804,1743.7192
0.297235908,0.0322849924,4.38652116e-05,0.00088436186,-0.0926485395,2.21767452,1743.66283
0.297238536,0.12675078,-3.80731924e-05,0.000458668047,-0.0900839802,5.8814108,1744.32719
0.297242187,0.148407569,-5.7031997e-06,3.67903858e-06,-0.0887018494,7.877968,1743.70113
0.297248191,0.102249575,-2.76075389e-05,0.00102667739,-0.0911109495,4.38395711,1744.10098
0.297253319,0.14884805,-3.83028316e-06,1.96282605e-06,-0.0886863516,7.92484946,1743.68413
0.297263704,0.149258983,-2.23230443e-06,7.79588548e-07,-0.0886713027,7.96804898,1743.66814
0.297273283,0.0349640862,3.94970808e-05,0.000949469652,-0.0926192752,2.33321458,1743.64668
0.297273393,0.14964235,-9.55550611e-07,4.60071752e-07,-0.0886566713,8.00903906,1743.65311
0.297281165,0.128644026,-3.70870563e-05,0.000403236574,-0.0900505765,6.03065839,1744.3237
0.297282432,0.15,0,0,-0.0886424189,8.02876288,1743.63896
0.297288328,0.075,-7.15160752e-06,0.00134659814,-0.0918738049,3.41053301,1743.72132
0.297313346,0.0378358195,3.48198459e-05,0.00101050727,-0.0925901287,2.44505316,1743.63732
0.297318019,0.105786393,-2.82234044e-05,0.000934781761,-0.0910721459,4.5617124,1744.17928
0.297320935,0.13041027,-3.6000301e-05,0.000352745861,-0.0900191371,6.17444353,1744.31433
0.29735629,0.040914044,2.99303187e-05,0.00106579981,-0.0925612403,2.55318598,1743.63565
0.297358037,0.132058033,-3.48158089e-05,0.000306928229,-0.0899895768,6.31266901,1744.30023
0.297378409,0.0803647536,-1.0942299e-05,0.00127241745,-0.0918359744,3.56820548,1743.82589
0.297383162,0.109085956,-2.85310442e-05,0.00084763562,-0.0910348933,4.73939058,1744.24716
0.297392651,0.133595261,-3.35361161e-05,0.000265517151,-0.0899618021,6.44528945,1744.28244
0.297402322,0.0442136074,2.4932447e-05,0.00111358889,-0.0925327271,2.65795364,1743.64253
0.297424942,0.13502937,-3.2162465e-05,0.000228248391,-0.0899357134,6.57229822,1744.26192
0.297443936,0.112164181,-2.85954713e-05,0.00076563987,-0.0909992631,4.91594364,1744.30447
0.297451663,0.0477504251,1.99351287e-05,0.00115208624,-0.0925046693,2.76017672,1743.65873
0.297455067,0.136367278,-3.0696031e-05,0.000194865484,-0.0899112079,6.69372593,1744.23948
0.297462447,0.0853696328,-1.37270639e-05,0.00119098056,-0.0918002054,3.72893121,1743.92649
0.297483172,0.137615437,-2.91405097e-05,0.000165116555,-0.0898881815,6.80961113,1744.2158
0.297500633,0.115035914,-2.84682414e-05,0.000688980291,-0.0909653131,5.09042047,1744.35129
0.297501353,0,0,0,-0.0934154247,-0.362061587,1744.6255
0.297504553,0.0515415566,1.50429354e-05,0.00117952159,-0.0924770928,2.86119601,1743.68494
0.297505291,0.000357650242,-6.11901227e-08,3.05057059e-07,-0.0934093556,-0.342057481,1744.61427
0.297509391,0.138779867,-2.74999087e-05,0.000138753689,-0.08986653,6.92002804,1744.19146
0.297509511,0.000741017226,3.73789625e-07,2.99704548e-07,-0.0934028734,-0.300288534,1744.60221
0.297514036,0.00115195011,1.28880128e-06,1.0535818e-06,-0.0933959559,-0.256251993,1744.58928
0.297518886,0.00159243101,2.64209518e-06,2.1761007e-06,-0.0933885772,-0.208408592,1744.57541
0.297524085,0.00206458457,4.38652098e-06,3.92966221e-06,-0.0933807106,-0.156700718,1744.56057
0.297529657,0.0025706882,6.46305899e-06,6.48668619e-06,-0.0933723286,-0.100875024,1744.5447
0.297533851,0.139866187,-2.57795244e-05,0.000115537459,-0.0898461512,7.02506106,1744.16692
0.29753563,0.00311318307,8.80750203e-06,1.00582499e-05,-0.0933634032,-0.0407963497,1744.52776
0.297540848,0.0900387783,-1.57408871e-05,0.00110612796,-0.0917660147,3.89446102,1744.02153
0.297542032,0.00369468589,1.13543018e-05,1.48615236e-05,-0.0933539062,0.0237447125,1744.5097
0.297548895,0.00431800152,1.40427927e-05,2.11325397e-05,-0.0933438093,0.0929159643,1744.49048
0.297553526,0.117715008,-2.81891826e-05,0.000617687623,-0.0909330808,5.26198985,1744.38795
0.297556252,0.00498613648,1.68097782e-05,2.91176595e-05,-0.0933330846,0.166873995,1744.47006
0.297556671,0.140879634,-2.39870476e-05,9.52327471e-05,-0.089826945,7.12479737,1744.14256
0.297561245,0.0556052884,1.03588372e-05,0.00119419525,-0.0924499504,2.96304697,1743.72169
0.297564137,0.0057023135,1.95889878e-05,3.90732602e-05,-0.0933217047,0.245742751,1744.44843
0.29757259,0.00646998704,2.23221809e-05,5.12577947e-05,-0.0933096436,0.329582431,1744.42556
0.297577959,0.141825099,-2.21315572e-05,7.76090958e-05,-0.0898088146,7.21934348,1744.11865
0.29758165,0.00729285993,2.49576718e-05,6.59231708e-05,-0.0932968772,0.418399328,1744.40146
0.297591361,0.00817490128,2.74464811e-05,8.33096402e-05,-0.0932833838,0.512149708,1744.37615
0.29759782,0.14270714,-2.02245069e-05,6.24427375e-05,-0.0897916667,7.3088117,1744.09542
0.297601771,0.00912036556,2.97430438e-05,0.00010363997,-0.0932691448,0.610732662,1744.34965
0.297602872,0.120214384,-2.77885623e-05,0.000551684389,-0.0909025812,5.429948,1744.41504
0.29761293,0.0101338132,3.18060118e-05,0.000127113093,-0.093254146,0.71398215,1744.32204
0.29761399,0.0943947116,-1.71701226e-05,0.00102070354,-0.0917331407,4.06423104,1744.10995
0.297616349,0.143530013,-1.82791351e-05,4.95158056e-05,-0.0897754121,7.39332331,1744.07302
0.297622014,0.0599612217,5.97359522e-06,0.00119454708,-0.0924231015,3.06847333,1743.76935
0.29762489,0.0112201325,3.35976142e-05,0.00015389488,-0.0932383783,0.821661684,1744.2934
0.297633634,0.144297686,-1.63107116e-05,3.86165467e-05,-0.0897599651,7.4730086,1744.05155
0.297637711,0.0123845633,3.5084165e-05,0.000184108007,-0.0932218385,0.933463124,1744.26387
0.297648907,0.1225461,-2.72888154e-05,0.000490819499,-0.0908738076,5.59372096,1744.43334
0.29764976,0.145013864,-1.43368267e-05,2.95395441e-05,-0.0897452442,7.54800636,1744.03106
0.297651454,0.0136327222,3.62369075e-05,0.000217822699,-0.0932045312,1.04899979,1744.23362
0.297664804,0.145681998,-1.23776714e-05,2.20872936e-05,-0.0897311714,7.61846725,1744.01161
0.297666185,0.0149706296,3.70321137e-05,0.000255046615,-0.0931864693,1.1678069,1744.20285
0.297678839,0.146305314,-1.04558095e-05,1.60690188e-05,-0.0897176722,7.68454466,1743.99319
0.297681975,0.0164047389,3.74508835e-05,0.000295713111,-0.0931676754,1.28934361,1744.17182
0.297682226,0.0984584434,-1.81536223e-05,0.000936702116,-0.0917014797,4.23735629,1744.19099
0.297687153,0.0646303672,1.96716761e-06,0.00117919229,-0.0923962915,3.18108241,1743.8281
0.297691854,0.124721401,-2.67057717e-05,0.000434894737,-0.0908467332,5.75285635,1744.44375
0.297691933,0.146886817,-8.59714101e-06,1.13046604e-05,-0.0897046753,7.74641557,1743.97578
0.2976989,0.0179419674,3.74800057e-05,0.000339669207,-0.0931481833,1.41299363,1744.14086
0.297704148,0.147429312,-6.82950545e-06,7.6190266e-06,-0.0896921129,7.80423568,1743.95936
0.297715544,0.147935415,-5.18504614e-06,4.85764203e-06,-0.0896799202,7.85823521,1743.94389
0.297717043,0.0195897299,3.71124725e-05,0.000386664596,-0.0931280386,1.53807172,1744.11034
0.297726175,0.148407569,-3.69568834e-06,2.8544143e-06,-0.0896680372,7.90846831,1743.92932
0.29773192,0.12675078,-2.60500476e-05,0.000383684055,-0.0908213138,5.90701307,1744.4473
0.297736093,0.14884805,-2.39939762e-06,1.50070223e-06,-0.089656409,7.95531815,1743.9156
0.29773649,0.0213559743,3.6347677e-05,0.000436340317,-0.0931072997,1.66383664,1744.08068
0.297745346,0.149258983,-1.32194735e-06,5.57838328e-07,-0.089644989,7.99836582,1743.90268
0.297745884,0.102249575,-1.87943108e-05,0.000855467024,-0.0916710186,4.41278743,1744.26408
0.297753978,0.14964235,-5.17423137e-07,3.81116626e-07,-0.0896337407,8.039387,1743.8905
0.297756975,0.0696352464,-1.60734647e-06,0.00114703968,-0.0923691328,3.30531482,1743.89791
0.297757335,0.0232492201,3.51921959e-05,0.000488218048,-0.0930860384,1.78950464,1744.05238
0.297762031,0.15,0,0,-0.0896226196,8.05926956,1743.87901
0.297769299,0.128644026,-2.53282857e-05,0.000336947237,-0.090797491,6.05594557,1744.44501
0.297779679,0.0252785992,3.36601534e-05,0.000541692694,-0.09306434,1.91427426,1744.026
0.29780363,0.0274539002,3.17736382e-05,0.000596025222,-0.0930423023,2.03735212,1744.00213
0.29780417,0.13041027,-2.45442016e-05,0.000294439127,-0.0907751952,6.19948836,1744.43789
0.297805271,0.105786393,-1.91674614e-05,0.000777882766,-0.0916417899,4.58938934,1744.3288
0.297829303,0.0297856156,2.9563201e-05,0.000650342314,-0.0930200345,2.15799645,1743.98142
0.297831818,0.075,-4.70149169e-06,0.00109739914,-0.0923410623,3.44795959,1743.97853
0.297836702,0.132058033,-2.36996508e-05,0.000255916062,-0.0907543485,6.33754077,1744.4269
0.297856822,0.0322849924,2.70675856e-05,0.000703636943,-0.0929976545,2.27555387,1743.96457
0.297860675,0.109085956,-1.93321173e-05,0.000704494305,-0.0916138428,4.76604011,1744.38487
0.297867052,0.133595261,-2.27960357e-05,0.000221138651,-0.0907348672,6.47005631,1744.41291
0.29788632,0.0349640862,2.43338022e-05,0.000754779736,-0.0929752848,2.38952969,1743.95228
0.297895365,0.13502937,-2.18339396e-05,0.000189872801,-0.0907166643,6.59702552,1744.39669
0.297906661,0.0803647536,-7.1335785e-06,0.00103477567,-0.0923133598,3.60329069,1744.06329
0.297912363,0.112164181,-1.93335325e-05,0.000635602785,-0.0915872257,4.9416791,1744.43218
0.297917939,0.0378358195,2.14160016e-05,0.000802530451,-0.0929530475,2.49963045,1743.94527
0.29792178,0.136367278,-2.08137654e-05,0.000161892848,-0.090699651,6.71847124,1744.37891
0.297946422,0.137615437,-1.97376908e-05,0.000136979553,-0.0906837387,6.83443625,1744.36013
0.297951831,0.040914044,1.83748095e-05,0.000845565918,-0.0929310569,2.60586729,1743.94425
0.297960583,0.115035914,-1.92075546e-05,0.000571331795,-0.0915619758,5.11534476,1744.47085
0.297969412,0.138779867,-1.86074924e-05,0.000114919498,-0.0906688398,6.94498497,1744.34083
0.297976483,0.0853696328,-8.9028596e-06,0.000966630897,-0.0922873725,3.76200426,1744.14467
0.297988161,0.0442136074,1.52751213e-05,0.000882503606,-0.0929094107,2.70859962,1743.94987
0.297990859,0.139866187,-1.74262102e-05,9.55073932e-05,-0.090654869,7.05019305,1744.32137
0.298005568,0.117715008,-1.89818063e-05,0.000511678048,-0.0915381141,5.28619702,1744.50116
0.298010868,0.140879634,-1.61986994e-05,7.85435231e-05,-0.0906417436,7.15014723,1744.30205
0.298027102,0.0477504251,1.21843265e-05,0.000911945159,-0.0928881787,2.80867027,1743.96274
0.298029534,0.141825099,-1.49303123e-05,6.38330739e-05,-0.0906293842,7.24494172,1744.28311
0.298041622,0.0900387783,-1.01692112e-05,0.000896071817,-0.092262704,3.92576723,1744.22141
0.298046948,0.14270714,-1.36282245e-05,5.11877411e-05,-0.0906177149,7.33468732,1744.26472
0.298047536,0.120214384,-1.86772477e-05,0.000456550585,-0.091515644,5.45352486,1744.52363
0.298063194,0.143530013,-1.23003996e-05,4.04253611e-05,-0.0906066632,7.41949622,1744.24699
0.298068844,0.0515415566,9.16794615e-06,0.000932513517,-0.0928673906,2.90743841,1743.98339
0.29807835,0.144297686,-1.09565371e-05,3.13689603e-05,-0.09059616,7.49948681,1744.23001
0.298086689,0.1225461,-1.83093675e-05,0.000405799756,-0.0914945514,5.61674841,1744.53889
0.29809249,0.145013864,-9.60795157e-06,2.38467652e-05,-0.0905861393,7.57478848,1744.21383
0.298102391,0.0943947116,-1.10537627e-05,0.000825383777,-0.0922391342,4.09397529,1744.29268
0.298105681,0.145681998,-8.26805886e-06,1.76940791e-05,-0.0905765378,7.64554238,1744.19848
0.298113587,0.0556052884,6.29005815e-06,0.000942895455,-0.0928470213,3.00695157,1744.01221
0.298117987,0.146305314,-6.95187957e-06,1.27505638e-05,-0.0905672944,7.71188746,1744.18394
0.298123215,0.124721401,-1.78890504e-05,0.000359239386,-0.0914748067,5.77541048,1744.54772
0.298129468,0.146886817,-5.67775335e-06,8.86550128e-06,-0.0905583499,7.77399657,1744.17022
0.298140179,0.147429312,-4.46535214e-06,5.88820852e-06,-0.0905496458,7.83200012,1744.15728
0.29815017,0.147935415,-3.34019008e-06,3.6894102e-06,-0.0905411245,7.8861462,1744.14508
0.298157291,0.12675078,-1.74235418e-05,0.000316662809,-0.0914563669,5.92916607,1744.55095
0.298159083,0.0984584434,-1.16489926e-05,0.000756155565,-0.0922165701,4.26571434,1744.3579
0.298159492,0.148407569,-2.32654078e-06,2.11783398e-06,-0.090532729,7.9364373,1744.13359
0.298161548,0.0599612217,3.60278021e-06,0.000941898278,-0.0928269761,3.10999347,1744.04949
0.298168189,0.14884805,-1.45843402e-06,1.08989823e-06,-0.0905244032,7.98335282,1744.12276
0.298176302,0.149258983,-7.53320468e-07,3.61543224e-07,-0.0905160946,8.02617886,1744.11253
0.298178712,0,0,0,-0.0936281155,-0.306625526,1744.72703
0.298181654,0.000357650242,-2.37056868e-07,1.89359964e-07,-0.093623722,-0.286728628,1744.71893
0.298183871,0.14964235,-2.66995464e-07,3.00980831e-07,-0.090507757,8.0672313,1744.10287
0.298184808,0.000741017226,-1.43453168e-07,-2.84794881e-08,-0.0936190299,-0.245281331,1744.71021
0.298188189,0.00115195011,2.9472719e-07,3.69500087e-07,-0.0936140234,-0.201610695,1744.70085
0.298189081,0.128644026,-1.69173039e-05,0.000277854234,-0.0914391781,6.07776627,1744.54943
0.298190932,0.15,0,0,-0.0904993386,8.08739918,1744.09372
0.298191813,0.00159243101,1.03671855e-06,9.74697173e-07,-0.0936086838,-0.153988663,1744.69081
0.298195697,0.00206458457,2.03114586e-06,2.03027814e-06,-0.0936029919,-0.102384378,1744.68006
0.298199861,0.0025706882,3.2340461e-06,3.68251938e-06,-0.0935969281,-0.0465453246,1744.66855
0.298204324,0.00311318307,4.60690719e-06,6.10843757e-06,-0.0935904724,0.0137438385,1744.65627
0.298209108,0.00369468589,6.11329378e-06,9.48767833e-06,-0.0935836045,0.0787002912,1744.64317
0.298211973,0.102249575,-1.20231205e-05,0.000689442739,-0.0921949904,4.43991251,1744.41664
0.298212957,0.0646303672,1.15425646e-06,0.00092847533,-0.0928070758,3.22020004,1744.09535
0.298214235,0.00431800152,7.69748825e-06,1.40092762e-05,-0.0935763043,0.148368106,1744.62922
0.298218738,0.13041027,-1.63727908e-05,0.000242596277,-0.0914231782,6.221043,1744.544
0.298219732,0.00498613648,9.29888124e-06,1.98633813e-05,-0.0935685518,0.222832859,1744.61441
0.298225624,0.0057023135,1.08848371e-05,2.72451396e-05,-0.0935603278,0.302268491,1744.59872
0.29823194,0.00646998704,1.24331683e-05,3.63495675e-05,-0.093551614,0.386735956,1744.58214
0.298238709,0.00729285993,1.39178418e-05,4.73615443e-05,-0.0935423934,0.476212523,1744.56466
0.298245966,0.00817490128,1.53120988e-05,6.04546812e-05,-0.0935326508,0.57062805,1744.5463
0.298246406,0.132058033,-1.57911631e-05,0.000210674981,-0.0914082991,6.3588932,1744.53543
0.298253744,0.00912036556,1.65910529e-05,7.57879152e-05,-0.0935223738,0.669855223,1744.52709
0.298261314,0.105786393,-1.22258279e-05,0.000625928684,-0.0921744104,4.61541666,1744.4686
0.298262081,0.0101338132,1.77322793e-05,9.35000535e-05,-0.0935115528,0.773703251,1744.50708
0.298268062,0.0696352464,-1.0233892e-06,0.000901816129,-0.0927870432,3.34199234,1744.14978
0.298271018,0.0112201325,1.87158256e-05,0.000113703617,-0.0935001823,0.88191447,1744.48634
0.298272218,0.133595261,-1.51731006e-05,0.00018188214,-0.0913944688,6.49126745,1744.52443
0.298280598,0.0123845633,1.95242457e-05,0.000136477947,-0.0934882612,0.99415872,1744.46495
0.298290866,0.0136327222,2.01427165e-05,0.000161862056,-0.0934757941,1.11002943,1744.44304
0.298296299,0.13502937,-1.45187913e-05,0.000156016109,-0.0913816135,6.61815372,1744.51164
0.298301873,0.0149706296,2.05592555e-05,0.000189847187,-0.0934627919,1.22904391,1744.42078
0.298307346,0.109085956,-1.22960488e-05,0.000566022158,-0.0921548585,4.79109013,1744.51357
0.298313671,0.0164047389,2.07647114e-05,0.000220368652,-0.0934492727,1.35064444,1744.39834
0.298318764,0.136367278,-1.38283179e-05,0.0001328836,-0.0913696584,6.73957119,1744.49759
0.298326318,0.0179419674,2.07529426e-05,0.000253297301,-0.0934352631,1.47420052,1744.37596
0.29832713,0.075,-2.90284132e-06,0.000861431114,-0.0927664708,3.48216469,1744.21254
0.298339722,0.137615437,-1.31028133e-05,0.000112298311,-0.0913585297,6.85556165,1744.48273
0.298339874,0.0195897299,2.05211426e-05,0.000288431338,-0.0934207983,1.59901528,1744.35392
0.29835029,0.112164181,-1.22635441e-05,0.000509936099,-0.0921363628,4.96585995,1744.55151
0.298354405,0.0213559743,2.00700366e-05,0.000325488376,-0.0934059233,1.72433774,1744.33253
0.298359275,0.138779867,-1.23432052e-05,9.40803917e-05,-0.0913481551,6.96618473,1744.46746
0.29836998,0.0232492201,1.94042634e-05,0.000364097911,-0.0933906931,1.84937715,1744.31215
0.298377515,0.139866187,-1.15511485e-05,7.80574577e-05,-0.0913384643,7.07151119,1744.45206
0.298386198,0.0803647536,-4.36937591e-06,0.000811005672,-0.0927462915,3.63521004,1744.27845
0.298386675,0.0252785992,1.85325712e-05,0.000403796233,-0.0933751726,1.973328,1744.29318
0.298390353,0.115035914,-1.21518406e-05,0.000457741602,-0.0921189424,5.13875419,1744.58252
0.298394532,0.140879634,-1.07294522e-05,6.40629428e-05,-0.0913293901,7.17162392,1744.43679
0.298404571,0.0274539002,1.74680352e-05,0.000444021558,-0.0933594366,2.09539592,1744.27606
0.298410408,0.141825099,-9.88146118e-06,5.19350682e-05,-0.0913208679,7.26660948,1744.42181
0.298423754,0.0297856156,1.62283594e-05,0.000484114545,-0.0933435683,2.21484144,1744.26127
0.298425219,0.14270714,-9.0113072e-06,4.15180421e-05,-0.0913128366,7.35657357,1744.40728
0.298427729,0.117715008,-1.1979007e-05,0.00040940938,-0.0921026043,5.308924,1744.60687
0.298439036,0.143530013,-8.12378056e-06,3.2661733e-05,-0.0913052378,7.44162029,1744.39329
0.298441303,0.0853696328,-5.42782131e-06,0.000756495531,-0.0927274657,3.79196019,1744.34165
0.298444316,0.0322849924,1.48356654e-05,0.000523319119,-0.0933276579,2.33101715,1744.2493
0.298451926,0.144297686,-7.22517441e-06,2.52206782e-05,-0.0912980159,7.52186301,1744.37989
0.298462597,0.120214384,-1.17587209e-05,0.000364841644,-0.0920873419,5.47565118,1744.62498
0.298463952,0.145013864,-6.32232114e-06,1.90535481e-05,-0.0912911182,7.59742158,1744.36713
0.298466357,0.0349640862,1.3316596e-05,0.000560791952,-0.0933117997,2.44343786,1744.24068
0.29847517,0.145681998,-5.42403729e-06,1.40253331e-05,-0.0912844934,7.66843017,1744.35503
0.298485637,0.146305314,-4.54001922e-06,1.00035339e-05,-0.0912780921,7.73501324,1744.34358
0.298489982,0.0378358195,1.17015661e-05,0.000595611343,-0.0932960882,2.55182372,1744.23592
0.298492712,0.0900387783,-6.18085515e-06,0.000700317163,-0.0927096834,3.95400297,1744.40119
0.298495126,0.1225461,-1.15010537e-05,0.000323895628,-0.0920731354,5.63834996,1744.63739
0.298495401,0.146886817,-3.68289777e-06,6.86470446e-06,-0.0912718651,7.79734123,1744.33277
0.29850451,0.147429312,-2.8658289e-06,4.48096738e-06,-0.0912657628,7.85551708,1744.32258
0.298513008,0.147935415,-2.10828386e-06,2.74781758e-06,-0.0912597342,7.90981433,1744.31298
0.298515306,0.040914044,1.00245194e-05,0.000626799132,-0.0932806134,2.65620319,1744.23553
0.298520936,0.148407569,-1.42727534e-06,1.52830796e-06,-0.0912537255,7.96015606,1744.30393
0.298525474,0.124721401,-1.12130525e-05,0.000286401555,-0.0920599536,5.79655845,1744.6447
0.298528332,0.14884805,-8.52611727e-07,7.63076353e-07,-0.0912476794,8.00714784,1744.29538
0.298535233,0.149258983,-3.95814998e-07,2.07050758e-07,-0.091241536,8.04980012,1744.2873
0.298540673,0.0943947116,-6.70119696e-06,0.000644239954,-0.0926927704,4.12069194,1744.45643
0.29854167,0.14964235,-1.09628719e-07,2.35045298e-07,-0.0912352363,8.09091478,1744.27964
0.298542451,0.0442136074,8.32181202e-06,0.000653338413,-0.0932654541,2.75695654,1744.24
0.298547675,0.15,0,0,-0.0912287135,8.11137336,1744.27234
0.298553785,0.12675078,-1.08993758e-05,0.000252175541,-0.0920477553,5.94992786,1744.64761
0.298571548,0.0477504251,6.63053674e-06,0.000674207442,-0.0932506708,2.8549523,1744.24975
0.298580198,0.128644026,-1.05628551e-05,0.000221028721,-0.0920364917,6.0982062,1744.64677
0.298585416,0.0984584434,-7.04601335e-06,0.000589485246,-0.0926766497,4.29108382,1744.50693
0.298602737,0.0515415566,4.96402093e-06,0.000688406052,-0.0932362962,2.95150319,1744.26516
0.298604838,0.13041027,-1.02050244e-05,0.000192773185,-0.0920261083,6.24122302,1744.64287
0.298627158,0.102249575,-7.25724288e-06,0.000536855543,-0.0926613001,4.4640841,1744.55238
0.298627826,0.132058033,-9.82656177e-06,0.000167225778,-0.0920165469,6.37887315,1744.63651
0.298636169,0.0556052884,3.37328856e-06,0.000694986134,-0.0932223262,3.04868007,1744.28652
0.298649272,0.133595261,-9.42778138e-06,0.000144209924,-0.0920077468,6.51110477,1744.62826
0.2986661,0.105786393,-7.36530974e-06,0.000486863428,-0.0926467284,4.63852194,1744.59255
0.298669279,0.13502937,-9.00869892e-06,0.000123556165,-0.0919996467,6.63790383,1744.6186
0.298672005,0.0599612217,1.91441182e-06,0.000693100201,-0.0932087092,3.14939808,1744.31402
0.298687944,0.136367278,-8.56926174e-06,0.00010510315,-0.0919921856,6.75928747,1744.60797
0.298702429,0.109085956,-7.39407196e-06,0.000439807911,-0.0926329514,4.81324583,1744.6273
0.298705357,0.137615437,-8.10994348e-06,8.86965943e-05,-0.0919853036,6.87529447,1744.59673
0.298710417,0.0646303672,5.94246522e-07,0.00068201551,-0.0931953371,3.25729763,1744.34775
0.298721601,0.138779867,-7.6311403e-06,7.41887703e-05,-0.0919789426,6.98598124,1744.58515
0.298736321,0.112164181,-7.36173981e-06,0.000395836579,-0.0926199857,4.9871704,1744.65661
0.298736756,0.139866187,-7.13373726e-06,6.14388005e-05,-0.091973047,7.09141491,1744.57349
0.298750895,0.140879634,-6.61928046e-06,5.03114489e-05,-0.0919675637,7.19167506,1744.56192
0.298751592,0.0696352464,-5.81094204e-07,0.000661177071,-0.0931820367,3.37673194,1744.38766
0.298764085,0.141825099,-6.08960576e-06,4.06762995e-05,-0.0919624425,7.28684645,1744.55059
0.29876794,0.115035914,-7.28269665e-06,0.000354987738,-0.0926078413,5.15931311,1744.68058
0.29877639,0.14270714,-5.54678586e-06,3.24083649e-05,-0.0919576358,7.37702513,1744.5396
0.29878787,0.143530013,-4.99362343e-06,2.53874418e-05,-0.0919530987,7.46230851,1744.52902
0.298795727,0.075,-1.58589576e-06,0.000630272472,-0.093168548,3.51456705,1744.43357
0.298797438,0.117715008,-7.16796474e-06,0.000317222947,-0.092596519,5.32881617,1744.69942
0.298798579,0.144297686,-4.43379256e-06,1.94979679e-05,-0.0919487888,7.54280759,1744.51891
0.298808571,0.145013864,-3.87107417e-06,1.46274642e-05,-0.0919446656,7.61862817,1744.50929
0.298817892,0.145681998,-3.31087825e-06,1.06691431e-05,-0.09194069,7.68990411,1744.50017
0.298819652,0,0,0,-0.0938293706,-0.256935127,1744.82309
0.298821628,0.000357650242,-3.54050336e-07,1.32752854e-07,-0.0938265499,-0.237056853,1744.81791
0.298823747,0.000741017226,-4.32025479e-07,-2.57597434e-07,-0.0938235379,-0.195567828,1744.81232
0.298824957,0.120214384,-7.02587449e-06,0.000282451909,-0.0925860091,5.49495393,1744.71346
0.298826018,0.00115195011,-2.75747399e-07,-1.06095486e-07,-0.0938203248,-0.152111827,1744.8063
0.298826588,0.146305314,-2.75864532e-06,7.51755427e-06,-0.0919368241,7.75674577,1744.49155
0.298828453,0.00159243101,5.80989498e-08,1.10902039e-07,-0.0938168986,-0.104780475,1744.79984
0.298831062,0.00206458457,5.33102413e-07,6.02467191e-07,-0.0938132472,-0.0530149428,1744.79291
0.298833859,0.0025706882,1.12968483e-06,1.50118411e-06,-0.0938093582,0.00323584087,1744.7855
0.2988347,0.146886817,-2.22235923e-06,5.075925e-06,-0.0919330294,7.81932023,1744.48342
0.298836857,0.00311318307,1.82215526e-06,2.94082474e-06,-0.0938052189,0.0640125263,1744.77758
0.298839862,0.0803647536,-2.35376108e-06,0.000592141516,-0.0931554766,3.66550047,1744.48168
0.298840071,0.00369468589,2.57362129e-06,5.04511745e-06,-0.0938008167,0.129274928,1744.76913
0.298842268,0.147429312,-1.70995542e-06,3.2393738e-06,-0.0919292663,7.87770052,1744.47576
0.298843516,0.00431800152,3.33418004e-06,7.93571829e-06,-0.0937961388,0.199282641,1744.76014
0.298847209,0.00498613648,4.07974899e-06,1.17498655e-05,-0.093791173,0.274446287,1744.7506
0.298849329,0.147935415,-1.23515906e-06,1.92860802e-06,-0.0919254923,7.93218829,1744.46854
0.29885063,0.1225461,-6.862543e-06,0.00025055082,-0.0925762927,5.65713453,1744.72312
0.298851167,0.0057023135,4.81308955e-06,1.66242711e-05,-0.0937859072,0.35476442,1744.74049
0.29885541,0.00646998704,5.52846122e-06,2.26823968e-05,-0.0937803301,0.440123971,1744.72981
0.298855916,0.148407569,-8.09522894e-07,1.02330763e-06,-0.0919216595,7.98262227,1744.46174
0.298859958,0.00729285993,6.21329143e-06,3.0040109e-05,-0.0937744314,0.530470433,1744.71855
0.298862061,0.14884805,-4.55175235e-07,4.85074974e-07,-0.0919177124,8.02973028,1744.45531
0.298864833,0.00817490128,6.85413792e-06,3.88072166e-05,-0.0937682021,0.625718058,1744.70673
0.298867794,0.149258983,-1.79125047e-07,7.73052575e-08,-0.0919135857,8.0723015,1744.44921
0.298870058,0.00912036556,7.43908814e-06,4.90831621e-05,-0.0937616349,0.725720141,1744.69437
0.298873142,0.14964235,-2.50390692e-08,1.87138955e-07,-0.0919092046,8.11344359,1744.4434
0.298874581,0.124721401,-6.68223375e-06,0.000221376369,-0.092567342,5.81489113,1744.72888
0.298875659,0.0101338132,7.95785614e-06,6.09526409e-05,-0.0937547246,0.830266615,1744.6815
0.298878132,0.15,0,0,-0.09190448,8.13410075,1744.43783
0.298881036,0.0853696328,-2.90491195e-06,0.000551244646,-0.0931434169,3.8204103,1744.52773
0.298881663,0.0112201325,8.40169884e-06,7.44819543e-05,-0.0937474685,0.939080587,1744.66816
0.298888098,0.0123845633,8.76313601e-06,8.97147351e-05,-0.0937398673,1.0518145,1744.65442
0.298894997,0.0136327222,9.03588406e-06,0.000106667301,-0.0937319251,1.16804652,1744.64035
0.298896925,0.12675078,-6.48774564e-06,0.000194775745,-0.092559122,5.96787102,1744.73127
0.298902391,0.0149706296,9.21497448e-06,0.000125323803,-0.0937236506,1.28727987,1744.62607
0.298910317,0.0164047389,9.29675738e-06,0.000145631058,-0.0937150571,1.40894391,1744.61169
0.29891777,0.128644026,-6.28075635e-06,0.00017059369,-0.0925515926,6.11581902,1744.73081
0.298918813,0.0179419674,9.27895363e-06,0.000167493135,-0.0937061636,1.53239717,1744.59736
0.298919449,0.0900387783,-3.29363958e-06,0.000509335417,-0.0931321407,3.98083572,1744.57102
0.29892792,0.0195897299,9.16079087e-06,0.000190766029,-0.093696995,1.65693396,1744.58327
0.298937217,0.13041027,-6.06215753e-06,0.000148677022,-0.0925447093,6.2585622,1744.728
0.298937682,0.0213559743,8.94311293e-06,0.000215252678,-0.0936875828,1.78179639,1744.56962
0.298948145,0.0232492201,8.62854035e-06,0.000240698262,-0.0936779652,1.90618922,1744.55664
0.298955284,0.0943947116,-3.55751245e-06,0.000467691164,-0.0931215164,4.1460995,1744.61112
0.29895536,0.132058033,-5.83230572e-06,0.000128877443,-0.0925384254,6.39599332,1744.72332
0.298959361,0.0252785992,8.22156551e-06,0.000266787176,-0.0936681873,2.02930495,1744.5446
0.298971384,0.0274539002,7.72863277e-06,0.000293140094,-0.0936583005,2.15035005,1744.53378
0.298972285,0.133595261,-5.5913223e-06,0.000111052903,-0.0925326928,6.5280584,1744.71721
0.29898427,0.0297856156,7.15829932e-06,0.000319314885,-0.0936483626,2.26858875,1744.52448
0.298988075,0.13502937,-5.33916249e-06,9.50679221e-05,-0.0925274631,6.65474149,1744.71003
0.298988716,0.0984584434,-3.72773819e-06,0.000427184829,-0.0931114828,4.31522977,1744.64773
0.298998084,0.0322849924,6.5210537e-06,0.000344807437,-0.0936384362,2.38338037,1744.51704
0.299002806,0.136367278,-5.07572451e-06,8.07941334e-05,-0.0925226885,6.77605779,1744.70212
0.299012891,0.0349640862,5.8294849e-06,0.000369058665,-0.0936285872,2.49424948,1744.51178
0.299016549,0.137615437,-4.80119994e-06,6.810946e-05,-0.0925183224,6.89204361,1744.69373
0.299019905,0.102249575,-3.82712919e-06,0.000388381524,-0.0931020186,4.48710994,1744.68063
0.299028762,0.0378358195,5.09796434e-06,0.000391460639,-0.0936188822,2.60092979,1744.50905
0.29902937,0.138779867,-4.51573211e-06,5.68976606e-05,-0.0925143201,7.00275287,1744.6851
0.29904133,0.139866187,-4.21975021e-06,4.70483042e-05,-0.0925106388,7.10824974,1744.67641
0.299045775,0.040914044,4.34268141e-06,0.000411371928,-0.0936093861,2.70346668,1744.50916
0.299049002,0.105786393,-3.87219585e-06,0.000351635213,-0.0930931225,4.66055248,1744.70967
0.299052489,0.140879634,-3.91404686e-06,3.84558301e-05,-0.0925072379,7.20861048,1744.66779
0.299062899,0.141825099,-3.59960696e-06,3.10189573e-05,-0.0925040792,7.30391743,1744.65935
0.299064011,0.0442136074,3.58167916e-06,0.000428129613,-0.0936001574,2.80226114,1744.51242
0.29907261,0.14270714,-3.27754866e-06,2.46409697e-05,-0.0925011266,7.39426108,1744.65116
0.299076147,0.109085956,-3.87585791e-06,0.000317144778,-0.0930848005,4.83439149,1744.73478
0.299081671,0.143530013,-2.94936767e-06,1.92289617e-05,-0.0924983465,7.4797348,1744.6433
0.299083558,0.0477504251,2.83502672e-06,0.000441071925,-0.0935912443,2.89821522,1744.51912
0.299090123,0.144297686,-2.61702705e-06,1.4694192e-05,-0.0924957069,7.56044468,1744.63578
0.299098008,0.145013864,-2.28272532e-06,1.09500428e-05,-0.0924931773,7.63648748,1744.62863
0.299101472,0.112164181,-3.84794817e-06,0.00028499991,-0.0930770584,5.00752959,1744.75596
0.299104511,0.0515415566,2.10961151e-06,0.000449557198,-0.093582679,2.99295765,1744.52948
0.299105365,0.145681998,-1.94944311e-06,7.91489534e-06,-0.0924907287,7.70799343,1744.62185
0.299112228,0.146305314,-1.62008577e-06,5.50738006e-06,-0.092488332,7.77506033,1744.61546
0.29911863,0.146886817,-1.29960532e-06,3.65437148e-06,-0.0924859583,7.837854,1744.60942
0.299124603,0.147429312,-9.92478738e-07,2.27262131e-06,-0.0924835766,7.89642513,1744.60374
0.299125097,0.115035914,-3.79621191e-06,0.000255211962,-0.0930698975,5.17897386,1744.77327
0.29912697,0.0556052884,1.38974162e-06,0.00045298017,-0.0935744724,3.0882183,1744.54368
0.299130176,0.147935415,-7.06598837e-07,1.30452494e-06,-0.0924811525,7.9510934,1744.59839
0.299135374,0.148407569,-4.4965855e-07,6.4953947e-07,-0.0924786455,8.00166201,1744.59334
0.299140224,0.14884805,-2.37752101e-07,2.84387219e-07,-0.0924760047,8.04885296,1744.58856
0.299144749,0.149258983,-7.58787839e-08,-1.46943714e-08,-0.0924731628,8.09144892,1744.58402
0.299147137,0.117715008,-3.72656191e-06,0.000227737838,-0.0930633126,5.34785773,1744.78691
0.29914897,0.14964235,6.60633411e-10,1.58358552e-07,-0.0924700313,8.13261444,1744.57967
0.299151045,0.0599612217,7.19590967e-07,0.00045081079,-0.093566608,3.18665375,1744.56184
0.299152907,0.15,0,0,-0.0924664971,8.15330559,1744.57547
0.299167699,0.120214384,-3.64345246e-06,0.000202498177,-0.0930572917,5.51344829,1744.79711
0.29917685,0.0646303672,1.37106901e-07,0.000442601457,-0.0935590374,3.29230934,1744.584
0.299186882,0.1225461,-3.5501405e-06,0.000179390716,-0.0930518161,5.67514769,1744.80418
0.299204511,0.0696352464,-3.8786957e-07,0.0004280227,-0.0935516762,3.40952262,1744.61011
0.299204778,0.124721401,-3.44888418e-06,0.000158300464,-0.0930468614,5.83248429,1744.80848
0.299221474,0.12675078,-3.34115431e-06,0.00013910692,-0.0930423988,5.9851016,1744.81039
0.299234161,0.075,-8.26949105e-07,0.000406909821,-0.0935443919,3.54506754,1744.64005
0.299237049,0.128644026,-3.22781995e-06,0.000121689136,-0.093038396,6.13274145,1744.81027
0.29925158,0.13041027,-3.10933459e-06,0.000105928903,-0.0930348183,6.27522863,1744.8085
0.299263811,0.0803647536,-1.14773094e-06,0.000381218964,-0.0935375048,3.69382811,1744.67132
0.299265136,0.132058033,-2.98587227e-06,9.1712662e-05,-0.0930316299,6.41245408,1744.80542
0.299277782,0.133595261,-2.85746497e-06,7.89324388e-05,-0.0930287943,6.54436201,1744.80132
0.29928958,0.13502937,-2.72405276e-06,6.74859717e-05,-0.0930262755,6.67093478,1744.79649
0.299291472,0.0853696328,-1.3776501e-06,0.000353922913,-0.0935312983,3.84692165,1744.70116
0.299300587,0.136367278,-2.58554526e-06,5.72769534e-05,-0.0930240384,6.79218594,1744.79113
0.299310856,0.137615437,-2.44200018e-06,4.82143935e-05,-0.0930220489,6.90814985,1744.78545
0.299317277,0.0900387783,-1.53752836e-06,0.000326146161,-0.0935256218,4.00576572,1744.72914
0.299320435,0.138779867,-2.29344183e-06,4.0212223e-05,-0.0930202748,7.01887837,1744.7796
0.299329372,0.139866187,-2.14005159e-06,3.31891254e-05,-0.0930186856,7.12443351,1744.77371
0.29933771,0.140879634,-1.98217265e-06,2.70678258e-05,-0.0930172525,7.22488863,1744.76787
0.299341351,0.0943947116,-1.64210135e-06,0.00029870233,-0.0935203857,4.16964013,1744.75498
0.299345488,0.141825099,-1.82022112e-06,2.17746439e-05,-0.0930159488,7.32032281,1744.76215
0.299352744,0.14270714,-1.65471049e-06,1.72396111e-05,-0.0930147496,7.41082304,1744.75662
0.299359514,0.143530013,-1.48633894e-06,1.3395741e-05,-0.0930136316,7.49647878,1744.7513
0.299363811,0.0984584434,-1.70591792e-06,0.000272139736,-0.0935155452,4.33754034,1744.77852
0.29936583,0.144297686,-1.31604354e-06,1.01794946e-05,-0.0930125732,7.5773915,1744.74623
0.299371722,0.145013864,-1.1448768e-06,7.5289257e-06,-0.0930115537,7.65365569,1744.74141
0.299377218,0.145681998,-9.74108742e-07,5.38633467e-06,-0.0930105535,7.72539275,1744.73686
0.299382346,0.146305314,-8.05169773e-07,3.69338776e-06,-0.0930095531,7.79269076,1744.73255
0.299384763,0.102249575,-1.73919336e-06,0.000246806136,-0.093511081,4.50832796,1744.79964
0.29938713,0.146886817,-6.40703081e-07,2.39933226e-06,-0.0930085328,7.8557132,1744.7285
0.299391593,0.147429312,-4.82990705e-07,1.44324087e-06,-0.0930074713,7.91449485,1744.72469
0.299395757,0.147935415,-3.3627996e-07,7.8740924e-07,-0.0930063442,7.96932425,1744.72111
0.299399641,0.148407569,-2.03041853e-07,3.54139896e-07,-0.0930051213,8.02001062,1744.71772
0.299403265,0.14884805,-9.41755816e-08,1.34970848e-07,-0.0930037614,8.06726177,1744.71452
0.299404311,0.105786393,-1.74892593e-06,0.000222913057,-0.0935069863,4.6808015,1744.81824
0.299406646,0.149258983,-8.91163815e-09,-7.84422944e-08,-0.0930022031,8.10989794,1744.71147
0.2994098,0.14964235,1.37623258e-08,1.38829874e-07,-0.0930003476,8.15115763,1744.70853
0.299412742,0.15,0,0,-0.0929980254,8.17190863,1744.70564
0.299422547,0.109085956,-1.7408633e-06,0.000200572492,-0.0935032587,4.85378108,1744.83431
0.29942613,0,0,0,-0.0940198048,-0.20923125,1744.91399
0.299427106,0.000357650242,1.07549362e-07,1.36867169e-07,-0.0940184403,-0.189291783,1744.91151
0.299428151,0.000741017226,1.18780999e-07,-2.86341561e-07,-0.0940169833,-0.14777046,1744.90881
0.299429272,0.00115195011,1.47995726e-07,-2.49218399e-07,-0.0940154292,-0.104374484,1744.90591
0.299430474,0.00159243101,2.44585388e-07,-2.50563751e-07,-0.0940137721,-0.0570181757,1744.90278
0.299431762,0.00206458457,4.13538928e-07,-1.21846918e-07,-0.0940120063,-0.00517364761,1744.89942
0.299433142,0.0025706882,6.42035416e-07,2.14764435e-07,-0.0940101258,0.0512048892,1744.89583
0.299434622,0.00311318307,8.89165668e-07,8.35031302e-07,-0.0940081245,0.112233089,1744.89199
0.299436208,0.00369468589,1.10090421e-06,1.80628583e-06,-0.0940059964,0.177972358,1744.8879
0.299437909,0.00431800152,1.28095545e-06,3.19162377e-06,-0.0940037353,0.248730349,1744.88354
0.299439559,0.112164181,-1.7194478e-06,0.000179826943,-0.093499896,5.02615708,1744.84785
0.299439731,0.00498613648,1.48291633e-06,5.06640777e-06,-0.0940013354,0.324663288,1744.87892
0.299441685,0.0057023135,1.70930607e-06,7.49315627e-06,-0.0939987909,0.405666718,1744.87402
0.299443778,0.00646998704,1.93649555e-06,1.05260852e-05,-0.0939960965,0.491683191,1744.86884
0.299446023,0.00729285993,2.15394341e-06,1.42214432e-05,-0.0939932472,0.582654898,1744.86338
0.299448429,0.00817490128,2.35609107e-06,1.86313989e-05,-0.093990239,0.678486833,1744.85766
0.299451008,0.00912036556,2.5389771e-06,2.38026627e-05,-0.0939870684,0.77901821,1744.85167
0.299453772,0.0101338132,2.6995097e-06,2.9773912e-05,-0.093983733,0.884025057,1744.84543
0.299455431,0.115035914,-1.6881823e-06,0.000160669509,-0.0934968932,5.19692584,1744.85894
0.299456736,0.0112201325,2.83524849e-06,3.65743671e-05,-0.0939802318,0.993216506,1744.83897
0.299459912,0.0123845633,2.94424527e-06,4.42217632e-05,-0.0939765653,1.10623167,1744.83232
0.299463317,0.0136327222,3.02486419e-06,5.27201196e-05,-0.0939727359,1.22263683,1744.82551
0.299466966,0.0149706296,3.07580765e-06,6.20573919e-05,-0.093968748,1.34192463,1744.8186
0.299470238,0.117715008,-1.6497313e-06,0.000143059457,-0.0934942414,5.36521171,1744.86769
0.299470878,0.0164047389,3.09615429e-06,7.22029933e-05,-0.0939646085,1.46351491,1744.81165
0.299475071,0.0179419674,3.08538192e-06,8.31051984e-05,-0.0939603268,1.58675803,1744.80472
0.299479566,0.0195897299,3.04341012e-06,9.4688533e-05,-0.0939559157,1.71094159,1744.79792
0.299484051,0.120214384,-1.60609136e-06,0.000126933986,-0.0934919278,5.53027419,1744.87427
0.299484384,0.0213559743,2.97064678e-06,0.000106851427,-0.0939513908,1.83530249,1744.79132
0.299489548,0.0232492201,2.86803219e-06,0.000119463977,-0.0939467713,1.95904199,1744.78507
0.299495084,0.0252785992,2.73707224e-06,0.000132366593,-0.0939420795,2.08135097,1744.77926
0.299496938,0.1225461,-1.55871219e-06,0.000112216836,-0.0934899357,5.69150921,1744.87889
0.299501017,0.0274539002,2.57984671e-06,0.000145368623,-0.0939373412,2.20143635,1744.77406
0.299507378,0.0297856156,2.39906899e-06,0.000158249058,-0.0939325852,2.31856505,1744.7696
0.29950896,0.124721401,-1.50859079e-06,9.88248032e-05,-0.0934882454,5.84844017,1744.88178
0.299514195,0.0322849924,2.19793355e-06,0.000170756991,-0.0939278429,2.4321018,1744.76605
0.299520176,0.12675078,-1.45636894e-06,8.66723235e-05,-0.0934868348,6.00070671,1744.88317
0.299521503,0.0349640862,1.98031227e-06,0.000182615407,-0.093923147,2.54157876,1744.76356
0.299529337,0.0378358195,1.75078766e-06,0.000193524238,-0.0939185314,2.64673856,1744.7623
0.29953064,0.128644026,-1.40241791e-06,7.56746538e-05,-0.09348568,6.14804766,1744.88332
0.299537733,0.040914044,1.51478844e-06,0.0002031683,-0.0939140286,2.74763642,1744.76242
0.299540402,0.13041027,-1.34692483e-06,6.574983e-05,-0.0934847564,6.29028555,1744.88244
0.299546733,0.0442136074,1.27930856e-06,0.000211223208,-0.0939096687,2.84467915,1744.76409
0.299549508,0.132058033,-1.28981918e-06,5.68197896e-05,-0.093484039,6.42731084,1744.88075
0.299556381,0.0477504251,1.05547876e-06,0.000217367595,-0.0939054771,2.93876084,1744.76742
0.299558004,0.133595261,-1.23109126e-06,4.88109143e-05,-0.093483503,6.55906622,1744.87845
0.29956593,0.13502937,-1.17083185e-06,4.16540232e-05,-0.0934831242,6.68553135,1744.87569
0.299566722,0.0515415566,8.96988604e-07,0.000221289856,-0.0939014718,3.03138072,1744.77252
0.299573325,0.136367278,-1.10900308e-06,3.52844297e-05,-0.0934828794,6.80671822,1744.87262
0.299577807,0.0556052884,7.01232538e-07,0.000222695965,-0.0938976607,3.12468401,1744.7795
0.299580223,0.137615437,-1.04560469e-06,2.96414848e-05,-0.0934827467,6.92265952,1744.86935
0.299586658,0.138779867,-9.80619033e-07,2.46682681e-05,-0.0934827054,7.03340549,1744.86599
0.299589689,0.0599612217,4.50618867e-07,0.000221337989,-0.0938940396,3.22136075,1744.78839
0.299592662,0.139866187,-9.14096955e-07,2.03113928e-05,-0.0934827365,7.13901629,1744.8626
0.299598264,0.140879634,-8.46148484e-07,1.65205115e-05,-0.0934828222,7.23956284,1744.85924
0.299602425,0.0646303672,2.54395704e-07,0.000217007214,-0.0938905893,3.32508163,1744.79922
0.299603489,0.141825099,-7.76910946e-07,1.32479949e-05,-0.0934829463,7.33512158,1744.85596
0.299608364,0.14270714,-7.0656473e-07,1.04489668e-05,-0.093483094,7.42577673,1744.85279
0.299612912,0.143530013,-6.35350356e-07,8.0807113e-06,-0.0934832515,7.5116142,1744.84975
0.299616077,0.0696352464,7.16682895e-08,0.00020955001,-0.0938872748,3.44038352,1744.81196
0.299617154,0.144297686,-5.63606376e-07,6.10307292e-06,-0.0934834063,7.59273136,1744.84686
0.299621113,0.145013864,-4.91728672e-07,4.47703599e-06,-0.0934835469,7.66921962,1744.84411
0.299624805,0.145681998,-4.20189786e-07,3.16682329e-06,-0.0934836621,7.74119382,1744.84152
0.29962825,0.146305314,-3.49484035e-07,2.13576775e-06,-0.0934837412,7.80873682,1744.83909
0.299630711,0.075,-8.85738455e-08,0.000198898437,-0.0938840385,3.5739706,1744.82654
0.299631464,0.146886817,-2.80670731e-07,1.35338387e-06,-0.0934837732,7.87200564,1744.8368
0.299634462,0.147429312,-2.14826758e-07,7.80509895e-07,-0.0934837461,7.93102932,1744.83465
0.299637259,0.147935415,-1.55622294e-07,3.97098056e-07,-0.0934836458,7.9861003,1744.83263
0.299639869,0.148407569,-1.02214683e-07,1.48887565e-07,-0.093483454,8.03698107,1744.83073
0.299642303,0.14884805,-5.97347631e-08,4.40059184e-08,-0.0934831439,8.08437492,1744.82893
0.299644574,0.149258983,-1.98544134e-08,-1.05086479e-07,-0.0934826704,8.12692177,1744.82721
0.299645345,0.0803647536,-2.1207387e-07,0.000186042894,-0.0938810198,3.72088751,1744.84175
0.299646693,0.14964235,-1.65041756e-08,1.22050964e-07,-0.0934819442,8.16840261,1744.82554
0.29964867,0.15,0,0,-0.0934807492,8.18949283,1744.82386
0.299658997,0.0853696328,-3.0088422e-07,0.000172459583,-0.093878336,3.8724027,1744.85625
0.299671733,0.0900387783,-3.65922058e-07,0.000158693252,-0.0938759145,4.02985957,1744.86983
0.299683615,0.0943947116,-4.11389559e-07,0.000145136661,-0.0938737107,4.1924995,1744.88236
0.2996947,0.0984584434,-4.4291761e-07,0.000132052041,-0.0938717018,4.35929965,1744.89377
0.299705041,0.102249575,-4.63796875e-07,0.000119603525,-0.0938698773,4.52910366,1744.90398
0.299714688,0.105786393,-4.75691006e-07,0.000107889069,-0.0938682327,4.70069198,1744.91298
0.299723689,0.109085956,-4.80499694e-07,9.69584239e-05,-0.0938667655,4.87287245,1744.92075
0.299732085,0.112164181,-4.79848193e-07,8.68278627e-05,-0.0938654735,5.04452622,1744.9273
0.299739919,0.115035914,-4.75063529e-07,7.74899777e-05,-0.0938643529,5.21464177,1744.93266
0.299747227,0.117715008,-4.67176799e-07,6.89212882e-05,-0.0938633985,5.38233686,1744.93689
0.299754044,0.120214384,-4.56973617e-07,6.10879712e-05,-0.0938626027,5.54686539,1744.94009
0.299760405,0.1225461,-4.45036343e-07,5.39500395e-05,-0.0938619567,5.70761856,1744.94234
0.299766338,0.124721401,-4.31778894e-07,4.74644987e-05,-0.0938614501,5.86411594,1744.94376
0.299771874,0.12675078,-4.17481874e-07,4.15875561e-05,-0.0938610713,6.01599396,1744.94448
0.299777038,0.128644026,-4.02323222e-07,3.62761426e-05,-0.0938608082,6.16298888,1744.94459
0.299781856,0.13041027,-3.86408655e-07,3.14888428e-05,-0.0938606483,6.30492108,1744.94422
0.299786351,0.132058033,-3.69531408e-07,2.71863922e-05,-0.0938605791,6.44167703,1744.94347
0.299790544,0.133595261,-3.51710508e-07,2.333192e-05,-0.0938605883,6.57319754,1744.94242
0.299794456,0.13502937,-3.33221198e-07,1.98909337e-05,-0.0938606641,6.69946292,1744.94116
0.299798105,0.136367278,-3.14106071e-07,1.68313141e-05,-0.0938607949,6.82048408,1744.93975
0.29980151,0.137615437,-2.94377965e-07,1.4123063e-05,-0.0938609702,6.9362921,1744.93825
0.299804686,0.138779867,-2.74042376e-07,1.17381411e-05,-0.0938611801,7.04693574,1744.9367
0.299807649,0.139866187,-2.53126859e-07,9.65034979e-06,-0.0938614153,7.15247356,1744.93514
0.299810414,0.140879634,-2.31674262e-07,7.83507684e-06,-0.0938616674,7.25297462,1744.93359
0.299812993,0.141825099,-2.0973524e-07,6.26912794e-06,-0.0938619288,7.3485134,1744.93209
0.299815399,0.14270714,-1.87373099e-07,4.93074421e-06,-0.0938621925,7.43917214,1744.93063
0.299817643,0.143530013,-1.64671533e-07,3.79925935e-06,-0.0938624521,7.52503451,1744.92924
0.299819737,0.144297686,-1.41741585e-07,2.85536439e-06,-0.0938627019,7.60619526,1744.92791
0.299821691,0.145013864,-1.18704474e-07,2.08027538e-06,-0.0938629365,7.68274286,1744.92666
0.299823513,0.145681998,-9.57091183e-08,1.45701472e-06,-0.0938631511,7.75478883,1744.92548
0.299825214,0.146305314,-7.29007676e-08,9.67844667e-07,-0.0938633406,7.82241251,1744.92437
0.2998268,0.146886817,-5.0564714e-08,5.98808236e-07,-0.0938635001,7.88576572,1744.92332
0.29982828,0.147429312,-2.9044926e-08,3.30155238e-07,-0.0938636242,7.94487345,1744.92235
0.29982966,0.147935415,-9.99374864e-09,1.54646731e-07,-0.0938637065,8.00004849,1744.92143
0.299830948,0.148407569,6.12415818e-09,4.16124685e-08,-0.0938637381,8.05102967,1744.92056
0.29983215,0.14884805,1.96526567e-08,7.55956242e-09,-0.093863706,8.09856161,1744.91974
0.299833271,0.149258983,3.00435571e-08,-9.05430952e-08,-0.0938635866,8.14089085,1744.91896
0.299834316,0.14964235,4.64864468e-08,1.12777511e-07,-0.0938633256,8.18221254,1744.9182
0.299835292,0.15,0,0,-0.093862749,8.20341779,1744.91741
0.3,0,0,0,-0.0941654077,-0.184930934,1744.98349
0.3,0.000357650242,0,0,-0.0942,-0.164980951,1745
0.3,0.000741017226,0,0,-0.0942,-0.123618025,1745
0.3,0.00115195011,0,0,-0.0942,-0.0802269417,1745
0.3,0.00159243101,0,0,-0.0942,-0.0326378264,1745
0.3,0.00206458457,0,0,-0.0942,0.0191146087,1745
0.3,0.0025706882,0,0,-0.0942,0.0752409463,1745
0.3,0.00311318307,0,0,-0.0942,0.136179464,1745
0.3,0.00369468589,0,0,-0.0942,0.202337855,1745
0.3,0.00431800152,0,0,-0.0942,0.273766544,1745
0.3,0.00498613648,0,0,-0.0942,0.350023098,1745
0.3,0.0057023135,0,0,-0.0942,0.431112939,1745
0.3,0.00646998704,0,0,-0.0942,0.517206391,1745
0.3,0.00729285993,0,0,-0.0942,0.60826171,1745
0.3,0.00817490128,0,0,-0.0942,0.704177247,1745
0.3,0.00912036556,0,0,-0.0942,0.804784507,1745
0.3,0.0101338132,0,0,-0.0942,0.909852361,1745
0.3,0.0112201325,0,0,-0.0942,1.01908282,1745
0.3,0.0123845633,0,0,-0.0942,1.132108,1745
0.3,0.0136327222,0,0,-0.0942,1.24848815,1745
0.3,0.0149706296,0,0,-0.0942,1.3677108,1745
0.3,0.0164047389,0,0,-0.0942,1.48919135,1745
0.3,0.0179419674,0,0,-0.0942,1.61227629,1745
0.3,0.0195897299,0,0,-0.0942,1.73625002,1745
0.3,0.0213559743,0,0,-0.0942,1.86034683,1745
0.3,0.0232492201,0,0,-0.0942,1.98376609,1745
0.3,0.0252785992,0,0,-0.0942,2.10569749,1745
0.3,0.0274539002,0,0,-0.0942,2.22534761,1745
0.3,0.0297856156,0,0,-0.0942,2.34198389,1745
0.3,0.0322849924,0,0,-0.0942,2.45497303,1745
0.3,0.0349640862,0,0,-0.0942,2.5638498,1745
0.3,0.0378358195,0,0,-0.0942,2.66835929,1745
0.3,0.040914044,0,0,-0.0942,2.76855806,1745
0.3,0.0442136074,0,0,-0.0942,2.86484913,1745
0.3,0.0477504251,0,0,-0.0942,2.95809987,1745
0.3,0.0515415566,0,0,-0.0942,3.04937039,1745
0.3,0.0556052884,0,0,-0.0942,3.14150383,1745
0.3,0.0599612217,0,0,-0.0942,3.23752834,1745
0.3,0.0646303672,0,0,-0.0942,3.34039418,1745
0.3,0.0696352464,0,0,-0.0942,3.45479687,1745
0.3,0.075,0,0,-0.0942,3.58751407,1745
0.3,0.0803647536,0,0,-0.0942,3.73372556,1745
0.3,0.0853696328,0,0,-0.0942,3.88459256,1745
0.3,0.0900387783,0,0,-0.0942,4.04146794,1745
0.3,0.0943947116,0,0,-0.0942,4.20358427,1745
0.3,0.0984584434,0,0,-0.0942,4.36991836,1745
0.3,0.102249575,0,0,-0.0942,4.5393069,1745
0.3,0.105786393,0,0,-0.0942,4.71051887,1745
0.3,0.109085956,0,0,-0.0942,4.88235642,1745
0.3,0.112164181,0,0,-0.0942,5.05369734,1745
0.3,0.115035914,0,0,-0.0942,5.22352719,1745
0.3,0.117715008,0,0,-0.0942,5.39096131,1745
0.3,0.120214384,0,0,-0.0942,5.55525141,1745
0.3,0.1225461,0,0,-0.0942,5.71578682,1745
0.3,0.124721401,0,0,-0.0942,5.8720854,1745
0.3,0.12675078,0,0,-0.0942,6.02378221,1745
0.3,0.128644026,0,0,-0.0942,6.17061227,1745
0.3,0.13041027,0,0,-0.0942,6.31239492,1745
0.3,0.132058033,0,0,-0.0942,6.44901277,1745
0.3,0.133595261,0,0,-0.0942,6.58040555,1745
0.3,0.13502937,0,0,-0.0942,6.70655568,1745
0.3,0.136367278,0,0,-0.0942,6.82747384,1745
0.3,0.137615437,0,0,-0.0942,6.94319037,1745
0.3,0.138779867,0,0,-0.0942,7.05375338,1745
0.3,0.139866187,0,0,-0.0942,7.15922077,1745
0.3,0.140879634,0,0,-0.0942,7.25966089,1745
0.3,0.141825099,0,0,-0.0942,7.35514755,1745
0.3,0.14270714,0,0,-0.0942,7.4457623,1745
0.3,0.143530013,0,0,-0.0942,7.5315881,1745
0.3,0.144297686,0,0,-0.0942,7.61271889,1745
0.3,0.145013864,0,0,-0.0942,7.68924229,1745
0.3,0.145681998,0,0,-0.0942,7.76126905,1745
0.3,0.146305314,0,0,-0.0942,7.82887721,1745
0.3,0.146886817,0,0,-0.0942,7.89221647,1745
0.3,0.147429312,0,0,-0.0942,7.95130764,1745
0.3,0.147935415,0,0,-0.0942,8.00645504,1745
0.3,0.148407569,0,0,-0.0942,8.05742063,1745
0.3,0.14884805,0,0,-0.0942,8.10500647,1745
0.3,0.149258983,0,0,-0.0942,8.14720793,1745
0.3,0.14964235,0,0,-0.0942,8.18826479,1745
0.3,0.15,0,0,-0.0940845363,8.20940351,1744.97172
